{"type":"FeatureCollection","name":"地方振興事務所界","crs":{"type":"name","properties":{"name":"urn:ogc:def:crs:OGC:1.3:CRS84"}},"features":[{"type":"Feature","properties":{"振興事務所":"北部"},"geometry":{"type":"Polygon","coordinates":[[[140.89054,38.51298],[140.72361,38.49535],[140.62585,38.44728],[140.60423,38.48228],[140.56741,38.5013],[140.57196,38.52564],[140.55408,38.54076],[140.57847,38.57009],[140.53747,38.63568],[140.54665,38.6497],[140.60202,38.6406],[140.62442,38.68717],[140.60704,38.72131],[140.6465,38.7691],[140.60353,38.78371],[140.59073,38.83604],[140.54005,38.86189],[140.54712,38.88921],[140.56199,38.87301],[140.61359,38.89391],[140.63916,38.88323],[140.74525,38.95637],[140.81132,38.96459],[140.95786,38.90813],[140.98548,38.87528],[141.09335,38.88786],[141.14012,38.87729],[141.14652,38.85594],[141.10278,38.83063],[141.1424,38.81212],[141.16623,38.73142],[141.12402,38.73103],[141.05529,38.6836],[141.07776,38.67092],[141.08283,38.64543],[141.11082,38.64387],[141.10862,38.62936],[141.16184,38.59838],[141.20079,38.59409],[141.19266,38.58182],[141.22914,38.55702],[141.22655,38.53408],[141.17778,38.53077],[141.16112,38.47585],[141.17577,38.45504],[141.12881,38.43825],[141.12793,38.44989],[141.02592,38.44474],[141.03476,38.46482],[140.97767,38.50382],[140.92493,38.48693],[140.89054,38.51298]]]}},{"type":"Feature","properties":{"振興事務所":"東部"},"geometry":{"type":"MultiPolygon","coordinates":[[[[141.16217,38.30854],[141.16201,38.30837],[141.16194,38.30842],[141.16217,38.30854]]],[[[141.16522,38.31129],[141.16526,38.31113],[141.16518,38.31126],[141.16522,38.31129]]],[[[141.16478,38.31172],[141.16463,38.31185],[141.16465,38.31188],[141.16478,38.31172]]],[[[141.16026,38.31317],[141.16035,38.31305],[141.16026,38.31304],[141.16026,38.31317]]],[[[141.1634,38.31334],[141.16326,38.31345],[141.1634,38.31351],[141.1634,38.31334]]],[[[141.16378,38.3137],[141.16366,38.31377],[141.16378,38.31379],[141.16378,38.3137]]],[[[141.16213,38.31441],[141.16358,38.31405],[141.16324,38.31345],[141.16213,38.31441]]],[[[141.16229,38.31537],[141.16234,38.3154],[141.16233,38.31537],[141.16229,38.31537]]],[[[141.15915,38.31699],[141.15923,38.31705],[141.1592,38.31699],[141.15915,38.31699]]],[[[141.14083,38.31726],[141.14091,38.31722],[141.14089,38.31719],[141.14083,38.31726]]],[[[141.15467,38.31797],[141.15476,38.31781],[141.15459,38.31788],[141.15467,38.31797]]],[[[141.15914,38.31869],[141.15917,38.31867],[141.15911,38.31867],[141.15914,38.31869]]],[[[141.16053,38.31875],[141.16055,38.31872],[141.16053,38.31871],[141.16053,38.31875]]],[[[141.16052,38.31878],[141.16055,38.31881],[141.16053,38.31878],[141.16052,38.31878]]],[[[141.15529,38.31826],[141.15908,38.31867],[141.16066,38.31863],[141.16147,38.31661],[141.15529,38.31826]]],[[[141.15271,38.32138],[141.15411,38.31947],[141.15335,38.31829],[141.15271,38.32138]]],[[[141.15947,38.32002],[141.15955,38.32],[141.15947,38.32001],[141.15947,38.32002]]],[[[141.14047,38.32067],[141.14093,38.32046],[141.14088,38.32042],[141.14047,38.32067]]],[[[141.17675,38.32095],[141.17676,38.32093],[141.1767,38.32093],[141.17675,38.32095]]],[[[141.15895,38.32095],[141.15892,38.32095],[141.15894,38.32096],[141.15895,38.32095]]],[[[141.159,38.32097],[141.15898,38.32099],[141.159,38.32099],[141.159,38.32097]]],[[[141.17678,38.321],[141.17675,38.32099],[141.17674,38.32101],[141.17678,38.321]]],[[[141.13846,38.32112],[141.13848,38.3211],[141.13847,38.3211],[141.13846,38.32112]]],[[[141.13814,38.32151],[141.1379,38.32129],[141.13808,38.3216],[141.13814,38.32151]]],[[[141.15265,38.32156],[141.1526,38.32146],[141.15255,38.32155],[141.15265,38.32156]]],[[[141.15667,38.32234],[141.15669,38.3223],[141.15666,38.32232],[141.15667,38.32234]]],[[[141.13978,38.32223],[141.13993,38.32243],[141.14012,38.32233],[141.13978,38.32223]]],[[[141.15702,38.32248],[141.15705,38.3225],[141.15706,38.32248],[141.15702,38.32248]]],[[[141.17262,38.32263],[141.17262,38.32266],[141.17265,38.32266],[141.17262,38.32263]]],[[[141.17263,38.32282],[141.17257,38.32289],[141.17269,38.3229],[141.17263,38.32282]]],[[[141.1725,38.32286],[141.17256,38.32288],[141.17253,38.32284],[141.1725,38.32286]]],[[[141.14364,38.32285],[141.14359,38.32296],[141.14365,38.32296],[141.14364,38.32285]]],[[[141.17267,38.32292],[141.17263,38.32293],[141.17266,38.32295],[141.17267,38.32292]]],[[[141.17268,38.32294],[141.17269,38.32295],[141.17269,38.32294],[141.17268,38.32294]]],[[[141.17263,38.32299],[141.17262,38.32294],[141.1726,38.32299],[141.17263,38.32299]]],[[[141.1727,38.32296],[141.1727,38.32299],[141.17272,38.32297],[141.1727,38.32296]]],[[[141.1565,38.32291],[141.15635,38.32299],[141.15646,38.32308],[141.1565,38.32291]]],[[[141.17109,38.32305],[141.17112,38.3229],[141.17101,38.32294],[141.17109,38.32305]]],[[[141.1563,38.32301],[141.15635,38.32302],[141.15634,38.323],[141.1563,38.32301]]],[[[141.14168,38.32308],[141.1418,38.32307],[141.14173,38.32303],[141.14168,38.32308]]],[[[141.1709,38.32317],[141.17092,38.32313],[141.17089,38.32314],[141.1709,38.32317]]],[[[141.14208,38.32325],[141.14187,38.32311],[141.14186,38.32318],[141.14208,38.32325]]],[[[141.14362,38.32314],[141.14353,38.32322],[141.14365,38.32326],[141.14362,38.32314]]],[[[141.17259,38.32324],[141.17264,38.32329],[141.17264,38.32323],[141.17259,38.32324]]],[[[141.17245,38.32334],[141.17248,38.32329],[141.17233,38.32326],[141.17245,38.32334]]],[[[141.14396,38.32351],[141.14396,38.32324],[141.14373,38.32341],[141.14396,38.32351]]],[[[141.17231,38.32346],[141.17237,38.32343],[141.1723,38.32342],[141.17231,38.32346]]],[[[141.17022,38.32354],[141.17023,38.32351],[141.1702,38.32352],[141.17022,38.32354]]],[[[141.17147,38.3236],[141.17148,38.32355],[141.17145,38.32358],[141.17147,38.3236]]],[[[141.17013,38.32354],[141.17019,38.32364],[141.17023,38.32361],[141.17013,38.32354]]],[[[141.17155,38.32362],[141.17154,38.32359],[141.17153,38.32364],[141.17155,38.32362]]],[[[141.17147,38.32364],[141.17144,38.3236],[141.17144,38.32363],[141.17147,38.32364]]],[[[141.17037,38.32364],[141.1703,38.32367],[141.1704,38.32367],[141.17037,38.32364]]],[[[141.17158,38.32367],[141.1716,38.32363],[141.17157,38.32362],[141.17158,38.32367]]],[[[141.17041,38.32371],[141.17041,38.32373],[141.17042,38.32372],[141.17041,38.32371]]],[[[141.17225,38.32376],[141.17221,38.32374],[141.17221,38.32377],[141.17225,38.32376]]],[[[141.171,38.32375],[141.17104,38.32375],[141.17102,38.32373],[141.171,38.32375]]],[[[141.1599,38.3238],[141.1599,38.32376],[141.15986,38.32377],[141.1599,38.3238]]],[[[141.17092,38.32384],[141.17102,38.32379],[141.17095,38.32378],[141.17092,38.32384]]],[[[141.17196,38.32388],[141.17193,38.32382],[141.17193,38.32389],[141.17196,38.32388]]],[[[141.17066,38.32392],[141.17064,38.32388],[141.17063,38.32389],[141.17066,38.32392]]],[[[141.17083,38.32397],[141.17077,38.32404],[141.17084,38.324],[141.17083,38.32397]]],[[[141.17079,38.32406],[141.17087,38.32408],[141.17087,38.32402],[141.17079,38.32406]]],[[[141.16706,38.32407],[141.16707,38.32415],[141.16718,38.32411],[141.16706,38.32407]]],[[[141.16701,38.3242],[141.16706,38.32422],[141.16702,38.32417],[141.16701,38.3242]]],[[[141.16714,38.32433],[141.16712,38.32433],[141.16713,38.32434],[141.16714,38.32433]]],[[[141.16708,38.32434],[141.16709,38.32441],[141.16715,38.32438],[141.16708,38.32434]]],[[[141.167,38.32439],[141.16698,38.32437],[141.16697,38.32438],[141.167,38.32439]]],[[[141.1599,38.32472],[141.15991,38.32476],[141.15994,38.32475],[141.1599,38.32472]]],[[[141.14709,38.32519],[141.1475,38.32481],[141.14682,38.32435],[141.14709,38.32519]]],[[[141.15924,38.32494],[141.15926,38.3249],[141.15922,38.32493],[141.15924,38.32494]]],[[[141.15801,38.32497],[141.15798,38.32493],[141.15798,38.32496],[141.15801,38.32497]]],[[[141.15939,38.32503],[141.1594,38.32501],[141.15939,38.325],[141.15939,38.32503]]],[[[141.15932,38.32501],[141.15936,38.32504],[141.15933,38.325],[141.15932,38.32501]]],[[[141.16002,38.32509],[141.16012,38.32512],[141.16016,38.32503],[141.16002,38.32509]]],[[[141.17667,38.32527],[141.17667,38.32531],[141.17674,38.32533],[141.17667,38.32527]]],[[[141.1613,38.32544],[141.16134,38.32549],[141.16136,38.32543],[141.1613,38.32544]]],[[[141.16705,38.32552],[141.16699,38.3257],[141.16707,38.32569],[141.16705,38.32552]]],[[[141.17339,38.32565],[141.17345,38.32568],[141.17344,38.32562],[141.17339,38.32565]]],[[[141.17344,38.32573],[141.17342,38.3257],[141.17341,38.32572],[141.17344,38.32573]]],[[[141.1762,38.32596],[141.17628,38.3257],[141.17623,38.3257],[141.1762,38.32596]]],[[[141.17546,38.32596],[141.17554,38.32584],[141.1754,38.32593],[141.17546,38.32596]]],[[[141.13838,38.32592],[141.1384,38.32596],[141.13841,38.32595],[141.13838,38.32592]]],[[[141.13843,38.32632],[141.13829,38.3259],[141.13797,38.326],[141.13843,38.32632]]],[[[141.17554,38.32624],[141.17551,38.326],[141.17538,38.32621],[141.17554,38.32624]]],[[[141.17529,38.3262],[141.17533,38.3262],[141.17528,38.32618],[141.17529,38.3262]]],[[[141.17517,38.32631],[141.17521,38.32642],[141.17521,38.32632],[141.17517,38.32631]]],[[[141.17244,38.32673],[141.17233,38.3267],[141.17232,38.32671],[141.17244,38.32673]]],[[[141.17228,38.32677],[141.17226,38.3267],[141.17208,38.32677],[141.17228,38.32677]]],[[[141.17208,38.32677],[141.17201,38.3268],[141.17211,38.32679],[141.17208,38.32677]]],[[[141.17294,38.32715],[141.17321,38.32702],[141.17295,38.32686],[141.17294,38.32715]]],[[[141.16614,38.32705],[141.16599,38.32705],[141.16615,38.32705],[141.16614,38.32705]]],[[[141.16055,38.32727],[141.16068,38.32705],[141.16046,38.32703],[141.16055,38.32727]]],[[[141.16125,38.32745],[141.16129,38.3275],[141.16131,38.32747],[141.16125,38.32745]]],[[[141.1633,38.3275],[141.16331,38.32747],[141.16329,38.32747],[141.1633,38.3275]]],[[[141.16338,38.32747],[141.16341,38.32751],[141.16342,38.32748],[141.16338,38.32747]]],[[[141.17128,38.32771],[141.17129,38.32766],[141.17125,38.32767],[141.17128,38.32771]]],[[[141.17113,38.32766],[141.17114,38.32773],[141.17118,38.32767],[141.17113,38.32766]]],[[[141.17089,38.3278],[141.17094,38.32778],[141.17094,38.32777],[141.17089,38.3278]]],[[[141.17083,38.32784],[141.17079,38.32779],[141.17077,38.32784],[141.17083,38.32784]]],[[[141.17104,38.32826],[141.17106,38.32798],[141.17075,38.32791],[141.17104,38.32826]]],[[[141.17079,38.3281],[141.17076,38.32805],[141.17074,38.3281],[141.17079,38.3281]]],[[[141.17078,38.32816],[141.17082,38.32813],[141.17075,38.32812],[141.17078,38.32816]]],[[[141.17171,38.32858],[141.17114,38.32845],[141.17193,38.32881],[141.17171,38.32858]]],[[[141.17049,38.32889],[141.1706,38.32901],[141.17061,38.32901],[141.17049,38.32889]]],[[[141.16899,38.32988],[141.16912,38.32991],[141.16913,38.32987],[141.16899,38.32988]]],[[[141.16912,38.33007],[141.16936,38.33007],[141.16912,38.33006],[141.16912,38.33007]]],[[[141.16985,38.33043],[141.16964,38.33018],[141.16941,38.33012],[141.16985,38.33043]]],[[[141.16793,38.33082],[141.16802,38.33077],[141.16792,38.33076],[141.16793,38.33082]]],[[[141.16804,38.33098],[141.16798,38.33093],[141.16796,38.33096],[141.16804,38.33098]]],[[[141.1681,38.33109],[141.16819,38.33105],[141.16805,38.33107],[141.1681,38.33109]]],[[[141.16823,38.33118],[141.16817,38.33109],[141.16814,38.33112],[141.16823,38.33118]]],[[[141.14717,38.33158],[141.14717,38.33173],[141.14724,38.33175],[141.14717,38.33158]]],[[[141.16758,38.33162],[141.16764,38.33171],[141.16767,38.33168],[141.16758,38.33162]]],[[[141.13595,38.33186],[141.13592,38.33187],[141.13595,38.33187],[141.13595,38.33186]]],[[[141.14781,38.33183],[141.14692,38.33175],[141.14789,38.33192],[141.14781,38.33183]]],[[[141.13592,38.33191],[141.13584,38.33193],[141.13588,38.33195],[141.13592,38.33191]]],[[[141.16754,38.33267],[141.16738,38.33247],[141.16717,38.33251],[141.16754,38.33267]]],[[[141.14195,38.33357],[141.14205,38.33361],[141.14205,38.33351],[141.14195,38.33357]]],[[[141.16892,38.33485],[141.16891,38.33466],[141.16883,38.33484],[141.16892,38.33485]]],[[[141.17462,38.33513],[141.17475,38.33513],[141.17461,38.3351],[141.17462,38.33513]]],[[[141.13274,38.33737],[141.13209,38.33743],[141.13185,38.33815],[141.13274,38.33737]]],[[[141.15051,38.35675],[141.15828,38.35321],[141.15433,38.34799],[141.16284,38.34038],[141.16013,38.34448],[141.16118,38.34465],[141.16088,38.3473],[141.15929,38.34891],[141.15971,38.34952],[141.15883,38.35039],[141.16888,38.35014],[141.16375,38.34714],[141.16683,38.33199],[141.17204,38.3252],[141.17657,38.32562],[141.17669,38.32472],[141.17805,38.3249],[141.17796,38.32406],[141.18051,38.32405],[141.18014,38.32366],[141.18112,38.32346],[141.1809,38.32294],[141.18198,38.32255],[141.18266,38.3215],[141.1772,38.32365],[141.17669,38.3231],[141.17725,38.32138],[141.17821,38.32185],[141.17954,38.32089],[141.17763,38.32128],[141.1782,38.32072],[141.17709,38.31948],[141.17628,38.31985],[141.17698,38.32102],[141.17642,38.32134],[141.17441,38.32059],[141.17488,38.32312],[141.17268,38.32265],[141.17278,38.32277],[141.17275,38.32329],[141.17211,38.32353],[141.17234,38.3239],[141.17069,38.32412],[141.1692,38.32315],[141.16891,38.3262],[141.16506,38.32536],[141.16651,38.32739],[141.16261,38.32794],[141.16147,38.32776],[141.16004,38.3271],[141.15901,38.32604],[141.15887,38.32507],[141.16018,38.32444],[141.15813,38.32514],[141.1572,38.32418],[141.15745,38.32339],[141.15625,38.32458],[141.15424,38.32235],[141.14878,38.3341],[141.14189,38.3341],[141.13783,38.3301],[141.14661,38.32471],[141.14073,38.32475],[141.13936,38.32162],[141.13769,38.32168],[141.13968,38.32729],[141.13638,38.32875],[141.13663,38.33055],[141.13549,38.33288],[141.13491,38.33356],[141.13366,38.33336],[141.1327,38.33406],[141.13459,38.33515],[141.13296,38.33597],[141.1329,38.33746],[141.1315,38.33867],[141.14822,38.33883],[141.15051,38.35675]]],[[[141.14649,38.33967],[141.1472,38.33918],[141.14781,38.33908],[141.14724,38.33889],[141.14649,38.33967]]],[[[141.17269,38.34094],[141.17289,38.34059],[141.1727,38.34023],[141.17269,38.34094]]],[[[141.16819,38.34072],[141.16813,38.34069],[141.16814,38.34073],[141.16819,38.34072]]],[[[141.14692,38.34146],[141.14742,38.34121],[141.14659,38.34107],[141.14692,38.34146]]],[[[141.1729,38.34148],[141.17301,38.34144],[141.17288,38.34145],[141.1729,38.34148]]],[[[141.17307,38.34154],[141.17316,38.34147],[141.17307,38.3415],[141.17307,38.34154]]],[[[141.13883,38.34209],[141.13945,38.34165],[141.13874,38.34189],[141.13883,38.34209]]],[[[141.13854,38.34313],[141.13881,38.34235],[141.13807,38.34294],[141.13854,38.34313]]],[[[141.16916,38.34372],[141.1692,38.34374],[141.1692,38.34372],[141.16916,38.34372]]],[[[141.13815,38.34364],[141.1377,38.34389],[141.13781,38.34407],[141.13815,38.34364]]],[[[141.16045,38.3447],[141.16049,38.3447],[141.16048,38.34468],[141.16045,38.3447]]],[[[141.17193,38.34484],[141.17178,38.34489],[141.17187,38.34495],[141.17193,38.34484]]],[[[141.16425,38.34498],[141.16429,38.34502],[141.1643,38.34499],[141.16425,38.34498]]],[[[141.17228,38.34537],[141.17251,38.34511],[141.17211,38.34526],[141.17228,38.34537]]],[[[141.13646,38.3453],[141.13579,38.34484],[141.13576,38.34688],[141.13646,38.3453]]],[[[141.14134,38.34568],[141.14127,38.34563],[141.14125,38.34568],[141.14134,38.34568]]],[[[141.14637,38.34567],[141.14644,38.34569],[141.14645,38.34566],[141.14637,38.34567]]],[[[141.17689,38.34609],[141.17668,38.34627],[141.17693,38.34632],[141.17689,38.34609]]],[[[141.16525,38.34627],[141.16527,38.34625],[141.16521,38.34626],[141.16525,38.34627]]],[[[141.16522,38.34627],[141.16523,38.34628],[141.16525,38.34628],[141.16522,38.34627]]],[[[141.16512,38.34632],[141.16512,38.34629],[141.16511,38.3463],[141.16512,38.34632]]],[[[141.16523,38.34632],[141.16526,38.34635],[141.16528,38.34634],[141.16523,38.34632]]],[[[141.17214,38.34687],[141.17195,38.34562],[141.17179,38.34707],[141.17214,38.34687]]],[[[141.17225,38.34653],[141.17231,38.34656],[141.17229,38.3465],[141.17225,38.34653]]],[[[141.16599,38.3466],[141.16594,38.34658],[141.16595,38.34663],[141.16599,38.3466]]],[[[141.16587,38.34666],[141.16592,38.34656],[141.16584,38.34662],[141.16587,38.34666]]],[[[141.17234,38.34664],[141.17237,38.34664],[141.17234,38.34662],[141.17234,38.34664]]],[[[141.17645,38.34686],[141.17646,38.3468],[141.17642,38.34685],[141.17645,38.34686]]],[[[141.1762,38.34679],[141.1763,38.34698],[141.17626,38.34676],[141.1762,38.34679]]],[[[141.17649,38.34692],[141.17644,38.34691],[141.17642,38.34693],[141.17649,38.34692]]],[[[141.17627,38.34709],[141.17631,38.34709],[141.17628,38.34707],[141.17627,38.34709]]],[[[141.1763,38.34721],[141.17631,38.34716],[141.17628,38.34716],[141.1763,38.34721]]],[[[141.13422,38.34768],[141.13567,38.34691],[141.13401,38.34751],[141.13422,38.34768]]],[[[141.1762,38.34736],[141.1759,38.34745],[141.17603,38.34758],[141.1762,38.34736]]],[[[141.16874,38.34781],[141.16879,38.34783],[141.16881,38.34782],[141.16874,38.34781]]],[[[141.17501,38.34788],[141.17507,38.34781],[141.175,38.34778],[141.17501,38.34788]]],[[[141.16875,38.34788],[141.1688,38.34787],[141.1688,38.34787],[141.16875,38.34788]]],[[[141.16867,38.34793],[141.16864,38.34796],[141.16868,38.34796],[141.16867,38.34793]]],[[[141.16935,38.34795],[141.16942,38.34796],[141.16935,38.34793],[141.16935,38.34795]]],[[[141.16936,38.34803],[141.16937,38.34801],[141.16935,38.34803],[141.16936,38.34803]]],[[[141.16932,38.34804],[141.16933,38.34802],[141.16931,38.34802],[141.16932,38.34804]]],[[[141.1437,38.34824],[141.14368,38.34827],[141.14373,38.34827],[141.1437,38.34824]]],[[[141.17027,38.34889],[141.1702,38.34915],[141.17026,38.34915],[141.17027,38.34889]]],[[[141.17023,38.3495],[141.17033,38.34923],[141.1702,38.34948],[141.17023,38.3495]]],[[[141.15932,38.3498],[141.15935,38.34982],[141.15938,38.34977],[141.15932,38.3498]]],[[[141.16993,38.35033],[141.16987,38.35024],[141.16985,38.35032],[141.16993,38.35033]]],[[[141.16839,38.3505],[141.16867,38.35055],[141.16843,38.35042],[141.16839,38.3505]]],[[[141.15906,38.35053],[141.1591,38.35057],[141.15911,38.35054],[141.15906,38.35053]]],[[[141.15924,38.35058],[141.15917,38.35062],[141.15924,38.35064],[141.15924,38.35058]]],[[[141.14167,38.35067],[141.14144,38.35056],[141.14138,38.35061],[141.14167,38.35067]]],[[[141.17623,38.35094],[141.17633,38.3509],[141.17626,38.35084],[141.17623,38.35094]]],[[[141.1764,38.35122],[141.17642,38.35108],[141.17633,38.35109],[141.1764,38.35122]]],[[[141.17077,38.35081],[141.17002,38.3503],[141.17016,38.35068],[141.16932,38.35176],[141.17077,38.35081]]],[[[141.16952,38.35132],[141.16951,38.35137],[141.16954,38.35133],[141.16952,38.35132]]],[[[141.1695,38.35142],[141.16952,38.35139],[141.1695,38.35139],[141.1695,38.35142]]],[[[141.16369,38.35149],[141.16345,38.35133],[141.16342,38.35141],[141.16369,38.35149]]],[[[141.17079,38.35156],[141.17075,38.35157],[141.17066,38.35164],[141.17079,38.35156]]],[[[141.16042,38.35171],[141.16045,38.35173],[141.16045,38.3517],[141.16042,38.35171]]],[[[141.16976,38.35199],[141.16963,38.35207],[141.16966,38.35216],[141.16976,38.35199]]],[[[141.16955,38.35221],[141.16959,38.35221],[141.16956,38.35218],[141.16955,38.35221]]],[[[141.16953,38.3523],[141.16956,38.35234],[141.16958,38.35232],[141.16953,38.3523]]],[[[141.16968,38.35241],[141.16975,38.35229],[141.16965,38.35233],[141.16968,38.35241]]],[[[141.16957,38.35238],[141.16958,38.35235],[141.16954,38.35236],[141.16957,38.35238]]],[[[141.16971,38.35243],[141.16971,38.35241],[141.16968,38.35242],[141.16971,38.35243]]],[[[141.1693,38.35252],[141.16933,38.35249],[141.16929,38.35249],[141.1693,38.35252]]],[[[141.16981,38.35281],[141.1693,38.35277],[141.16938,38.35298],[141.16981,38.35281]]],[[[141.16988,38.35274],[141.16983,38.35269],[141.16982,38.35275],[141.16988,38.35274]]],[[[141.16417,38.3532],[141.16421,38.35323],[141.16424,38.35318],[141.16417,38.3532]]],[[[141.16435,38.35325],[141.16427,38.35322],[141.16427,38.35325],[141.16435,38.35325]]],[[[141.16398,38.35326],[141.16397,38.35324],[141.16396,38.35325],[141.16398,38.35326]]],[[[141.16412,38.35327],[141.16413,38.35325],[141.16411,38.35326],[141.16412,38.35327]]],[[[141.16432,38.35328],[141.16431,38.3533],[141.16434,38.35329],[141.16432,38.35328]]],[[[141.16044,38.35356],[141.16051,38.35365],[141.16055,38.35362],[141.16044,38.35356]]],[[[141.16125,38.35387],[141.16121,38.3539],[141.16123,38.35392],[141.16125,38.35387]]],[[[141.16729,38.35392],[141.16731,38.35388],[141.16729,38.35387],[141.16729,38.35392]]],[[[141.16094,38.35417],[141.16095,38.3541],[141.1609,38.35407],[141.16094,38.35417]]],[[[141.1601,38.35301],[141.16393,38.3539],[141.16734,38.35448],[141.16731,38.35407],[141.1635,38.35341],[141.16252,38.35264],[141.16065,38.35251],[141.1601,38.35301]]],[[[141.16429,38.35458],[141.16433,38.35458],[141.16431,38.35453],[141.16429,38.35458]]],[[[141.16284,38.35521],[141.16286,38.35526],[141.16288,38.35516],[141.16284,38.35521]]],[[[141.13493,38.3593],[141.13728,38.35921],[141.13493,38.35922],[141.13493,38.3593]]],[[[141.13342,38.35931],[141.13453,38.35921],[141.13341,38.35921],[141.13342,38.35931]]],[[[141.1327,38.35991],[141.13259,38.35941],[141.13259,38.35991],[141.1327,38.35991]]],[[[141.13221,38.36013],[141.13225,38.36012],[141.13222,38.36009],[141.13221,38.36013]]],[[[141.13223,38.36016],[141.13218,38.36015],[141.13218,38.36015],[141.13223,38.36016]]],[[[141.13221,38.36017],[141.1322,38.3602],[141.13222,38.36018],[141.13221,38.36017]]],[[[141.13117,38.36216],[141.13222,38.36162],[141.13135,38.36166],[141.13117,38.36216]]],[[[141.17582,38.37449],[141.17589,38.37443],[141.17581,38.37442],[141.17582,38.37449]]],[[[141.2666,38.41939],[141.17398,38.37563],[141.15896,38.35353],[141.1442,38.36028],[141.13241,38.35997],[141.13778,38.37194],[141.12196,38.39362],[141.09407,38.40818],[141.12722,38.42175],[141.11588,38.44529],[141.17577,38.45504],[141.16112,38.47585],[141.17815,38.53126],[141.22655,38.53408],[141.23105,38.54727],[141.19266,38.58182],[141.20079,38.59409],[141.13829,38.61038],[141.10862,38.62936],[141.11082,38.64387],[141.08283,38.64543],[141.07776,38.67092],[141.05529,38.6836],[141.12402,38.73103],[141.16623,38.73142],[141.15724,38.78267],[141.18097,38.78453],[141.23371,38.74781],[141.25757,38.76166],[141.27248,38.79697],[141.30455,38.79346],[141.31685,38.82327],[141.41564,38.78447],[141.39881,38.75685],[141.41407,38.73822],[141.36868,38.71881],[141.37231,38.67711],[141.38574,38.67374],[141.37583,38.65394],[141.41594,38.6058],[141.40671,38.59798],[141.42606,38.5931],[141.4743,38.62085],[141.50803,38.61466],[141.52118,38.63115],[141.52378,38.6325],[141.52846,38.63027],[141.5276,38.63033],[141.52674,38.62959],[141.52646,38.61982],[141.52685,38.61881],[141.52824,38.6179],[141.5257,38.61664],[141.52451,38.61116],[141.52523,38.61107],[141.52425,38.61075],[141.52418,38.6092],[141.52332,38.60953],[141.52266,38.60921],[141.52218,38.6079],[141.52176,38.60759],[141.52226,38.60844],[141.52047,38.6095],[141.51749,38.60417],[141.51669,38.60505],[141.51106,38.60529],[141.5084,38.604],[141.50856,38.60215],[141.51008,38.60142],[141.51081,38.60165],[141.50827,38.59837],[141.50846,38.60086],[141.50131,38.60319],[141.50384,38.60112],[141.50197,38.59985],[141.50295,38.5981],[141.50369,38.59821],[141.50314,38.59666],[141.50458,38.59503],[141.50038,38.59412],[141.4947,38.58978],[141.49193,38.59094],[141.49422,38.58943],[141.49101,38.58861],[141.49115,38.58683],[141.48939,38.58769],[141.48781,38.58587],[141.48735,38.58311],[141.48709,38.58366],[141.48471,38.58399],[141.48022,38.58206],[141.47758,38.5849],[141.47533,38.58498],[141.45857,38.57847],[141.46289,38.56131],[141.46592,38.56039],[141.46835,38.56115],[141.46856,38.5617],[141.4685,38.56212],[141.46881,38.56212],[141.469,38.56137],[141.47255,38.56063],[141.47316,38.56096],[141.47307,38.56102],[141.47311,38.56112],[141.47289,38.56158],[141.47339,38.5617],[141.47506,38.56295],[141.47636,38.56032],[141.47666,38.56082],[141.47666,38.56262],[141.4752,38.56346],[141.47667,38.56268],[141.47839,38.56266],[141.47584,38.55939],[141.47621,38.55762],[141.47764,38.5569],[141.47826,38.55695],[141.47861,38.55733],[141.47879,38.55858],[141.47952,38.55878],[141.47984,38.55942],[141.47965,38.55894],[141.47993,38.55875],[141.48039,38.55867],[141.48088,38.55889],[141.48112,38.55869],[141.48102,38.55768],[141.4826,38.55455],[141.48326,38.55462],[141.48339,38.55402],[141.48429,38.5538],[141.48475,38.55333],[141.48537,38.55319],[141.48784,38.55405],[141.48664,38.55115],[141.48673,38.54826],[141.4861,38.54802],[141.48525,38.54659],[141.48569,38.54091],[141.48649,38.53973],[141.48799,38.53935],[141.48802,38.5386],[141.48847,38.53852],[141.48837,38.53825],[141.48913,38.5372],[141.49018,38.5365],[141.49404,38.53566],[141.49148,38.53472],[141.49179,38.53421],[141.49353,38.53307],[141.50998,38.53336],[141.53486,38.54702],[141.53445,38.54656],[141.53438,38.5454],[141.53497,38.54531],[141.53395,38.54294],[141.53398,38.54082],[141.53467,38.54105],[141.53194,38.5397],[141.53022,38.5364],[141.53021,38.53265],[141.53141,38.53176],[141.53299,38.53153],[141.53683,38.53313],[141.53566,38.53168],[141.54169,38.52501],[141.54794,38.52218],[141.54458,38.52152],[141.54461,38.52059],[141.54404,38.52075],[141.54374,38.52061],[141.54068,38.51864],[141.53979,38.51745],[141.53958,38.51673],[141.5386,38.51675],[141.53796,38.51499],[141.53813,38.51402],[141.53948,38.513],[141.53929,38.51128],[141.53912,38.51178],[141.53874,38.51183],[141.53615,38.51116],[141.53576,38.51075],[141.53573,38.5099],[141.53499,38.51007],[141.53431,38.50978],[141.53409,38.5096],[141.53422,38.50943],[141.53385,38.50913],[141.53894,38.50257],[141.54021,38.50248],[141.54083,38.50469],[141.5428,38.50458],[141.53332,38.49596],[141.5354,38.495],[141.53465,38.4933],[141.53732,38.49039],[141.52312,38.49604],[141.51494,38.49302],[141.51599,38.49357],[141.51633,38.50087],[141.51498,38.50342],[141.51242,38.50329],[141.51578,38.50416],[141.51623,38.5061],[141.51368,38.51304],[141.46958,38.52121],[141.46497,38.51227],[141.47521,38.5177],[141.48928,38.49863],[141.49727,38.49536],[141.49685,38.49508],[141.49645,38.49439],[141.49621,38.49382],[141.49636,38.4935],[141.4959,38.49345],[141.49617,38.4929],[141.4934,38.4924],[141.49077,38.48882],[141.49602,38.48005],[141.49877,38.47845],[141.47618,38.46794],[141.4763,38.46391],[141.48558,38.4608],[141.48869,38.46083],[141.48947,38.4616],[141.48967,38.46204],[141.49147,38.46228],[141.49175,38.46262],[141.49212,38.46255],[141.4922,38.4627],[141.49307,38.45971],[141.49761,38.46006],[141.49974,38.46134],[141.49956,38.46105],[141.50026,38.46095],[141.49989,38.46036],[141.50013,38.46015],[141.50159,38.46075],[141.49466,38.45619],[141.49418,38.45373],[141.50185,38.44711],[141.50653,38.44777],[141.50894,38.44944],[141.50904,38.45357],[141.51023,38.45225],[141.51195,38.45286],[141.51268,38.45],[141.4944,38.44308],[141.49653,38.44073],[141.49593,38.43835],[141.49457,38.43794],[141.4944,38.43712],[141.49432,38.44037],[141.49147,38.44084],[141.48851,38.44036],[141.48995,38.44306],[141.48148,38.43671],[141.48163,38.43743],[141.48045,38.43897],[141.47883,38.43839],[141.4793,38.44035],[141.47406,38.4409],[141.46695,38.43897],[141.46436,38.43731],[141.46702,38.43918],[141.46614,38.44097],[141.46359,38.44312],[141.46258,38.44254],[141.46218,38.44258],[141.4627,38.44407],[141.46096,38.44505],[141.44739,38.44389],[141.45944,38.43445],[141.46332,38.43636],[141.46343,38.42386],[141.47503,38.41988],[141.47032,38.41523],[141.4721,38.41399],[141.4734,38.41437],[141.47388,38.41475],[141.47457,38.41356],[141.47197,38.40833],[141.47279,38.40764],[141.47302,38.40676],[141.4726,38.40577],[141.46994,38.40668],[141.4655,38.39879],[141.46964,38.3943],[141.48144,38.3988],[141.49094,38.40583],[141.48956,38.40831],[141.49304,38.40975],[141.49305,38.41209],[141.49386,38.41136],[141.49669,38.41135],[141.49939,38.41527],[141.5007,38.41422],[141.50194,38.416],[141.50087,38.4034],[141.50436,38.40065],[141.50588,38.40459],[141.50713,38.40094],[141.50497,38.39942],[141.50537,38.39816],[141.51375,38.39296],[141.52183,38.39414],[141.52341,38.39548],[141.52395,38.39809],[141.52432,38.39709],[141.5269,38.39664],[141.53113,38.39724],[141.53222,38.39814],[141.53201,38.39862],[141.53264,38.39939],[141.53261,38.40089],[141.53318,38.40082],[141.53439,38.40246],[141.53446,38.40241],[141.53438,38.40236],[141.53446,38.40197],[141.53557,38.4014],[141.53685,38.40168],[141.53718,38.4008],[141.53905,38.40086],[141.5382,38.39986],[141.53788,38.39841],[141.53827,38.39664],[141.53907,38.39566],[141.54063,38.39664],[141.54094,38.39579],[141.53762,38.39466],[141.53774,38.39139],[141.53831,38.39005],[141.54061,38.38975],[141.53314,38.38678],[141.5329,38.38537],[141.53346,38.38393],[141.53192,38.38364],[141.53238,38.38297],[141.53094,38.38246],[141.53069,38.38152],[141.52657,38.38915],[141.51189,38.39157],[141.51074,38.39058],[141.50896,38.3911],[141.50809,38.39054],[141.50585,38.38615],[141.50609,38.38521],[141.50708,38.38493],[141.5068,38.38453],[141.50743,38.38466],[141.50722,38.38413],[141.48835,38.38229],[141.48131,38.37539],[141.48751,38.36804],[141.51969,38.36673],[141.51814,38.3633],[141.51956,38.35873],[141.52402,38.35558],[141.52449,38.35658],[141.52279,38.35112],[141.52441,38.34744],[141.53436,38.33935],[141.53225,38.33761],[141.53257,38.33645],[141.5317,38.33592],[141.53166,38.33371],[141.53034,38.3335],[141.5299,38.3328],[141.53096,38.33164],[141.53059,38.33154],[141.53062,38.33106],[141.52998,38.33108],[141.53105,38.32946],[141.52622,38.32869],[141.52689,38.32792],[141.52514,38.3273],[141.52466,38.32574],[141.52485,38.3246],[141.54031,38.30445],[141.53051,38.30117],[141.5284,38.29939],[141.52767,38.29655],[141.52822,38.29634],[141.52561,38.29591],[141.52355,38.27812],[141.52679,38.27603],[141.5253,38.27596],[141.523,38.27451],[141.52483,38.27239],[141.52042,38.2732],[141.51921,38.27276],[141.51919,38.27153],[141.50902,38.29671],[141.49166,38.29389],[141.49227,38.29435],[141.49185,38.29545],[141.49376,38.29654],[141.4928,38.29729],[141.49366,38.29754],[141.49535,38.30027],[141.49404,38.30137],[141.49717,38.30438],[141.49404,38.3077],[141.4721,38.32008],[141.46675,38.30583],[141.46619,38.3061],[141.46624,38.30651],[141.46612,38.30682],[141.46539,38.30731],[141.46455,38.30654],[141.46368,38.30813],[141.46315,38.30822],[141.46257,38.30784],[141.46255,38.30884],[141.46125,38.30981],[141.45998,38.30942],[141.45975,38.30984],[141.46011,38.31046],[141.46002,38.31097],[141.4594,38.31201],[141.45965,38.31261],[141.45872,38.3138],[141.45401,38.31571],[141.44949,38.31523],[141.46745,38.32299],[141.46939,38.32486],[141.46814,38.32705],[141.47432,38.33191],[141.46142,38.35205],[141.45153,38.34031],[141.44912,38.34176],[141.45036,38.34458],[141.44783,38.35186],[141.44876,38.35261],[141.44854,38.35306],[141.4484,38.35451],[141.44825,38.35471],[141.4415,38.34991],[141.43613,38.34127],[141.43135,38.34826],[141.42413,38.34631],[141.42206,38.34407],[141.42096,38.346],[141.42183,38.34754],[141.42145,38.34818],[141.41697,38.34718],[141.41578,38.34606],[141.42988,38.36477],[141.45883,38.37306],[141.45893,38.37419],[141.45873,38.37429],[141.45331,38.37491],[141.45313,38.37657],[141.43181,38.37366],[141.43651,38.37672],[141.43827,38.38132],[141.42269,38.38432],[141.43352,38.39574],[141.42979,38.39967],[141.4146,38.39147],[141.4084,38.404],[141.37318,38.38327],[141.36906,38.40745],[141.35658,38.41416],[141.31719,38.41151],[141.32411,38.40229],[141.31373,38.4132],[141.29349,38.41413],[141.29477,38.40013],[141.27447,38.40935],[141.27473,38.40672],[141.26452,38.39782],[141.27072,38.39398],[141.26429,38.3978],[141.27485,38.41444],[141.2857,38.41621],[141.28533,38.41943],[141.2666,38.41939]]],[[[141.40801,38.28408],[141.40799,38.28403],[141.40797,38.28405],[141.40801,38.28408]]],[[[141.40849,38.28427],[141.40848,38.28421],[141.40846,38.28423],[141.40849,38.28427]]],[[[141.40809,38.28423],[141.40802,38.28431],[141.40813,38.28429],[141.40809,38.28423]]],[[[141.40889,38.28514],[141.40893,38.28548],[141.40904,38.28557],[141.40889,38.28514]]],[[[141.40794,38.28573],[141.40796,38.28561],[141.40787,38.2855],[141.40794,38.28573]]],[[[141.41018,38.28584],[141.41013,38.28567],[141.41009,38.28565],[141.41018,38.28584]]],[[[141.41011,38.28588],[141.40986,38.28571],[141.41009,38.28597],[141.41011,38.28588]]],[[[141.41204,38.286],[141.4121,38.28608],[141.41216,38.28602],[141.41204,38.286]]],[[[141.41217,38.28609],[141.4121,38.28625],[141.41228,38.28625],[141.41217,38.28609]]],[[[141.41279,38.28624],[141.41284,38.2862],[141.41277,38.28622],[141.41279,38.28624]]],[[[141.41266,38.28615],[141.41245,38.28616],[141.41283,38.28636],[141.41266,38.28615]]],[[[141.4112,38.28631],[141.41142,38.2866],[141.41123,38.28626],[141.4112,38.28631]]],[[[141.41231,38.28635],[141.41224,38.28652],[141.41236,38.28644],[141.41231,38.28635]]],[[[141.41294,38.28658],[141.41286,38.2865],[141.41285,38.28654],[141.41294,38.28658]]],[[[141.41283,38.2866],[141.41262,38.28652],[141.41257,38.28663],[141.41283,38.2866]]],[[[141.41088,38.28668],[141.41091,38.28657],[141.41086,38.28654],[141.41088,38.28668]]],[[[141.41293,38.28673],[141.41296,38.2867],[141.41295,38.2867],[141.41293,38.28673]]],[[[141.41161,38.28679],[141.41157,38.28668],[141.41153,38.28667],[141.41161,38.28679]]],[[[141.41303,38.2868],[141.41301,38.28675],[141.41299,38.28677],[141.41303,38.2868]]],[[[141.41401,38.28738],[141.41421,38.28746],[141.41413,38.28736],[141.41401,38.28738]]],[[[141.41373,38.28757],[141.41387,38.28756],[141.41376,38.28748],[141.41373,38.28757]]],[[[141.4145,38.28765],[141.41444,38.28762],[141.41444,38.28763],[141.4145,38.28765]]],[[[141.41437,38.28765],[141.4142,38.28775],[141.41433,38.28776],[141.41437,38.28765]]],[[[141.40768,38.28778],[141.40772,38.2878],[141.40774,38.28778],[141.4077,38.28777],[141.40768,38.28778]]],[[[141.40777,38.2878],[141.40776,38.28778],[141.40775,38.28778],[141.40777,38.2878]]],[[[141.41656,38.28778],[141.41655,38.28786],[141.41659,38.28782],[141.41656,38.28778]]],[[[141.40773,38.28788],[141.40771,38.28785],[141.4077,38.28787],[141.40773,38.28788]]],[[[141.40778,38.28791],[141.40781,38.2879],[141.40779,38.2879],[141.40778,38.28791]]],[[[141.41656,38.28792],[141.4166,38.28798],[141.41661,38.28792],[141.41656,38.28792]]],[[[141.42132,38.28801],[141.42132,38.28806],[141.42134,38.28808],[141.42132,38.28801]]],[[[141.42132,38.28812],[141.42121,38.28809],[141.42132,38.28814],[141.42132,38.28812]]],[[[141.41663,38.28822],[141.41657,38.28813],[141.41657,38.28822],[141.41663,38.28822]]],[[[141.41541,38.2884],[141.41538,38.28838],[141.41538,38.2884],[141.41541,38.2884]]],[[[141.41856,38.28844],[141.4185,38.28847],[141.41857,38.28846],[141.41856,38.28844]]],[[[141.41718,38.28844],[141.41714,38.28851],[141.4172,38.2885],[141.41718,38.28844]]],[[[141.41529,38.28851],[141.41526,38.28848],[141.41525,38.2885],[141.41529,38.28851]]],[[[141.41695,38.28863],[141.41708,38.28863],[141.41694,38.28858],[141.41695,38.28863]]],[[[141.41874,38.28849],[141.4189,38.28894],[141.41883,38.28841],[141.41874,38.28849]]],[[[141.419,38.2888],[141.41898,38.2886],[141.41894,38.28859],[141.419,38.2888]]],[[[141.42001,38.28857],[141.42008,38.28873],[141.4202,38.28887],[141.42014,38.28863],[141.42001,38.28857]]],[[[141.41869,38.28874],[141.4185,38.28853],[141.41871,38.28895],[141.41869,38.28874]]],[[[141.41766,38.2891],[141.41759,38.28864],[141.41759,38.28897],[141.41766,38.2891]]],[[[141.4181,38.28888],[141.41794,38.28898],[141.41798,38.289],[141.4181,38.28888]]],[[[141.41738,38.28896],[141.41733,38.28892],[141.41737,38.28904],[141.41738,38.28896]]],[[[141.41945,38.28901],[141.41931,38.2889],[141.41923,38.28918],[141.41945,38.28901]]],[[[141.4189,38.28917],[141.41884,38.28899],[141.4188,38.28917],[141.4189,38.28917]]],[[[141.41755,38.28914],[141.41752,38.28903],[141.41753,38.28916],[141.41755,38.28914]]],[[[141.41799,38.2892],[141.41808,38.28908],[141.418,38.28906],[141.41799,38.2892]]],[[[141.40697,38.29163],[141.407,38.29166],[141.407,38.29164],[141.40697,38.29163]]],[[[141.40691,38.29163],[141.40696,38.29162],[141.40694,38.29161],[141.40691,38.29163]]],[[[141.40729,38.29201],[141.40725,38.29213],[141.40737,38.29216],[141.40729,38.29201]]],[[[141.40786,38.29333],[141.40803,38.29373],[141.40819,38.29382],[141.40801,38.29341],[141.40786,38.29333]]],[[[141.40843,38.29384],[141.40844,38.2938],[141.40841,38.29381],[141.40843,38.29384]]],[[[141.40842,38.29392],[141.40844,38.29389],[141.40838,38.2939],[141.40842,38.29392]]],[[[141.40831,38.2941],[141.40827,38.29403],[141.40824,38.29406],[141.40831,38.2941]]],[[[141.40836,38.29416],[141.40807,38.29409],[141.40829,38.29428],[141.40836,38.29416]]],[[[141.40841,38.29447],[141.40833,38.29449],[141.4084,38.2945],[141.40841,38.29447]]],[[[141.40895,38.29518],[141.40894,38.29508],[141.4089,38.29505],[141.40895,38.29518]]],[[[141.40925,38.29528],[141.40935,38.29531],[141.40925,38.29522],[141.40925,38.29528]]],[[[141.40934,38.29546],[141.40948,38.2956],[141.40935,38.29537],[141.40934,38.29546]]],[[[141.40976,38.29573],[141.40971,38.29583],[141.40981,38.29581],[141.40976,38.29573]]],[[[141.41014,38.29633],[141.4101,38.29627],[141.41005,38.29631],[141.41014,38.29633]]],[[[141.41067,38.29683],[141.41083,38.29688],[141.41069,38.29675],[141.41067,38.29683]]],[[[141.41141,38.29778],[141.41134,38.2978],[141.41142,38.29782],[141.41141,38.29778]]],[[[141.41623,38.31199],[141.42428,38.29457],[141.42954,38.29279],[141.42665,38.29242],[141.42533,38.29143],[141.42424,38.2917],[141.42052,38.28767],[141.42031,38.28903],[141.41974,38.28858],[141.4196,38.28924],[141.41744,38.2893],[141.41523,38.28861],[141.41276,38.28717],[141.41236,38.2865],[141.41171,38.28706],[141.41109,38.28641],[141.41095,38.28689],[141.40909,38.28586],[141.40869,38.28502],[141.41623,38.31199]]],[[[141.41218,38.29959],[141.41221,38.29963],[141.41222,38.2996],[141.41218,38.29959]]],[[[141.41196,38.29971],[141.41197,38.29972],[141.41196,38.2997],[141.41196,38.29971]]],[[[141.41198,38.30035],[141.412,38.30029],[141.41197,38.30029],[141.41198,38.30035]]],[[[141.41179,38.30039],[141.41179,38.30037],[141.41178,38.30038],[141.41179,38.30039]]],[[[141.41122,38.30079],[141.4112,38.30076],[141.41117,38.30077],[141.41122,38.30079]]],[[[141.41113,38.30086],[141.41125,38.30097],[141.41121,38.30085],[141.41113,38.30086]]],[[[141.4113,38.30114],[141.41128,38.30106],[141.41124,38.3011],[141.4113,38.30114]]],[[[141.41025,38.30148],[141.41018,38.30157],[141.41028,38.30157],[141.41025,38.30148]]],[[[141.40998,38.30196],[141.40998,38.30205],[141.41002,38.30209],[141.40998,38.30196]]],[[[141.4214,38.30249],[141.42133,38.30254],[141.4214,38.30256],[141.4214,38.30249]]],[[[141.41025,38.30291],[141.41007,38.30278],[141.40991,38.30286],[141.41025,38.30291]]],[[[141.41,38.30299],[141.41007,38.30296],[141.41,38.30296],[141.41,38.30299]]],[[[141.40975,38.30336],[141.40982,38.30333],[141.40977,38.3032],[141.40975,38.30336]]],[[[141.40968,38.30376],[141.40971,38.30369],[141.40966,38.30367],[141.40968,38.30376]]],[[[141.40991,38.30387],[141.40993,38.3039],[141.40992,38.30384],[141.40991,38.30387]]],[[[141.40973,38.30389],[141.4097,38.30391],[141.40973,38.30392],[141.40973,38.30389]]],[[[141.40994,38.30392],[141.40993,38.30394],[141.40995,38.30394],[141.40994,38.30392]]],[[[141.42097,38.30401],[141.42097,38.30398],[141.42096,38.304],[141.42097,38.30401]]],[[[141.4212,38.30401],[141.42123,38.30401],[141.42121,38.304],[141.4212,38.30401]]],[[[141.40985,38.304],[141.40982,38.30402],[141.40986,38.30403],[141.40985,38.304]]],[[[141.42099,38.30403],[141.42099,38.30401],[141.42098,38.30403],[141.42099,38.30403]]],[[[141.42101,38.30411],[141.42101,38.30405],[141.42099,38.30407],[141.42101,38.30411]]],[[[141.42134,38.30423],[141.42138,38.30427],[141.42139,38.30422],[141.42134,38.30423]]],[[[141.40936,38.30602],[141.40931,38.30592],[141.40929,38.30593],[141.40936,38.30602]]],[[[141.42124,38.30799],[141.4213,38.30796],[141.42123,38.30796],[141.42124,38.30799]]],[[[141.41174,38.30883],[141.41178,38.30892],[141.4118,38.30891],[141.41174,38.30883]]],[[[141.41311,38.30949],[141.41312,38.30945],[141.41308,38.30948],[141.41311,38.30949]]],[[[141.41315,38.30969],[141.41314,38.30974],[141.41322,38.30972],[141.41315,38.30969]]],[[[141.41376,38.30986],[141.41372,38.30985],[141.41375,38.30988],[141.41376,38.30986]]],[[[141.4136,38.30986],[141.41364,38.30991],[141.4137,38.30988],[141.4136,38.30986]]],[[[141.41366,38.30993],[141.4136,38.30996],[141.41369,38.30995],[141.41366,38.30993]]],[[[141.41361,38.31005],[141.41349,38.30995],[141.41345,38.30997],[141.41361,38.31005]]],[[[141.41566,38.31211],[141.41558,38.31205],[141.41565,38.31212],[141.41566,38.31211]]],[[[141.41633,38.31224],[141.41635,38.3122],[141.41631,38.31223],[141.41633,38.31224]]],[[[141.41638,38.31237],[141.41654,38.31233],[141.41642,38.31228],[141.41638,38.31237]]],[[[141.17979,38.31392],[141.17959,38.31378],[141.17973,38.31399],[141.17979,38.31392]]],[[[141.18024,38.31422],[141.18027,38.31421],[141.18025,38.31419],[141.18024,38.31422]]],[[[141.17959,38.31413],[141.17956,38.31431],[141.17966,38.31419],[141.17959,38.31413]]],[[[141.1847,38.31484],[141.18469,38.31496],[141.18472,38.31495],[141.1847,38.31484]]],[[[141.1846,38.31495],[141.18468,38.31497],[141.18459,38.31492],[141.1846,38.31495]]],[[[141.18477,38.31499],[141.18473,38.31504],[141.1848,38.31507],[141.18477,38.31499]]],[[[141.18468,38.31508],[141.18473,38.31513],[141.18465,38.31504],[141.18468,38.31508]]],[[[141.18459,38.31512],[141.18467,38.31517],[141.18468,38.31514],[141.18459,38.31512]]],[[[141.18881,38.31516],[141.18871,38.31525],[141.18887,38.31527],[141.18881,38.31516]]],[[[141.1845,38.3153],[141.18457,38.31524],[141.18446,38.31525],[141.1845,38.3153]]],[[[141.18504,38.31533],[141.18492,38.31535],[141.18493,38.3154],[141.18504,38.31533]]],[[[141.18457,38.31551],[141.18468,38.31543],[141.18464,38.3154],[141.18457,38.31551]]],[[[141.18411,38.31559],[141.18406,38.31549],[141.18404,38.31554],[141.18411,38.31559]]],[[[141.18764,38.31563],[141.18755,38.31553],[141.18757,38.31563],[141.18764,38.31563]]],[[[141.17804,38.31558],[141.17803,38.31559],[141.17804,38.31559],[141.17804,38.31558]]],[[[141.17792,38.31564],[141.17784,38.31556],[141.17777,38.31561],[141.17792,38.31564]]],[[[141.18769,38.31569],[141.18765,38.31562],[141.18762,38.31568],[141.18769,38.31569]]],[[[141.18513,38.31572],[141.18546,38.3157],[141.18534,38.31559],[141.18513,38.31572]]],[[[141.18626,38.31705],[141.18706,38.31515],[141.18524,38.31498],[141.18626,38.31705]]],[[[141.17807,38.32019],[141.17849,38.32002],[141.17848,38.31999],[141.17807,38.32019]]],[[[141.17684,38.32096],[141.17691,38.32096],[141.17681,38.32093],[141.17684,38.32096]]],[[[141.17685,38.32101],[141.1769,38.32099],[141.17685,38.32098],[141.17685,38.32101]]],[[[141.1768,38.32105],[141.17678,38.32101],[141.17677,38.32104],[141.1768,38.32105]]],[[[141.17722,38.32177],[141.17729,38.32178],[141.17725,38.32173],[141.17722,38.32177]]],[[[141.17713,38.32231],[141.17718,38.32233],[141.17714,38.3223],[141.17713,38.32231]]],[[[141.17696,38.32248],[141.17699,38.32248],[141.17699,38.32247],[141.17696,38.32248]]],[[[141.18125,38.32344],[141.18123,38.3234],[141.18117,38.32339],[141.18125,38.32344]]],[[[141.18113,38.32356],[141.18118,38.32358],[141.18117,38.32355],[141.18113,38.32356]]],[[[141.1805,38.32369],[141.18059,38.32373],[141.1805,38.32367],[141.1805,38.32369]]],[[[141.17833,38.32412],[141.17838,38.32415],[141.17838,38.32411],[141.17833,38.32412]]],[[[141.17849,38.32422],[141.1785,38.32419],[141.17847,38.32421],[141.17849,38.32422]]],[[[141.1781,38.32427],[141.17814,38.32425],[141.1781,38.32423],[141.1781,38.32427]]],[[[141.17815,38.32456],[141.17823,38.3244],[141.17815,38.32433],[141.17815,38.32456]]],[[[141.17971,38.32461],[141.17994,38.32445],[141.17979,38.32436],[141.17971,38.32461]]],[[[141.17886,38.32468],[141.17895,38.32484],[141.1789,38.32468],[141.17886,38.32468]]],[[[141.17751,38.32518],[141.17758,38.3253],[141.1776,38.3253],[141.17751,38.32518]]],[[[141.17831,38.34456],[141.17854,38.34469],[141.1785,38.3445],[141.17831,38.34456]]],[[[141.17897,38.34491],[141.179,38.34477],[141.17888,38.34483],[141.17897,38.34491]]],[[[141.17938,38.34506],[141.1793,38.34485],[141.17923,38.34496],[141.17938,38.34506]]],[[[141.17796,38.34523],[141.17793,38.34495],[141.17787,38.34524],[141.17796,38.34523]]],[[[141.17743,38.34538],[141.17756,38.34523],[141.17742,38.34525],[141.17743,38.34538]]],[[[141.17709,38.34567],[141.17717,38.34554],[141.17697,38.34558],[141.17709,38.34567]]],[[[141.17696,38.34586],[141.17688,38.3457],[141.17681,38.34578],[141.17696,38.34586]]],[[[141.41793,38.34686],[141.41793,38.34681],[141.41791,38.34681],[141.41793,38.34686]]],[[[141.41809,38.34691],[141.41802,38.34692],[141.41818,38.34706],[141.41809,38.34691]]],[[[141.41622,38.34698],[141.41615,38.34707],[141.4163,38.34708],[141.41622,38.34698]]],[[[141.41852,38.34711],[141.41851,38.34704],[141.41849,38.34704],[141.41852,38.34711]]],[[[141.41799,38.35212],[141.41797,38.35214],[141.41799,38.35214],[141.41799,38.35212]]],[[[141.41473,38.35471],[141.41464,38.35465],[141.41472,38.35472],[141.41473,38.35471]]],[[[141.41984,38.37663],[141.41983,38.37657],[141.4198,38.37662],[141.41984,38.37663]]],[[[141.37136,38.37929],[141.37151,38.37892],[141.37134,38.37877],[141.37136,38.37929]]],[[[141.37111,38.37941],[141.37109,38.3793],[141.37106,38.37931],[141.37111,38.37941]]],[[[141.36991,38.37949],[141.36991,38.37959],[141.36997,38.37955],[141.36991,38.37949]]],[[[141.37128,38.37967],[141.37128,38.37958],[141.37114,38.37943],[141.37128,38.37967]]],[[[141.37141,38.37972],[141.37138,38.37963],[141.37136,38.37963],[141.37141,38.37972]]],[[[141.37088,38.38014],[141.37032,38.37925],[141.36997,38.37973],[141.37088,38.38014]]],[[[141.37158,38.37985],[141.3716,38.37979],[141.37155,38.37978],[141.37158,38.37985]]],[[[141.36785,38.37995],[141.36784,38.37977],[141.36778,38.37988],[141.36785,38.37995]]],[[[141.36893,38.38],[141.36913,38.37993],[141.36901,38.37984],[141.36893,38.38]]],[[[141.36807,38.38002],[141.36805,38.3801],[141.3681,38.38004],[141.36807,38.38002]]],[[[141.37776,38.38033],[141.37767,38.38059],[141.37795,38.38059],[141.37776,38.38033]]],[[[141.37727,38.38069],[141.37746,38.3807],[141.3773,38.38064],[141.37727,38.38069]]],[[[141.37772,38.38097],[141.37738,38.381],[141.37772,38.38105],[141.37772,38.38097]]],[[[141.37775,38.38112],[141.3777,38.38117],[141.37773,38.38118],[141.37775,38.38112]]],[[[141.37889,38.38147],[141.37891,38.38153],[141.37894,38.38151],[141.37889,38.38147]]],[[[141.37915,38.38183],[141.37919,38.38184],[141.37918,38.38182],[141.37915,38.38183]]],[[[141.37595,38.3812],[141.3789,38.38186],[141.38012,38.3823],[141.38049,38.3822],[141.37595,38.3812]]],[[[141.37272,38.38304],[141.37262,38.38299],[141.37267,38.38307],[141.37272,38.38304]]],[[[141.37311,38.38306],[141.37299,38.38328],[141.37318,38.38312],[141.37311,38.38306]]],[[[141.37274,38.3832],[141.37286,38.38324],[141.37272,38.38315],[141.37274,38.3832]]],[[[141.37299,38.38341],[141.37293,38.38342],[141.37293,38.38344],[141.37299,38.38341]]],[[[141.3758,38.38371],[141.37568,38.38369],[141.37574,38.38379],[141.3758,38.38371]]],[[[141.37257,38.38366],[141.37261,38.38372],[141.37262,38.38369],[141.37257,38.38366]]],[[[141.38568,38.38374],[141.38572,38.38377],[141.38575,38.38375],[141.38568,38.38374]]],[[[141.3727,38.38384],[141.37279,38.38379],[141.37265,38.38376],[141.3727,38.38384]]],[[[141.38575,38.38381],[141.3857,38.38386],[141.38576,38.38384],[141.38575,38.38381]]],[[[141.38189,38.38396],[141.38178,38.38377],[141.38173,38.38376],[141.38189,38.38396]]],[[[141.38243,38.38395],[141.3824,38.38394],[141.38243,38.38396],[141.38243,38.38395]]],[[[141.38582,38.38404],[141.38589,38.38399],[141.3858,38.38393],[141.38582,38.38404]]],[[[141.38623,38.38417],[141.38622,38.38413],[141.38617,38.38415],[141.38623,38.38417]]],[[[141.38597,38.38417],[141.38595,38.3842],[141.38599,38.38419],[141.38597,38.38417]]],[[[141.38776,38.38468],[141.38773,38.38463],[141.38772,38.38465],[141.38776,38.38468]]],[[[141.38811,38.38476],[141.38812,38.38479],[141.38814,38.38478],[141.38811,38.38476]]],[[[141.36877,38.38479],[141.36881,38.38483],[141.36884,38.3848],[141.36877,38.38479]]],[[[141.38808,38.38493],[141.3881,38.38487],[141.38805,38.38486],[141.38808,38.38493]]],[[[141.388,38.38499],[141.3879,38.38493],[141.38799,38.38501],[141.388,38.38499]]],[[[141.38812,38.38509],[141.38822,38.38495],[141.38803,38.38503],[141.38812,38.38509]]],[[[141.38837,38.38543],[141.38835,38.3855],[141.3884,38.38546],[141.38837,38.38543]]],[[[141.3894,38.38549],[141.38944,38.38577],[141.38952,38.3856],[141.3894,38.38549]]],[[[141.36516,38.38773],[141.36516,38.3877],[141.36513,38.3877],[141.36516,38.38773]]],[[[141.36515,38.38781],[141.36522,38.38778],[141.36516,38.38775],[141.36515,38.38781]]],[[[141.27859,38.39226],[141.27866,38.39215],[141.26934,38.38702],[141.27859,38.39226]]],[[[141.36653,38.39054],[141.36655,38.39057],[141.36658,38.39055],[141.36653,38.39054]]],[[[141.39776,38.39094],[141.39782,38.39108],[141.39782,38.39097],[141.39776,38.39094]]],[[[141.36754,38.39219],[141.36764,38.39217],[141.36753,38.39216],[141.36754,38.39219]]],[[[141.36765,38.39224],[141.36774,38.39227],[141.36773,38.39223],[141.36765,38.39224]]],[[[141.4017,38.39556],[141.40173,38.39551],[141.4017,38.39552],[141.4017,38.39556]]],[[[141.40172,38.39564],[141.40173,38.39573],[141.40177,38.39569],[141.40172,38.39564]]],[[[141.4022,38.39597],[141.40225,38.3959],[141.40222,38.39588],[141.4022,38.39597]]],[[[141.40272,38.40036],[141.40276,38.40031],[141.4027,38.4003],[141.40272,38.40036]]],[[[141.36827,38.40136],[141.36828,38.40132],[141.36823,38.4013],[141.36827,38.40136]]],[[[141.36839,38.40141],[141.36839,38.40139],[141.36837,38.40138],[141.36839,38.40141]]],[[[141.34522,38.40193],[141.33876,38.40301],[141.33874,38.40312],[141.34218,38.40328],[141.34522,38.40193]]],[[[141.36572,38.40294],[141.36567,38.40295],[141.36581,38.4033],[141.36572,38.40294]]],[[[141.36657,38.40504],[141.3664,38.40368],[141.36645,38.40504],[141.36657,38.40504]]],[[[141.31268,38.40737],[141.31262,38.40728],[141.31261,38.40737],[141.31268,38.40737]]],[[[141.31459,38.40733],[141.31447,38.40744],[141.31459,38.40743],[141.31459,38.40733]]],[[[141.2846,38.41652],[141.28396,38.41783],[141.28446,38.41759],[141.2846,38.41652]]],[[[141.2785,38.41738],[141.27924,38.41742],[141.27816,38.41712],[141.2785,38.41738]]],[[[141.45892,38.26717],[141.45883,38.26713],[141.45879,38.26721],[141.45892,38.26717]]],[[[141.45792,38.2674],[141.45787,38.26731],[141.45785,38.26733],[141.45792,38.2674]]],[[[141.45816,38.26738],[141.4581,38.26732],[141.45805,38.26743],[141.45816,38.26738]]],[[[141.45819,38.26738],[141.45823,38.26742],[141.45826,38.26737],[141.45819,38.26738]]],[[[141.46022,38.26745],[141.46009,38.26742],[141.46018,38.26747],[141.46022,38.26745]]],[[[141.45876,38.26745],[141.45871,38.26743],[141.4587,38.26744],[141.45876,38.26745]]],[[[141.45863,38.26748],[141.45859,38.26746],[141.45858,38.26748],[141.45863,38.26748]]],[[[141.45869,38.26754],[141.45867,38.26747],[141.45864,38.26749],[141.45869,38.26754]]],[[[141.45839,38.26748],[141.4585,38.26756],[141.45846,38.26743],[141.45839,38.26748]]],[[[141.4598,38.26748],[141.4598,38.26759],[141.45988,38.26758],[141.4598,38.26748]]],[[[141.45902,38.26766],[141.4589,38.26748],[141.45876,38.26763],[141.45902,38.26766]]],[[[141.45848,38.26761],[141.45858,38.26764],[141.45851,38.26755],[141.45848,38.26761]]],[[[141.45977,38.2676],[141.45971,38.26762],[141.45984,38.26766],[141.45977,38.2676]]],[[[141.45862,38.26762],[141.45859,38.2676],[141.45859,38.26766],[141.45862,38.26762]]],[[[141.45922,38.26761],[141.45925,38.26764],[141.45929,38.26761],[141.45922,38.26761]]],[[[141.45724,38.26786],[141.45728,38.26781],[141.4572,38.26784],[141.45724,38.26786]]],[[[141.45762,38.26789],[141.4577,38.26788],[141.45766,38.26784],[141.45762,38.26789]]],[[[141.45851,38.26786],[141.4585,38.26781],[141.45846,38.26796],[141.45851,38.26786]]],[[[141.45936,38.26794],[141.45936,38.2679],[141.45933,38.26792],[141.45936,38.26794]]],[[[141.45952,38.26793],[141.45948,38.26793],[141.45949,38.26794],[141.45952,38.26793]]],[[[141.45808,38.26794],[141.45805,38.26793],[141.45805,38.26794],[141.45808,38.26794]]],[[[141.4599,38.26796],[141.45988,38.26795],[141.45986,38.26795],[141.4599,38.26796]]],[[[141.45956,38.26798],[141.45954,38.26794],[141.45954,38.26799],[141.45956,38.26798]]],[[[141.45801,38.26795],[141.45804,38.26801],[141.4581,38.26795],[141.45801,38.26795]]],[[[141.45706,38.26798],[141.45705,38.26801],[141.45708,38.26798],[141.45706,38.26798]]],[[[141.45708,38.26802],[141.45713,38.26799],[141.45707,38.26802],[141.45708,38.26802]]],[[[141.45808,38.268],[141.45814,38.26805],[141.45813,38.26798],[141.45808,38.268]]],[[[141.45735,38.26805],[141.45746,38.2681],[141.45735,38.26804],[141.45735,38.26805]]],[[[141.45804,38.2681],[141.45804,38.26814],[141.45808,38.26813],[141.45804,38.2681]]],[[[141.45732,38.26814],[141.45712,38.26809],[141.45734,38.26816],[141.45732,38.26814]]],[[[141.45781,38.26819],[141.45774,38.2682],[141.45776,38.26828],[141.45781,38.26819]]],[[[141.45696,38.26824],[141.45695,38.26822],[141.45694,38.26822],[141.45696,38.26824]]],[[[141.45698,38.26828],[141.45694,38.26825],[141.45693,38.26826],[141.45698,38.26828]]],[[[141.45677,38.26836],[141.45675,38.26836],[141.45676,38.26837],[141.45677,38.26836]]],[[[141.4569,38.26846],[141.45686,38.26841],[141.4568,38.26844],[141.4569,38.26846]]],[[[141.45699,38.26852],[141.45696,38.26857],[141.45706,38.26861],[141.45699,38.26852]]],[[[141.45696,38.26902],[141.45699,38.2691],[141.45701,38.26909],[141.45696,38.26902]]],[[[141.4571,38.26914],[141.45711,38.26912],[141.45709,38.26913],[141.4571,38.26914]]],[[[141.45717,38.26917],[141.45717,38.26913],[141.45714,38.26915],[141.45717,38.26917]]],[[[141.45744,38.26923],[141.4574,38.26919],[141.45739,38.2692],[141.45744,38.26923]]],[[[141.45671,38.26964],[141.45673,38.26967],[141.45674,38.26966],[141.45671,38.26964]]],[[[141.45701,38.26968],[141.45685,38.26971],[141.4571,38.26979],[141.45701,38.26968]]],[[[141.45752,38.2699],[141.45745,38.26981],[141.45744,38.2699],[141.45752,38.2699]]],[[[141.45745,38.26998],[141.45747,38.26994],[141.45743,38.26993],[141.45745,38.26998]]],[[[141.45748,38.27],[141.45749,38.27007],[141.45752,38.27007],[141.45748,38.27]]],[[[141.4573,38.27005],[141.45727,38.27012],[141.45733,38.27012],[141.4573,38.27005]]],[[[141.45732,38.27019],[141.45725,38.27017],[141.45725,38.27018],[141.45732,38.27019]]],[[[141.45805,38.27094],[141.45804,38.2709],[141.45804,38.27091],[141.45805,38.27094]]],[[[141.4582,38.27105],[141.45814,38.27103],[141.45814,38.27105],[141.4582,38.27105]]],[[[141.45743,38.27126],[141.45741,38.27107],[141.45724,38.27112],[141.45743,38.27126]]],[[[141.45827,38.27132],[141.45827,38.27126],[141.45822,38.27129],[141.45827,38.27132]]],[[[141.45835,38.27137],[141.45847,38.27125],[141.4583,38.27134],[141.45835,38.27137]]],[[[141.45818,38.27139],[141.45817,38.27131],[141.45811,38.27135],[141.45818,38.27139]]],[[[141.45794,38.27131],[141.45798,38.27139],[141.45801,38.27135],[141.45794,38.27131]]],[[[141.45808,38.27141],[141.45806,38.27133],[141.45804,38.27133],[141.45808,38.27141]]],[[[141.45758,38.27141],[141.45728,38.27136],[141.45727,38.27137],[141.45758,38.27141]]],[[[141.45896,38.27184],[141.45893,38.27181],[141.45892,38.27184],[141.45896,38.27184]]],[[[141.45895,38.27188],[141.45897,38.27187],[141.45895,38.27187],[141.45895,38.27188]]],[[[141.45854,38.27209],[141.45862,38.27208],[141.45854,38.27206],[141.45854,38.27209]]],[[[141.45872,38.27212],[141.45865,38.272],[141.45866,38.27209],[141.45855,38.27215],[141.45872,38.27212]]],[[[141.45903,38.27225],[141.45903,38.27232],[141.45907,38.2723],[141.45903,38.27225]]],[[[141.45702,38.27315],[141.45703,38.2731],[141.45697,38.27313],[141.45702,38.27315]]],[[[141.45804,38.27311],[141.45787,38.27313],[141.45804,38.27313],[141.45804,38.27311]]],[[[141.45628,38.27322],[141.45626,38.27317],[141.45623,38.27319],[141.45628,38.27322]]],[[[141.45741,38.27318],[141.45742,38.27323],[141.45749,38.27319],[141.45741,38.27318]]],[[[141.45614,38.27315],[141.45616,38.27327],[141.45622,38.27323],[141.45614,38.27315]]],[[[141.45829,38.27325],[141.45828,38.27323],[141.45824,38.27323],[141.45829,38.27325]]],[[[141.45751,38.27329],[141.45758,38.27323],[141.45744,38.27325],[141.45751,38.27329]]],[[[141.45615,38.27329],[141.45612,38.27326],[141.4561,38.27327],[141.45615,38.27329]]],[[[141.45662,38.27328],[141.45659,38.2733],[141.45663,38.27329],[141.45662,38.27328]]],[[[141.4563,38.27338],[141.4563,38.27324],[141.45619,38.27329],[141.4563,38.27338]]],[[[141.45616,38.27331],[141.4562,38.27335],[141.45621,38.27334],[141.45616,38.27331]]],[[[141.45663,38.27332],[141.45673,38.27337],[141.45677,38.27336],[141.45663,38.27332]]],[[[141.45657,38.27368],[141.45634,38.27378],[141.45664,38.27381],[141.45657,38.27368]]],[[[141.45664,38.27383],[141.45662,38.27389],[141.45668,38.27386],[141.45664,38.27383]]],[[[141.45875,38.27435],[141.45867,38.27441],[141.45879,38.27437],[141.45875,38.27435]]],[[[141.46,38.28081],[141.45996,38.28082],[141.45992,38.2808],[141.45992,38.28083],[141.46,38.28081]]],[[[141.46007,38.28089],[141.46007,38.28093],[141.46011,38.28094],[141.46007,38.28089]]],[[[141.45974,38.28153],[141.45952,38.2814],[141.45959,38.28155],[141.45974,38.28153]]],[[[141.45987,38.28162],[141.45982,38.28167],[141.45989,38.28166],[141.45987,38.28162]]],[[[141.45951,38.28176],[141.45956,38.2818],[141.45958,38.28178],[141.45956,38.28176],[141.45951,38.28176]]],[[[141.45974,38.28188],[141.45979,38.28185],[141.45974,38.28184],[141.45974,38.28188]]],[[[141.45977,38.28216],[141.45983,38.28218],[141.4598,38.28215],[141.45977,38.28216]]],[[[141.45982,38.28276],[141.45985,38.28266],[141.45976,38.28271],[141.45982,38.28276]]],[[[141.43543,38.28745],[141.43536,38.2874],[141.43535,38.28746],[141.43543,38.28745]]],[[[141.43552,38.28756],[141.43551,38.28761],[141.43557,38.28757],[141.43552,38.28756]]],[[[141.43496,38.28771],[141.43501,38.28761],[141.43493,38.28769],[141.43496,38.28771]]],[[[141.4358,38.28763],[141.43577,38.28772],[141.43583,38.28773],[141.4358,38.28763]]],[[[141.43572,38.2877],[141.43574,38.28784],[141.43579,38.28782],[141.43572,38.2877]]],[[[141.43556,38.28776],[141.43547,38.28787],[141.43561,38.28787],[141.43556,38.28776]]],[[[141.43539,38.28787],[141.43536,38.28777],[141.43532,38.28777],[141.43539,38.28787]]],[[[141.43633,38.28791],[141.43627,38.28777],[141.43628,38.28791],[141.43633,38.28791]]],[[[141.43653,38.28785],[141.43658,38.28782],[141.43656,38.2878],[141.43653,38.28785]]],[[[141.43643,38.2879],[141.43649,38.28792],[141.43645,38.28786],[141.43643,38.2879]]],[[[141.42224,38.28812],[141.42252,38.2877],[141.42198,38.28776],[141.42224,38.28812]]],[[[141.43604,38.28793],[141.43602,38.28799],[141.43607,38.288],[141.43604,38.28793]]],[[[141.43636,38.288],[141.43641,38.28796],[141.43638,38.28795],[141.43636,38.288]]],[[[141.42202,38.28817],[141.42164,38.28783],[141.42146,38.28782],[141.42202,38.28817]]],[[[141.43661,38.28805],[141.43659,38.28794],[141.43658,38.28794],[141.43661,38.28805]]],[[[141.42204,38.28809],[141.42202,38.288],[141.42191,38.28797],[141.42204,38.28809]]],[[[141.43624,38.2881],[141.43628,38.28799],[141.43621,38.2881],[141.43624,38.2881]]],[[[141.43667,38.28811],[141.4367,38.28811],[141.43668,38.28809],[141.43667,38.28811]]],[[[141.42146,38.28817],[141.42143,38.28807],[141.42138,38.28808],[141.42146,38.28817]]],[[[141.43672,38.28842],[141.43655,38.28832],[141.43646,38.28839],[141.43672,38.28842]]],[[[141.42287,38.28874],[141.42251,38.28874],[141.42285,38.28887],[141.42287,38.28874]]],[[[141.43369,38.28921],[141.43381,38.28927],[141.4337,38.28898],[141.43369,38.28921]]],[[[141.43377,38.28933],[141.43387,38.2895],[141.43384,38.28931],[141.43377,38.28933]]],[[[141.43389,38.28936],[141.43526,38.28922],[141.43671,38.2882],[141.4365,38.28796],[141.43627,38.2882],[141.4353,38.28821],[141.43389,38.28936]]],[[[141.43594,38.28972],[141.43584,38.2895],[141.43583,38.28961],[141.43594,38.28972]]],[[[141.42385,38.28977],[141.4238,38.29001],[141.42387,38.28986],[141.42385,38.28977]]],[[[141.42387,38.29056],[141.42396,38.29053],[141.42391,38.29052],[141.42387,38.29056]]],[[[141.42353,38.29059],[141.42352,38.29065],[141.42357,38.29066],[141.42353,38.29059]]],[[[141.42414,38.29095],[141.42406,38.29088],[141.42408,38.29095],[141.42414,38.29095]]],[[[141.42534,38.29132],[141.42528,38.29131],[141.42533,38.29134],[141.42534,38.29132]]],[[[141.43507,38.29136],[141.43488,38.29135],[141.43487,38.29137],[141.43507,38.29136]]],[[[141.42577,38.2915],[141.42576,38.29147],[141.42576,38.2915],[141.42577,38.2915]]],[[[141.43524,38.29149],[141.43508,38.29152],[141.43524,38.29155],[141.43524,38.29149]]],[[[141.42571,38.29156],[141.42566,38.29147],[141.42569,38.29156],[141.42571,38.29156]]],[[[141.42585,38.29175],[141.42581,38.29167],[141.42576,38.29166],[141.42585,38.29175]]],[[[141.42605,38.29178],[141.42604,38.29176],[141.42597,38.29175],[141.42605,38.29178]]],[[[141.42612,38.2918],[141.42617,38.29172],[141.42612,38.29172],[141.42612,38.2918]]],[[[141.4285,38.2921],[141.42844,38.29206],[141.42851,38.29215],[141.4285,38.2921]]],[[[141.42724,38.29229],[141.42721,38.29233],[141.42723,38.29235],[141.42724,38.29229]]],[[[141.42962,38.29277],[141.42955,38.29277],[141.42962,38.29278],[141.42962,38.29277]]],[[[141.42958,38.29294],[141.42961,38.29286],[141.42955,38.29285],[141.42958,38.29294]]],[[[141.42935,38.29409],[141.42924,38.29401],[141.42935,38.29412],[141.42935,38.29409]]],[[[141.429,38.29432],[141.4291,38.29433],[141.42899,38.29429],[141.429,38.29432]]],[[[141.42402,38.29721],[141.4241,38.29734],[141.42414,38.29723],[141.42402,38.29721]]],[[[141.42315,38.29837],[141.42329,38.29841],[141.4233,38.2984],[141.42315,38.29837]]],[[[141.42319,38.30025],[141.42322,38.30016],[141.42316,38.30016],[141.42319,38.30025]]],[[[141.42303,38.30023],[141.42293,38.30016],[141.42291,38.30024],[141.42303,38.30023]]],[[[141.42298,38.30068],[141.423,38.30047],[141.42289,38.30062],[141.42298,38.30068]]],[[[141.42264,38.30067],[141.42261,38.30072],[141.42265,38.30072],[141.42264,38.30067]]],[[[141.42151,38.30249],[141.42167,38.30235],[141.42148,38.30179],[141.42151,38.30249]]],[[[141.42189,38.30254],[141.42193,38.30259],[141.42196,38.30256],[141.42189,38.30254]]],[[[141.42144,38.30425],[141.42147,38.30421],[141.42142,38.30421],[141.42144,38.30425]]],[[[141.42231,38.30673],[141.42226,38.30671],[141.42229,38.30674],[141.42231,38.30673]]],[[[141.42192,38.30754],[141.42201,38.30743],[141.42197,38.30738],[141.42192,38.30754]]],[[[141.42145,38.30801],[141.42154,38.30786],[141.42142,38.30796],[141.42145,38.30801]]],[[[141.42207,38.30846],[141.42221,38.30868],[141.42215,38.30844],[141.42207,38.30846]]],[[[141.42185,38.30869],[141.4218,38.30865],[141.4218,38.30869],[141.42185,38.30869]]],[[[141.42207,38.30891],[141.42211,38.30886],[141.42204,38.3089],[141.42207,38.30891]]],[[[141.42213,38.30898],[141.42192,38.30902],[141.422,38.3091],[141.42213,38.30898]]],[[[141.45987,38.30956],[141.45989,38.30945],[141.45988,38.30945],[141.45987,38.30956]]],[[[141.45976,38.30961],[141.45983,38.30954],[141.45981,38.30946],[141.45976,38.30961]]],[[[141.45998,38.31052],[141.46002,38.31058],[141.46004,38.31053],[141.45998,38.31052]]],[[[141.45987,38.3109],[141.45984,38.31094],[141.45992,38.31096],[141.45987,38.3109]]],[[[141.45979,38.31107],[141.45974,38.31102],[141.45972,38.31105],[141.45979,38.31107]]],[[[141.45975,38.31134],[141.45964,38.31137],[141.45973,38.31139],[141.45975,38.31134]]],[[[141.45839,38.31342],[141.45834,38.31337],[141.45837,38.31344],[141.45839,38.31342]]],[[[141.45834,38.31344],[141.45828,38.31338],[141.45833,38.31345],[141.45834,38.31344]]],[[[141.45781,38.31357],[141.45784,38.31351],[141.4578,38.31351],[141.45781,38.31357]]],[[[141.45812,38.31359],[141.4581,38.31368],[141.45816,38.31364],[141.45812,38.31359]]],[[[141.44687,38.31419],[141.44677,38.3141],[141.44687,38.31423],[141.44687,38.31419]]],[[[141.45185,38.31451],[141.45184,38.31442],[141.45177,38.31442],[141.45185,38.31451]]],[[[141.45217,38.31449],[141.45208,38.31456],[141.45221,38.31459],[141.45217,38.31449]]],[[[141.4565,38.31456],[141.45647,38.31453],[141.45647,38.3146],[141.4565,38.31456]]],[[[141.45617,38.31465],[141.45625,38.3147],[141.45625,38.31461],[141.45617,38.31465]]],[[[141.45484,38.31505],[141.45492,38.31504],[141.45487,38.315],[141.45484,38.31505]]],[[[141.44741,38.31553],[141.44759,38.31439],[141.44692,38.31429],[141.44741,38.31553]]],[[[141.44709,38.31546],[141.44721,38.31532],[141.44692,38.31509],[141.44709,38.31546]]],[[[141.45128,38.31788],[141.45127,38.31778],[141.45122,38.31778],[141.45128,38.31788]]],[[[141.43424,38.34113],[141.43428,38.34113],[141.43416,38.34106],[141.43424,38.34113]]],[[[141.43168,38.34156],[141.43157,38.34149],[141.43168,38.34159],[141.43168,38.34156]]],[[[141.43492,38.34171],[141.43489,38.3417],[141.4349,38.34172],[141.43492,38.34171]]],[[[141.43489,38.34177],[141.43489,38.34175],[141.43488,38.34175],[141.43489,38.34177]]],[[[141.44902,38.34211],[141.449,38.34203],[141.44895,38.34209],[141.44902,38.34211]]],[[[141.43143,38.34229],[141.43146,38.34238],[141.4315,38.34236],[141.43143,38.34229]]],[[[141.43988,38.34412],[141.4399,38.34411],[141.43986,38.34405],[141.43988,38.34412]]],[[[141.42627,38.34519],[141.42626,38.34511],[141.42621,38.34512],[141.42627,38.34519]]],[[[141.4266,38.3455],[141.4263,38.34556],[141.4266,38.34593],[141.4266,38.3455]]],[[[141.42602,38.34563],[141.42605,38.34557],[141.42599,38.34557],[141.42602,38.34563]]],[[[141.42676,38.34586],[141.42678,38.34597],[141.42693,38.34597],[141.42676,38.34586]]],[[[141.42635,38.34598],[141.42607,38.34571],[141.42637,38.34613],[141.42635,38.34598]]],[[[141.42807,38.34592],[141.42804,38.34608],[141.42818,38.34606],[141.42807,38.34592]]],[[[141.42613,38.34628],[141.42573,38.34586],[141.42576,38.34606],[141.42613,38.34628]]],[[[141.42557,38.3462],[141.42555,38.34614],[141.42552,38.34614],[141.42557,38.3462]]],[[[141.42548,38.34623],[141.42548,38.34618],[141.42545,38.34619],[141.42548,38.34623]]],[[[141.42173,38.34737],[141.42164,38.34734],[141.42171,38.34739],[141.42173,38.34737]]],[[[141.4424,38.34857],[141.44234,38.34856],[141.44232,38.34859],[141.4424,38.34857]]],[[[141.44763,38.35044],[141.44811,38.35007],[141.44732,38.35012],[141.44763,38.35044]]],[[[141.44739,38.35029],[141.4462,38.35047],[141.4474,38.35036],[141.44739,38.35029]]],[[[141.42434,38.35838],[141.42444,38.35823],[141.42417,38.35827],[141.42434,38.35838]]],[[[141.42471,38.35867],[141.42467,38.35866],[141.42468,38.35867],[141.42471,38.35867]]],[[[141.42462,38.35868],[141.4246,38.3587],[141.42463,38.3587],[141.42462,38.35868]]],[[[141.42249,38.36421],[141.42623,38.36467],[141.42338,38.36372],[141.42249,38.36421]]],[[[141.43195,38.37395],[141.4319,38.37403],[141.432,38.37402],[141.43195,38.37395]]],[[[141.45856,38.37391],[141.45883,38.37422],[141.45873,38.3739],[141.45856,38.37391]]],[[[141.44595,38.37512],[141.44972,38.37437],[141.44594,38.37509],[141.44595,38.37512]]],[[[141.42291,38.3767],[141.42284,38.37665],[141.42288,38.37671],[141.42291,38.3767]]],[[[141.42321,38.37669],[141.42318,38.37673],[141.42321,38.37672],[141.42321,38.37669]]],[[[141.41739,38.37688],[141.42237,38.3798],[141.42711,38.37993],[141.41739,38.37688]]],[[[141.43771,38.38002],[141.43754,38.37972],[141.4377,38.38006],[141.43771,38.38002]]],[[[141.4292,38.38078],[141.42927,38.38077],[141.42917,38.38073],[141.4292,38.38078]]],[[[141.4343,38.38132],[141.43434,38.38126],[141.43427,38.38127],[141.4343,38.38132]]],[[[141.43225,38.39538],[141.43234,38.39537],[141.43226,38.39534],[141.43225,38.39538]]],[[[141.45989,38.43477],[141.45993,38.43477],[141.45993,38.43475],[141.45989,38.43477]]],[[[141.45937,38.43478],[141.45931,38.4348],[141.45937,38.43484],[141.45937,38.43478]]],[[[141.45935,38.43506],[141.45935,38.43511],[141.45937,38.43509],[141.45935,38.43506]]],[[[141.45946,38.43525],[141.45949,38.43523],[141.45946,38.43522],[141.45946,38.43525]]],[[[141.45906,38.43539],[141.45901,38.43543],[141.45904,38.43544],[141.45906,38.43539]]],[[[141.45909,38.43555],[141.45912,38.43559],[141.45911,38.43555],[141.45909,38.43555]]],[[[141.45904,38.43586],[141.45909,38.43582],[141.45906,38.4358],[141.45904,38.43586]]],[[[141.45875,38.43598],[141.4588,38.43598],[141.45878,38.43596],[141.45875,38.43598]]],[[[141.45887,38.436],[141.45883,38.43601],[141.45884,38.43601],[141.45887,38.436]]],[[[141.45898,38.43597],[141.45901,38.436],[141.45901,38.43598],[141.45898,38.43597]]],[[[141.45885,38.43607],[141.45882,38.43606],[141.45881,38.43609],[141.45885,38.43607]]],[[[141.45836,38.43614],[141.4584,38.43615],[141.4584,38.43613],[141.45836,38.43614]]],[[[141.45816,38.43719],[141.45784,38.43723],[141.45789,38.43732],[141.45816,38.43719]]],[[[141.45934,38.57831],[141.45912,38.57822],[141.45907,38.57835],[141.45934,38.57831]]],[[[141.47296,38.25912],[141.47294,38.25919],[141.473,38.25919],[141.47296,38.25912]]],[[[141.47311,38.25959],[141.47289,38.25953],[141.47311,38.25962],[141.47311,38.25959]]],[[[141.47138,38.25993],[141.47144,38.25996],[141.47139,38.25991],[141.47138,38.25993]]],[[[141.47185,38.26015],[141.47179,38.26019],[141.47187,38.26017],[141.47185,38.26015]]],[[[141.47263,38.2603],[141.47258,38.26026],[141.47257,38.26027],[141.47263,38.2603]]],[[[141.47178,38.26029],[141.47189,38.2603],[141.47193,38.26025],[141.47178,38.26029]]],[[[141.47166,38.26028],[141.4715,38.26031],[141.47167,38.26031],[141.47166,38.26028]]],[[[141.47246,38.26033],[141.47242,38.26036],[141.47244,38.26036],[141.47246,38.26033]]],[[[141.47184,38.26037],[141.47198,38.26038],[141.47199,38.26035],[141.47184,38.26037]]],[[[141.47161,38.26046],[141.47164,38.26052],[141.47177,38.2605],[141.47161,38.26046]]],[[[141.47149,38.26049],[141.47149,38.26059],[141.47158,38.26052],[141.47149,38.26049]]],[[[141.47265,38.26038],[141.4726,38.26066],[141.47272,38.26074],[141.47265,38.26038]]],[[[141.47156,38.26066],[141.47172,38.26067],[141.47155,38.26064],[141.47156,38.26066]]],[[[141.47181,38.26071],[141.47179,38.26064],[141.47173,38.26063],[141.47181,38.26071]]],[[[141.47188,38.26074],[141.47201,38.26071],[141.47188,38.2607],[141.47188,38.26074]]],[[[141.47177,38.261],[141.47177,38.26097],[141.47175,38.26099],[141.47177,38.261]]],[[[141.47143,38.26098],[141.47146,38.26105],[141.47156,38.26104],[141.47143,38.26098]]],[[[141.4712,38.26118],[141.47114,38.26116],[141.47115,38.2612],[141.4712,38.26118]]],[[[141.47131,38.26121],[141.47135,38.26118],[141.4713,38.26118],[141.47131,38.26121]]],[[[141.4712,38.26127],[141.47119,38.26123],[141.47114,38.26125],[141.4712,38.26127]]],[[[141.47154,38.26126],[141.47159,38.26144],[141.47172,38.26143],[141.47154,38.26126]]],[[[141.47155,38.26154],[141.47159,38.26153],[141.47154,38.26153],[141.47155,38.26154]]],[[[141.47157,38.26173],[141.47159,38.26175],[141.47159,38.26174],[141.47157,38.26173]]],[[[141.47207,38.26185],[141.47211,38.26189],[141.47214,38.26187],[141.47207,38.26185]]],[[[141.46055,38.2627],[141.46065,38.26268],[141.46062,38.26266],[141.46055,38.2627]]],[[[141.47224,38.26319],[141.47228,38.26319],[141.47222,38.26317],[141.47224,38.26319]]],[[[141.47164,38.26402],[141.47164,38.26405],[141.47167,38.26403],[141.47164,38.26402]]],[[[141.47015,38.26453],[141.47003,38.26462],[141.47019,38.2646],[141.47015,38.26453]]],[[[141.46537,38.265],[141.4658,38.26454],[141.46518,38.26494],[141.46537,38.265]]],[[[141.46477,38.26533],[141.46461,38.26514],[141.46452,38.26525],[141.46477,38.26533]]],[[[141.46442,38.26529],[141.46455,38.26538],[141.4646,38.26534],[141.46442,38.26529]]],[[[141.46662,38.26539],[141.4666,38.26543],[141.46667,38.26542],[141.46662,38.26539]]],[[[141.46867,38.26596],[141.46867,38.26608],[141.46877,38.26609],[141.46867,38.26596]]],[[[141.46512,38.26622],[141.46508,38.26639],[141.4652,38.2663],[141.46512,38.26622]]],[[[141.46505,38.26641],[141.46517,38.26655],[141.46528,38.2665],[141.46505,38.26641]]],[[[141.46624,38.26684],[141.46618,38.26681],[141.46618,38.26686],[141.46624,38.26684]]],[[[141.46027,38.26746],[141.46036,38.2675],[141.46037,38.26748],[141.46027,38.26746]]],[[[141.4612,38.26754],[141.4612,38.26748],[141.46113,38.26749],[141.4612,38.26754]]],[[[141.46026,38.26762],[141.46031,38.26756],[141.46025,38.26759],[141.46026,38.26762]]],[[[141.46087,38.26763],[141.46077,38.26777],[141.46085,38.26781],[141.46087,38.26763]]],[[[141.46267,38.26772],[141.46256,38.26772],[141.46267,38.26774],[141.46267,38.26772]]],[[[141.46029,38.26769],[141.46034,38.26777],[141.46034,38.26769],[141.46029,38.26769]]],[[[141.46139,38.26775],[141.46134,38.26772],[141.46134,38.26774],[141.46139,38.26775]]],[[[141.46184,38.26773],[141.46186,38.26775],[141.46189,38.26775],[141.46184,38.26773]]],[[[141.46049,38.26772],[141.46053,38.26784],[141.46059,38.26775],[141.46049,38.26772]]],[[[141.46133,38.26781],[141.46139,38.26778],[141.46134,38.26776],[141.46133,38.26781]]],[[[141.46201,38.26781],[141.46197,38.26779],[141.46195,38.26782],[141.46201,38.26781]]],[[[141.46162,38.26785],[141.4616,38.26787],[141.46163,38.26787],[141.46162,38.26785]]],[[[141.46153,38.26792],[141.46149,38.2679],[141.46151,38.26792],[141.46153,38.26792]]],[[[141.46285,38.26791],[141.46292,38.26791],[141.46284,38.26789],[141.46285,38.26791]]],[[[141.46157,38.26795],[141.46155,38.26789],[141.46153,38.26794],[141.46157,38.26795]]],[[[141.46168,38.2679],[141.46168,38.26797],[141.46173,38.26796],[141.46168,38.2679]]],[[[141.46311,38.26811],[141.46317,38.26822],[141.46315,38.26811],[141.46311,38.26811]]],[[[141.46357,38.26823],[141.46357,38.2682],[141.46355,38.26821],[141.46357,38.26823]]],[[[141.46327,38.26828],[141.46331,38.26829],[141.4633,38.26824],[141.46327,38.26828]]],[[[141.46332,38.26835],[141.46337,38.26839],[141.46336,38.26834],[141.46332,38.26835]]],[[[141.46362,38.26843],[141.46342,38.26825],[141.46344,38.26855],[141.46362,38.26843]]],[[[141.4637,38.26854],[141.46363,38.26852],[141.46356,38.26857],[141.4637,38.26854]]],[[[141.46614,38.26854],[141.46607,38.26859],[141.46615,38.26857],[141.46614,38.26854]]],[[[141.46582,38.26866],[141.46582,38.26871],[141.4659,38.26867],[141.46582,38.26866]]],[[[141.46566,38.26878],[141.46568,38.26881],[141.4657,38.26877],[141.46566,38.26878]]],[[[141.4648,38.26892],[141.46481,38.26896],[141.46483,38.26893],[141.4648,38.26892]]],[[[141.46468,38.269],[141.46457,38.26899],[141.46468,38.26902],[141.46468,38.269]]],[[[141.46506,38.26909],[141.46498,38.26894],[141.4649,38.26896],[141.46506,38.26909]]],[[[141.46475,38.26898],[141.46483,38.26908],[141.46485,38.26905],[141.46475,38.26898]]],[[[141.46487,38.26906],[141.46486,38.26909],[141.46491,38.26907],[141.46487,38.26906]]],[[[141.4609,38.27782],[141.46047,38.27751],[141.46043,38.27756],[141.4609,38.27782]]],[[[141.46159,38.27858],[141.4618,38.2785],[141.46153,38.27852],[141.46159,38.27858]]],[[[141.46261,38.27867],[141.46262,38.27862],[141.46258,38.27864],[141.46261,38.27867]]],[[[141.46258,38.27869],[141.4626,38.27868],[141.46257,38.27868],[141.46258,38.27869]]],[[[141.462,38.27903],[141.46203,38.27902],[141.462,38.27903],[141.462,38.27903]]],[[[141.46195,38.27922],[141.46199,38.27905],[141.46191,38.2792],[141.46195,38.27922]]],[[[141.46039,38.2804],[141.46043,38.28046],[141.46041,38.28039],[141.46039,38.2804]]],[[[141.46063,38.28055],[141.46064,38.28048],[141.4606,38.28044],[141.46063,38.28055]]],[[[141.46038,38.28047],[141.46041,38.28056],[141.46044,38.28055],[141.46038,38.28047]]],[[[141.46027,38.28052],[141.46031,38.28059],[141.46031,38.28052],[141.46027,38.28052]]],[[[141.46403,38.28201],[141.46404,38.282],[141.46403,38.282],[141.46403,38.28201]]],[[[141.46389,38.2821],[141.46389,38.28214],[141.4639,38.28211],[141.46389,38.2821]]],[[[141.46379,38.28236],[141.46386,38.28234],[141.4638,38.2823],[141.46379,38.28236]]],[[[141.46872,38.28286],[141.46867,38.28283],[141.46866,38.28285],[141.46872,38.28286]]],[[[141.47112,38.28304],[141.47108,38.28308],[141.47113,38.28307],[141.47112,38.28304]]],[[[141.46823,38.28309],[141.46804,38.28313],[141.46827,38.28311],[141.46823,38.28309]]],[[[141.46164,38.28319],[141.46171,38.28328],[141.46173,38.28321],[141.46164,38.28319]]],[[[141.46084,38.28357],[141.46083,38.28349],[141.46079,38.28352],[141.46084,38.28357]]],[[[141.4705,38.28361],[141.47056,38.28356],[141.47048,38.28359],[141.4705,38.28361]]],[[[141.46134,38.28376],[141.46136,38.2835],[141.46128,38.28374],[141.46134,38.28376]]],[[[141.47005,38.28364],[141.47015,38.2837],[141.47013,38.28364],[141.47005,38.28364]]],[[[141.47043,38.28368],[141.47063,38.28376],[141.47066,38.28373],[141.47043,38.28368]]],[[[141.47126,38.28384],[141.47127,38.28392],[141.47132,38.28389],[141.47126,38.28384]]],[[[141.46616,38.30556],[141.46604,38.30572],[141.46618,38.30573],[141.46616,38.30556]]],[[[141.4663,38.30595],[141.46632,38.30598],[141.46635,38.30597],[141.4663,38.30595]]],[[[141.46725,38.30605],[141.4672,38.3059],[141.46722,38.30608],[141.46725,38.30605]]],[[[141.46523,38.30607],[141.46523,38.30616],[141.46528,38.30614],[141.46523,38.30607]]],[[[141.4659,38.30609],[141.46591,38.30616],[141.46596,38.30617],[141.4659,38.30609]]],[[[141.46782,38.30625],[141.46771,38.30608],[141.46769,38.30609],[141.46782,38.30625]]],[[[141.46806,38.30623],[141.46806,38.30618],[141.46804,38.30618],[141.46806,38.30623]]],[[[141.46796,38.30632],[141.46799,38.30623],[141.46791,38.30622],[141.46796,38.30632]]],[[[141.46535,38.30626],[141.46526,38.30629],[141.4653,38.30634],[141.46535,38.30626]]],[[[141.46606,38.30636],[141.466,38.30639],[141.46607,38.3064],[141.46606,38.30636]]],[[[141.46617,38.30651],[141.46607,38.3065],[141.46614,38.30657],[141.46617,38.30651]]],[[[141.46875,38.30668],[141.46887,38.30671],[141.46874,38.30658],[141.46875,38.30668]]],[[[141.46425,38.30682],[141.46425,38.30681],[141.46424,38.30682],[141.46425,38.30682]]],[[[141.46601,38.30685],[141.46589,38.30677],[141.46597,38.30687],[141.46601,38.30685]]],[[[141.47081,38.30693],[141.47081,38.30696],[141.47084,38.30695],[141.47081,38.30693]]],[[[141.46907,38.30697],[141.46899,38.30697],[141.46907,38.30701],[141.46907,38.30697]]],[[[141.47089,38.30705],[141.47094,38.307],[141.47086,38.307],[141.47089,38.30705]]],[[[141.47056,38.30707],[141.47052,38.3072],[141.47063,38.30724],[141.47056,38.30707]]],[[[141.46396,38.30724],[141.46393,38.30714],[141.4639,38.30717],[141.46396,38.30724]]],[[[141.46989,38.30741],[141.46984,38.3074],[141.46989,38.30742],[141.46989,38.30741]]],[[[141.46976,38.30777],[141.46967,38.30772],[141.46969,38.30775],[141.46976,38.30777]]],[[[141.47084,38.30772],[141.47099,38.30788],[141.47092,38.30769],[141.47084,38.30772]]],[[[141.46233,38.3079],[141.46241,38.30789],[141.46235,38.30787],[141.46233,38.3079]]],[[[141.47056,38.30789],[141.47054,38.30792],[141.47057,38.30793],[141.47056,38.30789]]],[[[141.47067,38.30781],[141.47076,38.30802],[141.47082,38.30803],[141.47067,38.30781]]],[[[141.47053,38.30799],[141.47051,38.30793],[141.4705,38.308],[141.47053,38.30799]]],[[[141.47041,38.30801],[141.47043,38.30801],[141.47046,38.30792],[141.47041,38.30796],[141.47041,38.30801]]],[[[141.46286,38.30799],[141.46285,38.30797],[141.46284,38.30801],[141.46286,38.30799]]],[[[141.47053,38.30804],[141.47045,38.30803],[141.47046,38.30806],[141.47053,38.30804]]],[[[141.47096,38.30804],[141.47105,38.30811],[141.47096,38.30798],[141.47096,38.30804]]],[[[141.47057,38.3081],[141.47059,38.3081],[141.47059,38.30809],[141.47057,38.3081]]],[[[141.47053,38.30815],[141.4705,38.30816],[141.47053,38.30818],[141.47053,38.30815]]],[[[141.46247,38.30827],[141.46251,38.30823],[141.46246,38.30824],[141.46247,38.30827]]],[[[141.46152,38.30872],[141.46154,38.30874],[141.46154,38.30872],[141.46152,38.30872]]],[[[141.46211,38.30875],[141.46209,38.30875],[141.46211,38.30876],[141.46211,38.30875]]],[[[141.46215,38.30885],[141.46217,38.30886],[141.46216,38.30884],[141.46215,38.30885]]],[[[141.46173,38.30891],[141.46169,38.30886],[141.46171,38.30892],[141.46173,38.30891]]],[[[141.46881,38.32522],[141.46911,38.32486],[141.46868,38.32477],[141.46881,38.32522]]],[[[141.46667,38.32598],[141.466,38.32536],[141.46594,38.32541],[141.46667,38.32598]]],[[[141.4667,38.3273],[141.46761,38.32699],[141.4666,38.32635],[141.4667,38.3273]]],[[[141.46673,38.328],[141.46674,38.32788],[141.46673,38.32788],[141.46673,38.328]]],[[[141.46706,38.32795],[141.46708,38.32799],[141.46708,38.32794],[141.46706,38.32795]]],[[[141.46996,38.40294],[141.47002,38.40301],[141.47004,38.40297],[141.46996,38.40294]]],[[[141.47009,38.40297],[141.47013,38.40302],[141.47017,38.40302],[141.47009,38.40297]]],[[[141.47017,38.40307],[141.47014,38.40308],[141.4702,38.40313],[141.47017,38.40307]]],[[[141.47168,38.40464],[141.47177,38.40462],[141.47167,38.40461],[141.47168,38.40464]]],[[[141.47097,38.40507],[141.471,38.4051],[141.47101,38.40508],[141.47097,38.40507]]],[[[141.47225,38.41416],[141.47249,38.41432],[141.47224,38.41413],[141.47225,38.41416]]],[[[141.47264,38.41425],[141.47272,38.41427],[141.47264,38.41423],[141.47264,38.41425]]],[[[141.4724,38.41436],[141.47237,38.41437],[141.47239,38.4144],[141.4724,38.41436]]],[[[141.47252,38.41442],[141.4725,38.41452],[141.47258,38.41452],[141.47252,38.41442]]],[[[141.47109,38.41479],[141.47105,38.41483],[141.47109,38.41481],[141.47109,38.41479]]],[[[141.4713,38.41503],[141.47137,38.415],[141.47131,38.41499],[141.4713,38.41503]]],[[[141.47145,38.41516],[141.47132,38.41507],[141.47122,38.415],[141.47117,38.41508],[141.47145,38.41516]]],[[[141.47221,38.41634],[141.47218,38.41636],[141.47221,38.41637],[141.47221,38.41634]]],[[[141.47283,38.42346],[141.47291,38.42349],[141.47292,38.42346],[141.47283,38.42346]]],[[[141.47279,38.42356],[141.47275,38.4235],[141.47272,38.42353],[141.47279,38.42356]]],[[[141.47285,38.42352],[141.47285,38.42357],[141.4729,38.42355],[141.47285,38.42352]]],[[[141.47293,38.42373],[141.47297,38.42372],[141.47292,38.42372],[141.47293,38.42373]]],[[[141.46379,38.42392],[141.46384,38.42392],[141.4638,38.4239],[141.46379,38.42392]]],[[[141.47289,38.42385],[141.47308,38.4238],[141.4729,38.42381],[141.47289,38.42385]]],[[[141.47278,38.42406],[141.4728,38.42411],[141.4728,38.42409],[141.47278,38.42406]]],[[[141.4663,38.42413],[141.46626,38.42414],[141.4663,38.42415],[141.4663,38.42413]]],[[[141.47267,38.42433],[141.47271,38.42436],[141.47267,38.42431],[141.47267,38.42433]]],[[[141.46847,38.42462],[141.46851,38.4246],[141.46848,38.4246],[141.46847,38.42462]]],[[[141.46845,38.42465],[141.46849,38.42466],[141.46847,38.42464],[141.46845,38.42465]]],[[[141.46968,38.42467],[141.46971,38.4247],[141.46974,38.42468],[141.46968,38.42467]]],[[[141.46894,38.4247],[141.46899,38.42469],[141.46894,38.42467],[141.46894,38.4247]]],[[[141.46843,38.42469],[141.46848,38.42472],[141.46846,38.42467],[141.46843,38.42469]]],[[[141.4726,38.42476],[141.47255,38.42476],[141.47257,38.42477],[141.4726,38.42476]]],[[[141.46871,38.42477],[141.46875,38.42476],[141.46872,38.42473],[141.46871,38.42477]]],[[[141.46857,38.42481],[141.46852,38.42475],[141.46848,38.42477],[141.46857,38.42481]]],[[[141.47215,38.42553],[141.47208,38.42537],[141.47198,38.42552],[141.47215,38.42553]]],[[[141.46392,38.42573],[141.46395,38.42572],[141.46391,38.42572],[141.46392,38.42573]]],[[[141.47172,38.42581],[141.47179,38.42569],[141.47167,38.42573],[141.47172,38.42581]]],[[[141.4716,38.42595],[141.47163,38.42577],[141.47156,38.42584],[141.4716,38.42595]]],[[[141.47151,38.42595],[141.47156,38.42595],[141.47151,38.42593],[141.47151,38.42595]]],[[[141.46428,38.42597],[141.4643,38.42594],[141.46427,38.42594],[141.46428,38.42597]]],[[[141.47147,38.42597],[141.47153,38.426],[141.47149,38.42596],[141.47147,38.42597]]],[[[141.46476,38.42612],[141.46466,38.4261],[141.46468,38.42616],[141.46476,38.42612]]],[[[141.46418,38.42614],[141.4642,38.42619],[141.46421,38.42614],[141.46418,38.42614]]],[[[141.47171,38.42628],[141.47174,38.42632],[141.47175,38.42628],[141.47171,38.42628]]],[[[141.46417,38.42633],[141.46427,38.42634],[141.46428,38.4263],[141.46417,38.42633]]],[[[141.46553,38.4279],[141.46547,38.42791],[141.46551,38.42795],[141.46553,38.4279]]],[[[141.46568,38.42878],[141.46555,38.42889],[141.46581,38.42889],[141.46568,38.42878]]],[[[141.46564,38.42915],[141.46566,38.42914],[141.46564,38.42914],[141.46564,38.42915]]],[[[141.46541,38.42936],[141.46547,38.42937],[141.46541,38.42934],[141.46541,38.42936]]],[[[141.46585,38.42943],[141.46598,38.42951],[141.46599,38.4295],[141.46585,38.42943]]],[[[141.46605,38.42955],[141.46605,38.42951],[141.466,38.42951],[141.46605,38.42955]]],[[[141.46616,38.43039],[141.46616,38.43044],[141.46617,38.43039],[141.46616,38.43039]]],[[[141.4658,38.43038],[141.46574,38.43046],[141.46577,38.43046],[141.4658,38.43038]]],[[[141.4661,38.43058],[141.46614,38.43059],[141.46614,38.43057],[141.4661,38.43058]]],[[[141.46555,38.43096],[141.46553,38.43094],[141.46549,38.43094],[141.46555,38.43096]]],[[[141.46542,38.43096],[141.46542,38.43101],[141.46546,38.43097],[141.46542,38.43096]]],[[[141.46537,38.43121],[141.46541,38.43119],[141.46537,38.43119],[141.46537,38.43121]]],[[[141.46547,38.43147],[141.46544,38.43139],[141.46536,38.43141],[141.46547,38.43147]]],[[[141.46489,38.43168],[141.46502,38.43182],[141.46512,38.43177],[141.46489,38.43168]]],[[[141.4638,38.43307],[141.46369,38.43303],[141.46367,38.43303],[141.4638,38.43307]]],[[[141.46796,38.43862],[141.46789,38.43858],[141.46787,38.43862],[141.46796,38.43862]]],[[[141.46913,38.43864],[141.4691,38.43865],[141.46911,38.43866],[141.46913,38.43864]]],[[[141.46893,38.43875],[141.46892,38.43871],[141.46891,38.43872],[141.46893,38.43875]]],[[[141.46943,38.43875],[141.46941,38.43873],[141.46939,38.43875],[141.46943,38.43875]]],[[[141.4704,38.43902],[141.47035,38.43901],[141.47035,38.43902],[141.4704,38.43902]]],[[[141.47006,38.4391],[141.47005,38.43899],[141.47004,38.43911],[141.47006,38.4391]]],[[[141.4712,38.43921],[141.47122,38.43918],[141.47119,38.43919],[141.4712,38.43921]]],[[[141.47235,38.44016],[141.47233,38.44014],[141.47233,38.44015],[141.47235,38.44016]]],[[[141.4723,38.44026],[141.47232,38.44019],[141.47231,38.44017],[141.47226,38.44023],[141.4723,38.44026]]],[[[141.4721,38.44025],[141.47219,38.44024],[141.4721,38.44022],[141.4721,38.44025]]],[[[141.4662,38.44064],[141.46613,38.44064],[141.46621,38.44069],[141.4662,38.44064]]],[[[141.4647,38.44148],[141.46465,38.44149],[141.46466,38.4415],[141.4647,38.44148]]],[[[141.46425,38.44218],[141.46424,38.44221],[141.46429,38.44219],[141.46425,38.44218]]],[[[141.4613,38.44321],[141.46134,38.44322],[141.46182,38.44268],[141.4613,38.44321]]],[[[141.46759,38.56118],[141.4676,38.56132],[141.4677,38.56129],[141.46759,38.56118]]],[[[141.47295,38.56132],[141.473,38.56134],[141.47299,38.5613],[141.47295,38.56132]]],[[[141.47287,38.56134],[141.4729,38.56137],[141.4729,38.56133],[141.47287,38.56134]]],[[[141.46394,38.56141],[141.46367,38.5613],[141.46392,38.56148],[141.46394,38.56141]]],[[[141.47287,38.56139],[141.4729,38.56144],[141.47291,38.5614],[141.47287,38.56139]]],[[[141.46969,38.56141],[141.46973,38.56147],[141.46971,38.5614],[141.46969,38.56141]]],[[[141.4697,38.56153],[141.46976,38.56158],[141.46977,38.56154],[141.4697,38.56153]]],[[[141.47296,38.5617],[141.47297,38.56168],[141.47296,38.56168],[141.47296,38.5617]]],[[[141.46844,38.56175],[141.4685,38.56174],[141.4685,38.56172],[141.46844,38.56175]]],[[[141.46862,38.5622],[141.46866,38.56226],[141.4687,38.5622],[141.46862,38.5622]]],[[[141.48004,38.24909],[141.47983,38.24906],[141.47967,38.24913],[141.48004,38.24909]]],[[[141.47978,38.24979],[141.48013,38.24967],[141.47953,38.24978],[141.47978,38.24979]]],[[[141.47871,38.25072],[141.47857,38.25076],[141.47876,38.25076],[141.47871,38.25072]]],[[[141.4772,38.25173],[141.47739,38.25154],[141.47712,38.25168],[141.4772,38.25173]]],[[[141.47526,38.25186],[141.47497,38.25171],[141.47497,38.25192],[141.47526,38.25186]]],[[[141.47523,38.25267],[141.47528,38.25261],[141.4752,38.2526],[141.47523,38.25267]]],[[[141.47506,38.25298],[141.47506,38.25288],[141.47502,38.25288],[141.47506,38.25298]]],[[[141.47487,38.25291],[141.47479,38.25298],[141.47491,38.25301],[141.47487,38.25291]]],[[[141.47521,38.25432],[141.47516,38.2543],[141.47516,38.25432],[141.47521,38.25432]]],[[[141.47454,38.25453],[141.47458,38.2546],[141.4746,38.25457],[141.47454,38.25453]]],[[[141.4744,38.25496],[141.47448,38.25506],[141.47451,38.255],[141.4744,38.25496]]],[[[141.4733,38.255],[141.47339,38.25507],[141.47342,38.25506],[141.4733,38.255]]],[[[141.47382,38.2552],[141.47368,38.25513],[141.4738,38.25526],[141.47382,38.2552]]],[[[141.47458,38.25527],[141.47404,38.255],[141.47464,38.2555],[141.47458,38.25527]]],[[[141.47469,38.2555],[141.47491,38.25516],[141.47472,38.25515],[141.47469,38.2555]]],[[[141.47355,38.25683],[141.4735,38.25677],[141.47348,38.2568],[141.47355,38.25683]]],[[[141.47363,38.25685],[141.4736,38.2568],[141.47358,38.25684],[141.47363,38.25685]]],[[[141.47373,38.25684],[141.47366,38.25692],[141.4738,38.25686],[141.47373,38.25684]]],[[[141.47379,38.25696],[141.47376,38.25697],[141.47381,38.25698],[141.47379,38.25696]]],[[[141.47414,38.25701],[141.47394,38.25697],[141.47386,38.25702],[141.47414,38.25701]]],[[[141.47428,38.25706],[141.47424,38.25702],[141.47422,38.25705],[141.47428,38.25706]]],[[[141.47408,38.2571],[141.47411,38.25706],[141.47404,38.25709],[141.47408,38.2571]]],[[[141.47356,38.25762],[141.47359,38.25755],[141.47353,38.25761],[141.47356,38.25762]]],[[[141.47322,38.25973],[141.47323,38.25967],[141.47317,38.25973],[141.47322,38.25973]]],[[[141.4705,38.28338],[141.48964,38.25939],[141.49486,38.25539],[141.49914,38.25698],[141.49912,38.25648],[141.49805,38.25647],[141.49715,38.25538],[141.49648,38.25117],[141.4987,38.24918],[141.49977,38.2492],[141.4992,38.2489],[141.50119,38.24704],[141.50086,38.24681],[141.50062,38.24601],[141.49479,38.25102],[141.49308,38.25103],[141.49023,38.24898],[141.48835,38.25105],[141.4815,38.25185],[141.47998,38.24991],[141.47899,38.25018],[141.47947,38.25039],[141.47811,38.2519],[141.47539,38.25286],[141.47548,38.25592],[141.47397,38.25812],[141.47317,38.25802],[141.47365,38.26008],[141.47319,38.2606],[141.4716,38.26109],[141.47258,38.26222],[141.47221,38.26378],[141.46806,38.26672],[141.46497,38.26512],[141.46694,38.2674],[141.46651,38.26862],[141.46511,38.26927],[141.46137,38.26822],[141.46109,38.26763],[141.46044,38.26814],[141.45928,38.26811],[141.45867,38.2678],[141.45852,38.26807],[141.45773,38.26844],[141.45701,38.26824],[141.4705,38.28338]]],[[[141.48034,38.2789],[141.48028,38.27889],[141.48033,38.27892],[141.48034,38.2789]]],[[[141.4806,38.27897],[141.48042,38.27893],[141.48086,38.27914],[141.4806,38.27897]]],[[[141.48024,38.27929],[141.48012,38.27934],[141.48028,38.27934],[141.48024,38.27929]]],[[[141.47969,38.27946],[141.47971,38.27939],[141.47965,38.27945],[141.47969,38.27946]]],[[[141.47916,38.27954],[141.47894,38.27957],[141.47931,38.27969],[141.47916,38.27954]]],[[[141.47804,38.27966],[141.47808,38.2796],[141.47799,38.27962],[141.47804,38.27966]]],[[[141.47768,38.27971],[141.47774,38.27966],[141.47765,38.2796],[141.47768,38.27971]]],[[[141.4778,38.2798],[141.47776,38.27978],[141.47775,38.2798],[141.4778,38.2798]]],[[[141.47706,38.27995],[141.47704,38.2799],[141.477,38.27994],[141.47706,38.27995]]],[[[141.47715,38.27994],[141.47712,38.27993],[141.47712,38.27995],[141.47715,38.27994]]],[[[141.47688,38.28005],[141.47684,38.28007],[141.47688,38.28006],[141.47688,38.28005]]],[[[141.47626,38.28016],[141.47628,38.28019],[141.47629,38.28018],[141.47626,38.28016]]],[[[141.47676,38.28018],[141.47687,38.28017],[141.47675,38.28018],[141.47676,38.28018]]],[[[141.47477,38.30063],[141.47462,38.3006],[141.47462,38.30062],[141.47477,38.30063]]],[[[141.47606,38.30068],[141.47596,38.30064],[141.47598,38.30067],[141.47606,38.30068]]],[[[141.47472,38.30069],[141.4747,38.30073],[141.47472,38.30073],[141.47472,38.30069]]],[[[141.47477,38.3008],[141.47472,38.30081],[141.47477,38.30082],[141.47477,38.3008]]],[[[141.47508,38.30086],[141.47513,38.30092],[141.47514,38.30092],[141.47508,38.30086]]],[[[141.47475,38.30089],[141.4748,38.30099],[141.47481,38.3009],[141.47475,38.30089]]],[[[141.47558,38.30094],[141.47561,38.30096],[141.47561,38.30095],[141.47558,38.30094]]],[[[141.47541,38.30099],[141.47536,38.301],[141.4754,38.30101],[141.47541,38.30099]]],[[[141.47541,38.30119],[141.47524,38.3009],[141.47511,38.30113],[141.47541,38.30119]]],[[[141.4737,38.3015],[141.47366,38.3015],[141.47371,38.30151],[141.4737,38.3015]]],[[[141.47416,38.30162],[141.47398,38.30136],[141.47404,38.30168],[141.47416,38.30162]]],[[[141.47376,38.30154],[141.4738,38.30156],[141.47379,38.30152],[141.47376,38.30154]]],[[[141.47372,38.3016],[141.47365,38.30154],[141.4737,38.3016],[141.47372,38.3016]]],[[[141.47375,38.30156],[141.47377,38.30157],[141.47379,38.30157],[141.47375,38.30156]]],[[[141.47671,38.30156],[141.47662,38.30159],[141.47675,38.30161],[141.47671,38.30156]]],[[[141.47376,38.3016],[141.47382,38.30166],[141.47381,38.3016],[141.47376,38.3016]]],[[[141.47397,38.30164],[141.47398,38.30168],[141.47399,38.30167],[141.47397,38.30164]]],[[[141.47385,38.3017],[141.47391,38.30165],[141.47387,38.30162],[141.47385,38.3017]]],[[[141.47418,38.30171],[141.47414,38.30167],[141.47416,38.30172],[141.47418,38.30171]]],[[[141.4737,38.30162],[141.47383,38.30176],[141.47371,38.30161],[141.4737,38.30162]]],[[[141.4758,38.30201],[141.4761,38.30076],[141.47512,38.30165],[141.47578,38.30268],[141.4758,38.30201]]],[[[141.47405,38.30172],[141.47407,38.30171],[141.47406,38.3017],[141.47405,38.30172]]],[[[141.47411,38.30174],[141.47411,38.30172],[141.4741,38.30172],[141.47411,38.30174]]],[[[141.47649,38.30176],[141.47654,38.3018],[141.47655,38.30177],[141.47649,38.30176]]],[[[141.47356,38.30173],[141.47377,38.30183],[141.47357,38.30171],[141.47356,38.30173]]],[[[141.47407,38.30178],[141.47412,38.3018],[141.47412,38.30177],[141.47407,38.30178]]],[[[141.47419,38.3018],[141.47419,38.30178],[141.47418,38.30178],[141.47419,38.3018]]],[[[141.47646,38.3019],[141.47645,38.30188],[141.47644,38.3019],[141.47646,38.3019]]],[[[141.47652,38.30187],[141.4765,38.30192],[141.47662,38.3019],[141.47652,38.30187]]],[[[141.47626,38.30192],[141.47625,38.30191],[141.47624,38.30192],[141.47626,38.30192]]],[[[141.4741,38.30196],[141.47406,38.30191],[141.47409,38.30198],[141.4741,38.30196]]],[[[141.47377,38.30192],[141.47375,38.30198],[141.47377,38.30197],[141.47377,38.30192]]],[[[141.4763,38.30201],[141.4763,38.30207],[141.47639,38.30204],[141.4763,38.30201]]],[[[141.47393,38.30223],[141.47402,38.30223],[141.47393,38.30219],[141.47393,38.30223]]],[[[141.47402,38.30235],[141.47401,38.30232],[141.47399,38.30234],[141.47402,38.30235]]],[[[141.47624,38.30295],[141.47618,38.30296],[141.47617,38.30301],[141.47624,38.30295]]],[[[141.47605,38.30322],[141.47619,38.30283],[141.4758,38.30287],[141.47605,38.30322]]],[[[141.4757,38.30301],[141.47571,38.30306],[141.47575,38.30302],[141.4757,38.30301]]],[[[141.47981,38.3068],[141.47986,38.3068],[141.47984,38.30678],[141.47981,38.3068]]],[[[141.47617,38.30731],[141.47612,38.3073],[141.47612,38.30733],[141.47617,38.30731]]],[[[141.47626,38.30736],[141.47609,38.30738],[141.47611,38.30742],[141.47626,38.30736]]],[[[141.47599,38.30741],[141.47596,38.30742],[141.47602,38.30744],[141.47599,38.30741]]],[[[141.4776,38.39948],[141.4775,38.39964],[141.47763,38.39954],[141.4776,38.39948]]],[[[141.47731,38.39992],[141.47738,38.3999],[141.47749,38.39993],[141.47746,38.39988],[141.47738,38.39988],[141.47731,38.39992]]],[[[141.47314,38.40903],[141.47313,38.40899],[141.47311,38.409],[141.47314,38.40903]]],[[[141.47329,38.4092],[141.47326,38.40915],[141.47325,38.40916],[141.47329,38.4092]]],[[[141.47333,38.40919],[141.47332,38.40916],[141.4733,38.40918],[141.47333,38.40919]]],[[[141.47342,38.40924],[141.47335,38.40925],[141.47349,38.40931],[141.47342,38.40924]]],[[[141.47423,38.41132],[141.47441,38.41135],[141.4743,38.41122],[141.47423,38.41132]]],[[[141.47448,38.41196],[141.47453,38.41207],[141.47457,38.4121],[141.47448,38.41196]]],[[[141.47447,38.41212],[141.47443,38.41203],[141.47438,38.412],[141.47447,38.41212]]],[[[141.47467,38.41209],[141.47462,38.41205],[141.47467,38.4121],[141.47467,38.41209]]],[[[141.47491,38.4124],[141.47484,38.41225],[141.47478,38.41225],[141.47491,38.4124]]],[[[141.47451,38.41373],[141.47453,38.41371],[141.47451,38.41372],[141.47451,38.41373]]],[[[141.47475,38.41379],[141.47475,38.41375],[141.47473,38.41376],[141.47475,38.41379]]],[[[141.47469,38.41377],[141.47468,38.4138],[141.47473,38.41382],[141.47469,38.41377]]],[[[141.47463,38.41384],[141.47451,38.4138],[141.47461,38.41386],[141.47463,38.41384]]],[[[141.4743,38.41426],[141.47436,38.41429],[141.47428,38.41422],[141.4743,38.41426]]],[[[141.47471,38.41435],[141.47463,38.41423],[141.47458,38.41424],[141.47471,38.41435]]],[[[141.47346,38.41468],[141.47349,38.41471],[141.47351,38.41468],[141.47346,38.41468]]],[[[141.47402,38.41792],[141.47409,38.4179],[141.474,38.41783],[141.47402,38.41792]]],[[[141.47428,38.41803],[141.47429,38.41801],[141.47427,38.41801],[141.47428,38.41803]]],[[[141.47487,38.41905],[141.47491,38.41903],[141.47487,38.41903],[141.47487,38.41905]]],[[[141.47484,38.41902],[141.47482,38.41912],[141.47491,38.41913],[141.47484,38.41902]]],[[[141.47501,38.41925],[141.47499,38.41928],[141.47502,38.41929],[141.47501,38.41925]]],[[[141.47503,38.41955],[141.47507,38.41943],[141.47496,38.41936],[141.47503,38.41955]]],[[[141.47502,38.4201],[141.47494,38.42004],[141.47501,38.42011],[141.47502,38.4201]]],[[[141.47429,38.42059],[141.47446,38.42076],[141.47438,38.42059],[141.47429,38.42059]]],[[[141.47435,38.42073],[141.47431,38.42075],[141.47439,38.42082],[141.47435,38.42073]]],[[[141.47463,38.42092],[141.47452,38.42084],[141.47463,38.42094],[141.47463,38.42092]]],[[[141.4741,38.42107],[141.47435,38.42127],[141.47411,38.42105],[141.4741,38.42107]]],[[[141.47441,38.42135],[141.47442,38.42132],[141.47439,38.42132],[141.47441,38.42135]]],[[[141.47408,38.42159],[141.47403,38.42159],[141.47408,38.42162],[141.47408,38.42159]]],[[[141.47408,38.42206],[141.47392,38.42209],[141.47399,38.42213],[141.47408,38.42206]]],[[[141.47332,38.42286],[141.47332,38.42293],[141.47337,38.42288],[141.47332,38.42286]]],[[[141.47333,38.42295],[141.47341,38.42299],[141.47341,38.42298],[141.47333,38.42295]]],[[[141.4812,38.43746],[141.48121,38.4374],[141.4812,38.43741],[141.4812,38.43746]]],[[[141.48113,38.43744],[141.48114,38.43741],[141.4811,38.43743],[141.48113,38.43744]]],[[[141.48138,38.43745],[141.4814,38.43745],[141.48138,38.43743],[141.48138,38.43745]]],[[[141.47599,38.43817],[141.47595,38.43818],[141.47592,38.43819],[141.47599,38.43817]]],[[[141.47577,38.4383],[141.47575,38.43828],[141.47576,38.43831],[141.47577,38.4383]]],[[[141.47506,38.43838],[141.47505,38.43841],[141.47506,38.43839],[141.47506,38.43838]]],[[[141.4758,38.43839],[141.47578,38.43839],[141.4758,38.4384],[141.4758,38.43839]]],[[[141.47547,38.43862],[141.47531,38.43818],[141.4751,38.43827],[141.47547,38.43862]]],[[[141.47585,38.43847],[141.47586,38.43845],[141.47585,38.43845],[141.47585,38.43847]]],[[[141.47505,38.43846],[141.47506,38.43847],[141.47506,38.43846],[141.47505,38.43846]]],[[[141.47615,38.43854],[141.47619,38.43853],[141.47617,38.43851],[141.47615,38.43854]]],[[[141.47583,38.43853],[141.47585,38.43857],[141.47586,38.43853],[141.47583,38.43853]]],[[[141.47603,38.43864],[141.47599,38.43865],[141.47602,38.43867],[141.47603,38.43864]]],[[[141.47491,38.43865],[141.47484,38.43866],[141.47491,38.43869],[141.47491,38.43865]]],[[[141.47485,38.43879],[141.47478,38.43877],[141.47483,38.4388],[141.47485,38.43879]]],[[[141.47475,38.43887],[141.47471,38.43887],[141.47472,38.43889],[141.47475,38.43887]]],[[[141.47602,38.43897],[141.47606,38.43898],[141.47603,38.43896],[141.47602,38.43897]]],[[[141.47661,38.43931],[141.47661,38.43928],[141.47658,38.4393],[141.47661,38.43931]]],[[[141.47472,38.43986],[141.47473,38.43988],[141.47474,38.43986],[141.47472,38.43986]]],[[[141.48144,38.46301],[141.48148,38.46298],[141.48147,38.46298],[141.48144,38.46301]]],[[[141.48149,38.46301],[141.48151,38.46302],[141.48151,38.46299],[141.48149,38.46301]]],[[[141.48157,38.46304],[141.48152,38.46308],[141.48158,38.46309],[141.48157,38.46304]]],[[[141.47991,38.46329],[141.4799,38.46327],[141.47989,38.46328],[141.47991,38.46329]]],[[[141.48026,38.46855],[141.48027,38.4685],[141.48026,38.4685],[141.48026,38.46855]]],[[[141.47993,38.46892],[141.47986,38.46885],[141.47989,38.46893],[141.47993,38.46892]]],[[[141.47993,38.46905],[141.47985,38.46901],[141.47988,38.4691],[141.47993,38.46905]]],[[[141.47797,38.55702],[141.478,38.5571],[141.47799,38.55701],[141.47797,38.55702]]],[[[141.47831,38.55713],[141.47835,38.55717],[141.47835,38.55713],[141.47831,38.55713]]],[[[141.47735,38.55731],[141.47732,38.55737],[141.47737,38.55737],[141.47735,38.55731]]],[[[141.47835,38.55738],[141.47837,38.55742],[141.47838,38.5574],[141.47835,38.55738]]],[[[141.47855,38.55744],[141.47857,38.55743],[141.47857,38.55742],[141.47855,38.55744]]],[[[141.47722,38.55786],[141.47749,38.55769],[141.47751,38.55745],[141.47719,38.5575],[141.47722,38.55786]]],[[[141.4784,38.55801],[141.47841,38.55798],[141.4784,38.55798],[141.4784,38.55801]]],[[[141.47852,38.55798],[141.47848,38.5581],[141.47857,38.55807],[141.47852,38.55798]]],[[[141.48134,38.55802],[141.48137,38.55806],[141.48139,38.55804],[141.48134,38.55802]]],[[[141.48127,38.5581],[141.48128,38.55809],[141.48127,38.55809],[141.48127,38.5581]]],[[[141.47633,38.55869],[141.47634,38.55873],[141.47637,38.55871],[141.47633,38.55869]]],[[[141.4803,38.55872],[141.48033,38.55873],[141.48032,38.55871],[141.4803,38.55872]]],[[[141.48114,38.55878],[141.48116,38.55877],[141.48114,38.55877],[141.48114,38.55878]]],[[[141.47649,38.55888],[141.4765,38.55887],[141.47648,38.55884],[141.47649,38.55888]]],[[[141.47926,38.55889],[141.47932,38.55899],[141.47934,38.55889],[141.47926,38.55889]]],[[[141.47993,38.55895],[141.47997,38.559],[141.48,38.55897],[141.47993,38.55895]]],[[[141.48002,38.55899],[141.48006,38.55904],[141.48005,38.55898],[141.48002,38.55899]]],[[[141.47594,38.55904],[141.47594,38.559],[141.47592,38.55904],[141.47594,38.55904]]],[[[141.47638,38.55907],[141.47632,38.55914],[141.47642,38.55909],[141.47638,38.55907]]],[[[141.47669,38.55961],[141.47671,38.55963],[141.47672,38.55962],[141.47669,38.55961]]],[[[141.47636,38.5605],[141.47638,38.56051],[141.47637,38.56049],[141.47636,38.5605]]],[[[141.47632,38.56055],[141.47634,38.56054],[141.47632,38.56054],[141.47632,38.56055]]],[[[141.4764,38.56063],[141.47641,38.56061],[141.47639,38.56061],[141.4764,38.56063]]],[[[141.47633,38.5606],[141.47638,38.56065],[141.47637,38.5606],[141.47633,38.5606]]],[[[141.47635,38.56071],[141.47636,38.56069],[141.47635,38.5607],[141.47635,38.56071]]],[[[141.47741,38.56074],[141.47744,38.56076],[141.47745,38.56074],[141.47741,38.56074]]],[[[141.47857,38.56118],[141.47849,38.56139],[141.47865,38.56136],[141.47857,38.56118]]],[[[141.47846,38.56178],[141.47878,38.56177],[141.47871,38.56159],[141.47846,38.56178]]],[[[141.47333,38.56187],[141.47334,38.56177],[141.47326,38.56182],[141.47333,38.56187]]],[[[141.47794,38.56184],[141.47796,38.56182],[141.47795,38.56182],[141.47794,38.56184]]],[[[141.47842,38.56199],[141.47847,38.56204],[141.47848,38.56202],[141.47842,38.56199]]],[[[141.47826,38.56204],[141.4783,38.56204],[141.47825,38.56202],[141.47826,38.56204]]],[[[141.47726,38.56284],[141.47725,38.56291],[141.47729,38.56285],[141.47726,38.56284]]],[[[141.47657,38.56304],[141.47678,38.56303],[141.47665,38.56285],[141.47657,38.56304]]],[[[141.47726,38.56309],[141.47729,38.5631],[141.47729,38.56308],[141.47726,38.56309]]],[[[141.4771,38.5631],[141.47714,38.56313],[141.47714,38.56309],[141.4771,38.5631]]],[[[141.4779,38.56365],[141.47854,38.56275],[141.47744,38.56296],[141.4779,38.56365]]],[[[141.47757,38.5645],[141.47848,38.56419],[141.47756,38.56362],[141.47757,38.5645]]],[[[141.47738,38.56405],[141.47733,38.56408],[141.4774,38.56408],[141.47738,38.56405]]],[[[141.47811,38.56457],[141.47815,38.56461],[141.47816,38.56459],[141.47811,38.56457]]],[[[141.4781,38.56462],[141.47814,38.56463],[141.47814,38.56462],[141.4781,38.56462]]],[[[141.47856,38.56484],[141.47859,38.56488],[141.47861,38.56487],[141.47856,38.56484]]],[[[141.47859,38.5649],[141.47857,38.56496],[141.47862,38.56495],[141.47859,38.5649]]],[[[141.47778,38.56463],[141.47826,38.56543],[141.47855,38.56496],[141.47778,38.56463]]],[[[141.4789,38.56501],[141.4789,38.56509],[141.47894,38.56506],[141.4789,38.56501]]],[[[141.47869,38.56509],[141.47875,38.56513],[141.4787,38.56507],[141.47869,38.56509]]],[[[141.47878,38.56511],[141.47881,38.56513],[141.47878,38.56511],[141.47878,38.56511]]],[[[141.47866,38.56522],[141.47859,38.56507],[141.47849,38.56507],[141.47866,38.56522]]],[[[141.4786,38.56539],[141.47864,38.5654],[141.4786,38.56538],[141.4786,38.56539]]],[[[141.47865,38.56544],[141.47868,38.56543],[141.47866,38.56542],[141.47865,38.56544]]],[[[141.47802,38.56545],[141.47809,38.5655],[141.47804,38.56543],[141.47802,38.56545]]],[[[141.47825,38.56552],[141.47812,38.56551],[141.47825,38.56558],[141.47825,38.56552]]],[[[141.47894,38.56551],[141.47894,38.56569],[141.47902,38.56566],[141.47894,38.56551]]],[[[141.4786,38.56578],[141.47875,38.56553],[141.47854,38.56552],[141.4786,38.56578]]],[[[141.47802,38.56561],[141.47811,38.56571],[141.47811,38.56564],[141.47802,38.56561]]],[[[141.47815,38.56582],[141.4782,38.56584],[141.47819,38.56581],[141.47815,38.56582]]],[[[141.47824,38.56582],[141.47826,38.56586],[141.47827,38.56583],[141.47824,38.56582]]],[[[141.47868,38.56582],[141.47866,38.56587],[141.47876,38.56586],[141.47868,38.56582]]],[[[141.4787,38.56592],[141.47876,38.56593],[141.47871,38.56591],[141.4787,38.56592]]],[[[141.48054,38.58123],[141.48065,38.5813],[141.48068,38.58126],[141.48054,38.58123]]],[[[141.48054,38.58143],[141.48056,38.5814],[141.48051,38.5814],[141.48054,38.58143]]],[[[141.48062,38.58155],[141.48057,38.58155],[141.48063,38.58158],[141.48062,38.58155]]],[[[141.47998,38.58219],[141.47982,38.58193],[141.47995,38.58226],[141.47998,38.58219]]],[[[141.48113,38.58215],[141.48116,38.58213],[141.48113,38.58213],[141.48113,38.58215]]],[[[141.48091,38.58219],[141.48096,38.5822],[141.48096,38.58219],[141.48091,38.58219]]],[[[141.4811,38.58217],[141.48108,38.58229],[141.4812,38.58222],[141.4811,38.58217]]],[[[141.48094,38.58225],[141.481,38.58226],[141.48097,38.58223],[141.48094,38.58225]]],[[[141.47967,38.58226],[141.47986,38.58236],[141.47965,38.5822],[141.47967,38.58226]]],[[[141.47889,38.58272],[141.47895,38.58273],[141.47893,38.58267],[141.47889,38.58272]]],[[[141.47935,38.58292],[141.47938,38.5829],[141.47936,38.58289],[141.47935,38.58292]]],[[[141.47909,38.58294],[141.47912,38.58291],[141.4791,38.58289],[141.47909,38.58294]]],[[[141.48666,38.2495],[141.48665,38.24945],[141.48656,38.2495],[141.48666,38.2495]]],[[[141.48399,38.24952],[141.48403,38.24956],[141.48404,38.24951],[141.48399,38.24952]]],[[[141.48499,38.24966],[141.48499,38.24953],[141.48492,38.24954],[141.48499,38.24966]]],[[[141.48529,38.24966],[141.48518,38.24953],[141.48512,38.24955],[141.48529,38.24966]]],[[[141.48423,38.24958],[141.48432,38.24962],[141.48434,38.24958],[141.48423,38.24958]]],[[[141.48475,38.24967],[141.48474,38.24957],[141.48468,38.24967],[141.48475,38.24967]]],[[[141.48494,38.2497],[141.48491,38.2496],[141.48484,38.24963],[141.48494,38.2497]]],[[[141.48678,38.24962],[141.48664,38.24981],[141.48674,38.24983],[141.48678,38.24962]]],[[[141.48648,38.24979],[141.48651,38.24975],[141.48648,38.24975],[141.48648,38.24979]]],[[[141.48627,38.24983],[141.48622,38.24979],[141.48623,38.24984],[141.48627,38.24983]]],[[[141.48525,38.24979],[141.48536,38.24985],[141.48538,38.24984],[141.48525,38.24979]]],[[[141.48567,38.24991],[141.48563,38.2498],[141.48551,38.24983],[141.48567,38.24991]]],[[[141.48631,38.24995],[141.48638,38.24989],[141.48636,38.24984],[141.48631,38.24995]]],[[[141.48535,38.24996],[141.48536,38.24988],[141.4853,38.24991],[141.48535,38.24996]]],[[[141.48648,38.24989],[141.48655,38.24997],[141.48651,38.24987],[141.48648,38.24989]]],[[[141.48673,38.25012],[141.4867,38.2499],[141.48657,38.25007],[141.48673,38.25012]]],[[[141.48587,38.24997],[141.48577,38.25004],[141.48591,38.25005],[141.48587,38.24997]]],[[[141.48606,38.25009],[141.48605,38.25001],[141.486,38.25009],[141.48606,38.25009]]],[[[141.48428,38.2501],[141.48425,38.25006],[141.48423,38.25008],[141.48428,38.2501]]],[[[141.48639,38.25016],[141.48636,38.25007],[141.48631,38.2501],[141.48639,38.25016]]],[[[141.48393,38.25013],[141.48403,38.25018],[141.48405,38.25016],[141.48393,38.25013]]],[[[141.48719,38.25017],[141.48724,38.25023],[141.48728,38.2502],[141.48719,38.25017]]],[[[141.48383,38.25023],[141.48373,38.25028],[141.48383,38.25027],[141.48383,38.25023]]],[[[141.48719,38.25032],[141.48715,38.25024],[141.48717,38.25034],[141.48719,38.25032]]],[[[141.48681,38.25048],[141.4867,38.25056],[141.48682,38.25058],[141.48681,38.25048]]],[[[141.48238,38.251],[141.48235,38.25095],[141.48233,38.25098],[141.48238,38.251]]],[[[141.48284,38.25096],[141.48274,38.25113],[141.48276,38.25116],[141.48284,38.25096]]],[[[141.48267,38.25109],[141.48258,38.25112],[141.48264,38.25116],[141.48267,38.25109]]],[[[141.48292,38.25117],[141.48285,38.25112],[141.48277,38.25122],[141.48292,38.25117]]],[[[141.48185,38.25124],[141.48184,38.25134],[141.48189,38.25124],[141.48185,38.25124]]],[[[141.48722,38.26941],[141.48728,38.26945],[141.48729,38.26942],[141.48722,38.26941]]],[[[141.48733,38.26955],[141.48746,38.26961],[141.48735,38.26952],[141.48733,38.26955]]],[[[141.48745,38.26985],[141.48746,38.26978],[141.48743,38.26978],[141.48745,38.26985]]],[[[141.48777,38.27077],[141.4874,38.27059],[141.48728,38.27065],[141.48777,38.27077]]],[[[141.4868,38.2709],[141.48677,38.2708],[141.48673,38.27081],[141.4868,38.2709]]],[[[141.48707,38.27086],[141.48696,38.27093],[141.4871,38.27092],[141.48707,38.27086]]],[[[141.48735,38.27094],[141.48754,38.27113],[141.48759,38.27112],[141.48735,38.27094]]],[[[141.487,38.27124],[141.48697,38.27128],[141.48706,38.27128],[141.487,38.27124]]],[[[141.48625,38.27127],[141.4863,38.27132],[141.48631,38.27128],[141.48625,38.27127]]],[[[141.48615,38.27146],[141.48593,38.27142],[141.48593,38.27144],[141.48615,38.27146]]],[[[141.48592,38.27162],[141.48583,38.27166],[141.48601,38.27163],[141.48592,38.27162]]],[[[141.48521,38.27209],[141.48506,38.27205],[141.48498,38.27209],[141.48521,38.27209]]],[[[141.48416,38.27235],[141.48405,38.27235],[141.48417,38.27236],[141.48416,38.27235]]],[[[141.48381,38.2728],[141.48371,38.27279],[141.4837,38.2728],[141.48381,38.2728]]],[[[141.48469,38.27304],[141.4846,38.27301],[141.48456,38.27304],[141.48469,38.27304]]],[[[141.48408,38.27318],[141.484,38.27311],[141.48398,38.27319],[141.48408,38.27318]]],[[[141.48416,38.27358],[141.48387,38.2737],[141.48423,38.27371],[141.48416,38.27358]]],[[[141.48384,38.27397],[141.48391,38.27403],[141.48394,38.274],[141.48384,38.27397]]],[[[141.4843,38.27416],[141.48435,38.2741],[141.48425,38.27414],[141.4843,38.27416]]],[[[141.48412,38.27421],[141.48409,38.27416],[141.48404,38.27417],[141.48412,38.27421]]],[[[141.48424,38.27448],[141.48399,38.27449],[141.48427,38.27453],[141.48424,38.27448]]],[[[141.48356,38.2745],[141.48356,38.27456],[141.48359,38.27454],[141.48356,38.2745]]],[[[141.48399,38.27466],[141.48389,38.27462],[141.48381,38.27463],[141.48399,38.27466]]],[[[141.48277,38.27513],[141.48276,38.27515],[141.48296,38.2752],[141.48277,38.27513]]],[[[141.48264,38.27517],[141.4826,38.27519],[141.48265,38.27519],[141.48264,38.27517]]],[[[141.48259,38.27525],[141.4827,38.27539],[141.48276,38.27537],[141.48259,38.27525]]],[[[141.48384,38.27591],[141.48382,38.27556],[141.48347,38.27571],[141.48384,38.27591]]],[[[141.48231,38.27639],[141.48236,38.27632],[141.48229,38.27636],[141.48231,38.27639]]],[[[141.4828,38.27659],[141.48272,38.27652],[141.48267,38.27655],[141.4828,38.27659]]],[[[141.48178,38.27681],[141.4819,38.27681],[141.48179,38.27681],[141.48178,38.27681]]],[[[141.48224,38.27694],[141.4823,38.27688],[141.48205,38.27696],[141.48224,38.27694]]],[[[141.4821,38.27722],[141.48202,38.27719],[141.48203,38.27726],[141.4821,38.27722]]],[[[141.48214,38.27765],[141.4824,38.27737],[141.48204,38.27727],[141.48214,38.27765]]],[[[141.48257,38.27776],[141.48246,38.27773],[141.48244,38.27777],[141.48257,38.27776]]],[[[141.48198,38.27784],[141.48204,38.2778],[141.48195,38.27783],[141.48198,38.27784]]],[[[141.48185,38.30654],[141.48183,38.3066],[141.48189,38.30658],[141.48185,38.30654]]],[[[141.48443,38.37242],[141.48439,38.37241],[141.48443,38.37244],[141.48443,38.37242]]],[[[141.48441,38.37264],[141.48446,38.37259],[141.48438,38.37256],[141.48441,38.37264]]],[[[141.48483,38.37328],[141.48478,38.37325],[141.48478,38.37328],[141.48483,38.37328]]],[[[141.48491,38.37641],[141.48499,38.37639],[141.48489,38.37632],[141.48491,38.37641]]],[[[141.48382,38.37712],[141.48392,38.37712],[141.48392,38.3771],[141.48382,38.37712]]],[[[141.48409,38.37741],[141.48394,38.37727],[141.48402,38.37743],[141.48409,38.37741]]],[[[141.48387,38.40266],[141.48386,38.40263],[141.48386,38.40265],[141.48387,38.40266]]],[[[141.4862,38.40525],[141.48615,38.4053],[141.4862,38.40532],[141.4862,38.40525]]],[[[141.48589,38.41352],[141.48591,38.41356],[141.48591,38.41353],[141.48589,38.41352]]],[[[141.4861,38.41378],[141.48606,38.41382],[141.48618,38.41389],[141.4861,38.41378]]],[[[141.48575,38.41375],[141.48595,38.41414],[141.48601,38.41414],[141.48575,38.41375]]],[[[141.48618,38.41404],[141.48621,38.41411],[141.48624,38.41412],[141.48618,38.41404]]],[[[141.48608,38.41415],[141.48641,38.41459],[141.48645,38.41458],[141.48608,38.41415]]],[[[141.4869,38.43729],[141.48704,38.4369],[141.48663,38.4365],[141.4865,38.4369],[141.4869,38.43729]]],[[[141.48289,38.43705],[141.48286,38.43699],[141.48283,38.43702],[141.48289,38.43705]]],[[[141.48461,38.43701],[141.48463,38.43707],[141.48466,38.43707],[141.48461,38.43701]]],[[[141.48276,38.43701],[141.48279,38.43707],[141.48283,38.43707],[141.48276,38.43701]]],[[[141.48286,38.43707],[141.48283,38.43708],[141.48288,38.43709],[141.48286,38.43707]]],[[[141.48532,38.43723],[141.4853,38.43727],[141.48533,38.43727],[141.48532,38.43723]]],[[[141.48606,38.43761],[141.48652,38.43722],[141.48623,38.43697],[141.48606,38.43761]]],[[[141.48525,38.43724],[141.48525,38.4374],[141.48532,38.43739],[141.48525,38.43724]]],[[[141.4857,38.43735],[141.48576,38.4374],[141.48574,38.43734],[141.4857,38.43735]]],[[[141.48581,38.43748],[141.48576,38.43748],[141.48581,38.43752],[141.48581,38.43748]]],[[[141.48556,38.43762],[141.48554,38.43767],[141.48558,38.43767],[141.48556,38.43762]]],[[[141.4855,38.43789],[141.48542,38.43786],[141.4855,38.43792],[141.4855,38.43789]]],[[[141.48573,38.43914],[141.48584,38.43921],[141.48573,38.43911],[141.48573,38.43914]]],[[[141.48673,38.43967],[141.48666,38.43966],[141.4868,38.43976],[141.48673,38.43967]]],[[[141.48716,38.44023],[141.48708,38.44018],[141.48718,38.44027],[141.48716,38.44023]]],[[[141.48719,38.44036],[141.48724,38.44036],[141.4872,38.44035],[141.48719,38.44036]]],[[[141.48717,38.44037],[141.48716,38.44042],[141.48719,38.44044],[141.48717,38.44037]]],[[[141.48482,38.46148],[141.48488,38.46137],[141.48483,38.46138],[141.48482,38.46148]]],[[[141.48505,38.46156],[141.48507,38.46146],[141.48505,38.46144],[141.48505,38.46156]]],[[[141.48789,38.46155],[141.48788,38.46152],[141.48787,38.46152],[141.48789,38.46155]]],[[[141.48492,38.46187],[141.48497,38.46186],[141.48492,38.46186],[141.48492,38.46187]]],[[[141.48447,38.46198],[141.48451,38.46201],[141.48451,38.46199],[141.48447,38.46198]]],[[[141.48443,38.46223],[141.48442,38.46221],[141.48442,38.46223],[141.48443,38.46223]]],[[[141.48449,38.46225],[141.48448,38.46223],[141.48448,38.46224],[141.48449,38.46225]]],[[[141.48209,38.46302],[141.48202,38.46306],[141.48209,38.46309],[141.48209,38.46302]]],[[[141.48204,38.46311],[141.48202,38.46313],[141.48204,38.46313],[141.48204,38.46311]]],[[[141.48192,38.46316],[141.48196,38.46313],[141.48191,38.4631],[141.48192,38.46316]]],[[[141.48603,38.46968],[141.486,38.46966],[141.48603,38.46968],[141.48603,38.46968]]],[[[141.48591,38.46971],[141.48594,38.46972],[141.48591,38.46969],[141.48591,38.46971]]],[[[141.48646,38.46977],[141.48648,38.46974],[141.48646,38.46974],[141.48646,38.46977]]],[[[141.48634,38.46976],[141.48636,38.46979],[141.48637,38.46978],[141.48634,38.46976]]],[[[141.48641,38.46978],[141.48639,38.46977],[141.48639,38.46978],[141.48641,38.46978]]],[[[141.48567,38.47007],[141.48564,38.47007],[141.48566,38.47008],[141.48567,38.47007]]],[[[141.48253,38.47039],[141.48248,38.47044],[141.48252,38.47044],[141.48253,38.47039]]],[[[141.48248,38.4706],[141.48254,38.4705],[141.4825,38.47051],[141.48248,38.4706]]],[[[141.48303,38.51222],[141.48312,38.51226],[141.48314,38.51223],[141.48303,38.51222]]],[[[141.48729,38.53972],[141.48728,38.53966],[141.48728,38.53974],[141.48729,38.53972]]],[[[141.48733,38.5397],[141.48734,38.53971],[141.48735,38.53971],[141.48733,38.5397]]],[[[141.48741,38.53977],[141.48744,38.53968],[141.48742,38.53967],[141.48741,38.53977]]],[[[141.48731,38.53974],[141.48732,38.53977],[141.48733,38.53978],[141.48731,38.53974]]],[[[141.48667,38.53992],[141.48666,38.53991],[141.48666,38.53992],[141.48667,38.53992]]],[[[141.48673,38.53998],[141.48674,38.53995],[141.48672,38.53996],[141.48673,38.53998]]],[[[141.48617,38.5409],[141.4862,38.5409],[141.48617,38.54087],[141.48617,38.5409]]],[[[141.48603,38.54129],[141.48599,38.54115],[141.48598,38.54114],[141.48603,38.54129]]],[[[141.4858,38.54172],[141.4858,38.54168],[141.48578,38.54168],[141.4858,38.54172]]],[[[141.48575,38.54222],[141.48581,38.54235],[141.48576,38.54209],[141.48575,38.54222]]],[[[141.48634,38.5429],[141.4863,38.54302],[141.48634,38.54304],[141.48634,38.5429]]],[[[141.48629,38.54311],[141.48633,38.54317],[141.48635,38.54315],[141.48629,38.54311]]],[[[141.48628,38.54321],[141.48632,38.54325],[141.48633,38.54323],[141.48628,38.54321]]],[[[141.48651,38.54339],[141.48644,38.54342],[141.48643,38.54344],[141.48649,38.54343],[141.48651,38.54339]]],[[[141.48658,38.5434],[141.48663,38.54343],[141.48663,38.54341],[141.48658,38.5434]]],[[[141.48647,38.54344],[141.4865,38.54346],[141.4865,38.54344],[141.48647,38.54344]]],[[[141.48659,38.54347],[141.4866,38.54346],[141.48659,38.54345],[141.48659,38.54347]]],[[[141.48671,38.54365],[141.48666,38.54373],[141.48665,38.54377],[141.48671,38.54365]]],[[[141.48691,38.54369],[141.48689,38.54388],[141.48692,38.5439],[141.48691,38.54369]]],[[[141.48652,38.54567],[141.48658,38.54567],[141.48658,38.54562],[141.48652,38.54567]]],[[[141.48612,38.54607],[141.48606,38.54611],[141.48613,38.54615],[141.48612,38.54607]]],[[[141.48624,38.54622],[141.48622,38.54622],[141.48623,38.54624],[141.48624,38.54622]]],[[[141.48561,38.54701],[141.48559,38.54699],[141.48559,38.547],[141.48561,38.54701]]],[[[141.48595,38.54718],[141.48598,38.54714],[141.48596,38.54712],[141.48595,38.54718]]],[[[141.48604,38.54722],[141.48605,38.5472],[141.48604,38.54719],[141.48604,38.54722]]],[[[141.48641,38.54736],[141.48639,38.54729],[141.48639,38.54739],[141.48641,38.54736]]],[[[141.48617,38.54739],[141.48617,38.54746],[141.48622,38.54744],[141.48617,38.54739]]],[[[141.48685,38.5492],[141.48682,38.54927],[141.48684,38.54927],[141.48685,38.5492]]],[[[141.48683,38.54936],[141.48686,38.54936],[141.48685,38.54934],[141.48683,38.54936]]],[[[141.48693,38.54979],[141.48688,38.54978],[141.4869,38.54982],[141.48693,38.54979]]],[[[141.48723,38.54985],[141.48719,38.54974],[141.48722,38.54988],[141.48723,38.54985]]],[[[141.48711,38.5498],[141.48705,38.54984],[141.4871,38.54984],[141.48711,38.5498]]],[[[141.487,38.54994],[141.48702,38.54994],[141.487,38.54993],[141.487,38.54994]]],[[[141.48696,38.55021],[141.48698,38.5502],[141.48697,38.55018],[141.48696,38.55021]]],[[[141.48681,38.55098],[141.48676,38.55104],[141.48683,38.55103],[141.48681,38.55098]]],[[[141.4868,38.55107],[141.48683,38.55108],[141.48684,38.55105],[141.4868,38.55107]]],[[[141.48686,38.55154],[141.48689,38.55158],[141.48688,38.55147],[141.48686,38.55154]]],[[[141.487,38.55157],[141.487,38.55159],[141.487,38.55159],[141.487,38.55157]]],[[[141.48694,38.55159],[141.48693,38.55157],[141.48693,38.5516],[141.48694,38.55159]]],[[[141.48691,38.55168],[141.48687,38.55165],[141.4869,38.55171],[141.48691,38.55168]]],[[[141.48699,38.5517],[141.48698,38.55172],[141.48699,38.55173],[141.48699,38.5517]]],[[[141.48748,38.55258],[141.4875,38.55264],[141.48751,38.55264],[141.48748,38.55258]]],[[[141.48506,38.55342],[141.48493,38.5536],[141.48498,38.55363],[141.48506,38.55342]]],[[[141.4878,38.55344],[141.48784,38.55353],[141.48787,38.55354],[141.4878,38.55344]]],[[[141.48639,38.55366],[141.4864,38.55364],[141.48639,38.55364],[141.48639,38.55366]]],[[[141.48637,38.55371],[141.48639,38.55369],[141.48637,38.55367],[141.48637,38.55371]]],[[[141.4845,38.55383],[141.48449,38.55375],[141.48444,38.55377],[141.4845,38.55383]]],[[[141.48436,38.55388],[141.48433,38.55385],[141.48433,38.5539],[141.48436,38.55388]]],[[[141.48703,38.55415],[141.48707,38.55416],[141.48704,38.55414],[141.48703,38.55415]]],[[[141.48702,38.55429],[141.48707,38.55431],[141.48701,38.55422],[141.48702,38.55429]]],[[[141.48797,38.55431],[141.488,38.55433],[141.48797,38.55428],[141.48797,38.55431]]],[[[141.4843,38.55446],[141.4843,38.55434],[141.48427,38.55427],[141.4843,38.55446]]],[[[141.48776,38.55438],[141.48779,38.55437],[141.48776,38.55435],[141.48776,38.55438]]],[[[141.48398,38.55432],[141.48391,38.55444],[141.48401,38.55448],[141.48398,38.55432]]],[[[141.48404,38.5545],[141.484,38.5545],[141.48402,38.55453],[141.48404,38.5545]]],[[[141.48257,38.55471],[141.48258,38.55469],[141.48256,38.55469],[141.48257,38.55471]]],[[[141.48391,38.55482],[141.48398,38.55481],[141.48394,38.55476],[141.48391,38.55482]]],[[[141.48442,38.55542],[141.48444,38.55536],[141.48438,38.55535],[141.48442,38.55542]]],[[[141.48232,38.55557],[141.48235,38.55555],[141.48232,38.55555],[141.48232,38.55557]]],[[[141.48237,38.55556],[141.48241,38.55558],[141.4824,38.55553],[141.48237,38.55556]]],[[[141.48236,38.55571],[141.48239,38.55572],[141.48238,38.55571],[141.48236,38.55571]]],[[[141.48214,38.55594],[141.48216,38.55592],[141.48215,38.55592],[141.48214,38.55594]]],[[[141.48213,38.55619],[141.48217,38.55618],[141.48216,38.55616],[141.48213,38.55619]]],[[[141.48213,38.5564],[141.48215,38.55641],[141.48215,38.55639],[141.48213,38.5564]]],[[[141.48173,38.55704],[141.48176,38.55707],[141.48177,38.55703],[141.48173,38.55704]]],[[[141.48147,38.55751],[141.4817,38.55758],[141.48172,38.55743],[141.48147,38.55751]]],[[[141.48731,38.58202],[141.48725,38.58205],[141.48732,38.58204],[141.48731,38.58202]]],[[[141.48713,38.58235],[141.4872,38.58234],[141.4872,38.58232],[141.48713,38.58235]]],[[[141.48205,38.58241],[141.48215,38.58241],[141.48205,38.58238],[141.48205,38.58241]]],[[[141.48522,38.58249],[141.48528,38.58253],[141.48525,38.58246],[141.48522,38.58249]]],[[[141.48187,38.58253],[141.48191,38.58253],[141.4819,38.58252],[141.48187,38.58253]]],[[[141.4852,38.5826],[141.48528,38.58266],[141.48521,38.58259],[141.4852,38.5826]]],[[[141.48705,38.58269],[141.48707,38.58264],[141.48704,38.58263],[141.48705,38.58269]]],[[[141.48211,38.5826],[141.48208,38.58271],[141.48218,38.58272],[141.48211,38.5826]]],[[[141.48248,38.58269],[141.48239,38.58266],[141.48243,38.58273],[141.48248,38.58269]]],[[[141.48569,38.5827],[141.48575,38.58274],[141.4857,38.58266],[141.48569,38.5827]]],[[[141.48726,38.58287],[141.48711,38.58297],[141.48728,38.58289],[141.48726,38.58287]]],[[[141.48687,38.58298],[141.48689,38.58291],[141.48684,38.58288],[141.48687,38.58298]]],[[[141.485,38.58294],[141.4851,38.58295],[141.48502,38.58291],[141.485,38.58294]]],[[[141.48544,38.58306],[141.48529,38.58293],[141.48531,38.58306],[141.48544,38.58306]]],[[[141.48697,38.58305],[141.48694,38.58303],[141.48694,38.58306],[141.48697,38.58305]]],[[[141.48603,38.58301],[141.48594,38.58313],[141.48595,38.58316],[141.48603,38.58301]]],[[[141.4855,38.58315],[141.48542,38.58322],[141.48551,38.58325],[141.4855,38.58315]]],[[[141.48655,38.58326],[141.48657,38.58329],[141.48657,38.58327],[141.48655,38.58326]]],[[[141.48419,38.58337],[141.4841,38.58319],[141.48402,38.58335],[141.48419,38.58337]]],[[[141.48545,38.58328],[141.48549,38.58328],[141.48548,38.58326],[141.48545,38.58328]]],[[[141.48581,38.58329],[141.48572,38.58332],[141.48581,38.58335],[141.48581,38.58329]]],[[[141.48569,38.58333],[141.48573,38.58335],[141.4857,38.58332],[141.48569,38.58333]]],[[[141.48651,38.58334],[141.48654,38.58345],[141.48656,38.58341],[141.48651,38.58334]]],[[[141.48413,38.58347],[141.48404,38.5834],[141.48404,38.58347],[141.48413,38.58347]]],[[[141.48448,38.58346],[141.48448,38.58348],[141.4845,38.58348],[141.48448,38.58346]]],[[[141.48427,38.58347],[141.48423,38.58348],[141.48426,38.5835],[141.48427,38.58347]]],[[[141.48453,38.58352],[141.48449,38.58352],[141.48449,38.58353],[141.48453,38.58352]]],[[[141.48434,38.58352],[141.48433,38.58355],[141.48436,38.58353],[141.48434,38.58352]]],[[[141.48761,38.58373],[141.48768,38.58378],[141.48763,38.58371],[141.48761,38.58373]]],[[[141.48778,38.58415],[141.48818,38.58385],[141.48789,38.58351],[141.48778,38.58415]]],[[[141.48984,38.24874],[141.4898,38.24866],[141.48982,38.24876],[141.48984,38.24874]]],[[[141.4897,38.2489],[141.48965,38.24889],[141.48966,38.2489],[141.4897,38.2489]]],[[[141.48954,38.24894],[141.48963,38.24893],[141.48955,38.24888],[141.48954,38.24894]]],[[[141.49054,38.24894],[141.49041,38.249],[141.49054,38.249],[141.49054,38.24894]]],[[[141.48974,38.24897],[141.48971,38.249],[141.48973,38.24901],[141.48974,38.24897]]],[[[141.48981,38.24902],[141.48977,38.24904],[141.48979,38.24906],[141.48981,38.24902]]],[[[141.49077,38.24913],[141.49085,38.2491],[141.49082,38.24901],[141.49077,38.24913]]],[[[141.4898,38.2491],[141.48983,38.24907],[141.48978,38.24908],[141.4898,38.2491]]],[[[141.48983,38.24927],[141.48989,38.24919],[141.48979,38.24919],[141.48983,38.24927]]],[[[141.49074,38.24927],[141.49087,38.24927],[141.49088,38.24925],[141.49074,38.24927]]],[[[141.49118,38.24941],[141.49125,38.24931],[141.49117,38.24929],[141.49118,38.24941]]],[[[141.48888,38.24957],[141.48883,38.24952],[141.48885,38.24958],[141.48888,38.24957]]],[[[141.4921,38.24963],[141.49221,38.24964],[141.49222,38.24961],[141.4921,38.24963]]],[[[141.48872,38.24972],[141.48869,38.24961],[141.48864,38.24966],[141.48872,38.24972]]],[[[141.49168,38.24962],[141.4917,38.24981],[141.4918,38.24976],[141.49168,38.24962]]],[[[141.48884,38.2497],[141.48897,38.24982],[141.48887,38.24963],[141.48884,38.2497]]],[[[141.49148,38.2498],[141.4916,38.24983],[141.49159,38.2498],[141.49148,38.2498]]],[[[141.49199,38.25002],[141.49205,38.24974],[141.49188,38.24982],[141.49199,38.25002]]],[[[141.49231,38.25005],[141.49231,38.24997],[141.49218,38.25004],[141.49231,38.25005]]],[[[141.48884,38.25011],[141.4887,38.24991],[141.4887,38.25016],[141.48884,38.25011]]],[[[141.48877,38.25024],[141.48885,38.25016],[141.48879,38.25015],[141.48877,38.25024]]],[[[141.49177,38.25901],[141.49174,38.25894],[141.49173,38.25899],[141.49177,38.25901]]],[[[141.49187,38.25927],[141.4919,38.25938],[141.49195,38.25938],[141.49187,38.25927]]],[[[141.49006,38.26094],[141.49006,38.26097],[141.49007,38.26096],[141.49006,38.26094]]],[[[141.49004,38.26097],[141.49003,38.261],[141.49006,38.26099],[141.49004,38.26097]]],[[[141.49007,38.26104],[141.49009,38.26103],[141.49008,38.26102],[141.49007,38.26104]]],[[[141.49005,38.26104],[141.49005,38.26103],[141.49004,38.26103],[141.49005,38.26104]]],[[[141.49031,38.26106],[141.4903,38.26135],[141.49037,38.26135],[141.49031,38.26106]]],[[[141.48962,38.26137],[141.48959,38.26127],[141.48955,38.26126],[141.48962,38.26137]]],[[[141.48988,38.26132],[141.48989,38.26139],[141.49,38.26146],[141.48988,38.26132]]],[[[141.49028,38.26144],[141.49012,38.26141],[141.49025,38.26148],[141.49028,38.26144]]],[[[141.48888,38.2618],[141.48891,38.26178],[141.48887,38.26178],[141.48888,38.2618]]],[[[141.48953,38.26195],[141.48979,38.26204],[141.48981,38.26199],[141.48953,38.26195]]],[[[141.48977,38.2624],[141.48984,38.26229],[141.48973,38.2623],[141.48977,38.2624]]],[[[141.48989,38.26238],[141.48992,38.26251],[141.49002,38.26239],[141.48989,38.26238]]],[[[141.49031,38.26253],[141.49029,38.26255],[141.49031,38.26256],[141.49031,38.26253]]],[[[141.49047,38.26284],[141.49057,38.2629],[141.49058,38.26285],[141.49047,38.26284]]],[[[141.49051,38.2631],[141.49033,38.26322],[141.49033,38.26339],[141.49041,38.2632],[141.49068,38.26316],[141.49051,38.2631]]],[[[141.49043,38.26344],[141.49037,38.26336],[141.49041,38.26362],[141.49043,38.26344]]],[[[141.49016,38.26364],[141.49029,38.26363],[141.49022,38.26351],[141.49016,38.26364]]],[[[141.49058,38.26402],[141.49068,38.26385],[141.49062,38.26383],[141.49058,38.26402]]],[[[141.4904,38.26413],[141.49041,38.26401],[141.49036,38.26402],[141.4904,38.26413]]],[[[141.48999,38.26439],[141.49003,38.2643],[141.48995,38.2643],[141.48999,38.26439]]],[[[141.49023,38.26434],[141.49019,38.2644],[141.49027,38.26441],[141.49023,38.26434]]],[[[141.49015,38.26464],[141.48992,38.26458],[141.49005,38.2647],[141.49015,38.26464]]],[[[141.48984,38.26474],[141.49001,38.26481],[141.48986,38.26471],[141.48984,38.26474]]],[[[141.49014,38.26497],[141.49006,38.26492],[141.49009,38.26502],[141.49014,38.26497]]],[[[141.49019,38.26516],[141.49019,38.2652],[141.49021,38.26519],[141.49019,38.26516]]],[[[141.48984,38.26539],[141.48995,38.26534],[141.48979,38.26526],[141.48984,38.26539]]],[[[141.48894,38.26617],[141.48909,38.26621],[141.48894,38.26605],[141.48894,38.26617]]],[[[141.48926,38.26685],[141.48925,38.26681],[141.48922,38.26682],[141.48926,38.26685]]],[[[141.48929,38.2669],[141.48934,38.26689],[141.48925,38.26688],[141.48929,38.2669]]],[[[141.48922,38.26705],[141.48919,38.267],[141.48918,38.26702],[141.48922,38.26705]]],[[[141.48913,38.2671],[141.48914,38.26722],[141.48918,38.26721],[141.48913,38.2671]]],[[[141.48884,38.26758],[141.48867,38.26774],[141.4888,38.26779],[141.48884,38.26758]]],[[[141.48828,38.26797],[141.48814,38.26808],[141.4883,38.26818],[141.48828,38.26797]]],[[[141.48805,38.27001],[141.48806,38.2699],[141.48804,38.2699],[141.48805,38.27001]]],[[[141.4884,38.27016],[141.48834,38.27014],[141.48838,38.27018],[141.4884,38.27016]]],[[[141.48853,38.27012],[141.48852,38.27017],[141.48854,38.27018],[141.48853,38.27012]]],[[[141.48862,38.27038],[141.48862,38.2703],[141.48858,38.27032],[141.48862,38.27038]]],[[[141.48854,38.27057],[141.48856,38.27051],[141.48854,38.2705],[141.48854,38.27057]]],[[[141.48874,38.27061],[141.48874,38.27065],[141.48879,38.27063],[141.48874,38.27061]]],[[[141.49244,38.29308],[141.49246,38.29313],[141.49247,38.29309],[141.49244,38.29308]]],[[[141.49253,38.2932],[141.49244,38.29317],[141.49247,38.29322],[141.49253,38.2932]]],[[[141.49207,38.29327],[141.49187,38.29316],[141.49206,38.29335],[141.49207,38.29327]]],[[[141.49242,38.29326],[141.49237,38.29321],[141.49242,38.29326],[141.49242,38.29326]]],[[[141.49174,38.29328],[141.49156,38.29338],[141.4918,38.29336],[141.49174,38.29328]]],[[[141.4925,38.2933],[141.49252,38.29337],[141.49254,38.29335],[141.4925,38.2933]]],[[[141.49248,38.29339],[141.49242,38.29339],[141.49249,38.29343],[141.49248,38.29339]]],[[[141.49267,38.29339],[141.4928,38.29339],[141.49272,38.29333],[141.49267,38.29339]]],[[[141.49179,38.29343],[141.49173,38.29357],[141.4919,38.2935],[141.49179,38.29343]]],[[[141.49146,38.29352],[141.49158,38.29358],[141.49164,38.29357],[141.49146,38.29352]]],[[[141.49193,38.29436],[141.49199,38.2943],[141.4919,38.29434],[141.49193,38.29436]]],[[[141.49201,38.2944],[141.49215,38.29442],[141.49205,38.29435],[141.49201,38.2944]]],[[[141.49273,38.36955],[141.49267,38.36954],[141.49274,38.36956],[141.49273,38.36955]]],[[[141.48833,38.37916],[141.48834,38.37927],[141.48839,38.37927],[141.48833,38.37916]]],[[[141.48887,38.37941],[141.48887,38.37943],[141.48892,38.37942],[141.48887,38.37941]]],[[[141.49084,38.37972],[141.49086,38.37973],[141.49084,38.37971],[141.49084,38.37972]]],[[[141.49077,38.3798],[141.49074,38.37979],[141.49075,38.37981],[141.49077,38.3798]]],[[[141.49167,38.37979],[141.49171,38.37981],[141.49171,38.3798],[141.49167,38.37979]]],[[[141.49227,38.37984],[141.49226,38.37987],[141.4923,38.37987],[141.49227,38.37984]]],[[[141.49178,38.37989],[141.49169,38.37987],[141.49177,38.37991],[141.49178,38.37989]]],[[[141.49247,38.37994],[141.49247,38.37985],[141.4924,38.37983],[141.49247,38.37994]]],[[[141.49211,38.37995],[141.49222,38.37993],[141.49207,38.37984],[141.49211,38.37995]]],[[[141.49234,38.38],[141.49244,38.38003],[141.4923,38.3799],[141.49234,38.38]]],[[[141.49063,38.38007],[141.49058,38.38009],[141.49062,38.3801],[141.49063,38.38007]]],[[[141.49217,38.38012],[141.49236,38.38028],[141.49215,38.38003],[141.49217,38.38012]]],[[[141.49019,38.38018],[141.49017,38.38015],[141.49017,38.38019],[141.49019,38.38018]]],[[[141.49013,38.38032],[141.49013,38.38029],[141.49011,38.38028],[141.49013,38.38032]]],[[[141.49084,38.40581],[141.49084,38.40585],[141.49086,38.40585],[141.49084,38.40581]]],[[[141.49288,38.41013],[141.49285,38.41023],[141.49292,38.41018],[141.49288,38.41013]]],[[[141.49261,38.41029],[141.49259,38.41027],[141.49258,38.41028],[141.49261,38.41029]]],[[[141.4927,38.41038],[141.49267,38.41035],[141.49266,38.41036],[141.4927,38.41038]]],[[[141.49281,38.41038],[141.4928,38.41041],[141.49283,38.41042],[141.49281,38.41038]]],[[[141.49265,38.41227],[141.49271,38.4122],[141.49249,38.41194],[141.49265,38.41227]]],[[[141.49275,38.41239],[141.49292,38.41252],[141.49277,38.41234],[141.49275,38.41239]]],[[[141.49161,38.41263],[141.49164,38.41265],[141.49163,38.41262],[141.49161,38.41263]]],[[[141.49184,38.41273],[141.4918,38.4128],[141.49186,38.41278],[141.49184,38.41273]]],[[[141.49006,38.41293],[141.49002,38.41291],[141.49001,38.41293],[141.49006,38.41293]]],[[[141.49205,38.41298],[141.49198,38.41304],[141.49205,38.41305],[141.49205,38.41298]]],[[[141.4904,38.41319],[141.49048,38.41319],[141.49039,38.41308],[141.4904,38.41319]]],[[[141.49196,38.41352],[141.49211,38.41336],[141.49182,38.41282],[141.49171,38.41321],[141.49196,38.41352]]],[[[141.49209,38.41313],[141.49217,38.41324],[141.49218,38.41323],[141.49209,38.41313]]],[[[141.49022,38.41317],[141.49046,38.41343],[141.49026,38.4131],[141.49022,38.41317]]],[[[141.49175,38.41333],[141.49167,38.41324],[141.49176,38.41336],[141.49175,38.41333]]],[[[141.48802,38.46147],[141.48803,38.46141],[141.488,38.4614],[141.48802,38.46147]]],[[[141.48952,38.46186],[141.4895,38.46184],[141.4895,38.46187],[141.48952,38.46186]]],[[[141.48968,38.46207],[141.48965,38.46208],[141.48968,38.46209],[141.48968,38.46207]]],[[[141.48983,38.46214],[141.4898,38.46211],[141.4898,38.46213],[141.48983,38.46214]]],[[[141.49054,38.46228],[141.49058,38.46226],[141.49053,38.46227],[141.49054,38.46228]]],[[[141.49232,38.46243],[141.4923,38.46239],[141.4923,38.46244],[141.49232,38.46243]]],[[[141.49236,38.46255],[141.49234,38.4625],[141.49233,38.4625],[141.49236,38.46255]]],[[[141.49212,38.46265],[141.4921,38.46262],[141.4921,38.46264],[141.49212,38.46265]]],[[[141.4916,38.46277],[141.49144,38.46277],[141.49149,38.46285],[141.49146,38.46295],[141.4916,38.46277]]],[[[141.49147,38.46285],[141.49144,38.46283],[141.49141,38.46287],[141.49147,38.46285]]],[[[141.49169,38.46304],[141.4917,38.46297],[141.49166,38.46304],[141.49169,38.46304]]],[[[141.49145,38.46305],[141.49144,38.463],[141.4914,38.46304],[141.49145,38.46305]]],[[[141.48813,38.46867],[141.48812,38.46866],[141.4881,38.46867],[141.48813,38.46867]]],[[[141.48828,38.46877],[141.48832,38.46872],[141.48829,38.46869],[141.48828,38.46877]]],[[[141.48819,38.46885],[141.48811,38.4687],[141.48809,38.46876],[141.48819,38.46885]]],[[[141.48802,38.46889],[141.488,38.46882],[141.488,38.46889],[141.48802,38.46889]]],[[[141.48806,38.46889],[141.48805,38.46884],[141.48804,38.46888],[141.48806,38.46889]]],[[[141.48922,38.46902],[141.48923,38.46899],[141.48921,38.46901],[141.48922,38.46902]]],[[[141.48953,38.46963],[141.48953,38.46962],[141.48951,38.46963],[141.48953,38.46963]]],[[[141.48968,38.46986],[141.48973,38.46986],[141.48969,38.46981],[141.48968,38.46986]]],[[[141.48965,38.46987],[141.48963,38.46985],[141.48963,38.46986],[141.48965,38.46987]]],[[[141.49,38.47023],[141.4899,38.47014],[141.48993,38.47032],[141.49,38.47023]]],[[[141.48992,38.47042],[141.48992,38.47037],[141.48991,38.47037],[141.48992,38.47042]]],[[[141.49,38.47068],[141.48999,38.47066],[141.48998,38.47067],[141.49,38.47068]]],[[[141.49056,38.47157],[141.4906,38.47146],[141.49055,38.47145],[141.49056,38.47157]]],[[[141.49172,38.47153],[141.49157,38.47158],[141.49181,38.47166],[141.49172,38.47153]]],[[[141.49173,38.47185],[141.49182,38.47177],[141.49177,38.47175],[141.49173,38.47185]]],[[[141.49164,38.47188],[141.49165,38.47178],[141.49162,38.47177],[141.49164,38.47188]]],[[[141.49177,38.47193],[141.49176,38.47188],[141.49171,38.47192],[141.49177,38.47193]]],[[[141.49174,38.47205],[141.49182,38.47202],[141.49178,38.47198],[141.49174,38.47205]]],[[[141.492,38.47232],[141.49213,38.47244],[141.49205,38.47228],[141.492,38.47232]]],[[[141.4923,38.4726],[141.49231,38.47267],[141.49235,38.47265],[141.4923,38.4726]]],[[[141.49246,38.4727],[141.49237,38.47269],[141.49238,38.47272],[141.49246,38.4727]]],[[[141.49266,38.48686],[141.49269,38.48683],[141.49266,38.48684],[141.49266,38.48686]]],[[[141.49197,38.4872],[141.49193,38.48712],[141.49189,38.48709],[141.49197,38.4872]]],[[[141.49174,38.48766],[141.49176,38.48771],[141.49179,38.48769],[141.49174,38.48766]]],[[[141.49133,38.4892],[141.49128,38.48917],[141.49127,38.48918],[141.49133,38.4892]]],[[[141.49216,38.48942],[141.4922,38.48962],[141.4923,38.48973],[141.49236,38.48962],[141.49216,38.48942]]],[[[141.49,38.50399],[141.48978,38.50396],[141.48983,38.50412],[141.49,38.50399]]],[[[141.48804,38.50732],[141.48801,38.50734],[141.48805,38.50734],[141.48804,38.50732]]],[[[141.4897,38.51383],[141.48964,38.51403],[141.48973,38.51402],[141.4897,38.51383]]],[[[141.49253,38.53396],[141.49253,38.53397],[141.49254,38.53396],[141.49253,38.53396]]],[[[141.49277,38.53396],[141.49278,38.53398],[141.49277,38.53396],[141.49277,38.53396]]],[[[141.49271,38.53398],[141.4927,38.53399],[141.49271,38.53398],[141.49271,38.53398]]],[[[141.49272,38.53399],[141.49273,38.53398],[141.49272,38.53399],[141.49272,38.53399]]],[[[141.49259,38.534],[141.49255,38.53396],[141.49258,38.53402],[141.49259,38.534]]],[[[141.49239,38.53398],[141.49241,38.53401],[141.49242,38.53398],[141.49239,38.53398]]],[[[141.49253,38.53398],[141.49253,38.53402],[141.49255,38.53402],[141.49253,38.53398]]],[[[141.49269,38.53406],[141.49274,38.534],[141.49269,38.53401],[141.49269,38.53406]]],[[[141.49241,38.53405],[141.49238,38.53404],[141.49241,38.53406],[141.49241,38.53405]]],[[[141.49258,38.53405],[141.4926,38.53405],[141.49259,38.53403],[141.49258,38.53405]]],[[[141.4925,38.53409],[141.49251,38.53411],[141.49252,38.5341],[141.4925,38.53409]]],[[[141.49279,38.5341],[141.49276,38.53412],[141.49279,38.53412],[141.49279,38.5341]]],[[[141.49272,38.53415],[141.49276,38.53414],[141.49273,38.53413],[141.49272,38.53415]]],[[[141.4917,38.53623],[141.49173,38.53622],[141.49169,38.53622],[141.4917,38.53623]]],[[[141.48908,38.53752],[141.48911,38.53751],[141.4891,38.53749],[141.48908,38.53752]]],[[[141.48895,38.53783],[141.48894,38.53786],[141.48897,38.53785],[141.48895,38.53783]]],[[[141.48885,38.53788],[141.48889,38.53789],[141.48889,38.53788],[141.48885,38.53788]]],[[[141.48874,38.53802],[141.48875,38.538],[141.48873,38.53801],[141.48874,38.53802]]],[[[141.48852,38.53847],[141.48852,38.53841],[141.48848,38.53845],[141.48852,38.53847]]],[[[141.48854,38.53857],[141.48851,38.53854],[141.48851,38.53858],[141.48854,38.53857]]],[[[141.48833,38.53865],[141.48831,38.53863],[141.48831,38.53865],[141.48833,38.53865]]],[[[141.48826,38.53868],[141.48831,38.53871],[141.48834,38.53869],[141.48826,38.53868]]],[[[141.48813,38.53918],[141.48817,38.53919],[141.48816,38.53916],[141.48813,38.53918]]],[[[141.48802,38.55432],[141.4881,38.55388],[141.48803,38.55381],[141.48802,38.55432]]],[[[141.48813,38.55405],[141.48817,38.55415],[141.48814,38.55401],[141.48813,38.55405]]],[[[141.48823,38.55452],[141.4881,38.55438],[141.48821,38.55467],[141.48823,38.55452]]],[[[141.48932,38.55521],[141.48935,38.55526],[141.48936,38.5552],[141.48932,38.55521]]],[[[141.4898,38.55562],[141.48984,38.5556],[141.48981,38.55558],[141.4898,38.55562]]],[[[141.49002,38.55583],[141.49005,38.55587],[141.49008,38.55584],[141.49002,38.55583]]],[[[141.48986,38.5559],[141.48989,38.55592],[141.48988,38.55589],[141.48986,38.5559]]],[[[141.48985,38.55593],[141.48974,38.55594],[141.48984,38.55606],[141.48985,38.55593]]],[[[141.4905,38.55595],[141.4904,38.55619],[141.49049,38.5563],[141.4905,38.55595]]],[[[141.49178,38.55632],[141.49177,38.55629],[141.49175,38.55632],[141.49178,38.55632]]],[[[141.491,38.55632],[141.49102,38.55632],[141.49101,38.5563],[141.491,38.55632]]],[[[141.49046,38.55635],[141.49049,38.55634],[141.49046,38.55633],[141.49046,38.55635]]],[[[141.49056,38.55651],[141.49052,38.55639],[141.49051,38.55646],[141.49056,38.55651]]],[[[141.49154,38.55643],[141.49159,38.5565],[141.4916,38.55645],[141.49154,38.55643]]],[[[141.49173,38.55784],[141.49178,38.55798],[141.49177,38.55782],[141.49173,38.55784]]],[[[141.48833,38.58445],[141.48832,38.58433],[141.48825,38.58436],[141.48833,38.58445]]],[[[141.4885,38.58486],[141.48862,38.58491],[141.48851,38.58481],[141.4885,38.58486]]],[[[141.48813,38.58491],[141.48825,38.58491],[141.48814,38.58486],[141.48813,38.58491]]],[[[141.48859,38.58498],[141.48862,38.5851],[141.48866,38.58506],[141.48859,38.58498]]],[[[141.48843,38.58571],[141.48849,38.58569],[141.48844,38.58568],[141.48843,38.58571]]],[[[141.48893,38.58599],[141.48884,38.586],[141.4889,38.58603],[141.48893,38.58599]]],[[[141.48842,38.5861],[141.48847,38.58602],[141.4883,38.58592],[141.48842,38.5861]]],[[[141.4883,38.58623],[141.48828,38.58626],[141.48833,38.58625],[141.4883,38.58623]]],[[[141.48928,38.58655],[141.48932,38.58653],[141.48929,38.58652],[141.48928,38.58655]]],[[[141.49182,38.58662],[141.49183,38.58671],[141.49189,38.58665],[141.49182,38.58662]]],[[[141.49089,38.58681],[141.49089,38.58677],[141.49086,38.58677],[141.49089,38.58681]]],[[[141.49155,38.58691],[141.4916,38.58677],[141.49145,38.58669],[141.49155,38.58691]]],[[[141.49059,38.58678],[141.49055,38.58696],[141.49057,38.58697],[141.49059,38.58678]]],[[[141.48933,38.58716],[141.48945,38.58705],[141.48935,38.58702],[141.48933,38.58716]]],[[[141.49182,38.58717],[141.49187,38.58725],[141.4919,38.58723],[141.49182,38.58717]]],[[[141.49172,38.58736],[141.4918,38.58714],[141.49165,38.58715],[141.49164,38.58721],[141.49169,38.58734],[141.49172,38.58736]]],[[[141.49155,38.58749],[141.49163,38.58729],[141.49146,38.58718],[141.49155,38.58749]]],[[[141.49149,38.58747],[141.49143,38.58744],[141.49144,38.58748],[141.49149,38.58747]]],[[[141.49148,38.58752],[141.4915,38.58749],[141.49148,38.5875],[141.49148,38.58752]]],[[[141.4916,38.58751],[141.49157,38.58758],[141.49159,38.58757],[141.4916,38.58751]]],[[[141.49148,38.58783],[141.49152,38.58781],[141.49148,38.58779],[141.49148,38.58783]]],[[[141.49155,38.58783],[141.49161,38.58786],[141.49158,38.58778],[141.49155,38.58783]]],[[[141.49125,38.58849],[141.49116,38.58851],[141.49119,38.58859],[141.49125,38.58849]]],[[[141.49135,38.58856],[141.49128,38.58852],[141.49136,38.58858],[141.49135,38.58856]]],[[[141.49261,38.58871],[141.49264,38.58865],[141.49258,38.58857],[141.49261,38.58871]]],[[[141.49241,38.58868],[141.49259,38.58881],[141.49241,38.58861],[141.49241,38.58868]]],[[[141.49266,38.58878],[141.49269,38.58891],[141.49281,38.58887],[141.49266,38.58878]]],[[[141.49765,38.24528],[141.49756,38.24533],[141.49762,38.24535],[141.49765,38.24528]]],[[[141.49806,38.24535],[141.49811,38.24539],[141.49815,38.24535],[141.49806,38.24535]]],[[[141.49824,38.24613],[141.49823,38.24602],[141.49813,38.24611],[141.49824,38.24613]]],[[[141.49743,38.24674],[141.4973,38.24664],[141.49741,38.24676],[141.49743,38.24674]]],[[[141.49688,38.24678],[141.49694,38.24676],[141.4969,38.24674],[141.49688,38.24678]]],[[[141.49677,38.24676],[141.49683,38.24679],[141.49678,38.24674],[141.49677,38.24676]]],[[[141.49526,38.24689],[141.49528,38.24684],[141.49525,38.24683],[141.49526,38.24689]]],[[[141.49515,38.24689],[141.49518,38.24687],[141.49516,38.24686],[141.49515,38.24689]]],[[[141.49558,38.2471],[141.49557,38.24703],[141.49555,38.24703],[141.49558,38.2471]]],[[[141.49522,38.24703],[141.49515,38.24711],[141.49525,38.24713],[141.49522,38.24703]]],[[[141.4956,38.24717],[141.49561,38.24712],[141.49557,38.24717],[141.4956,38.24717]]],[[[141.49522,38.2472],[141.49517,38.24715],[141.49514,38.24719],[141.49522,38.2472]]],[[[141.49724,38.24723],[141.49725,38.24713],[141.49718,38.24715],[141.49724,38.24723]]],[[[141.49564,38.24727],[141.49566,38.24721],[141.49564,38.24719],[141.49564,38.24727]]],[[[141.4958,38.2473],[141.49577,38.24723],[141.49577,38.24728],[141.4958,38.2473]]],[[[141.4952,38.24726],[141.49531,38.24726],[141.4953,38.24719],[141.4952,38.24726]]],[[[141.49569,38.24733],[141.49564,38.24746],[141.49573,38.24743],[141.49569,38.24733]]],[[[141.49567,38.2476],[141.49546,38.24763],[141.49556,38.24771],[141.49567,38.2476]]],[[[141.49599,38.24777],[141.49595,38.24775],[141.49594,38.24781],[141.49599,38.24777]]],[[[141.49478,38.24846],[141.49472,38.2484],[141.49468,38.24841],[141.49478,38.24846]]],[[[141.4945,38.24852],[141.49452,38.2485],[141.4945,38.24851],[141.4945,38.24852]]],[[[141.49495,38.24884],[141.49475,38.2488],[141.49484,38.2489],[141.49495,38.24884]]],[[[141.49842,38.25022],[141.49834,38.25018],[141.49841,38.25026],[141.49842,38.25022]]],[[[141.49293,38.25078],[141.49301,38.25083],[141.49299,38.25074],[141.49293,38.25078]]],[[[141.49859,38.2509],[141.49845,38.25093],[141.49861,38.25092],[141.49859,38.2509]]],[[[141.49825,38.25336],[141.49818,38.25332],[141.49817,38.25339],[141.49825,38.25336]]],[[[141.49834,38.25365],[141.49823,38.25366],[141.49824,38.2537],[141.49834,38.25365]]],[[[141.49841,38.25407],[141.49843,38.25414],[141.49847,38.2541],[141.49841,38.25407]]],[[[141.49802,38.25416],[141.49807,38.25415],[141.49801,38.25413],[141.49802,38.25416]]],[[[141.49781,38.25464],[141.4979,38.25475],[141.49785,38.25461],[141.49781,38.25464]]],[[[141.49765,38.25564],[141.49767,38.2557],[141.49773,38.25564],[141.49765,38.25564]]],[[[141.49799,38.25573],[141.49805,38.25568],[141.49803,38.25567],[141.49799,38.25573]]],[[[141.4976,38.25572],[141.49757,38.25572],[141.49759,38.25575],[141.4976,38.25572]]],[[[141.49849,38.25613],[141.49849,38.25626],[141.49854,38.25627],[141.49849,38.25613]]],[[[141.4984,38.25739],[141.49831,38.25733],[141.49837,38.2574],[141.4984,38.25739]]],[[[141.49796,38.25768],[141.49796,38.25779],[141.498,38.25769],[141.49796,38.25768]]],[[[141.49384,38.2579],[141.49375,38.25791],[141.49379,38.25797],[141.49384,38.2579]]],[[[141.49369,38.258],[141.49366,38.25785],[141.49361,38.25786],[141.49369,38.258]]],[[[141.49306,38.25818],[141.49309,38.25813],[141.49304,38.25814],[141.49306,38.25818]]],[[[141.49376,38.25934],[141.49365,38.25937],[141.4938,38.25945],[141.49376,38.25934]]],[[[141.49381,38.25959],[141.49389,38.25952],[141.49379,38.25951],[141.49381,38.25959]]],[[[141.49341,38.2596],[141.49334,38.25962],[141.49335,38.25964],[141.49341,38.2596]]],[[[141.49357,38.25957],[141.49356,38.2597],[141.49363,38.2597],[141.49357,38.25957]]],[[[141.49386,38.25981],[141.49383,38.26002],[141.49393,38.2599],[141.49386,38.25981]]],[[[141.49332,38.26068],[141.49354,38.25987],[141.4926,38.25972],[141.49316,38.26062],[141.49295,38.26071],[141.49332,38.26068]]],[[[141.49295,38.26057],[141.49286,38.26064],[141.49296,38.26063],[141.49295,38.26057]]],[[[141.49307,38.26064],[141.49309,38.26057],[141.49303,38.26058],[141.49307,38.26064]]],[[[141.49325,38.26101],[141.49295,38.26085],[141.49318,38.26117],[141.49325,38.26101]]],[[[141.4937,38.26123],[141.4936,38.26119],[141.4937,38.26128],[141.4937,38.26123]]],[[[141.49354,38.2613],[141.49352,38.26116],[141.49348,38.26114],[141.49354,38.2613]]],[[[141.49357,38.26153],[141.49357,38.26141],[141.4935,38.26143],[141.49357,38.26153]]],[[[141.494,38.26152],[141.49395,38.26157],[141.49401,38.26159],[141.494,38.26152]]],[[[141.49426,38.26162],[141.49424,38.26155],[141.49421,38.26158],[141.49426,38.26162]]],[[[141.4945,38.26163],[141.49448,38.26157],[141.49446,38.26158],[141.4945,38.26163]]],[[[141.49412,38.2617],[141.49406,38.26171],[141.49409,38.26176],[141.49412,38.2617]]],[[[141.49777,38.29134],[141.49775,38.29138],[141.49778,38.29137],[141.49777,38.29134]]],[[[141.49565,38.29146],[141.4955,38.29136],[141.49556,38.29147],[141.49565,38.29146]]],[[[141.49786,38.29183],[141.49795,38.2918],[141.49787,38.2918],[141.49786,38.29183]]],[[[141.4965,38.29215],[141.49649,38.29218],[141.49654,38.29217],[141.4965,38.29215]]],[[[141.4976,38.29213],[141.4976,38.29223],[141.49764,38.29222],[141.4976,38.29213]]],[[[141.49669,38.29221],[141.49673,38.29218],[141.49663,38.29214],[141.49669,38.29221]]],[[[141.49681,38.29222],[141.49686,38.29222],[141.49686,38.2922],[141.49681,38.29222]]],[[[141.49756,38.29221],[141.49753,38.29222],[141.49756,38.29223],[141.49756,38.29221]]],[[[141.49362,38.29225],[141.49353,38.2922],[141.4936,38.29228],[141.49362,38.29225]]],[[[141.49778,38.29221],[141.49773,38.29227],[141.49781,38.29226],[141.49778,38.29221]]],[[[141.49352,38.2924],[141.49343,38.29226],[141.49341,38.29227],[141.49352,38.2924]]],[[[141.49366,38.29244],[141.49373,38.29239],[141.49365,38.29243],[141.49366,38.29244]]],[[[141.49407,38.29255],[141.49414,38.29248],[141.49409,38.29245],[141.49407,38.29255]]],[[[141.49385,38.2925],[141.49373,38.29266],[141.49391,38.29269],[141.49385,38.2925]]],[[[141.49836,38.29258],[141.49829,38.29275],[141.49848,38.29283],[141.49836,38.29258]]],[[[141.49343,38.29313],[141.49339,38.29311],[141.49344,38.29316],[141.49343,38.29313]]],[[[141.49315,38.29635],[141.49314,38.29641],[141.49318,38.29638],[141.49315,38.29635]]],[[[141.49383,38.29821],[141.49399,38.29829],[141.49387,38.29815],[141.49383,38.29821]]],[[[141.49691,38.30414],[141.4969,38.30416],[141.49692,38.30416],[141.49691,38.30414]]],[[[141.495,38.3706],[141.49492,38.37047],[141.49489,38.37046],[141.495,38.3706]]],[[[141.49512,38.37065],[141.49511,38.37063],[141.4951,38.37063],[141.49512,38.37065]]],[[[141.49674,38.37059],[141.49686,38.37071],[141.49674,38.37057],[141.49674,38.37059]]],[[[141.49503,38.37084],[141.49501,38.37075],[141.49491,38.37073],[141.49503,38.37084]]],[[[141.49494,38.37097],[141.4949,38.37096],[141.49493,38.371],[141.49494,38.37097]]],[[[141.49495,38.37143],[141.49498,38.37139],[141.49493,38.37139],[141.49495,38.37143]]],[[[141.49514,38.37133],[141.49517,38.37153],[141.49534,38.37162],[141.49514,38.37133]]],[[[141.49663,38.38088],[141.497,38.38144],[141.49703,38.38142],[141.49663,38.38088]]],[[[141.49687,38.3814],[141.49672,38.38111],[141.49668,38.38111],[141.49687,38.3814]]],[[[141.49667,38.38133],[141.49661,38.38131],[141.49665,38.38134],[141.49667,38.38133]]],[[[141.49547,38.3818],[141.49554,38.38189],[141.49557,38.38187],[141.49547,38.3818]]],[[[141.4975,38.38185],[141.49752,38.3819],[141.49757,38.38193],[141.4975,38.38185]]],[[[141.49551,38.41168],[141.49563,38.41157],[141.49545,38.41147],[141.49551,38.41168]]],[[[141.49641,38.41168],[141.49638,38.41164],[141.49639,38.41168],[141.49641,38.41168]]],[[[141.49578,38.41184],[141.49576,38.41189],[141.4958,38.41189],[141.49578,38.41184]]],[[[141.49331,38.41221],[141.49335,38.4122],[141.49332,38.41219],[141.49331,38.41221]]],[[[141.49768,38.4129],[141.49772,38.41293],[141.4977,38.41289],[141.49768,38.4129]]],[[[141.49768,38.41304],[141.49772,38.41305],[141.49769,38.41303],[141.49768,38.41304]]],[[[141.4977,38.4131],[141.49775,38.41318],[141.49783,38.41322],[141.49776,38.41311],[141.4977,38.4131]]],[[[141.49468,38.43597],[141.49472,38.43625],[141.49505,38.43634],[141.49468,38.43597]]],[[[141.4951,38.43632],[141.49508,38.43634],[141.49512,38.43634],[141.4951,38.43632]]],[[[141.49507,38.43641],[141.49521,38.4365],[141.49531,38.43648],[141.49507,38.43641]]],[[[141.4953,38.4365],[141.49533,38.43654],[141.49533,38.43653],[141.4953,38.4365]]],[[[141.49536,38.43669],[141.49539,38.43661],[141.49529,38.43657],[141.49536,38.43669]]],[[[141.49577,38.43679],[141.49569,38.43684],[141.49578,38.43681],[141.49577,38.43679]]],[[[141.49468,38.43754],[141.49466,38.4376],[141.49473,38.4376],[141.49468,38.43754]]],[[[141.49654,38.43911],[141.4965,38.43904],[141.49645,38.43905],[141.49654,38.43911]]],[[[141.49356,38.4404],[141.49352,38.44033],[141.49345,38.44033],[141.49356,38.4404]]],[[[141.49673,38.44056],[141.49666,38.44054],[141.49664,38.44055],[141.49673,38.44056]]],[[[141.49814,38.44313],[141.49816,38.44313],[141.49815,38.44312],[141.49814,38.44313]]],[[[141.4982,38.44323],[141.49819,38.44326],[141.49822,38.44325],[141.4982,38.44323]]],[[[141.49824,38.44329],[141.49826,38.44331],[141.49827,38.44331],[141.49824,38.44329]]],[[[141.49729,38.45245],[141.49734,38.45244],[141.4973,38.45235],[141.49729,38.45245]]],[[[141.49731,38.45248],[141.4974,38.45253],[141.49736,38.45247],[141.49731,38.45248]]],[[[141.49718,38.45707],[141.49719,38.45705],[141.49717,38.45705],[141.49718,38.45707]]],[[[141.49345,38.46001],[141.49344,38.45994],[141.4934,38.45992],[141.49345,38.46001]]],[[[141.49387,38.46012],[141.49381,38.46003],[141.49379,38.46005],[141.49387,38.46012]]],[[[141.49311,38.46006],[141.49303,38.46007],[141.49308,38.46018],[141.49311,38.46006]]],[[[141.49768,38.46046],[141.49769,38.46044],[141.49768,38.46044],[141.49768,38.46046]]],[[[141.49793,38.46054],[141.49788,38.4606],[141.49797,38.46061],[141.49793,38.46054]]],[[[141.49622,38.46063],[141.49629,38.46064],[141.49624,38.4606],[141.49622,38.46063]]],[[[141.498,38.46066],[141.49793,38.46069],[141.49801,38.46067],[141.498,38.46066]]],[[[141.49527,38.46071],[141.49524,38.46077],[141.49532,38.46078],[141.49527,38.46071]]],[[[141.49859,38.46118],[141.49852,38.4611],[141.49846,38.4611],[141.49859,38.46118]]],[[[141.49847,38.46124],[141.49845,38.46138],[141.49849,38.46147],[141.49847,38.46124]]],[[[141.49284,38.46174],[141.49291,38.46172],[141.49288,38.46167],[141.49284,38.46174]]],[[[141.49366,38.47305],[141.49346,38.47283],[141.49361,38.47322],[141.49366,38.47305]]],[[[141.49453,38.47427],[141.49489,38.47388],[141.49458,38.47376],[141.49453,38.47427]]],[[[141.49487,38.47505],[141.49485,38.47495],[141.49482,38.47494],[141.49487,38.47505]]],[[[141.49534,38.47599],[141.49533,38.47593],[141.49532,38.47593],[141.49534,38.47599]]],[[[141.49597,38.47622],[141.496,38.4761],[141.49592,38.47605],[141.49597,38.47622]]],[[[141.49656,38.47636],[141.4966,38.47627],[141.49655,38.47626],[141.49656,38.47636]]],[[[141.49667,38.47647],[141.49657,38.47642],[141.49666,38.47649],[141.49667,38.47647]]],[[[141.49693,38.47664],[141.49697,38.47665],[141.49695,38.47663],[141.49693,38.47664]]],[[[141.49732,38.47693],[141.49737,38.47694],[141.49735,38.47689],[141.49732,38.47693]]],[[[141.49723,38.47727],[141.49723,38.47732],[141.49727,38.47731],[141.49723,38.47727]]],[[[141.49773,38.4801],[141.49772,38.48002],[141.49769,38.48002],[141.49773,38.4801]]],[[[141.4962,38.48047],[141.49624,38.48039],[141.49619,38.48034],[141.4962,38.48047]]],[[[141.49589,38.4806],[141.49588,38.48065],[141.4959,38.48065],[141.49589,38.4806]]],[[[141.49625,38.48095],[141.4962,38.48084],[141.49619,38.48093],[141.49625,38.48095]]],[[[141.49617,38.48113],[141.49626,38.48099],[141.49616,38.48096],[141.49617,38.48113]]],[[[141.49546,38.48136],[141.49548,38.48134],[141.49545,38.48135],[141.49546,38.48136]]],[[[141.49658,38.48147],[141.49668,38.48135],[141.49656,38.48132],[141.49658,38.48147]]],[[[141.49557,38.48159],[141.49555,38.48161],[141.49558,38.4816],[141.49557,38.48159]]],[[[141.49567,38.48241],[141.4956,38.48238],[141.4956,38.48241],[141.49567,38.48241]]],[[[141.49563,38.48245],[141.49573,38.48242],[141.49562,38.48244],[141.49563,38.48245]]],[[[141.49325,38.48517],[141.49341,38.48523],[141.49324,38.48513],[141.49325,38.48517]]],[[[141.49297,38.48647],[141.49301,38.48644],[141.49297,38.48644],[141.49297,38.48647]]],[[[141.49353,38.48668],[141.49353,38.48665],[141.49352,38.48664],[141.49353,38.48668]]],[[[141.4934,38.48685],[141.49342,38.48681],[141.49338,38.4868],[141.4934,38.48685]]],[[[141.49389,38.49049],[141.49403,38.49055],[141.4939,38.49046],[141.49389,38.49049]]],[[[141.49405,38.49088],[141.49411,38.49089],[141.49405,38.49084],[141.49405,38.49088]]],[[[141.49424,38.49128],[141.49411,38.49119],[141.49407,38.49119],[141.49413,38.49129],[141.49424,38.49128]]],[[[141.49392,38.49143],[141.49375,38.49153],[141.49388,38.49166],[141.49392,38.49143]]],[[[141.49464,38.49237],[141.49463,38.49227],[141.49456,38.49231],[141.49464,38.49237]]],[[[141.49449,38.49247],[141.4945,38.49249],[141.4945,38.49247],[141.49449,38.49247]]],[[[141.49634,38.49379],[141.49642,38.49382],[141.49638,38.49375],[141.49634,38.49379]]],[[[141.49701,38.49387],[141.49707,38.49385],[141.49705,38.49383],[141.49701,38.49387]]],[[[141.49646,38.49404],[141.49649,38.49401],[141.49646,38.49401],[141.49646,38.49404]]],[[[141.49651,38.49413],[141.49649,38.4941],[141.4965,38.49414],[141.49651,38.49413]]],[[[141.49681,38.49424],[141.49683,38.49419],[141.49678,38.49421],[141.49681,38.49424]]],[[[141.49654,38.49428],[141.49657,38.49423],[141.49652,38.49421],[141.49654,38.49428]]],[[[141.49678,38.49454],[141.49677,38.4947],[141.49688,38.49454],[141.49678,38.49454]]],[[[141.49678,38.49475],[141.49686,38.49479],[141.49687,38.49473],[141.49678,38.49475]]],[[[141.49708,38.49486],[141.49686,38.49492],[141.49686,38.49498],[141.49708,38.49486]]],[[[141.49752,38.49505],[141.49749,38.49508],[141.4975,38.49508],[141.49752,38.49505]]],[[[141.49663,38.49575],[141.49663,38.49574],[141.49662,38.49574],[141.49663,38.49575]]],[[[141.49648,38.49574],[141.49637,38.49578],[141.4965,38.49577],[141.49648,38.49574]]],[[[141.49632,38.49607],[141.49613,38.49595],[141.49605,38.49602],[141.49632,38.49607]]],[[[141.49589,38.49626],[141.496,38.49632],[141.49599,38.49625],[141.49589,38.49626]]],[[[141.49585,38.49641],[141.4958,38.49636],[141.49582,38.49644],[141.49585,38.49641]]],[[[141.4959,38.49654],[141.49587,38.4965],[141.49585,38.49655],[141.4959,38.49654]]],[[[141.49595,38.49669],[141.49595,38.49665],[141.49592,38.49667],[141.49595,38.49669]]],[[[141.49645,38.49673],[141.49647,38.49668],[141.49644,38.49669],[141.49645,38.49673]]],[[[141.49638,38.49867],[141.4964,38.49869],[141.49641,38.49867],[141.49638,38.49867]]],[[[141.49666,38.49939],[141.49666,38.49945],[141.49669,38.49943],[141.49666,38.49939]]],[[[141.4968,38.49971],[141.49671,38.49965],[141.49674,38.49979],[141.4968,38.49971]]],[[[141.49667,38.49975],[141.49664,38.4997],[141.49666,38.49976],[141.49667,38.49975]]],[[[141.49654,38.49977],[141.49653,38.49969],[141.49647,38.49971],[141.49654,38.49977]]],[[[141.49643,38.49977],[141.49645,38.49976],[141.49643,38.49976],[141.49643,38.49977]]],[[[141.49373,38.50016],[141.4939,38.49991],[141.49362,38.5],[141.49364,38.50011],[141.49373,38.50016]]],[[[141.49643,38.50053],[141.49654,38.50055],[141.49651,38.50047],[141.49643,38.50053]]],[[[141.49634,38.5006],[141.49619,38.50065],[141.4963,38.50068],[141.49634,38.5006]]],[[[141.49611,38.50065],[141.49613,38.5007],[141.49617,38.5007],[141.49611,38.50065]]],[[[141.49651,38.50069],[141.49657,38.50068],[141.49655,38.50066],[141.49651,38.50069]]],[[[141.49633,38.50071],[141.49634,38.50077],[141.49637,38.50073],[141.49633,38.50071]]],[[[141.49494,38.50889],[141.49497,38.50878],[141.49494,38.50877],[141.49494,38.50889]]],[[[141.49503,38.50896],[141.49503,38.50891],[141.495,38.50893],[141.49503,38.50896]]],[[[141.49508,38.50901],[141.49511,38.50905],[141.49513,38.50903],[141.49508,38.50901]]],[[[141.49572,38.50924],[141.4957,38.50926],[141.49572,38.50925],[141.49572,38.50924]]],[[[141.49586,38.50947],[141.49581,38.50944],[141.4958,38.50945],[141.49586,38.50947]]],[[[141.4968,38.51018],[141.49674,38.51024],[141.49678,38.51025],[141.4968,38.51018]]],[[[141.4967,38.51033],[141.49663,38.51025],[141.49662,38.51035],[141.4967,38.51033]]],[[[141.49696,38.51025],[141.49696,38.51035],[141.49702,38.5103],[141.49696,38.51025]]],[[[141.49316,38.55669],[141.49326,38.55682],[141.49321,38.55665],[141.49316,38.55669]]],[[[141.49374,38.55753],[141.49376,38.5575],[141.49375,38.5575],[141.49374,38.55753]]],[[[141.49379,38.55754],[141.4938,38.55752],[141.49379,38.55752],[141.49379,38.55754]]],[[[141.49366,38.55758],[141.49366,38.55757],[141.49365,38.55757],[141.49366,38.55758]]],[[[141.49384,38.55772],[141.49387,38.5577],[141.49385,38.55766],[141.49384,38.55772]]],[[[141.49196,38.55633],[141.49404,38.55916],[141.49431,38.5585],[141.49373,38.55792],[141.49359,38.55755],[141.49377,38.5574],[141.49196,38.55633]]],[[[141.49438,38.55915],[141.49444,38.55915],[141.49436,38.55909],[141.49438,38.55915]]],[[[141.49294,38.55912],[141.49294,38.55921],[141.49298,38.55922],[141.49294,38.55912]]],[[[141.49414,38.55918],[141.49417,38.55922],[141.49415,38.55917],[141.49414,38.55918]]],[[[141.49443,38.55925],[141.49443,38.5592],[141.4944,38.55919],[141.49443,38.55925]]],[[[141.49308,38.55929],[141.49312,38.55929],[141.4931,38.55926],[141.49308,38.55929]]],[[[141.49609,38.58847],[141.49614,38.58846],[141.4961,38.58845],[141.49609,38.58847]]],[[[141.49294,38.58868],[141.49297,38.58872],[141.49297,38.5886],[141.49294,38.58868]]],[[[141.49292,38.58884],[141.49297,38.58886],[141.49292,38.58883],[141.49292,38.58884]]],[[[141.49602,38.5887],[141.49691,38.58931],[141.49631,38.58838],[141.49602,38.5887]]],[[[141.49471,38.58863],[141.49457,38.58871],[141.49528,38.5892],[141.49471,38.58863]]],[[[141.49629,38.58952],[141.49704,38.58959],[141.49699,38.58951],[141.49629,38.58952]]],[[[141.49631,38.59066],[141.49636,38.59063],[141.49631,38.59061],[141.49631,38.59066]]],[[[141.49626,38.59067],[141.4963,38.5907],[141.49629,38.59066],[141.49626,38.59067]]],[[[141.49689,38.59083],[141.49687,38.59086],[141.4969,38.59086],[141.49689,38.59083]]],[[[141.49667,38.5909],[141.49665,38.5909],[141.49665,38.59092],[141.49667,38.5909]]],[[[141.4977,38.59101],[141.49784,38.59095],[141.49771,38.59087],[141.4977,38.59101]]],[[[141.49888,38.24483],[141.49895,38.2449],[141.49894,38.24484],[141.49888,38.24483]]],[[[141.49871,38.24485],[141.49887,38.24492],[141.49884,38.24484],[141.49871,38.24485]]],[[[141.4988,38.24521],[141.49842,38.24526],[141.49882,38.24539],[141.4988,38.24521]]],[[[141.49891,38.24525],[141.49884,38.24533],[141.49886,38.24534],[141.49891,38.24525]]],[[[141.49904,38.24536],[141.49909,38.24542],[141.4991,38.24537],[141.49904,38.24536]]],[[[141.49891,38.24546],[141.49888,38.24539],[141.49883,38.24548],[141.49891,38.24546]]],[[[141.49851,38.24553],[141.49862,38.2454],[141.49846,38.2454],[141.49851,38.24553]]],[[[141.49898,38.24551],[141.49907,38.24545],[141.49894,38.24549],[141.49898,38.24551]]],[[[141.49908,38.24561],[141.49895,38.24557],[141.49897,38.24564],[141.49908,38.24561]]],[[[141.49981,38.24591],[141.49982,38.24581],[141.49976,38.2459],[141.49981,38.24591]]],[[[141.49868,38.24602],[141.49862,38.246],[141.49863,38.24607],[141.49868,38.24602]]],[[[141.50131,38.24613],[141.50139,38.24594],[141.50128,38.24597],[141.50131,38.24613]]],[[[141.50167,38.24614],[141.50154,38.24616],[141.50154,38.24619],[141.50167,38.24614]]],[[[141.49903,38.24624],[141.49895,38.24616],[141.49897,38.24625],[141.49903,38.24624]]],[[[141.50135,38.24626],[141.50148,38.24617],[141.50133,38.24623],[141.50135,38.24626]]],[[[141.50002,38.24622],[141.50011,38.24627],[141.5001,38.24619],[141.50002,38.24622]]],[[[141.50086,38.24666],[141.50121,38.24599],[141.50074,38.24594],[141.50086,38.24666]]],[[[141.50131,38.247],[141.50143,38.24699],[141.5014,38.24692],[141.50131,38.247]]],[[[141.50174,38.2471],[141.50167,38.24708],[141.50164,38.24711],[141.50174,38.2471]]],[[[141.50135,38.24714],[141.50144,38.24709],[141.50132,38.24706],[141.50135,38.24714]]],[[[141.50148,38.24741],[141.50119,38.24714],[141.50113,38.24723],[141.50148,38.24741]]],[[[141.501,38.24771],[141.50092,38.24764],[141.50089,38.24772],[141.501,38.24771]]],[[[141.501,38.24784],[141.50091,38.24793],[141.50103,38.24796],[141.501,38.24784]]],[[[141.50043,38.24798],[141.50038,38.24797],[141.50041,38.24802],[141.50043,38.24798]]],[[[141.50069,38.2482],[141.50062,38.24811],[141.5006,38.24815],[141.50069,38.2482]]],[[[141.50009,38.24835],[141.50001,38.2483],[141.50002,38.24836],[141.50009,38.24835]]],[[[141.5003,38.24848],[141.50027,38.24841],[141.50024,38.24843],[141.5003,38.24848]]],[[[141.5006,38.24852],[141.5005,38.24844],[141.50054,38.24854],[141.5006,38.24852]]],[[[141.50112,38.24852],[141.50108,38.24851],[141.50109,38.24854],[141.50112,38.24852]]],[[[141.50088,38.24872],[141.50102,38.24871],[141.50087,38.24871],[141.50088,38.24872]]],[[[141.49976,38.24894],[141.49975,38.2489],[141.49974,38.24891],[141.49976,38.24894]]],[[[141.49959,38.24902],[141.49956,38.24886],[141.49942,38.24892],[141.49959,38.24902]]],[[[141.49974,38.24899],[141.49972,38.24894],[141.49969,38.24896],[141.49974,38.24899]]],[[[141.49983,38.24903],[141.49986,38.24896],[141.49981,38.24895],[141.49983,38.24903]]],[[[141.5004,38.24907],[141.5005,38.24913],[141.50045,38.249],[141.5004,38.24907]]],[[[141.49873,38.24976],[141.49883,38.24977],[141.49884,38.24975],[141.49873,38.24976]]],[[[141.49949,38.24977],[141.49962,38.24984],[141.49963,38.24981],[141.49949,38.24977]]],[[[141.49934,38.24988],[141.49935,38.2498],[141.49932,38.24985],[141.49934,38.24988]]],[[[141.49915,38.24992],[141.49917,38.24987],[141.49915,38.24987],[141.49915,38.24992]]],[[[141.49882,38.25027],[141.49887,38.25014],[141.49881,38.25016],[141.49882,38.25027]]],[[[141.49856,38.25108],[141.4985,38.25115],[141.49862,38.25112],[141.49856,38.25108]]],[[[141.49881,38.254],[141.49877,38.254],[141.49879,38.25403],[141.49881,38.254]]],[[[141.49944,38.25567],[141.49942,38.25565],[141.49939,38.25568],[141.49944,38.25567]]],[[[141.49956,38.25566],[141.49955,38.2557],[141.49957,38.25567],[141.49956,38.25566]]],[[[141.49882,38.25572],[141.49884,38.25565],[141.4988,38.25566],[141.49882,38.25572]]],[[[141.49929,38.25571],[141.49936,38.25574],[141.49934,38.25568],[141.49929,38.25571]]],[[[141.49864,38.2561],[141.49859,38.25604],[141.49856,38.25608],[141.49864,38.2561]]],[[[141.49941,38.25616],[141.49946,38.25608],[141.49939,38.25609],[141.49941,38.25616]]],[[[141.49957,38.25611],[141.49958,38.25618],[141.49962,38.25611],[141.49957,38.25611]]],[[[141.49905,38.25634],[141.49892,38.25643],[141.49906,38.25642],[141.49905,38.25634]]],[[[141.49953,38.25637],[141.49959,38.25648],[141.49955,38.25635],[141.49953,38.25637]]],[[[141.49916,38.25706],[141.49912,38.25718],[141.49921,38.25707],[141.49916,38.25706]]],[[[141.49917,38.25725],[141.49917,38.25737],[141.4992,38.25736],[141.49917,38.25725]]],[[[141.49867,38.29306],[141.4988,38.29314],[141.49873,38.29305],[141.49867,38.29306]]],[[[141.50244,38.37215],[141.50254,38.37185],[141.5019,38.37142],[141.50244,38.37215]]],[[[141.50257,38.37223],[141.50265,38.37234],[141.50269,38.37233],[141.50257,38.37223]]],[[[141.50293,38.38198],[141.50291,38.3821],[141.50299,38.38206],[141.50293,38.38198]]],[[[141.50304,38.38214],[141.50303,38.38206],[141.50302,38.38207],[141.50304,38.38214]]],[[[141.49997,38.38275],[141.5,38.38271],[141.49995,38.3827],[141.49997,38.38275]]],[[[141.50137,38.40342],[141.5014,38.40341],[141.50138,38.40341],[141.50137,38.40342]]],[[[141.50106,38.40348],[141.50109,38.40353],[141.5011,38.40353],[141.50106,38.40348]]],[[[141.50109,38.4038],[141.50106,38.40377],[141.50106,38.4038],[141.50109,38.4038]]],[[[141.50135,38.404],[141.50138,38.40389],[141.50128,38.40387],[141.50135,38.404]]],[[[141.50112,38.40398],[141.50107,38.40399],[141.50111,38.404],[141.50112,38.40398]]],[[[141.5013,38.40402],[141.50128,38.40401],[141.50129,38.40402],[141.5013,38.40402]]],[[[141.50117,38.40411],[141.50111,38.40406],[141.50116,38.40412],[141.50117,38.40411]]],[[[141.50135,38.40423],[141.50136,38.40426],[141.50137,38.40425],[141.50135,38.40423]]],[[[141.50141,38.40443],[141.50141,38.40439],[141.50139,38.40438],[141.50141,38.40443]]],[[[141.50167,38.40442],[141.50169,38.4044],[141.50167,38.4044],[141.50167,38.40442]]],[[[141.50159,38.40457],[141.50159,38.4046],[141.5016,38.40459],[141.50159,38.40457]]],[[[141.50174,38.40463],[141.50172,38.40466],[141.50175,38.40465],[141.50174,38.40463]]],[[[141.50176,38.4047],[141.50173,38.4047],[141.50178,38.40472],[141.50176,38.4047]]],[[[141.50147,38.40477],[141.50142,38.40473],[141.50149,38.4048],[141.50147,38.40477]]],[[[141.50159,38.40488],[141.50156,38.40488],[141.5016,38.4049],[141.50159,38.40488]]],[[[141.50141,38.40583],[141.50135,38.40582],[141.50141,38.40583],[141.50141,38.40583]]],[[[141.50151,38.40583],[141.50151,38.40594],[141.50161,38.40583],[141.50151,38.40583]]],[[[141.5016,38.40595],[141.50157,38.40595],[141.50157,38.40596],[141.5016,38.40595]]],[[[141.50326,38.40844],[141.50316,38.4084],[141.50318,38.40846],[141.50326,38.40844]]],[[[141.50333,38.40856],[141.50338,38.40859],[141.50338,38.40858],[141.50333,38.40856]]],[[[141.50326,38.40895],[141.50328,38.40891],[141.50323,38.40893],[141.50326,38.40895]]],[[[141.50383,38.40919],[141.504,38.40931],[141.50377,38.40904],[141.50383,38.40919]]],[[[141.50378,38.41063],[141.50379,38.41059],[141.50375,38.41056],[141.50375,38.41062],[141.50378,38.41063]]],[[[141.50399,38.41081],[141.50383,38.41068],[141.50379,38.41068],[141.50399,38.41081]]],[[[141.50371,38.4111],[141.50365,38.41108],[141.50365,38.41108],[141.50371,38.4111]]],[[[141.50379,38.41112],[141.50379,38.41117],[141.50381,38.41117],[141.50379,38.41112]]],[[[141.50367,38.4114],[141.50363,38.41132],[141.50357,38.41131],[141.50367,38.4114]]],[[[141.50379,38.41153],[141.50371,38.4115],[141.50383,38.41159],[141.50379,38.41153]]],[[[141.50374,38.41194],[141.50378,38.41201],[141.5038,38.41201],[141.50374,38.41194]]],[[[141.50372,38.41203],[141.50373,38.41207],[141.50377,38.41207],[141.50372,38.41203]]],[[[141.50339,38.4136],[141.50321,38.41364],[141.50342,38.41373],[141.50339,38.4136]]],[[[141.50347,38.41366],[141.5035,38.41368],[141.50348,38.41365],[141.50347,38.41366]]],[[[141.50346,38.41373],[141.50348,38.41372],[141.50346,38.4137],[141.50346,38.41373]]],[[[141.50386,38.41409],[141.50396,38.41409],[141.50384,38.41408],[141.50386,38.41409]]],[[[141.50377,38.41411],[141.50378,38.41408],[141.50374,38.41407],[141.50377,38.41411]]],[[[141.50378,38.41444],[141.5039,38.41441],[141.50387,38.41435],[141.50378,38.41444]]],[[[141.50276,38.41447],[141.50273,38.41442],[141.50273,38.41448],[141.50276,38.41447]]],[[[141.50369,38.41453],[141.50367,38.41456],[141.50368,38.41456],[141.50369,38.41453]]],[[[141.50358,38.4145],[141.50366,38.41462],[141.50369,38.41471],[141.50369,38.41462],[141.50358,38.4145]]],[[[141.5031,38.41472],[141.50309,38.41475],[141.5031,38.41475],[141.5031,38.41472]]],[[[141.50291,38.41486],[141.50282,38.41464],[141.5029,38.41487],[141.50291,38.41486]]],[[[141.50322,38.41499],[141.5031,38.41477],[141.50321,38.415],[141.50322,38.41499]]],[[[141.50377,38.41498],[141.5038,38.41501],[141.50379,38.41498],[141.50377,38.41498]]],[[[141.50305,38.41507],[141.50306,38.41502],[141.50303,38.415],[141.50305,38.41507]]],[[[141.50332,38.41508],[141.50329,38.41507],[141.50331,38.4151],[141.50332,38.41508]]],[[[141.50043,38.41526],[141.50031,38.41498],[141.50008,38.41493],[141.50043,38.41526]]],[[[141.50239,38.41516],[141.50244,38.41513],[141.50234,38.41512],[141.50239,38.41516]]],[[[141.50305,38.41511],[141.50315,38.4152],[141.5031,38.41508],[141.50305,38.41511]]],[[[141.50217,38.41536],[141.50215,38.41538],[141.50219,38.41536],[141.50217,38.41536]]],[[[141.50225,38.41558],[141.50231,38.41558],[141.50225,38.4155],[141.50225,38.41558]]],[[[141.50159,38.41554],[141.50157,38.41559],[141.50159,38.41558],[141.50159,38.41554]]],[[[141.50147,38.41589],[141.50142,38.41565],[141.50139,38.41562],[141.50138,38.41574],[141.50147,38.41589]]],[[[141.50012,38.41581],[141.49997,38.41577],[141.50006,38.41588],[141.50012,38.41581]]],[[[141.50263,38.41608],[141.50237,38.41572],[141.50255,38.41622],[141.50263,38.41608]]],[[[141.50277,38.41633],[141.50283,38.41632],[141.50273,38.41614],[141.50277,38.41633]]],[[[141.50262,38.44015],[141.5026,38.44011],[141.50257,38.44015],[141.50262,38.44015]]],[[[141.50203,38.44071],[141.50217,38.44043],[141.50152,38.4404],[141.50203,38.44071]]],[[[141.50238,38.44106],[141.50239,38.44102],[141.50233,38.44101],[141.50238,38.44106]]],[[[141.4993,38.44291],[141.49927,38.44291],[141.49927,38.44292],[141.4993,38.44291]]],[[[141.50247,38.44333],[141.50244,38.44337],[141.50245,38.44338],[141.50247,38.44333]]],[[[141.50233,38.44334],[141.5023,38.44336],[141.50234,38.44336],[141.50233,38.44334]]],[[[141.49991,38.44334],[141.50007,38.44341],[141.49998,38.44333],[141.49991,38.44334]]],[[[141.50022,38.44339],[141.50016,38.44338],[141.50022,38.44339],[141.50022,38.44339]]],[[[141.49951,38.44346],[141.49948,38.44347],[141.49951,38.44348],[141.49951,38.44346]]],[[[141.50215,38.44335],[141.50208,38.44361],[141.50219,38.44364],[141.50215,38.44335]]],[[[141.50228,38.44397],[141.50224,38.44391],[141.50222,38.44395],[141.50228,38.44397]]],[[[141.50152,38.44424],[141.50153,38.44425],[141.50152,38.44423],[141.50152,38.44424]]],[[[141.50181,38.44449],[141.50179,38.44451],[141.50182,38.44451],[141.50181,38.44449]]],[[[141.50186,38.44452],[141.50184,38.44456],[141.50189,38.44454],[141.50186,38.44452]]],[[[141.5033,38.44457],[141.50332,38.44459],[141.50334,38.44457],[141.5033,38.44457]]],[[[141.50346,38.4448],[141.50347,38.44485],[141.5035,38.44482],[141.50346,38.4448]]],[[[141.50245,38.44485],[141.50245,38.44482],[141.50242,38.44483],[141.50245,38.44485]]],[[[141.50377,38.44484],[141.50373,38.44484],[141.50374,38.44485],[141.50377,38.44484]]],[[[141.50356,38.44488],[141.50355,38.44484],[141.50353,38.44486],[141.50356,38.44488]]],[[[141.50219,38.44904],[141.50221,38.44902],[141.50219,38.44903],[141.50219,38.44904]]],[[[141.5016,38.45181],[141.50156,38.4514],[141.50138,38.45159],[141.5016,38.45181]]],[[[141.50138,38.45191],[141.50135,38.45186],[141.50139,38.45193],[141.50138,38.45191]]],[[[141.50144,38.45201],[141.5014,38.45197],[141.50144,38.45202],[141.50144,38.45201]]],[[[141.50154,38.45216],[141.50151,38.45215],[141.50154,38.45217],[141.50154,38.45216]]],[[[141.50122,38.45236],[141.50133,38.45271],[141.50142,38.45274],[141.50122,38.45236]]],[[[141.50047,38.45801],[141.50036,38.45795],[141.5004,38.45807],[141.50047,38.45801]]],[[[141.50001,38.46047],[141.50012,38.46058],[141.50001,38.46042],[141.50001,38.46047]]],[[[141.50223,38.46106],[141.50226,38.46114],[141.50231,38.46113],[141.50223,38.46106]]],[[[141.50013,38.46114],[141.50017,38.46111],[141.50012,38.4611],[141.50013,38.46114]]],[[[141.50009,38.46109],[141.50013,38.46131],[141.50015,38.46131],[141.50009,38.46109]]],[[[141.50252,38.4612],[141.50244,38.46112],[141.50252,38.46125],[141.50252,38.4612]]],[[[141.4992,38.46118],[141.49924,38.46123],[141.49925,38.4612],[141.4992,38.46118]]],[[[141.50248,38.46128],[141.50233,38.46131],[141.50247,38.4613],[141.50248,38.46128]]],[[[141.49908,38.46122],[141.49912,38.46127],[141.49913,38.46126],[141.49908,38.46122]]],[[[141.49931,38.46133],[141.49945,38.46146],[141.4993,38.46128],[141.49931,38.46133]]],[[[141.49976,38.46146],[141.49956,38.46132],[141.49974,38.46153],[141.49976,38.46146]]],[[[141.49919,38.46134],[141.49925,38.46149],[141.4993,38.4615],[141.49919,38.46134]]],[[[141.49904,38.4616],[141.49888,38.46144],[141.49885,38.4615],[141.49904,38.4616]]],[[[141.49912,38.46184],[141.49915,38.46182],[141.49912,38.46182],[141.49912,38.46184]]],[[[141.4991,38.47785],[141.49901,38.47783],[141.49903,38.47789],[141.4991,38.47785]]],[[[141.49914,38.47796],[141.49908,38.47788],[141.49906,38.47797],[141.49914,38.47796]]],[[[141.50003,38.47924],[141.49912,38.47808],[141.49938,38.47906],[141.50003,38.47924]]],[[[141.5011,38.47929],[141.50112,38.47934],[141.50114,38.47931],[141.5011,38.47929]]],[[[141.49966,38.47934],[141.49977,38.47932],[141.49967,38.47933],[141.49966,38.47934]]],[[[141.49955,38.47939],[141.49951,38.47946],[141.49955,38.47949],[141.49955,38.47939]]],[[[141.50153,38.47944],[141.50134,38.47943],[141.50156,38.47957],[141.50153,38.47944]]],[[[141.5019,38.48035],[141.50196,38.48037],[141.50191,38.48034],[141.5019,38.48035]]],[[[141.4993,38.49284],[141.4993,38.49275],[141.49927,38.49275],[141.4993,38.49284]]],[[[141.49875,38.49305],[141.49876,38.49291],[141.4987,38.49287],[141.49875,38.49305]]],[[[141.49923,38.49295],[141.49923,38.493],[141.49928,38.49298],[141.49923,38.49295]]],[[[141.49879,38.49314],[141.49884,38.49322],[141.49884,38.49314],[141.49879,38.49314]]],[[[141.50315,38.50844],[141.50298,38.5085],[141.50303,38.50856],[141.50315,38.50844]]],[[[141.50358,38.5088],[141.50354,38.50883],[141.50358,38.50885],[141.50358,38.5088]]],[[[141.50276,38.509],[141.50271,38.50899],[141.50273,38.50902],[141.50276,38.509]]],[[[141.50145,38.51034],[141.5014,38.51032],[141.50143,38.51035],[141.50145,38.51034]]],[[[141.50119,38.51051],[141.50132,38.51062],[141.50133,38.51052],[141.50119,38.51051]]],[[[141.49988,38.51085],[141.49982,38.51081],[141.49984,38.51086],[141.49988,38.51085]]],[[[141.49976,38.51085],[141.49973,38.51089],[141.49976,38.51089],[141.49976,38.51085]]],[[[141.49996,38.51089],[141.49997,38.51087],[141.49993,38.51086],[141.49996,38.51089]]],[[[141.49949,38.5109],[141.4995,38.51087],[141.49948,38.51088],[141.49949,38.5109]]],[[[141.50364,38.53464],[141.50366,38.53463],[141.50362,38.53461],[141.50364,38.53464]]],[[[141.50336,38.53491],[141.50338,38.53497],[141.5034,38.53493],[141.50336,38.53491]]],[[[141.50325,38.53497],[141.50332,38.53503],[141.50332,38.53502],[141.50325,38.53497]]],[[[141.50251,38.53549],[141.50247,38.53547],[141.50249,38.53549],[141.50251,38.53549]]],[[[141.50034,38.53583],[141.50032,38.53597],[141.5004,38.53586],[141.50034,38.53583]]],[[[141.50206,38.53593],[141.5022,38.536],[141.50207,38.53592],[141.50206,38.53593]]],[[[141.50103,38.5367],[141.50121,38.53657],[141.50079,38.53648],[141.50103,38.5367]]],[[[141.50168,38.53661],[141.50179,38.53658],[141.50169,38.53654],[141.50168,38.53661]]],[[[141.50129,38.53665],[141.50138,38.53673],[141.50138,38.53667],[141.50129,38.53665]]],[[[141.49881,38.58946],[141.49888,38.58949],[141.49885,38.58946],[141.49881,38.58946]]],[[[141.49897,38.58953],[141.49907,38.58952],[141.49895,38.58951],[141.49897,38.58953]]],[[[141.49921,38.59042],[141.49917,38.58974],[141.49863,38.58964],[141.49921,38.59042]]],[[[141.49935,38.5904],[141.49934,38.59043],[141.49936,38.59042],[141.49935,38.5904]]],[[[141.49921,38.59046],[141.49923,38.5905],[141.49924,38.59047],[141.49921,38.59046]]],[[[141.49897,38.59074],[141.49902,38.59073],[141.49899,38.59068],[141.49897,38.59074]]],[[[141.49914,38.59122],[141.49941,38.59111],[141.49903,38.59085],[141.49914,38.59122]]],[[[141.49983,38.59211],[141.49966,38.59152],[141.49919,38.59137],[141.49932,38.59215],[141.49983,38.59211]],[[141.49956,38.59177],[141.49941,38.59173],[141.4994,38.59158],[141.49956,38.59177]]],[[[141.50176,38.59236],[141.50177,38.59231],[141.50173,38.59232],[141.50176,38.59236]]],[[[141.50131,38.59241],[141.50131,38.59229],[141.50129,38.5923],[141.50131,38.59241]]],[[[141.50141,38.59249],[141.50138,38.59249],[141.50141,38.5925],[141.50141,38.59249]]],[[[141.50152,38.59294],[141.50152,38.59296],[141.50154,38.59295],[141.50152,38.59294]]],[[[141.49955,38.59314],[141.49968,38.59315],[141.49957,38.59306],[141.49955,38.59314]]],[[[141.5016,38.59315],[141.50169,38.59319],[141.50165,38.59313],[141.5016,38.59315]]],[[[141.49988,38.59345],[141.4997,38.59338],[141.49986,38.59351],[141.49988,38.59345]]],[[[141.50136,38.59345],[141.50129,38.5935],[141.50137,38.59346],[141.50136,38.59345]]],[[[141.50204,38.5937],[141.50209,38.59374],[141.50209,38.59371],[141.50204,38.5937]]],[[[141.50026,38.59372],[141.50021,38.59375],[141.50026,38.5937],[141.50026,38.59372]]],[[[141.50032,38.59386],[141.50035,38.59382],[141.5003,38.59385],[141.50032,38.59386]]],[[[141.50257,38.59403],[141.50283,38.5938],[141.50253,38.59384],[141.50257,38.59403]]],[[[141.50362,38.59423],[141.5035,38.59414],[141.50339,38.59425],[141.50362,38.59423]]],[[[141.50426,38.59455],[141.50377,38.59409],[141.50374,38.59427],[141.50318,38.59441],[141.50426,38.59455]]],[[[141.50267,38.59441],[141.50279,38.59443],[141.50266,38.59437],[141.50267,38.59441]]],[[[141.50379,38.59761],[141.5038,38.59757],[141.50377,38.59759],[141.50379,38.59761]]],[[[141.50381,38.59766],[141.50378,38.59767],[141.50381,38.59767],[141.50381,38.59766]]],[[[141.50292,38.59872],[141.50294,38.59884],[141.50304,38.59886],[141.50292,38.59872]]],[[[141.50279,38.59919],[141.50275,38.59917],[141.50276,38.5992],[141.50279,38.59919]]],[[[141.5055,38.24478],[141.50562,38.24469],[141.50551,38.24466],[141.5055,38.24478]]],[[[141.51222,38.27466],[141.51219,38.27468],[141.51222,38.27468],[141.51222,38.27466]]],[[[141.51237,38.27539],[141.51207,38.2748],[141.51199,38.27552],[141.51237,38.27539]]],[[[141.51165,38.27553],[141.51173,38.27548],[141.51165,38.27544],[141.51165,38.27553]]],[[[141.51171,38.27612],[141.5117,38.27616],[141.51173,38.27612],[141.51171,38.27612]]],[[[141.51154,38.2762],[141.51161,38.27623],[141.51162,38.27622],[141.51154,38.2762]]],[[[141.51123,38.27651],[141.51126,38.27634],[141.51116,38.27643],[141.51123,38.27651]]],[[[141.51102,38.27708],[141.51098,38.27687],[141.51092,38.2769],[141.51102,38.27708]]],[[[141.51046,38.27738],[141.51047,38.2774],[141.51049,38.27739],[141.51046,38.27738]]],[[[141.51088,38.27739],[141.5109,38.27741],[141.51091,38.2774],[141.51088,38.27739]]],[[[141.51074,38.27741],[141.51077,38.27745],[141.51078,38.27742],[141.51074,38.27741]]],[[[141.51096,38.27743],[141.511,38.27746],[141.51102,38.27744],[141.51096,38.27743]]],[[[141.51052,38.27741],[141.51052,38.27749],[141.51059,38.27747],[141.51052,38.27741]]],[[[141.51082,38.27776],[141.51087,38.27792],[141.51096,38.27781],[141.51082,38.27776]]],[[[141.51042,38.2788],[141.51016,38.27849],[141.51016,38.27885],[141.51042,38.2788]]],[[[141.51043,38.27887],[141.51043,38.27891],[141.51047,38.27888],[141.51043,38.27887]]],[[[141.51048,38.27892],[141.51039,38.27908],[141.51056,38.27905],[141.51048,38.27892]]],[[[141.51033,38.27909],[141.51033,38.27904],[141.51028,38.27908],[141.51033,38.27909]]],[[[141.51045,38.27919],[141.51037,38.27918],[141.51034,38.27921],[141.51045,38.27919]]],[[[141.51048,38.27939],[141.51049,38.27933],[141.51046,38.27936],[141.51048,38.27939]]],[[[141.50959,38.28063],[141.50968,38.28076],[141.50961,38.28062],[141.50959,38.28063]]],[[[141.50947,38.28105],[141.50953,38.28113],[141.50953,38.28105],[141.50947,38.28105]]],[[[141.5095,38.28127],[141.50945,38.28125],[141.50938,38.28124],[141.5095,38.28127]]],[[[141.5093,38.28161],[141.50934,38.28156],[141.50926,38.28159],[141.5093,38.28161]]],[[[141.50957,38.28173],[141.50941,38.28175],[141.50944,38.28181],[141.50957,38.28173]]],[[[141.50898,38.28967],[141.50899,38.2896],[141.50891,38.28958],[141.50898,38.28967]]],[[[141.50909,38.28977],[141.50918,38.28982],[141.50911,38.28974],[141.50909,38.28977]]],[[[141.50968,38.36988],[141.50961,38.36984],[141.50969,38.36992],[141.50968,38.36988]]],[[[141.51082,38.36998],[141.51064,38.36997],[141.51081,38.37003],[141.51082,38.36998]]],[[[141.50846,38.36987],[141.50846,38.37008],[141.50864,38.37014],[141.50846,38.36987]]],[[[141.51088,38.37001],[141.51084,38.37003],[141.51088,38.37003],[141.51088,38.37001]]],[[[141.51117,38.37001],[141.51127,38.37008],[141.51118,38.36999],[141.51117,38.37001]]],[[[141.50877,38.37016],[141.50885,38.37018],[141.50875,38.37007],[141.50877,38.37016]]],[[[141.51146,38.37022],[141.51154,38.37024],[141.51146,38.3702],[141.51146,38.37022]]],[[[141.5116,38.37042],[141.51164,38.37043],[141.51162,38.37041],[141.5116,38.37042]]],[[[141.51176,38.37048],[141.51176,38.37041],[141.51173,38.37043],[141.51176,38.37048]]],[[[141.50808,38.37038],[141.50829,38.37069],[141.50834,38.37069],[141.50808,38.37038]]],[[[141.50415,38.37093],[141.50409,38.37082],[141.50405,38.37081],[141.50415,38.37093]]],[[[141.50497,38.37094],[141.50489,38.37088],[141.50498,38.37097],[141.50497,38.37094]]],[[[141.50676,38.37111],[141.50678,38.37125],[141.50682,38.37115],[141.50676,38.37111]]],[[[141.50699,38.37146],[141.50711,38.37151],[141.507,38.3714],[141.50699,38.37146]]],[[[141.50695,38.38395],[141.50663,38.38364],[141.50677,38.38388],[141.50695,38.38395]]],[[[141.5074,38.38418],[141.5074,38.3841],[141.50734,38.3841],[141.5074,38.38418]]],[[[141.50734,38.38486],[141.50736,38.38491],[141.50739,38.38489],[141.50734,38.38486]]],[[[141.50633,38.38546],[141.5063,38.3854],[141.50626,38.3854],[141.50633,38.38546]]],[[[141.50623,38.38571],[141.50633,38.38571],[141.50617,38.38561],[141.50623,38.38571]]],[[[141.50627,38.38641],[141.50641,38.38642],[141.50628,38.38638],[141.50627,38.38641]]],[[[141.50862,38.38701],[141.50852,38.38694],[141.50849,38.38694],[141.50862,38.38701]]],[[[141.50864,38.38719],[141.50859,38.38711],[141.50857,38.38713],[141.50864,38.38719]]],[[[141.50889,38.3874],[141.50866,38.38723],[141.50861,38.38728],[141.50889,38.3874]]],[[[141.50715,38.38753],[141.50724,38.38746],[141.50719,38.38739],[141.50715,38.38753]]],[[[141.50946,38.38817],[141.50941,38.38808],[141.5094,38.38814],[141.50946,38.38817]]],[[[141.50917,38.38843],[141.50931,38.38836],[141.50919,38.38832],[141.50917,38.38843]]],[[[141.50936,38.38863],[141.5093,38.38858],[141.50935,38.38866],[141.50936,38.38863]]],[[[141.50937,38.38876],[141.50943,38.38873],[141.50937,38.38873],[141.50937,38.38876]]],[[[141.50963,38.38882],[141.50953,38.38881],[141.50958,38.38884],[141.50963,38.38882]]],[[[141.50968,38.38907],[141.50958,38.38907],[141.5097,38.38917],[141.50968,38.38907]]],[[[141.50938,38.39079],[141.50936,38.39095],[141.50938,38.39096],[141.50938,38.39079]]],[[[141.50811,38.39722],[141.50805,38.39725],[141.50811,38.39726],[141.50811,38.39722]]],[[[141.51233,38.3982],[141.51214,38.39847],[141.5125,38.39863],[141.51233,38.3982]]],[[[141.50587,38.39849],[141.50587,38.39846],[141.50586,38.39848],[141.50587,38.39849]]],[[[141.51213,38.3987],[141.51214,38.39875],[141.51217,38.39874],[141.51213,38.3987]]],[[[141.50549,38.39917],[141.50536,38.39904],[141.50548,38.39918],[141.50549,38.39917]]],[[[141.50529,38.39913],[141.50538,38.39916],[141.50531,38.39909],[141.50529,38.39913]]],[[[141.50559,38.39912],[141.50556,38.39915],[141.5056,38.39916],[141.50559,38.39912]]],[[[141.5114,38.39912],[141.51146,38.3992],[141.5115,38.39919],[141.5114,38.39912]]],[[[141.5058,38.39919],[141.50564,38.39914],[141.50585,38.39932],[141.5058,38.39919]]],[[[141.51095,38.39968],[141.51085,38.39954],[141.51081,38.39955],[141.51095,38.39968]]],[[[141.51143,38.3999],[141.51157,38.3998],[141.51127,38.39937],[141.51143,38.3999]]],[[[141.50599,38.40839],[141.50606,38.40837],[141.50598,38.40834],[141.50599,38.40839]]],[[[141.50664,38.4084],[141.50681,38.40849],[141.50667,38.40837],[141.50664,38.4084]]],[[[141.50666,38.40849],[141.50656,38.40854],[141.50666,38.40866],[141.50666,38.40849]]],[[[141.50658,38.40861],[141.50651,38.40856],[141.50658,38.40864],[141.50658,38.40861]]],[[[141.50394,38.409],[141.50387,38.40897],[141.50394,38.40901],[141.50394,38.409]]],[[[141.50746,38.40897],[141.50753,38.40916],[141.5076,38.40918],[141.50746,38.40897]]],[[[141.50414,38.40918],[141.50409,38.40916],[141.50411,38.4092],[141.50414,38.40918]]],[[[141.506,38.40934],[141.5075,38.40928],[141.50604,38.40851],[141.506,38.40934]]],[[[141.50755,38.4093],[141.50752,38.4092],[141.50749,38.4092],[141.50755,38.4093]]],[[[141.50428,38.40954],[141.50419,38.40951],[141.50429,38.40959],[141.50428,38.40954]]],[[[141.50607,38.40955],[141.50612,38.40959],[141.50607,38.40954],[141.50607,38.40955]]],[[[141.50432,38.40974],[141.50416,38.40959],[141.50416,38.40959],[141.50432,38.40974]]],[[[141.50443,38.40969],[141.50446,38.40973],[141.50447,38.40973],[141.50443,38.40969]]],[[[141.50441,38.40983],[141.50442,38.40989],[141.50445,38.40989],[141.50441,38.40983]]],[[[141.50581,38.40993],[141.50579,38.40986],[141.50578,38.40985],[141.50581,38.40993]]],[[[141.50573,38.40993],[141.50576,38.40989],[141.5057,38.40984],[141.50573,38.40993]]],[[[141.50479,38.41008],[141.50439,38.40972],[141.5048,38.41019],[141.50479,38.41008]]],[[[141.50452,38.41007],[141.50454,38.41006],[141.50452,38.41005],[141.50452,38.41007]]],[[[141.50442,38.41016],[141.50434,38.41011],[141.50441,38.41019],[141.50442,38.41016]]],[[[141.50711,38.41029],[141.50717,38.41031],[141.50712,38.41027],[141.50711,38.41029]]],[[[141.50447,38.41057],[141.5043,38.41038],[141.50429,38.41039],[141.50447,38.41057]]],[[[141.50761,38.4106],[141.50763,38.41054],[141.50758,38.41053],[141.50761,38.4106]]],[[[141.50457,38.41059],[141.50449,38.41055],[141.50458,38.41061],[141.50457,38.41059]]],[[[141.50394,38.41073],[141.50397,38.41071],[141.50395,38.41071],[141.50394,38.41073]]],[[[141.50418,38.41094],[141.50418,38.41087],[141.50416,38.41094],[141.50418,38.41094]]],[[[141.50387,38.41094],[141.504,38.41099],[141.50379,38.41086],[141.50387,38.41094]]],[[[141.50426,38.41153],[141.50421,38.41145],[141.50418,38.41145],[141.50426,38.41153]]],[[[141.50403,38.41196],[141.50403,38.41199],[141.50404,38.41198],[141.50403,38.41196]]],[[[141.50466,38.41356],[141.50462,38.4135],[141.5046,38.4135],[141.50466,38.41356]]],[[[141.50473,38.41366],[141.50472,38.41369],[141.50479,38.41368],[141.50473,38.41366]]],[[[141.50404,38.41422],[141.50401,38.41412],[141.50398,38.41413],[141.50404,38.41422]]],[[[141.50395,38.41422],[141.50398,38.41418],[141.50395,38.41417],[141.50395,38.41422]]],[[[141.5042,38.41446],[141.50422,38.41446],[141.5042,38.41445],[141.5042,38.41446]]],[[[141.50425,38.4145],[141.50425,38.41454],[141.50427,38.41454],[141.50425,38.4145]]],[[[141.50983,38.44346],[141.50995,38.44343],[141.50988,38.4434],[141.50983,38.44346]]],[[[141.50998,38.4437],[141.50997,38.44375],[141.51001,38.44373],[141.50998,38.4437]]],[[[141.50957,38.44392],[141.50969,38.44391],[141.50954,38.44384],[141.50957,38.44392]]],[[[141.50939,38.44415],[141.50941,38.44413],[141.50939,38.44413],[141.50939,38.44415]]],[[[141.50906,38.44411],[141.50909,38.44417],[141.50915,38.44414],[141.50906,38.44411]]],[[[141.50913,38.44424],[141.50913,38.44422],[141.50912,38.44423],[141.50913,38.44424]]],[[[141.50891,38.44465],[141.50893,38.44468],[141.50893,38.44467],[141.50891,38.44465]]],[[[141.50899,38.44474],[141.50895,38.44473],[141.50896,38.44475],[141.50899,38.44474]]],[[[141.50974,38.44497],[141.50976,38.44495],[141.50974,38.44494],[141.50974,38.44497]]],[[[141.50877,38.44519],[141.50874,38.44523],[141.50879,38.44521],[141.50877,38.44519]]],[[[141.50587,38.44536],[141.50587,38.44539],[141.50589,38.44538],[141.50587,38.44536]]],[[[141.50583,38.44565],[141.50582,38.44533],[141.5056,38.44526],[141.50583,38.44565]]],[[[141.51024,38.44567],[141.51032,38.44565],[141.51031,38.44564],[141.51024,38.44567]]],[[[141.50834,38.446],[141.50833,38.44596],[141.5083,38.44598],[141.50834,38.446]]],[[[141.51013,38.4462],[141.51013,38.44615],[141.51008,38.44617],[141.51013,38.4462]]],[[[141.50487,38.44785],[141.50496,38.4479],[141.5049,38.44779],[141.50487,38.44785]]],[[[141.51196,38.44949],[141.51195,38.44947],[141.51193,38.44948],[141.51196,38.44949]]],[[[141.51004,38.45262],[141.51011,38.4526],[141.51002,38.45257],[141.51004,38.45262]]],[[[141.51207,38.45827],[141.51207,38.45831],[141.51209,38.45828],[141.51207,38.45827]]],[[[141.51008,38.51131],[141.5122,38.51179],[141.51387,38.51091],[141.51008,38.51131]]],[[[141.50503,38.5345],[141.50499,38.53454],[141.50505,38.53452],[141.50503,38.5345]]],[[[141.50509,38.53454],[141.50504,38.53459],[141.5051,38.53462],[141.50509,38.53454]]],[[[141.50503,38.53458],[141.50499,38.53457],[141.50498,38.5346],[141.50503,38.53458]]],[[[141.50931,38.53623],[141.50934,38.53624],[141.50931,38.53623],[141.50931,38.53623]]],[[[141.50888,38.53729],[141.5089,38.53733],[141.50891,38.53729],[141.50888,38.53729]]],[[[141.50989,38.53957],[141.50984,38.53936],[141.50976,38.5395],[141.50989,38.53957]]],[[[141.51024,38.53959],[141.51034,38.53953],[141.51024,38.53956],[141.51024,38.53959]]],[[[141.51033,38.53962],[141.51043,38.53966],[141.51042,38.53957],[141.51033,38.53962]]],[[[141.51172,38.54086],[141.51163,38.54071],[141.51158,38.54071],[141.51172,38.54086]]],[[[141.51166,38.54087],[141.51161,38.54079],[141.51157,38.5408],[141.51166,38.54087]]],[[[141.51106,38.54951],[141.51102,38.54955],[141.51108,38.54954],[141.51106,38.54951]]],[[[141.51125,38.54968],[141.51124,38.54966],[141.51121,38.54966],[141.51125,38.54968]]],[[[141.51175,38.54972],[141.51178,38.54967],[141.51173,38.5497],[141.51175,38.54972]]],[[[141.51169,38.54972],[141.51164,38.5497],[141.51164,38.54971],[141.51169,38.54972]]],[[[141.5114,38.54973],[141.51144,38.54969],[141.51138,38.54973],[141.5114,38.54973]]],[[[141.51212,38.55003],[141.51203,38.54995],[141.512,38.55003],[141.51212,38.55003]]],[[[141.51221,38.55019],[141.51219,38.5502],[141.51222,38.55021],[141.51221,38.55019]]],[[[141.51226,38.55027],[141.51219,38.55022],[141.51226,38.55028],[141.51226,38.55027]]],[[[141.51048,38.55092],[141.51042,38.55085],[141.5104,38.5509],[141.51048,38.55092]]],[[[141.51024,38.55099],[141.51019,38.55095],[141.5102,38.55101],[141.51024,38.55099]]],[[[141.51024,38.55109],[141.51023,38.55107],[141.51022,38.55109],[141.51024,38.55109]]],[[[141.51029,38.55114],[141.51027,38.55111],[141.51026,38.55114],[141.51029,38.55114]]],[[[141.51105,38.55175],[141.51112,38.55172],[141.51107,38.55171],[141.51105,38.55175]]],[[[141.50407,38.59413],[141.50397,38.59414],[141.50398,38.5942],[141.50407,38.59413]]],[[[141.50412,38.59437],[141.50419,38.59437],[141.50418,38.59435],[141.50412,38.59437]]],[[[141.50409,38.5948],[141.50412,38.59476],[141.50408,38.59477],[141.50409,38.5948]]],[[[141.50455,38.59529],[141.50464,38.59538],[141.50472,38.59533],[141.50455,38.59529]]],[[[141.50459,38.59555],[141.50466,38.59557],[141.50471,38.59551],[141.50459,38.59555]]],[[[141.50432,38.5956],[141.50434,38.59572],[141.50438,38.59573],[141.50436,38.5956],[141.50432,38.5956]]],[[[141.50415,38.59568],[141.50418,38.59576],[141.50421,38.59571],[141.50415,38.59568]]],[[[141.50416,38.59619],[141.50418,38.59615],[141.50415,38.59617],[141.50416,38.59619]]],[[[141.50428,38.59625],[141.50417,38.5962],[141.50417,38.59624],[141.50428,38.59625]]],[[[141.5039,38.59804],[141.50391,38.598],[141.50388,38.59802],[141.5039,38.59804]]],[[[141.50864,38.598],[141.50869,38.59806],[141.5087,38.59799],[141.50864,38.598]]],[[[141.50872,38.59823],[141.50869,38.59834],[141.50876,38.59833],[141.50872,38.59823]]],[[[141.50831,38.59837],[141.50829,38.59832],[141.50828,38.59835],[141.50831,38.59837]]],[[[141.50837,38.59838],[141.50842,38.59835],[141.50837,38.59834],[141.50837,38.59838]]],[[[141.50857,38.59839],[141.50858,38.59842],[141.50859,38.59839],[141.50857,38.59839]]],[[[141.50861,38.59843],[141.50862,38.59845],[141.50864,38.59844],[141.50861,38.59843]]],[[[141.50861,38.59846],[141.5086,38.59847],[141.50862,38.59846],[141.50861,38.59846]]],[[[141.50912,38.59855],[141.50909,38.59849],[141.50908,38.59851],[141.50912,38.59855]]],[[[141.50408,38.59873],[141.5042,38.59846],[141.50375,38.59838],[141.50408,38.59873]]],[[[141.50911,38.59861],[141.50917,38.5986],[141.50915,38.59857],[141.50911,38.59861]]],[[[141.50891,38.59869],[141.50876,38.59857],[141.50889,38.59874],[141.50891,38.59869]]],[[[141.5092,38.59873],[141.50918,38.59872],[141.50918,38.59873],[141.5092,38.59873]]],[[[141.50921,38.59875],[141.50922,38.59875],[141.50922,38.59874],[141.50921,38.59875]]],[[[141.50919,38.59877],[141.50919,38.59877],[141.50919,38.59875],[141.50919,38.59877]]],[[[141.50933,38.59884],[141.50924,38.59875],[141.50922,38.59878],[141.50933,38.59884]]],[[[141.50816,38.59892],[141.5082,38.5989],[141.50814,38.59888],[141.50816,38.59892]]],[[[141.50972,38.59889],[141.5097,38.59895],[141.50976,38.59893],[141.50972,38.59889]]],[[[141.50965,38.599],[141.50964,38.59895],[141.50961,38.59897],[141.50965,38.599]]],[[[141.5102,38.59909],[141.51011,38.599],[141.51021,38.5991],[141.5102,38.59909]]],[[[141.51242,38.59901],[141.51226,38.5991],[141.51238,38.59926],[141.51242,38.59901]]],[[[141.50764,38.59914],[141.50767,38.59919],[141.50775,38.5992],[141.50764,38.59914]]],[[[141.50803,38.5994],[141.50802,38.59924],[141.50794,38.59916],[141.50803,38.5994]]],[[[141.51047,38.59929],[141.51049,38.59936],[141.51052,38.59934],[141.51047,38.59929]]],[[[141.50788,38.59937],[141.5079,38.59931],[141.50786,38.59933],[141.50788,38.59937]]],[[[141.50818,38.59933],[141.50827,38.59944],[141.50829,38.59936],[141.50818,38.59933]]],[[[141.51003,38.59949],[141.51007,38.59939],[141.50998,38.59942],[141.51003,38.59949]]],[[[141.50989,38.59945],[141.50985,38.59945],[141.50989,38.59946],[141.50989,38.59945]]],[[[141.50971,38.59949],[141.50968,38.59945],[141.50968,38.59946],[141.50971,38.59949]]],[[[141.5101,38.59955],[141.51013,38.5995],[141.51008,38.59953],[141.5101,38.59955]]],[[[141.50964,38.59964],[141.50958,38.59954],[141.50954,38.59955],[141.50964,38.59964]]],[[[141.50668,38.60017],[141.50655,38.60023],[141.50671,38.60019],[141.50668,38.60017]]],[[[141.51032,38.60061],[141.51031,38.60062],[141.51034,38.60061],[141.51032,38.60061]]],[[[141.51031,38.60072],[141.51036,38.60069],[141.51032,38.60068],[141.51031,38.60072]]],[[[141.51028,38.60077],[141.51029,38.60082],[141.51031,38.6008],[141.51028,38.60077]]],[[[141.51037,38.60081],[141.51032,38.60077],[141.51033,38.60084],[141.51037,38.60081]]],[[[141.51037,38.60084],[141.51037,38.60086],[141.51038,38.60085],[141.51037,38.60084]]],[[[141.50697,38.60083],[141.50697,38.60089],[141.50702,38.60088],[141.50697,38.60083]]],[[[141.50737,38.60099],[141.50735,38.601],[141.50736,38.601],[141.50737,38.60099]]],[[[141.5074,38.60099],[141.50738,38.60101],[141.50741,38.601],[141.5074,38.60099]]],[[[141.51135,38.60096],[141.51136,38.60104],[141.51138,38.60097],[141.51135,38.60096]]],[[[141.5109,38.60094],[141.51137,38.6009],[141.51129,38.6007],[141.5109,38.60094]]],[[[141.51083,38.60112],[141.51086,38.60113],[141.51085,38.6011],[141.51083,38.60112]]],[[[141.51087,38.60119],[141.51085,38.60116],[141.51084,38.60119],[141.51087,38.60119]]],[[[141.51114,38.60146],[141.51117,38.60144],[141.51113,38.60138],[141.51114,38.60146]]],[[[141.51133,38.60159],[141.51133,38.60148],[141.51129,38.6015],[141.51133,38.60159]]],[[[141.50929,38.60197],[141.50935,38.602],[141.50936,38.60199],[141.50929,38.60197]]],[[[141.50935,38.60202],[141.50939,38.60207],[141.50944,38.60203],[141.50935,38.60202]]],[[[141.50891,38.6027],[141.50892,38.60278],[141.50894,38.60271],[141.50891,38.6027]]],[[[141.5103,38.60329],[141.51035,38.60324],[141.51031,38.60321],[141.5103,38.60329]]],[[[141.5103,38.60341],[141.5104,38.60335],[141.51039,38.60333],[141.5103,38.60341]]],[[[141.51027,38.6036],[141.5104,38.60362],[141.51034,38.60359],[141.51027,38.6036]]],[[[141.51048,38.6037],[141.51047,38.60364],[141.51045,38.60368],[141.51048,38.6037]]],[[[141.51036,38.60372],[141.51033,38.6037],[141.51033,38.60371],[141.51036,38.60372]]],[[[141.51183,38.60464],[141.51187,38.60462],[141.51185,38.6046],[141.51183,38.60464]]],[[[141.51183,38.60468],[141.51179,38.60468],[141.51181,38.6047],[141.51183,38.60468]]],[[[141.5157,38.27355],[141.51562,38.27366],[141.51574,38.2736],[141.5157,38.27355]]],[[[141.51564,38.27386],[141.51576,38.27396],[141.51578,38.27374],[141.51564,38.27386]]],[[[141.51282,38.27398],[141.51288,38.27403],[141.5129,38.27401],[141.51282,38.27398]]],[[[141.51286,38.27444],[141.51277,38.27453],[141.51289,38.27446],[141.51286,38.27444]]],[[[141.51364,38.27454],[141.51351,38.27479],[141.51366,38.27479],[141.51364,38.27454]]],[[[141.5137,38.27477],[141.51379,38.2747],[141.51368,38.27477],[141.5137,38.27477]]],[[[141.51368,38.27498],[141.51374,38.27504],[141.51377,38.27496],[141.51368,38.27498]]],[[[141.51397,38.27518],[141.51388,38.27515],[141.51387,38.27518],[141.51397,38.27518]]],[[[141.51379,38.27519],[141.51378,38.27515],[141.51374,38.27518],[141.51379,38.27519]]],[[[141.51623,38.3686],[141.51627,38.36869],[141.51629,38.36869],[141.51623,38.3686]]],[[[141.51598,38.36894],[141.51593,38.36886],[141.5159,38.36885],[141.51598,38.36894]]],[[[141.51551,38.36901],[141.51546,38.36904],[141.51556,38.36904],[141.51551,38.36901]]],[[[141.51518,38.36943],[141.51507,38.36943],[141.51517,38.36946],[141.51518,38.36943]]],[[[141.51524,38.36934],[141.51539,38.36953],[141.51548,38.36952],[141.51524,38.36934]]],[[[141.51522,38.36944],[141.51538,38.36964],[141.51541,38.36964],[141.51522,38.36944]]],[[[141.5155,38.36954],[141.51549,38.36961],[141.51554,38.36959],[141.5155,38.36954]]],[[[141.51559,38.36965],[141.51553,38.36964],[141.51553,38.36966],[141.51559,38.36965]]],[[[141.51567,38.36976],[141.51564,38.36981],[141.51568,38.36981],[141.51567,38.36976]]],[[[141.51531,38.3705],[141.51525,38.37047],[141.51528,38.37051],[141.51531,38.3705]]],[[[141.51517,38.37067],[141.51512,38.3706],[141.51512,38.3706],[141.51517,38.37067]]],[[[141.51454,38.37057],[141.51457,38.37086],[141.51482,38.37104],[141.51454,38.37057]]],[[[141.51323,38.37088],[141.5133,38.37092],[141.51331,38.3709],[141.51323,38.37088]]],[[[141.51334,38.37089],[141.51343,38.37095],[141.51345,38.37094],[141.51334,38.37089]]],[[[141.51343,38.37099],[141.51366,38.37108],[141.51341,38.37097],[141.51343,38.37099]]],[[[141.51395,38.37108],[141.51376,38.37098],[141.51396,38.37109],[141.51395,38.37108]]],[[[141.51483,38.37112],[141.5149,38.37111],[141.51483,38.37108],[141.51483,38.37112]]],[[[141.51322,38.37142],[141.51319,38.37138],[141.51316,38.37138],[141.51322,38.37142]]],[[[141.51302,38.37145],[141.51304,38.37141],[141.513,38.37141],[141.51302,38.37145]]],[[[141.51274,38.37144],[141.51282,38.37143],[141.51275,38.37142],[141.51274,38.37144]]],[[[141.51349,38.37163],[141.5135,38.37161],[141.51348,38.37161],[141.51349,38.37163]]],[[[141.51338,38.37162],[141.51348,38.37167],[141.51339,38.37158],[141.51338,38.37162]]],[[[141.51613,38.38509],[141.51621,38.38509],[141.51611,38.38499],[141.51613,38.38509]]],[[[141.5159,38.38496],[141.51609,38.38535],[141.51617,38.38529],[141.5159,38.38496]]],[[[141.51277,38.39629],[141.51274,38.39622],[141.51275,38.39629],[141.51277,38.39629]]],[[[141.51304,38.39656],[141.51303,38.39606],[141.51287,38.39622],[141.51304,38.39656]]],[[[141.51331,38.44903],[141.5132,38.449],[141.51318,38.44931],[141.51331,38.44903]]],[[[141.51304,38.44957],[141.5129,38.44896],[141.51248,38.44948],[141.51304,38.44957]]],[[[141.51572,38.45056],[141.51583,38.45074],[141.51572,38.45055],[141.51572,38.45056]]],[[[141.51555,38.45078],[141.51561,38.45064],[141.51558,38.45063],[141.51555,38.45078]]],[[[141.51617,38.4521],[141.51618,38.45207],[141.51615,38.45207],[141.51617,38.4521]]],[[[141.51599,38.45607],[141.5159,38.45562],[141.51582,38.45564],[141.51599,38.45607]]],[[[141.51609,38.45611],[141.51601,38.45612],[141.51625,38.45654],[141.51609,38.45611]]],[[[141.51355,38.45812],[141.5136,38.4581],[141.51356,38.45808],[141.51355,38.45812]]],[[[141.51445,38.45964],[141.51521,38.4584],[141.51212,38.45838],[141.51445,38.45964]]],[[[141.51428,38.45965],[141.51425,38.45968],[141.51428,38.45966],[141.51428,38.45965]]],[[[141.51366,38.46219],[141.51367,38.46224],[141.51367,38.46219],[141.51366,38.46219]]],[[[141.51394,38.46239],[141.51407,38.46243],[141.51392,38.46236],[141.51394,38.46239]]],[[[141.51466,38.46258],[141.51473,38.46256],[141.51466,38.46255],[141.51466,38.46258]]],[[[141.51378,38.46267],[141.51385,38.46261],[141.51379,38.4626],[141.51378,38.46267]]],[[[141.51455,38.46296],[141.51412,38.46257],[141.51394,38.4626],[141.51455,38.46296]]],[[[141.51387,38.46277],[141.51393,38.46276],[141.51388,38.46274],[141.51387,38.46277]]],[[[141.51605,38.46535],[141.51609,38.46531],[141.51602,38.46525],[141.51605,38.46535]]],[[[141.51416,38.46579],[141.51412,38.46583],[141.51417,38.4658],[141.51416,38.46579]]],[[[141.5149,38.4661],[141.51424,38.46571],[141.51414,38.46591],[141.5149,38.4661]]],[[[141.51486,38.46622],[141.51486,38.46615],[141.5148,38.46616],[141.51486,38.46622]]],[[[141.5147,38.46625],[141.51469,38.46618],[141.51468,38.46624],[141.5147,38.46625]]],[[[141.51591,38.46797],[141.51589,38.468],[141.51592,38.468],[141.51591,38.46797]]],[[[141.51571,38.4681],[141.51585,38.46824],[141.5158,38.46812],[141.51571,38.4681]]],[[[141.51555,38.46826],[141.51553,38.46829],[141.51556,38.46829],[141.51555,38.46826]]],[[[141.51567,38.46836],[141.51563,38.46825],[141.51561,38.46824],[141.51567,38.46836]]],[[[141.51583,38.46847],[141.51589,38.46841],[141.51586,38.46838],[141.51583,38.46847]]],[[[141.51628,38.46852],[141.51611,38.46846],[141.51625,38.46859],[141.51628,38.46852]]],[[[141.51583,38.47144],[141.51581,38.47132],[141.51582,38.47144],[141.51583,38.47144]]],[[[141.51582,38.49217],[141.51561,38.49249],[141.51617,38.49273],[141.51582,38.49217]]],[[[141.5151,38.49329],[141.51502,38.49314],[141.51497,38.4931],[141.5151,38.49329]]],[[[141.5153,38.498],[141.51533,38.49789],[141.51527,38.49797],[141.5153,38.498]]],[[[141.51531,38.49804],[141.5152,38.49794],[141.51532,38.49807],[141.51531,38.49804]]],[[[141.51535,38.49896],[141.51545,38.4989],[141.51542,38.49888],[141.51535,38.49896]]],[[[141.51556,38.499],[141.5155,38.49895],[141.51549,38.49902],[141.51556,38.499]]],[[[141.51583,38.49951],[141.51544,38.49964],[141.5156,38.49975],[141.51583,38.49951]]],[[[141.51583,38.49976],[141.5158,38.49976],[141.51581,38.49979],[141.51583,38.49976]]],[[[141.51612,38.50005],[141.51616,38.50001],[141.51612,38.5],[141.51612,38.50005]]],[[[141.51565,38.50148],[141.51569,38.5015],[141.51569,38.5015],[141.51565,38.50148]]],[[[141.51545,38.50175],[141.51538,38.50173],[141.51544,38.50177],[141.51545,38.50175]]],[[[141.5125,38.50361],[141.51247,38.50356],[141.51245,38.5036],[141.5125,38.50361]]],[[[141.51255,38.50364],[141.51261,38.50363],[141.51253,38.50361],[141.51255,38.50364]]],[[[141.51441,38.50397],[141.51438,38.50399],[141.51442,38.50398],[141.51441,38.50397]]],[[[141.51529,38.50414],[141.51526,38.50411],[141.51525,38.50413],[141.51529,38.50414]]],[[[141.51502,38.505],[141.51496,38.505],[141.51478,38.50698],[141.51502,38.505]]],[[[141.51436,38.50696],[141.51362,38.50833],[141.51352,38.50854],[141.51436,38.50696]]],[[[141.51597,38.54198],[141.51599,38.54193],[141.51596,38.54195],[141.51597,38.54198]]],[[[141.51294,38.54202],[141.51289,38.54211],[141.51301,38.54212],[141.51294,38.54202]]],[[[141.51309,38.54256],[141.51296,38.54228],[141.5129,38.54232],[141.51309,38.54256]]],[[[141.51592,38.5434],[141.51584,38.54334],[141.51582,38.54334],[141.51592,38.5434]]],[[[141.51563,38.54387],[141.51589,38.54364],[141.51544,38.54344],[141.51563,38.54387]]],[[[141.51579,38.54454],[141.51575,38.54463],[141.51588,38.54462],[141.51579,38.54454]]],[[[141.51423,38.54454],[141.51428,38.5446],[141.51427,38.54455],[141.51423,38.54454]]],[[[141.5157,38.54463],[141.51566,38.54457],[141.51564,38.54458],[141.5157,38.54463]]],[[[141.51621,38.54467],[141.51621,38.54458],[141.51614,38.54461],[141.51621,38.54467]]],[[[141.51499,38.54476],[141.51494,38.54476],[141.51504,38.54483],[141.51499,38.54476]]],[[[141.51438,38.54497],[141.51445,38.54496],[141.51433,38.5449],[141.51438,38.54497]]],[[[141.51453,38.54513],[141.5145,38.54519],[141.51457,38.54514],[141.51453,38.54513]]],[[[141.5153,38.5456],[141.51487,38.54483],[141.51466,38.54502],[141.5153,38.5456]]],[[[141.51537,38.54567],[141.51537,38.54564],[141.51533,38.54563],[141.51537,38.54567]]],[[[141.51423,38.54628],[141.51425,38.5462],[141.5142,38.54623],[141.51423,38.54628]]],[[[141.51437,38.54684],[141.51434,38.54676],[141.51429,38.54676],[141.51437,38.54684]]],[[[141.51447,38.54701],[141.51438,38.54696],[141.51442,38.54701],[141.51447,38.54701]]],[[[141.51443,38.54709],[141.51442,38.5472],[141.51452,38.5472],[141.51443,38.54709]]],[[[141.51387,38.54732],[141.51391,38.54729],[141.51386,38.54731],[141.51387,38.54732]]],[[[141.51421,38.5474],[141.5143,38.54736],[141.51423,38.54734],[141.51421,38.5474]]],[[[141.51383,38.54748],[141.51388,38.54741],[141.5138,38.54746],[141.51383,38.54748]]],[[[141.51425,38.54744],[141.51512,38.5485],[141.51568,38.54876],[141.51425,38.54744]]],[[[141.51568,38.54859],[141.51568,38.54857],[141.51567,38.54859],[141.51568,38.54859]]],[[[141.51522,38.5487],[141.51524,38.54862],[141.51519,38.54864],[141.51522,38.5487]]],[[[141.51575,38.54872],[141.5158,38.5487],[141.51574,38.5487],[141.51575,38.54872]]],[[[141.51523,38.54872],[141.51525,38.54875],[141.51526,38.54873],[141.51523,38.54872]]],[[[141.51541,38.5488],[141.51539,38.54873],[141.51538,38.54873],[141.51541,38.5488]]],[[[141.51535,38.54878],[141.51538,38.54879],[141.51538,38.54879],[141.51535,38.54878]]],[[[141.5154,38.54886],[141.5154,38.54882],[141.51539,38.54882],[141.5154,38.54886]]],[[[141.51486,38.5489],[141.51479,38.54884],[141.51477,38.54888],[141.51486,38.5489]]],[[[141.51565,38.54909],[141.5156,38.54907],[141.51564,38.54911],[141.51565,38.54909]]],[[[141.51262,38.55011],[141.51271,38.55012],[141.51266,38.55007],[141.51262,38.55011]]],[[[141.51273,38.55014],[141.51281,38.55031],[141.51285,38.55028],[141.51273,38.55014]]],[[[141.51273,38.55025],[141.51273,38.55027],[141.51274,38.55027],[141.51273,38.55025]]],[[[141.51236,38.55037],[141.51235,38.5504],[141.51237,38.55038],[141.51236,38.55037]]],[[[141.51355,38.55177],[141.5135,38.5517],[141.51346,38.55182],[141.51355,38.55177]]],[[[141.51341,38.55177],[141.51339,38.55175],[141.51337,38.55176],[141.51341,38.55177]]],[[[141.51359,38.55181],[141.51364,38.55181],[141.51362,38.55176],[141.51359,38.55181]]],[[[141.51369,38.55208],[141.51367,38.55204],[141.51366,38.55207],[141.51369,38.55208]]],[[[141.51367,38.55215],[141.51372,38.55218],[141.51371,38.55212],[141.51367,38.55215]]],[[[141.51393,38.55211],[141.51382,38.55224],[141.51398,38.55233],[141.51393,38.55211]]],[[[141.51432,38.55275],[141.51436,38.55269],[141.51432,38.55268],[141.51432,38.55275]]],[[[141.51345,38.55555],[141.51674,38.55537],[141.51477,38.55374],[141.51189,38.54995],[141.51071,38.54966],[141.51369,38.55334],[141.51345,38.55555]]],[[[141.5132,38.55294],[141.51318,38.5529],[141.51318,38.55293],[141.5132,38.55294]]],[[[141.51442,38.55303],[141.51451,38.553],[141.51442,38.55301],[141.51442,38.55303]]],[[[141.51478,38.55373],[141.51482,38.55363],[141.51478,38.55361],[141.51478,38.55373]]],[[[141.51487,38.55379],[141.51484,38.55376],[141.51485,38.5538],[141.51487,38.55379]]],[[[141.51531,38.55385],[141.51528,38.55383],[141.51526,38.55386],[141.51531,38.55385]]],[[[141.51342,38.55395],[141.51339,38.55393],[141.51339,38.55396],[141.51342,38.55395]]],[[[141.51333,38.55406],[141.51339,38.55403],[141.51339,38.55402],[141.51333,38.55406]]],[[[141.51562,38.55425],[141.51578,38.5543],[141.51564,38.55418],[141.51562,38.55425]]],[[[141.516,38.55452],[141.51603,38.55447],[141.516,38.55451],[141.516,38.55452]]],[[[141.51338,38.55481],[141.5134,38.55475],[141.51339,38.55475],[141.51338,38.55481]]],[[[141.5163,38.55488],[141.51627,38.5549],[141.5163,38.55489],[141.5163,38.55488]]],[[[141.51337,38.5552],[141.51342,38.55528],[141.51346,38.55514],[141.51337,38.5552]]],[[[141.5133,38.55516],[141.5133,38.55528],[141.51334,38.55515],[141.5133,38.55516]]],[[[141.51627,38.55573],[141.51624,38.55573],[141.51627,38.55575],[141.51627,38.55573]]],[[[141.51581,38.55579],[141.51574,38.55584],[141.51582,38.55585],[141.51581,38.55579]]],[[[141.51393,38.55591],[141.5139,38.55592],[141.5139,38.55593],[141.51393,38.55591]]],[[[141.5139,38.55595],[141.51387,38.55596],[141.51389,38.55597],[141.5139,38.55595]]],[[[141.51401,38.55599],[141.51404,38.55594],[141.51399,38.55595],[141.51401,38.55599]]],[[[141.51576,38.55601],[141.51581,38.55595],[141.51578,38.55594],[141.51576,38.55601]]],[[[141.51522,38.55591],[141.51529,38.55606],[141.51531,38.55592],[141.51522,38.55591]]],[[[141.51404,38.55602],[141.51402,38.556],[141.51401,38.55601],[141.51404,38.55602]]],[[[141.5141,38.556],[141.51407,38.55604],[141.51407,38.55604],[141.5141,38.556]]],[[[141.51411,38.55609],[141.51411,38.55605],[141.51408,38.55607],[141.51411,38.55609]]],[[[141.51396,38.55623],[141.51391,38.55598],[141.5138,38.55628],[141.51396,38.55623]]],[[[141.5158,38.55818],[141.51578,38.55819],[141.51581,38.55819],[141.5158,38.55818]]],[[[141.51561,38.55828],[141.51563,38.55827],[141.51561,38.55827],[141.51561,38.55828]]],[[[141.51578,38.55828],[141.5158,38.5583],[141.51581,38.55828],[141.51578,38.55828]]],[[[141.5157,38.55831],[141.51572,38.55829],[141.5157,38.5583],[141.5157,38.55831]]],[[[141.51557,38.55832],[141.51554,38.5583],[141.51555,38.55834],[141.51557,38.55832]]],[[[141.51585,38.5584],[141.51583,38.55838],[141.51582,38.5584],[141.51585,38.5584]]],[[[141.51602,38.55842],[141.516,38.5584],[141.51601,38.55843],[141.51602,38.55842]]],[[[141.51551,38.55845],[141.51546,38.55846],[141.5155,38.55847],[141.51551,38.55845]]],[[[141.51537,38.55849],[141.51535,38.55852],[141.51538,38.5585],[141.51537,38.55849]]],[[[141.51597,38.5585],[141.51604,38.5585],[141.51597,38.55847],[141.51597,38.5585]]],[[[141.51552,38.55852],[141.51548,38.55852],[141.5155,38.55853],[141.51552,38.55852]]],[[[141.51455,38.55859],[141.5145,38.55856],[141.51454,38.55861],[141.51455,38.55859]]],[[[141.51453,38.55867],[141.51449,38.55863],[141.51451,38.55868],[141.51453,38.55867]]],[[[141.51629,38.55873],[141.5162,38.55862],[141.5162,38.5587],[141.51629,38.55873]]],[[[141.51445,38.55872],[141.51442,38.55869],[141.51444,38.55873],[141.51445,38.55872]]],[[[141.51612,38.55877],[141.51612,38.55874],[141.51608,38.55875],[141.51612,38.55877]]],[[[141.51614,38.55884],[141.51627,38.55877],[141.51624,38.55874],[141.51614,38.55884]]],[[[141.51543,38.55857],[141.51601,38.55884],[141.51581,38.5584],[141.51543,38.55857]]],[[[141.51629,38.55887],[141.51624,38.55886],[141.51625,38.55887],[141.51629,38.55887]]],[[[141.51533,38.55903],[141.5153,38.55901],[141.51533,38.55903],[141.51533,38.55903]]],[[[141.51617,38.5591],[141.51613,38.55906],[141.51614,38.5591],[141.51617,38.5591]]],[[[141.51534,38.55918],[141.51536,38.55909],[141.51532,38.55918],[141.51534,38.55918]]],[[[141.51578,38.55918],[141.51586,38.55922],[141.51585,38.55915],[141.51578,38.55918]]],[[[141.51559,38.55924],[141.51557,38.55919],[141.51554,38.5592],[141.51559,38.55924]]],[[[141.51625,38.5597],[141.51626,38.55962],[141.51624,38.55971],[141.51625,38.5597]]],[[[141.5157,38.56022],[141.51579,38.56035],[141.51606,38.56022],[141.51581,38.5601],[141.51599,38.55938],[141.5157,38.56022]]],[[[141.516,38.5601],[141.51609,38.56014],[141.5161,38.56013],[141.516,38.5601]]],[[[141.51557,38.56045],[141.51552,38.5604],[141.51552,38.56044],[141.51557,38.56045]]],[[[141.51547,38.56049],[141.51545,38.56051],[141.51547,38.56051],[141.51547,38.56049]]],[[[141.51557,38.56061],[141.51564,38.56074],[141.51569,38.56062],[141.51557,38.56061]]],[[[141.51477,38.56084],[141.51549,38.56057],[141.51493,38.56047],[141.51477,38.56084]]],[[[141.515,38.56103],[141.51473,38.56101],[141.51496,38.56111],[141.515,38.56103]]],[[[141.5157,38.56111],[141.51562,38.56105],[141.51558,38.56115],[141.5157,38.56111]]],[[[141.51577,38.56123],[141.51577,38.56118],[141.51575,38.56119],[141.51577,38.56123]]],[[[141.51498,38.56155],[141.51498,38.56152],[141.51496,38.56154],[141.51498,38.56155]]],[[[141.51555,38.56269],[141.51659,38.56183],[141.51501,38.56137],[141.51555,38.56269]]],[[[141.51613,38.5631],[141.5161,38.56307],[141.51609,38.56309],[141.51613,38.5631]]],[[[141.51238,38.59892],[141.51237,38.59895],[141.51239,38.59894],[141.51238,38.59892]]],[[[141.51292,38.60418],[141.51293,38.60411],[141.51292,38.60411],[141.51292,38.60418]]],[[[141.51364,38.60415],[141.51365,38.60417],[141.51369,38.60418],[141.51367,38.60414],[141.51364,38.60415]]],[[[141.51378,38.60435],[141.51367,38.60436],[141.51374,38.60442],[141.51378,38.60435]]],[[[141.51285,38.60438],[141.51286,38.60433],[141.51282,38.60434],[141.51285,38.60438]]],[[[141.51341,38.60444],[141.51337,38.60435],[141.51333,38.60448],[141.51341,38.60444]]],[[[141.51501,38.6044],[141.51503,38.60446],[141.51504,38.60443],[141.51501,38.6044]]],[[[141.51295,38.60438],[141.51289,38.60452],[141.51301,38.60437],[141.51295,38.60438]]],[[[141.51522,38.60444],[141.51523,38.60447],[141.51524,38.60446],[141.51522,38.60444]]],[[[141.51486,38.60448],[141.51491,38.60447],[141.51487,38.60443],[141.51486,38.60448]]],[[[141.51308,38.60454],[141.51303,38.60444],[141.51298,38.60456],[141.51308,38.60454]]],[[[141.51535,38.60449],[141.51533,38.60451],[141.51535,38.60451],[141.51535,38.60449]]],[[[141.51534,38.60457],[141.51533,38.60458],[141.51536,38.60456],[141.51534,38.60457]]],[[[141.51519,38.60456],[141.51516,38.60455],[141.51516,38.60458],[141.51519,38.60456]]],[[[141.51358,38.60462],[141.51352,38.60452],[141.51347,38.60452],[141.51358,38.60462]]],[[[141.51392,38.60462],[141.51391,38.60459],[141.5139,38.60461],[141.51392,38.60462]]],[[[141.51395,38.60463],[141.51396,38.60462],[141.51394,38.60462],[141.51395,38.60463]]],[[[141.51541,38.60462],[141.5154,38.60467],[141.51543,38.60466],[141.51541,38.60462]]],[[[141.51359,38.60467],[141.51362,38.60467],[141.51359,38.60464],[141.51359,38.60467]]],[[[141.51282,38.60465],[141.51285,38.60464],[141.51282,38.60464],[141.51282,38.60465]]],[[[141.51353,38.60468],[141.51351,38.60467],[141.51351,38.60468],[141.51353,38.60468]]],[[[141.51398,38.60474],[141.51396,38.60466],[141.51388,38.60464],[141.51398,38.60474]]],[[[141.51339,38.60472],[141.51342,38.60468],[141.51336,38.60465],[141.51339,38.60472]]],[[[141.51445,38.60465],[141.51437,38.60476],[141.51449,38.60476],[141.51445,38.60465]]],[[[141.51367,38.60471],[141.51362,38.60471],[141.51365,38.60474],[141.51367,38.60471]]],[[[141.51348,38.60473],[141.51353,38.60475],[141.51347,38.6047],[141.51348,38.60473]]],[[[141.5139,38.605],[141.51392,38.60497],[141.51389,38.60498],[141.5139,38.605]]],[[[141.51741,38.27132],[141.51738,38.27149],[141.51749,38.2714],[141.51741,38.27132]]],[[[141.51719,38.27192],[141.51708,38.27149],[141.51689,38.27196],[141.51719,38.27192]]],[[[141.5171,38.27233],[141.51707,38.27208],[141.51697,38.27228],[141.5171,38.27233]]],[[[141.51939,38.27258],[141.51953,38.27257],[141.51953,38.27252],[141.51939,38.27258]]],[[[141.51705,38.27273],[141.51723,38.27261],[141.51725,38.27246],[141.51705,38.27273]]],[[[141.51697,38.2726],[141.51691,38.27267],[141.51702,38.27257],[141.51697,38.2726]]],[[[141.51978,38.35967],[141.51983,38.35969],[141.51978,38.35964],[141.51978,38.35967]]],[[[141.52008,38.36003],[141.52012,38.35998],[141.5201,38.35996],[141.52008,38.36003]]],[[[141.5203,38.36018],[141.52028,38.36011],[141.52029,38.36019],[141.5203,38.36018]]],[[[141.52032,38.36017],[141.52034,38.36014],[141.52033,38.36013],[141.52032,38.36017]]],[[[141.51954,38.36262],[141.51954,38.36267],[141.51956,38.36266],[141.51954,38.36262]]],[[[141.51897,38.36266],[141.5189,38.36262],[141.5189,38.36268],[141.51897,38.36266]]],[[[141.51921,38.36271],[141.51896,38.36274],[141.51921,38.36277],[141.51921,38.36271]]],[[[141.51935,38.36283],[141.51943,38.36277],[141.51923,38.36263],[141.51935,38.36283]]],[[[141.5189,38.36335],[141.51868,38.36304],[141.5186,38.36302],[141.5189,38.36335]]],[[[141.51856,38.36326],[141.51848,38.36323],[141.51856,38.36327],[141.51856,38.36326]]],[[[141.51878,38.36331],[141.51875,38.36332],[141.51878,38.36334],[141.51878,38.36331]]],[[[141.51867,38.36387],[141.51865,38.36379],[141.51856,38.36383],[141.51867,38.36387]]],[[[141.51868,38.36389],[141.5186,38.36394],[141.51871,38.36392],[141.51868,38.36389]]],[[[141.51908,38.36426],[141.51886,38.36426],[141.51909,38.36436],[141.51908,38.36426]]],[[[141.51987,38.36513],[141.51971,38.36517],[141.51988,38.36517],[141.51987,38.36513]]],[[[141.51969,38.36529],[141.51968,38.36521],[141.51962,38.36523],[141.51969,38.36529]]],[[[141.51943,38.36518],[141.51946,38.36537],[141.51952,38.36532],[141.51943,38.36518]]],[[[141.51974,38.36532],[141.51971,38.36533],[141.51974,38.36534],[141.51974,38.36532]]],[[[141.51982,38.36569],[141.51973,38.36577],[141.51988,38.36579],[141.51982,38.36569]]],[[[141.51943,38.3658],[141.51941,38.36572],[141.51941,38.3658],[141.51943,38.3658]]],[[[141.51963,38.36584],[141.51966,38.36596],[141.51975,38.36598],[141.51963,38.36584]]],[[[141.51972,38.36626],[141.51958,38.36622],[141.51988,38.36651],[141.51972,38.36626]]],[[[141.51968,38.36636],[141.51964,38.36634],[141.51964,38.36636],[141.51968,38.36636]]],[[[141.51976,38.36719],[141.51986,38.36698],[141.51966,38.367],[141.51976,38.36719]]],[[[141.51955,38.3673],[141.51956,38.36721],[141.51952,38.36722],[141.51955,38.3673]]],[[[141.51726,38.3683],[141.51735,38.36826],[141.51726,38.36822],[141.51726,38.3683]]],[[[141.51707,38.36827],[141.51726,38.36844],[141.51713,38.36825],[141.51707,38.36827]]],[[[141.51701,38.36846],[141.51697,38.36864],[141.51702,38.36866],[141.51701,38.36846]]],[[[141.51724,38.36848],[141.51727,38.36869],[141.51738,38.36866],[141.51724,38.36848]]],[[[141.51653,38.36875],[141.51665,38.3687],[141.51654,38.36869],[141.51653,38.36875]]],[[[141.51696,38.36873],[141.51688,38.36878],[141.51696,38.36877],[141.51696,38.36873]]],[[[141.51629,38.36874],[141.5163,38.36877],[141.51631,38.36877],[141.51629,38.36874]]],[[[141.51698,38.36879],[141.51687,38.36884],[141.51703,38.36886],[141.51698,38.36879]]],[[[141.51742,38.36907],[141.51732,38.36912],[141.51745,38.36911],[141.51742,38.36907]]],[[[141.51738,38.36923],[141.51743,38.36917],[141.51738,38.36917],[141.51738,38.36923]]],[[[141.51711,38.36949],[141.5171,38.36943],[141.51706,38.36946],[141.51711,38.36949]]],[[[141.51639,38.38498],[141.51654,38.38507],[141.51654,38.38499],[141.51639,38.38498]]],[[[141.51647,38.38541],[141.5162,38.3852],[141.51632,38.38551],[141.51647,38.38541]]],[[[141.51647,38.38553],[141.51659,38.3856],[141.51648,38.38547],[141.51647,38.38553]]],[[[141.51705,38.38606],[141.51704,38.3862],[141.5171,38.38617],[141.51705,38.38606]]],[[[141.51629,38.38632],[141.5163,38.38656],[141.51645,38.38668],[141.51629,38.38632]]],[[[141.51715,38.38661],[141.51711,38.38656],[141.51708,38.38662],[141.51715,38.38661]]],[[[141.51683,38.38659],[141.51686,38.38674],[141.51697,38.3867],[141.51683,38.38659]]],[[[141.51716,38.38675],[141.51735,38.38676],[141.51724,38.38665],[141.51716,38.38675]]],[[[141.51806,38.38686],[141.51814,38.38684],[141.51803,38.38678],[141.51806,38.38686]]],[[[141.51733,38.38695],[141.51736,38.38692],[141.51733,38.3869],[141.51733,38.38695]]],[[[141.51741,38.38704],[141.51745,38.38703],[141.51741,38.38698],[141.51741,38.38704]]],[[[141.51761,38.38712],[141.51756,38.38711],[141.5176,38.38713],[141.51761,38.38712]]],[[[141.51784,38.38729],[141.51783,38.3871],[141.51777,38.38712],[141.51784,38.38729]]],[[[141.51985,38.38727],[141.5199,38.38718],[141.51981,38.38721],[141.51985,38.38727]]],[[[141.51797,38.38735],[141.51798,38.38751],[141.51808,38.38742],[141.51797,38.38735]]],[[[141.52015,38.38754],[141.51996,38.38732],[141.51996,38.38748],[141.52005,38.38757],[141.52015,38.38754]]],[[[141.51809,38.38754],[141.5182,38.38747],[141.51811,38.38742],[141.51809,38.38754]]],[[[141.51821,38.38768],[141.51816,38.38773],[141.51822,38.38771],[141.51821,38.38768]]],[[[141.51872,38.38778],[141.51891,38.38804],[141.51895,38.38802],[141.51872,38.38778]]],[[[141.51804,38.39387],[141.51812,38.3941],[141.51817,38.39409],[141.51804,38.39387]]],[[[141.51738,38.39411],[141.51743,38.39412],[141.51739,38.39407],[141.51738,38.39411]]],[[[141.51972,38.39423],[141.51981,38.39445],[141.51988,38.39449],[141.51972,38.39423]]],[[[141.51956,38.39483],[141.51962,38.39484],[141.51953,38.39476],[141.51956,38.39483]]],[[[141.51946,38.39487],[141.51951,38.39478],[141.51944,38.39483],[141.51946,38.39487]]],[[[141.51949,38.39499],[141.51959,38.39493],[141.51949,38.39488],[141.51949,38.39499]]],[[[141.51929,38.39493],[141.51914,38.39498],[141.51923,38.39504],[141.51929,38.39493]]],[[[141.51983,38.39502],[141.51992,38.39515],[141.51996,38.39515],[141.51983,38.39502]]],[[[141.51974,38.39524],[141.51979,38.39517],[141.51968,38.39511],[141.51974,38.39524]]],[[[141.51928,38.39537],[141.51936,38.39519],[141.51919,38.39512],[141.51928,38.39537]]],[[[141.5198,38.39534],[141.51987,38.39532],[141.51982,38.39532],[141.5198,38.39534]]],[[[141.5172,38.39541],[141.51718,38.39532],[141.51714,38.39533],[141.5172,38.39541]]],[[[141.52022,38.43791],[141.5203,38.43793],[141.52027,38.43786],[141.52022,38.43791]]],[[[141.52021,38.43955],[141.52025,38.43955],[141.52021,38.43954],[141.52021,38.43955]]],[[[141.52022,38.44215],[141.52023,38.44217],[141.52024,38.44216],[141.52022,38.44215]]],[[[141.52017,38.4422],[141.52016,38.44219],[141.52015,38.4422],[141.52017,38.4422]]],[[[141.52014,38.44223],[141.52021,38.44222],[141.52013,38.4422],[141.52014,38.44223]]],[[[141.51762,38.44232],[141.51759,38.44227],[141.51761,38.44232],[141.51762,38.44232]]],[[[141.5181,38.44244],[141.51814,38.44231],[141.51802,38.44225],[141.5181,38.44244]]],[[[141.51998,38.44238],[141.52001,38.44234],[141.51997,38.44236],[141.51998,38.44238]]],[[[141.52001,38.44245],[141.52005,38.44244],[141.52002,38.44243],[141.52001,38.44245]]],[[[141.51931,38.44245],[141.51929,38.44244],[141.51931,38.44246],[141.51931,38.44245]]],[[[141.51855,38.44251],[141.51852,38.4425],[141.51851,38.44251],[141.51855,38.44251]]],[[[141.51802,38.44276],[141.51801,38.44249],[141.51777,38.44248],[141.51802,38.44276]]],[[[141.51967,38.44271],[141.51968,38.4427],[141.51967,38.44269],[141.51967,38.44271]]],[[[141.51972,38.44276],[141.51967,38.44275],[141.51972,38.44278],[141.51972,38.44276]]],[[[141.51816,38.4429],[141.51864,38.44266],[141.51851,38.44256],[141.51816,38.4429]]],[[[141.51815,38.44292],[141.51818,38.44295],[141.51818,38.44292],[141.51815,38.44292]]],[[[141.51873,38.44405],[141.51876,38.44407],[141.51876,38.44405],[141.51873,38.44405]]],[[[141.51733,38.44539],[141.51739,38.44533],[141.51731,38.44533],[141.51733,38.44539]]],[[[141.51749,38.44544],[141.51746,38.44546],[141.51749,38.44548],[141.51749,38.44544]]],[[[141.51766,38.44542],[141.51763,38.44564],[141.51769,38.44568],[141.51766,38.44542]]],[[[141.51849,38.44693],[141.51848,38.44697],[141.5185,38.44697],[141.51849,38.44693]]],[[[141.51846,38.44705],[141.51848,38.44702],[141.51847,38.44701],[141.51846,38.44705]]],[[[141.51637,38.45226],[141.51631,38.45214],[141.51626,38.45225],[141.51637,38.45226]]],[[[141.51632,38.45232],[141.51631,38.45235],[141.51633,38.45234],[141.51632,38.45232]]],[[[141.51774,38.45305],[141.51765,38.45306],[141.51773,38.45309],[141.51774,38.45305]]],[[[141.51832,38.45375],[141.51828,38.45373],[141.51824,38.45375],[141.51832,38.45375]]],[[[141.51634,38.45701],[141.51625,38.45656],[141.51617,38.45657],[141.51634,38.45701]]],[[[141.51643,38.46048],[141.51647,38.46044],[141.51641,38.46042],[141.51643,38.46048]]],[[[141.51802,38.46534],[141.51805,38.4653],[141.51801,38.46533],[141.51802,38.46534]]],[[[141.51637,38.46542],[141.51637,38.46534],[141.51633,38.46535],[141.51637,38.46542]]],[[[141.5181,38.4656],[141.51823,38.46559],[141.51823,38.46556],[141.5181,38.4656]]],[[[141.51701,38.4656],[141.51695,38.46564],[141.517,38.46565],[141.51701,38.4656]]],[[[141.51725,38.46561],[141.51719,38.4656],[141.51724,38.46564],[141.51725,38.46561]]],[[[141.5166,38.46566],[141.51655,38.46568],[141.51661,38.46569],[141.5166,38.46566]]],[[[141.51711,38.4658],[141.51712,38.46574],[141.51705,38.46572],[141.51711,38.4658]]],[[[141.51797,38.46579],[141.51806,38.46575],[141.51795,38.46577],[141.51797,38.46579]]],[[[141.51641,38.46673],[141.51654,38.46676],[141.51636,38.46669],[141.51641,38.46673]]],[[[141.51687,38.46701],[141.51672,38.46658],[141.5166,38.46663],[141.51687,38.46701]]],[[[141.51645,38.4668],[141.51661,38.46688],[141.51648,38.4668],[141.51645,38.4668]]],[[[141.51767,38.46701],[141.51763,38.46685],[141.5175,38.46696],[141.51767,38.46701]]],[[[141.51672,38.46703],[141.51654,38.46701],[141.51675,38.46715],[141.51672,38.46703]]],[[[141.51773,38.46709],[141.51778,38.46724],[141.51789,38.46725],[141.51773,38.46709]]],[[[141.51752,38.46773],[141.51779,38.4677],[141.5174,38.46694],[141.5176,38.46672],[141.51727,38.46658],[141.51752,38.46773]]],[[[141.51771,38.46743],[141.51773,38.46739],[141.5177,38.46738],[141.51771,38.46743]]],[[[141.51636,38.46771],[141.51631,38.46765],[141.51629,38.46765],[141.51636,38.46771]]],[[[141.51657,38.4678],[141.51648,38.46769],[141.51639,38.46779],[141.51657,38.4678]]],[[[141.51767,38.46781],[141.51799,38.468],[141.51785,38.46775],[141.51767,38.46781]]],[[[141.51635,38.46799],[141.51638,38.46782],[141.51629,38.46794],[141.51635,38.46799]]],[[[141.51757,38.4679],[141.5174,38.46802],[141.51762,38.46804],[141.51787,38.46825],[141.51757,38.4679]]],[[[141.51813,38.4681],[141.518,38.46812],[141.51814,38.46813],[141.51813,38.4681]]],[[[141.51669,38.46815],[141.5167,38.46808],[141.51661,38.46811],[141.51669,38.46815]]],[[[141.5176,38.46817],[141.51753,38.4681],[141.51761,38.46819],[141.5176,38.46817]]],[[[141.51638,38.46801],[141.51652,38.46831],[141.51657,38.46833],[141.51638,38.46801]]],[[[141.51631,38.46829],[141.51631,38.46809],[141.51614,38.46809],[141.51631,38.46829]]],[[[141.51669,38.4685],[141.51666,38.46846],[141.51665,38.46851],[141.51669,38.4685]]],[[[141.51669,38.47126],[141.51658,38.47107],[141.51648,38.47119],[141.51669,38.47126]]],[[[141.51652,38.47129],[141.51646,38.47126],[141.51646,38.4713],[141.51652,38.47129]]],[[[141.51638,38.47154],[141.51634,38.47151],[141.51638,38.47156],[141.51638,38.47154]]],[[[141.51688,38.49256],[141.51676,38.49241],[141.51671,38.49242],[141.51688,38.49256]]],[[[141.51737,38.49251],[141.51735,38.49257],[141.51741,38.49254],[141.51737,38.49251]]],[[[141.51739,38.49264],[141.51728,38.49267],[141.51727,38.49269],[141.51739,38.49264]]],[[[141.51723,38.49264],[141.5172,38.49268],[141.51725,38.49266],[141.51723,38.49264]]],[[[141.51779,38.49285],[141.51781,38.4928],[141.51779,38.49278],[141.51779,38.49285]]],[[[141.51848,38.49343],[141.51845,38.49347],[141.51852,38.49348],[141.51848,38.49343]]],[[[141.51906,38.49407],[141.51902,38.49408],[141.51908,38.49409],[141.51906,38.49407]]],[[[141.51988,38.4943],[141.51991,38.49437],[141.51993,38.49436],[141.51988,38.4943]]],[[[141.51994,38.49464],[141.51991,38.49442],[141.51991,38.49464],[141.51994,38.49464]]],[[[141.51792,38.54026],[141.51787,38.54022],[141.51792,38.54027],[141.51792,38.54026]]],[[[141.51795,38.54033],[141.51793,38.54029],[141.51794,38.54034],[141.51795,38.54033]]],[[[141.51789,38.54039],[141.51789,38.54032],[141.51788,38.54039],[141.51789,38.54039]]],[[[141.51714,38.54036],[141.51716,38.54037],[141.51718,38.54039],[141.51714,38.54036]]],[[[141.51698,38.54042],[141.51693,38.54033],[141.5169,38.54034],[141.51698,38.54042]]],[[[141.51803,38.54035],[141.51801,38.5404],[141.51809,38.54041],[141.51803,38.54035]]],[[[141.51793,38.5404],[141.51791,38.54046],[141.51801,38.54045],[141.51793,38.5404]]],[[[141.51803,38.54047],[141.51807,38.54051],[141.5181,38.54054],[141.51803,38.54047]]],[[[141.51675,38.54051],[141.51674,38.54053],[141.51676,38.54054],[141.51675,38.54051]]],[[[141.51663,38.5407],[141.51662,38.54068],[141.51661,38.54068],[141.51663,38.5407]]],[[[141.51696,38.54071],[141.51693,38.54068],[141.51695,38.54071],[141.51696,38.54071]]],[[[141.51656,38.54071],[141.51668,38.5408],[141.51658,38.5407],[141.51656,38.54071]]],[[[141.51671,38.54087],[141.51669,38.54085],[141.51668,38.54086],[141.51671,38.54087]]],[[[141.51628,38.54154],[141.51633,38.5416],[141.51625,38.5415],[141.51628,38.54154]]],[[[141.51631,38.54299],[141.51638,38.54304],[141.51639,38.54304],[141.51631,38.54299]]],[[[141.51631,38.5546],[141.51634,38.55462],[141.51632,38.5546],[141.51631,38.5546]]],[[[141.51714,38.55469],[141.51708,38.55469],[141.51712,38.55471],[141.51714,38.55469]]],[[[141.51634,38.55465],[141.51631,38.5547],[141.51635,38.55469],[141.51634,38.55465]]],[[[141.51636,38.55483],[141.51627,38.55472],[141.51631,38.55485],[141.51636,38.55483]]],[[[141.51645,38.55487],[141.51644,38.55489],[141.51646,38.55488],[141.51645,38.55487]]],[[[141.5163,38.55565],[141.51627,38.55566],[141.51631,38.55567],[141.5163,38.55565]]],[[[141.51673,38.55571],[141.51675,38.55567],[141.51671,38.5557],[141.51673,38.55571]]],[[[141.51633,38.55569],[141.51629,38.55575],[141.51638,38.55577],[141.51633,38.55569]]],[[[141.51658,38.55594],[141.51656,38.55587],[141.51649,38.55587],[141.51658,38.55594]]],[[[141.51675,38.55642],[141.51676,38.55637],[141.51669,38.55638],[141.51675,38.55642]]],[[[141.51756,38.55668],[141.51766,38.55668],[141.51745,38.55662],[141.51756,38.55668]]],[[[141.51775,38.55682],[141.51774,38.55681],[141.51774,38.55682],[141.51775,38.55682]]],[[[141.51707,38.55702],[141.51704,38.55697],[141.51704,38.55703],[141.51707,38.55702]]],[[[141.51711,38.55708],[141.51707,38.55707],[141.51709,38.5571],[141.51711,38.55708]]],[[[141.51709,38.55714],[141.51706,38.55712],[141.51707,38.55716],[141.51709,38.55714]]],[[[141.51713,38.55748],[141.51714,38.55744],[141.51711,38.55745],[141.51713,38.55748]]],[[[141.51631,38.55853],[141.51629,38.55858],[141.51632,38.55853],[141.51631,38.55853]]],[[[141.51646,38.55858],[141.51644,38.55867],[141.51648,38.55864],[141.51646,38.55858]]],[[[141.5163,38.55898],[141.51628,38.55892],[141.51626,38.55898],[141.5163,38.55898]]],[[[141.51653,38.55914],[141.51643,38.55931],[141.51659,38.55935],[141.51653,38.55914]]],[[[141.51655,38.55974],[141.51652,38.55977],[141.51655,38.55977],[141.51655,38.55974]]],[[[141.51649,38.5597],[141.51621,38.55979],[141.51641,38.56006],[141.51649,38.5597]]],[[[141.51689,38.56229],[141.51687,38.56227],[141.51686,38.56229],[141.51689,38.56229]]],[[[141.51693,38.56233],[141.51697,38.56238],[141.51695,38.56233],[141.51693,38.56233]]],[[[141.51688,38.56286],[141.51694,38.56283],[141.51693,38.56282],[141.51688,38.56286]]],[[[141.51679,38.56293],[141.5169,38.56298],[141.51686,38.56288],[141.51679,38.56293]]],[[[141.51679,38.56299],[141.51681,38.563],[141.51679,38.56298],[141.51679,38.56299]]],[[[141.51674,38.56304],[141.51679,38.56301],[141.51674,38.56301],[141.51674,38.56304]]],[[[141.51689,38.56318],[141.51682,38.56304],[141.51682,38.56318],[141.51689,38.56318]]],[[[141.51671,38.56316],[141.51669,38.56313],[141.51667,38.56314],[141.51671,38.56316]]],[[[141.51667,38.56329],[141.5167,38.56318],[141.51665,38.56315],[141.51667,38.56329]]],[[[141.51655,38.5632],[141.51665,38.56329],[141.51662,38.56316],[141.51655,38.5632]]],[[[141.5168,38.56332],[141.51678,38.56324],[141.51676,38.56326],[141.5168,38.56332]]],[[[141.51687,38.56334],[141.51688,38.56339],[141.51692,38.56335],[141.51687,38.56334]]],[[[141.51665,38.56351],[141.51667,38.56339],[141.51661,38.56341],[141.51665,38.56351]]],[[[141.51644,38.60366],[141.51645,38.60357],[141.51638,38.60359],[141.51644,38.60366]]],[[[141.51656,38.60372],[141.51652,38.60372],[141.51653,38.60374],[141.51656,38.60372]]],[[[141.51755,38.60422],[141.51759,38.60398],[141.51744,38.60408],[141.51755,38.60422]]],[[[141.51725,38.60407],[141.51728,38.60418],[141.51731,38.60422],[141.51725,38.60407]]],[[[141.51829,38.60447],[141.51829,38.60449],[141.5183,38.60448],[141.51829,38.60447]]],[[[141.51829,38.60454],[141.51824,38.60454],[141.51829,38.60456],[141.51829,38.60454]]],[[[141.51835,38.60456],[141.51836,38.60449],[141.51833,38.60447],[141.51835,38.60456]]],[[[141.5183,38.60452],[141.51831,38.60455],[141.51832,38.60454],[141.5183,38.60452]]],[[[141.51839,38.60467],[141.51844,38.60471],[141.51843,38.60463],[141.51839,38.60467]]],[[[141.51853,38.6048],[141.5185,38.60486],[141.51855,38.60489],[141.51853,38.6048]]],[[[141.51888,38.60492],[141.51885,38.60489],[141.51885,38.60491],[141.51888,38.60492]]],[[[141.51882,38.60491],[141.51881,38.60496],[141.51884,38.60496],[141.51882,38.60491]]],[[[141.51856,38.60509],[141.51857,38.60505],[141.51854,38.60502],[141.51856,38.60509]]],[[[141.51892,38.60516],[141.5189,38.60501],[141.51886,38.60498],[141.51882,38.60508],[141.51892,38.60516]]],[[[141.5185,38.60526],[141.51839,38.60529],[141.51845,38.60538],[141.5185,38.60526]]],[[[141.51847,38.6054],[141.51849,38.60542],[141.5185,38.6054],[141.51847,38.6054]]],[[[141.51858,38.60542],[141.51852,38.60551],[141.51858,38.60548],[141.51858,38.60542]]],[[[141.51857,38.60564],[141.51854,38.60562],[141.51855,38.60564],[141.51857,38.60564]]],[[[141.51871,38.60567],[141.51869,38.60573],[141.51873,38.60572],[141.51871,38.60567]]],[[[141.51979,38.60621],[141.5197,38.60633],[141.51974,38.60633],[141.51979,38.60621]]],[[[141.51923,38.6071],[141.5193,38.60716],[141.51926,38.60707],[141.51923,38.6071]]],[[[141.52254,38.27113],[141.52242,38.2713],[141.52262,38.27123],[141.52254,38.27113]]],[[[141.52379,38.27154],[141.52383,38.27151],[141.52379,38.27151],[141.52379,38.27154]]],[[[141.52367,38.27153],[141.52379,38.2717],[141.52376,38.2715],[141.52367,38.27153]]],[[[141.52364,38.27175],[141.52345,38.27154],[141.52349,38.27183],[141.52364,38.27175]]],[[[141.52382,38.27194],[141.5237,38.27196],[141.52375,38.272],[141.52382,38.27194]]],[[[141.52463,38.27227],[141.52464,38.27229],[141.52465,38.27228],[141.52463,38.27227]]],[[[141.52085,38.27237],[141.52092,38.27244],[141.52093,38.27233],[141.52085,38.27237]]],[[[141.52064,38.27283],[141.52051,38.27292],[141.52054,38.27297],[141.52064,38.27283]]],[[[141.5238,38.2749],[141.52389,38.27462],[141.52361,38.2748],[141.5238,38.2749]]],[[[141.52474,38.28198],[141.52484,38.28195],[141.52474,38.28195],[141.52474,38.28198]]],[[[141.52469,38.28266],[141.52478,38.28259],[141.52476,38.28257],[141.52469,38.28266]]],[[[141.52484,38.28678],[141.52486,38.28681],[141.52488,38.28677],[141.52484,38.28678]]],[[[141.52484,38.28691],[141.52478,38.28689],[141.52477,38.2869],[141.52484,38.28691]]],[[[141.52463,38.34768],[141.52465,38.3477],[141.52465,38.34768],[141.52463,38.34768]]],[[[141.52458,38.3477],[141.52454,38.34769],[141.52454,38.34772],[141.52458,38.3477]]],[[[141.52451,38.34811],[141.52436,38.3481],[141.52435,38.34812],[141.52451,38.34811]]],[[[141.52468,38.34852],[141.52466,38.34848],[141.52467,38.34851],[141.52468,38.34852]]],[[[141.52471,38.34856],[141.52464,38.34854],[141.52471,38.34856],[141.52471,38.34856]]],[[[141.52464,38.34855],[141.52462,38.34856],[141.52465,38.34856],[141.52464,38.34855]]],[[[141.52476,38.34874],[141.52478,38.34873],[141.52476,38.34874],[141.52476,38.34874]]],[[[141.52418,38.34948],[141.52412,38.34956],[141.52416,38.34958],[141.52418,38.34948]]],[[[141.52423,38.3498],[141.52425,38.34951],[141.52416,38.34966],[141.52423,38.3498]]],[[[141.52446,38.34976],[141.52454,38.34956],[141.52443,38.34978],[141.52446,38.34976]]],[[[141.52464,38.34994],[141.52468,38.34963],[141.52451,38.34996],[141.52464,38.34994]]],[[[141.52453,38.34968],[141.5244,38.35001],[141.52456,38.34966],[141.52453,38.34968]]],[[[141.52463,38.34999],[141.52473,38.34982],[141.52472,38.34982],[141.52463,38.34999]]],[[[141.52472,38.34996],[141.52469,38.34997],[141.52468,38.35003],[141.52472,38.34996]]],[[[141.52458,38.34998],[141.52456,38.35],[141.52455,38.35003],[141.52458,38.34998]]],[[[141.52482,38.35021],[141.52484,38.35016],[141.52481,38.35017],[141.52482,38.35021]]],[[[141.52332,38.35028],[141.5234,38.35035],[141.5235,38.35036],[141.52332,38.35028]]],[[[141.52293,38.35085],[141.523,38.35088],[141.52301,38.35088],[141.52293,38.35085]]],[[[141.52328,38.35107],[141.52357,38.35124],[141.52361,38.35123],[141.52328,38.35107]]],[[[141.5231,38.35138],[141.52322,38.35155],[141.52356,38.35164],[141.5231,38.35138]]],[[[141.52331,38.35177],[141.52328,38.35172],[141.52325,38.35172],[141.52331,38.35177]]],[[[141.52322,38.35186],[141.52327,38.35189],[141.52328,38.35188],[141.52322,38.35186]]],[[[141.52332,38.35189],[141.52331,38.3519],[141.52333,38.35189],[141.52332,38.35189]]],[[[141.52367,38.35198],[141.52329,38.35184],[141.52351,38.35194],[141.52347,38.35198],[141.52367,38.35198]]],[[[141.52345,38.35194],[141.52341,38.35194],[141.52345,38.35195],[141.52345,38.35194]]],[[[141.52326,38.35201],[141.52319,38.35198],[141.52317,38.35199],[141.52326,38.35201]]],[[[141.52355,38.35204],[141.52344,38.35202],[141.52356,38.35206],[141.52355,38.35204]]],[[[141.52364,38.35226],[141.52357,38.3522],[141.52352,38.35221],[141.52364,38.35226]]],[[[141.5236,38.35232],[141.52354,38.35229],[141.52357,38.35234],[141.5236,38.35232]]],[[[141.52374,38.35246],[141.52371,38.3524],[141.5237,38.35241],[141.52374,38.35246]]],[[[141.5233,38.35242],[141.52341,38.35248],[141.52343,38.35247],[141.5233,38.35242]]],[[[141.52338,38.35253],[141.52329,38.35256],[141.52343,38.35255],[141.52338,38.35253]]],[[[141.5239,38.35256],[141.52426,38.35267],[141.52389,38.35253],[141.5239,38.35256]]],[[[141.52412,38.35273],[141.52404,38.35266],[141.52402,38.35268],[141.52412,38.35273]]],[[[141.52399,38.35289],[141.52403,38.35285],[141.52396,38.35285],[141.52399,38.35289]]],[[[141.52444,38.35309],[141.52437,38.35303],[141.52427,38.35295],[141.52444,38.35309]]],[[[141.52482,38.35306],[141.52481,38.35308],[141.52486,38.35304],[141.52482,38.35306]]],[[[141.52432,38.35326],[141.52421,38.35321],[141.5242,38.35322],[141.52432,38.35326]]],[[[141.52455,38.35363],[141.5245,38.35358],[141.52441,38.35359],[141.52455,38.35363]]],[[[141.52451,38.3538],[141.52438,38.35383],[141.52467,38.35385],[141.52451,38.3538]]],[[[141.52423,38.35379],[141.52427,38.35388],[141.52433,38.35387],[141.52423,38.35379]]],[[[141.52472,38.35384],[141.52478,38.35389],[141.5248,38.35387],[141.52472,38.35384]]],[[[141.5241,38.35456],[141.52405,38.35474],[141.52419,38.35479],[141.5241,38.35456]]],[[[141.52404,38.35499],[141.52427,38.355],[141.52401,38.35496],[141.52404,38.35499]]],[[[141.52474,38.35497],[141.5248,38.35504],[141.52483,38.355],[141.52474,38.35497]]],[[[141.5245,38.35512],[141.52438,38.35514],[141.5245,38.35516],[141.5245,38.35512]]],[[[141.5244,38.35527],[141.52425,38.35526],[141.52441,38.35529],[141.5244,38.35527]]],[[[141.52395,38.35606],[141.52399,38.35595],[141.52398,38.35593],[141.52395,38.35606]]],[[[141.52389,38.35628],[141.52388,38.356],[141.52381,38.35628],[141.52389,38.35628]]],[[[141.52385,38.35674],[141.52381,38.35663],[141.52382,38.35675],[141.52385,38.35674]]],[[[141.52434,38.35665],[141.52428,38.35665],[141.5243,38.35676],[141.52434,38.35665]]],[[[141.52421,38.35681],[141.52418,38.35671],[141.52415,38.35681],[141.52421,38.35681]]],[[[141.52425,38.35683],[141.52428,38.3568],[141.52425,38.3568],[141.52425,38.35683]]],[[[141.5242,38.35693],[141.52417,38.35692],[141.52416,38.35695],[141.5242,38.35693]]],[[[141.52425,38.35696],[141.52425,38.35692],[141.52424,38.35695],[141.52425,38.35696]]],[[[141.5243,38.35703],[141.5243,38.35698],[141.52428,38.35703],[141.5243,38.35703]]],[[[141.52434,38.35709],[141.52437,38.35704],[141.52437,38.357],[141.52434,38.35709]]],[[[141.52432,38.35711],[141.52423,38.35709],[141.52425,38.35714],[141.52432,38.35711]]],[[[141.52405,38.35685],[141.52392,38.35709],[141.52394,38.35746],[141.52405,38.35685]]],[[[141.5242,38.35734],[141.52421,38.35744],[141.52427,38.35735],[141.5242,38.35734]]],[[[141.52428,38.35747],[141.52209,38.35916],[141.52409,38.35818],[141.52428,38.35747]]],[[[141.52052,38.36007],[141.5206,38.36],[141.52056,38.35993],[141.52052,38.36007]]],[[[141.52083,38.36033],[141.52074,38.36038],[141.52077,38.36042],[141.52083,38.36033]]],[[[141.52131,38.36048],[141.52133,38.36042],[141.52131,38.36042],[141.52131,38.36048]]],[[[141.52089,38.36058],[141.52098,38.36052],[141.52093,38.3605],[141.52089,38.36058]]],[[[141.52126,38.36063],[141.52117,38.36058],[141.52116,38.36065],[141.52126,38.36063]]],[[[141.52143,38.36074],[141.52138,38.36071],[141.52135,38.36056],[141.52132,38.36072],[141.52143,38.36074]]],[[[141.52123,38.36073],[141.52125,38.3607],[141.52123,38.3607],[141.52123,38.36073]]],[[[141.52134,38.36077],[141.52133,38.36075],[141.52133,38.36076],[141.52134,38.36077]]],[[[141.52104,38.36101],[141.52102,38.36098],[141.52101,38.361],[141.52104,38.36101]]],[[[141.5212,38.36111],[141.52109,38.36105],[141.52109,38.36111],[141.5212,38.36111]]],[[[141.52097,38.36112],[141.52098,38.36109],[141.52096,38.36111],[141.52097,38.36112]]],[[[141.52193,38.36162],[141.52191,38.36158],[141.52188,38.36163],[141.52193,38.36162]]],[[[141.52185,38.36166],[141.52179,38.36173],[141.52187,38.36172],[141.52185,38.36166]]],[[[141.52195,38.36207],[141.52194,38.36204],[141.52193,38.36206],[141.52195,38.36207]]],[[[141.5213,38.36241],[141.52106,38.36267],[141.52084,38.36278],[141.52124,38.36261],[141.5213,38.36241]]],[[[141.52034,38.36284],[141.52048,38.3628],[141.52033,38.36283],[141.52034,38.36284]]],[[[141.52141,38.36281],[141.52137,38.36282],[141.52137,38.36285],[141.52141,38.36281]]],[[[141.52047,38.36294],[141.52059,38.36293],[141.52044,38.36289],[141.52047,38.36294]]],[[[141.52047,38.36324],[141.5205,38.36314],[141.52001,38.36297],[141.52047,38.36324]]],[[[141.52341,38.38727],[141.52367,38.38709],[141.52336,38.38721],[141.52341,38.38727]]],[[[141.52375,38.38723],[141.52387,38.38717],[141.52374,38.38721],[141.52375,38.38723]]],[[[141.52327,38.38736],[141.52337,38.38723],[141.52322,38.3873],[141.52327,38.38736]]],[[[141.52278,38.38749],[141.52291,38.38738],[141.52275,38.38742],[141.52278,38.38749]]],[[[141.52121,38.38851],[141.52108,38.38845],[141.5213,38.38857],[141.52121,38.38851]]],[[[141.52098,38.39429],[141.52097,38.39414],[141.52085,38.39417],[141.52098,38.39429]]],[[[141.52084,38.39421],[141.52083,38.39424],[141.52085,38.39423],[141.52084,38.39421]]],[[[141.52102,38.39432],[141.52105,38.39433],[141.52105,38.39432],[141.52102,38.39432]]],[[[141.52083,38.39433],[141.52091,38.39432],[141.52085,38.39431],[141.52083,38.39433]]],[[[141.52249,38.39481],[141.52246,38.39478],[141.52245,38.39478],[141.52249,38.39481]]],[[[141.52255,38.39484],[141.5225,38.39481],[141.52254,38.39484],[141.52255,38.39484]]],[[[141.52274,38.3952],[141.52288,38.39535],[141.52282,38.39521],[141.52274,38.3952]]],[[[141.5231,38.39541],[141.52304,38.39552],[141.52328,38.39554],[141.5231,38.39541]]],[[[141.52303,38.39659],[141.52309,38.39657],[141.52305,38.39653],[141.52303,38.39659]]],[[[141.52445,38.3978],[141.52433,38.39771],[141.5243,38.39773],[141.52445,38.3978]]],[[[141.52457,38.3979],[141.52457,38.39784],[141.52455,38.39786],[141.52457,38.3979]]],[[[141.52408,38.3983],[141.52397,38.3982],[141.52408,38.39831],[141.52408,38.3983]]],[[[141.52118,38.43766],[141.52117,38.43756],[141.52107,38.43769],[141.52118,38.43766]]],[[[141.52073,38.43774],[141.52083,38.43768],[141.52083,38.43767],[141.52073,38.43774]]],[[[141.52037,38.43778],[141.52044,38.43773],[141.5204,38.43771],[141.52037,38.43778]]],[[[141.52102,38.43777],[141.52107,38.4378],[141.52104,38.43774],[141.52102,38.43777]]],[[[141.521,38.43785],[141.52111,38.43794],[141.52112,38.43783],[141.521,38.43785]]],[[[141.5212,38.43788],[141.52116,38.43794],[141.5212,38.43796],[141.5212,38.43788]]],[[[141.52062,38.43795],[141.52062,38.43793],[141.52059,38.43793],[141.52062,38.43795]]],[[[141.52106,38.43798],[141.52103,38.43801],[141.52106,38.43801],[141.52106,38.43798]]],[[[141.52139,38.43807],[141.52133,38.43799],[141.52129,38.43802],[141.52139,38.43807]]],[[[141.52125,38.43809],[141.52119,38.43806],[141.52113,38.43812],[141.52125,38.43809]]],[[[141.52068,38.4384],[141.52086,38.43796],[141.52055,38.43802],[141.52035,38.4378],[141.52068,38.4384]]],[[[141.52094,38.43843],[141.52096,38.43847],[141.52097,38.43843],[141.52094,38.43843]]],[[[141.52136,38.43856],[141.5214,38.43891],[141.52152,38.43859],[141.52136,38.43856]]],[[[141.52154,38.43896],[141.52158,38.43891],[141.52154,38.43892],[141.52154,38.43896]]],[[[141.52251,38.43915],[141.52285,38.43879],[141.52246,38.43886],[141.52251,38.43915]]],[[[141.52127,38.43906],[141.52112,38.43902],[141.52127,38.43916],[141.52127,38.43906]]],[[[141.52033,38.43914],[141.52038,38.43912],[141.52033,38.43913],[141.52033,38.43914]]],[[[141.52192,38.43906],[141.52185,38.43928],[141.52198,38.4392],[141.52192,38.43906]]],[[[141.52309,38.43924],[141.52305,38.43919],[141.52305,38.43924],[141.52309,38.43924]]],[[[141.52173,38.43928],[141.5218,38.43938],[141.52176,38.43924],[141.52173,38.43928]]],[[[141.52151,38.43936],[141.52159,38.43947],[141.52152,38.43932],[141.52151,38.43936]]],[[[141.52192,38.43961],[141.52202,38.43932],[141.52183,38.43945],[141.52192,38.43961]]],[[[141.52027,38.43988],[141.52151,38.43969],[141.52045,38.43899],[141.52027,38.43988]]],[[[141.52148,38.43958],[141.52152,38.43959],[141.5215,38.43957],[141.52148,38.43958]]],[[[141.52415,38.44028],[141.52417,38.44031],[141.52418,38.44029],[141.52415,38.44028]]],[[[141.52409,38.4403],[141.52416,38.44042],[141.52416,38.44032],[141.52409,38.4403]]],[[[141.52111,38.44054],[141.52111,38.44049],[141.52107,38.44052],[141.52111,38.44054]]],[[[141.5209,38.44079],[141.52095,38.44076],[141.52084,38.4407],[141.5209,38.44079]]],[[[141.52458,38.45437],[141.52466,38.4543],[141.52457,38.45435],[141.52458,38.45437]]],[[[141.52458,38.45453],[141.52462,38.45458],[141.52464,38.45453],[141.52458,38.45453]]],[[[141.52455,38.4605],[141.52443,38.4601],[141.52431,38.4602],[141.52455,38.4605]]],[[[141.52429,38.46107],[141.52424,38.4611],[141.5243,38.46109],[141.52429,38.46107]]],[[[141.52406,38.46312],[141.5239,38.4632],[141.52409,38.46325],[141.52406,38.46312]]],[[[141.52414,38.46328],[141.52424,38.46325],[141.52416,38.46311],[141.52414,38.46328]]],[[[141.52476,38.46354],[141.52467,38.46359],[141.52468,38.46362],[141.52476,38.46354]]],[[[141.52373,38.46394],[141.5243,38.46341],[141.52349,38.46342],[141.52373,38.46394]]],[[[141.52324,38.46376],[141.52318,38.46366],[141.52309,38.46372],[141.52324,38.46376]]],[[[141.5226,38.46409],[141.52266,38.46369],[141.52242,38.46384],[141.5226,38.46409]]],[[[141.5209,38.46399],[141.52103,38.46401],[141.52097,38.46395],[141.5209,38.46399]]],[[[141.52274,38.46441],[141.52305,38.46433],[141.52285,38.46398],[141.52274,38.46441]]],[[[141.52068,38.46495],[141.52058,38.46483],[141.52051,38.46492],[141.52068,38.46495]]],[[[141.52245,38.4734],[141.5224,38.47346],[141.52248,38.47345],[141.52245,38.4734]]],[[[141.52294,38.47361],[141.52291,38.47363],[141.52294,38.47363],[141.52294,38.47361]]],[[[141.52271,38.47368],[141.52274,38.47369],[141.52273,38.47367],[141.52271,38.47368]]],[[[141.52294,38.47369],[141.52296,38.47369],[141.52298,38.47368],[141.52294,38.47369]]],[[[141.52294,38.4737],[141.52291,38.4737],[141.52293,38.47371],[141.52294,38.4737]]],[[[141.52297,38.4737],[141.52299,38.47371],[141.52298,38.4737],[141.52297,38.4737]]],[[[141.52291,38.47372],[141.5228,38.47365],[141.52298,38.47377],[141.52291,38.47372]]],[[[141.52278,38.47369],[141.52277,38.47374],[141.52281,38.47374],[141.52278,38.47369]]],[[[141.52276,38.47374],[141.52274,38.47373],[141.52276,38.47375],[141.52276,38.47374]]],[[[141.52303,38.47374],[141.52305,38.47374],[141.52305,38.47373],[141.52303,38.47374]]],[[[141.523,38.47372],[141.52298,38.47375],[141.52302,38.47377],[141.523,38.47372]]],[[[141.52266,38.47391],[141.52258,38.47387],[141.5226,38.47393],[141.52266,38.47391]]],[[[141.5227,38.474],[141.52265,38.47399],[141.52271,38.47403],[141.5227,38.474]]],[[[141.5226,38.47407],[141.52258,38.47402],[141.52254,38.47408],[141.5226,38.47407]]],[[[141.52421,38.48924],[141.52425,38.48927],[141.52421,38.48922],[141.52421,38.48924]]],[[[141.5243,38.48932],[141.52426,38.48939],[141.52435,38.48937],[141.5243,38.48932]]],[[[141.52433,38.48958],[141.52402,38.48966],[141.52434,38.48969],[141.52433,38.48958]]],[[[141.52436,38.48952],[141.52442,38.48947],[141.52435,38.48948],[141.52436,38.48952]]],[[[141.5239,38.4897],[141.52389,38.48976],[141.52396,38.4898],[141.5239,38.4897]]],[[[141.52397,38.48985],[141.52407,38.48993],[141.52399,38.48983],[141.52397,38.48985]]],[[[141.52345,38.49094],[141.52337,38.49097],[141.52342,38.49099],[141.52345,38.49094]]],[[[141.52473,38.49297],[141.52463,38.49296],[141.52473,38.49302],[141.52473,38.49297]]],[[[141.52087,38.49408],[141.52095,38.49435],[141.52106,38.49435],[141.52087,38.49408]]],[[[141.52114,38.49415],[141.52113,38.49434],[141.52123,38.49433],[141.52114,38.49415]]],[[[141.52331,38.49444],[141.52326,38.49452],[141.5233,38.49454],[141.52331,38.49444]]],[[[141.52365,38.49449],[141.52363,38.4945],[141.52365,38.49453],[141.52365,38.49449]]],[[[141.52092,38.49453],[141.52104,38.49452],[141.52103,38.49447],[141.52092,38.49453]]],[[[141.52267,38.54164],[141.52269,38.54167],[141.52269,38.54163],[141.52267,38.54164]]],[[[141.52329,38.54196],[141.52314,38.54206],[141.5233,38.54209],[141.52329,38.54196]]],[[[141.52444,38.54477],[141.52452,38.54474],[141.52444,38.54476],[141.52444,38.54477]]],[[[141.5246,38.54516],[141.5247,38.54519],[141.52462,38.54514],[141.5246,38.54516]]],[[[141.52231,38.60565],[141.52215,38.60555],[141.5222,38.60574],[141.52231,38.60565]]],[[[141.52193,38.60572],[141.52176,38.6057],[141.52179,38.60577],[141.52193,38.60572]]],[[[141.52211,38.60581],[141.52213,38.6059],[141.52218,38.60583],[141.52211,38.60581]]],[[[141.52201,38.60599],[141.52266,38.60619],[141.52258,38.60566],[141.52201,38.60599]]],[[[141.52281,38.60596],[141.52269,38.60604],[141.52277,38.60608],[141.52281,38.60596]]],[[[141.52284,38.6061],[141.52278,38.6061],[141.52283,38.60611],[141.52284,38.6061]]],[[[141.52273,38.60609],[141.52268,38.6061],[141.52273,38.60613],[141.52273,38.60609]]],[[[141.52359,38.60738],[141.52337,38.60746],[141.52367,38.60755],[141.52359,38.60738]]],[[[141.52345,38.60753],[141.52344,38.60756],[141.52348,38.60758],[141.52345,38.60753]]],[[[141.52372,38.60763],[141.52365,38.60759],[141.52364,38.60761],[141.52372,38.60763]]],[[[141.52399,38.60777],[141.52395,38.60775],[141.52397,38.60779],[141.52399,38.60777]]],[[[141.52148,38.60801],[141.52031,38.60774],[141.52145,38.60807],[141.52148,38.60801]]],[[[141.52335,38.60787],[141.52332,38.60814],[141.52356,38.60803],[141.52335,38.60787]]],[[[141.52386,38.60828],[141.52382,38.60825],[141.52386,38.6083],[141.52386,38.60828]]],[[[141.52394,38.60824],[141.52394,38.60842],[141.52406,38.60836],[141.52394,38.60824]]],[[[141.52355,38.60881],[141.52362,38.60815],[141.52337,38.60824],[141.52355,38.60881]]],[[[141.52427,38.60869],[141.52394,38.60846],[141.5239,38.60844],[141.52427,38.60869]]],[[[141.5233,38.60865],[141.5233,38.6086],[141.52328,38.60859],[141.5233,38.60865]]],[[[141.52319,38.60866],[141.52308,38.60868],[141.52331,38.6088],[141.52319,38.60866]]],[[[141.5239,38.6089],[141.52401,38.60881],[141.52375,38.60882],[141.5239,38.6089]]],[[[141.5231,38.60911],[141.52332,38.60883],[141.52301,38.60877],[141.5231,38.60911]]],[[[141.52359,38.60899],[141.52373,38.60891],[141.52357,38.60887],[141.52359,38.60899]]],[[[141.52265,38.609],[141.52265,38.60902],[141.52266,38.60901],[141.52265,38.609]]],[[[141.52268,38.60905],[141.52269,38.60904],[141.52267,38.60904],[141.52268,38.60905]]],[[[141.52339,38.60937],[141.52337,38.60938],[141.52339,38.60938],[141.52339,38.60937]]],[[[141.52344,38.60948],[141.52347,38.60946],[141.52344,38.60944],[141.52344,38.60948]]],[[[141.52444,38.60934],[141.52454,38.60961],[141.52474,38.60953],[141.52444,38.60934]]],[[[141.52455,38.61082],[141.52446,38.61074],[141.52449,38.61082],[141.52455,38.61082]]],[[[141.52487,38.61088],[141.5248,38.61087],[141.52479,38.61089],[141.52487,38.61088]]],[[[141.52688,38.27627],[141.52691,38.2764],[141.52694,38.27641],[141.52688,38.27627]]],[[[141.5253,38.27732],[141.52505,38.27732],[141.52502,38.27736],[141.5253,38.27732]]],[[[141.52543,38.27901],[141.52552,38.27903],[141.52549,38.27893],[141.52543,38.27901]]],[[[141.52553,38.27873],[141.52586,38.27899],[141.52608,38.27882],[141.52553,38.27873]]],[[[141.52549,38.2791],[141.52554,38.27906],[141.5255,38.27906],[141.52549,38.2791]]],[[[141.52624,38.27916],[141.5263,38.27905],[141.52607,38.27917],[141.52624,38.27916]]],[[[141.52582,38.27966],[141.52618,38.27949],[141.52575,38.27948],[141.52582,38.27966]]],[[[141.52545,38.28026],[141.52566,38.28015],[141.52514,38.28026],[141.52545,38.28026]]],[[[141.52516,38.28046],[141.52518,38.28057],[141.52524,38.28054],[141.52516,38.28046]]],[[[141.52525,38.2807],[141.5253,38.28074],[141.52533,38.28071],[141.52525,38.2807]]],[[[141.52488,38.28187],[141.52484,38.28186],[141.52484,38.28187],[141.52488,38.28187]]],[[[141.52513,38.28203],[141.52508,38.28195],[141.52491,38.28191],[141.52513,38.28203]]],[[[141.52515,38.2821],[141.52529,38.28218],[141.52533,38.28217],[141.52515,38.2821]]],[[[141.52514,38.28232],[141.52523,38.2823],[141.52511,38.28227],[141.52514,38.28232]]],[[[141.52524,38.28317],[141.52536,38.28284],[141.52491,38.28294],[141.52524,38.28317]]],[[[141.52516,38.28424],[141.52522,38.28429],[141.52524,38.28424],[141.52516,38.28424]]],[[[141.52513,38.28432],[141.52514,38.28436],[141.52517,38.28434],[141.52513,38.28432]]],[[[141.52552,38.286],[141.52541,38.28588],[141.52537,38.28598],[141.52552,38.286]]],[[[141.52489,38.28668],[141.52492,38.28671],[141.52495,38.2867],[141.52489,38.28668]]],[[[141.52491,38.28675],[141.52498,38.28675],[141.5249,38.28674],[141.52491,38.28675]]],[[[141.52488,38.28683],[141.52491,38.28682],[141.52488,38.28682],[141.52488,38.28683]]],[[[141.52484,38.28686],[141.5249,38.28688],[141.52491,38.28687],[141.52484,38.28686]]],[[[141.52554,38.28716],[141.52548,38.28714],[141.52547,38.28716],[141.52554,38.28716]]],[[[141.52523,38.28735],[141.52528,38.28737],[141.52529,38.28736],[141.52523,38.28735]]],[[[141.5251,38.28743],[141.52514,38.28738],[141.52504,38.28742],[141.5251,38.28743]]],[[[141.52522,38.28741],[141.52535,38.28742],[141.52532,38.28739],[141.52522,38.28741]]],[[[141.52615,38.28737],[141.52604,38.28743],[141.52617,38.28749],[141.52615,38.28737]]],[[[141.52549,38.28914],[141.52552,38.2892],[141.52561,38.28913],[141.52549,38.28914]]],[[[141.52616,38.2894],[141.52597,38.28936],[141.52609,38.28948],[141.52616,38.2894]]],[[[141.52612,38.28948],[141.52622,38.28955],[141.52619,38.28944],[141.52612,38.28948]]],[[[141.52632,38.28961],[141.52625,38.28942],[141.52627,38.28954],[141.5262,38.28959],[141.52632,38.28961]]],[[[141.52623,38.28972],[141.52628,38.28968],[141.52623,38.28966],[141.52623,38.28972]]],[[[141.52634,38.28974],[141.52629,38.28972],[141.52629,38.28975],[141.52634,38.28974]]],[[[141.52641,38.28975],[141.52643,38.28974],[141.52641,38.28973],[141.52641,38.28975]]],[[[141.52649,38.29039],[141.52643,38.29032],[141.52638,38.29034],[141.52649,38.29039]]],[[[141.52659,38.29055],[141.52658,38.2905],[141.52655,38.29052],[141.52659,38.29055]]],[[[141.52589,38.29074],[141.52591,38.29063],[141.52588,38.29063],[141.52589,38.29074]]],[[[141.52605,38.29084],[141.52609,38.29079],[141.52605,38.29081],[141.52605,38.29084]]],[[[141.52678,38.29183],[141.5265,38.29181],[141.52651,38.29199],[141.52678,38.29183]]],[[[141.52641,38.29189],[141.52641,38.29212],[141.52645,38.29211],[141.52641,38.29189]]],[[[141.52675,38.29189],[141.52669,38.29208],[141.52682,38.29191],[141.52675,38.29189]]],[[[141.52648,38.29219],[141.52644,38.29215],[141.52643,38.29218],[141.52648,38.29219]]],[[[141.52624,38.29353],[141.52619,38.29347],[141.52619,38.29352],[141.52624,38.29353]]],[[[141.52597,38.2936],[141.52592,38.29358],[141.52596,38.29362],[141.52597,38.2936]]],[[[141.52641,38.29364],[141.52643,38.29366],[141.52643,38.29364],[141.52641,38.29364]]],[[[141.52631,38.29362],[141.52628,38.29398],[141.52642,38.29395],[141.52631,38.29362]]],[[[141.52669,38.29411],[141.52653,38.29399],[141.52661,38.29417],[141.52669,38.29411]]],[[[141.52635,38.29429],[141.5265,38.29403],[141.52629,38.2941],[141.52635,38.29429]]],[[[141.52673,38.29441],[141.52681,38.29436],[141.52673,38.29438],[141.52673,38.29441]]],[[[141.52674,38.29454],[141.52651,38.29448],[141.52669,38.2946],[141.52674,38.29454]]],[[[141.52645,38.29473],[141.52637,38.29486],[141.52645,38.29486],[141.52645,38.29473]]],[[[141.52632,38.29497],[141.52645,38.29508],[141.52644,38.29492],[141.52632,38.29497]]],[[[141.5267,38.29579],[141.52683,38.29577],[141.52671,38.2957],[141.5267,38.29579]]],[[[141.52709,38.29599],[141.52709,38.29584],[141.52699,38.29595],[141.52709,38.29599]]],[[[141.52697,38.32436],[141.52692,38.32435],[141.52694,38.32437],[141.52697,38.32436]]],[[[141.52669,38.3244],[141.52666,38.32436],[141.52664,38.32438],[141.52669,38.3244]]],[[[141.52504,38.32634],[141.52505,38.32627],[141.525,38.32628],[141.52504,38.32634]]],[[[141.52529,38.3265],[141.52528,38.32645],[141.52526,38.32651],[141.52529,38.3265]]],[[[141.52526,38.32687],[141.52523,38.32687],[141.52525,38.32691],[141.52526,38.32687]]],[[[141.52533,38.32706],[141.52532,38.32708],[141.52534,38.32706],[141.52533,38.32706]]],[[[141.52528,38.3271],[141.52527,38.32707],[141.52523,38.32711],[141.52528,38.3271]]],[[[141.52536,38.32713],[141.52531,38.32711],[141.52531,38.32712],[141.52536,38.32713]]],[[[141.5254,38.34691],[141.52544,38.34685],[141.52539,38.34688],[141.5254,38.34691]]],[[[141.52549,38.34711],[141.52556,38.34714],[141.52553,38.34708],[141.52549,38.34711]]],[[[141.52572,38.34732],[141.52587,38.347],[141.52562,38.34715],[141.52572,38.34732]]],[[[141.52552,38.34732],[141.52553,38.34736],[141.52552,38.34731],[141.52552,38.34732]]],[[[141.52554,38.34736],[141.52556,38.34734],[141.52554,38.34733],[141.52554,38.34736]]],[[[141.52582,38.34735],[141.52583,38.34739],[141.52585,38.34737],[141.52582,38.34735]]],[[[141.52548,38.34751],[141.52555,38.34742],[141.52551,38.34737],[141.52548,38.34751]]],[[[141.52605,38.34741],[141.52606,38.34748],[141.5261,38.34746],[141.52605,38.34741]]],[[[141.52563,38.34748],[141.52563,38.34742],[141.52561,38.34748],[141.52563,38.34748]]],[[[141.5259,38.3476],[141.52591,38.34749],[141.52586,38.34747],[141.5259,38.3476]]],[[[141.52561,38.34763],[141.5256,38.34756],[141.52556,38.34758],[141.52561,38.34763]]],[[[141.52513,38.34857],[141.5251,38.3485],[141.52513,38.3486],[141.52513,38.34857]]],[[[141.52485,38.35007],[141.525,38.34992],[141.525,38.34989],[141.52485,38.35007]]],[[[141.52513,38.35265],[141.52506,38.35272],[141.52514,38.35269],[141.52513,38.35265]]],[[[141.52496,38.35276],[141.52501,38.35271],[141.52495,38.35272],[141.52496,38.35276]]],[[[141.52532,38.35295],[141.52535,38.35292],[141.52534,38.35291],[141.52532,38.35295]]],[[[141.52526,38.35301],[141.52529,38.35301],[141.52529,38.35299],[141.52526,38.35301]]],[[[141.52521,38.35307],[141.52516,38.35311],[141.52524,38.35308],[141.52521,38.35307]]],[[[141.52567,38.35314],[141.52572,38.35319],[141.52574,38.35312],[141.52567,38.35314]]],[[[141.52549,38.35318],[141.52549,38.35315],[141.52546,38.35316],[141.52549,38.35318]]],[[[141.52509,38.35323],[141.52503,38.35311],[141.52468,38.35315],[141.52483,38.35326],[141.52509,38.35323]]],[[[141.52601,38.35333],[141.52607,38.35329],[141.52605,38.35326],[141.52601,38.35333]]],[[[141.52542,38.35322],[141.52538,38.35339],[141.52548,38.35326],[141.52542,38.35322]]],[[[141.52518,38.35333],[141.52522,38.35337],[141.52524,38.35337],[141.52518,38.35333]]],[[[141.52497,38.35332],[141.52513,38.35341],[141.5252,38.3534],[141.52497,38.35332]]],[[[141.5255,38.35346],[141.52547,38.35343],[141.52543,38.35344],[141.5255,38.35346]]],[[[141.52568,38.35349],[141.52576,38.35348],[141.52578,38.35342],[141.52568,38.35349]]],[[[141.52487,38.35384],[141.52497,38.35392],[141.52501,38.35388],[141.52487,38.35384]]],[[[141.5266,38.35567],[141.5267,38.35566],[141.5267,38.35562],[141.5266,38.35567]]],[[[141.52636,38.35628],[141.52627,38.35631],[141.52637,38.35631],[141.52636,38.35628]]],[[[141.52563,38.35639],[141.5256,38.35631],[141.52558,38.35637],[141.52563,38.35639]]],[[[141.52631,38.35635],[141.52636,38.3564],[141.52642,38.35638],[141.52631,38.35635]]],[[[141.52717,38.35641],[141.52733,38.35638],[141.52723,38.35629],[141.52717,38.35641]]],[[[141.52597,38.35635],[141.52602,38.35646],[141.52608,38.35645],[141.52597,38.35635]]],[[[141.5255,38.35642],[141.52561,38.35641],[141.52561,38.35641],[141.5255,38.35642]]],[[[141.52554,38.35651],[141.52557,38.35648],[141.5255,38.35648],[141.52554,38.35651]]],[[[141.52594,38.3565],[141.5259,38.35652],[141.52585,38.35651],[141.52591,38.35653],[141.52594,38.3565]]],[[[141.52584,38.35655],[141.52577,38.35653],[141.52574,38.35654],[141.52584,38.35655]]],[[[141.5249,38.35737],[141.52511,38.35693],[141.52493,38.35704],[141.5249,38.35737]]],[[[141.52545,38.35724],[141.52549,38.35723],[141.52546,38.35721],[141.52545,38.35724]]],[[[141.52554,38.35736],[141.5256,38.35734],[141.52553,38.35735],[141.52554,38.35736]]],[[[141.52723,38.35751],[141.52717,38.35742],[141.52714,38.35742],[141.52723,38.35751]]],[[[141.52542,38.35656],[141.52657,38.35689],[141.52709,38.35652],[141.52542,38.35656]]],[[[141.52559,38.35749],[141.5255,38.35753],[141.52561,38.3575],[141.52559,38.35749]]],[[[141.5257,38.35753],[141.52567,38.3575],[141.52566,38.35752],[141.5257,38.35753]]],[[[141.52538,38.35757],[141.52538,38.35754],[141.52537,38.35757],[141.52538,38.35757]]],[[[141.52546,38.35771],[141.52533,38.35768],[141.52543,38.35778],[141.52546,38.35771]]],[[[141.52571,38.35801],[141.52577,38.35796],[141.52574,38.35793],[141.52571,38.35801]]],[[[141.52646,38.35822],[141.52653,38.35814],[141.52642,38.35811],[141.52646,38.35822]]],[[[141.52631,38.35832],[141.5262,38.35803],[141.52606,38.35824],[141.52631,38.35832]]],[[[141.52603,38.35829],[141.52598,38.35834],[141.52606,38.35834],[141.52603,38.35829]]],[[[141.52662,38.35831],[141.5266,38.35836],[141.52663,38.35836],[141.52662,38.35831]]],[[[141.52653,38.35846],[141.5266,38.35842],[141.52653,38.35841],[141.52653,38.35846]]],[[[141.52681,38.35837],[141.5269,38.35851],[141.52688,38.35839],[141.52681,38.35837]]],[[[141.5272,38.38376],[141.52715,38.38368],[141.52711,38.38368],[141.5272,38.38376]]],[[[141.5269,38.38376],[141.52684,38.38375],[141.52689,38.38378],[141.5269,38.38376]]],[[[141.52682,38.38391],[141.5269,38.38397],[141.52671,38.3838],[141.52682,38.38391]]],[[[141.52646,38.38387],[141.5267,38.38403],[141.52645,38.38385],[141.52646,38.38387]]],[[[141.52648,38.38404],[141.52656,38.38412],[141.5266,38.38411],[141.52648,38.38404]]],[[[141.52676,38.38416],[141.52671,38.38418],[141.52676,38.3842],[141.52676,38.38416]]],[[[141.52638,38.38429],[141.52635,38.38423],[141.52632,38.38424],[141.52638,38.38429]]],[[[141.52688,38.38479],[141.52674,38.38474],[141.52674,38.38475],[141.52688,38.38479]]],[[[141.52686,38.38559],[141.52686,38.38565],[141.52694,38.38564],[141.52686,38.38559]]],[[[141.52635,38.38622],[141.52631,38.38625],[141.52645,38.38631],[141.52635,38.38622]]],[[[141.52675,38.43683],[141.52679,38.43687],[141.52679,38.43683],[141.52675,38.43683]]],[[[141.52654,38.43691],[141.52652,38.43689],[141.52652,38.4369],[141.52654,38.43691]]],[[[141.52662,38.43692],[141.52666,38.43693],[141.52664,38.43691],[141.52662,38.43692]]],[[[141.51523,38.46238],[141.5179,38.46527],[141.51844,38.46522],[141.51906,38.46545],[141.51916,38.46463],[141.52053,38.46471],[141.52079,38.46394],[141.5229,38.4635],[141.52336,38.46074],[141.52434,38.46101],[141.52416,38.46051],[141.52436,38.45996],[141.5262,38.45955],[141.5252,38.45929],[141.5268,38.45584],[141.52519,38.45565],[141.52545,38.45484],[141.52454,38.45473],[141.52444,38.45409],[141.52463,38.45369],[141.52705,38.45249],[141.52831,38.45468],[141.53098,38.45366],[141.53145,38.45371],[141.53194,38.45429],[141.53142,38.45313],[141.53036,38.45296],[141.53028,38.45241],[141.53055,38.45227],[141.52996,38.45236],[141.5294,38.45019],[141.53008,38.44833],[141.53094,38.44786],[141.53231,38.44829],[141.53258,38.44764],[141.53307,38.44788],[141.5323,38.44726],[141.53205,38.44637],[141.53388,38.44578],[141.53461,38.44604],[141.5343,38.44575],[141.53435,38.44482],[141.53447,38.44463],[141.53467,38.44461],[141.53421,38.44408],[141.53495,38.44379],[141.53285,38.44331],[141.53058,38.44087],[141.52963,38.43922],[141.53045,38.43872],[141.53107,38.43916],[141.53114,38.43912],[141.53022,38.43769],[141.5296,38.4383],[141.5291,38.43754],[141.52847,38.43807],[141.52642,38.43697],[141.52729,38.4404],[141.52533,38.44151],[141.52266,38.43928],[141.52137,38.44216],[141.52027,38.44153],[141.52032,38.44223],[141.51998,38.44275],[141.51947,38.44295],[141.51905,38.4425],[141.51859,38.44288],[141.519,38.44456],[141.51778,38.44574],[141.51877,38.44625],[141.5186,38.44881],[141.51585,38.45068],[141.51778,38.45085],[141.51935,38.45659],[141.51523,38.46238]]],[[[141.52639,38.4531],[141.52649,38.45335],[141.52641,38.45307],[141.52639,38.4531]]],[[[141.5255,38.45349],[141.52555,38.4535],[141.52556,38.45349],[141.5255,38.45349]]],[[[141.52619,38.45348],[141.52617,38.45357],[141.52624,38.45353],[141.52619,38.45348]]],[[[141.525,38.45445],[141.525,38.45443],[141.52497,38.45443],[141.525,38.45445]]],[[[141.52538,38.45462],[141.52531,38.45468],[141.52536,38.45471],[141.52538,38.45462]]],[[[141.52659,38.4555],[141.52654,38.45562],[141.52663,38.45554],[141.52659,38.4555]]],[[[141.52602,38.45886],[141.52612,38.45897],[141.52603,38.45882],[141.52602,38.45886]]],[[[141.52562,38.45992],[141.5254,38.46009],[141.52564,38.46022],[141.52562,38.45992]]],[[[141.52511,38.46009],[141.52518,38.46006],[141.52512,38.46002],[141.52511,38.46009]]],[[[141.5258,38.4602],[141.52588,38.46032],[141.52586,38.46019],[141.5258,38.4602]]],[[[141.52598,38.46041],[141.52612,38.46043],[141.526,38.46035],[141.52598,38.46041]]],[[[141.52505,38.46041],[141.52491,38.46056],[141.52505,38.4605],[141.52505,38.46041]]],[[[141.5255,38.46331],[141.52624,38.46257],[141.52566,38.46247],[141.5255,38.46331]]],[[[141.52492,38.46311],[141.52486,38.46298],[141.52485,38.46311],[141.52492,38.46311]]],[[[141.5252,38.46303],[141.52519,38.46323],[141.52524,38.46324],[141.5252,38.46303]]],[[[141.52559,38.46348],[141.52562,38.46344],[141.52558,38.46344],[141.52559,38.46348]]],[[[141.52524,38.46381],[141.52502,38.46388],[141.52507,38.46392],[141.52524,38.46381]]],[[[141.52581,38.46376],[141.52577,38.4638],[141.52582,38.46377],[141.52581,38.46376]]],[[[141.526,38.46422],[141.526,38.46409],[141.52592,38.4642],[141.526,38.46422]]],[[[141.52566,38.46451],[141.52557,38.46444],[141.52555,38.46462],[141.52566,38.46451]]],[[[141.52595,38.46521],[141.52676,38.46438],[141.52582,38.46426],[141.52595,38.46521]]],[[[141.5256,38.46476],[141.52545,38.46488],[141.52562,38.46496],[141.5256,38.46476]]],[[[141.52606,38.46532],[141.52598,38.46526],[141.52597,38.46532],[141.52606,38.46532]]],[[[141.52536,38.48989],[141.52524,38.48972],[141.52522,38.48973],[141.52536,38.48989]]],[[[141.52547,38.48999],[141.52546,38.49007],[141.5255,38.4901],[141.52547,38.48999]]],[[[141.52716,38.49007],[141.52709,38.49013],[141.52711,38.49013],[141.52716,38.49007]]],[[[141.52646,38.54629],[141.52647,38.54634],[141.52647,38.54629],[141.52646,38.54629]]],[[[141.52495,38.54661],[141.52506,38.54635],[141.52488,38.54631],[141.52495,38.54661]]],[[[141.5263,38.54687],[141.52623,38.54687],[141.52626,38.5469],[141.5263,38.54687]]],[[[141.52582,38.60981],[141.52583,38.60979],[141.52581,38.6098],[141.52582,38.60981]]],[[[141.52596,38.60981],[141.52599,38.60983],[141.52598,38.6098],[141.52596,38.60981]]],[[[141.52569,38.61001],[141.52575,38.60998],[141.5257,38.6099],[141.52569,38.61001]]],[[[141.52582,38.60992],[141.52628,38.61012],[141.52645,38.60999],[141.52582,38.60992]]],[[[141.5262,38.61017],[141.52616,38.61021],[141.52621,38.61019],[141.5262,38.61017]]],[[[141.52603,38.61026],[141.52606,38.61023],[141.52597,38.61024],[141.52603,38.61026]]],[[[141.52505,38.61032],[141.52501,38.61033],[141.52505,38.61034],[141.52505,38.61032]]],[[[141.52492,38.6105],[141.52502,38.61045],[141.5249,38.61036],[141.52492,38.6105]]],[[[141.52515,38.6105],[141.52526,38.61046],[141.52513,38.61046],[141.52515,38.6105]]],[[[141.52534,38.61102],[141.52527,38.61109],[141.52536,38.61107],[141.52534,38.61102]]],[[[141.52538,38.61111],[141.52533,38.61112],[141.52539,38.61113],[141.52538,38.61111]]],[[[141.52533,38.61114],[141.52535,38.61115],[141.52536,38.61115],[141.52533,38.61114]]],[[[141.52524,38.61124],[141.52526,38.61119],[141.52522,38.6112],[141.52524,38.61124]]],[[[141.52538,38.61125],[141.52538,38.61121],[141.52534,38.61122],[141.52538,38.61125]]],[[[141.52529,38.61126],[141.52529,38.61127],[141.5253,38.61126],[141.52529,38.61126]]],[[[141.52518,38.61128],[141.5252,38.61129],[141.52518,38.61126],[141.52518,38.61128]]],[[[141.52526,38.61136],[141.52528,38.61136],[141.52526,38.61135],[141.52526,38.61136]]],[[[141.52499,38.61169],[141.52494,38.61163],[141.52491,38.61164],[141.52499,38.61169]]],[[[141.52532,38.6124],[141.52538,38.61245],[141.52534,38.61238],[141.52532,38.6124]]],[[[141.52614,38.61245],[141.52611,38.61245],[141.52612,38.61248],[141.52614,38.61245]]],[[[141.52529,38.61248],[141.52526,38.61244],[141.52526,38.6125],[141.52529,38.61248]]],[[[141.52625,38.61224],[141.52636,38.61269],[141.52649,38.6127],[141.52625,38.61224]]],[[[141.52626,38.61261],[141.52614,38.61248],[141.52622,38.61269],[141.52626,38.61261]]],[[[141.526,38.61257],[141.52612,38.61265],[141.52607,38.61252],[141.526,38.61257]]],[[[141.52726,38.61298],[141.52724,38.61293],[141.52722,38.61293],[141.52726,38.61298]]],[[[141.52539,38.61304],[141.5254,38.613],[141.52535,38.61299],[141.52539,38.61304]]],[[[141.52551,38.61356],[141.52546,38.61357],[141.52551,38.61357],[141.52551,38.61356]]],[[[141.52725,38.61435],[141.52721,38.61435],[141.52723,38.61437],[141.52725,38.61435]]],[[[141.52594,38.6144],[141.52587,38.61438],[141.52588,38.61441],[141.52594,38.6144]]],[[[141.52618,38.61446],[141.52609,38.61444],[141.5261,38.61449],[141.52618,38.61446]]],[[[141.52605,38.61451],[141.52606,38.61443],[141.526,38.61445],[141.52605,38.61451]]],[[[141.52588,38.61444],[141.52593,38.61454],[141.52595,38.61454],[141.52588,38.61444]]],[[[141.52616,38.61456],[141.52603,38.61467],[141.52624,38.61465],[141.52616,38.61456]]],[[[141.52614,38.61477],[141.52612,38.6148],[141.52613,38.61481],[141.52614,38.61477]]],[[[141.52622,38.61483],[141.52627,38.61479],[141.52621,38.6148],[141.52622,38.61483]]],[[[141.5262,38.61486],[141.52615,38.61483],[141.52619,38.6149],[141.5262,38.61486]]],[[[141.52623,38.61496],[141.52625,38.61488],[141.52623,38.61487],[141.52623,38.61496]]],[[[141.52645,38.61502],[141.5264,38.61497],[141.52639,38.61499],[141.52645,38.61502]]],[[[141.52608,38.61566],[141.526,38.61575],[141.52611,38.61574],[141.52608,38.61566]]],[[[141.52625,38.61599],[141.52606,38.616],[141.52622,38.61616],[141.52625,38.61599]]],[[[141.52634,38.61621],[141.52633,38.6162],[141.52632,38.61621],[141.52634,38.61621]]],[[[141.52639,38.61621],[141.52643,38.61624],[141.52643,38.61619],[141.52639,38.61621]]],[[[141.52635,38.61629],[141.52636,38.61624],[141.52636,38.61624],[141.52632,38.61625],[141.52635,38.61629]]],[[[141.5259,38.61627],[141.52592,38.61627],[141.5259,38.61627],[141.5259,38.61627]]],[[[141.52597,38.6163],[141.52595,38.61627],[141.52596,38.61631],[141.52597,38.6163]]],[[[141.52598,38.61645],[141.52597,38.61639],[141.52595,38.61644],[141.52598,38.61645]]],[[[141.52616,38.61684],[141.52615,38.6168],[141.52615,38.61684],[141.52616,38.61684]]],[[[141.52692,38.61692],[141.52689,38.61696],[141.52694,38.61695],[141.52692,38.61692]]],[[[141.52708,38.61702],[141.527,38.61693],[141.52702,38.61703],[141.52708,38.61702]]],[[[141.52701,38.61945],[141.52701,38.61947],[141.52703,38.61946],[141.52701,38.61945]]],[[[141.52688,38.61953],[141.52686,38.61949],[141.52683,38.61952],[141.52688,38.61953]]],[[[141.52689,38.61956],[141.52687,38.61958],[141.52689,38.61959],[141.52689,38.61956]]],[[[141.52745,38.29603],[141.52755,38.29622],[141.52764,38.29615],[141.52745,38.29603]]],[[[141.52817,38.29723],[141.52825,38.29738],[141.52827,38.29745],[141.52833,38.29729],[141.52817,38.29723]]],[[[141.5284,38.29792],[141.5284,38.29798],[141.52844,38.29794],[141.5284,38.29792]]],[[[141.5286,38.29861],[141.52846,38.29852],[141.52844,38.29862],[141.5286,38.29861]]],[[[141.5285,38.29886],[141.52841,38.29891],[141.52853,38.29888],[141.5285,38.29886]]],[[[141.52854,38.29889],[141.52857,38.29892],[141.5286,38.29889],[141.52854,38.29889]]],[[[141.52952,38.29951],[141.52961,38.29954],[141.52961,38.29949],[141.52952,38.29951]]],[[[141.53029,38.30029],[141.53022,38.30028],[141.53011,38.30032],[141.53029,38.30029]]],[[[141.52988,38.30051],[141.52992,38.30047],[141.52987,38.30047],[141.52988,38.30051]]],[[[141.52999,38.30051],[141.53002,38.30047],[141.52996,38.30051],[141.52999,38.30051]]],[[[141.53031,38.30062],[141.53035,38.30067],[141.53044,38.30062],[141.53031,38.30062]]],[[[141.53054,38.30082],[141.53048,38.3009],[141.53058,38.30084],[141.53054,38.30082]]],[[[141.52847,38.32318],[141.52838,38.32331],[141.52852,38.32321],[141.52847,38.32318]]],[[[141.52836,38.32358],[141.52832,38.32362],[141.52838,38.32361],[141.52836,38.32358]]],[[[141.52819,38.32373],[141.52829,38.32369],[141.52818,38.32372],[141.52819,38.32373]]],[[[141.52828,38.32375],[141.52825,38.32373],[141.52822,38.32375],[141.52828,38.32375]]],[[[141.52817,38.32379],[141.52818,38.32376],[141.52815,38.32378],[141.52817,38.32379]]],[[[141.52823,38.3238],[141.52813,38.32389],[141.52818,38.32392],[141.52823,38.3238]]],[[[141.52732,38.32388],[141.52727,38.32399],[141.52737,38.3239],[141.52732,38.32388]]],[[[141.52923,38.32897],[141.5292,38.32902],[141.52924,38.32898],[141.52923,38.32897]]],[[[141.53033,38.3328],[141.53023,38.33301],[141.53049,38.33298],[141.53033,38.3328]]],[[[141.5303,38.34304],[141.53025,38.34295],[141.53021,38.34297],[141.5303,38.34304]]],[[[141.52971,38.34358],[141.52965,38.3437],[141.52975,38.3436],[141.52971,38.34358]]],[[[141.52915,38.34383],[141.52915,38.34393],[141.52935,38.34398],[141.52934,38.34392],[141.52915,38.34383]]],[[[141.52889,38.34421],[141.52884,38.34415],[141.52881,38.34416],[141.52889,38.34421]]],[[[141.52932,38.34418],[141.52929,38.3442],[141.52935,38.34419],[141.52932,38.34418]]],[[[141.52891,38.34432],[141.52889,38.34429],[141.52886,38.34429],[141.52891,38.34432]]],[[[141.52948,38.3443],[141.52952,38.34432],[141.52953,38.34431],[141.52948,38.3443]]],[[[141.52882,38.34453],[141.52878,38.34448],[141.52879,38.34453],[141.52882,38.34453]]],[[[141.529,38.34455],[141.52903,38.34456],[141.52904,38.34455],[141.529,38.34455]]],[[[141.5285,38.34514],[141.52848,38.34508],[141.52848,38.34516],[141.5285,38.34514]]],[[[141.52874,38.34511],[141.52859,38.34496],[141.52848,38.3453],[141.52874,38.34511]]],[[[141.52772,38.346],[141.52775,38.34601],[141.52776,38.346],[141.52772,38.346]]],[[[141.52755,38.34597],[141.52765,38.34601],[141.5276,38.34594],[141.52755,38.34597]]],[[[141.52772,38.34613],[141.52768,38.34604],[141.52766,38.34615],[141.52772,38.34613]]],[[[141.52778,38.34608],[141.52776,38.34612],[141.52779,38.3461],[141.52778,38.34608]]],[[[141.52803,38.34615],[141.52806,38.34618],[141.52808,38.34616],[141.52803,38.34615]]],[[[141.52761,38.34624],[141.52768,38.34618],[141.52767,38.34616],[141.52761,38.34624]]],[[[141.52788,38.34629],[141.5279,38.34623],[141.52788,38.34624],[141.52788,38.34629]]],[[[141.52771,38.34639],[141.52785,38.34628],[141.52777,38.34615],[141.52771,38.34639]]],[[[141.52764,38.34631],[141.52767,38.34631],[141.52764,38.3463],[141.52764,38.34631]]],[[[141.52783,38.3464],[141.52785,38.34631],[141.52783,38.34631],[141.52783,38.3464]]],[[[141.52775,38.34641],[141.52779,38.34642],[141.52778,38.34641],[141.52775,38.34641]]],[[[141.52762,38.35715],[141.52767,38.35712],[141.52763,38.35711],[141.52762,38.35715]]],[[[141.53013,38.35726],[141.5303,38.35721],[141.53023,38.35711],[141.53013,38.35726]]],[[[141.52984,38.35727],[141.52999,38.35713],[141.52984,38.35718],[141.52984,38.35727]]],[[[141.52979,38.35725],[141.52956,38.35716],[141.52955,38.3572],[141.52979,38.35725]]],[[[141.52772,38.35726],[141.52773,38.3572],[141.5277,38.35719],[141.52772,38.35726]]],[[[141.52764,38.35728],[141.52762,38.35727],[141.52763,38.35729],[141.52764,38.35728]]],[[[141.52745,38.35739],[141.52743,38.35731],[141.52742,38.35739],[141.52745,38.35739]]],[[[141.52941,38.35741],[141.52933,38.35735],[141.52928,38.35746],[141.52941,38.35741]]],[[[141.52968,38.35739],[141.52949,38.35732],[141.52937,38.35755],[141.52968,38.35739]]],[[[141.52785,38.35747],[141.52775,38.35744],[141.52782,38.35759],[141.52779,38.35748],[141.52785,38.35747]]],[[[141.52758,38.35753],[141.52756,38.35754],[141.52761,38.35756],[141.52758,38.35753]]],[[[141.52786,38.35745],[141.52801,38.35765],[141.52786,38.35743],[141.52786,38.35745]]],[[[141.52785,38.35758],[141.52784,38.35752],[141.52783,38.35751],[141.52785,38.35758]]],[[[141.52733,38.35758],[141.52734,38.35754],[141.52731,38.35757],[141.52733,38.35758]]],[[[141.52752,38.35763],[141.52751,38.35756],[141.52749,38.35755],[141.52752,38.35763]]],[[[141.52782,38.35764],[141.52779,38.35764],[141.52785,38.35769],[141.52782,38.35764]]],[[[141.5275,38.35773],[141.52742,38.35772],[141.52751,38.35776],[141.5275,38.35773]]],[[[141.52797,38.35775],[141.52806,38.35776],[141.52801,38.35773],[141.52797,38.35775]]],[[[141.52812,38.35798],[141.5281,38.35802],[141.52811,38.35801],[141.52812,38.35798]]],[[[141.52823,38.35843],[141.52808,38.35808],[141.52806,38.35808],[141.52823,38.35843]]],[[[141.5275,38.35823],[141.52749,38.3583],[141.52753,38.35831],[141.5275,38.35823]]],[[[141.52864,38.35853],[141.52863,38.35844],[141.52861,38.3585],[141.52864,38.35853]]],[[[141.52892,38.35866],[141.53082,38.35823],[141.52995,38.35734],[141.52892,38.35866]]],[[[141.52853,38.35864],[141.52854,38.3586],[141.52851,38.35861],[141.52853,38.35864]]],[[[141.52854,38.35872],[141.52853,38.35867],[141.52851,38.35872],[141.52854,38.35872]]],[[[141.52901,38.35924],[141.52915,38.35918],[141.52913,38.35913],[141.52901,38.35924]]],[[[141.52919,38.35942],[141.52919,38.35937],[141.52919,38.35937],[141.52919,38.35942]]],[[[141.52922,38.3595],[141.52926,38.35943],[141.52922,38.35942],[141.52922,38.3595]]],[[[141.52922,38.35953],[141.52924,38.35953],[141.52924,38.35951],[141.52922,38.35953]]],[[[141.53028,38.3598],[141.53034,38.35964],[141.5303,38.35963],[141.53028,38.3598]]],[[[141.52977,38.35974],[141.52975,38.3597],[141.52973,38.35976],[141.52977,38.35974]]],[[[141.52964,38.35982],[141.52971,38.35977],[141.52966,38.35975],[141.52964,38.35982]]],[[[141.52988,38.35984],[141.52994,38.3598],[141.52994,38.35976],[141.52988,38.35984]]],[[[141.52987,38.38084],[141.52983,38.38086],[141.52986,38.38087],[141.52987,38.38084]]],[[[141.5303,38.38098],[141.53027,38.38097],[141.53027,38.38097],[141.5303,38.38098]]],[[[141.53028,38.38111],[141.53032,38.38107],[141.53029,38.38105],[141.53028,38.38111]]],[[[141.52991,38.38115],[141.52996,38.38105],[141.5299,38.38102],[141.52991,38.38115]]],[[[141.53025,38.38131],[141.53022,38.38119],[141.53021,38.38133],[141.53025,38.38131]]],[[[141.52893,38.38172],[141.52894,38.38164],[141.52883,38.38171],[141.52893,38.38172]]],[[[141.52888,38.38175],[141.52881,38.38182],[141.52884,38.38183],[141.52888,38.38175]]],[[[141.52879,38.38181],[141.52881,38.38176],[141.52879,38.38175],[141.52879,38.38181]]],[[[141.52843,38.38183],[141.52839,38.38181],[141.52839,38.38183],[141.52843,38.38183]]],[[[141.52863,38.38185],[141.52859,38.38181],[141.52861,38.38187],[141.52863,38.38185]]],[[[141.52867,38.3819],[141.52869,38.38186],[141.52867,38.38186],[141.52867,38.3819]]],[[[141.52847,38.38197],[141.52844,38.38196],[141.52844,38.38196],[141.52847,38.38197]]],[[[141.52799,38.38201],[141.52802,38.38196],[141.52799,38.38196],[141.52799,38.38201]]],[[[141.52869,38.38208],[141.52864,38.38198],[141.52867,38.38213],[141.52869,38.38208]]],[[[141.5282,38.38224],[141.5282,38.38208],[141.52817,38.38207],[141.5282,38.38224]]],[[[141.52831,38.38229],[141.52839,38.38227],[141.5283,38.38227],[141.52831,38.38229]]],[[[141.52849,38.3822],[141.52863,38.38245],[141.52855,38.38218],[141.52849,38.3822]]],[[[141.52809,38.38236],[141.52814,38.38234],[141.52809,38.38234],[141.52809,38.38236]]],[[[141.52818,38.38245],[141.52823,38.38238],[141.52821,38.38238],[141.52818,38.38245]]],[[[141.52831,38.38242],[141.52838,38.38245],[141.52835,38.38242],[141.52831,38.38242]]],[[[141.52848,38.38251],[141.52846,38.38253],[141.52848,38.38253],[141.52848,38.38251]]],[[[141.52866,38.3826],[141.52865,38.38252],[141.52862,38.3825],[141.52866,38.3826]]],[[[141.5287,38.3832],[141.52857,38.38308],[141.52854,38.3831],[141.5287,38.3832]]],[[[141.52857,38.38335],[141.52866,38.38349],[141.52862,38.38331],[141.52857,38.38335]]],[[[141.52821,38.38356],[141.52826,38.38362],[141.52822,38.38355],[141.52821,38.38356]]],[[[141.52839,38.38366],[141.52836,38.38359],[141.52836,38.38367],[141.52839,38.38366]]],[[[141.5274,38.38364],[141.52741,38.38362],[141.52738,38.38362],[141.5274,38.38364]]],[[[141.5276,38.38371],[141.52763,38.38379],[141.52764,38.38373],[141.5276,38.38371]]],[[[141.52743,38.38397],[141.52729,38.38378],[141.52725,38.3838],[141.52743,38.38397]]],[[[141.52822,38.39837],[141.52841,38.39847],[141.52847,38.39845],[141.52822,38.39837]]],[[[141.52852,38.39851],[141.52852,38.39846],[141.52848,38.39849],[141.52852,38.39851]]],[[[141.52867,38.39858],[141.52867,38.39856],[141.52865,38.39857],[141.52867,38.39858]]],[[[141.52971,38.41367],[141.52974,38.41363],[141.52974,38.41362],[141.52971,38.41367]]],[[[141.5296,38.41377],[141.52959,38.41368],[141.52962,38.4139],[141.5296,38.41377]]],[[[141.52742,38.43686],[141.52749,38.43682],[141.52736,38.43682],[141.52742,38.43686]]],[[[141.5277,38.43701],[141.52776,38.43701],[141.5277,38.43699],[141.5277,38.43701]]],[[[141.52776,38.43712],[141.52739,38.43693],[141.52782,38.43735],[141.52776,38.43712]]],[[[141.5286,38.4372],[141.52858,38.43724],[141.52863,38.43723],[141.5286,38.4372]]],[[[141.52787,38.43739],[141.52795,38.43737],[141.52787,38.4373],[141.52787,38.43739]]],[[[141.52813,38.43758],[141.52808,38.43756],[141.52807,38.43758],[141.52813,38.43758]]],[[[141.53007,38.43765],[141.52979,38.43751],[141.52972,38.43755],[141.53007,38.43765]]],[[[141.52788,38.43766],[141.52784,38.43769],[141.52789,38.43771],[141.52788,38.43766]]],[[[141.52841,38.43775],[141.52847,38.43774],[141.5284,38.43773],[141.52841,38.43775]]],[[[141.52971,38.4378],[141.52974,38.43776],[141.52969,38.43778],[141.52971,38.4378]]],[[[141.5303,38.43892],[141.53034,38.4389],[141.53029,38.43889],[141.5303,38.43892]]],[[[141.53027,38.43921],[141.53028,38.43923],[141.53028,38.43922],[141.53027,38.43921]]],[[[141.53027,38.43927],[141.5303,38.43928],[141.53028,38.43927],[141.53027,38.43927]]],[[[141.53039,38.43923],[141.53053,38.43937],[141.53055,38.43937],[141.53039,38.43923]]],[[[141.5303,38.43929],[141.53031,38.43932],[141.53032,38.43932],[141.5303,38.43929]]],[[[141.5302,38.43959],[141.53009,38.43949],[141.53012,38.43954],[141.5302,38.43959]]],[[[141.5303,38.43967],[141.53037,38.43965],[141.53026,38.43962],[141.5303,38.43967]]],[[[141.53041,38.43968],[141.53043,38.43971],[141.53043,38.4397],[141.53041,38.43968]]],[[[141.52999,38.45017],[141.52995,38.45014],[141.52994,38.45016],[141.52999,38.45017]]],[[[141.52985,38.45062],[141.52991,38.45059],[141.52984,38.45058],[141.52985,38.45062]]],[[[141.53006,38.45068],[141.53004,38.45065],[141.53004,38.45068],[141.53006,38.45068]]],[[[141.52988,38.4507],[141.52985,38.45069],[141.52988,38.45071],[141.52988,38.4507]]],[[[141.52994,38.4507],[141.52993,38.45071],[141.52995,38.4507],[141.52994,38.4507]]],[[[141.53011,38.45092],[141.53009,38.45101],[141.53013,38.45093],[141.53011,38.45092]]],[[[141.53023,38.45111],[141.53022,38.45109],[141.5302,38.45111],[141.53023,38.45111]]],[[[141.53026,38.45178],[141.53025,38.45188],[141.53029,38.45188],[141.53026,38.45178]]],[[[141.53016,38.45186],[141.53021,38.45188],[141.5302,38.45183],[141.53016,38.45186]]],[[[141.53038,38.45224],[141.53036,38.45221],[141.53035,38.45223],[141.53038,38.45224]]],[[[141.53055,38.45245],[141.53053,38.45246],[141.53055,38.45246],[141.53055,38.45245]]],[[[141.53044,38.45253],[141.53048,38.45256],[141.53049,38.4525],[141.53044,38.45253]]],[[[141.53048,38.45259],[141.53046,38.45261],[141.53047,38.45262],[141.53048,38.45259]]],[[[141.5281,38.45454],[141.52809,38.45468],[141.52814,38.45469],[141.5281,38.45454]]],[[[141.52956,38.45468],[141.52957,38.45465],[141.52953,38.45465],[141.52956,38.45468]]],[[[141.52938,38.45472],[141.52936,38.45468],[141.52934,38.45468],[141.52938,38.45472]]],[[[141.52988,38.45502],[141.53,38.45491],[141.52972,38.45485],[141.52988,38.45502]]],[[[141.52855,38.46502],[141.52847,38.46493],[141.52846,38.46503],[141.52855,38.46502]]],[[[141.52725,38.49004],[141.52728,38.48999],[141.52724,38.48999],[141.52725,38.49004]]],[[[141.53042,38.533],[141.53038,38.53295],[141.53036,38.53296],[141.53042,38.533]]],[[[141.53047,38.53306],[141.53047,38.53301],[141.53045,38.53301],[141.53047,38.53306]]],[[[141.53045,38.53501],[141.5305,38.53502],[141.53049,38.535],[141.53045,38.53501]]],[[[141.5305,38.53518],[141.53056,38.53518],[141.5305,38.53514],[141.5305,38.53518]]],[[[141.52778,38.54674],[141.52779,38.54669],[141.52779,38.54668],[141.52778,38.54674]]],[[[141.52895,38.54695],[141.52901,38.54691],[141.52892,38.54692],[141.52895,38.54695]]],[[[141.52767,38.54697],[141.52776,38.54704],[141.52769,38.5469],[141.52767,38.54697]]],[[[141.5287,38.54697],[141.52863,38.54698],[141.52871,38.54699],[141.5287,38.54697]]],[[[141.52877,38.54709],[141.52882,38.54715],[141.5288,38.54711],[141.52877,38.54709]]],[[[141.52999,38.54764],[141.53013,38.54765],[141.52999,38.54761],[141.52999,38.54764]]],[[[141.52991,38.54765],[141.52996,38.54782],[141.52999,38.54781],[141.52991,38.54765]]],[[[141.52979,38.54774],[141.52985,38.54783],[141.52986,38.54782],[141.52979,38.54774]]],[[[141.53037,38.54782],[141.53039,38.54779],[141.53038,38.54779],[141.53037,38.54782]]],[[[141.52742,38.61278],[141.52733,38.61273],[141.52735,38.61278],[141.52742,38.61278]]],[[[141.52736,38.61285],[141.52745,38.61281],[141.5274,38.6128],[141.52736,38.61285]]],[[[141.52747,38.61296],[141.52744,38.61293],[141.52743,38.61294],[141.52747,38.61296]]],[[[141.52982,38.61296],[141.52976,38.61301],[141.52985,38.613],[141.52982,38.61296]]],[[[141.52978,38.61311],[141.52978,38.61303],[141.52975,38.61305],[141.52978,38.61311]]],[[[141.52981,38.61329],[141.52985,38.61319],[141.52984,38.61319],[141.52981,38.61329]]],[[[141.52968,38.61382],[141.52969,38.6137],[141.52963,38.61364],[141.52968,38.61382]]],[[[141.52962,38.61418],[141.52965,38.61399],[141.52961,38.614],[141.52962,38.61418]]],[[[141.52747,38.61428],[141.52718,38.61428],[141.52751,38.61436],[141.52747,38.61428]]],[[[141.52768,38.61437],[141.52752,38.61433],[141.52758,38.61439],[141.52768,38.61437]]],[[[141.52733,38.61437],[141.52729,38.61439],[141.52733,38.61438],[141.52733,38.61437]]],[[[141.52746,38.61447],[141.52747,38.61443],[141.52743,38.61444],[141.52746,38.61447]]],[[[141.52755,38.61448],[141.52759,38.61443],[141.52755,38.61446],[141.52755,38.61448]]],[[[141.52919,38.61451],[141.52919,38.61456],[141.52921,38.61454],[141.52919,38.61451]]],[[[141.52774,38.61456],[141.52763,38.61459],[141.52773,38.61467],[141.52774,38.61456]]],[[[141.52782,38.61467],[141.52787,38.61462],[141.5278,38.61453],[141.52782,38.61467]]],[[[141.52741,38.61704],[141.52751,38.61713],[141.52742,38.61697],[141.52741,38.61704]]],[[[141.52827,38.61841],[141.52831,38.61846],[141.52834,38.61844],[141.52827,38.61841]]],[[[141.52774,38.6186],[141.52767,38.61865],[141.52777,38.61862],[141.52774,38.6186]]],[[[141.52755,38.61878],[141.52753,38.61887],[141.52755,38.61886],[141.52755,38.61878]]],[[[141.5273,38.61882],[141.52744,38.61881],[141.5273,38.6188],[141.5273,38.61882]]],[[[141.52758,38.6189],[141.52757,38.61888],[141.52756,38.61888],[141.52758,38.6189]]],[[[141.52792,38.62032],[141.52795,38.62035],[141.52795,38.62031],[141.52792,38.62032]]],[[[141.52799,38.62046],[141.528,38.62044],[141.52798,38.62045],[141.52799,38.62046]]],[[[141.52797,38.62049],[141.52798,38.62046],[141.52796,38.62047],[141.52797,38.62049]]],[[[141.52809,38.62054],[141.52811,38.6205],[141.52807,38.62047],[141.52809,38.62054]]],[[[141.52755,38.6212],[141.52752,38.62135],[141.52769,38.62137],[141.52755,38.6212]]],[[[141.52753,38.62152],[141.5277,38.62145],[141.52745,38.62136],[141.52753,38.62152]]],[[[141.5276,38.62231],[141.52763,38.62234],[141.52763,38.62232],[141.5276,38.62231]]],[[[141.52763,38.62255],[141.52775,38.62243],[141.52764,38.62229],[141.52763,38.62255]]],[[[141.52894,38.62252],[141.52924,38.62256],[141.52916,38.62241],[141.52894,38.62252]]],[[[141.52769,38.62265],[141.52768,38.62267],[141.52772,38.62268],[141.52769,38.62265]]],[[[141.5283,38.62363],[141.52835,38.6237],[141.52835,38.6237],[141.5283,38.62363]]],[[[141.52836,38.62376],[141.52839,38.62376],[141.52837,38.62372],[141.52836,38.62376]]],[[[141.52791,38.62433],[141.52785,38.62435],[141.52791,38.62435],[141.52791,38.62433]]],[[[141.52847,38.62514],[141.52854,38.62511],[141.52849,38.62509],[141.52847,38.62514]]],[[[141.52855,38.62511],[141.52856,38.62514],[141.52859,38.62512],[141.52855,38.62511]]],[[[141.52842,38.62512],[141.52839,38.62517],[141.52843,38.62516],[141.52842,38.62512]]],[[[141.52845,38.62513],[141.52844,38.62515],[141.52846,38.62514],[141.52845,38.62513]]],[[[141.52868,38.62532],[141.52861,38.62529],[141.52857,38.62532],[141.52868,38.62532]]],[[[141.52856,38.62546],[141.52857,38.62537],[141.52846,38.62547],[141.52856,38.62546]]],[[[141.52846,38.62553],[141.52844,38.6255],[141.52842,38.62551],[141.52846,38.62553]]],[[[141.52841,38.62559],[141.52831,38.62562],[141.52842,38.62567],[141.52841,38.62559]]],[[[141.52901,38.62595],[141.52905,38.6259],[141.52901,38.62588],[141.52901,38.62595]]],[[[141.52866,38.62592],[141.52874,38.62596],[141.52871,38.6259],[141.52866,38.62592]]],[[[141.52777,38.62879],[141.52808,38.62856],[141.52772,38.62875],[141.52777,38.62879]]],[[[141.5278,38.62895],[141.52778,38.62893],[141.52776,38.62896],[141.5278,38.62895]]],[[[141.52782,38.62881],[141.52818,38.62906],[141.52828,38.6288],[141.52782,38.62881]]],[[[141.5287,38.62915],[141.52874,38.62918],[141.5288,38.62913],[141.5287,38.62915]]],[[[141.52844,38.62979],[141.52837,38.6298],[141.52851,38.62985],[141.52844,38.62979]]],[[[141.52788,38.62981],[141.52824,38.62992],[141.52854,38.62992],[141.52788,38.62981]]],[[[141.53307,38.30042],[141.53297,38.30051],[141.53308,38.30048],[141.53307,38.30042]]],[[[141.53293,38.31891],[141.533,38.31906],[141.53304,38.31897],[141.53293,38.31891]]],[[[141.53214,38.31946],[141.53189,38.31928],[141.53186,38.31931],[141.53214,38.31946]]],[[[141.53234,38.31942],[141.53224,38.31943],[141.53234,38.31943],[141.53234,38.31942]]],[[[141.53168,38.31962],[141.53157,38.3196],[141.5317,38.31964],[141.53168,38.31962]]],[[[141.53193,38.31976],[141.53199,38.31957],[141.53183,38.31958],[141.53193,38.31976]]],[[[141.53243,38.31969],[141.53243,38.31965],[141.53235,38.31967],[141.53243,38.31969]]],[[[141.53166,38.31968],[141.53162,38.31972],[141.53178,38.31971],[141.53166,38.31968]]],[[[141.53242,38.3198],[141.53242,38.31987],[141.53247,38.31982],[141.53242,38.3198]]],[[[141.53279,38.31994],[141.53258,38.31983],[141.53248,38.31988],[141.53279,38.31994]]],[[[141.53238,38.32006],[141.53245,38.32004],[141.53233,38.31999],[141.53238,38.32006]]],[[[141.53062,38.32122],[141.53064,38.32113],[141.53047,38.32116],[141.53062,38.32122]]],[[[141.53125,38.32935],[141.53135,38.32871],[141.53062,38.32889],[141.53125,38.32935]]],[[[141.53103,38.32993],[141.53106,38.32986],[141.53099,38.3299],[141.53103,38.32993]]],[[[141.53098,38.32992],[141.531,38.32996],[141.53102,38.32994],[141.53098,38.32992]]],[[[141.53092,38.32996],[141.53091,38.32993],[141.53086,38.32995],[141.53092,38.32996]]],[[[141.531,38.33004],[141.53102,38.32996],[141.53098,38.32999],[141.531,38.33004]]],[[[141.5309,38.33007],[141.53091,38.33001],[141.53088,38.33005],[141.5309,38.33007]]],[[[141.53077,38.33062],[141.53112,38.3304],[141.53137,38.33018],[141.53109,38.33013],[141.53077,38.33062]]],[[[141.53125,38.33141],[141.5312,38.33132],[141.531,38.3314],[141.53125,38.33141]]],[[[141.53064,38.3315],[141.5306,38.33151],[141.53063,38.33153],[141.53064,38.3315]]],[[[141.53114,38.3318],[141.53116,38.33175],[141.53112,38.3318],[141.53114,38.3318]]],[[[141.53064,38.3321],[141.53086,38.33202],[141.53105,38.33183],[141.53064,38.3321]]],[[[141.53149,38.3322],[141.53154,38.33214],[141.53146,38.33219],[141.53149,38.3322]]],[[[141.531,38.33221],[141.53099,38.33225],[141.53102,38.33223],[141.531,38.33221]]],[[[141.53134,38.3325],[141.53123,38.33246],[141.53121,38.33251],[141.53134,38.3325]]],[[[141.53208,38.33404],[141.53222,38.33404],[141.53208,38.33391],[141.53208,38.33404]]],[[[141.53255,38.33407],[141.53261,38.33414],[141.53264,38.33411],[141.53255,38.33407]]],[[[141.53216,38.33453],[141.53198,38.33439],[141.53217,38.33473],[141.53216,38.33453]]],[[[141.53227,38.33441],[141.53226,38.33484],[141.53244,38.33491],[141.53227,38.33441]]],[[[141.53206,38.3347],[141.53199,38.33461],[141.53197,38.33471],[141.53206,38.3347]]],[[[141.53218,38.33477],[141.53217,38.33474],[141.53215,38.33476],[141.53218,38.33477]]],[[[141.53259,38.33475],[141.53275,38.33488],[141.53275,38.33478],[141.53259,38.33475]]],[[[141.53218,38.33526],[141.53214,38.33519],[141.53212,38.33523],[141.53218,38.33526]]],[[[141.53274,38.33527],[141.53282,38.33517],[141.53279,38.33515],[141.53274,38.33527]]],[[[141.53224,38.33531],[141.53226,38.33526],[141.53223,38.33527],[141.53224,38.33531]]],[[[141.53262,38.33526],[141.5327,38.33546],[141.53281,38.33538],[141.53262,38.33526]]],[[[141.53214,38.33553],[141.53212,38.33547],[141.53209,38.3355],[141.53214,38.33553]]],[[[141.53187,38.33552],[141.53196,38.33556],[141.53197,38.33553],[141.53187,38.33552]]],[[[141.53245,38.33565],[141.5325,38.33563],[141.53245,38.33558],[141.53245,38.33565]]],[[[141.53234,38.3357],[141.53238,38.3356],[141.53226,38.33556],[141.53234,38.3357]]],[[[141.53217,38.33598],[141.53216,38.33593],[141.53213,38.33597],[141.53217,38.33598]]],[[[141.53263,38.33749],[141.53257,38.33742],[141.53254,38.33748],[141.53263,38.33749]]],[[[141.53342,38.3414],[141.53331,38.34143],[141.53338,38.3415],[141.53342,38.3414]]],[[[141.53323,38.34173],[141.53317,38.34147],[141.53311,38.34176],[141.53323,38.34173]]],[[[141.53301,38.34179],[141.53311,38.34186],[141.53303,38.34178],[141.53301,38.34179]]],[[[141.53263,38.34249],[141.53261,38.34248],[141.53261,38.34249],[141.53263,38.34249]]],[[[141.53258,38.34254],[141.53256,38.3425],[141.53255,38.34251],[141.53258,38.34254]]],[[[141.53168,38.3426],[141.53155,38.34259],[141.53162,38.34267],[141.53168,38.3426]]],[[[141.53202,38.34267],[141.53212,38.3427],[141.53213,38.34249],[141.53202,38.34267]]],[[[141.53119,38.34264],[141.5311,38.34261],[141.53112,38.34267],[141.53119,38.34264]]],[[[141.53117,38.34278],[141.5312,38.34271],[141.53115,38.3427],[141.53117,38.34278]]],[[[141.53168,38.34279],[141.53165,38.34278],[141.53166,38.34283],[141.53168,38.34279]]],[[[141.53201,38.34282],[141.53196,38.34279],[141.53196,38.34281],[141.53201,38.34282]]],[[[141.53225,38.34291],[141.5322,38.34295],[141.53228,38.3429],[141.53225,38.34291]]],[[[141.53058,38.34298],[141.53053,38.34294],[141.53056,38.34299],[141.53058,38.34298]]],[[[141.53111,38.35852],[141.53148,38.35821],[141.5311,38.35817],[141.53111,38.35852]]],[[[141.53102,38.35859],[141.53084,38.35818],[141.53095,38.35857],[141.53102,38.35859]]],[[[141.53114,38.35855],[141.53111,38.3586],[141.53118,38.35856],[141.53114,38.35855]]],[[[141.53127,38.35882],[141.53122,38.35885],[141.53134,38.35886],[141.53127,38.35882]]],[[[141.5309,38.35947],[141.53075,38.35917],[141.53067,38.35946],[141.5309,38.35947]]],[[[141.53118,38.35946],[141.5312,38.3594],[141.53116,38.3594],[141.53118,38.35946]]],[[[141.53178,38.38144],[141.53184,38.38142],[141.53183,38.38141],[141.53178,38.38144]]],[[[141.53116,38.38161],[141.53082,38.38138],[141.53105,38.38176],[141.53116,38.38161]]],[[[141.53191,38.38142],[141.53186,38.3815],[141.53195,38.38148],[141.53191,38.38142]]],[[[141.53155,38.38156],[141.53165,38.38147],[141.53152,38.38155],[141.53155,38.38156]]],[[[141.53204,38.38153],[141.53201,38.38153],[141.53203,38.38155],[141.53204,38.38153]]],[[[141.53109,38.38198],[141.53089,38.38203],[141.53097,38.38209],[141.53109,38.38198]]],[[[141.53229,38.38254],[141.53218,38.3824],[141.53217,38.38261],[141.53229,38.38254]]],[[[141.5324,38.38268],[141.5324,38.38271],[141.53244,38.38272],[141.5324,38.38268]]],[[[141.53249,38.3827],[141.53245,38.38271],[141.53249,38.38272],[141.53249,38.3827]]],[[[141.53258,38.38288],[141.53256,38.38285],[141.53254,38.38288],[141.53258,38.38288]]],[[[141.53252,38.3829],[141.53246,38.38286],[141.5325,38.38291],[141.53252,38.3829]]],[[[141.53306,38.3833],[141.53309,38.3833],[141.53307,38.38328],[141.53306,38.3833]]],[[[141.53308,38.38336],[141.53306,38.38344],[141.53311,38.38345],[141.53308,38.38336]]],[[[141.53324,38.38371],[141.53322,38.38376],[141.5333,38.38369],[141.53324,38.38371]]],[[[141.53214,38.3982],[141.53208,38.39817],[141.53208,38.3982],[141.53214,38.3982]]],[[[141.53251,38.39936],[141.53253,38.39951],[141.5326,38.39945],[141.53251,38.39936]]],[[[141.53246,38.40072],[141.5322,38.40068],[141.53227,38.40084],[141.53246,38.40072]]],[[[141.53216,38.40078],[141.53208,38.40077],[141.53215,38.40081],[141.53216,38.40078]]],[[[141.5308,38.43748],[141.53077,38.43748],[141.53081,38.43749],[141.5308,38.43748]]],[[[141.53142,38.43773],[141.53138,38.43771],[141.53139,38.43773],[141.53142,38.43773]]],[[[141.53139,38.43779],[141.53115,38.4376],[141.53141,38.43791],[141.53139,38.43779]]],[[[141.53067,38.43797],[141.53096,38.43766],[141.53056,38.43739],[141.53067,38.43797]]],[[[141.53154,38.43788],[141.53145,38.43783],[141.53146,38.4379],[141.53154,38.43788]]],[[[141.53075,38.43813],[141.53074,38.43806],[141.53072,38.43807],[141.53075,38.43813]]],[[[141.53134,38.43824],[141.5311,38.43817],[141.53103,38.43821],[141.53134,38.43824]]],[[[141.5311,38.43857],[141.53134,38.43878],[141.53119,38.43848],[141.5311,38.43857]]],[[[141.53056,38.4394],[141.53054,38.43945],[141.53062,38.43947],[141.53056,38.4394]]],[[[141.53089,38.44048],[141.5308,38.44045],[141.53083,38.44049],[141.53089,38.44048]]],[[[141.5321,38.44093],[141.53213,38.44092],[141.53207,38.44088],[141.5321,38.44093]]],[[[141.53202,38.44122],[141.53191,38.44084],[141.53159,38.44076],[141.53202,38.44122]]],[[[141.53213,38.44101],[141.53219,38.44098],[141.53212,38.44098],[141.53213,38.44101]]],[[[141.53239,38.44123],[141.53242,38.44103],[141.53227,38.441],[141.53239,38.44123]]],[[[141.53232,38.44118],[141.53233,38.4412],[141.53235,38.44121],[141.53232,38.44118]]],[[[141.53234,38.44124],[141.53237,38.44125],[141.53238,38.44124],[141.53234,38.44124]]],[[[141.53169,38.44149],[141.5317,38.44153],[141.53173,38.44153],[141.53169,38.44149]]],[[[141.53188,38.44159],[141.53194,38.44147],[141.53183,38.44149],[141.53188,38.44159]]],[[[141.53317,38.44332],[141.53314,38.44331],[141.53314,38.44333],[141.53317,38.44332]]],[[[141.533,38.44625],[141.53295,38.44622],[141.53293,38.44622],[141.533,38.44625]]],[[[141.53326,38.4464],[141.5334,38.44644],[141.53324,38.44635],[141.53326,38.4464]]],[[[141.53232,38.44647],[141.53233,38.44644],[141.5323,38.44644],[141.53232,38.44647]]],[[[141.53236,38.44659],[141.53236,38.44657],[141.53233,38.44657],[141.53236,38.44659]]],[[[141.53248,38.44732],[141.53247,38.44729],[141.53244,38.44731],[141.53248,38.44732]]],[[[141.53262,38.44778],[141.53268,38.44778],[141.53264,38.44775],[141.53262,38.44778]]],[[[141.53293,38.44793],[141.53304,38.44793],[141.53293,38.44786],[141.53293,38.44793]]],[[[141.53272,38.44833],[141.5327,38.44828],[141.53266,38.44829],[141.53272,38.44833]]],[[[141.53262,38.44834],[141.53259,38.44833],[141.53261,38.44835],[141.53262,38.44834]]],[[[141.53264,38.44834],[141.53267,38.44833],[141.53262,38.44833],[141.53264,38.44834]]],[[[141.53104,38.44896],[141.53126,38.44882],[141.53097,38.44883],[141.53104,38.44896]]],[[[141.53099,38.44894],[141.53095,38.44893],[141.53099,38.44895],[141.53099,38.44894]]],[[[141.53104,38.44903],[141.53105,38.44899],[141.53102,38.44902],[141.53104,38.44903]]],[[[141.53113,38.44903],[141.53112,38.44906],[141.53114,38.44906],[141.53113,38.44903]]],[[[141.53107,38.44904],[141.53103,38.44904],[141.53108,38.44905],[141.53107,38.44904]]],[[[141.53124,38.44916],[141.53129,38.44913],[141.53123,38.44913],[141.53124,38.44916]]],[[[141.53187,38.44982],[141.53182,38.44987],[141.53186,38.44988],[141.53187,38.44982]]],[[[141.53139,38.4499],[141.53147,38.4499],[141.53139,38.44989],[141.53139,38.4499]]],[[[141.53144,38.44993],[141.53141,38.44993],[141.53146,38.44993],[141.53144,38.44993]]],[[[141.53131,38.45007],[141.53132,38.44982],[141.53112,38.44988],[141.53131,38.45007]]],[[[141.5311,38.44999],[141.53109,38.44995],[141.53106,38.44997],[141.5311,38.44999]]],[[[141.53067,38.45003],[141.53073,38.45004],[141.53073,38.45002],[141.53067,38.45003]]],[[[141.53088,38.45019],[141.53116,38.45014],[141.53085,38.45011],[141.53088,38.45019]]],[[[141.53164,38.45014],[141.5316,38.45025],[141.53165,38.45027],[141.53164,38.45014]]],[[[141.53054,38.45251],[141.53054,38.45254],[141.53056,38.45253],[141.53054,38.45251]]],[[[141.53161,38.4526],[141.53157,38.45268],[141.53164,38.45263],[141.53161,38.4526]]],[[[141.53171,38.45273],[141.53169,38.45276],[141.53171,38.45276],[141.53171,38.45273]]],[[[141.53161,38.45273],[141.53163,38.45277],[141.53165,38.45277],[141.53161,38.45273]]],[[[141.53157,38.45338],[141.5316,38.45341],[141.53159,38.45338],[141.53157,38.45338]]],[[[141.53203,38.45357],[141.53194,38.45366],[141.53208,38.45378],[141.53203,38.45357]]],[[[141.53211,38.45367],[141.53218,38.4537],[141.53213,38.45365],[141.53211,38.45367]]],[[[141.53309,38.45374],[141.53319,38.45382],[141.53325,38.45366],[141.53309,38.45374]]],[[[141.53254,38.45337],[141.53301,38.45371],[141.53316,38.45339],[141.53254,38.45337]]],[[[141.53124,38.45384],[141.53128,38.4538],[141.53124,38.45377],[141.53124,38.45384]]],[[[141.53243,38.45452],[141.5321,38.45404],[141.53196,38.45405],[141.53243,38.45452]]],[[[141.53184,38.45438],[141.53183,38.45433],[141.53182,38.45433],[141.53184,38.45438]]],[[[141.53087,38.45449],[141.53134,38.45447],[141.53085,38.45431],[141.53087,38.45449]]],[[[141.53253,38.45442],[141.53252,38.45447],[141.53255,38.45447],[141.53253,38.45442]]],[[[141.53081,38.45457],[141.53082,38.45462],[141.53085,38.45461],[141.53081,38.45457]]],[[[141.53128,38.45468],[141.53125,38.45469],[141.53126,38.45471],[141.53128,38.45468]]],[[[141.53151,38.45484],[141.53148,38.45458],[141.53138,38.45459],[141.53151,38.45484]]],[[[141.53175,38.45487],[141.53177,38.45482],[141.53173,38.45483],[141.53175,38.45487]]],[[[141.53146,38.48917],[141.53155,38.48911],[141.53141,38.48892],[141.53146,38.48917]]],[[[141.53143,38.48917],[141.53128,38.48922],[141.53142,38.48925],[141.53143,38.48917]]],[[[141.53175,38.48962],[141.53163,38.48936],[141.53159,38.48936],[141.53175,38.48962]]],[[[141.53254,38.48961],[141.53259,38.48966],[141.53262,38.48964],[141.53254,38.48961]]],[[[141.53207,38.48982],[141.532,38.48967],[141.53194,38.48969],[141.53207,38.48982]]],[[[141.53326,38.48981],[141.53337,38.48971],[141.53324,38.48968],[141.53326,38.48981]]],[[[141.5325,38.48976],[141.53253,38.48976],[141.53253,38.48974],[141.5325,38.48976]]],[[[141.53203,38.48992],[141.53204,38.48985],[141.53201,38.48985],[141.53203,38.48992]]],[[[141.53158,38.53192],[141.53157,38.5319],[141.53157,38.53191],[141.53158,38.53192]]],[[[141.53058,38.5332],[141.53076,38.53327],[141.53059,38.53317],[141.53058,38.5332]]],[[[141.53085,38.53357],[141.53092,38.53352],[141.53084,38.5335],[141.53085,38.53357]]],[[[141.53115,38.534],[141.53128,38.53421],[141.53143,38.53417],[141.53115,38.534]]],[[[141.53165,38.53433],[141.53174,38.53431],[141.53165,38.53428],[141.53165,38.53433]]],[[[141.53217,38.53447],[141.53223,38.5344],[141.53215,38.53443],[141.53217,38.53447]]],[[[141.53082,38.53511],[141.5307,38.53496],[141.53066,38.53507],[141.53082,38.53511]]],[[[141.53064,38.53523],[141.53073,38.53526],[141.53069,38.5352],[141.53064,38.53523]]],[[[141.53067,38.53535],[141.53072,38.5354],[141.53072,38.53533],[141.53067,38.53535]]],[[[141.53086,38.53536],[141.53083,38.53544],[141.53086,38.53545],[141.53086,38.53536]]],[[[141.53061,38.53544],[141.53063,38.53539],[141.5306,38.53537],[141.53061,38.53544]]],[[[141.5311,38.5357],[141.53114,38.53551],[141.53099,38.53564],[141.5311,38.5357]]],[[[141.53096,38.53561],[141.531,38.53574],[141.53105,38.53571],[141.53096,38.53561]]],[[[141.53114,38.53575],[141.53116,38.53581],[141.53116,38.53575],[141.53114,38.53575]]],[[[141.53075,38.53574],[141.53091,38.53585],[141.53082,38.5357],[141.53075,38.53574]]],[[[141.53067,38.53593],[141.53066,38.53586],[141.53061,38.53585],[141.53067,38.53593]]],[[[141.53088,38.53592],[141.53092,38.5359],[141.53091,38.53587],[141.53088,38.53592]]],[[[141.53064,38.53597],[141.53051,38.53593],[141.53058,38.53603],[141.53064,38.53597]]],[[[141.53047,38.53648],[141.53067,38.5366],[141.53051,38.53642],[141.53047,38.53648]]],[[[141.53062,38.53667],[141.53067,38.53669],[141.53067,38.53665],[141.53062,38.53667]]],[[[141.53272,38.53753],[141.53276,38.53765],[141.53281,38.53765],[141.53272,38.53753]]],[[[141.53244,38.53769],[141.53234,38.53772],[141.53245,38.53773],[141.53244,38.53769]]],[[[141.53253,38.53844],[141.53275,38.53816],[141.53255,38.53804],[141.53253,38.53844]]],[[[141.53237,38.53851],[141.53248,38.53858],[141.53247,38.53844],[141.53237,38.53851]]],[[[141.53336,38.54684],[141.53338,38.54687],[141.5334,38.54685],[141.53336,38.54684]]],[[[141.53292,38.54723],[141.53293,38.5473],[141.53298,38.54731],[141.53292,38.54723]]],[[[141.53272,38.5473],[141.53275,38.54727],[141.53271,38.54727],[141.53272,38.5473]]],[[[141.53248,38.54737],[141.5325,38.54733],[141.53246,38.54734],[141.53248,38.54737]]],[[[141.53262,38.54746],[141.53251,38.5474],[141.53261,38.54748],[141.53262,38.54746]]],[[[141.53279,38.54752],[141.53286,38.54748],[141.53279,38.54749],[141.53279,38.54752]]],[[[141.53318,38.54784],[141.53315,38.54793],[141.53328,38.54797],[141.53318,38.54784]]],[[[141.53089,38.54849],[141.53092,38.54847],[141.53086,38.54845],[141.53089,38.54849]]],[[[141.53102,38.54857],[141.53107,38.54857],[141.53101,38.54851],[141.53102,38.54857]]],[[[141.53281,38.54865],[141.53284,38.54866],[141.53289,38.5487],[141.53287,38.54866],[141.53281,38.54865]]],[[[141.53261,38.54881],[141.53262,38.54883],[141.53264,38.54881],[141.53261,38.54881]]],[[[141.53275,38.54891],[141.53261,38.54891],[141.53268,38.54896],[141.53275,38.54891]]],[[[141.53113,38.54895],[141.53099,38.54893],[141.53112,38.54896],[141.53113,38.54895]]],[[[141.5326,38.54903],[141.53262,38.54899],[141.5326,38.54899],[141.5326,38.54903]]],[[[141.53279,38.54902],[141.53288,38.54906],[141.53281,38.54897],[141.53279,38.54902]]],[[[141.53264,38.54899],[141.53272,38.54906],[141.53267,38.54898],[141.53264,38.54899]]],[[[141.53193,38.54904],[141.53201,38.54904],[141.53192,38.54901],[141.53193,38.54904]]],[[[141.53148,38.54936],[141.5313,38.54939],[141.53145,38.54945],[141.53148,38.54936]]],[[[141.53221,38.54967],[141.5324,38.54976],[141.53214,38.54961],[141.53221,38.54967]]],[[[141.53319,38.55018],[141.53239,38.54919],[141.53221,38.54918],[141.53319,38.55018]]],[[[141.53312,38.54969],[141.53317,38.54982],[141.53324,38.5498],[141.53312,38.54969]]],[[[141.53271,38.54995],[141.53275,38.54992],[141.53268,38.5499],[141.53271,38.54995]]],[[[141.53318,38.54998],[141.53328,38.54997],[141.5332,38.54986],[141.53318,38.54998]]],[[[141.53245,38.55007],[141.53259,38.5499],[141.53243,38.54979],[141.53245,38.55007]]],[[[141.5333,38.55004],[141.53333,38.55003],[141.53331,38.55001],[141.5333,38.55004]]],[[[141.53262,38.55065],[141.53266,38.55066],[141.53265,38.55063],[141.53262,38.55065]]],[[[141.53212,38.55139],[141.53225,38.55142],[141.53221,38.55134],[141.53212,38.55139]]],[[[141.53228,38.55151],[141.53363,38.55167],[141.53338,38.55122],[141.53228,38.55151]]],[[[141.53203,38.55178],[141.53211,38.55178],[141.53206,38.55174],[141.53203,38.55178]]],[[[141.53195,38.55188],[141.53206,38.55193],[141.53196,38.55184],[141.53195,38.55188]]],[[[141.5313,38.55209],[141.53132,38.55176],[141.53119,38.5519],[141.5313,38.55209]]],[[[141.53162,38.55204],[141.53169,38.55206],[141.53168,38.55197],[141.53162,38.55204]]],[[[141.53202,38.55232],[141.5321,38.55206],[141.53197,38.55219],[141.53202,38.55232]]],[[[141.5323,38.55228],[141.53231,38.55225],[141.53228,38.55226],[141.5323,38.55228]]],[[[141.53336,38.55224],[141.53326,38.55228],[141.53344,38.5523],[141.53336,38.55224]]],[[[141.53342,38.55235],[141.53333,38.55243],[141.53343,38.55239],[141.53342,38.55235]]],[[[141.53312,38.55241],[141.53321,38.55245],[141.53314,38.55239],[141.53312,38.55241]]],[[[141.53234,38.55266],[141.5324,38.55233],[141.53221,38.55231],[141.53234,38.55266]]],[[[141.53525,38.30069],[141.5353,38.30072],[141.5353,38.30071],[141.53525,38.30069]]],[[[141.53504,38.30078],[141.53506,38.3007],[141.53499,38.30077],[141.53504,38.30078]]],[[[141.53447,38.30084],[141.53448,38.30078],[141.53441,38.30083],[141.53447,38.30084]]],[[[141.53382,38.30105],[141.53349,38.30091],[141.53363,38.30117],[141.53382,38.30105]]],[[[141.53342,38.30113],[141.53346,38.30118],[141.53348,38.30116],[141.53342,38.30113]]],[[[141.5354,38.31909],[141.53525,38.31914],[141.53543,38.31915],[141.5354,38.31909]]],[[[141.53371,38.33812],[141.53367,38.33811],[141.53368,38.33814],[141.53371,38.33812]]],[[[141.53528,38.33848],[141.53529,38.33844],[141.53523,38.33851],[141.53528,38.33848]]],[[[141.534,38.33893],[141.53402,38.33888],[141.53398,38.33891],[141.534,38.33893]]],[[[141.53553,38.33896],[141.53524,38.33888],[141.53518,38.33897],[141.53553,38.33896]]],[[[141.53491,38.33906],[141.53485,38.33908],[141.53486,38.3391],[141.53491,38.33906]]],[[[141.53484,38.33912],[141.53494,38.33914],[141.53496,38.3391],[141.53484,38.33912]]],[[[141.53516,38.33927],[141.53497,38.33935],[141.53518,38.33929],[141.53516,38.33927]]],[[[141.53458,38.33939],[141.53476,38.33941],[141.53469,38.33924],[141.53458,38.33939]]],[[[141.53448,38.3395],[141.53436,38.33953],[141.53432,38.33965],[141.53448,38.3395]]],[[[141.53516,38.33965],[141.53516,38.33958],[141.53507,38.33962],[141.53516,38.33965]]],[[[141.5348,38.34015],[141.53483,38.33949],[141.53455,38.33987],[141.5348,38.34015]]],[[[141.5341,38.34006],[141.53428,38.34],[141.53423,38.33991],[141.5341,38.34006]]],[[[141.53531,38.34008],[141.53543,38.33992],[141.53515,38.34011],[141.53531,38.34008]]],[[[141.53367,38.34009],[141.53366,38.3401],[141.53369,38.34009],[141.53367,38.34009]]],[[[141.53504,38.34009],[141.53504,38.34011],[141.53506,38.3401],[141.53504,38.34009]]],[[[141.53373,38.34011],[141.53369,38.34012],[141.53371,38.34013],[141.53373,38.34011]]],[[[141.53368,38.34013],[141.53366,38.34015],[141.53369,38.34015],[141.53368,38.34013]]],[[[141.53396,38.34063],[141.53405,38.34058],[141.53404,38.34056],[141.53396,38.34063]]],[[[141.5339,38.34066],[141.53393,38.34069],[141.53393,38.34067],[141.5339,38.34066]]],[[[141.53393,38.34078],[141.53403,38.34073],[141.53408,38.34067],[141.53393,38.34078]]],[[[141.53433,38.34081],[141.53438,38.34083],[141.53441,38.34084],[141.53437,38.3408],[141.53433,38.34081]]],[[[141.53394,38.3409],[141.53405,38.34083],[141.53404,38.3408],[141.53394,38.3409]]],[[[141.53416,38.34095],[141.53419,38.34087],[141.53413,38.34092],[141.53416,38.34095]]],[[[141.53409,38.34098],[141.53405,38.34096],[141.53402,38.341],[141.53409,38.34098]]],[[[141.53349,38.34154],[141.53347,38.34155],[141.53349,38.34155],[141.53349,38.34154]]],[[[141.53341,38.34168],[141.5334,38.34163],[141.53336,38.34166],[141.53341,38.34168]]],[[[141.53366,38.34185],[141.53385,38.34162],[141.53359,38.3418],[141.53366,38.34185]]],[[[141.53421,38.34176],[141.53407,38.34192],[141.53409,38.34194],[141.53421,38.34176]]],[[[141.5336,38.34189],[141.53363,38.34187],[141.53362,38.34186],[141.5336,38.34189]]],[[[141.53346,38.38374],[141.53348,38.38366],[141.53345,38.38365],[141.53346,38.38374]]],[[[141.53443,38.38403],[141.53464,38.38432],[141.53496,38.3844],[141.53443,38.38403]]],[[[141.5338,38.38453],[141.53391,38.38442],[141.53384,38.38436],[141.5338,38.38453]]],[[[141.53335,38.38461],[141.53347,38.38454],[141.53373,38.38425],[141.53375,38.38418],[141.53369,38.38413],[141.53335,38.38461]]],[[[141.53389,38.38475],[141.53397,38.38467],[141.53392,38.38465],[141.53389,38.38475]]],[[[141.53423,38.38494],[141.53396,38.38473],[141.53381,38.38494],[141.53423,38.38494]]],[[[141.53368,38.3856],[141.53368,38.38581],[141.53372,38.3856],[141.53368,38.3856]]],[[[141.53417,38.38658],[141.53416,38.38655],[141.53415,38.38656],[141.53417,38.38658]]],[[[141.5341,38.38666],[141.53406,38.38663],[141.53406,38.38665],[141.5341,38.38666]]],[[[141.53397,38.38669],[141.53394,38.38667],[141.53395,38.3867],[141.53397,38.38669]]],[[[141.53374,38.3868],[141.53378,38.38675],[141.53375,38.38674],[141.53374,38.3868]]],[[[141.53431,38.38701],[141.53437,38.38694],[141.53431,38.38689],[141.53431,38.38701]]],[[[141.53521,38.38694],[141.53521,38.387],[141.53524,38.387],[141.53521,38.38694]]],[[[141.53547,38.38715],[141.53548,38.38709],[141.53545,38.38706],[141.53547,38.38715]]],[[[141.53546,38.38724],[141.53543,38.38714],[141.53542,38.38714],[141.53546,38.38724]]],[[[141.53462,38.40211],[141.53459,38.402],[141.5346,38.40211],[141.53462,38.40211]]],[[[141.53388,38.40211],[141.53389,38.40201],[141.53383,38.40204],[141.53388,38.40211]]],[[[141.53446,38.40213],[141.53443,38.40221],[141.53446,38.40221],[141.53446,38.40213]]],[[[141.53381,38.40306],[141.53399,38.40314],[141.53384,38.40293],[141.53381,38.40306]]],[[[141.53386,38.44297],[141.53383,38.4431],[141.53391,38.4431],[141.53386,38.44297]]],[[[141.53369,38.44308],[141.53361,38.44312],[141.53372,38.44313],[141.53369,38.44308]]],[[[141.53429,38.44345],[141.53432,38.4433],[141.5342,38.44343],[141.53429,38.44345]]],[[[141.53403,38.44337],[141.53399,38.44343],[141.53404,38.44344],[141.53403,38.44337]]],[[[141.53375,38.44346],[141.5337,38.44335],[141.53366,38.44335],[141.53375,38.44346]]],[[[141.53424,38.44356],[141.5343,38.44356],[141.53429,38.44354],[141.53424,38.44356]]],[[[141.53514,38.44401],[141.53508,38.44394],[141.53502,38.44397],[141.53506,38.44404],[141.53514,38.44401]]],[[[141.53471,38.44417],[141.53451,38.44419],[141.53472,38.4442],[141.53471,38.44417]]],[[[141.53488,38.44455],[141.53485,38.44453],[141.53487,38.44455],[141.53488,38.44455]]],[[[141.53458,38.44471],[141.53455,38.44463],[141.53452,38.44465],[141.53458,38.44471]]],[[[141.53467,38.44465],[141.53475,38.44474],[141.53471,38.44463],[141.53467,38.44465]]],[[[141.53527,38.44463],[141.53521,38.44478],[141.53532,38.44473],[141.53527,38.44463]]],[[[141.5345,38.44486],[141.53448,38.44487],[141.53452,38.44491],[141.5345,38.44486]]],[[[141.53455,38.44501],[141.53462,38.44502],[141.53454,38.44498],[141.53455,38.44501]]],[[[141.53474,38.44548],[141.53464,38.44551],[141.53475,38.44551],[141.53474,38.44548]]],[[[141.53453,38.44564],[141.5346,38.44562],[141.53451,38.44561],[141.53453,38.44564]]],[[[141.53511,38.44582],[141.53511,38.44587],[141.53514,38.44587],[141.53511,38.44582]]],[[[141.53401,38.44588],[141.53402,38.4459],[141.53403,38.4459],[141.53401,38.44588]]],[[[141.534,38.44591],[141.534,38.44594],[141.53402,38.44594],[141.534,38.44591]]],[[[141.53475,38.4461],[141.53489,38.44585],[141.53461,38.44587],[141.53475,38.4461]]],[[[141.53422,38.44603],[141.53422,38.44614],[141.53426,38.4461],[141.53422,38.44603]]],[[[141.53451,38.44626],[141.5346,38.44614],[141.53442,38.44616],[141.53451,38.44626]]],[[[141.53495,38.44633],[141.53518,38.44639],[141.53516,38.44631],[141.53495,38.44633]]],[[[141.53372,38.44644],[141.5337,38.44646],[141.53372,38.44646],[141.53372,38.44644]]],[[[141.5335,38.44648],[141.53346,38.44649],[141.53351,38.44649],[141.5335,38.44648]]],[[[141.53364,38.44652],[141.53363,38.44649],[141.53361,38.4465],[141.53364,38.44652]]],[[[141.53392,38.44654],[141.53397,38.44653],[141.53397,38.44653],[141.53392,38.44654]]],[[[141.53518,38.44656],[141.53521,38.44651],[141.53518,38.44653],[141.53518,38.44656]]],[[[141.53388,38.44659],[141.53389,38.44656],[141.53387,38.44656],[141.53388,38.44659]]],[[[141.53351,38.44669],[141.53359,38.4467],[141.5335,38.44665],[141.53351,38.44669]]],[[[141.5341,38.4467],[141.53411,38.44668],[141.53409,38.44668],[141.5341,38.4467]]],[[[141.5339,38.4467],[141.53397,38.44672],[141.5339,38.44668],[141.5339,38.4467]]],[[[141.53461,38.45358],[141.53472,38.45324],[141.53441,38.45345],[141.53461,38.45358]]],[[[141.535,38.45346],[141.53496,38.45349],[141.53504,38.45346],[141.535,38.45346]]],[[[141.53418,38.45355],[141.53428,38.45358],[141.53418,38.45347],[141.53418,38.45355]]],[[[141.53484,38.45352],[141.53479,38.45367],[141.53493,38.4535],[141.53484,38.45352]]],[[[141.53405,38.4536],[141.5341,38.45361],[141.53408,38.45357],[141.53405,38.4536]]],[[[141.53452,38.45359],[141.53452,38.45368],[141.53459,38.45363],[141.53452,38.45359]]],[[[141.53356,38.45414],[141.53337,38.45361],[141.5333,38.45361],[141.53356,38.45414]]],[[[141.53404,38.45403],[141.53417,38.45388],[141.53407,38.45385],[141.53404,38.45403]]],[[[141.53458,38.45385],[141.53448,38.45404],[141.53462,38.45395],[141.53458,38.45385]]],[[[141.53538,38.45399],[141.53537,38.45394],[141.53535,38.45398],[141.53538,38.45399]]],[[[141.53551,38.45397],[141.53549,38.454],[141.53553,38.45397],[141.53551,38.45397]]],[[[141.53413,38.45405],[141.53417,38.45413],[141.5342,38.45406],[141.53413,38.45405]]],[[[141.53547,38.45412],[141.53544,38.45412],[141.53546,38.45413],[141.53547,38.45412]]],[[[141.53537,38.45413],[141.53538,38.45408],[141.53536,38.45408],[141.53537,38.45413]]],[[[141.53369,38.45416],[141.53369,38.45412],[141.53368,38.45412],[141.53369,38.45416]]],[[[141.5333,38.45406],[141.53338,38.45432],[141.53355,38.45433],[141.53365,38.45441],[141.5333,38.45406]]],[[[141.53359,38.45447],[141.53364,38.45445],[141.53352,38.45436],[141.53359,38.45447]]],[[[141.53436,38.4546],[141.53446,38.4547],[141.53447,38.45457],[141.53436,38.4546]]],[[[141.53521,38.48629],[141.53519,38.48633],[141.53521,38.48635],[141.53521,38.48629]]],[[[141.53548,38.4868],[141.53514,38.48639],[141.53509,38.48663],[141.53548,38.4868]]],[[[141.53508,38.48711],[141.53514,38.48709],[141.5351,38.48706],[141.53508,38.48711]]],[[[141.53519,38.48706],[141.53519,38.48716],[141.53528,38.48715],[141.53519,38.48706]]],[[[141.53541,38.48718],[141.53529,38.48708],[141.53528,38.4871],[141.53541,38.48718]]],[[[141.53456,38.48743],[141.53454,38.48746],[141.53457,38.48745],[141.53456,38.48743]]],[[[141.53463,38.48756],[141.53459,38.48763],[141.53462,38.48762],[141.53463,38.48756]]],[[[141.53418,38.48764],[141.53439,38.48772],[141.53412,38.48747],[141.53418,38.48764]]],[[[141.53503,38.48786],[141.53538,38.48732],[141.53483,38.48735],[141.53503,38.48786]]],[[[141.53461,38.48768],[141.53472,38.48795],[141.53498,38.4881],[141.53461,38.48768]]],[[[141.53461,38.4879],[141.53455,38.48789],[141.5346,38.48792],[141.53461,38.4879]]],[[[141.53506,38.48798],[141.5351,38.48808],[141.53514,38.48801],[141.53506,38.48798]]],[[[141.5347,38.48806],[141.53468,38.48804],[141.53467,38.48807],[141.5347,38.48806]]],[[[141.53521,38.48821],[141.53529,38.48818],[141.53515,38.48814],[141.53521,38.48821]]],[[[141.53462,38.48865],[141.53464,38.48858],[141.53459,38.48859],[141.53462,38.48865]]],[[[141.53503,38.48906],[141.53484,38.4893],[141.53503,38.48942],[141.53503,38.48906]]],[[[141.53524,38.49288],[141.53527,38.4929],[141.53526,38.49287],[141.53524,38.49288]]],[[[141.53533,38.49291],[141.53536,38.49289],[141.53532,38.49289],[141.53533,38.49291]]],[[[141.53542,38.49299],[141.53518,38.49306],[141.53544,38.49316],[141.53542,38.49299]]],[[[141.5355,38.49364],[141.53541,38.49352],[141.53545,38.49367],[141.5355,38.49364]]],[[[141.53516,38.49363],[141.53521,38.49367],[141.53519,38.49361],[141.53516,38.49363]]],[[[141.53519,38.49377],[141.53518,38.49379],[141.53519,38.4938],[141.53519,38.49377]]],[[[141.53534,38.49425],[141.53535,38.4941],[141.53528,38.49409],[141.53534,38.49425]]],[[[141.53409,38.50925],[141.5341,38.50922],[141.53408,38.50922],[141.53409,38.50925]]],[[[141.53409,38.50932],[141.53411,38.50929],[141.53409,38.50929],[141.53409,38.50932]]],[[[141.53443,38.50932],[141.53433,38.50935],[141.53445,38.50936],[141.53443,38.50932]]],[[[141.53417,38.50936],[141.5342,38.50935],[141.53416,38.50935],[141.53417,38.50936]]],[[[141.53452,38.50949],[141.53445,38.5095],[141.53451,38.50953],[141.53452,38.50949]]],[[[141.53436,38.50956],[141.53429,38.50957],[141.53439,38.50959],[141.53436,38.50956]]],[[[141.53414,38.50963],[141.53418,38.50961],[141.53414,38.50962],[141.53414,38.50963]]],[[[141.53479,38.50979],[141.53474,38.50966],[141.53459,38.5097],[141.53479,38.50979]]],[[[141.53467,38.50979],[141.53467,38.50976],[141.53465,38.50977],[141.53467,38.50979]]],[[[141.53547,38.50984],[141.53543,38.50981],[141.53542,38.50983],[141.53547,38.50984]]],[[[141.53507,38.50985],[141.53513,38.50992],[141.53514,38.50985],[141.53507,38.50985]]],[[[141.53452,38.53274],[141.53454,38.53272],[141.53451,38.5327],[141.53452,38.53274]]],[[[141.53461,38.53274],[141.53462,38.5328],[141.53464,38.5328],[141.53461,38.53274]]],[[[141.53483,38.53278],[141.53487,38.53278],[141.53483,38.53276],[141.53483,38.53278]]],[[[141.53525,38.5331],[141.5353,38.53315],[141.53526,38.53308],[141.53525,38.5331]]],[[[141.53502,38.5333],[141.53517,38.53297],[141.53502,38.53289],[141.53502,38.5333]]],[[[141.53352,38.53851],[141.53349,38.53841],[141.53349,38.53852],[141.53352,38.53851]]],[[[141.53345,38.53864],[141.53355,38.53866],[141.53349,38.53858],[141.53345,38.53864]]],[[[141.53359,38.54016],[141.53361,38.54035],[141.53364,38.54019],[141.53359,38.54016]]],[[[141.53476,38.54166],[141.5347,38.54172],[141.5348,38.54171],[141.53476,38.54166]]],[[[141.53433,38.54197],[141.5345,38.54216],[141.53435,38.54195],[141.53433,38.54197]]],[[[141.53501,38.54211],[141.53495,38.54206],[141.5349,38.5421],[141.53501,38.54211]]],[[[141.53507,38.54244],[141.53502,38.54231],[141.53485,38.54215],[141.53507,38.54244]]],[[[141.53531,38.54249],[141.53531,38.54247],[141.5353,38.54247],[141.53531,38.54249]]],[[[141.53412,38.54256],[141.53418,38.54261],[141.53419,38.54258],[141.53412,38.54256]]],[[[141.53427,38.54264],[141.53427,38.54268],[141.53429,38.54266],[141.53427,38.54264]]],[[[141.53402,38.54279],[141.53408,38.54276],[141.534,38.5427],[141.53402,38.54279]]],[[[141.53432,38.54273],[141.53425,38.54284],[141.53438,38.54287],[141.53432,38.54273]]],[[[141.53432,38.54314],[141.53439,38.5431],[141.5343,38.5431],[141.53432,38.54314]]],[[[141.53524,38.54349],[141.53519,38.54331],[141.53507,38.54333],[141.53524,38.54349]]],[[[141.53495,38.54547],[141.53506,38.54549],[141.53496,38.5454],[141.53495,38.54547]]],[[[141.5347,38.54544],[141.53474,38.54549],[141.53475,38.54543],[141.5347,38.54544]]],[[[141.5349,38.54563],[141.53492,38.54559],[141.53487,38.54561],[141.5349,38.54563]]],[[[141.53458,38.54594],[141.53463,38.54594],[141.53459,38.54593],[141.53458,38.54594]]],[[[141.53457,38.54617],[141.5346,38.54619],[141.53463,38.54617],[141.53457,38.54617]]],[[[141.53464,38.54618],[141.53465,38.54631],[141.53469,38.54628],[141.53464,38.54618]]],[[[141.53485,38.54643],[141.53477,38.54651],[141.53488,38.54648],[141.53485,38.54643]]],[[[141.53339,38.5465],[141.53338,38.54646],[141.53337,38.54646],[141.53339,38.5465]]],[[[141.53462,38.54653],[141.53465,38.5465],[141.53462,38.54651],[141.53462,38.54653]]],[[[141.53486,38.54659],[141.53481,38.5465],[141.53479,38.54652],[141.53486,38.54659]]],[[[141.53472,38.54655],[141.53471,38.5466],[141.53474,38.54658],[141.53472,38.54655]]],[[[141.53475,38.54663],[141.53476,38.5466],[141.53474,38.5466],[141.53475,38.54663]]],[[[141.53334,38.54662],[141.53344,38.54666],[141.53335,38.5466],[141.53334,38.54662]]],[[[141.53349,38.5467],[141.53355,38.54677],[141.53357,38.54673],[141.53349,38.5467]]],[[[141.53431,38.54677],[141.53435,38.54678],[141.53435,38.54676],[141.53431,38.54677]]],[[[141.53506,38.54678],[141.53508,38.54679],[141.53508,38.54678],[141.53506,38.54678]]],[[[141.53374,38.54884],[141.53383,38.54892],[141.53377,38.54883],[141.53374,38.54884]]],[[[141.53391,38.55069],[141.53391,38.55072],[141.53393,38.55071],[141.53391,38.55069]]],[[[141.53393,38.5508],[141.53386,38.55073],[141.53382,38.5508],[141.53393,38.5508]]],[[[141.53528,38.55081],[141.53536,38.55091],[141.53524,38.55074],[141.53528,38.55081]]],[[[141.53549,38.55091],[141.53532,38.55084],[141.53545,38.55098],[141.53549,38.55091]]],[[[141.53418,38.55092],[141.5342,38.55096],[141.53422,38.55095],[141.53418,38.55092]]],[[[141.53426,38.55099],[141.53423,38.551],[141.53426,38.551],[141.53426,38.55099]]],[[[141.53541,38.55123],[141.53529,38.55093],[141.53517,38.55091],[141.53541,38.55123]]],[[[141.53438,38.55119],[141.53463,38.55094],[141.53442,38.55097],[141.53438,38.55119]]],[[[141.53516,38.55099],[141.53524,38.55119],[141.53528,38.55121],[141.53516,38.55099]]],[[[141.5336,38.5515],[141.53378,38.55175],[141.53383,38.55176],[141.5336,38.5515]]],[[[141.53351,38.55218],[141.53336,38.55215],[141.53343,38.55222],[141.53351,38.55218]]],[[[141.53382,38.55212],[141.53402,38.55227],[141.53382,38.55211],[141.53382,38.55212]]],[[[141.53346,38.55242],[141.53346,38.55236],[141.53343,38.55235],[141.53346,38.55242]]],[[[141.5335,38.55245],[141.53355,38.55239],[141.53353,38.55238],[141.5335,38.55245]]],[[[141.53361,38.55236],[141.53371,38.55252],[141.53373,38.5525],[141.53361,38.55236]]],[[[141.53398,38.55266],[141.5338,38.55238],[141.53373,38.55257],[141.53398,38.55266]]],[[[141.53416,38.55254],[141.53396,38.55246],[141.5342,38.55273],[141.53416,38.55254]]],[[[141.53451,38.55255],[141.53452,38.55253],[141.53451,38.55252],[141.53451,38.55255]]],[[[141.53434,38.55242],[141.53437,38.55268],[141.53452,38.55275],[141.53434,38.55242]]],[[[141.53354,38.55279],[141.53377,38.5527],[141.53355,38.55247],[141.53354,38.55279]]],[[[141.53408,38.55277],[141.53409,38.55271],[141.53406,38.55271],[141.53408,38.55277]]],[[[141.5343,38.55272],[141.53428,38.55276],[141.53433,38.55281],[141.5343,38.55272]]],[[[141.53464,38.55273],[141.53451,38.55278],[141.53467,38.55284],[141.53464,38.55273]]],[[[141.53412,38.55283],[141.53412,38.55286],[141.53414,38.55286],[141.53412,38.55283]]],[[[141.5339,38.55297],[141.53391,38.55292],[141.53389,38.55292],[141.5339,38.55297]]],[[[141.53339,38.55301],[141.53332,38.55313],[141.5336,38.55331],[141.53339,38.55301]]],[[[141.53463,38.55443],[141.53469,38.55446],[141.53464,38.55441],[141.53463,38.55443]]],[[[141.53475,38.55458],[141.53471,38.5545],[141.53469,38.55451],[141.53475,38.55458]]],[[[141.5349,38.55479],[141.53496,38.55484],[141.53492,38.55478],[141.5349,38.55479]]],[[[141.53498,38.55499],[141.53501,38.55496],[141.53492,38.55487],[141.53498,38.55499]]],[[[141.53506,38.55506],[141.53504,38.55498],[141.53502,38.55499],[141.53506,38.55506]]],[[[141.53538,38.61714],[141.53541,38.61707],[141.53538,38.61706],[141.53538,38.61714]]],[[[141.53552,38.61727],[141.53548,38.61721],[141.53547,38.61722],[141.53552,38.61727]]],[[[141.53548,38.61771],[141.53541,38.61754],[141.53546,38.61774],[141.53548,38.61771]]],[[[141.53528,38.61778],[141.53534,38.61777],[141.53528,38.61775],[141.53528,38.61778]]],[[[141.53536,38.6178],[141.53541,38.61795],[141.53545,38.61793],[141.53536,38.6178]]],[[[141.53542,38.61797],[141.53549,38.61807],[141.53547,38.61797],[141.53542,38.61797]]],[[[141.53599,38.3008],[141.53584,38.30075],[141.53587,38.30082],[141.53599,38.3008]]],[[[141.53725,38.30101],[141.5373,38.30097],[141.53723,38.30099],[141.53725,38.30101]]],[[[141.53736,38.30128],[141.53725,38.30136],[141.53738,38.30133],[141.53736,38.30128]]],[[[141.53757,38.30139],[141.5375,38.30128],[141.53743,38.30137],[141.53757,38.30139]]],[[[141.53774,38.30168],[141.53769,38.30162],[141.53765,38.30169],[141.53774,38.30168]]],[[[141.53748,38.30168],[141.53744,38.3017],[141.53747,38.3017],[141.53748,38.30168]]],[[[141.53758,38.30192],[141.53756,38.30188],[141.53755,38.3019],[141.53758,38.30192]]],[[[141.53752,38.30195],[141.53753,38.30193],[141.53751,38.30193],[141.53752,38.30195]]],[[[141.53752,38.302],[141.5375,38.30198],[141.53749,38.30199],[141.53752,38.302]]],[[[141.53752,38.30208],[141.53751,38.3021],[141.53753,38.30209],[141.53752,38.30208]]],[[[141.53727,38.31893],[141.53735,38.31885],[141.53724,38.31888],[141.53727,38.31893]]],[[[141.53741,38.31889],[141.53739,38.31895],[141.53745,38.31892],[141.53741,38.31889]]],[[[141.53594,38.3189],[141.53597,38.31905],[141.53603,38.31892],[141.53594,38.3189]]],[[[141.53667,38.3191],[141.53679,38.31913],[141.53677,38.31909],[141.53667,38.3191]]],[[[141.53801,38.31917],[141.53809,38.31912],[141.538,38.31914],[141.53801,38.31917]]],[[[141.53854,38.31919],[141.53862,38.31916],[141.53853,38.31916],[141.53854,38.31919]]],[[[141.53742,38.3192],[141.53747,38.31915],[141.53739,38.31919],[141.53742,38.3192]]],[[[141.53585,38.31928],[141.53594,38.31933],[141.53588,38.31926],[141.53585,38.31928]]],[[[141.53665,38.327],[141.53648,38.32706],[141.5367,38.32701],[141.53665,38.327]]],[[[141.53707,38.32724],[141.53704,38.32719],[141.53704,38.32722],[141.53707,38.32724]]],[[[141.53568,38.33877],[141.53561,38.33893],[141.53574,38.33885],[141.53568,38.33877]]],[[[141.53594,38.33889],[141.53587,38.33883],[141.53585,38.33889],[141.53594,38.33889]]],[[[141.53589,38.33922],[141.53593,38.33898],[141.5358,38.33912],[141.53589,38.33922]]],[[[141.53636,38.33916],[141.53646,38.33914],[141.53657,38.33911],[141.53636,38.33916]]],[[[141.5361,38.33926],[141.53619,38.3392],[141.53601,38.33927],[141.5361,38.33926]]],[[[141.53595,38.33928],[141.536,38.33921],[141.53589,38.33925],[141.53595,38.33928]]],[[[141.53798,38.3862],[141.53794,38.38628],[141.53803,38.38633],[141.53798,38.3862]]],[[[141.53817,38.38644],[141.53823,38.38657],[141.53827,38.38656],[141.53817,38.38644]]],[[[141.53583,38.38722],[141.53581,38.3872],[141.53581,38.38722],[141.53583,38.38722]]],[[[141.53745,38.38731],[141.53742,38.38732],[141.53744,38.38733],[141.53745,38.38731]]],[[[141.53732,38.38752],[141.53726,38.38749],[141.53731,38.38755],[141.53732,38.38752]]],[[[141.53844,38.38822],[141.53845,38.38819],[141.53842,38.38819],[141.53844,38.38822]]],[[[141.53824,38.38834],[141.5382,38.38833],[141.53822,38.38836],[141.53824,38.38834]]],[[[141.53852,38.3884],[141.53858,38.38839],[141.53849,38.3883],[141.53852,38.3884]]],[[[141.53846,38.39054],[141.53861,38.39064],[141.53852,38.39051],[141.53846,38.39054]]],[[[141.53867,38.39064],[141.53878,38.39095],[141.53882,38.39096],[141.53867,38.39064]]],[[[141.53863,38.39122],[141.53838,38.39101],[141.53877,38.39142],[141.53863,38.39122]]],[[[141.53789,38.39191],[141.538,38.39198],[141.53791,38.39184],[141.53789,38.39191]]],[[[141.53875,38.39219],[141.53855,38.39207],[141.53871,38.39234],[141.53875,38.39219]]],[[[141.53831,38.39227],[141.53828,38.3922],[141.53825,38.3922],[141.53831,38.39227]]],[[[141.53806,38.39267],[141.53793,38.39276],[141.53804,38.39278],[141.53806,38.39267]]],[[[141.53793,38.39323],[141.53801,38.39327],[141.53804,38.39317],[141.53793,38.39323]]],[[[141.53807,38.39346],[141.53807,38.39339],[141.53803,38.39343],[141.53807,38.39346]]],[[[141.53808,38.39367],[141.53821,38.39352],[141.53813,38.39348],[141.53808,38.39367]]],[[[141.53816,38.39373],[141.53812,38.3937],[141.53813,38.39373],[141.53816,38.39373]]],[[[141.53837,38.39417],[141.53842,38.39408],[141.53836,38.39408],[141.53837,38.39417]]],[[[141.53831,38.39777],[141.53838,38.39773],[141.53829,38.39775],[141.53831,38.39777]]],[[[141.5385,38.39782],[141.5385,38.39771],[141.53843,38.39775],[141.5385,38.39782]]],[[[141.53822,38.39845],[141.5382,38.39838],[141.53807,38.39839],[141.53822,38.39845]]],[[[141.53864,38.39863],[141.53849,38.3987],[141.53863,38.39869],[141.53864,38.39863]]],[[[141.53879,38.39982],[141.53845,38.39988],[141.53857,38.39996],[141.53879,38.39982]]],[[[141.53771,38.40134],[141.53779,38.40128],[141.5377,38.40123],[141.53771,38.40134]]],[[[141.53868,38.40135],[141.53878,38.4014],[141.53871,38.40132],[141.53868,38.40135]]],[[[141.53724,38.40172],[141.53706,38.4016],[141.53717,38.40188],[141.53724,38.40172]]],[[[141.53727,38.40185],[141.5374,38.40184],[141.53731,38.40173],[141.53727,38.40185]]],[[[141.53586,38.40203],[141.53591,38.40212],[141.53588,38.40203],[141.53586,38.40203]]],[[[141.53601,38.40212],[141.53655,38.40209],[141.53625,38.40183],[141.53601,38.40212]]],[[[141.53672,38.40233],[141.53666,38.40226],[141.53665,38.40229],[141.53672,38.40233]]],[[[141.5368,38.40248],[141.53673,38.40251],[141.53678,38.40267],[141.5368,38.40248]]],[[[141.53742,38.40258],[141.53722,38.40256],[141.53751,38.40282],[141.53742,38.40258]]],[[[141.53869,38.44436],[141.5387,38.44432],[141.53865,38.44436],[141.53869,38.44436]]],[[[141.53874,38.4445],[141.53875,38.44446],[141.5387,38.4445],[141.53874,38.4445]]],[[[141.53805,38.44454],[141.53811,38.44454],[141.5381,38.44448],[141.53805,38.44454]]],[[[141.53822,38.44474],[141.53813,38.44461],[141.53816,38.44474],[141.53822,38.44474]]],[[[141.53831,38.44504],[141.53833,38.44498],[141.53828,38.44479],[141.53831,38.44504]]],[[[141.53705,38.4453],[141.53707,38.44539],[141.53713,38.44548],[141.53705,38.4453]]],[[[141.53565,38.44627],[141.53566,38.44624],[141.53564,38.44625],[141.53565,38.44627]]],[[[141.53569,38.45382],[141.53577,38.45384],[141.53574,38.45379],[141.53569,38.45382]]],[[[141.53564,38.45441],[141.53575,38.45452],[141.53578,38.45441],[141.53564,38.45441]]],[[[141.53574,38.48669],[141.53587,38.48685],[141.53592,38.48682],[141.53574,38.48669]]],[[[141.53589,38.48693],[141.53585,38.48697],[141.53593,38.48702],[141.53589,38.48693]]],[[[141.53553,38.48702],[141.53556,38.48708],[141.53558,38.48707],[141.53553,38.48702]]],[[[141.53587,38.48727],[141.53593,38.48713],[141.53586,38.4871],[141.53587,38.48727]]],[[[141.53553,38.48715],[141.53554,38.48724],[141.53556,38.48716],[141.53553,38.48715]]],[[[141.53583,38.48786],[141.53591,38.48783],[141.53584,38.48782],[141.53583,38.48786]]],[[[141.53596,38.48787],[141.53594,38.48782],[141.53593,38.48785],[141.53596,38.48787]]],[[[141.53581,38.488],[141.53564,38.48818],[141.53601,38.48814],[141.53581,38.488]]],[[[141.53672,38.48848],[141.53666,38.48834],[141.53662,38.48847],[141.53672,38.48848]]],[[[141.53579,38.48834],[141.53578,38.48849],[141.53589,38.48847],[141.53579,38.48834]]],[[[141.53691,38.4885],[141.5368,38.48843],[141.5369,38.48851],[141.53691,38.4885]]],[[[141.53656,38.48863],[141.53653,38.48873],[141.53659,38.48871],[141.53656,38.48863]]],[[[141.53694,38.48898],[141.53691,38.48903],[141.53696,38.48903],[141.53694,38.48898]]],[[[141.53655,38.48914],[141.53651,38.48923],[141.53657,38.48925],[141.53655,38.48914]]],[[[141.5373,38.48935],[141.53685,38.48913],[141.5369,38.48939],[141.5373,38.48935]]],[[[141.53742,38.48941],[141.53757,38.4893],[141.5374,38.48921],[141.53742,38.48941]]],[[[141.53661,38.48959],[141.5367,38.48959],[141.53661,38.4895],[141.53661,38.48959]]],[[[141.5368,38.48964],[141.53674,38.48962],[141.53677,38.48967],[141.5368,38.48964]]],[[[141.53708,38.4895],[141.5372,38.48976],[141.53724,38.4896],[141.53708,38.4895]]],[[[141.53729,38.48958],[141.53741,38.4898],[141.53753,38.48982],[141.53729,38.48958]]],[[[141.53805,38.49041],[141.53819,38.49065],[141.53811,38.49025],[141.53805,38.49041]]],[[[141.53835,38.49044],[141.53848,38.49043],[141.53834,38.49042],[141.53835,38.49044]]],[[[141.53749,38.49043],[141.53746,38.49055],[141.53749,38.49057],[141.53749,38.49043]]],[[[141.53731,38.49047],[141.53742,38.49047],[141.5374,38.49043],[141.53731,38.49047]]],[[[141.53777,38.49027],[141.53762,38.49016],[141.53781,38.49089],[141.53777,38.49027]]],[[[141.53738,38.49078],[141.53744,38.49081],[141.53741,38.49075],[141.53738,38.49078]]],[[[141.53823,38.4908],[141.53826,38.49091],[141.53828,38.49079],[141.53823,38.4908]]],[[[141.53832,38.49103],[141.53825,38.49106],[141.53835,38.49106],[141.53832,38.49103]]],[[[141.53845,38.49105],[141.53838,38.49111],[141.53843,38.49114],[141.53845,38.49105]]],[[[141.53838,38.49129],[141.53827,38.49123],[141.53841,38.49141],[141.53838,38.49129]]],[[[141.53704,38.49139],[141.53707,38.49141],[141.53705,38.49138],[141.53704,38.49139]]],[[[141.53696,38.49181],[141.53705,38.49155],[141.53694,38.49153],[141.53696,38.49181]]],[[[141.53692,38.49188],[141.53681,38.49209],[141.53691,38.49224],[141.53692,38.49188]]],[[[141.53696,38.49195],[141.53716,38.49225],[141.53713,38.49191],[141.53696,38.49195]]],[[[141.53569,38.49232],[141.53567,38.49239],[141.53572,38.49238],[141.53569,38.49232]]],[[[141.53574,38.49255],[141.53564,38.49243],[141.53572,38.49258],[141.53574,38.49255]]],[[[141.53558,38.49284],[141.53548,38.49288],[141.53561,38.49287],[141.53558,38.49284]]],[[[141.53573,38.49302],[141.53568,38.4931],[141.53576,38.4931],[141.53573,38.49302]]],[[[141.53554,38.49312],[141.53551,38.49313],[141.53555,38.49314],[141.53554,38.49312]]],[[[141.53566,38.49355],[141.53568,38.49353],[141.53567,38.49352],[141.53566,38.49355]]],[[[141.53588,38.49371],[141.53586,38.49353],[141.53579,38.4935],[141.53588,38.49371]]],[[[141.53692,38.49366],[141.53697,38.49366],[141.53695,38.49365],[141.53692,38.49366]]],[[[141.53685,38.49369],[141.53689,38.49366],[141.53684,38.49365],[141.53685,38.49369]]],[[[141.53582,38.49373],[141.5358,38.49367],[141.5358,38.49371],[141.53582,38.49373]]],[[[141.53656,38.49381],[141.53666,38.49368],[141.53653,38.49362],[141.53656,38.49381]]],[[[141.53707,38.49372],[141.53709,38.49377],[141.5371,38.49376],[141.53707,38.49372]]],[[[141.53646,38.49378],[141.53649,38.49375],[141.53645,38.49376],[141.53646,38.49378]]],[[[141.53687,38.49389],[141.53693,38.49375],[141.53682,38.49378],[141.53687,38.49389]]],[[[141.5358,38.49392],[141.53587,38.49381],[141.5358,38.49376],[141.5358,38.49392]]],[[[141.53635,38.4939],[141.53627,38.49384],[141.53627,38.49394],[141.53635,38.4939]]],[[[141.53588,38.49389],[141.53593,38.49393],[141.53592,38.49389],[141.53588,38.49389]]],[[[141.53563,38.49628],[141.53557,38.49633],[141.53563,38.49636],[141.53563,38.49628]]],[[[141.53596,38.49636],[141.53592,38.49631],[141.53594,38.49637],[141.53596,38.49636]]],[[[141.53612,38.49685],[141.53613,38.49674],[141.53606,38.49669],[141.53612,38.49685]]],[[[141.53609,38.49747],[141.53596,38.49737],[141.53594,38.49749],[141.53609,38.49747]]],[[[141.53622,38.49741],[141.53614,38.49746],[141.53624,38.49747],[141.53622,38.49741]]],[[[141.53642,38.49761],[141.53649,38.49767],[141.53644,38.49758],[141.53642,38.49761]]],[[[141.53848,38.49846],[141.53834,38.49831],[141.53835,38.49841],[141.53848,38.49846]]],[[[141.53874,38.50357],[141.53864,38.50382],[141.53874,38.50391],[141.53874,38.50357]]],[[[141.5387,38.50416],[141.53872,38.50399],[141.53866,38.50394],[141.5387,38.50416]]],[[[141.53876,38.50433],[141.53853,38.50439],[141.53882,38.50451],[141.53876,38.50433]]],[[[141.53814,38.50496],[141.53806,38.50496],[141.53808,38.50504],[141.53814,38.50496]]],[[[141.53833,38.505],[141.53841,38.50507],[141.5384,38.50496],[141.53833,38.505]]],[[[141.53863,38.50525],[141.53855,38.50514],[141.53861,38.50525],[141.53863,38.50525]]],[[[141.53846,38.50525],[141.53854,38.50534],[141.53849,38.50523],[141.53846,38.50525]]],[[[141.53859,38.50578],[141.53856,38.50579],[141.53859,38.50582],[141.53859,38.50578]]],[[[141.53863,38.50589],[141.53861,38.50586],[141.53862,38.50589],[141.53863,38.50589]]],[[[141.53805,38.50637],[141.53808,38.50632],[141.53804,38.50633],[141.53805,38.50637]]],[[[141.53731,38.50651],[141.53711,38.50641],[141.5372,38.50661],[141.53731,38.50651]]],[[[141.53805,38.50657],[141.53841,38.50652],[141.53805,38.50644],[141.53805,38.50657]]],[[[141.53648,38.50802],[141.53637,38.50808],[141.53652,38.50803],[141.53648,38.50802]]],[[[141.53613,38.50819],[141.53617,38.50822],[141.53618,38.5082],[141.53613,38.50819]]],[[[141.53698,38.50972],[141.53698,38.50965],[141.53695,38.50967],[141.53698,38.50972]]],[[[141.53696,38.51005],[141.53691,38.51004],[141.53692,38.51006],[141.53696,38.51005]]],[[[141.53602,38.51043],[141.53597,38.51048],[141.53605,38.51048],[141.53602,38.51043]]],[[[141.53584,38.51048],[141.53582,38.51056],[141.5359,38.51056],[141.53584,38.51048]]],[[[141.53587,38.51075],[141.53586,38.51073],[141.53585,38.51074],[141.53587,38.51075]]],[[[141.53582,38.51076],[141.53581,38.51074],[141.53579,38.51076],[141.53582,38.51076]]],[[[141.53593,38.51077],[141.5359,38.51078],[141.53593,38.51078],[141.53593,38.51077]]],[[[141.53809,38.51125],[141.53799,38.51114],[141.53803,38.51127],[141.53809,38.51125]]],[[[141.53808,38.51128],[141.53814,38.51133],[141.53813,38.51129],[141.53808,38.51128]]],[[[141.53871,38.51168],[141.53869,38.51171],[141.53871,38.51173],[141.53871,38.51168]]],[[[141.53868,38.51409],[141.53871,38.51408],[141.53868,38.51408],[141.53868,38.51409]]],[[[141.53875,38.51409],[141.53876,38.51411],[141.5388,38.5141],[141.53875,38.51409]]],[[[141.53859,38.51468],[141.53851,38.51485],[141.53868,38.51477],[141.53859,38.51468]]],[[[141.53821,38.51522],[141.5382,38.51514],[141.53816,38.51519],[141.53821,38.51522]]],[[[141.53862,38.52929],[141.53868,38.52924],[141.5386,38.52924],[141.53862,38.52929]]],[[[141.5386,38.52929],[141.53856,38.5293],[141.53859,38.52932],[141.5386,38.52929]]],[[[141.53871,38.52943],[141.53865,38.52941],[141.53868,38.52944],[141.53871,38.52943]]],[[[141.53857,38.52977],[141.5386,38.52978],[141.53858,38.52975],[141.53857,38.52977]]],[[[141.53825,38.52983],[141.53829,38.52983],[141.5383,38.52981],[141.53825,38.52983]]],[[[141.53817,38.52993],[141.53812,38.52987],[141.5381,38.52989],[141.53817,38.52993]]],[[[141.53847,38.52997],[141.5385,38.52995],[141.53847,38.52996],[141.53847,38.52997]]],[[[141.53855,38.52995],[141.5386,38.53004],[141.53863,38.53002],[141.53855,38.52995]]],[[[141.53845,38.53036],[141.53846,38.52998],[141.53815,38.53004],[141.53845,38.53036]]],[[[141.53794,38.53013],[141.53812,38.53036],[141.53815,38.53037],[141.53794,38.53013]]],[[[141.53862,38.53023],[141.53862,38.53027],[141.53865,38.53026],[141.53862,38.53023]]],[[[141.53818,38.53045],[141.53826,38.53048],[141.53821,38.53042],[141.53818,38.53045]]],[[[141.53776,38.53036],[141.53784,38.53051],[141.53799,38.53064],[141.53776,38.53036]]],[[[141.53867,38.53144],[141.53867,38.53136],[141.53865,38.53136],[141.53867,38.53144]]],[[[141.53714,38.53167],[141.53717,38.53172],[141.53714,38.53165],[141.53714,38.53167]]],[[[141.53714,38.53173],[141.53707,38.53166],[141.53708,38.53173],[141.53714,38.53173]]],[[[141.53694,38.53175],[141.53703,38.53184],[141.537,38.53168],[141.53694,38.53175]]],[[[141.53871,38.53174],[141.53862,38.53184],[141.53873,38.53184],[141.53871,38.53174]]],[[[141.53855,38.53207],[141.53852,38.53181],[141.53847,38.53184],[141.53855,38.53207]]],[[[141.53824,38.53204],[141.53819,38.53211],[141.53829,38.53212],[141.53824,38.53204]]],[[[141.53813,38.53206],[141.53812,38.53225],[141.53822,38.53226],[141.53813,38.53206]]],[[[141.53807,38.53222],[141.53803,38.53235],[141.53809,38.53238],[141.53807,38.53222]]],[[[141.53615,38.53288],[141.53618,38.53288],[141.53615,38.53286],[141.53615,38.53288]]],[[[141.53589,38.53287],[141.53587,38.5329],[141.53589,38.5329],[141.53589,38.53287]]],[[[141.53688,38.5333],[141.5369,38.53324],[141.53686,38.53325],[141.53688,38.5333]]],[[[141.53739,38.5339],[141.5372,38.53363],[141.53716,38.53361],[141.53713,38.53374],[141.53739,38.5339]]],[[[141.53554,38.55051],[141.53554,38.55056],[141.53558,38.55057],[141.53554,38.55051]]],[[[141.53707,38.55494],[141.53707,38.55488],[141.53703,38.55489],[141.53707,38.55494]]],[[[141.53719,38.60809],[141.53718,38.60803],[141.53716,38.60804],[141.53719,38.60809]]],[[[141.53703,38.6081],[141.53701,38.60816],[141.53705,38.60815],[141.53703,38.6081]]],[[[141.53799,38.60822],[141.538,38.60819],[141.53797,38.6082],[141.53799,38.60822]]],[[[141.53804,38.6083],[141.53817,38.60824],[141.5381,38.6082],[141.53803,38.60822],[141.53804,38.6083]]],[[[141.53795,38.60826],[141.53799,38.60824],[141.53794,38.60823],[141.53795,38.60826]]],[[[141.53813,38.6084],[141.53809,38.60841],[141.53811,38.60843],[141.53813,38.6084]]],[[[141.53817,38.60857],[141.53813,38.60855],[141.53814,38.60857],[141.53817,38.60857]]],[[[141.53676,38.60967],[141.53672,38.60976],[141.53673,38.60983],[141.53676,38.60967]]],[[[141.53686,38.60974],[141.53686,38.60976],[141.53688,38.60976],[141.53686,38.60974]]],[[[141.53659,38.60979],[141.53649,38.60969],[141.53646,38.60984],[141.53659,38.60979]]],[[[141.53684,38.60996],[141.5368,38.60982],[141.53677,38.60996],[141.53684,38.60996]]],[[[141.53641,38.60983],[141.53639,38.61007],[141.53644,38.60983],[141.53641,38.60983]]],[[[141.53696,38.61013],[141.53691,38.61009],[141.53696,38.61014],[141.53696,38.61013]]],[[[141.53678,38.6103],[141.53643,38.60998],[141.53669,38.61041],[141.53678,38.6103]]],[[[141.53651,38.6103],[141.53649,38.6102],[141.53647,38.61017],[141.53651,38.6103]]],[[[141.5371,38.61048],[141.53702,38.61036],[141.53697,38.61029],[141.53704,38.61043],[141.5371,38.61048]]],[[[141.53554,38.61751],[141.53553,38.61754],[141.53554,38.61755],[141.53554,38.61751]]],[[[141.53553,38.61799],[141.53602,38.61763],[141.53554,38.61719],[141.5356,38.61732],[141.53553,38.61799]]],[[[141.5357,38.61804],[141.53568,38.61806],[141.5357,38.61806],[141.5357,38.61804]]],[[[141.53644,38.61808],[141.53644,38.61814],[141.53651,38.61812],[141.53644,38.61808]]],[[[141.53639,38.6182],[141.53629,38.61812],[141.53625,38.61819],[141.53639,38.6182]]],[[[141.53633,38.61835],[141.53635,38.61839],[141.53638,38.61838],[141.53633,38.61835]]],[[[141.53643,38.61846],[141.53639,38.61841],[141.53636,38.61843],[141.53643,38.61846]]],[[[141.53643,38.61893],[141.53614,38.61865],[141.53626,38.61903],[141.53643,38.61893]]],[[[141.53717,38.61919],[141.53721,38.61924],[141.53724,38.61912],[141.53717,38.61919]]],[[[141.5367,38.61911],[141.53656,38.61902],[141.53669,38.61949],[141.5367,38.61911]]],[[[141.53687,38.61925],[141.53692,38.61924],[141.53686,38.61921],[141.53687,38.61925]]],[[[141.53701,38.61959],[141.537,38.61956],[141.53698,38.61958],[141.53701,38.61959]]],[[[141.53915,38.30232],[141.53921,38.30225],[141.53913,38.30227],[141.53915,38.30232]]],[[[141.53882,38.30231],[141.53884,38.3024],[141.53889,38.30239],[141.53882,38.30231]]],[[[141.53913,38.30242],[141.53912,38.30251],[141.53918,38.30243],[141.53913,38.30242]]],[[[141.53958,38.3027],[141.53962,38.30276],[141.53962,38.30269],[141.53958,38.3027]]],[[[141.54015,38.30302],[141.54019,38.30299],[141.54011,38.30301],[141.54015,38.30302]]],[[[141.54008,38.3031],[141.54015,38.30306],[141.54008,38.30307],[141.54008,38.3031]]],[[[141.54018,38.3042],[141.54015,38.30417],[141.54014,38.30419],[141.54018,38.3042]]],[[[141.5402,38.3053],[141.54025,38.30535],[141.54028,38.30531],[141.5402,38.3053]]],[[[141.54026,38.30554],[141.54039,38.30546],[141.54029,38.30546],[141.54026,38.30554]]],[[[141.54054,38.30582],[141.54049,38.30581],[141.54048,38.30583],[141.54054,38.30582]]],[[[141.54056,38.30582],[141.54052,38.30586],[141.54057,38.30583],[141.54056,38.30582]]],[[[141.54063,38.30613],[141.54058,38.30643],[141.54062,38.30643],[141.54063,38.30613]]],[[[141.54077,38.30632],[141.54073,38.30631],[141.54074,38.30635],[141.54077,38.30632]]],[[[141.541,38.30638],[141.54096,38.30636],[141.54098,38.30639],[141.541,38.30638]]],[[[141.54075,38.3064],[141.54071,38.30639],[141.54071,38.30642],[141.54075,38.3064]]],[[[141.54086,38.30648],[141.54084,38.30651],[141.54087,38.30648],[141.54086,38.30648]]],[[[141.54066,38.30654],[141.54061,38.30649],[141.54059,38.30652],[141.54066,38.30654]]],[[[141.54064,38.30693],[141.54059,38.30695],[141.54063,38.30698],[141.54064,38.30693]]],[[[141.54066,38.30772],[141.54079,38.30769],[141.54079,38.30767],[141.54066,38.30772]]],[[[141.54121,38.30826],[141.54115,38.30822],[141.54116,38.30827],[141.54121,38.30826]]],[[[141.54099,38.30823],[141.54098,38.30842],[141.54102,38.30821],[141.54099,38.30823]]],[[[141.54113,38.30853],[141.54119,38.30846],[141.54112,38.30845],[141.54113,38.30853]]],[[[141.54098,38.30854],[141.54107,38.3085],[141.54104,38.30846],[141.54098,38.30854]]],[[[141.54104,38.30897],[141.54105,38.309],[141.54108,38.30897],[141.54104,38.30897]]],[[[141.54108,38.30901],[141.54107,38.30906],[141.54108,38.30905],[141.54108,38.30901]]],[[[141.54088,38.30907],[141.54087,38.30902],[141.54085,38.30904],[141.54088,38.30907]]],[[[141.54133,38.30924],[141.54128,38.30933],[141.54131,38.30934],[141.54133,38.30924]]],[[[141.54127,38.30949],[141.54133,38.30954],[141.54132,38.30947],[141.54127,38.30949]]],[[[141.54115,38.30965],[141.54119,38.30958],[141.54116,38.30959],[141.54115,38.30965]]],[[[141.54112,38.30962],[141.54102,38.30968],[141.54113,38.30965],[141.54112,38.30962]]],[[[141.54091,38.30971],[141.54089,38.30968],[141.54087,38.30969],[141.54091,38.30971]]],[[[141.54094,38.31064],[141.54094,38.31058],[141.5409,38.31062],[141.54094,38.31064]]],[[[141.54153,38.31158],[141.5416,38.31167],[141.54163,38.31156],[141.54153,38.31158]]],[[[141.54153,38.31171],[141.54149,38.31169],[141.54149,38.3117],[141.54153,38.31171]]],[[[141.54151,38.31177],[141.54155,38.31173],[141.54149,38.31174],[141.54151,38.31177]]],[[[141.54155,38.31185],[141.54161,38.31179],[141.54157,38.31177],[141.54155,38.31185]]],[[[141.54131,38.31244],[141.54147,38.31201],[141.54117,38.31203],[141.54131,38.31244]]],[[[141.54148,38.31263],[141.54156,38.31255],[141.54147,38.31259],[141.54148,38.31263]]],[[[141.54148,38.31287],[141.54132,38.31278],[141.54122,38.31282],[141.54148,38.31287]]],[[[141.54109,38.31293],[141.54107,38.31301],[141.54112,38.31297],[141.54109,38.31293]]],[[[141.54091,38.31307],[141.54094,38.31302],[141.54085,38.31303],[141.54091,38.31307]]],[[[141.54121,38.31301],[141.5411,38.31315],[141.54138,38.31317],[141.54121,38.31301]]],[[[141.54067,38.31316],[141.54078,38.3132],[141.54077,38.31315],[141.54067,38.31316]]],[[[141.5415,38.31325],[141.54131,38.31339],[141.54154,38.31332],[141.5415,38.31325]]],[[[141.54089,38.31338],[141.54082,38.31352],[141.54094,38.31343],[141.54089,38.31338]]],[[[141.54164,38.31352],[141.54147,38.31342],[141.5415,38.31354],[141.54164,38.31352]]],[[[141.54103,38.31412],[141.54102,38.31408],[141.54098,38.3141],[141.54103,38.31412]]],[[[141.54057,38.31448],[141.54069,38.31451],[141.54071,38.31445],[141.54057,38.31448]]],[[[141.54079,38.31467],[141.54087,38.31465],[141.54082,38.31464],[141.54079,38.31467]]],[[[141.54062,38.31506],[141.54061,38.315],[141.54057,38.31501],[141.54062,38.31506]]],[[[141.54091,38.31514],[141.54101,38.31507],[141.54088,38.31509],[141.54091,38.31514]]],[[[141.54072,38.31518],[141.54077,38.3151],[141.54067,38.3151],[141.54072,38.31518]]],[[[141.54073,38.31529],[141.5408,38.3153],[141.54078,38.31525],[141.54073,38.31529]]],[[[141.54095,38.31556],[141.54093,38.31564],[141.54097,38.31562],[141.54095,38.31556]]],[[[141.54099,38.31617],[141.541,38.31595],[141.54089,38.31607],[141.54099,38.31617]]],[[[141.5408,38.31627],[141.54096,38.31629],[141.54075,38.3162],[141.5408,38.31627]]],[[[141.54101,38.31672],[141.54111,38.31655],[141.54091,38.31664],[141.54101,38.31672]]],[[[141.54119,38.31681],[141.54122,38.31673],[141.54118,38.31673],[141.54119,38.31681]]],[[[141.54041,38.31668],[141.54026,38.31673],[141.5404,38.31695],[141.54041,38.31668]]],[[[141.53945,38.31708],[141.53953,38.31707],[141.53952,38.31702],[141.53945,38.31708]]],[[[141.53929,38.31724],[141.53931,38.31725],[141.53931,38.31723],[141.53929,38.31724]]],[[[141.53927,38.31742],[141.53925,38.31743],[141.53927,38.31744],[141.53927,38.31742]]],[[[141.5396,38.31753],[141.53958,38.31749],[141.53958,38.31752],[141.5396,38.31753]]],[[[141.53979,38.31752],[141.53975,38.3175],[141.53973,38.31751],[141.53979,38.31752]]],[[[141.53979,38.31754],[141.53978,38.31757],[141.5398,38.31755],[141.53979,38.31754]]],[[[141.53972,38.31764],[141.53971,38.31759],[141.5397,38.31759],[141.53972,38.31764]]],[[[141.53953,38.31817],[141.53953,38.31812],[141.53949,38.31813],[141.53953,38.31817]]],[[[141.54007,38.31959],[141.53984,38.31959],[141.53982,38.31961],[141.54007,38.31959]]],[[[141.541,38.38801],[141.54096,38.388],[141.54098,38.38802],[141.541,38.38801]]],[[[141.54097,38.38807],[141.54094,38.38804],[141.54093,38.38807],[141.54097,38.38807]]],[[[141.54059,38.38849],[141.54043,38.38797],[141.54017,38.38778],[141.54059,38.38849]]],[[[141.5398,38.38818],[141.5399,38.38832],[141.5398,38.38815],[141.5398,38.38818]]],[[[141.53976,38.38865],[141.53969,38.38809],[141.53953,38.38801],[141.53976,38.38865]]],[[[141.54003,38.38865],[141.54034,38.38835],[141.54007,38.38807],[141.54003,38.38865]]],[[[141.54057,38.38871],[141.54056,38.38866],[141.54054,38.38866],[141.54057,38.38871]]],[[[141.54049,38.3888],[141.5405,38.38874],[141.54048,38.38875],[141.54049,38.3888]]],[[[141.54006,38.38883],[141.53998,38.38883],[141.54005,38.38887],[141.54006,38.38883]]],[[[141.54084,38.3898],[141.54094,38.38958],[141.54078,38.38956],[141.54084,38.3898]]],[[[141.54107,38.38995],[141.54112,38.38994],[141.5411,38.38988],[141.54107,38.38995]]],[[[141.54104,38.38996],[141.54102,38.38997],[141.54105,38.38997],[141.54104,38.38996]]],[[[141.54106,38.38997],[141.54106,38.39],[141.54108,38.38999],[141.54106,38.38997]]],[[[141.5403,38.39032],[141.54051,38.39048],[141.54033,38.39022],[141.5403,38.39032]]],[[[141.53937,38.39032],[141.53946,38.39044],[141.5395,38.39044],[141.53937,38.39032]]],[[[141.53925,38.39044],[141.53923,38.39038],[141.53914,38.39036],[141.53925,38.39044]]],[[[141.53892,38.39054],[141.53899,38.39048],[141.53885,38.39044],[141.53892,38.39054]]],[[[141.54088,38.39055],[141.54085,38.3905],[141.54084,38.39055],[141.54088,38.39055]]],[[[141.53893,38.39159],[141.53888,38.39155],[141.53889,38.3916],[141.53893,38.39159]]],[[[141.53908,38.39209],[141.53918,38.39206],[141.53912,38.39203],[141.53908,38.39209]]],[[[141.53873,38.39235],[141.53889,38.39242],[141.53884,38.39231],[141.53873,38.39235]]],[[[141.53921,38.39428],[141.53926,38.39431],[141.53925,38.39427],[141.53921,38.39428]]],[[[141.54001,38.39448],[141.53999,38.39446],[141.53999,38.39447],[141.54001,38.39448]]],[[[141.53964,38.39458],[141.53961,38.39446],[141.53956,38.39446],[141.53964,38.39458]]],[[[141.5401,38.39465],[141.54012,38.39459],[141.54003,38.39455],[141.5401,38.39465]]],[[[141.53962,38.39464],[141.5397,38.39464],[141.53971,38.39458],[141.53962,38.39464]]],[[[141.53938,38.3947],[141.53939,38.39461],[141.53933,38.39462],[141.53938,38.3947]]],[[[141.54107,38.3956],[141.5412,38.39549],[141.54135,38.39557],[141.54119,38.39544],[141.54107,38.3956]]],[[[141.5411,38.39565],[141.54106,38.39561],[141.54105,38.39566],[141.5411,38.39565]]],[[[141.54112,38.39579],[141.54101,38.39579],[141.54109,38.39582],[141.54112,38.39579]]],[[[141.54117,38.39596],[141.54128,38.39603],[141.54126,38.39595],[141.54117,38.39596]]],[[[141.54157,38.39605],[141.54157,38.39603],[141.54155,38.39602],[141.54157,38.39605]]],[[[141.53921,38.39598],[141.53934,38.39601],[141.53922,38.39597],[141.53921,38.39598]]],[[[141.53972,38.39616],[141.53972,38.39611],[141.5397,38.39612],[141.53972,38.39616]]],[[[141.54094,38.39639],[141.54112,38.39626],[141.541,38.39584],[141.54094,38.39639]]],[[[141.53961,38.39617],[141.53974,38.39624],[141.53962,38.39613],[141.53961,38.39617]]],[[[141.54101,38.44312],[141.54102,38.443],[141.54097,38.44297],[141.54101,38.44312]]],[[[141.54104,38.44383],[141.54122,38.44308],[141.54071,38.44341],[141.54104,38.44383]]],[[[141.54157,38.44387],[141.54158,38.44389],[141.54159,38.44387],[141.54157,38.44387]]],[[[141.54146,38.44397],[141.54148,38.44389],[141.54142,38.4439],[141.54146,38.44397]]],[[[141.54121,38.44413],[141.54138,38.44397],[141.54107,38.44393],[141.54121,38.44413]]],[[[141.54145,38.44412],[141.54159,38.44413],[141.54145,38.444],[141.54145,38.44412]]],[[[141.54009,38.44427],[141.54005,38.44428],[141.54008,38.44429],[141.54009,38.44427]]],[[[141.53879,38.44442],[141.5388,38.4444],[141.53877,38.44442],[141.53879,38.44442]]],[[[141.53943,38.44475],[141.53917,38.4443],[141.53908,38.44433],[141.53943,38.44475]]],[[[141.54022,38.44447],[141.54024,38.44462],[141.54032,38.44463],[141.54022,38.44447]]],[[[141.54142,38.44469],[141.54141,38.44466],[141.54139,38.44468],[141.54142,38.44469]]],[[[141.53896,38.44462],[141.53895,38.44473],[141.5391,38.44503],[141.53896,38.44462]]],[[[141.5394,38.44481],[141.53948,38.44482],[141.53938,38.44478],[141.5394,38.44481]]],[[[141.53893,38.44506],[141.53861,38.44465],[141.53893,38.44509],[141.53893,38.44506]]],[[[141.53895,38.44534],[141.53901,38.44527],[141.53894,38.44529],[141.53894,38.44525],[141.53889,38.44528],[141.53895,38.44534]]],[[[141.53928,38.44535],[141.53928,38.44538],[141.5393,38.44537],[141.53928,38.44535]]],[[[141.53913,38.44556],[141.5391,38.44553],[141.53912,38.44556],[141.53913,38.44556]]],[[[141.53879,38.49753],[141.53882,38.49748],[141.53876,38.49751],[141.53879,38.49753]]],[[[141.53982,38.49752],[141.53983,38.49757],[141.53985,38.49755],[141.53982,38.49752]]],[[[141.53967,38.49784],[141.53957,38.49785],[141.53963,38.49788],[141.53967,38.49784]]],[[[141.54134,38.49775],[141.54117,38.49789],[141.54121,38.49801],[141.54134,38.49775]]],[[[141.53974,38.49855],[141.53966,38.49836],[141.53961,38.49834],[141.53974,38.49855]]],[[[141.54001,38.49862],[141.53993,38.49845],[141.53997,38.49862],[141.54001,38.49862]]],[[[141.53987,38.49869],[141.53988,38.49865],[141.53986,38.49866],[141.53987,38.49869]]],[[[141.54143,38.49898],[141.5414,38.49874],[141.54133,38.49874],[141.54143,38.49898]]],[[[141.54038,38.49927],[141.54034,38.49936],[141.54043,38.49933],[141.54038,38.49927]]],[[[141.54144,38.49928],[141.5416,38.49943],[141.5415,38.49919],[141.54144,38.49928]]],[[[141.5405,38.49949],[141.54042,38.49944],[141.54049,38.49951],[141.5405,38.49949]]],[[[141.54093,38.50036],[141.54103,38.5004],[141.54095,38.50031],[141.54093,38.50036]]],[[[141.54092,38.50078],[141.54086,38.50081],[141.54093,38.50084],[141.54092,38.50078]]],[[[141.54002,38.50356],[141.54004,38.5035],[141.54003,38.5035],[141.54002,38.50356]]],[[[141.54042,38.50367],[141.54046,38.50374],[141.54044,38.50367],[141.54042,38.50367]]],[[[141.54018,38.50379],[141.54022,38.50384],[141.5402,38.50379],[141.54018,38.50379]]],[[[141.54156,38.50508],[141.54152,38.50517],[141.54156,38.50519],[141.54156,38.50508]]],[[[141.53887,38.50582],[141.53895,38.50586],[141.5389,38.50579],[141.53887,38.50582]]],[[[141.53905,38.51113],[141.53913,38.51119],[141.53911,38.51111],[141.53905,38.51113]]],[[[141.53899,38.5116],[141.53897,38.51156],[141.53897,38.51161],[141.53899,38.5116]]],[[[141.53904,38.51162],[141.53901,38.51161],[141.53903,38.51166],[141.53904,38.51162]]],[[[141.5403,38.51183],[141.54035,38.51171],[141.54029,38.51176],[141.5403,38.51183]]],[[[141.54006,38.51207],[141.54014,38.51233],[141.54012,38.512],[141.54006,38.51207]]],[[[141.54039,38.51219],[141.54031,38.51219],[141.54031,38.51228],[141.54039,38.51219]]],[[[141.54001,38.51243],[141.53996,38.51225],[141.53994,38.51244],[141.54001,38.51243]]],[[[141.54032,38.51234],[141.54033,38.51247],[141.54039,38.51235],[141.54032,38.51234]]],[[[141.54011,38.51247],[141.54015,38.51245],[141.54011,38.51246],[141.54011,38.51247]]],[[[141.54014,38.51257],[141.54009,38.51256],[141.5401,38.51261],[141.54014,38.51257]]],[[[141.53998,38.51272],[141.53992,38.51279],[141.53994,38.51281],[141.53998,38.51272]]],[[[141.54008,38.51268],[141.54009,38.51278],[141.54012,38.51268],[141.54008,38.51268]]],[[[141.54139,38.51324],[141.54153,38.51327],[141.54143,38.5129],[141.54139,38.51324]]],[[[141.54071,38.51345],[141.54023,38.51328],[141.54041,38.51381],[141.54071,38.51345]]],[[[141.53897,38.5134],[141.53897,38.51341],[141.53899,38.5134],[141.53897,38.5134]]],[[[141.539,38.51342],[141.539,38.51344],[141.53901,38.51342],[141.539,38.51342]]],[[[141.53893,38.51346],[141.53896,38.51344],[141.53895,38.51344],[141.53893,38.51346]]],[[[141.53899,38.5135],[141.53896,38.51348],[141.53895,38.51351],[141.53899,38.5135]]],[[[141.53895,38.51353],[141.53899,38.51352],[141.53894,38.51352],[141.53895,38.51353]]],[[[141.53895,38.51365],[141.53898,38.51367],[141.53898,38.51366],[141.53895,38.51365]]],[[[141.53887,38.51368],[141.53887,38.51372],[141.53889,38.51371],[141.53887,38.51368]]],[[[141.53896,38.51372],[141.53894,38.51371],[141.53894,38.51372],[141.53896,38.51372]]],[[[141.53879,38.51372],[141.53882,38.51374],[141.53882,38.51373],[141.53879,38.51372]]],[[[141.53885,38.51413],[141.53887,38.51406],[141.53882,38.51409],[141.53885,38.51413]]],[[[141.5388,38.51569],[141.53884,38.51566],[141.53881,38.51566],[141.5388,38.51569]]],[[[141.53918,38.51604],[141.53919,38.51607],[141.5392,38.51606],[141.53918,38.51604]]],[[[141.5415,38.51753],[141.54151,38.51745],[141.54147,38.51746],[141.5415,38.51753]]],[[[141.54012,38.51753],[141.54013,38.5175],[141.54008,38.5175],[141.54012,38.51753]]],[[[141.54077,38.51758],[141.54081,38.51769],[141.54087,38.51758],[141.54077,38.51758]]],[[[141.5404,38.51799],[141.54037,38.51797],[141.54038,38.518],[141.5404,38.51799]]],[[[141.54045,38.51803],[141.54048,38.51805],[141.54048,38.51804],[141.54045,38.51803]]],[[[141.54075,38.51812],[141.54077,38.51806],[141.54073,38.51807],[141.54075,38.51812]]],[[[141.54061,38.51815],[141.54067,38.51814],[141.54062,38.51806],[141.54061,38.51815]]],[[[141.54067,38.51819],[141.54065,38.51823],[141.54074,38.51821],[141.54067,38.51819]]],[[[141.54052,38.51842],[141.54053,38.51841],[141.54052,38.51841],[141.54052,38.51842]]],[[[141.54064,38.51847],[141.54065,38.51846],[141.54063,38.51846],[141.54064,38.51847]]],[[[141.54133,38.51855],[141.54123,38.51845],[141.54117,38.51848],[141.54133,38.51855]]],[[[141.54122,38.51854],[141.54115,38.51852],[141.54115,38.51855],[141.54122,38.51854]]],[[[141.54105,38.51854],[141.54101,38.51854],[141.54102,38.51856],[141.54105,38.51854]]],[[[141.54112,38.51855],[141.54113,38.51857],[141.54113,38.51854],[141.54112,38.51855]]],[[[141.54125,38.51855],[141.54129,38.51857],[141.5413,38.51856],[141.54125,38.51855]]],[[[141.54156,38.51868],[141.54154,38.51866],[141.54151,38.51867],[141.54156,38.51868]]],[[[141.54142,38.52693],[141.54162,38.52667],[141.54139,38.52687],[141.54142,38.52693]]],[[[141.54046,38.5269],[141.5405,38.52703],[141.54054,38.52702],[141.54046,38.5269]]],[[[141.5412,38.52699],[141.54128,38.52703],[141.54121,38.52696],[141.5412,38.52699]]],[[[141.54083,38.52699],[141.54088,38.52702],[141.54085,38.52697],[141.54083,38.52699]]],[[[141.54115,38.52702],[141.54122,38.52705],[141.54114,38.52698],[141.54115,38.52702]]],[[[141.54136,38.5272],[141.54123,38.52719],[141.54131,38.52727],[141.54136,38.5272]]],[[[141.53975,38.5286],[141.53979,38.52863],[141.53981,38.52858],[141.53975,38.5286]]],[[[141.53957,38.5286],[141.5396,38.52863],[141.5396,38.52861],[141.53957,38.5286]]],[[[141.53949,38.52874],[141.53955,38.52879],[141.53952,38.52873],[141.53949,38.52874]]],[[[141.53886,38.52885],[141.53882,38.52882],[141.53881,38.52884],[141.53886,38.52885]]],[[[141.53882,38.52895],[141.53877,38.5289],[141.53875,38.52892],[141.53882,38.52895]]],[[[141.53906,38.52923],[141.5391,38.52927],[141.53911,38.52926],[141.53906,38.52923]]],[[[141.53908,38.52933],[141.53914,38.52929],[141.53913,38.52927],[141.53908,38.52933]]],[[[141.53918,38.53004],[141.53919,38.52997],[141.53912,38.53],[141.53918,38.53004]]],[[[141.5388,38.53151],[141.53878,38.53155],[141.53882,38.53155],[141.5388,38.53151]]],[[[141.53906,38.53177],[141.53892,38.53174],[141.53902,38.53185],[141.53906,38.53177]]],[[[141.53874,38.53168],[141.53879,38.53193],[141.53896,38.53199],[141.53874,38.53168]]],[[[141.53919,38.53196],[141.53925,38.53195],[141.53921,38.53192],[141.53919,38.53196]]],[[[141.53928,38.53207],[141.53935,38.53205],[141.53927,38.53204],[141.53928,38.53207]]],[[[141.53891,38.53208],[141.53906,38.53215],[141.53903,38.53205],[141.53891,38.53208]]],[[[141.53877,38.53224],[141.53892,38.53241],[141.53897,38.53241],[141.5389,38.53226],[141.53877,38.53224]]],[[[141.53881,38.60861],[141.5387,38.60867],[141.53887,38.60878],[141.53881,38.60861]]],[[[141.53966,38.61006],[141.53969,38.61006],[141.53967,38.61005],[141.53966,38.61006]]],[[[141.53971,38.61015],[141.53972,38.61013],[141.53969,38.61014],[141.53971,38.61015]]],[[[141.53968,38.61025],[141.53967,38.61028],[141.53969,38.61028],[141.53968,38.61025]]],[[[141.53958,38.61046],[141.53955,38.61037],[141.5395,38.61039],[141.53958,38.61046]]],[[[141.54015,38.61043],[141.5401,38.61041],[141.54009,38.61042],[141.54015,38.61043]]],[[[141.53999,38.61059],[141.53996,38.61054],[141.53995,38.61054],[141.53999,38.61059]]],[[[141.53964,38.61058],[141.53961,38.61061],[141.53965,38.61061],[141.53964,38.61058]]],[[[141.53952,38.61063],[141.53957,38.61064],[141.53956,38.61062],[141.53952,38.61063]]],[[[141.55431,38.28608],[141.55431,38.2861],[141.55433,38.2861],[141.55431,38.28608]]],[[[141.55422,38.28614],[141.55424,38.28612],[141.55421,38.28612],[141.55422,38.28614]]],[[[141.55359,38.28658],[141.55354,38.28651],[141.55349,38.28653],[141.55359,38.28658]]],[[[141.5535,38.28666],[141.55355,38.28658],[141.5534,38.28658],[141.5535,38.28666]]],[[[141.55249,38.28749],[141.55243,38.28742],[141.5524,38.28751],[141.55249,38.28749]]],[[[141.55244,38.28757],[141.55241,38.28754],[141.5524,38.28756],[141.55244,38.28757]]],[[[141.55175,38.29344],[141.55178,38.29339],[141.55177,38.29339],[141.55175,38.29344]]],[[[141.55178,38.29356],[141.55175,38.29353],[141.55175,38.29356],[141.55178,38.29356]]],[[[141.55113,38.29561],[141.55109,38.29561],[141.5511,38.29563],[141.55113,38.29561]]],[[[141.55105,38.29563],[141.55107,38.29565],[141.55108,38.29563],[141.55105,38.29563]]],[[[141.55274,38.30659],[141.55271,38.30654],[141.55268,38.30656],[141.55274,38.30659]]],[[[141.54157,38.31154],[141.54161,38.31149],[141.54157,38.31151],[141.54157,38.31154]]],[[[141.54164,38.31158],[141.54171,38.31162],[141.54165,38.31156],[141.54164,38.31158]]],[[[141.54157,38.31174],[141.54167,38.31172],[141.54163,38.31168],[141.54157,38.31174]]],[[[141.54166,38.31267],[141.54173,38.31261],[141.54163,38.31265],[141.54166,38.31267]]],[[[141.54175,38.39016],[141.54181,38.39024],[141.54186,38.3902],[141.54175,38.39016]]],[[[141.54193,38.39547],[141.54184,38.39547],[141.54195,38.39551],[141.54193,38.39547]]],[[[141.54184,38.39663],[141.54178,38.39683],[141.54187,38.39682],[141.54184,38.39663]]],[[[141.54982,38.40183],[141.54972,38.40182],[141.54973,38.40186],[141.54982,38.40183]]],[[[141.55297,38.40209],[141.55308,38.40206],[141.55296,38.40206],[141.55297,38.40209]]],[[[141.55264,38.40215],[141.55277,38.40218],[141.55273,38.402],[141.55264,38.40215]]],[[[141.54937,38.40218],[141.54943,38.40213],[141.54937,38.4021],[141.54937,38.40218]]],[[[141.54972,38.40221],[141.54963,38.4022],[141.54975,38.40222],[141.54972,38.40221]]],[[[141.54901,38.40224],[141.54898,38.40217],[141.54896,38.40222],[141.54901,38.40224]]],[[[141.54976,38.40232],[141.54964,38.40232],[141.54971,38.40239],[141.54976,38.40232]]],[[[141.54932,38.40235],[141.54937,38.40234],[141.54932,38.40234],[141.54932,38.40235]]],[[[141.55287,38.40244],[141.55275,38.40243],[141.55275,38.40244],[141.55287,38.40244]]],[[[141.55344,38.40236],[141.55348,38.40241],[141.55345,38.40236],[141.55344,38.40236]]],[[[141.55027,38.40252],[141.55066,38.40224],[141.55026,38.40225],[141.55027,38.40252]]],[[[141.55258,38.40246],[141.55265,38.40242],[141.55262,38.40237],[141.55258,38.40246]]],[[[141.55094,38.40253],[141.55103,38.40258],[141.55097,38.40249],[141.55094,38.40253]]],[[[141.55356,38.4026],[141.55356,38.4025],[141.55352,38.40247],[141.55356,38.4026]]],[[[141.55239,38.40257],[141.55237,38.40261],[141.55239,38.40261],[141.55239,38.40257]]],[[[141.55289,38.40259],[141.55251,38.40271],[141.5528,38.40288],[141.55289,38.40259]]],[[[141.55381,38.40288],[141.55376,38.40294],[141.55383,38.40292],[141.55381,38.40288]]],[[[141.55396,38.40317],[141.55393,38.40313],[141.55393,38.40315],[141.55396,38.40317]]],[[[141.55413,38.40317],[141.55411,38.40314],[141.55411,38.40315],[141.55413,38.40317]]],[[[141.55424,38.40326],[141.55426,38.40322],[141.55423,38.40324],[141.55424,38.40326]]],[[[141.55117,38.40331],[141.55108,38.40321],[141.5511,38.4033],[141.55117,38.40331]]],[[[141.5509,38.40329],[141.55096,38.40331],[141.55095,38.40328],[141.5509,38.40329]]],[[[141.55364,38.40331],[141.55353,38.40342],[141.55372,38.40342],[141.55364,38.40331]]],[[[141.55153,38.4034],[141.55155,38.40338],[141.55151,38.40336],[141.55153,38.4034]]],[[[141.55109,38.40338],[141.55114,38.40344],[141.55116,38.40337],[141.55109,38.40338]]],[[[141.55374,38.40341],[141.55383,38.40343],[141.55376,38.40335],[141.55374,38.40341]]],[[[141.54833,38.4033],[141.54819,38.40338],[141.54833,38.40356],[141.54833,38.4033]]],[[[141.55125,38.40345],[141.55129,38.40344],[141.55125,38.40342],[141.55125,38.40345]]],[[[141.54856,38.40382],[141.55098,38.403],[141.54898,38.40227],[141.54856,38.40382]]],[[[141.55109,38.40348],[141.5511,38.40345],[141.55108,38.40346],[141.55109,38.40348]]],[[[141.54787,38.40361],[141.54783,38.40356],[141.54784,38.40364],[141.54787,38.40361]]],[[[141.54809,38.40372],[141.5482,38.40354],[141.54817,38.40341],[141.54809,38.40372]]],[[[141.55065,38.40361],[141.55073,38.40366],[141.55073,38.40361],[141.55065,38.40361]]],[[[141.55408,38.4037],[141.55413,38.40374],[141.55413,38.40371],[141.55408,38.4037]]],[[[141.55398,38.40374],[141.55401,38.40379],[141.55403,38.40376],[141.55398,38.40374]]],[[[141.55076,38.40381],[141.55071,38.40369],[141.5506,38.40383],[141.55076,38.40381]]],[[[141.55384,38.4039],[141.55395,38.40391],[141.5539,38.40384],[141.55384,38.4039]]],[[[141.55419,38.40395],[141.55409,38.40401],[141.5542,38.40396],[141.55419,38.40395]]],[[[141.5503,38.40399],[141.55042,38.40397],[141.5503,38.40392],[141.5503,38.40399]]],[[[141.55397,38.40402],[141.55402,38.40396],[141.55399,38.40395],[141.55397,38.40402]]],[[[141.54813,38.40391],[141.54814,38.40409],[141.5482,38.404],[141.54813,38.40391]]],[[[141.55046,38.40408],[141.55043,38.40401],[141.55039,38.40408],[141.55046,38.40408]]],[[[141.55046,38.40415],[141.55052,38.40416],[141.5505,38.40411],[141.55046,38.40415]]],[[[141.54853,38.40421],[141.54855,38.40415],[141.54852,38.40414],[141.54853,38.40421]]],[[[141.55186,38.40438],[141.55364,38.40505],[141.55416,38.40504],[141.55341,38.40329],[141.55374,38.40319],[141.55302,38.40216],[141.55291,38.40283],[141.5526,38.40307],[141.55158,38.40306],[141.55186,38.40438]]],[[[141.54973,38.40435],[141.54986,38.40457],[141.54978,38.40433],[141.54973,38.40435]]],[[[141.54883,38.40466],[141.54893,38.40433],[141.54878,38.4043],[141.54883,38.40466]]],[[[141.54897,38.40473],[141.54901,38.40462],[141.54892,38.40473],[141.54897,38.40473]]],[[[141.55195,38.40468],[141.55185,38.40487],[141.55201,38.40482],[141.55195,38.40468]]],[[[141.54899,38.40478],[141.54906,38.40477],[141.549,38.40476],[141.54899,38.40478]]],[[[141.55237,38.40489],[141.55237,38.40484],[141.55234,38.40484],[141.55237,38.40489]]],[[[141.55195,38.40496],[141.55193,38.40499],[141.55196,38.40498],[141.55195,38.40496]]],[[[141.54954,38.40524],[141.54959,38.40476],[141.5495,38.40473],[141.54954,38.40524]]],[[[141.54876,38.40515],[141.54873,38.40511],[141.54871,38.40511],[141.54876,38.40515]]],[[[141.55403,38.40517],[141.55405,38.40515],[141.55404,38.40514],[141.55403,38.40517]]],[[[141.55426,38.40523],[141.55419,38.40515],[141.55426,38.40525],[141.55426,38.40523]]],[[[141.55389,38.40519],[141.55403,38.40525],[141.55389,38.40513],[141.55389,38.40519]]],[[[141.552,38.40545],[141.55203,38.40548],[141.55203,38.40546],[141.552,38.40545]]],[[[141.55305,38.40548],[141.55316,38.40546],[141.55308,38.40542],[141.55305,38.40548]]],[[[141.55342,38.406],[141.55338,38.40568],[141.55334,38.40566],[141.55342,38.406]]],[[[141.55331,38.40605],[141.55339,38.40614],[141.55334,38.40602],[141.55331,38.40605]]],[[[141.55362,38.40612],[141.55371,38.40622],[141.55363,38.40609],[141.55362,38.40612]]],[[[141.55281,38.40629],[141.55283,38.40618],[141.5528,38.40616],[141.55281,38.40629]]],[[[141.55271,38.40657],[141.5527,38.4062],[141.55256,38.40621],[141.55271,38.40657]]],[[[141.5539,38.40664],[141.55386,38.4064],[141.55365,38.40634],[141.5539,38.40664]]],[[[141.55208,38.40662],[141.55218,38.40663],[141.55206,38.40657],[141.55208,38.40662]]],[[[141.55336,38.40667],[141.55338,38.40665],[141.55335,38.40666],[141.55336,38.40667]]],[[[141.55231,38.407],[141.55237,38.40681],[141.55218,38.40675],[141.55231,38.407]]],[[[141.54243,38.44141],[141.5423,38.4414],[141.5423,38.44144],[141.54243,38.44141]]],[[[141.54223,38.44162],[141.54222,38.44157],[141.5422,38.44157],[141.54223,38.44162]]],[[[141.54238,38.44153],[141.54236,38.44165],[141.54246,38.44167],[141.54238,38.44153]]],[[[141.54534,38.44161],[141.54532,38.44167],[141.54538,38.44167],[141.54534,38.44161]]],[[[141.54404,38.44173],[141.54407,38.44168],[141.544,38.4417],[141.54404,38.44173]]],[[[141.54274,38.4418],[141.54282,38.44165],[141.54275,38.44164],[141.54274,38.4418]]],[[[141.54255,38.44176],[141.5425,38.44176],[141.54255,38.44178],[141.54255,38.44176]]],[[[141.54517,38.44189],[141.54503,38.44167],[141.5449,38.44175],[141.54517,38.44189]]],[[[141.54243,38.44179],[141.54246,38.44177],[141.54242,38.44175],[141.54243,38.44179]]],[[[141.54267,38.44183],[141.54265,38.44189],[141.54269,38.44188],[141.54267,38.44183]]],[[[141.54272,38.44189],[141.54275,38.44185],[141.54272,38.44183],[141.54272,38.44189]]],[[[141.54236,38.44184],[141.54234,38.44191],[141.54238,38.4419],[141.54236,38.44184]]],[[[141.54542,38.44199],[141.54542,38.44205],[141.54545,38.44208],[141.54542,38.44199]]],[[[141.54562,38.44195],[141.54552,38.44206],[141.54568,38.44216],[141.54562,38.44195]]],[[[141.54431,38.44221],[141.54443,38.44207],[141.54421,38.44207],[141.54431,38.44221]]],[[[141.5437,38.44217],[141.54372,38.44213],[141.54367,38.44212],[141.5437,38.44217]]],[[[141.54357,38.44229],[141.54368,38.44222],[141.54354,38.44212],[141.54357,38.44229]]],[[[141.54275,38.44249],[141.54311,38.44202],[141.54277,38.442],[141.54275,38.44249]]],[[[141.54374,38.44222],[141.54376,38.44236],[141.54388,38.44234],[141.54374,38.44222]]],[[[141.54265,38.44232],[141.5427,38.44237],[141.54268,38.44231],[141.54265,38.44232]]],[[[141.54256,38.44246],[141.54248,38.44246],[141.54254,38.44251],[141.54256,38.44246]]],[[[141.54312,38.44268],[141.5432,38.44255],[141.54304,38.44261],[141.54312,38.44268]]],[[[141.54275,38.44274],[141.54282,38.44267],[141.54265,38.44259],[141.54275,38.44274]]],[[[141.54262,38.44286],[141.54273,38.44291],[141.54265,38.44274],[141.54262,38.44286]]],[[[141.546,38.44297],[141.54599,38.44303],[141.54602,38.44302],[141.546,38.44297]]],[[[141.54332,38.44302],[141.54324,38.44315],[141.5434,38.44317],[141.54332,38.44302]]],[[[141.54282,38.44324],[141.54296,38.44314],[141.54285,38.44314],[141.54282,38.44324]]],[[[141.54273,38.44325],[141.54268,38.44328],[141.54273,38.44328],[141.54273,38.44325]]],[[[141.54203,38.44336],[141.54194,38.44339],[141.54203,38.44341],[141.54203,38.44336]]],[[[141.54308,38.44354],[141.54301,38.44343],[141.54297,38.44345],[141.54308,38.44354]]],[[[141.5425,38.4441],[141.54289,38.4436],[141.5422,38.44289],[141.5425,38.4441]]],[[[141.5429,38.44429],[141.5429,38.44431],[141.54294,38.4443],[141.5429,38.44429]]],[[[141.54191,38.44427],[141.54189,38.44429],[141.54193,38.44434],[141.54191,38.44427]]],[[[141.5417,38.44423],[141.54166,38.4444],[141.54178,38.44441],[141.5417,38.44423]]],[[[141.54309,38.44439],[141.54313,38.44445],[141.54317,38.44445],[141.54309,38.44439]]],[[[141.543,38.44473],[141.5431,38.44447],[141.54284,38.44434],[141.543,38.44473]]],[[[141.54331,38.44497],[141.54336,38.445],[141.54331,38.44496],[141.54331,38.44497]]],[[[141.54245,38.49689],[141.54241,38.49689],[141.54242,38.49692],[141.54245,38.49689]]],[[[141.54249,38.49712],[141.54254,38.49705],[141.54246,38.49705],[141.54249,38.49712]]],[[[141.54217,38.49752],[141.5422,38.49745],[141.54217,38.49744],[141.54217,38.49752]]],[[[141.54262,38.49745],[141.54259,38.49755],[141.54267,38.49752],[141.54272,38.49756],[141.54262,38.49745]]],[[[141.54262,38.49766],[141.54274,38.49759],[141.54265,38.49755],[141.54262,38.49766]]],[[[141.54184,38.49998],[141.54185,38.49992],[141.5418,38.49996],[141.54184,38.49998]]],[[[141.54158,38.50162],[141.54163,38.50158],[141.54157,38.5016],[141.54158,38.50162]]],[[[141.54187,38.50167],[141.54175,38.5016],[141.54181,38.50172],[141.54187,38.50167]]],[[[141.54306,38.50231],[141.54304,38.50226],[141.54301,38.50227],[141.54306,38.50231]]],[[[141.54339,38.50266],[141.5433,38.50257],[141.54339,38.5027],[141.54339,38.50266]]],[[[141.54325,38.50301],[141.5432,38.50302],[141.54325,38.50304],[141.54325,38.50301]]],[[[141.54156,38.51256],[141.54172,38.51361],[141.54159,38.51237],[141.54156,38.51256]]],[[[141.54199,38.51259],[141.54187,38.51293],[141.54203,38.51343],[141.54199,38.51259]]],[[[141.54202,38.51861],[141.542,38.5185],[141.542,38.51861],[141.54202,38.51861]]],[[[141.54248,38.51878],[141.54243,38.51875],[141.54247,38.51881],[141.54248,38.51878]]],[[[141.54231,38.51908],[141.54217,38.51857],[141.54195,38.5188],[141.54231,38.51908]]],[[[141.54197,38.51895],[141.54193,38.51894],[141.54193,38.51898],[141.54197,38.51895]]],[[[141.54245,38.51895],[141.54242,38.51906],[141.54252,38.51903],[141.54245,38.51895]]],[[[141.542,38.51903],[141.54199,38.51908],[141.542,38.51909],[141.542,38.51903]]],[[[141.54196,38.51903],[141.54194,38.5191],[141.54195,38.51912],[141.54196,38.51903]]],[[[141.5428,38.51949],[141.54281,38.51952],[141.54282,38.5195],[141.5428,38.51949]]],[[[141.54431,38.52046],[141.54445,38.52044],[141.54443,38.52031],[141.54431,38.52046]]],[[[141.54403,38.52045],[141.54404,38.52047],[141.54405,38.52043],[141.54403,38.52045]]],[[[141.54443,38.52056],[141.54443,38.52052],[141.54441,38.52056],[141.54443,38.52056]]],[[[141.54409,38.5206],[141.54412,38.52052],[141.5441,38.52048],[141.54409,38.5206]]],[[[141.54452,38.52061],[141.54456,38.52052],[141.5445,38.52059],[141.54452,38.52061]]],[[[141.54477,38.52086],[141.54474,38.52084],[141.54474,38.52087],[141.54477,38.52086]]],[[[141.54478,38.52114],[141.54477,38.52112],[141.54476,38.52113],[141.54478,38.52114]]],[[[141.54478,38.52115],[141.54475,38.52116],[141.54476,38.52117],[141.54478,38.52115]]],[[[141.54476,38.52128],[141.54473,38.52127],[141.54475,38.52128],[141.54476,38.52128]]],[[[141.5477,38.52128],[141.5477,38.52126],[141.54769,38.52128],[141.5477,38.52128]]],[[[141.54755,38.52136],[141.5476,38.52131],[141.54759,38.52129],[141.54755,38.52136]]],[[[141.54749,38.52133],[141.54746,38.52131],[141.5475,38.52136],[141.54749,38.52133]]],[[[141.54751,38.52141],[141.54759,38.52145],[141.54763,38.52141],[141.54751,38.52141]]],[[[141.54719,38.52151],[141.5472,38.52157],[141.54722,38.52156],[141.54719,38.52151]]],[[[141.54548,38.52159],[141.54549,38.52163],[141.5455,38.52162],[141.54548,38.52159]]],[[[141.54731,38.5216],[141.54726,38.5216],[141.54722,38.52162],[141.54731,38.5216]]],[[[141.54717,38.5216],[141.5472,38.52163],[141.54721,38.52162],[141.54717,38.5216]]],[[[141.54822,38.52163],[141.54814,38.52165],[141.54821,38.52166],[141.54822,38.52163]]],[[[141.54851,38.52166],[141.54849,38.52161],[141.5485,38.52166],[141.54851,38.52166]]],[[[141.54795,38.52181],[141.54797,38.52178],[141.54794,38.52177],[141.54795,38.52181]]],[[[141.54909,38.5219],[141.54907,38.52183],[141.54905,38.52184],[141.54909,38.5219]]],[[[141.54839,38.52181],[141.54838,38.52196],[141.54842,38.52198],[141.54839,38.52181]]],[[[141.54922,38.52201],[141.54924,38.52196],[141.5492,38.52199],[141.54922,38.52201]]],[[[141.54854,38.52205],[141.54853,38.52202],[141.54852,38.52205],[141.54854,38.52205]]],[[[141.54839,38.52215],[141.54843,38.52205],[141.54835,38.52198],[141.54839,38.52215]]],[[[141.54922,38.52207],[141.54917,38.52207],[141.54917,38.5221],[141.54922,38.52207]]],[[[141.54841,38.52237],[141.54837,38.52238],[141.54838,38.5224],[141.54841,38.52237]]],[[[141.5484,38.52254],[141.54841,38.52243],[141.54838,38.52242],[141.5484,38.52254]]],[[[141.54864,38.52275],[141.54855,38.52268],[141.54861,38.52277],[141.54864,38.52275]]],[[[141.54886,38.52319],[141.54878,38.52312],[141.54887,38.52328],[141.54886,38.52319]]],[[[141.54925,38.52334],[141.54913,38.52338],[141.54926,38.52339],[141.54925,38.52334]]],[[[141.54935,38.52341],[141.54932,38.52331],[141.54935,38.52341],[141.54935,38.52341]]],[[[141.5493,38.52342],[141.54931,38.52339],[141.5493,38.52337],[141.5493,38.52342]]],[[[141.54941,38.52344],[141.54943,38.52342],[141.54938,38.52335],[141.54941,38.52344]]],[[[141.54921,38.52347],[141.54918,38.52351],[141.54922,38.52352],[141.54921,38.52347]]],[[[141.54923,38.52355],[141.5492,38.52354],[141.54921,38.52358],[141.54923,38.52355]]],[[[141.55012,38.52377],[141.55024,38.52374],[141.55009,38.5237],[141.55012,38.52377]]],[[[141.55011,38.52382],[141.54989,38.52378],[141.55007,38.52408],[141.55011,38.52382]]],[[[141.54996,38.52391],[141.54993,38.52391],[141.54996,38.52393],[141.54996,38.52391]]],[[[141.54948,38.52437],[141.54985,38.52376],[141.54919,38.5236],[141.54948,38.52437]]],[[[141.54997,38.52399],[141.55,38.52403],[141.54997,38.52398],[141.54997,38.52399]]],[[[141.54567,38.52433],[141.54568,38.5244],[141.54568,38.52431],[141.54567,38.52433]]],[[[141.54593,38.5245],[141.54592,38.52427],[141.54586,38.52428],[141.54593,38.5245]]],[[[141.54821,38.52457],[141.54896,38.52426],[141.54816,38.52446],[141.54821,38.52457]]],[[[141.54623,38.52438],[141.54619,38.52446],[141.54626,38.52445],[141.54623,38.52438]]],[[[141.54573,38.5244],[141.54575,38.52458],[141.54578,38.5246],[141.54573,38.5244]]],[[[141.5457,38.52445],[141.54566,38.52456],[141.5457,38.52463],[141.5457,38.52445]]],[[[141.54589,38.52456],[141.54592,38.52457],[141.5459,38.52455],[141.54589,38.52456]]],[[[141.55035,38.52487],[141.55012,38.52429],[141.54954,38.52461],[141.55035,38.52487]]],[[[141.55015,38.52496],[141.55013,38.52492],[141.55013,38.52497],[141.55015,38.52496]]],[[[141.55013,38.52504],[141.55017,38.52503],[141.55016,38.52501],[141.55013,38.52504]]],[[[141.55039,38.52508],[141.55044,38.52502],[141.55038,38.525],[141.55039,38.52508]]],[[[141.54606,38.5251],[141.54605,38.52502],[141.54604,38.52511],[141.54606,38.5251]]],[[[141.54237,38.52532],[141.5422,38.52529],[141.54233,38.52539],[141.54237,38.52532]]],[[[141.54403,38.52524],[141.544,38.52539],[141.54416,38.5254],[141.54403,38.52524]]],[[[141.54247,38.52541],[141.54243,38.52539],[141.5425,38.52543],[141.54247,38.52541]]],[[[141.54469,38.52532],[141.54468,38.52559],[141.54478,38.5256],[141.54469,38.52532]]],[[[141.54389,38.52552],[141.544,38.52554],[141.54385,38.52544],[141.54389,38.52552]]],[[[141.54366,38.52554],[141.54353,38.52552],[141.54369,38.52558],[141.54366,38.52554]]],[[[141.54372,38.52569],[141.5438,38.52559],[141.54369,38.52566],[141.54372,38.52569]]],[[[141.54251,38.52565],[141.54266,38.5257],[141.5425,38.52557],[141.54251,38.52565]]],[[[141.54215,38.52562],[141.54229,38.52577],[141.54234,38.52574],[141.54215,38.52562]]],[[[141.54503,38.52568],[141.5449,38.52575],[141.545,38.5258],[141.54503,38.52568]]],[[[141.54182,38.52586],[141.54179,38.52576],[141.54172,38.52577],[141.54182,38.52586]]],[[[141.54189,38.52609],[141.54193,38.52608],[141.54188,38.52603],[141.54189,38.52609]]],[[[141.54195,38.52625],[141.54197,38.52624],[141.54194,38.52621],[141.54195,38.52625]]],[[[141.54197,38.52707],[141.54142,38.52707],[141.54199,38.52737],[141.54197,38.52707]]],[[[141.57628,38.26872],[141.57642,38.26868],[141.57625,38.26867],[141.57628,38.26872]]],[[[141.57655,38.26879],[141.57643,38.26867],[141.5764,38.26878],[141.57655,38.26879]]],[[[141.57673,38.26875],[141.57668,38.26872],[141.57666,38.26874],[141.57673,38.26875]]],[[[141.57567,38.2687],[141.57566,38.26878],[141.57571,38.26871],[141.57567,38.2687]]],[[[141.57643,38.2689],[141.57641,38.26885],[141.57639,38.26889],[141.57643,38.2689]]],[[[141.5766,38.26896],[141.57645,38.26888],[141.57646,38.26894],[141.5766,38.26896]]],[[[141.57675,38.26888],[141.5767,38.26889],[141.57673,38.26893],[141.57675,38.26888]]],[[[141.57668,38.26893],[141.57665,38.26889],[141.57662,38.26892],[141.57668,38.26893]]],[[[141.57959,38.26894],[141.57954,38.26897],[141.57959,38.26895],[141.57959,38.26894]]],[[[141.57572,38.26898],[141.57578,38.26897],[141.57575,38.26894],[141.57572,38.26898]]],[[[141.57602,38.26908],[141.57604,38.26903],[141.576,38.26907],[141.57602,38.26908]]],[[[141.57656,38.26911],[141.57652,38.26907],[141.5765,38.2691],[141.57656,38.26911]]],[[[141.57662,38.2692],[141.57657,38.26917],[141.57658,38.26921],[141.57662,38.2692]]],[[[141.57461,38.26922],[141.57454,38.26923],[141.57462,38.26924],[141.57461,38.26922]]],[[[141.57472,38.26923],[141.57467,38.26925],[141.57471,38.26924],[141.57472,38.26923]]],[[[141.57447,38.26934],[141.57452,38.26941],[141.57457,38.26937],[141.57447,38.26934]]],[[[141.57435,38.26943],[141.57437,38.26948],[141.57439,38.26945],[141.57435,38.26943]]],[[[141.57431,38.26948],[141.57426,38.26944],[141.57425,38.26946],[141.57431,38.26948]]],[[[141.57694,38.26956],[141.577,38.26965],[141.57706,38.2696],[141.57694,38.26956]]],[[[141.57711,38.26966],[141.57709,38.26961],[141.57706,38.26964],[141.57711,38.26966]]],[[[141.574,38.26971],[141.57399,38.26966],[141.57396,38.26969],[141.574,38.26971]]],[[[141.57333,38.26971],[141.57336,38.26987],[141.57344,38.26977],[141.57333,38.26971]]],[[[141.57367,38.26989],[141.57363,38.26986],[141.5736,38.26987],[141.57367,38.26989]]],[[[141.57342,38.26989],[141.57338,38.26989],[141.57338,38.26991],[141.57342,38.26989]]],[[[141.57347,38.26994],[141.57349,38.26988],[141.57344,38.2699],[141.57347,38.26994]]],[[[141.57325,38.26994],[141.57321,38.2699],[141.5732,38.26993],[141.57325,38.26994]]],[[[141.57316,38.26994],[141.57313,38.26992],[141.57312,38.26994],[141.57316,38.26994]]],[[[141.57325,38.26999],[141.5732,38.26999],[141.5732,38.27],[141.57325,38.26999]]],[[[141.57786,38.26999],[141.57784,38.27002],[141.57787,38.26999],[141.57786,38.26999]]],[[[141.57775,38.27006],[141.57782,38.27001],[141.57774,38.27002],[141.57775,38.27006]]],[[[141.573,38.27002],[141.57303,38.27005],[141.57306,38.27004],[141.573,38.27002]]],[[[141.57259,38.27014],[141.5726,38.27008],[141.57253,38.27008],[141.57259,38.27014]]],[[[141.5728,38.27012],[141.57283,38.27013],[141.57283,38.27011],[141.5728,38.27012]]],[[[141.5776,38.27013],[141.57768,38.27015],[141.57766,38.2701],[141.5776,38.27013]]],[[[141.57785,38.27021],[141.57787,38.27013],[141.57783,38.2702],[141.57785,38.27021]]],[[[141.5726,38.27024],[141.57255,38.2702],[141.57254,38.27022],[141.5726,38.27024]]],[[[141.57775,38.27016],[141.57768,38.2703],[141.57781,38.27017],[141.57775,38.27016]]],[[[141.57276,38.27027],[141.57281,38.27023],[141.57277,38.27023],[141.57276,38.27027]]],[[[141.57785,38.27031],[141.57783,38.27028],[141.5778,38.27031],[141.57785,38.27031]]],[[[141.57267,38.27033],[141.57267,38.2703],[141.57264,38.27032],[141.57267,38.27033]]],[[[141.57765,38.27051],[141.57775,38.27042],[141.5777,38.27042],[141.57765,38.27051]]],[[[141.5728,38.27063],[141.57282,38.27068],[141.57285,38.27065],[141.5728,38.27063]]],[[[141.5823,38.27101],[141.5822,38.27095],[141.58219,38.27099],[141.5823,38.27101]]],[[[141.58087,38.27123],[141.58085,38.2714],[141.58099,38.27131],[141.58087,38.27123]]],[[[141.57804,38.27191],[141.57788,38.27193],[141.57804,38.27193],[141.57804,38.27191]]],[[[141.57822,38.27196],[141.57817,38.27186],[141.57812,38.27191],[141.57822,38.27196]]],[[[141.57791,38.27207],[141.57789,38.27204],[141.57787,38.27206],[141.57791,38.27207]]],[[[141.57181,38.27236],[141.57183,38.2723],[141.5718,38.27232],[141.57181,38.27236]]],[[[141.57109,38.27253],[141.57094,38.27257],[141.5711,38.27257],[141.57109,38.27253]]],[[[141.56796,38.27259],[141.56765,38.27244],[141.56758,38.27259],[141.56796,38.27259]]],[[[141.57099,38.27273],[141.57096,38.27269],[141.57093,38.27272],[141.57099,38.27273]]],[[[141.58036,38.27284],[141.58041,38.27281],[141.58032,38.27279],[141.58036,38.27284]]],[[[141.58,38.27282],[141.58012,38.27279],[141.58008,38.27277],[141.58,38.27282]]],[[[141.58001,38.27291],[141.57999,38.27287],[141.57997,38.27291],[141.58001,38.27291]]],[[[141.5805,38.273],[141.58058,38.27307],[141.58052,38.27298],[141.5805,38.273]]],[[[141.5705,38.2731],[141.57049,38.27309],[141.57041,38.27308],[141.5705,38.2731]]],[[[141.58072,38.27312],[141.5807,38.27307],[141.5807,38.27312],[141.58072,38.27312]]],[[[141.58076,38.2731],[141.58074,38.27313],[141.58075,38.27313],[141.58076,38.2731]]],[[[141.56898,38.27352],[141.56896,38.27346],[141.56888,38.27349],[141.56898,38.27352]]],[[[141.58113,38.27352],[141.58113,38.27347],[141.5811,38.2735],[141.58113,38.27352]]],[[[141.56905,38.27358],[141.56908,38.27353],[141.56904,38.27353],[141.56905,38.27358]]],[[[141.56891,38.27352],[141.56893,38.27367],[141.56901,38.27365],[141.56891,38.27352]]],[[[141.56947,38.27374],[141.56939,38.2738],[141.56949,38.27375],[141.56947,38.27374]]],[[[141.5835,38.27378],[141.58354,38.27372],[141.58352,38.2737],[141.5835,38.27378]]],[[[141.5831,38.27395],[141.58315,38.27387],[141.58309,38.27389],[141.5831,38.27395]]],[[[141.58367,38.27381],[141.58367,38.27403],[141.58376,38.27396],[141.58367,38.27381]]],[[[141.58271,38.27396],[141.58263,38.27389],[141.58261,38.27397],[141.58271,38.27396]]],[[[141.58325,38.274],[141.58323,38.27393],[141.58322,38.27399],[141.58325,38.274]]],[[[141.58317,38.27394],[141.58304,38.274],[141.58319,38.27397],[141.58317,38.27394]]],[[[141.58339,38.27407],[141.58336,38.27395],[141.58329,38.27411],[141.58339,38.27407]]],[[[141.58176,38.27412],[141.58181,38.27406],[141.58172,38.27408],[141.58176,38.27412]]],[[[141.58206,38.27426],[141.58195,38.27426],[141.58196,38.27427],[141.58206,38.27426]]],[[[141.58328,38.27479],[141.58334,38.2748],[141.58332,38.27476],[141.58328,38.27479]]],[[[141.56913,38.27533],[141.56918,38.27529],[141.56911,38.27529],[141.56913,38.27533]]],[[[141.58438,38.27569],[141.58435,38.27562],[141.58431,38.27569],[141.58438,38.27569]]],[[[141.56802,38.27565],[141.5681,38.27568],[141.56813,38.27565],[141.56802,38.27565]]],[[[141.56785,38.27573],[141.56795,38.27564],[141.56784,38.27569],[141.56785,38.27573]]],[[[141.58397,38.2757],[141.58391,38.27568],[141.58389,38.27569],[141.58397,38.2757]]],[[[141.56867,38.2757],[141.56851,38.27572],[141.5687,38.27574],[141.56867,38.2757]]],[[[141.58398,38.27585],[141.58415,38.27571],[141.58393,38.27578],[141.58398,38.27585]]],[[[141.58501,38.27586],[141.58501,38.2758],[141.58497,38.2758],[141.58501,38.27586]]],[[[141.5855,38.27589],[141.58514,38.27577],[141.5851,38.2758],[141.5855,38.27589]]],[[[141.58445,38.27596],[141.5844,38.27591],[141.58438,38.27592],[141.58445,38.27596]]],[[[141.56782,38.27595],[141.5679,38.27595],[141.56782,38.27593],[141.56782,38.27595]]],[[[141.58496,38.27595],[141.58483,38.27598],[141.58502,38.27596],[141.58496,38.27595]]],[[[141.5854,38.27632],[141.58541,38.27606],[141.58473,38.27605],[141.5854,38.27632]]],[[[141.58526,38.27645],[141.58515,38.27645],[141.58525,38.27651],[141.58526,38.27645]]],[[[141.56843,38.27649],[141.5684,38.27647],[141.5684,38.2765],[141.56843,38.27649]]],[[[141.56836,38.27651],[141.56834,38.27654],[141.56836,38.27652],[141.56836,38.27651]]],[[[141.58514,38.27666],[141.58509,38.27666],[141.58513,38.27669],[141.58514,38.27666]]],[[[141.56532,38.27679],[141.56529,38.27674],[141.56527,38.27678],[141.56532,38.27679]]],[[[141.56535,38.27688],[141.5654,38.27679],[141.56533,38.27684],[141.56535,38.27688]]],[[[141.56462,38.27684],[141.56469,38.27691],[141.5647,38.27685],[141.56462,38.27684]]],[[[141.56459,38.27714],[141.56452,38.27707],[141.56455,38.27714],[141.56459,38.27714]]],[[[141.56398,38.27722],[141.56402,38.27732],[141.56406,38.2773],[141.56398,38.27722]]],[[[141.56548,38.27763],[141.56543,38.27769],[141.56548,38.2777],[141.56548,38.27763]]],[[[141.58428,38.27828],[141.58428,38.27822],[141.58425,38.27825],[141.58428,38.27828]]],[[[141.58443,38.27822],[141.58455,38.27826],[141.58454,38.27823],[141.58443,38.27822]]],[[[141.56279,38.27915],[141.5629,38.27912],[141.56275,38.27912],[141.56279,38.27915]]],[[[141.56329,38.27913],[141.56314,38.2792],[141.5633,38.27918],[141.56329,38.27913]]],[[[141.56313,38.27923],[141.56295,38.27925],[141.56312,38.27932],[141.56313,38.27923]]],[[[141.58249,38.27943],[141.58208,38.2791],[141.58197,38.27911],[141.58249,38.27943]]],[[[141.58272,38.27923],[141.58274,38.27939],[141.58278,38.27939],[141.58272,38.27923]]],[[[141.56272,38.27956],[141.56267,38.27962],[141.56273,38.27964],[141.56272,38.27956]]],[[[141.56231,38.27982],[141.56228,38.27988],[141.56233,38.27987],[141.56231,38.27982]]],[[[141.5609,38.28053],[141.56087,38.28046],[141.56082,38.28051],[141.5609,38.28053]]],[[[141.58173,38.28064],[141.58243,38.28056],[141.58247,38.28046],[141.58173,38.28064]]],[[[141.58257,38.281],[141.58256,38.28095],[141.58253,38.28097],[141.58257,38.281]]],[[[141.58353,38.28095],[141.58335,38.28105],[141.58356,38.28106],[141.58353,38.28095]]],[[[141.58328,38.28141],[141.5833,38.28148],[141.58333,38.28146],[141.58328,38.28141]]],[[[141.55885,38.2814],[141.55887,38.28152],[141.55891,38.2814],[141.55885,38.2814]]],[[[141.58313,38.2815],[141.58323,38.28154],[141.58325,38.2815],[141.58313,38.2815]]],[[[141.58284,38.28202],[141.5829,38.28206],[141.58293,38.28203],[141.58284,38.28202]]],[[[141.58302,38.28225],[141.58315,38.28229],[141.58309,38.28223],[141.58302,38.28225]]],[[[141.58293,38.28261],[141.58289,38.28259],[141.5829,38.28262],[141.58293,38.28261]]],[[[141.58289,38.283],[141.58305,38.28288],[141.58287,38.28296],[141.58289,38.283]]],[[[141.58256,38.28303],[141.58261,38.2829],[141.58244,38.28304],[141.58256,38.28303]]],[[[141.58263,38.28321],[141.58278,38.28315],[141.58261,38.2832],[141.58263,38.28321]]],[[[141.58313,38.28321],[141.58297,38.28322],[141.58297,38.28325],[141.58313,38.28321]]],[[[141.58215,38.28329],[141.58207,38.28322],[141.58204,38.28329],[141.58215,38.28329]]],[[[141.58203,38.28345],[141.58339,38.28341],[141.58344,38.28321],[141.58297,38.2833],[141.58255,38.28323],[141.58203,38.28345]]],[[[141.58194,38.28355],[141.58199,38.2835],[141.58191,38.28354],[141.58194,38.28355]]],[[[141.5818,38.28357],[141.58182,38.28362],[141.58186,38.28356],[141.5818,38.28357]]],[[[141.55618,38.28379],[141.55631,38.28374],[141.55619,38.28374],[141.55618,38.28379]]],[[[141.58154,38.28446],[141.58136,38.28443],[141.58143,38.28454],[141.58154,38.28446]]],[[[141.55616,38.28547],[141.55616,38.28543],[141.55612,38.28546],[141.55616,38.28547]]],[[[141.58178,38.28572],[141.58154,38.28571],[141.58152,38.28575],[141.58178,38.28572]]],[[[141.55431,38.28607],[141.55436,38.28603],[141.55431,38.28605],[141.55431,38.28607]]],[[[141.57965,38.28698],[141.57965,38.28704],[141.57971,38.28701],[141.57965,38.28698]]],[[[141.57956,38.28702],[141.57956,38.28704],[141.57958,38.28703],[141.57956,38.28702]]],[[[141.57955,38.28706],[141.57949,38.28705],[141.5795,38.28708],[141.57955,38.28706]]],[[[141.57967,38.28751],[141.57972,38.28747],[141.5796,38.28749],[141.57967,38.28751]]],[[[141.57975,38.28753],[141.57978,38.28753],[141.57977,38.28751],[141.57975,38.28753]]],[[[141.58147,38.28781],[141.58141,38.28776],[141.58134,38.28782],[141.58147,38.28781]]],[[[141.58207,38.28835],[141.58205,38.28828],[141.58203,38.28834],[141.58207,38.28835]]],[[[141.58278,38.28846],[141.58264,38.28841],[141.58262,38.28849],[141.58278,38.28846]]],[[[141.58252,38.28853],[141.5826,38.28851],[141.58255,38.28844],[141.58252,38.28853]]],[[[141.58225,38.28897],[141.5822,38.28898],[141.58221,38.289],[141.58225,38.28897]]],[[[141.58216,38.28908],[141.58219,38.28903],[141.58216,38.28903],[141.58216,38.28908]]],[[[141.58216,38.28988],[141.58218,38.28993],[141.5822,38.28991],[141.58216,38.28988]]],[[[141.58346,38.29041],[141.58354,38.29033],[141.58344,38.29033],[141.58346,38.29041]]],[[[141.58283,38.29123],[141.58279,38.29124],[141.58281,38.29126],[141.58283,38.29123]]],[[[141.58275,38.29127],[141.58279,38.29131],[141.58279,38.29126],[141.58275,38.29127]]],[[[141.58409,38.27705],[141.58496,38.27619],[141.5838,38.27587],[141.58305,38.27532],[141.58308,38.27442],[141.58191,38.27431],[141.5807,38.27398],[141.58041,38.27308],[141.58045,38.27297],[141.58065,38.2729],[141.58023,38.27296],[141.57988,38.27321],[141.57951,38.27324],[141.57745,38.27193],[141.57654,38.26913],[141.57323,38.27004],[141.57324,38.27177],[141.56838,38.27676],[141.56559,38.27782],[141.56413,38.27804],[141.56262,38.28024],[141.55801,38.28195],[141.55665,38.2851],[141.55613,38.2856],[141.55423,38.28614],[141.55264,38.28736],[141.55201,38.29395],[141.5505,38.29389],[141.548,38.29521],[141.55186,38.29474],[141.54813,38.30327],[141.55227,38.30643],[141.55434,38.3068],[141.55838,38.30831],[141.55892,38.30887],[141.56021,38.3089],[141.56799,38.31353],[141.56839,38.3083],[141.57824,38.30532],[141.58148,38.30563],[141.5826,38.30425],[141.58495,38.30396],[141.58607,38.30238],[141.58956,38.30188],[141.58237,38.29345],[141.58144,38.28943],[141.58237,38.28852],[141.57981,38.28772],[141.57921,38.28709],[141.57938,38.28693],[141.57911,38.2869],[141.5811,38.27997],[141.58202,38.27896],[141.58328,38.27866],[141.58328,38.27816],[141.58599,38.2778],[141.58409,38.27705]]],[[[141.58254,38.29164],[141.58257,38.29158],[141.58252,38.29162],[141.58254,38.29164]]],[[[141.58259,38.2918],[141.58272,38.29179],[141.58259,38.29176],[141.58259,38.2918]]],[[[141.58283,38.29183],[141.58283,38.29192],[141.58288,38.2919],[141.58283,38.29183]]],[[[141.58341,38.29287],[141.58325,38.29269],[141.5833,38.29295],[141.58341,38.29287]]],[[[141.58296,38.29368],[141.58292,38.29364],[141.5829,38.29367],[141.58296,38.29368]]],[[[141.58287,38.29375],[141.58291,38.2937],[141.58287,38.29372],[141.58287,38.29375]]],[[[141.58449,38.2941],[141.58471,38.29425],[141.58476,38.29418],[141.58449,38.2941]]],[[[141.58463,38.29428],[141.58467,38.29431],[141.58467,38.29429],[141.58463,38.29428]]],[[[141.58457,38.29487],[141.5846,38.29498],[141.58465,38.29491],[141.58457,38.29487]]],[[[141.58671,38.30246],[141.58674,38.30243],[141.58666,38.30244],[141.58671,38.30246]]],[[[141.58622,38.3024],[141.58624,38.3025],[141.58627,38.30241],[141.58622,38.3024]]],[[[141.586,38.30261],[141.58602,38.3025],[141.58597,38.30253],[141.586,38.30261]]],[[[141.58618,38.30258],[141.58615,38.30254],[141.58613,38.30256],[141.58618,38.30258]]],[[[141.58627,38.30261],[141.58624,38.30266],[141.58635,38.30263],[141.58627,38.30261]]],[[[141.58287,38.30453],[141.58291,38.30448],[141.58283,38.3045],[141.58287,38.30453]]],[[[141.58245,38.30456],[141.58253,38.30463],[141.58261,38.30457],[141.58245,38.30456]]],[[[141.57859,38.30545],[141.57858,38.30542],[141.57857,38.30547],[141.57859,38.30545]]],[[[141.57951,38.30549],[141.57958,38.30547],[141.5795,38.30548],[141.57951,38.30549]]],[[[141.57857,38.30553],[141.57855,38.30549],[141.57855,38.30553],[141.57857,38.30553]]],[[[141.57777,38.30601],[141.57781,38.30592],[141.57768,38.30601],[141.57777,38.30601]]],[[[141.5755,38.30704],[141.57553,38.307],[141.57549,38.307],[141.5755,38.30704]]],[[[141.5743,38.30731],[141.57464,38.30731],[141.57421,38.30718],[141.5743,38.30731]]],[[[141.57401,38.30731],[141.57392,38.30722],[141.57384,38.30731],[141.57401,38.30731]]],[[[141.55521,38.3074],[141.55528,38.30745],[141.55531,38.3074],[141.55521,38.3074]]],[[[141.55529,38.30751],[141.55527,38.30746],[141.55525,38.30748],[141.55529,38.30751]]],[[[141.55821,38.30848],[141.55817,38.30844],[141.55815,38.30844],[141.55817,38.30848],[141.55821,38.30848]]],[[[141.55823,38.30846],[141.55824,38.30848],[141.55825,38.30846],[141.55823,38.30846]]],[[[141.55807,38.3085],[141.55806,38.30845],[141.55803,38.30847],[141.55807,38.3085]]],[[[141.55804,38.30856],[141.55804,38.30854],[141.55802,38.30856],[141.55804,38.30856]]],[[[141.5584,38.30868],[141.55823,38.30871],[141.55842,38.30871],[141.5584,38.30868]]],[[[141.56011,38.30901],[141.56021,38.30899],[141.56011,38.30898],[141.56011,38.30901]]],[[[141.56035,38.3093],[141.56028,38.30925],[141.56025,38.30931],[141.56035,38.3093]]],[[[141.56979,38.31033],[141.56988,38.31039],[141.56989,38.31034],[141.56979,38.31033]]],[[[141.5698,38.31046],[141.56977,38.31046],[141.56979,38.31049],[141.5698,38.31046]]],[[[141.56261,38.31101],[141.56264,38.31098],[141.5626,38.31097],[141.56261,38.31101]]],[[[141.56339,38.31178],[141.56337,38.31175],[141.56335,38.31178],[141.56339,38.31178]]],[[[141.56348,38.31202],[141.56349,38.31197],[141.56344,38.31197],[141.56348,38.31202]]],[[[141.57063,38.31262],[141.57043,38.31258],[141.57039,38.31259],[141.57063,38.31262]]],[[[141.57061,38.31266],[141.57067,38.31269],[141.57069,38.31267],[141.57061,38.31266]]],[[[141.57056,38.31266],[141.57051,38.31268],[141.57058,38.3127],[141.57056,38.31266]]],[[[141.57062,38.31274],[141.57059,38.31276],[141.57062,38.31276],[141.57062,38.31274]]],[[[141.56999,38.31294],[141.56992,38.313],[141.57003,38.31298],[141.56999,38.31294]]],[[[141.56944,38.31336],[141.56934,38.31332],[141.56933,38.31336],[141.56944,38.31336]]],[[[141.57907,38.40149],[141.57903,38.40084],[141.57882,38.40063],[141.57907,38.40149]]],[[[141.5794,38.40216],[141.5795,38.40169],[141.57919,38.40181],[141.5794,38.40216]]],[[[141.57982,38.40091],[141.5836,38.40316],[141.57997,38.39978],[141.57982,38.40091]]],[[[141.57924,38.40224],[141.57916,38.40222],[141.57923,38.4023],[141.57924,38.40224]]],[[[141.58506,38.40273],[141.58444,38.40202],[141.58399,38.40208],[141.58506,38.40273]]],[[[141.58463,38.40287],[141.5846,38.40278],[141.58456,38.40279],[141.58463,38.40287]]],[[[141.5663,38.40409],[141.56631,38.40422],[141.5664,38.4042],[141.5663,38.40409]]],[[[141.5807,38.40422],[141.58067,38.40424],[141.58071,38.40425],[141.5807,38.40422]]],[[[141.5545,38.40471],[141.55444,38.40434],[141.55423,38.40445],[141.5545,38.40471]]],[[[141.58419,38.40453],[141.58413,38.40457],[141.58418,38.40462],[141.58419,38.40453]]],[[[141.55479,38.4047],[141.55479,38.40464],[141.55471,38.40471],[141.55479,38.4047]]],[[[141.583,38.40467],[141.58299,38.40472],[141.58303,38.40472],[141.583,38.40467]]],[[[141.58405,38.40475],[141.5841,38.40473],[141.58403,38.4047],[141.58405,38.40475]]],[[[141.55495,38.40471],[141.55498,38.40488],[141.55499,38.4047],[141.55495,38.40471]]],[[[141.58417,38.40485],[141.58414,38.40475],[141.5841,38.40478],[141.58417,38.40485]]],[[[141.55475,38.40513],[141.55469,38.40506],[141.55475,38.40515],[141.55475,38.40513]]],[[[141.58311,38.40517],[141.58305,38.40512],[141.58312,38.40519],[141.58311,38.40517]]],[[[141.58324,38.40512],[141.58342,38.40528],[141.58349,38.40527],[141.58324,38.40512]]],[[[141.58331,38.40537],[141.58339,38.40536],[141.5833,38.40532],[141.58331,38.40537]]],[[[141.58351,38.40531],[141.58358,38.40543],[141.58361,38.40541],[141.58351,38.40531]]],[[[141.58368,38.40558],[141.58369,38.4055],[141.58365,38.40549],[141.58368,38.40558]]],[[[141.55457,38.40641],[141.55443,38.40629],[141.55448,38.40645],[141.55457,38.40641]]],[[[141.58254,38.40707],[141.58258,38.40705],[141.5825,38.40699],[141.58254,38.40707]]],[[[141.58304,38.40754],[141.58282,38.40748],[141.58306,38.4077],[141.58304,38.40754]]],[[[141.5868,38.29593],[141.58681,38.29596],[141.58681,38.29593],[141.5868,38.29593]]],[[[141.58694,38.29602],[141.58687,38.29604],[141.58688,38.29605],[141.58694,38.29602]]],[[[141.58707,38.29751],[141.58699,38.29757],[141.58709,38.29756],[141.58707,38.29751]]],[[[141.5873,38.29788],[141.58733,38.29781],[141.58726,38.29782],[141.5873,38.29788]]],[[[141.58698,38.29788],[141.58708,38.2979],[141.58712,38.29784],[141.58698,38.29788]]],[[[141.58846,38.2981],[141.58842,38.29825],[141.58853,38.29818],[141.58846,38.2981]]],[[[141.58946,38.29928],[141.58956,38.29926],[141.58947,38.29921],[141.58946,38.29928]]],[[[141.5898,38.29946],[141.58986,38.29957],[141.58992,38.29949],[141.5898,38.29946]]],[[[141.58953,38.29955],[141.58957,38.29965],[141.5896,38.29952],[141.58953,38.29955]]],[[[141.58925,38.2996],[141.58928,38.2997],[141.58932,38.29962],[141.58925,38.2996]]],[[[141.59848,38.38305],[141.59854,38.38313],[141.59857,38.38301],[141.59848,38.38305]]],[[[141.59854,38.38316],[141.59867,38.38313],[141.5987,38.38309],[141.59854,38.38316]]],[[[141.59869,38.38315],[141.59874,38.38322],[141.59878,38.38315],[141.59869,38.38315]]],[[[141.60118,38.38321],[141.60127,38.38323],[141.60128,38.38321],[141.60118,38.38321]]],[[[141.59891,38.38356],[141.59881,38.38358],[141.59895,38.38364],[141.59891,38.38356]]],[[[141.59946,38.38381],[141.59943,38.38375],[141.59942,38.3838],[141.59946,38.38381]]],[[[141.59962,38.38387],[141.59958,38.38377],[141.59956,38.38381],[141.59962,38.38387]]],[[[141.59963,38.38392],[141.59957,38.38412],[141.59968,38.38403],[141.59963,38.38392]]],[[[141.59951,38.38413],[141.59939,38.38424],[141.5995,38.38425],[141.59951,38.38413]]],[[[141.5995,38.38429],[141.59964,38.38424],[141.59951,38.38427],[141.5995,38.38429]]],[[[141.60094,38.38491],[141.60169,38.38423],[141.60009,38.38393],[141.60094,38.38491]]],[[[141.60285,38.38522],[141.6028,38.38518],[141.60265,38.3852],[141.60285,38.38522]]],[[[141.60559,38.38603],[141.60559,38.3861],[141.60564,38.38603],[141.60559,38.38603]]],[[[141.6044,38.38695],[141.60444,38.38698],[141.60443,38.38696],[141.6044,38.38695]]],[[[141.60463,38.38751],[141.60467,38.38756],[141.60467,38.38754],[141.60463,38.38751]]],[[[141.6049,38.38781],[141.60493,38.38776],[141.60488,38.38778],[141.6049,38.38781]]],[[[141.60576,38.38798],[141.60571,38.38806],[141.60573,38.38808],[141.60576,38.38798]]],[[[141.60213,38.38834],[141.60213,38.3883],[141.60209,38.38833],[141.60213,38.38834]]],[[[141.60162,38.3885],[141.60164,38.38845],[141.60161,38.38845],[141.60162,38.3885]]],[[[141.60031,38.38573],[141.60372,38.38737],[141.60477,38.38651],[141.60031,38.38573]]],[[[141.60155,38.38877],[141.60149,38.38877],[141.60154,38.38879],[141.60155,38.38877]]],[[[141.59054,38.39227],[141.59053,38.39223],[141.5905,38.39225],[141.59054,38.39227]]],[[[141.59058,38.39232],[141.59063,38.39232],[141.59063,38.3923],[141.59058,38.39232]]],[[[141.59082,38.39236],[141.59081,38.39233],[141.5908,38.39234],[141.59082,38.39236]]],[[[141.59068,38.39233],[141.59071,38.39238],[141.59073,38.39233],[141.59068,38.39233]]],[[[141.59077,38.39239],[141.59075,38.39234],[141.59072,38.39239],[141.59077,38.39239]]],[[[141.59102,38.39237],[141.5909,38.39236],[141.59099,38.39241],[141.59102,38.39237]]],[[[141.59077,38.39243],[141.59076,38.3924],[141.59074,38.39241],[141.59077,38.39243]]],[[[141.59061,38.39293],[141.59057,38.39298],[141.59063,38.39296],[141.59061,38.39293]]],[[[141.59067,38.39304],[141.59069,38.39297],[141.59066,38.39296],[141.59067,38.39304]]],[[[141.5903,38.39385],[141.59064,38.39348],[141.59076,38.39333],[141.59049,38.39306],[141.59057,38.39277],[141.59012,38.39264],[141.5903,38.39385]]],[[[141.59085,38.39348],[141.59077,38.39346],[141.59075,38.39349],[141.59085,38.39348]]],[[[141.59077,38.39416],[141.59078,38.39414],[141.59075,38.39413],[141.59077,38.39416]]],[[[141.59295,38.39447],[141.5923,38.39433],[141.59286,38.39482],[141.59295,38.39447]]],[[[141.59274,38.39479],[141.59269,38.39482],[141.59274,38.39484],[141.59274,38.39479]]],[[[141.59205,38.39585],[141.59263,38.39463],[141.59182,38.39493],[141.59205,38.39585]]],[[[141.5913,38.39643],[141.59113,38.39617],[141.59108,38.39623],[141.5913,38.39643]]],[[[141.59673,38.39655],[141.59663,38.39668],[141.59683,38.39653],[141.59673,38.39655]]],[[[141.59662,38.39669],[141.59715,38.39674],[141.59718,38.39653],[141.59662,38.39669]]],[[[141.59519,38.39671],[141.59524,38.39667],[141.59522,38.39664],[141.59519,38.39671]]],[[[141.59596,38.39681],[141.59603,38.39685],[141.59605,38.39678],[141.59596,38.39681]]],[[[141.59683,38.39695],[141.59707,38.39677],[141.59671,38.39692],[141.59683,38.39695]]],[[[141.59587,38.39694],[141.59594,38.39691],[141.59588,38.39688],[141.59587,38.39694]]],[[[141.59628,38.39702],[141.59622,38.39688],[141.59612,38.39699],[141.59628,38.39702]]],[[[141.59044,38.39701],[141.59055,38.39699],[141.5904,38.39691],[141.59044,38.39701]]],[[[141.59716,38.39707],[141.5971,38.39693],[141.59701,38.397],[141.59716,38.39707]]],[[[141.59654,38.39705],[141.59654,38.39699],[141.59651,38.39704],[141.59654,38.39705]]],[[[141.59706,38.39708],[141.59702,38.39711],[141.59706,38.3971],[141.59706,38.39708]]],[[[141.59656,38.39708],[141.59667,38.39707],[141.59661,38.39703],[141.59656,38.39708]]],[[[141.59526,38.39707],[141.59529,38.39714],[141.59527,38.39707],[141.59526,38.39707]]],[[[141.58724,38.39712],[141.5873,38.39713],[141.58727,38.39711],[141.58724,38.39712]]],[[[141.58734,38.39724],[141.58738,38.39722],[141.58733,38.39723],[141.58734,38.39724]]],[[[141.59737,38.39732],[141.59741,38.39743],[141.59748,38.39735],[141.59737,38.39732]]],[[[141.59899,38.3974],[141.59901,38.39736],[141.59895,38.39737],[141.59899,38.3974]]],[[[141.59946,38.39746],[141.59961,38.39742],[141.59963,38.3974],[141.59946,38.39746]]],[[[141.58752,38.39763],[141.58752,38.39727],[141.58743,38.39732],[141.58752,38.39763]]],[[[141.59995,38.39773],[141.59985,38.39739],[141.59942,38.39756],[141.59995,38.39773]]],[[[141.59987,38.39778],[141.59993,38.39775],[141.59984,38.39776],[141.59987,38.39778]]],[[[141.59995,38.39778],[141.59991,38.39777],[141.5999,38.39779],[141.59995,38.39778]]],[[[141.58965,38.39782],[141.5896,38.39782],[141.58961,38.39783],[141.58965,38.39782]]],[[[141.58775,38.39764],[141.58783,38.398],[141.58793,38.39802],[141.58775,38.39764]]],[[[141.58729,38.39806],[141.58732,38.39801],[141.58723,38.39803],[141.58729,38.39806]]],[[[141.58796,38.39808],[141.58792,38.39805],[141.58791,38.39809],[141.58796,38.39808]]],[[[141.58766,38.39833],[141.58758,38.39793],[141.58729,38.39811],[141.58766,38.39833]]],[[[141.59942,38.39773],[141.59537,38.40037],[141.59667,38.40263],[141.59631,38.40131],[141.59656,38.39963],[141.59942,38.39773]]],[[[141.59856,38.3993],[141.59862,38.3993],[141.59863,38.39923],[141.59856,38.3993]]],[[[141.58782,38.39944],[141.58783,38.3994],[141.5878,38.39941],[141.58782,38.39944]]],[[[141.58767,38.39961],[141.58769,38.39957],[141.58765,38.39957],[141.58767,38.39961]]],[[[141.58872,38.39964],[141.58871,38.39959],[141.58862,38.39957],[141.58872,38.39964]]],[[[141.59678,38.39981],[141.59674,38.39983],[141.59678,38.39983],[141.59678,38.39981]]],[[[141.58876,38.40012],[141.58852,38.39932],[141.58799,38.39928],[141.58789,38.39947],[141.58767,38.39944],[141.58876,38.40012]]],[[[141.59683,38.39988],[141.59688,38.39986],[141.59682,38.39987],[141.59683,38.39988]]],[[[141.59776,38.40013],[141.59773,38.4],[141.59768,38.40009],[141.59776,38.40013]]],[[[141.60245,38.40008],[141.60252,38.40009],[141.60246,38.40007],[141.60245,38.40008]]],[[[141.60243,38.40036],[141.60259,38.40039],[141.60244,38.40029],[141.60251,38.40015],[141.60232,38.40006],[141.60243,38.40036]]],[[[141.60249,38.40027],[141.60256,38.40029],[141.60256,38.40027],[141.60249,38.40027]]],[[[141.60205,38.40032],[141.60215,38.40034],[141.60209,38.40028],[141.60205,38.40032]]],[[[141.58856,38.40039],[141.58862,38.40038],[141.58852,38.40034],[141.58856,38.40039]]],[[[141.58796,38.40041],[141.588,38.40038],[141.58794,38.40037],[141.58796,38.40041]]],[[[141.58855,38.40045],[141.58851,38.40037],[141.58847,38.40037],[141.58855,38.40045]]],[[[141.58848,38.40054],[141.58846,38.40029],[141.58819,38.40034],[141.58848,38.40054]]],[[[141.59163,38.40045],[141.59166,38.40042],[141.59162,38.40044],[141.59163,38.40045]]],[[[141.60235,38.40044],[141.60237,38.40044],[141.60237,38.40042],[141.60235,38.40044]]],[[[141.5979,38.40084],[141.59887,38.40083],[141.59913,38.39962],[141.5979,38.40084]]],[[[141.58886,38.40049],[141.58901,38.40049],[141.58884,38.40048],[141.58886,38.40049]]],[[[141.58798,38.40056],[141.58803,38.40046],[141.58794,38.40049],[141.58798,38.40056]]],[[[141.59201,38.40056],[141.59206,38.4005],[141.59197,38.4005],[141.59201,38.40056]]],[[[141.59145,38.40052],[141.59145,38.40059],[141.5915,38.40052],[141.59145,38.40052]]],[[[141.59136,38.40057],[141.59132,38.40056],[141.59134,38.40059],[141.59136,38.40057]]],[[[141.58847,38.40058],[141.58849,38.40057],[141.58847,38.40057],[141.58847,38.40058]]],[[[141.59671,38.40062],[141.59673,38.40059],[141.59668,38.40061],[141.59671,38.40062]]],[[[141.58797,38.40072],[141.58794,38.40056],[141.58783,38.4006],[141.58797,38.40072]]],[[[141.59517,38.40065],[141.5952,38.40067],[141.59521,38.40064],[141.59517,38.40065]]],[[[141.58916,38.40067],[141.58918,38.40064],[141.58913,38.40065],[141.58916,38.40067]]],[[[141.5951,38.40074],[141.59513,38.40071],[141.59508,38.4007],[141.5951,38.40074]]],[[[141.59502,38.40076],[141.59506,38.40073],[141.59502,38.40074],[141.59502,38.40076]]],[[[141.59662,38.40076],[141.59659,38.40074],[141.59661,38.40077],[141.59662,38.40076]]],[[[141.60001,38.40079],[141.59998,38.40076],[141.6,38.40079],[141.60001,38.40079]]],[[[141.59535,38.40076],[141.59531,38.40078],[141.59533,38.40081],[141.59535,38.40076]]],[[[141.60006,38.40077],[141.60003,38.40078],[141.60004,38.4008],[141.60006,38.40077]]],[[[141.59136,38.40081],[141.59139,38.40075],[141.59133,38.40077],[141.59136,38.40081]]],[[[141.59656,38.40077],[141.59657,38.4008],[141.59659,38.40078],[141.59656,38.40077]]],[[[141.59661,38.40082],[141.5966,38.40079],[141.59657,38.40081],[141.59661,38.40082]]],[[[141.5925,38.40082],[141.59242,38.40083],[141.59243,38.40085],[141.5925,38.40082]]],[[[141.59999,38.40084],[141.59999,38.40081],[141.59995,38.40082],[141.59999,38.40084]]],[[[141.59471,38.40085],[141.59481,38.40079],[141.59474,38.40078],[141.59471,38.40085]]],[[[141.59994,38.40086],[141.59994,38.40083],[141.59991,38.40084],[141.59994,38.40086]]],[[[141.59987,38.40094],[141.59979,38.40092],[141.5998,38.40095],[141.59987,38.40094]]],[[[141.59241,38.40096],[141.59249,38.40097],[141.59246,38.40093],[141.59241,38.40096]]],[[[141.60024,38.40097],[141.60013,38.40096],[141.60019,38.40101],[141.60024,38.40097]]],[[[141.59204,38.401],[141.592,38.40095],[141.59202,38.40101],[141.59204,38.401]]],[[[141.6,38.40094],[141.59998,38.40103],[141.60004,38.40095],[141.6,38.40094]]],[[[141.59237,38.40097],[141.59236,38.40102],[141.59239,38.401],[141.59237,38.40097]]],[[[141.59209,38.40106],[141.59215,38.40098],[141.59208,38.401],[141.59209,38.40106]]],[[[141.5923,38.40106],[141.59231,38.40101],[141.59226,38.40102],[141.5923,38.40106]]],[[[141.59249,38.40106],[141.59251,38.401],[141.59245,38.40103],[141.59249,38.40106]]],[[[141.59548,38.40107],[141.59556,38.40104],[141.59549,38.40101],[141.59548,38.40107]]],[[[141.60001,38.40109],[141.60015,38.40108],[141.60011,38.40096],[141.60001,38.40109]]],[[[141.5921,38.4011],[141.59225,38.4012],[141.59224,38.40104],[141.5921,38.4011]]],[[[141.60046,38.40102],[141.60029,38.40116],[141.6004,38.40129],[141.60046,38.40102]]],[[[141.59923,38.40117],[141.59981,38.40128],[141.59946,38.40093],[141.59923,38.40117]]],[[[141.59561,38.40123],[141.59557,38.40113],[141.59554,38.40113],[141.59561,38.40123]]],[[[141.60032,38.40127],[141.6003,38.40121],[141.60026,38.40122],[141.60032,38.40127]]],[[[141.6003,38.40129],[141.60024,38.40127],[141.60024,38.40131],[141.6003,38.40129]]],[[[141.5956,38.40128],[141.59555,38.40129],[141.59559,38.4013],[141.5956,38.40128]]],[[[141.59235,38.40129],[141.59245,38.40131],[141.59241,38.40125],[141.59235,38.40129]]],[[[141.59659,38.40142],[141.59652,38.40121],[141.59637,38.4013],[141.59659,38.40142]]],[[[141.60031,38.40135],[141.60032,38.40131],[141.60029,38.40132],[141.60031,38.40135]]],[[[141.60059,38.40158],[141.60114,38.40136],[141.60048,38.40111],[141.60059,38.40158]]],[[[141.59927,38.40134],[141.5993,38.40137],[141.59931,38.40136],[141.59927,38.40134]]],[[[141.60145,38.40139],[141.60154,38.40138],[141.60141,38.40138],[141.60145,38.40139]]],[[[141.59207,38.40161],[141.59207,38.40123],[141.59169,38.40128],[141.59207,38.40161]]],[[[141.60043,38.40148],[141.60043,38.40142],[141.60039,38.40143],[141.60043,38.40148]]],[[[141.59669,38.40149],[141.59673,38.40149],[141.59672,38.40147],[141.59669,38.40149]]],[[[141.59851,38.40147],[141.59858,38.40154],[141.59864,38.40149],[141.59851,38.40147]]],[[[141.59646,38.40154],[141.59656,38.40154],[141.59654,38.40151],[141.59646,38.40154]]],[[[141.59873,38.40157],[141.5987,38.40152],[141.59865,38.40157],[141.59873,38.40157]]],[[[141.60226,38.4016],[141.6023,38.40154],[141.60225,38.40157],[141.60226,38.4016]]],[[[141.59658,38.40156],[141.59663,38.40161],[141.59666,38.40158],[141.59658,38.40156]]],[[[141.59858,38.40157],[141.59859,38.40164],[141.59863,38.40157],[141.59858,38.40157]]],[[[141.59587,38.40162],[141.59595,38.40166],[141.59597,38.40165],[141.59587,38.40162]]],[[[141.599,38.40124],[141.59906,38.40164],[141.59958,38.4017],[141.599,38.40124]]],[[[141.59191,38.40167],[141.59187,38.40164],[141.59186,38.40165],[141.59191,38.40167]]],[[[141.59223,38.40162],[141.59224,38.40172],[141.59227,38.40171],[141.59223,38.40162]]],[[[141.59576,38.40167],[141.59574,38.4017],[141.59577,38.40168],[141.59576,38.40167]]],[[[141.59677,38.40172],[141.59678,38.40168],[141.59675,38.4017],[141.59677,38.40172]]],[[[141.59596,38.40173],[141.596,38.40176],[141.59602,38.40174],[141.59596,38.40173]]],[[[141.59587,38.40176],[141.59591,38.4018],[141.59593,38.40177],[141.59587,38.40176]]],[[[141.59882,38.40188],[141.59878,38.40186],[141.59881,38.40189],[141.59882,38.40188]]],[[[141.59858,38.40194],[141.5986,38.40188],[141.59857,38.4019],[141.59858,38.40194]]],[[[141.59883,38.40196],[141.59884,38.4019],[141.59881,38.40193],[141.59883,38.40196]]],[[[141.59701,38.40193],[141.59704,38.40193],[141.59701,38.40192],[141.59701,38.40193]]],[[[141.59919,38.40198],[141.59919,38.40191],[141.59913,38.40191],[141.59919,38.40198]]],[[[141.59698,38.40196],[141.59688,38.402],[141.59693,38.40203],[141.59698,38.40196]]],[[[141.59893,38.402],[141.59888,38.402],[141.59892,38.40202],[141.59893,38.402]]],[[[141.59911,38.40205],[141.59909,38.40203],[141.59907,38.40205],[141.59911,38.40205]]],[[[141.597,38.40202],[141.59694,38.40209],[141.59703,38.40204],[141.597,38.40202]]],[[[141.599,38.40207],[141.59895,38.40204],[141.59898,38.40209],[141.599,38.40207]]],[[[141.59683,38.4021],[141.59681,38.40205],[141.5968,38.40207],[141.59683,38.4021]]],[[[141.59687,38.40208],[141.59689,38.4021],[141.5969,38.40209],[141.59687,38.40208]]],[[[141.59909,38.40212],[141.59916,38.40209],[141.59907,38.4021],[141.59909,38.40212]]],[[[141.5992,38.40216],[141.59921,38.40212],[141.59919,38.40216],[141.5992,38.40216]]],[[[141.59901,38.40214],[141.59909,38.40217],[141.59903,38.40211],[141.59901,38.40214]]],[[[141.59919,38.40222],[141.59918,38.40217],[141.59916,38.40219],[141.59919,38.40222]]],[[[141.59623,38.40224],[141.59634,38.40226],[141.59629,38.40219],[141.59623,38.40224]]],[[[141.59637,38.40231],[141.59633,38.40229],[141.59633,38.40231],[141.59637,38.40231]]],[[[141.59622,38.40232],[141.59625,38.40235],[141.59624,38.40232],[141.59622,38.40232]]],[[[141.59631,38.40264],[141.59626,38.40254],[141.5962,38.40256],[141.59631,38.40264]]],[[[141.59171,38.40254],[141.59148,38.40268],[141.59172,38.40267],[141.59171,38.40254]]],[[[141.59678,38.40276],[141.5968,38.40273],[141.59674,38.40272],[141.59678,38.40276]]],[[[141.59698,38.4028],[141.59682,38.40275],[141.5968,38.40281],[141.59698,38.4028]]],[[[141.59695,38.40283],[141.59702,38.40286],[141.59699,38.40281],[141.59695,38.40283]]],[[[141.59261,38.40285],[141.59262,38.40288],[141.59265,38.40287],[141.59261,38.40285]]],[[[141.59687,38.40286],[141.59691,38.4029],[141.5969,38.40286],[141.59687,38.40286]]],[[[141.59258,38.40293],[141.59256,38.40287],[141.59253,38.40289],[141.59258,38.40293]]],[[[141.59686,38.40292],[141.5969,38.40291],[141.59684,38.4029],[141.59686,38.40292]]],[[[141.59272,38.40303],[141.59278,38.40305],[141.59277,38.40298],[141.59272,38.40303]]],[[[141.59274,38.40316],[141.5928,38.40314],[141.59271,38.40311],[141.59274,38.40316]]],[[[141.59215,38.42211],[141.59228,38.422],[141.59208,38.42208],[141.59215,38.42211]]],[[[141.59218,38.42217],[141.59234,38.42216],[141.59236,38.42214],[141.59218,38.42217]]],[[[141.59196,38.42216],[141.59209,38.42221],[141.59211,38.42218],[141.59196,38.42216]]],[[[141.59142,38.42234],[141.59143,38.42229],[141.59138,38.4223],[141.59142,38.42234]]],[[[141.59158,38.42241],[141.59162,38.42235],[141.59157,38.42236],[141.59158,38.42241]]],[[[141.59363,38.42255],[141.59359,38.42255],[141.59362,38.42258],[141.59363,38.42255]]],[[[141.59145,38.42215],[141.59331,38.42398],[141.59572,38.4233],[141.59549,38.42277],[141.59505,38.42231],[141.59332,38.42267],[141.59145,38.42215]]],[[[141.59239,38.42394],[141.59235,38.42385],[141.59234,38.42391],[141.59239,38.42394]]],[[[141.59369,38.42405],[141.59366,38.42401],[141.59365,38.42403],[141.59369,38.42405]]],[[[141.59577,38.42414],[141.59566,38.42404],[141.59566,38.42409],[141.59577,38.42414]]],[[[141.59631,38.42422],[141.5959,38.42407],[141.59589,38.42416],[141.59631,38.42422]]],[[[141.59684,38.42439],[141.59647,38.42412],[141.59642,38.42425],[141.59684,38.42439]]],[[[141.59291,38.42434],[141.593,38.42431],[141.593,38.42429],[141.59291,38.42434]]],[[[141.5956,38.42436],[141.5956,38.42453],[141.59574,38.42442],[141.5956,38.42436]]],[[[141.59328,38.42454],[141.59338,38.42452],[141.59325,38.42451],[141.59328,38.42454]]]]}},{"type":"Feature","properties":{"振興事務所":"気仙沼"},"geometry":{"type":"MultiPolygon","coordinates":[[[[141.482,38.64267],[141.48202,38.64263],[141.482,38.64262],[141.482,38.64267]]],[[[141.45692,38.64265],[141.45692,38.64267],[141.45692,38.64266],[141.45692,38.64265]]],[[[141.45688,38.64277],[141.4568,38.64265],[141.45671,38.64272],[141.45688,38.64277]]],[[[141.49674,38.6429],[141.49663,38.64291],[141.49673,38.64292],[141.49674,38.6429]]],[[[141.48189,38.64285],[141.48194,38.64288],[141.48191,38.64284],[141.48189,38.64285]]],[[[141.48711,38.64316],[141.4872,38.64321],[141.48716,38.64314],[141.48711,38.64316]]],[[[141.49668,38.64333],[141.4967,38.6433],[141.49664,38.64329],[141.49668,38.64333]]],[[[141.49026,38.64335],[141.49025,38.64332],[141.49023,38.64332],[141.49026,38.64335]]],[[[141.49458,38.64377],[141.49454,38.64391],[141.49465,38.64391],[141.49458,38.64377]]],[[[141.49509,38.64388],[141.4951,38.64384],[141.49506,38.64385],[141.49509,38.64388]]],[[[141.49516,38.64396],[141.49519,38.64393],[141.49514,38.64394],[141.49516,38.64396]]],[[[141.49454,38.64398],[141.49465,38.64403],[141.49451,38.6439],[141.49454,38.64398]]],[[[141.49025,38.64408],[141.49028,38.64406],[141.49024,38.64408],[141.49025,38.64408]]],[[[141.49014,38.64418],[141.4901,38.64427],[141.49013,38.64426],[141.49014,38.64418]]],[[[141.4901,38.6443],[141.49013,38.64428],[141.49009,38.64428],[141.4901,38.6443]]],[[[141.49541,38.64432],[141.49543,38.64439],[141.49547,38.64437],[141.49541,38.64432]]],[[[141.4898,38.64441],[141.48983,38.64436],[141.4898,38.64435],[141.4898,38.64441]]],[[[141.49511,38.64443],[141.49511,38.6444],[141.49507,38.64442],[141.49511,38.64443]]],[[[141.49547,38.64449],[141.4955,38.6445],[141.4955,38.64449],[141.49547,38.64449]]],[[[141.49665,38.64458],[141.49663,38.64461],[141.49666,38.64461],[141.49665,38.64458]]],[[[141.49631,38.64471],[141.49642,38.64474],[141.49643,38.64471],[141.49631,38.64471]]],[[[141.48882,38.64481],[141.48888,38.64478],[141.48887,38.64477],[141.48882,38.64481]]],[[[141.49576,38.64489],[141.49579,38.64487],[141.49575,38.64488],[141.49576,38.64489]]],[[[141.49574,38.64493],[141.49575,38.6449],[141.49573,38.64493],[141.49574,38.64493]]],[[[141.49646,38.64509],[141.4965,38.64515],[141.49652,38.64514],[141.49646,38.64509]]],[[[141.47721,38.64529],[141.47714,38.64525],[141.47713,38.64529],[141.47721,38.64529]]],[[[141.47748,38.64546],[141.47715,38.64542],[141.47749,38.6455],[141.47748,38.64546]]],[[[141.47992,38.64836],[141.47987,38.64785],[141.47955,38.64832],[141.47992,38.64836]]],[[[141.4874,38.65005],[141.48732,38.64994],[141.48718,38.65002],[141.4874,38.65005]]],[[[141.48755,38.65],[141.48747,38.65007],[141.48744,38.65008],[141.4875,38.65009],[141.48755,38.65]]],[[[141.48742,38.65008],[141.48742,38.65006],[141.48741,38.65006],[141.48742,38.65008]]],[[[141.4874,38.65011],[141.4874,38.65009],[141.48739,38.65009],[141.4874,38.65011]]],[[[141.48748,38.65012],[141.48756,38.65014],[141.48754,38.65008],[141.48748,38.65012]]],[[[141.48697,38.65021],[141.48698,38.65019],[141.48696,38.6502],[141.48697,38.65021]]],[[[141.48701,38.65019],[141.48705,38.65024],[141.48708,38.65024],[141.48701,38.65019]]],[[[141.48694,38.65026],[141.48699,38.65026],[141.48692,38.65022],[141.48694,38.65026]]],[[[141.48683,38.65024],[141.48681,38.65025],[141.48685,38.65026],[141.48683,38.65024]]],[[[141.48692,38.65028],[141.48693,38.65026],[141.4869,38.65025],[141.48692,38.65028]]],[[[141.48679,38.65028],[141.4868,38.65027],[141.48677,38.65027],[141.48679,38.65028]]],[[[141.48684,38.65029],[141.48685,38.65027],[141.48682,38.65028],[141.48684,38.65029]]],[[[141.48693,38.65041],[141.48699,38.65038],[141.48691,38.6504],[141.48693,38.65041]]],[[[141.48823,38.65046],[141.48827,38.65044],[141.48823,38.65045],[141.48823,38.65046]]],[[[141.48827,38.65048],[141.48829,38.65047],[141.48826,38.65048],[141.48827,38.65048]]],[[[141.48826,38.65052],[141.48827,38.65049],[141.48824,38.6505],[141.48826,38.65052]]],[[[141.49022,38.65055],[141.49023,38.65053],[141.49021,38.65053],[141.49022,38.65055]]],[[[141.48823,38.65055],[141.48822,38.65053],[141.4882,38.65055],[141.48823,38.65055]]],[[[141.48797,38.65053],[141.48793,38.65057],[141.48798,38.65054],[141.48797,38.65053]]],[[[141.48807,38.65054],[141.48811,38.65054],[141.48807,38.65054],[141.48807,38.65054]]],[[[141.48991,38.65056],[141.48997,38.65059],[141.49002,38.65057],[141.48991,38.65056]]],[[[141.48984,38.65061],[141.48969,38.65061],[141.48967,38.65063],[141.48984,38.65061]]],[[[141.48967,38.65065],[141.48957,38.65065],[141.48956,38.65065],[141.48967,38.65065]]],[[[141.4894,38.65076],[141.4893,38.65072],[141.48929,38.65075],[141.4894,38.65076]]],[[[141.48978,38.65076],[141.4898,38.65073],[141.48977,38.65073],[141.48978,38.65076]]],[[[141.49131,38.65089],[141.49138,38.6509],[141.49139,38.65088],[141.49131,38.65089]]],[[[141.49074,38.65108],[141.49079,38.65114],[141.49079,38.65111],[141.49074,38.65108]]],[[[141.4909,38.65114],[141.49089,38.65112],[141.49088,38.65113],[141.4909,38.65114]]],[[[141.48703,38.65011],[141.49042,38.65223],[141.49022,38.65182],[141.49066,38.65157],[141.49062,38.65097],[141.48864,38.65083],[141.48784,38.65054],[141.48739,38.6502],[141.48703,38.65011]]],[[[141.49262,38.65178],[141.49274,38.65183],[141.49272,38.65177],[141.49262,38.65178]]],[[[141.49323,38.65173],[141.49321,38.65183],[141.49329,38.65189],[141.49323,38.65173]]],[[[141.49045,38.65183],[141.49043,38.65183],[141.49044,38.65184],[141.49045,38.65183]]],[[[141.49254,38.65187],[141.49255,38.65183],[141.49253,38.65183],[141.49254,38.65187]]],[[[141.49037,38.65187],[141.4904,38.65186],[141.49036,38.65184],[141.49037,38.65187]]],[[[141.49347,38.65192],[141.4935,38.65187],[141.49347,38.65187],[141.49347,38.65192]]],[[[141.48726,38.65195],[141.48711,38.65202],[141.4873,38.65204],[141.48726,38.65195]]],[[[141.48765,38.65202],[141.48773,38.65207],[141.48774,38.65201],[141.48765,38.65202]]],[[[141.49287,38.65211],[141.49299,38.65207],[141.49298,38.65205],[141.49287,38.65211]]],[[[141.48759,38.65212],[141.48766,38.65215],[141.48763,38.65207],[141.48759,38.65212]]],[[[141.49304,38.65215],[141.49308,38.65211],[141.49305,38.65211],[141.49304,38.65215]]],[[[141.49297,38.65221],[141.49301,38.65217],[141.49298,38.65217],[141.49297,38.65221]]],[[[141.49318,38.65224],[141.49321,38.65221],[141.49316,38.65219],[141.49318,38.65224]]],[[[141.48736,38.65226],[141.48743,38.65232],[141.48744,38.65225],[141.48736,38.65226]]],[[[141.48728,38.65237],[141.48735,38.65236],[141.48736,38.65235],[141.48728,38.65237]]],[[[141.48736,38.6524],[141.48743,38.6524],[141.48746,38.65236],[141.48736,38.6524]]],[[[141.49046,38.65241],[141.49044,38.65238],[141.49042,38.6524],[141.49046,38.65241]]],[[[141.49011,38.65265],[141.49015,38.65248],[141.48992,38.65261],[141.49011,38.65265]]],[[[141.49038,38.65261],[141.49037,38.65265],[141.49039,38.65264],[141.49038,38.65261]]],[[[141.49049,38.65267],[141.49041,38.65271],[141.49049,38.65268],[141.49049,38.65267]]],[[[141.48986,38.65276],[141.48991,38.65274],[141.48985,38.65273],[141.48986,38.65276]]],[[[141.48979,38.65274],[141.48981,38.65282],[141.48981,38.65273],[141.48979,38.65274]]],[[[141.4886,38.65298],[141.48857,38.65295],[141.48857,38.65296],[141.4886,38.65298]]],[[[141.48985,38.65309],[141.48989,38.65307],[141.48984,38.65306],[141.48985,38.65309]]],[[[141.48909,38.65308],[141.48909,38.65311],[141.4891,38.65311],[141.48909,38.65308]]],[[[141.48953,38.65323],[141.48952,38.65321],[141.48937,38.65298],[141.48945,38.65321],[141.48953,38.65323]]],[[[141.48878,38.65316],[141.48879,38.65314],[141.48877,38.65314],[141.48878,38.65316]]],[[[141.48996,38.6533],[141.48995,38.65326],[141.48993,38.65327],[141.48996,38.6533]]],[[[141.48949,38.65328],[141.48955,38.65325],[141.48949,38.65326],[141.48949,38.65328]]],[[[141.48959,38.65339],[141.48963,38.65337],[141.48958,38.65337],[141.48959,38.65339]]],[[[141.48814,38.65339],[141.48819,38.65351],[141.48825,38.65342],[141.48814,38.65339]]],[[[141.48836,38.65351],[141.4883,38.65361],[141.4884,38.65354],[141.48836,38.65351]]],[[[141.44814,38.65567],[141.44797,38.65574],[141.44809,38.65576],[141.44814,38.65567]]],[[[141.44875,38.65614],[141.44884,38.65617],[141.44875,38.65612],[141.44875,38.65614]]],[[[141.44893,38.6562],[141.44893,38.65618],[141.44888,38.65618],[141.44893,38.6562]]],[[[141.44966,38.65699],[141.44974,38.65703],[141.44969,38.65697],[141.44966,38.65699]]],[[[141.44965,38.65706],[141.44968,38.65705],[141.44965,38.65704],[141.44965,38.65706]]],[[[141.44973,38.6571],[141.44972,38.65718],[141.44977,38.65713],[141.44973,38.6571]]],[[[141.44989,38.65789],[141.44991,38.65794],[141.44994,38.65791],[141.44989,38.65789]]],[[[141.44984,38.65799],[141.44989,38.65803],[141.44989,38.658],[141.44984,38.65799]]],[[[141.44987,38.65815],[141.44987,38.65821],[141.44994,38.65813],[141.44987,38.65815]]],[[[141.44965,38.65827],[141.44967,38.65825],[141.44964,38.65826],[141.44965,38.65827]]],[[[141.44973,38.65838],[141.44974,38.65845],[141.44977,38.6584],[141.44973,38.65838]]],[[[141.44981,38.65843],[141.44982,38.65841],[141.44979,38.65841],[141.44981,38.65843]]],[[[141.44978,38.65845],[141.4498,38.65844],[141.44978,38.65844],[141.44978,38.65845]]],[[[141.44956,38.65864],[141.44957,38.65861],[141.44954,38.65862],[141.44956,38.65864]]],[[[141.44955,38.65871],[141.4494,38.65879],[141.44955,38.65876],[141.44955,38.65871]]],[[[141.44941,38.65887],[141.44947,38.6589],[141.44948,38.65887],[141.44941,38.65887]]],[[[141.44874,38.65925],[141.44874,38.65923],[141.44873,38.65923],[141.44874,38.65925]]],[[[141.44864,38.65934],[141.4487,38.65935],[141.44865,38.65932],[141.44864,38.65934]]],[[[141.44845,38.65971],[141.44853,38.65981],[141.44859,38.65974],[141.44845,38.65971]]],[[[141.44819,38.65981],[141.44821,38.65977],[141.44819,38.65977],[141.44819,38.65981]]],[[[141.44827,38.65985],[141.44832,38.65983],[141.44828,38.65981],[141.44827,38.65985]]],[[[141.44807,38.65994],[141.44804,38.65993],[141.44804,38.65994],[141.44807,38.65994]]],[[[141.44775,38.66019],[141.44783,38.66017],[141.44774,38.66017],[141.44775,38.66019]]],[[[141.44824,38.66021],[141.44828,38.66027],[141.44832,38.66022],[141.44824,38.66021]]],[[[141.44772,38.66025],[141.44775,38.66024],[141.44772,38.66023],[141.44772,38.66025]]],[[[141.44767,38.66027],[141.44771,38.66023],[141.44766,38.66023],[141.44767,38.66027]]],[[[141.44775,38.66028],[141.4478,38.66026],[141.44774,38.66027],[141.44775,38.66028]]],[[[141.44765,38.66037],[141.44771,38.66037],[141.44765,38.66034],[141.44765,38.66037]]],[[[141.44753,38.66063],[141.44755,38.66061],[141.44752,38.66062],[141.44753,38.66063]]],[[[141.46224,38.66529],[141.46235,38.66524],[141.46224,38.66528],[141.46224,38.66529]]],[[[141.46161,38.66557],[141.46143,38.66558],[141.46144,38.66566],[141.46161,38.66557]]],[[[141.46162,38.66574],[141.46148,38.66591],[141.46168,38.66581],[141.46162,38.66574]]],[[[141.46164,38.66592],[141.46168,38.6659],[141.46163,38.6659],[141.46164,38.66592]]],[[[141.46162,38.66593],[141.46162,38.66591],[141.46159,38.66592],[141.46162,38.66593]]],[[[141.46155,38.66596],[141.46158,38.66593],[141.46154,38.66595],[141.46155,38.66596]]],[[[141.46138,38.66607],[141.4613,38.6662],[141.46147,38.66618],[141.46138,38.66607]]],[[[141.4616,38.66615],[141.4616,38.66624],[141.46168,38.66618],[141.4616,38.66615]]],[[[141.46134,38.66654],[141.46152,38.66621],[141.46127,38.66637],[141.46134,38.66654]]],[[[141.46278,38.66644],[141.46248,38.66627],[141.46243,38.66649],[141.46278,38.66644]]],[[[141.46323,38.66779],[141.46319,38.66785],[141.46324,38.66786],[141.46323,38.66779]]],[[[141.46333,38.66786],[141.46339,38.66791],[141.46342,38.66788],[141.46333,38.66786]]],[[[141.46337,38.66849],[141.46311,38.66853],[141.46322,38.66861],[141.46337,38.66849]]],[[[141.4634,38.66852],[141.46335,38.66862],[141.46341,38.66859],[141.4634,38.66852]]],[[[141.46261,38.66889],[141.463,38.66883],[141.46319,38.6687],[141.46301,38.66858],[141.46261,38.66889]]],[[[141.46333,38.67021],[141.46319,38.67015],[141.46327,38.6703],[141.46333,38.67021]]],[[[141.46343,38.67025],[141.46347,38.67038],[141.46351,38.67031],[141.46343,38.67025]]],[[[141.46379,38.67036],[141.46376,38.6704],[141.46381,38.6704],[141.46379,38.67036]]],[[[141.46376,38.67059],[141.46361,38.6704],[141.46338,38.67053],[141.46376,38.67059]]],[[[141.46389,38.6705],[141.46394,38.67055],[141.4639,38.67046],[141.46389,38.6705]]],[[[141.46382,38.67059],[141.46387,38.67062],[141.46386,38.67056],[141.46382,38.67059]]],[[[141.45372,38.67272],[141.45378,38.67281],[141.45378,38.67272],[141.45372,38.67272]]],[[[141.44738,38.67218],[141.44727,38.67336],[141.44741,38.67218],[141.44738,38.67218]]],[[[141.5128,38.76746],[141.54639,38.73337],[141.54823,38.73337],[141.55208,38.73574],[141.55305,38.73877],[141.55338,38.73802],[141.55533,38.73779],[141.55591,38.73818],[141.55603,38.73838],[141.55608,38.73866],[141.5573,38.73726],[141.55818,38.73743],[141.55845,38.73804],[141.55867,38.73741],[141.55925,38.73714],[141.56051,38.73757],[141.56124,38.73896],[141.56318,38.73899],[141.56337,38.74025],[141.56537,38.73962],[141.56446,38.73793],[141.56472,38.73786],[141.56451,38.73745],[141.5648,38.73711],[141.56588,38.73715],[141.56498,38.73525],[141.56516,38.73437],[141.56576,38.73405],[141.5643,38.73395],[141.5656,38.73327],[141.56433,38.73351],[141.56395,38.7314],[141.56304,38.73258],[141.56304,38.73226],[141.56248,38.7321],[141.56213,38.7316],[141.56211,38.73074],[141.56117,38.73047],[141.56656,38.7258],[141.56346,38.72557],[141.56198,38.7245],[141.56181,38.72385],[141.55996,38.72395],[141.55988,38.72332],[141.55857,38.72401],[141.55666,38.71934],[141.55866,38.71458],[141.5614,38.71291],[141.56543,38.71238],[141.56547,38.7117],[141.56641,38.71114],[141.56275,38.70336],[141.56329,38.70098],[141.56467,38.70034],[141.56351,38.69842],[141.56411,38.69786],[141.56338,38.69773],[141.56326,38.69669],[141.5627,38.69715],[141.56234,38.69716],[141.55966,38.69545],[141.56168,38.69138],[141.55986,38.68998],[141.55706,38.69425],[141.55569,38.69432],[141.5554,38.69386],[141.55529,38.69512],[141.55469,38.69556],[141.55428,38.69535],[141.55922,38.70112],[141.5535,38.70903],[141.54664,38.71182],[141.538,38.70945],[141.5362,38.7053],[141.53578,38.71142],[141.53198,38.71618],[141.52926,38.71769],[141.52226,38.71588],[141.52555,38.71455],[141.52397,38.71316],[141.52624,38.71075],[141.52583,38.71002],[141.52625,38.70961],[141.52594,38.70929],[141.52624,38.70906],[141.52597,38.70875],[141.52597,38.70858],[141.52579,38.70867],[141.52537,38.70976],[141.52493,38.71007],[141.52263,38.71024],[141.52082,38.70875],[141.52056,38.70745],[141.52432,38.70552],[141.52304,38.70528],[141.52009,38.7021],[141.52041,38.70176],[141.52004,38.70167],[141.52024,38.70104],[141.5206,38.70052],[141.52145,38.69999],[141.52088,38.69976],[141.52085,38.6999],[141.52076,38.69997],[141.52043,38.70004],[141.52043,38.69998],[141.52029,38.70004],[141.52023,38.69992],[141.52003,38.69997],[141.5198,38.69983],[141.51881,38.69809],[141.51788,38.69849],[141.51727,38.69814],[141.51696,38.69529],[141.51769,38.6948],[141.5187,38.69514],[141.51922,38.6946],[141.51884,38.69472],[141.51844,38.69449],[141.51859,38.69395],[141.51795,38.69396],[141.51852,38.69275],[141.51725,38.69264],[141.51726,38.69222],[141.5178,38.69211],[141.51762,38.69141],[141.51579,38.6915],[141.51635,38.68933],[141.49927,38.69537],[141.49006,38.6896],[141.49468,38.674],[141.47483,38.67997],[141.46498,38.67408],[141.46151,38.66985],[141.46355,38.66715],[141.46284,38.66648],[141.46243,38.66654],[141.46223,38.66634],[141.45222,38.67442],[141.44426,38.67354],[141.44117,38.64645],[141.45807,38.63945],[141.46425,38.64791],[141.48437,38.64144],[141.48538,38.64343],[141.48698,38.643],[141.48723,38.64315],[141.48737,38.64365],[141.48872,38.64479],[141.49019,38.64237],[141.49183,38.64193],[141.49194,38.64317],[141.49416,38.64301],[141.4957,38.64403],[141.49606,38.64499],[141.49642,38.64504],[141.49624,38.64472],[141.49662,38.64451],[141.49707,38.64474],[141.49759,38.64523],[141.49641,38.64365],[141.49672,38.64347],[141.49645,38.643],[141.49715,38.64149],[141.50552,38.63694],[141.51274,38.63671],[141.51686,38.63784],[141.51854,38.64006],[141.51822,38.63789],[141.51886,38.63727],[141.52422,38.63592],[141.52961,38.63713],[141.52747,38.63211],[141.52885,38.63039],[141.40671,38.59798],[141.41594,38.6058],[141.37583,38.65394],[141.38574,38.67374],[141.37231,38.67711],[141.36869,38.71891],[141.41222,38.73614],[141.39883,38.757],[141.43956,38.78505],[141.42938,38.81055],[141.45867,38.81396],[141.44983,38.83739],[141.46617,38.85668],[141.45076,38.87548],[141.49186,38.91281],[141.48407,38.98531],[141.50855,39.00272],[141.63368,38.96934],[141.63202,38.96297],[141.63707,38.9643],[141.6417,38.95609],[141.64404,38.95547],[141.63272,38.95789],[141.63135,38.95426],[141.64026,38.942],[141.6483,38.9423],[141.64752,38.94064],[141.64516,38.94179],[141.64257,38.94029],[141.64169,38.9387],[141.64352,38.93656],[141.64272,38.93699],[141.64218,38.93618],[141.64344,38.93503],[141.64256,38.93386],[141.64306,38.93304],[141.64005,38.93302],[141.63771,38.93097],[141.63665,38.93212],[141.63444,38.92987],[141.64272,38.9281],[141.64449,38.92272],[141.64574,38.92238],[141.64648,38.92307],[141.64746,38.92275],[141.64778,38.9229],[141.64796,38.92318],[141.64897,38.92048],[141.65314,38.91914],[141.65062,38.91704],[141.65061,38.91138],[141.64752,38.91131],[141.65142,38.90183],[141.66376,38.89208],[141.66711,38.89293],[141.66246,38.8886],[141.66258,38.88172],[141.66694,38.87524],[141.67076,38.87398],[141.66852,38.86994],[141.67498,38.863],[141.67303,38.86037],[141.67367,38.85704],[141.66945,38.86192],[141.66192,38.86382],[141.65668,38.86258],[141.65801,38.86636],[141.65082,38.86929],[141.6512,38.87302],[141.64668,38.87516],[141.64828,38.87951],[141.64304,38.8788],[141.64589,38.88323],[141.63698,38.88521],[141.6383,38.90231],[141.62339,38.89981],[141.63091,38.89087],[141.62085,38.89284],[141.60739,38.87969],[141.5868,38.90933],[141.57501,38.90618],[141.58603,38.89291],[141.59371,38.88975],[141.59026,38.88541],[141.59047,38.87387],[141.58761,38.87355],[141.59213,38.86983],[141.58814,38.8696],[141.58785,38.86904],[141.58713,38.86877],[141.58636,38.86793],[141.58595,38.86783],[141.58573,38.86754],[141.58234,38.85341],[141.59086,38.83423],[141.59644,38.83681],[141.60368,38.82781],[141.60343,38.82798],[141.60297,38.82777],[141.60267,38.82687],[141.60209,38.82805],[141.60002,38.82934],[141.59653,38.82932],[141.59037,38.82221],[141.57919,38.82402],[141.57701,38.82271],[141.57482,38.81914],[141.57841,38.81313],[141.57235,38.81035],[141.57144,38.80803],[141.56869,38.81339],[141.55906,38.81252],[141.52041,38.78846],[141.5128,38.76746]],[[141.59587,38.83411],[141.59549,38.83345],[141.596,38.83381],[141.59587,38.83411]]],[[[141.49325,38.67325],[141.493,38.67349],[141.49313,38.67365],[141.49325,38.67325]]],[[[141.49392,38.67344],[141.49395,38.67349],[141.49396,38.67344],[141.49392,38.67344]]],[[[141.49372,38.67337],[141.49353,38.67367],[141.49355,38.6737],[141.49372,38.67337]]],[[[141.49381,38.67351],[141.49386,38.67353],[141.49387,38.67351],[141.49381,38.67351]]],[[[141.48198,38.67357],[141.48189,38.6735],[141.48184,38.67357],[141.48198,38.67357]]],[[[141.48181,38.67353],[141.48165,38.67356],[141.48182,38.67355],[141.48181,38.67353]]],[[[141.49336,38.67363],[141.49337,38.6736],[141.49335,38.6736],[141.49336,38.67363]]],[[[141.48155,38.67371],[141.4816,38.67368],[141.48157,38.67366],[141.48155,38.67371]]],[[[141.48182,38.67379],[141.48159,38.67379],[141.48183,38.6739],[141.48182,38.67379]]],[[[141.48298,38.67397],[141.483,38.67408],[141.48304,38.67405],[141.48298,38.67397]]],[[[141.49207,38.67414],[141.49212,38.67411],[141.49207,38.67408],[141.49207,38.67414]]],[[[141.48155,38.67425],[141.48155,38.67421],[141.48152,38.67422],[141.48155,38.67425]]],[[[141.47002,38.6746],[141.46996,38.67467],[141.47002,38.67466],[141.47002,38.6746]]],[[[141.48364,38.67469],[141.48366,38.67477],[141.48371,38.67477],[141.48364,38.67469]]],[[[141.48414,38.67494],[141.48424,38.67494],[141.48425,38.67492],[141.48414,38.67494]]],[[[141.48406,38.67497],[141.48416,38.67502],[141.48417,38.675],[141.48406,38.67497]]],[[[141.48603,38.67539],[141.48611,38.67549],[141.48612,38.67548],[141.48603,38.67539]]],[[[141.48608,38.6755],[141.48605,38.67548],[141.48605,38.67549],[141.48608,38.6755]]],[[[141.4851,38.67554],[141.4851,38.6755],[141.48504,38.67553],[141.4851,38.67554]]],[[[141.48608,38.67565],[141.48611,38.67562],[141.48604,38.67561],[141.48608,38.67565]]],[[[141.4843,38.67564],[141.4844,38.67571],[141.48435,38.6756],[141.4843,38.67564]]],[[[141.48444,38.67569],[141.48444,38.67566],[141.48443,38.67567],[141.48444,38.67569]]],[[[141.48586,38.67569],[141.48584,38.67568],[141.48584,38.67568],[141.48586,38.67569]]],[[[141.4858,38.67572],[141.48584,38.67573],[141.48581,38.67568],[141.4858,38.67572]]],[[[141.49501,38.67802],[141.49501,38.67798],[141.49496,38.678],[141.49501,38.67802]]],[[[141.47835,38.67833],[141.4784,38.67835],[141.47842,38.67833],[141.47835,38.67833]]],[[[141.49485,38.68409],[141.49499,38.68406],[141.49481,38.68401],[141.49485,38.68409]]],[[[141.49492,38.68422],[141.49491,38.68419],[141.49489,38.6842],[141.49492,38.68422]]],[[[141.49486,38.68438],[141.49488,38.68433],[141.49485,38.68431],[141.49486,38.68438]]],[[[141.49475,38.68461],[141.49472,38.68457],[141.49471,38.68458],[141.49475,38.68461]]],[[[141.49657,38.68517],[141.49666,38.6853],[141.49659,38.68516],[141.49657,38.68517]]],[[[141.49643,38.68537],[141.49642,38.68531],[141.4964,38.68537],[141.49643,38.68537]]],[[[141.49651,38.68557],[141.4965,38.68554],[141.49648,38.68557],[141.49651,38.68557]]],[[[141.49631,38.68571],[141.49627,38.6857],[141.4963,38.68573],[141.49631,38.68571]]],[[[141.49517,38.68915],[141.49526,38.68917],[141.49521,38.68908],[141.49517,38.68915]]],[[[141.50665,38.63713],[141.50664,38.6371],[141.50663,38.63712],[141.50665,38.63713]]],[[[141.50515,38.63762],[141.50515,38.63759],[141.50513,38.6376],[141.50515,38.63762]]],[[[141.50698,38.63782],[141.50702,38.63781],[141.50699,38.63779],[141.50698,38.63782]]],[[[141.50415,38.63827],[141.50418,38.63824],[141.50415,38.63825],[141.50415,38.63827]]],[[[141.50387,38.63825],[141.50395,38.63827],[141.50387,38.63821],[141.50387,38.63825]]],[[[141.5073,38.63828],[141.50731,38.63825],[141.50728,38.63827],[141.5073,38.63828]]],[[[141.50729,38.63824],[141.50718,38.63824],[141.50722,38.63832],[141.50729,38.63824]]],[[[141.5044,38.6383],[141.50439,38.63828],[141.50436,38.6383],[141.5044,38.6383]]],[[[141.5044,38.63834],[141.50438,38.63831],[141.50438,38.63833],[141.5044,38.63834]]],[[[141.50451,38.6383],[141.50449,38.63837],[141.50455,38.63833],[141.50451,38.6383]]],[[[141.50531,38.63834],[141.50529,38.63834],[141.50531,38.63836],[141.50531,38.63834]]],[[[141.50732,38.63838],[141.50733,38.63843],[141.50737,38.63838],[141.50732,38.63838]]],[[[141.50526,38.63852],[141.50525,38.63848],[141.50523,38.6385],[141.50526,38.63852]]],[[[141.50742,38.63854],[141.50745,38.63855],[141.50747,38.63852],[141.50742,38.63854]]],[[[141.50706,38.63869],[141.50706,38.63873],[141.5071,38.63872],[141.50706,38.63869]]],[[[141.50738,38.63873],[141.50739,38.6387],[141.50735,38.6387],[141.50738,38.63873]]],[[[141.50777,38.63894],[141.50776,38.63902],[141.50779,38.63893],[141.50777,38.63894]]],[[[141.50774,38.63901],[141.50773,38.63903],[141.50774,38.63903],[141.50774,38.63901]]],[[[141.50783,38.63913],[141.50795,38.63899],[141.50782,38.63893],[141.50783,38.63913]]],[[[141.50762,38.63911],[141.50767,38.63908],[141.50764,38.63906],[141.50762,38.63911]]],[[[141.50804,38.63911],[141.50793,38.63912],[141.50797,38.63914],[141.50804,38.63911]]],[[[141.50778,38.63918],[141.50778,38.63903],[141.5077,38.63917],[141.50778,38.63918]]],[[[141.50927,38.63913],[141.5093,38.63908],[141.50926,38.63912],[141.50927,38.63913]]],[[[141.50822,38.63914],[141.50819,38.63912],[141.50819,38.63915],[141.50822,38.63914]]],[[[141.50962,38.63912],[141.50967,38.63916],[141.50968,38.63914],[141.50962,38.63912]]],[[[141.50978,38.63919],[141.50975,38.63923],[141.50978,38.63924],[141.50978,38.63919]]],[[[141.5085,38.63923],[141.50841,38.63916],[141.50839,38.63923],[141.5085,38.63923]]],[[[141.50813,38.63925],[141.50804,38.63918],[141.50801,38.63924],[141.50813,38.63925]]],[[[141.50908,38.63918],[141.50904,38.63921],[141.50912,38.63925],[141.50908,38.63918]]],[[[141.50832,38.63928],[141.50833,38.63925],[141.50831,38.63926],[141.50832,38.63928]]],[[[141.50948,38.63931],[141.50952,38.63917],[141.50949,38.63917],[141.50948,38.63931]]],[[[141.50831,38.63936],[141.50833,38.63934],[141.5083,38.63935],[141.50831,38.63936]]],[[[141.50912,38.63952],[141.509,38.63927],[141.50889,38.63933],[141.50912,38.63952]]],[[[141.5082,38.63939],[141.50826,38.63945],[141.50827,38.63942],[141.5082,38.63939]]],[[[141.50901,38.63951],[141.50899,38.63948],[141.50898,38.63948],[141.50901,38.63951]]],[[[141.50814,38.63959],[141.5081,38.63959],[141.5081,38.6396],[141.50814,38.63959]]],[[[141.50834,38.63967],[141.50833,38.63963],[141.50829,38.63963],[141.50834,38.63967]]],[[[141.50464,38.64002],[141.5046,38.63986],[141.50451,38.63989],[141.50464,38.64002]]],[[[141.50485,38.64012],[141.50486,38.64009],[141.50485,38.64009],[141.50485,38.64012]]],[[[141.50456,38.64015],[141.50455,38.64017],[141.50458,38.64017],[141.50456,38.64015]]],[[[141.50427,38.64029],[141.50425,38.64024],[141.50423,38.64026],[141.50427,38.64029]]],[[[141.50435,38.64031],[141.50434,38.64029],[141.50433,38.6403],[141.50435,38.64031]]],[[[141.50487,38.64042],[141.50488,38.64049],[141.50492,38.64046],[141.50487,38.64042]]],[[[141.50456,38.64051],[141.50446,38.64051],[141.50453,38.64056],[141.50456,38.64051]]],[[[141.50429,38.64064],[141.50443,38.6404],[141.50414,38.64045],[141.50429,38.64064]]],[[[141.50444,38.64054],[141.50449,38.64058],[141.50443,38.64052],[141.50444,38.64054]]],[[[141.50493,38.64064],[141.50493,38.64062],[141.50491,38.64063],[141.50493,38.64064]]],[[[141.50447,38.64072],[141.50448,38.64066],[141.50442,38.64072],[141.50447,38.64072]]],[[[141.50424,38.64095],[141.50428,38.64081],[141.5042,38.64093],[141.50424,38.64095]]],[[[141.50428,38.64115],[141.50431,38.64104],[141.50423,38.64112],[141.50428,38.64115]]],[[[141.5042,38.64114],[141.50423,38.64116],[141.50423,38.64115],[141.5042,38.64114]]],[[[141.50419,38.64117],[141.50419,38.64121],[141.50421,38.64117],[141.50419,38.64117]]],[[[141.50376,38.64125],[141.50374,38.64129],[141.50378,38.64129],[141.50376,38.64125]]],[[[141.499,38.64126],[141.49903,38.64126],[141.49898,38.64124],[141.499,38.64126]]],[[[141.49932,38.6414],[141.49937,38.64121],[141.49926,38.64116],[141.49932,38.6414]]],[[[141.50141,38.64132],[141.50143,38.64131],[141.5014,38.64129],[141.50141,38.64132]]],[[[141.50407,38.6413],[141.50407,38.64137],[141.5041,38.64136],[141.50407,38.6413]]],[[[141.50412,38.64138],[141.50414,38.64138],[141.50413,38.64136],[141.50412,38.64138]]],[[[141.50222,38.64139],[141.50221,38.64137],[141.50219,38.64139],[141.50222,38.64139]]],[[[141.50427,38.64142],[141.50426,38.64139],[141.50424,38.64142],[141.50427,38.64142]]],[[[141.50418,38.64141],[141.50422,38.64145],[141.50417,38.64139],[141.50418,38.64141]]],[[[141.50404,38.64145],[141.50404,38.64144],[141.50403,38.64144],[141.50404,38.64145]]],[[[141.50395,38.64147],[141.50392,38.64146],[141.50395,38.64148],[141.50395,38.64147]]],[[[141.50438,38.64145],[141.5044,38.64149],[141.50443,38.64147],[141.50438,38.64145]]],[[[141.50186,38.64152],[141.50192,38.6415],[141.50189,38.64147],[141.50186,38.64152]]],[[[141.50319,38.64157],[141.50291,38.64149],[141.5032,38.64161],[141.50319,38.64157]]],[[[141.50404,38.64152],[141.50398,38.64154],[141.50406,38.64155],[141.50404,38.64152]]],[[[141.50287,38.64156],[141.50291,38.64157],[141.5029,38.64153],[141.50287,38.64156]]],[[[141.50164,38.64156],[141.50168,38.64159],[141.50167,38.64156],[141.50164,38.64156]]],[[[141.50283,38.64158],[141.50282,38.64178],[141.50292,38.64181],[141.50283,38.64158]]],[[[141.50256,38.64191],[141.50267,38.64164],[141.50245,38.64189],[141.50256,38.64191]]],[[[141.497,38.64257],[141.49694,38.64257],[141.49699,38.64258],[141.497,38.64257]]],[[[141.49684,38.64253],[141.49691,38.64261],[141.49692,38.64252],[141.49684,38.64253]]],[[[141.50384,38.64259],[141.50385,38.64262],[141.50387,38.64262],[141.50384,38.64259]]],[[[141.50411,38.64262],[141.50403,38.64267],[141.50408,38.64269],[141.50411,38.64262]]],[[[141.50402,38.64269],[141.50404,38.64271],[141.50404,38.6427],[141.50402,38.64269]]],[[[141.50418,38.64298],[141.50441,38.64259],[141.50413,38.64259],[141.50418,38.64298]]],[[[141.504,38.64288],[141.50395,38.64292],[141.50401,38.64293],[141.504,38.64288]]],[[[141.50428,38.64304],[141.50484,38.643],[141.50462,38.64264],[141.50428,38.64304]]],[[[141.49681,38.64299],[141.49685,38.64296],[141.4968,38.64295],[141.49681,38.64299]]],[[[141.49692,38.64293],[141.49694,38.64304],[141.49699,38.64302],[141.49692,38.64293]]],[[[141.4971,38.64307],[141.49703,38.64308],[141.49711,38.6431],[141.4971,38.64307]]],[[[141.50411,38.64309],[141.5041,38.64306],[141.50409,38.64308],[141.50411,38.64309]]],[[[141.49692,38.64314],[141.49692,38.64311],[141.49691,38.64312],[141.49692,38.64314]]],[[[141.50426,38.64316],[141.5043,38.64321],[141.50431,38.64321],[141.50426,38.64316]]],[[[141.49671,38.64323],[141.49668,38.64319],[141.49665,38.6432],[141.49671,38.64323]]],[[[141.50479,38.64332],[141.50508,38.64333],[141.50486,38.64309],[141.50479,38.64332]]],[[[141.50518,38.64328],[141.5052,38.64318],[141.50511,38.64319],[141.5052,38.64338],[141.50518,38.64328]]],[[[141.50521,38.64326],[141.50522,38.6433],[141.50525,38.64328],[141.50521,38.64326]]],[[[141.50456,38.64329],[141.50453,38.64331],[141.50458,38.64332],[141.50456,38.64329]]],[[[141.50476,38.64339],[141.50471,38.6433],[141.50471,38.64338],[141.50476,38.64339]]],[[[141.49677,38.64338],[141.49677,38.64335],[141.49672,38.64336],[141.49677,38.64338]]],[[[141.49723,38.64361],[141.49718,38.64358],[141.49718,38.6436],[141.49723,38.64361]]],[[[141.50498,38.64361],[141.50502,38.64362],[141.50499,38.64359],[141.50498,38.64361]]],[[[141.50525,38.64366],[141.5052,38.64373],[141.50527,38.6437],[141.50525,38.64366]]],[[[141.49735,38.64372],[141.49732,38.64376],[141.49737,38.64377],[141.49735,38.64372]]],[[[141.50516,38.64373],[141.50519,38.64377],[141.50516,38.64373],[141.50516,38.64373]]],[[[141.50537,38.64385],[141.50574,38.64378],[141.50554,38.64354],[141.50537,38.64385]]],[[[141.50534,38.64388],[141.50532,38.64386],[141.50529,38.64389],[141.50534,38.64388]]],[[[141.49733,38.64392],[141.49727,38.64395],[141.49733,38.64394],[141.49733,38.64392]]],[[[141.49738,38.6441],[141.49745,38.64407],[141.49737,38.64406],[141.49738,38.6441]]],[[[141.49748,38.6443],[141.4975,38.64427],[141.49748,38.64426],[141.49748,38.6443]]],[[[141.49748,38.64433],[141.49746,38.64442],[141.49751,38.6444],[141.49748,38.64433]]],[[[141.49736,38.64442],[141.4974,38.64438],[141.49736,38.6444],[141.49736,38.64442]]],[[[141.49759,38.64467],[141.49744,38.64445],[141.49734,38.64446],[141.49759,38.64467]]],[[[141.49677,38.6447],[141.49677,38.64466],[141.49675,38.64467],[141.49677,38.6447]]],[[[141.49681,38.64472],[141.49685,38.64481],[141.49689,38.6448],[141.49681,38.64472]]],[[[141.49704,38.64481],[141.49705,38.64478],[141.49703,38.64478],[141.49704,38.64481]]],[[[141.4972,38.64496],[141.49724,38.645],[141.49725,38.64493],[141.4972,38.64496]]],[[[141.49725,38.64511],[141.49727,38.64508],[141.49725,38.64508],[141.49725,38.64511]]],[[[141.5096,38.67576],[141.50964,38.67579],[141.50964,38.67571],[141.5096,38.67576]]],[[[141.49889,38.68042],[141.49893,38.68039],[141.49888,38.68039],[141.49889,38.68042]]],[[[141.4989,38.68054],[141.49883,38.68056],[141.49891,38.68059],[141.4989,38.68054]]],[[[141.50127,38.68068],[141.50133,38.68063],[141.5013,38.68061],[141.50127,38.68068]]],[[[141.49745,38.68075],[141.49755,38.68061],[141.49736,38.68061],[141.49745,38.68075]]],[[[141.49851,38.68091],[141.49876,38.68071],[141.4985,38.68057],[141.49851,38.68091]]],[[[141.49954,38.68082],[141.49953,38.68079],[141.49951,38.68081],[141.49954,38.68082]]],[[[141.49795,38.68078],[141.49775,38.68079],[141.49798,38.68088],[141.49795,38.68078]]],[[[141.49967,38.68091],[141.49967,38.68087],[141.49963,38.68089],[141.49967,38.68091]]],[[[141.49897,38.68094],[141.49899,38.6809],[141.49897,38.68089],[141.49897,38.68094]]],[[[141.49859,38.68119],[141.4987,38.68115],[141.49861,38.6811],[141.49859,38.68119]]],[[[141.49883,38.68182],[141.49886,38.68191],[141.49891,38.68186],[141.49883,38.68182]]],[[[141.49702,38.68377],[141.49702,38.68373],[141.49697,38.68377],[141.49702,38.68377]]],[[[141.49735,38.68402],[141.49732,38.684],[141.4973,38.68404],[141.49735,38.68402]]],[[[141.49673,38.68411],[141.49684,38.68407],[141.49683,38.68404],[141.49673,38.68411]]],[[[141.50947,38.68533],[141.50946,38.6853],[141.50946,38.6853],[141.50947,38.68533]]],[[[141.50942,38.68559],[141.50942,38.68555],[141.50941,38.68559],[141.50942,38.68559]]],[[[141.50944,38.68562],[141.50945,38.68558],[141.50942,38.68561],[141.50944,38.68562]]],[[[141.50894,38.68577],[141.50889,38.68568],[141.50883,38.68577],[141.50894,38.68577]]],[[[141.50875,38.68687],[141.50872,38.68686],[141.50872,38.68687],[141.50875,38.68687]]],[[[141.50889,38.68701],[141.50894,38.68699],[141.50893,38.68697],[141.50889,38.68701]]],[[[141.50857,38.68703],[141.50862,38.68703],[141.50859,38.687],[141.50857,38.68703]]],[[[141.50868,38.68785],[141.50872,38.688],[141.50876,38.68796],[141.50868,38.68785]]],[[[141.5086,38.68791],[141.50857,38.68797],[141.50862,38.68797],[141.5086,38.68791]]],[[[141.50884,38.68799],[141.50882,38.68798],[141.50881,38.68799],[141.50884,38.68799]]],[[[141.50862,38.68799],[141.50859,38.68801],[141.5086,38.68802],[141.50862,38.68799]]],[[[141.50836,38.68805],[141.5084,38.68803],[141.50836,38.68803],[141.50836,38.68805]]],[[[141.50429,38.68835],[141.50428,38.68825],[141.50422,38.68834],[141.50429,38.68835]]],[[[141.50819,38.68838],[141.50814,38.68842],[141.50821,38.68844],[141.50819,38.68838]]],[[[141.50747,38.68848],[141.50754,38.68846],[141.5075,38.68844],[141.50747,38.68848]]],[[[141.50419,38.68848],[141.50418,38.68846],[141.50417,38.68848],[141.50419,38.68848]]],[[[141.50417,38.68853],[141.50416,38.6885],[141.50416,38.68853],[141.50417,38.68853]]],[[[141.50736,38.68875],[141.50739,38.68871],[141.50738,38.6887],[141.50736,38.68875]]],[[[141.50427,38.6889],[141.50421,38.68893],[141.50428,38.68894],[141.50427,38.6889]]],[[[141.50783,38.68916],[141.50784,38.68913],[141.50783,38.68913],[141.50783,38.68916]]],[[[141.50787,38.68928],[141.50793,38.6891],[141.50777,38.68924],[141.50787,38.68928]]],[[[141.49721,38.68928],[141.49723,38.68926],[141.49721,38.68926],[141.49721,38.68928]]],[[[141.50131,38.68958],[141.5011,38.68959],[141.50131,38.6897],[141.50131,38.68958]]],[[[141.50393,38.68959],[141.50397,38.68962],[141.50395,38.68959],[141.50393,38.68959]]],[[[141.50405,38.68965],[141.50405,38.68962],[141.50403,38.68965],[141.50405,38.68965]]],[[[141.50399,38.68966],[141.50398,38.68964],[141.50396,38.68966],[141.50399,38.68966]]],[[[141.5075,38.68966],[141.50757,38.68969],[141.50754,38.68961],[141.5075,38.68966]]],[[[141.5071,38.68969],[141.50713,38.68967],[141.50712,38.68964],[141.5071,38.68969]]],[[[141.50406,38.68967],[141.50405,38.68966],[141.50404,38.68967],[141.50406,38.68967]]],[[[141.49691,38.68971],[141.4969,38.68967],[141.49685,38.68968],[141.49691,38.68971]]],[[[141.50404,38.6897],[141.50408,38.68972],[141.5041,38.68969],[141.50404,38.6897]]],[[[141.50384,38.68973],[141.50385,38.68969],[141.50383,38.68969],[141.50384,38.68973]]],[[[141.50396,38.68971],[141.50399,38.6897],[141.50399,38.68969],[141.50396,38.68971]]],[[[141.50424,38.68976],[141.50425,38.68979],[141.50427,38.68978],[141.50424,38.68976]]],[[[141.50714,38.68978],[141.50716,38.68982],[141.50715,38.68974],[141.50714,38.68978]]],[[[141.50092,38.6898],[141.50092,38.68978],[141.5009,38.68979],[141.50092,38.6898]]],[[[141.50423,38.68981],[141.50421,38.68978],[141.5042,38.6898],[141.50423,38.68981]]],[[[141.50406,38.68981],[141.50404,38.6898],[141.50404,38.68981],[141.50406,38.68981]]],[[[141.50686,38.68983],[141.50685,38.68979],[141.50684,38.68979],[141.50686,38.68983]]],[[[141.50394,38.68984],[141.50397,38.68981],[141.50393,38.68984],[141.50394,38.68984]]],[[[141.507,38.68986],[141.50705,38.68986],[141.50699,38.68979],[141.507,38.68986]]],[[[141.50095,38.68984],[141.50093,38.68983],[141.50092,38.68984],[141.50095,38.68984]]],[[[141.50399,38.68984],[141.50398,38.68983],[141.50397,38.68985],[141.50399,38.68984]]],[[[141.50386,38.68986],[141.50386,38.68983],[141.50384,38.68983],[141.50386,38.68986]]],[[[141.50383,38.68988],[141.50385,38.68986],[141.50384,38.68986],[141.50383,38.68988]]],[[[141.50405,38.68989],[141.50403,38.68987],[141.50402,38.68988],[141.50405,38.68989]]],[[[141.50403,38.68991],[141.50402,38.6899],[141.50402,38.68991],[141.50403,38.68991]]],[[[141.5039,38.68993],[141.50392,38.68991],[141.5039,38.68992],[141.5039,38.68993]]],[[[141.50052,38.68997],[141.50054,38.68994],[141.50051,38.68994],[141.50052,38.68997]]],[[[141.50064,38.69044],[141.50065,38.69041],[141.50064,38.69041],[141.50064,38.69044]]],[[[141.50103,38.69074],[141.50101,38.69073],[141.501,38.69074],[141.50103,38.69074]]],[[[141.50103,38.69078],[141.50103,38.69076],[141.50101,38.69077],[141.50103,38.69078]]],[[[141.51125,38.63682],[141.5113,38.63679],[141.51124,38.63678],[141.51125,38.63682]]],[[[141.51186,38.63685],[141.5119,38.63682],[141.51185,38.63683],[141.51186,38.63685]]],[[[141.51216,38.63682],[141.51208,38.63684],[141.5121,38.63687],[141.51216,38.63682]]],[[[141.51119,38.63687],[141.51125,38.63686],[141.51118,38.63685],[141.51119,38.63687]]],[[[141.51219,38.63688],[141.51221,38.63685],[141.51218,38.63685],[141.51219,38.63688]]],[[[141.51144,38.63696],[141.51147,38.63695],[141.51144,38.63694],[141.51144,38.63696]]],[[[141.51235,38.63706],[141.51233,38.63685],[141.51228,38.63708],[141.51235,38.63706]]],[[[141.51318,38.63729],[141.51321,38.63735],[141.51322,38.6373],[141.51318,38.63729]]],[[[141.51306,38.6375],[141.5131,38.63748],[141.51307,38.63747],[141.51306,38.6375]]],[[[141.51335,38.63781],[141.51336,38.63779],[141.51335,38.63779],[141.51335,38.63781]]],[[[141.5137,38.63806],[141.51369,38.63813],[141.51372,38.63806],[141.5137,38.63806]]],[[[141.51333,38.63837],[141.51323,38.63836],[141.51324,38.63842],[141.51333,38.63837]]],[[[141.50987,38.63842],[141.50982,38.63829],[141.50976,38.63835],[141.50987,38.63842]]],[[[141.5133,38.63846],[141.51334,38.6385],[141.51334,38.6384],[141.5133,38.63846]]],[[[141.51327,38.63855],[141.5133,38.63854],[141.51328,38.63852],[141.51327,38.63855]]],[[[141.51492,38.6386],[141.51486,38.63863],[141.51492,38.63868],[141.51492,38.6386]]],[[[141.51488,38.6387],[141.51491,38.6387],[141.51491,38.63869],[141.51488,38.6387]]],[[[141.515,38.63886],[141.51501,38.63883],[141.515,38.63884],[141.515,38.63886]]],[[[141.51498,38.63888],[141.515,38.63892],[141.515,38.63887],[141.51498,38.63888]]],[[[141.51487,38.63901],[141.5149,38.63905],[141.51489,38.639],[141.51487,38.63901]]],[[[141.50967,38.6391],[141.50983,38.63902],[141.50963,38.639],[141.50967,38.6391]]],[[[141.51501,38.63907],[141.51503,38.63905],[141.51499,38.63904],[141.51501,38.63907]]],[[[141.50991,38.63929],[141.5101,38.63906],[141.51004,38.63894],[141.50991,38.63929]]],[[[141.51493,38.63917],[141.51495,38.63918],[141.51494,38.63917],[141.51493,38.63917]]],[[[141.50995,38.6394],[141.50986,38.63942],[141.50993,38.63946],[141.50995,38.6394]]],[[[141.50989,38.63955],[141.5099,38.63952],[141.50988,38.63951],[141.50989,38.63955]]],[[[141.51527,38.63973],[141.51526,38.6397],[141.51524,38.63971],[141.51527,38.63973]]],[[[141.51522,38.63973],[141.51527,38.63979],[141.51525,38.63974],[141.51522,38.63973]]],[[[141.51511,38.63992],[141.51505,38.6397],[141.51503,38.63995],[141.51511,38.63992]]],[[[141.51521,38.63985],[141.51518,38.63985],[141.5152,38.63986],[141.51521,38.63985]]],[[[141.51518,38.63991],[141.51522,38.63988],[141.51517,38.63986],[141.51518,38.63991]]],[[[141.51515,38.63996],[141.51519,38.63994],[141.51515,38.63994],[141.51515,38.63996]]],[[[141.51301,38.66241],[141.51323,38.66278],[141.51348,38.66258],[141.51301,38.66241]]],[[[141.51034,38.67233],[141.51041,38.6725],[141.51036,38.67231],[141.51034,38.67233]]],[[[141.51027,38.67253],[141.51032,38.67248],[141.51028,38.67246],[141.51027,38.67253]]],[[[141.51065,38.6726],[141.51071,38.67259],[141.51069,38.6725],[141.51065,38.6726]]],[[[141.51346,38.67263],[141.51341,38.6726],[141.5134,38.67261],[141.51346,38.67263]]],[[[141.51099,38.67265],[141.51104,38.67264],[141.51099,38.6726],[141.51099,38.67265]]],[[[141.51068,38.67265],[141.51064,38.67266],[141.51067,38.67267],[141.51068,38.67265]]],[[[141.51077,38.6727],[141.5107,38.67276],[141.51079,38.67272],[141.51077,38.6727]]],[[[141.51331,38.67276],[141.51342,38.67275],[141.51334,38.67268],[141.51331,38.67276]]],[[[141.5116,38.67281],[141.51158,38.67277],[141.51155,38.67277],[141.5116,38.67281]]],[[[141.51434,38.67284],[141.51437,38.67279],[141.51434,38.67279],[141.51434,38.67284]]],[[[141.51295,38.67292],[141.51295,38.67274],[141.51285,38.67292],[141.51295,38.67292]]],[[[141.51326,38.67302],[141.51313,38.67276],[141.51297,38.67295],[141.51326,38.67302]]],[[[141.51334,38.67298],[141.51348,38.67295],[141.51341,38.67288],[141.51334,38.67298]]],[[[141.51335,38.67327],[141.51345,38.67322],[141.51338,38.67315],[141.51335,38.67327]]],[[[141.51346,38.67334],[141.51343,38.6733],[141.5134,38.67333],[141.51346,38.67334]]],[[[141.5129,38.67355],[141.51303,38.6731],[141.51272,38.67341],[141.5129,38.67355]]],[[[141.51178,38.67348],[141.51176,38.67339],[141.51172,38.67338],[141.51178,38.67348]]],[[[141.51313,38.67356],[141.51309,38.67358],[141.51313,38.67358],[141.51313,38.67356]]],[[[141.51266,38.67367],[141.51262,38.67376],[141.5127,38.67377],[141.51266,38.67367]]],[[[141.51271,38.67386],[141.51269,38.67381],[141.51267,38.67385],[141.51271,38.67386]]],[[[141.51243,38.67397],[141.51248,38.67394],[141.51242,38.67388],[141.51243,38.67397]]],[[[141.51232,38.67404],[141.5122,38.67386],[141.51208,38.67395],[141.51232,38.67404]]],[[[141.51175,38.67407],[141.51178,38.67404],[141.51176,38.67403],[141.51175,38.67407]]],[[[141.51246,38.67406],[141.51244,38.67403],[141.51243,38.67407],[141.51246,38.67406]]],[[[141.51222,38.67407],[141.51227,38.67405],[141.5122,38.67404],[141.51222,38.67407]]],[[[141.51251,38.67409],[141.51252,38.67406],[141.51251,38.67406],[141.51251,38.67409]]],[[[141.51257,38.67408],[141.51266,38.67412],[141.5126,38.67403],[141.51257,38.67408]]],[[[141.51187,38.67413],[141.51187,38.67409],[141.51185,38.67408],[141.51187,38.67413]]],[[[141.51195,38.67419],[141.51194,38.67404],[141.51191,38.67404],[141.51195,38.67419]]],[[[141.51221,38.67413],[141.51219,38.67412],[141.51219,38.67414],[141.51221,38.67413]]],[[[141.51253,38.67418],[141.51257,38.67415],[141.51254,38.67412],[141.51253,38.67418]]],[[[141.51128,38.67411],[141.51135,38.67424],[141.51137,38.67414],[141.51128,38.67411]]],[[[141.51259,38.67421],[141.51258,38.67416],[141.51257,38.6742],[141.51259,38.67421]]],[[[141.51189,38.67438],[141.51251,38.67447],[141.51255,38.67424],[141.51189,38.67438]]],[[[141.51133,38.67439],[141.51129,38.67444],[141.51136,38.67444],[141.51133,38.67439]]],[[[141.51122,38.67442],[141.51124,38.67439],[141.51121,38.67439],[141.51122,38.67442]]],[[[141.51216,38.67445],[141.51216,38.67443],[141.51215,38.67444],[141.51216,38.67445]]],[[[141.51104,38.67449],[141.51102,38.67447],[141.511,38.67448],[141.51104,38.67449]]],[[[141.51237,38.67454],[141.51237,38.6745],[141.51235,38.6745],[141.51237,38.67454]]],[[[141.51222,38.6745],[141.51224,38.67454],[141.51228,38.67453],[141.51222,38.6745]]],[[[141.51235,38.67454],[141.51232,38.67452],[141.51234,38.67455],[141.51235,38.67454]]],[[[141.51239,38.67458],[141.51236,38.67455],[141.51237,38.67458],[141.51239,38.67458]]],[[[141.51307,38.67459],[141.51301,38.67458],[141.51314,38.67465],[141.51307,38.67459]]],[[[141.51269,38.67484],[141.5127,38.67442],[141.51256,38.67455],[141.51269,38.67484]]],[[[141.51223,38.67467],[141.51228,38.67465],[141.51223,38.67465],[141.51223,38.67467]]],[[[141.51226,38.67471],[141.51223,38.67472],[141.51226,38.67471],[141.51226,38.67471]]],[[[141.51069,38.67482],[141.5107,38.6748],[141.51069,38.6748],[141.51069,38.67482]]],[[[141.51044,38.67484],[141.51048,38.67481],[141.51046,38.67479],[141.51044,38.67484]]],[[[141.51193,38.67485],[141.5119,38.67482],[141.5119,38.67485],[141.51193,38.67485]]],[[[141.51073,38.67485],[141.51072,38.67483],[141.5107,38.67485],[141.51073,38.67485]]],[[[141.51037,38.67481],[141.51043,38.67487],[141.51042,38.67481],[141.51037,38.67481]]],[[[141.51021,38.67495],[141.51027,38.67493],[141.51025,38.6749],[141.51021,38.67495]]],[[[141.50998,38.67504],[141.50996,38.67505],[141.50998,38.67506],[141.50998,38.67504]]],[[[141.51215,38.6752],[141.51215,38.67504],[141.51161,38.67517],[141.51215,38.6752]]],[[[141.51011,38.67614],[141.51096,38.67619],[141.51093,38.67579],[141.51159,38.6754],[141.51209,38.67542],[141.51138,38.67521],[141.51165,38.67416],[141.51011,38.67614]]],[[[141.51202,38.67524],[141.51207,38.67522],[141.51202,38.67523],[141.51202,38.67524]]],[[[141.51215,38.67527],[141.51212,38.67524],[141.51212,38.67525],[141.51215,38.67527]]],[[[141.50991,38.67537],[141.50999,38.67543],[141.50991,38.67536],[141.50991,38.67537]]],[[[141.51165,38.6755],[141.51171,38.67547],[141.51163,38.67548],[141.51165,38.6755]]],[[[141.51211,38.67552],[141.512,38.67547],[141.51199,38.67551],[141.51211,38.67552]]],[[[141.51188,38.67559],[141.51179,38.67554],[141.51161,38.67552],[141.51174,38.6756],[141.51188,38.67559]]],[[[141.51227,38.67561],[141.51231,38.6756],[141.51231,38.67559],[141.51227,38.67561]]],[[[141.51168,38.67563],[141.51177,38.67563],[141.5116,38.67557],[141.51168,38.67563]]],[[[141.50976,38.67568],[141.5098,38.67564],[141.50979,38.67563],[141.50976,38.67568]]],[[[141.51166,38.67564],[141.51149,38.67567],[141.51167,38.67573],[141.51166,38.67564]]],[[[141.512,38.67579],[141.51192,38.67557],[141.51176,38.67571],[141.512,38.67579]]],[[[141.51146,38.6757],[141.51148,38.67568],[141.51145,38.67567],[141.51146,38.6757]]],[[[141.51207,38.67576],[141.5121,38.67566],[141.51201,38.6757],[141.51207,38.67576]]],[[[141.51156,38.67572],[141.51154,38.67573],[141.51156,38.67573],[141.51156,38.67572]]],[[[141.51113,38.67573],[141.51112,38.67578],[141.51116,38.67577],[141.51113,38.67573]]],[[[141.51144,38.67575],[141.5114,38.6758],[141.51149,38.67577],[141.51144,38.67575]]],[[[141.51128,38.67591],[141.51113,38.67582],[141.51109,38.67591],[141.51128,38.67591]]],[[[141.51129,38.67591],[141.51135,38.6759],[141.5113,38.67586],[141.51129,38.67591]]],[[[141.51157,38.67597],[141.51157,38.67594],[141.51154,38.67595],[141.51157,38.67597]]],[[[141.51154,38.676],[141.51149,38.67594],[141.51146,38.67599],[141.51154,38.676]]],[[[141.51127,38.67604],[141.51125,38.67602],[141.51124,38.67604],[141.51127,38.67604]]],[[[141.51101,38.67608],[141.51098,38.67607],[141.51101,38.67609],[141.51101,38.67608]]],[[[141.51133,38.67603],[141.51136,38.67609],[141.51134,38.67603],[141.51133,38.67603]]],[[[141.51057,38.67627],[141.51058,38.67625],[141.51056,38.67626],[141.51057,38.67627]]],[[[141.51015,38.67629],[141.51019,38.67631],[141.51019,38.67628],[141.51015,38.67629]]],[[[141.51023,38.67631],[141.5102,38.67629],[141.5102,38.6763],[141.51023,38.67631]]],[[[141.51004,38.67631],[141.51006,38.67629],[141.51003,38.6763],[141.51004,38.67631]]],[[[141.51018,38.67643],[141.51016,38.67642],[141.51016,38.67645],[141.51018,38.67643]]],[[[141.51077,38.67666],[141.51067,38.67631],[141.51027,38.67661],[141.51077,38.67666]]],[[[141.51013,38.67653],[141.51016,38.67648],[141.51015,38.67647],[141.51013,38.67653]]],[[[141.51005,38.67658],[141.51009,38.67656],[141.51005,38.67655],[141.51005,38.67658]]],[[[141.51033,38.67669],[141.51026,38.67665],[141.51025,38.67671],[141.51033,38.67669]]],[[[141.51026,38.67678],[141.51024,38.67676],[141.51023,38.67678],[141.51026,38.67678]]],[[[141.51133,38.68432],[141.51138,38.68433],[141.51138,38.68432],[141.51133,38.68432]]],[[[141.51022,38.68481],[141.5102,38.68479],[141.51019,38.6848],[141.51022,38.68481]]],[[[141.51026,38.68505],[141.51042,38.68476],[141.51029,38.68478],[141.51026,38.68505]]],[[[141.51067,38.68496],[141.51072,38.68494],[141.51069,38.68491],[141.51067,38.68496]]],[[[141.51019,38.68497],[141.51001,38.68499],[141.51021,38.68502],[141.51019,38.68497]]],[[[141.50996,38.68499],[141.50998,38.68496],[141.50996,38.68496],[141.50996,38.68499]]],[[[141.51009,38.68526],[141.51004,38.68528],[141.51011,38.6853],[141.51009,38.68526]]],[[[141.51077,38.68546],[141.51071,38.68551],[141.51073,38.68553],[141.51077,38.68546]]],[[[141.51114,38.68564],[141.51094,38.68548],[141.511,38.6857],[141.51114,38.68564]]],[[[141.51121,38.68557],[141.51115,38.6857],[141.51122,38.68571],[141.51121,38.68557]]],[[[141.51106,38.68609],[141.51123,38.68589],[141.51108,38.68583],[141.51106,38.68609]]],[[[141.51092,38.68602],[141.51098,38.68605],[141.51099,38.68605],[141.51092,38.68602]]],[[[141.51121,38.6864],[141.51109,38.6862],[141.51107,38.68646],[141.51121,38.6864]]],[[[141.51116,38.68651],[141.51115,38.68648],[141.51111,38.6865],[141.51116,38.68651]]],[[[141.51132,38.68652],[141.51138,38.68651],[141.51132,38.68647],[141.51132,38.68652]]],[[[141.51375,38.6869],[141.51372,38.68693],[141.51376,38.68693],[141.51375,38.6869]]],[[[141.51392,38.68699],[141.51395,38.68692],[141.51394,38.68691],[141.51392,38.68699]]],[[[141.51397,38.68704],[141.51404,38.68706],[141.51398,38.68695],[141.51397,38.68704]]],[[[141.51401,38.68716],[141.51366,38.68709],[141.51387,38.68733],[141.51401,38.68716]]],[[[141.51325,38.68743],[141.51375,38.68725],[141.51338,38.68686],[141.51325,38.68743]]],[[[141.51241,38.68741],[141.51276,38.68688],[141.51236,38.68703],[141.51241,38.68741]]],[[[141.51232,38.68738],[141.51237,38.68731],[141.51236,38.68722],[141.51232,38.68738]]],[[[141.5132,38.68725],[141.51317,38.68736],[141.51323,38.68742],[141.5132,38.68725]]],[[[141.51312,38.68751],[141.51297,38.68742],[141.51298,38.68748],[141.51312,38.68751]]],[[[141.51311,38.68775],[141.51308,38.68773],[141.5131,38.68776],[141.51311,38.68775]]],[[[141.51386,38.68783],[141.51374,38.68768],[141.51374,38.68786],[141.51386,38.68783]]],[[[141.51337,38.6878],[141.51356,38.68787],[141.5135,38.68767],[141.51337,38.6878]]],[[[141.5132,38.68773],[141.51325,38.68785],[141.51323,38.68773],[141.5132,38.68773]]],[[[141.5138,38.68793],[141.51382,38.68789],[141.51381,38.68788],[141.5138,38.68793]]],[[[141.51375,38.68798],[141.51373,38.68795],[141.51372,38.68797],[141.51375,38.68798]]],[[[141.51373,38.68804],[141.51377,38.68802],[141.51373,38.68802],[141.51373,38.68804]]],[[[141.51402,38.68805],[141.51403,38.68802],[141.51401,38.68803],[141.51402,38.68805]]],[[[141.5138,38.68805],[141.51385,38.68803],[141.51382,38.68801],[141.5138,38.68805]]],[[[141.51377,38.6881],[141.51373,38.6881],[141.51373,38.68811],[141.51377,38.6881]]],[[[141.51523,38.68809],[141.51519,38.68813],[141.51522,38.68813],[141.51523,38.68809]]],[[[141.51381,38.68813],[141.51384,38.6881],[141.51381,38.68811],[141.51381,38.68813]]],[[[141.51545,38.68812],[141.51552,38.68817],[141.51548,38.68808],[141.51545,38.68812]]],[[[141.5152,38.68817],[141.51516,38.68822],[141.51521,38.68822],[141.5152,38.68817]]],[[[141.51415,38.68826],[141.51402,38.68812],[141.51398,38.68815],[141.51415,38.68826]]],[[[141.51406,38.68826],[141.51401,38.68824],[141.51401,38.68825],[141.51406,38.68826]]],[[[141.51525,38.68826],[141.51521,38.68824],[141.51521,38.68826],[141.51525,38.68826]]],[[[141.51407,38.68831],[141.51403,38.68827],[141.51402,38.68829],[141.51407,38.68831]]],[[[141.51522,38.68835],[141.51527,38.6883],[141.51524,38.68828],[141.51522,38.68835]]],[[[141.51411,38.68835],[141.51422,38.68835],[141.51415,38.6883],[141.51411,38.68835]]],[[[141.51566,38.68864],[141.51551,38.68821],[141.51546,38.68852],[141.51566,38.68864]]],[[[141.51523,38.68844],[141.51507,38.68837],[141.51522,38.68851],[141.51523,38.68844]]],[[[141.5153,38.6886],[141.51526,38.68856],[141.51526,38.68861],[141.5153,38.6886]]],[[[141.51554,38.68872],[141.51544,38.68859],[141.51543,38.68859],[141.51554,38.68872]]],[[[141.51574,38.68874],[141.51578,38.68881],[141.51581,38.68876],[141.51574,38.68874]]],[[[141.51546,38.68887],[141.51532,38.68885],[141.51533,38.68896],[141.51546,38.68887]]],[[[141.51586,38.68893],[141.51575,38.68899],[141.51585,38.68899],[141.51586,38.68893]]],[[[141.51629,38.6892],[141.51636,38.68917],[141.51624,38.68916],[141.51629,38.6892]]],[[[141.51656,38.68963],[141.51656,38.68958],[141.51654,38.68958],[141.51656,38.68963]]],[[[141.51609,38.6913],[141.51612,38.69127],[141.51609,38.69127],[141.51609,38.6913]]],[[[141.51643,38.76536],[141.51647,38.76531],[141.51645,38.76532],[141.51643,38.76536]]],[[[141.51541,38.76545],[141.51555,38.76543],[141.51556,38.7654],[141.51541,38.76545]]],[[[141.52072,38.63805],[141.52075,38.63801],[141.52073,38.638],[141.52072,38.63805]]],[[[141.5205,38.63825],[141.52053,38.63823],[141.5205,38.63821],[141.5205,38.63825]]],[[[141.51703,38.6386],[141.51707,38.63866],[141.51706,38.63857],[141.51703,38.6386]]],[[[141.51717,38.63861],[141.51722,38.63863],[141.51718,38.6386],[141.51717,38.63861]]],[[[141.51724,38.63871],[141.51726,38.63869],[141.51723,38.63869],[141.51724,38.63871]]],[[[141.51715,38.63874],[141.51717,38.63871],[141.51715,38.6387],[141.51715,38.63874]]],[[[141.51719,38.63871],[141.51721,38.63874],[141.51719,38.63871],[141.51719,38.63871]]],[[[141.51729,38.63875],[141.51732,38.63875],[141.5173,38.63874],[141.51729,38.63875]]],[[[141.52052,38.63876],[141.52059,38.63879],[141.52058,38.63875],[141.52052,38.63876]]],[[[141.51718,38.63881],[141.5172,38.63879],[141.51719,38.63879],[141.51718,38.63881]]],[[[141.51722,38.63884],[141.51725,38.63881],[141.51722,38.6388],[141.51722,38.63884]]],[[[141.51701,38.63883],[141.51702,38.6388],[141.517,38.63881],[141.51701,38.63883]]],[[[141.51744,38.63891],[141.51747,38.63889],[141.51744,38.63889],[141.51744,38.63891]]],[[[141.51864,38.63911],[141.51861,38.63908],[141.5186,38.6391],[141.51864,38.63911]]],[[[141.51873,38.63912],[141.51868,38.63909],[141.51867,38.6391],[141.51873,38.63912]]],[[[141.51767,38.63926],[141.51773,38.63924],[141.51766,38.63922],[141.51767,38.63926]]],[[[141.51893,38.6393],[141.51897,38.63927],[141.51893,38.63925],[141.51893,38.6393]]],[[[141.51758,38.63937],[141.51762,38.63937],[141.51757,38.63934],[141.51758,38.63937]]],[[[141.51892,38.6394],[141.51886,38.63957],[141.51888,38.63959],[141.51892,38.6394]]],[[[141.51896,38.63956],[141.51893,38.63961],[141.51895,38.63962],[141.51896,38.63956]]],[[[141.5191,38.63972],[141.51904,38.63965],[141.51903,38.63947],[141.51896,38.63965],[141.5191,38.63972]]],[[[141.51885,38.63964],[141.51884,38.63968],[141.51885,38.63968],[141.51885,38.63964]]],[[[141.51942,38.6398],[141.51947,38.63977],[141.51943,38.63976],[141.51942,38.6398]]],[[[141.51804,38.63982],[141.51808,38.6398],[141.51803,38.63981],[141.51804,38.63982]]],[[[141.51883,38.63988],[141.51879,38.63975],[141.51877,38.63992],[141.51883,38.63988]]],[[[141.51949,38.63982],[141.51954,38.6398],[141.51949,38.63979],[141.51949,38.63982]]],[[[141.51908,38.63983],[141.51898,38.6397],[141.51892,38.63987],[141.51903,38.63997],[141.51908,38.63983]]],[[[141.51801,38.63991],[141.51816,38.63993],[141.51818,38.63984],[141.51801,38.63991]]],[[[141.5179,38.63986],[141.51775,38.63997],[141.51778,38.64],[141.5179,38.63986]]],[[[141.51916,38.64],[141.5191,38.63986],[141.51908,38.64001],[141.51916,38.64]]],[[[141.5187,38.64003],[141.51867,38.64003],[141.5187,38.64004],[141.5187,38.64003]]],[[[141.51807,38.64011],[141.51799,38.63997],[141.51798,38.64009],[141.51807,38.64011]]],[[[141.51821,38.64008],[141.5182,38.64005],[141.51819,38.64007],[141.51821,38.64008]]],[[[141.51833,38.6402],[141.51854,38.64008],[141.51828,38.64004],[141.51833,38.6402]]],[[[141.51875,38.64017],[141.51871,38.64013],[141.51868,38.64022],[141.51875,38.64017]]],[[[141.51774,38.64014],[141.51773,38.64024],[141.51775,38.64014],[141.51774,38.64014]]],[[[141.51799,38.64025],[141.51798,38.64023],[141.51796,38.64025],[141.51799,38.64025]]],[[[141.51831,38.64024],[141.51824,38.64028],[141.51837,38.64031],[141.51831,38.64024]]],[[[141.51851,38.64031],[141.51855,38.64029],[141.51853,38.64025],[141.51851,38.64031]]],[[[141.51842,38.64027],[141.51841,38.64033],[141.51848,38.64033],[141.51842,38.64027]]],[[[141.51881,38.64309],[141.51886,38.64301],[141.51883,38.64301],[141.51881,38.64309]]],[[[141.51882,38.64319],[141.51882,38.64314],[141.5188,38.64315],[141.51882,38.64319]]],[[[141.51893,38.64317],[141.51888,38.64319],[141.51893,38.6432],[141.51893,38.64317]]],[[[141.51884,38.64327],[141.5189,38.64322],[141.51884,38.64323],[141.51884,38.64327]]],[[[141.51672,38.64335],[141.51676,38.64338],[141.51672,38.64332],[141.51672,38.64335]]],[[[141.5171,38.64383],[141.51708,38.6438],[141.51707,38.64382],[141.5171,38.64383]]],[[[141.51698,38.64387],[141.51697,38.64389],[141.51699,38.64389],[141.51698,38.64387]]],[[[141.51713,38.64393],[141.51711,38.64393],[141.51713,38.64393],[141.51713,38.64393]]],[[[141.51715,38.64396],[141.51706,38.64398],[141.51709,38.64405],[141.51715,38.64396]]],[[[141.51659,38.68986],[141.51662,38.68979],[141.51659,38.68977],[141.51659,38.68986]]],[[[141.51693,38.69044],[141.51655,38.69035],[141.51662,38.69066],[141.51693,38.69044]]],[[[141.51708,38.69107],[141.51712,38.69104],[141.51708,38.69103],[141.51708,38.69107]]],[[[141.51701,38.69109],[141.51704,38.69106],[141.517,38.69105],[141.51701,38.69109]]],[[[141.51704,38.69115],[141.51704,38.69112],[141.51702,38.69115],[141.51704,38.69115]]],[[[141.51705,38.69132],[141.5172,38.69106],[141.51699,38.69126],[141.51705,38.69132]]],[[[141.51816,38.69122],[141.51812,38.69144],[141.51833,38.69133],[141.51816,38.69122]]],[[[141.51847,38.69157],[141.51832,38.69137],[141.5182,38.69151],[141.51847,38.69157]]],[[[141.51816,38.69186],[141.51813,38.69156],[141.51802,38.69177],[141.51816,38.69186]]],[[[141.51791,38.69194],[141.51793,38.69203],[141.51791,38.69194],[141.51791,38.69194]]],[[[141.51764,38.69231],[141.51757,38.69237],[141.51766,38.69236],[141.51764,38.69231]]],[[[141.51923,38.69242],[141.51925,38.69237],[141.51921,38.69239],[141.51923,38.69242]]],[[[141.51929,38.69253],[141.51939,38.69226],[141.51921,38.69248],[141.51929,38.69253]]],[[[141.51863,38.69239],[141.51867,38.69248],[141.51866,38.69239],[141.51863,38.69239]]],[[[141.51892,38.69266],[141.51884,38.69229],[141.51867,38.69257],[141.51892,38.69266]]],[[[141.51851,38.69258],[141.51851,38.69253],[141.51848,38.69257],[141.51851,38.69258]]],[[[141.51851,38.69268],[141.5185,38.69265],[141.51848,38.69266],[141.51851,38.69268]]],[[[141.51917,38.69319],[141.51918,38.69312],[141.51914,38.6932],[141.51917,38.69319]]],[[[141.51921,38.6932],[141.51928,38.69316],[141.51927,38.69314],[141.51921,38.6932]]],[[[141.51915,38.69328],[141.51916,38.69325],[141.51912,38.69327],[141.51915,38.69328]]],[[[141.51872,38.69343],[141.51881,38.69331],[141.51864,38.69341],[141.51872,38.69343]]],[[[141.51856,38.69342],[141.51859,38.69338],[141.51855,38.69339],[141.51856,38.69342]]],[[[141.51895,38.69425],[141.51894,38.6943],[141.51897,38.69425],[141.51895,38.69425]]],[[[141.51903,38.69432],[141.51908,38.69432],[141.51908,38.69431],[141.51903,38.69432]]],[[[141.51895,38.69437],[141.51894,38.69435],[141.51892,38.69436],[141.51895,38.69437]]],[[[141.51891,38.69435],[141.51883,38.6944],[141.51877,38.69446],[141.51891,38.69435]]],[[[141.51873,38.69442],[141.51879,38.69442],[141.51878,38.6944],[141.51873,38.69442]]],[[[141.51912,38.69437],[141.51892,38.69445],[141.51891,38.69451],[141.51912,38.69437]]],[[[141.51852,38.69446],[141.51851,38.69451],[141.51856,38.69446],[141.51852,38.69446]]],[[[141.51918,38.69454],[141.51916,38.69445],[141.51911,38.69454],[141.51918,38.69454]]],[[[141.51838,38.69524],[141.51827,38.69507],[141.5182,38.69514],[141.51838,38.69524]]],[[[141.51744,38.69563],[141.51735,38.69566],[141.51743,38.69567],[141.51744,38.69563]]],[[[141.51757,38.69573],[141.51751,38.69576],[141.5176,38.69577],[141.51757,38.69573]]],[[[141.51754,38.69578],[141.51754,38.69581],[141.51755,38.69581],[141.51754,38.69578]]],[[[141.51758,38.69581],[141.5176,38.69581],[141.5176,38.6958],[141.51758,38.69581]]],[[[141.51804,38.69608],[141.51808,38.69609],[141.51808,38.69608],[141.51804,38.69608]]],[[[141.51807,38.69612],[141.51811,38.69616],[141.5181,38.69611],[141.51807,38.69612]]],[[[141.51803,38.69621],[141.51804,38.69618],[141.51802,38.69619],[141.51803,38.69621]]],[[[141.51808,38.69632],[141.51813,38.69631],[141.51809,38.69628],[141.51808,38.69632]]],[[[141.51821,38.69637],[141.51822,38.69631],[141.51818,38.69636],[141.51821,38.69637]]],[[[141.51797,38.69641],[141.51802,38.6964],[141.51801,38.69638],[141.51797,38.69641]]],[[[141.5173,38.69648],[141.51733,38.69647],[141.51729,38.69647],[141.5173,38.69648]]],[[[141.51756,38.6965],[141.51754,38.69648],[141.51754,38.6965],[141.51756,38.6965]]],[[[141.51735,38.69652],[141.51738,38.6965],[141.51735,38.69651],[141.51735,38.69652]]],[[[141.51732,38.69652],[141.51733,38.6965],[141.51732,38.6965],[141.51732,38.69652]]],[[[141.51748,38.69652],[141.51746,38.69651],[141.51745,38.69652],[141.51748,38.69652]]],[[[141.51743,38.69663],[141.51746,38.69662],[141.51739,38.6966],[141.51743,38.69663]]],[[[141.51777,38.69683],[141.51779,38.6968],[141.51777,38.69678],[141.51777,38.69683]]],[[[141.51758,38.69689],[141.51762,38.69687],[141.51757,38.69686],[141.51758,38.69689]]],[[[141.51764,38.69727],[141.51765,38.6973],[141.51766,38.69728],[141.51764,38.69727]]],[[[141.51746,38.69756],[141.5174,38.69757],[141.51746,38.69758],[141.51746,38.69756]]],[[[141.51758,38.69766],[141.51754,38.69762],[141.51747,38.69763],[141.51758,38.69766]]],[[[141.51955,38.69768],[141.51952,38.6977],[141.51955,38.6977],[141.51955,38.69768]]],[[[141.51956,38.69775],[141.51953,38.69773],[141.51952,38.69777],[141.51956,38.69775]]],[[[141.51963,38.6977],[141.5197,38.69794],[141.51973,38.69774],[141.51963,38.6977]]],[[[141.51952,38.69783],[141.51957,38.6978],[141.51952,38.69781],[141.51952,38.69783]]],[[[141.51756,38.69794],[141.51758,38.69792],[141.51756,38.69792],[141.51756,38.69794]]],[[[141.51757,38.69798],[141.51765,38.69801],[141.51766,38.69794],[141.51757,38.69798]]],[[[141.52013,38.69808],[141.52012,38.69789],[141.52002,38.6981],[141.52013,38.69808]]],[[[141.51852,38.69805],[141.51852,38.69802],[141.51849,38.69804],[141.51852,38.69805]]],[[[141.51815,38.69805],[141.51815,38.69802],[141.51814,38.69805],[141.51815,38.69805]]],[[[141.51888,38.69809],[141.51886,38.69809],[141.51888,38.6981],[141.51888,38.69809]]],[[[141.51821,38.69814],[141.51814,38.69821],[141.51822,38.6982],[141.51821,38.69814]]],[[[141.51827,38.69818],[141.51831,38.69823],[141.51829,38.69815],[141.51827,38.69818]]],[[[141.51821,38.69825],[141.5182,38.69822],[141.51819,38.69825],[141.51821,38.69825]]],[[[141.51923,38.69826],[141.51922,38.69824],[141.51921,38.69825],[141.51923,38.69826]]],[[[141.51823,38.69823],[141.51826,38.69828],[141.51827,38.69827],[141.51823,38.69823]]],[[[141.51833,38.69828],[141.51832,38.69825],[141.51831,38.69828],[141.51833,38.69828]]],[[[141.51943,38.69828],[141.51943,38.69827],[141.51941,38.69828],[141.51943,38.69828]]],[[[141.51898,38.69829],[141.51903,38.69835],[141.51904,38.69834],[141.51898,38.69829]]],[[[141.51918,38.69837],[141.51921,38.69833],[141.51919,38.69833],[141.51918,38.69837]]],[[[141.51953,38.69838],[141.51954,38.69836],[141.51952,38.69836],[141.51953,38.69838]]],[[[141.51959,38.69839],[141.51959,38.69838],[141.51958,38.69838],[141.51959,38.69839]]],[[[141.51904,38.69841],[141.51904,38.69837],[141.51903,38.69841],[141.51904,38.69841]]],[[[141.51972,38.69839],[141.51976,38.6984],[141.51976,38.69838],[141.51972,38.69839]]],[[[141.5194,38.69854],[141.51941,38.69852],[141.5194,38.69854],[141.5194,38.69854]]],[[[141.51932,38.69859],[141.51936,38.69853],[141.51929,38.69851],[141.51932,38.69859]]],[[[141.51929,38.6986],[141.51928,38.69856],[141.51926,38.69856],[141.51929,38.6986]]],[[[141.51948,38.69869],[141.51948,38.69856],[141.51941,38.69868],[141.51948,38.69869]]],[[[141.51935,38.69864],[141.51933,38.69864],[141.51935,38.69865],[141.51935,38.69864]]],[[[141.52023,38.69874],[141.52022,38.69872],[141.5202,38.69873],[141.52023,38.69874]]],[[[141.5201,38.69874],[141.52014,38.69879],[141.52018,38.69872],[141.5201,38.69874]]],[[[141.5197,38.69881],[141.51974,38.69894],[141.51975,38.69887],[141.5197,38.69881]]],[[[141.52005,38.69899],[141.52005,38.69896],[141.52004,38.69899],[141.52005,38.69899]]],[[[141.5202,38.69899],[141.52024,38.69899],[141.52024,38.69895],[141.5202,38.69899]]],[[[141.5201,38.69908],[141.52012,38.69909],[141.52013,38.69907],[141.5201,38.69908]]],[[[141.51999,38.69908],[141.51993,38.69914],[141.52004,38.69914],[141.51999,38.69908]]],[[[141.51993,38.69925],[141.51997,38.6992],[141.51991,38.6992],[141.51993,38.69925]]],[[[141.51981,38.69926],[141.5199,38.69926],[141.51988,38.69923],[141.51981,38.69926]]],[[[141.5197,38.69925],[141.51963,38.69929],[141.51975,38.69927],[141.5197,38.69925]]],[[[141.51992,38.69934],[141.51989,38.69933],[141.51988,38.69935],[141.51992,38.69934]]],[[[141.51969,38.69934],[141.51967,38.69943],[141.51975,38.69934],[141.51969,38.69934]]],[[[141.51983,38.69966],[141.5198,38.69965],[141.51978,38.69969],[141.51983,38.69966]]],[[[141.52003,38.69991],[141.52003,38.6999],[141.52002,38.69991],[141.52003,38.69991]]],[[[141.52004,38.69994],[141.52004,38.69993],[141.52003,38.69993],[141.52004,38.69994]]],[[[141.52052,38.69997],[141.52054,38.69996],[141.52052,38.69997],[141.52052,38.69997]]],[[[141.52054,38.70097],[141.52074,38.70076],[141.52047,38.70084],[141.52054,38.70097]]],[[[141.52041,38.70123],[141.52031,38.70124],[141.52028,38.70126],[141.52041,38.70123]]],[[[141.52022,38.70126],[141.52019,38.70128],[141.52022,38.70128],[141.52022,38.70126]]],[[[141.52033,38.70151],[141.5203,38.70148],[141.52027,38.7015],[141.52033,38.70151]]],[[[141.52043,38.7017],[141.52045,38.70172],[141.52046,38.70171],[141.52043,38.7017]]],[[[141.51987,38.76165],[141.51977,38.76171],[141.5199,38.76171],[141.51987,38.76165]]],[[[141.51984,38.76181],[141.51982,38.76177],[141.5198,38.76178],[141.51984,38.76181]]],[[[141.52009,38.7621],[141.5201,38.76207],[141.52007,38.76208],[141.52009,38.7621]]],[[[141.52017,38.76215],[141.5202,38.76212],[141.52014,38.76212],[141.52017,38.76215]]],[[[141.52008,38.76223],[141.52007,38.76211],[141.52002,38.76216],[141.52008,38.76223]]],[[[141.52009,38.7625],[141.52002,38.76246],[141.52006,38.76251],[141.52009,38.7625]]],[[[141.52069,38.76438],[141.52073,38.76432],[141.52069,38.7643],[141.52069,38.76438]]],[[[141.52069,38.76442],[141.52066,38.76446],[141.52071,38.76444],[141.52069,38.76442]]],[[[141.52053,38.76443],[141.52042,38.76449],[141.52057,38.7645],[141.52053,38.76443]]],[[[141.52064,38.76455],[141.52062,38.76449],[141.5206,38.76451],[141.52064,38.76455]]],[[[141.52051,38.76481],[141.52057,38.76483],[141.52059,38.76481],[141.52051,38.76481]]],[[[141.51926,38.76498],[141.51934,38.76498],[141.5193,38.76492],[141.51926,38.76498]]],[[[141.51963,38.76494],[141.51972,38.76498],[141.51972,38.76493],[141.51963,38.76494]]],[[[141.5192,38.765],[141.51922,38.76507],[141.51923,38.76499],[141.5192,38.765]]],[[[141.52004,38.76506],[141.51987,38.76505],[141.52003,38.76509],[141.52004,38.76506]]],[[[141.51974,38.7651],[141.51975,38.76503],[141.51969,38.7651],[141.51974,38.7651]]],[[[141.52025,38.7651],[141.5202,38.76507],[141.52018,38.76511],[141.52025,38.7651]]],[[[141.52016,38.76521],[141.52011,38.76514],[141.52005,38.76519],[141.52016,38.76521]]],[[[141.51815,38.76526],[141.51816,38.76523],[141.51812,38.76523],[141.51815,38.76526]]],[[[141.51801,38.76534],[141.51805,38.7653],[141.51797,38.76533],[141.51801,38.76534]]],[[[141.51783,38.76533],[141.51785,38.76538],[141.51787,38.76538],[141.51783,38.76533]]],[[[141.51731,38.7654],[141.51724,38.76538],[141.51723,38.7654],[141.51731,38.7654]]],[[[141.51683,38.76546],[141.51688,38.76537],[141.51676,38.76545],[141.51683,38.76546]]],[[[141.51933,38.77337],[141.5194,38.7733],[141.51933,38.77331],[141.51933,38.77337]]],[[[141.5195,38.77338],[141.51961,38.77335],[141.51949,38.77335],[141.5195,38.77338]]],[[[141.51904,38.77388],[141.51911,38.77381],[141.51903,38.77379],[141.51904,38.77388]]],[[[141.51848,38.77393],[141.51864,38.77387],[141.51856,38.77379],[141.51848,38.77393]]],[[[141.52361,38.63623],[141.52358,38.63621],[141.52357,38.63623],[141.52361,38.63623]]],[[[141.52358,38.63627],[141.52357,38.63624],[141.52355,38.63625],[141.52358,38.63627]]],[[[141.52347,38.63635],[141.52349,38.63637],[141.5235,38.63636],[141.52347,38.63635]]],[[[141.52369,38.63657],[141.52371,38.63654],[141.5237,38.63654],[141.52369,38.63657]]],[[[141.52345,38.63677],[141.52351,38.63689],[141.52357,38.6368],[141.52345,38.63677]]],[[[141.52297,38.63687],[141.52296,38.63689],[141.52298,38.6369],[141.52297,38.63687]]],[[[141.52323,38.63686],[141.52322,38.63698],[141.52332,38.63692],[141.52323,38.63686]]],[[[141.52345,38.63692],[141.52352,38.637],[141.52353,38.63696],[141.52345,38.63692]]],[[[141.5227,38.63695],[141.52274,38.63701],[141.52276,38.63701],[141.5227,38.63695]]],[[[141.52323,38.63702],[141.52323,38.63704],[141.52327,38.63704],[141.52323,38.63702]]],[[[141.52494,38.63706],[141.52481,38.63706],[141.52485,38.63712],[141.52494,38.63706]]],[[[141.52501,38.63707],[141.52507,38.63706],[141.52502,38.63702],[141.52501,38.63707]]],[[[141.52273,38.63712],[141.52276,38.63708],[141.52272,38.63709],[141.52273,38.63712]]],[[[141.52154,38.63732],[141.52162,38.63737],[141.5216,38.63731],[141.52154,38.63732]]],[[[141.52293,38.6374],[141.52285,38.63744],[141.52294,38.63743],[141.52293,38.6374]]],[[[141.52199,38.63746],[141.52196,38.63743],[141.52195,38.63745],[141.52199,38.63746]]],[[[141.52305,38.63754],[141.52307,38.63748],[141.52306,38.63748],[141.52305,38.63754]]],[[[141.52287,38.63759],[141.52294,38.63756],[141.52289,38.63754],[141.52287,38.63759]]],[[[141.52623,38.63745],[141.52661,38.63774],[141.52658,38.63748],[141.52623,38.63745]]],[[[141.52122,38.63763],[141.52122,38.63758],[141.52119,38.63758],[141.52122,38.63763]]],[[[141.52135,38.63769],[141.52137,38.63765],[141.52134,38.63765],[141.52135,38.63769]]],[[[141.52219,38.63775],[141.52208,38.63779],[141.52217,38.63783],[141.52219,38.63775]]],[[[141.52076,38.63776],[141.52074,38.6379],[141.52082,38.63794],[141.52076,38.63776]]],[[[141.52116,38.63791],[141.5212,38.63793],[141.52121,38.63792],[141.52116,38.63791]]],[[[141.52123,38.63795],[141.52109,38.63804],[141.52129,38.63806],[141.52123,38.63795]]],[[[141.52134,38.638],[141.52131,38.63807],[141.52139,38.63807],[141.52134,38.638]]],[[[141.52074,38.63837],[141.52082,38.63812],[141.52062,38.63801],[141.52074,38.63837]]],[[[141.52137,38.63828],[141.5213,38.63814],[141.52129,38.63827],[141.52137,38.63828]]],[[[141.5208,38.63843],[141.52084,38.63839],[141.52079,38.63838],[141.5208,38.63843]]],[[[141.52148,38.69892],[141.52136,38.69893],[141.52148,38.69894],[141.52148,38.69892]]],[[[141.52216,38.69901],[141.52247,38.6989],[141.52227,38.6988],[141.52216,38.69901]]],[[[141.52129,38.69967],[141.52206,38.69919],[141.52133,38.69894],[141.52129,38.69967]]],[[[141.52219,38.69938],[141.52221,38.69947],[141.52226,38.69936],[141.52219,38.69938]]],[[[141.52097,38.69944],[141.52101,38.69945],[141.52102,38.69944],[141.52097,38.69944]]],[[[141.521,38.69948],[141.52107,38.69947],[141.521,38.69947],[141.521,38.69948]]],[[[141.52119,38.69949],[141.52112,38.69956],[141.52118,38.69958],[141.52119,38.69949]]],[[[141.52231,38.6997],[141.52211,38.69963],[141.52203,38.69975],[141.52231,38.6997]]],[[[141.52233,38.69974],[141.52229,38.69972],[141.52228,38.69974],[141.52233,38.69974]]],[[[141.52203,38.69985],[141.52204,38.69981],[141.52201,38.69982],[141.52203,38.69985]]],[[[141.52082,38.69988],[141.52079,38.69985],[141.52079,38.69988],[141.52082,38.69988]]],[[[141.52165,38.70008],[141.52164,38.69997],[141.52159,38.70002],[141.52165,38.70008]]],[[[141.52155,38.70008],[141.52162,38.70011],[141.52159,38.70005],[141.52155,38.70008]]],[[[141.52093,38.70064],[141.52081,38.70066],[141.52077,38.70073],[141.52093,38.70064]]],[[[141.5209,38.70075],[141.52089,38.70073],[141.52088,38.70074],[141.5209,38.70075]]],[[[141.52083,38.70083],[141.52084,38.7008],[141.52082,38.7008],[141.52083,38.70083]]],[[[141.52091,38.70087],[141.5209,38.70083],[141.52088,38.70086],[141.52091,38.70087]]],[[[141.52197,38.70194],[141.52194,38.70188],[141.52191,38.70192],[141.52197,38.70194]]],[[[141.52192,38.70202],[141.52186,38.70198],[141.52184,38.70199],[141.52185,38.70203],[141.52192,38.70202]]],[[[141.52223,38.702],[141.52211,38.70204],[141.52213,38.70206],[141.52223,38.702]]],[[[141.52183,38.70215],[141.52182,38.70213],[141.52181,38.70215],[141.52183,38.70215]]],[[[141.52191,38.70217],[141.5219,38.70216],[141.52189,38.70216],[141.52191,38.70217]]],[[[141.52195,38.70226],[141.52193,38.70219],[141.52188,38.70225],[141.52195,38.70226]]],[[[141.52158,38.70226],[141.5216,38.70224],[141.52158,38.70223],[141.52158,38.70226]]],[[[141.52087,38.70227],[141.52086,38.70225],[141.52085,38.70228],[141.52087,38.70227]]],[[[141.52215,38.70239],[141.52205,38.70219],[141.52195,38.70236],[141.52215,38.70239]]],[[[141.52249,38.70232],[141.52248,38.70229],[141.52245,38.70232],[141.52249,38.70232]]],[[[141.52154,38.70232],[141.52156,38.70231],[141.52154,38.7023],[141.52154,38.70232]]],[[[141.52124,38.70235],[141.52114,38.7023],[141.52111,38.7024],[141.52124,38.70235]]],[[[141.52097,38.70236],[141.52096,38.70234],[141.52096,38.70236],[141.52097,38.70236]]],[[[141.52157,38.70234],[141.52184,38.70239],[141.52184,38.70221],[141.52157,38.70234]]],[[[141.52175,38.70251],[141.5218,38.70252],[141.52177,38.70248],[141.52175,38.70251]]],[[[141.52189,38.70248],[141.52189,38.70258],[141.52193,38.70253],[141.52189,38.70248]]],[[[141.52201,38.70321],[141.52198,38.70332],[141.52203,38.70321],[141.52201,38.70321]]],[[[141.52203,38.70341],[141.52206,38.70352],[141.52205,38.70341],[141.52203,38.70341]]],[[[141.52199,38.7035],[141.52194,38.70344],[141.52183,38.7035],[141.52199,38.7035]]],[[[141.52191,38.70367],[141.5219,38.70371],[141.52196,38.7037],[141.52191,38.70367]]],[[[141.52197,38.70375],[141.52199,38.70377],[141.52201,38.70375],[141.52197,38.70375]]],[[[141.52362,38.70375],[141.52364,38.7038],[141.52369,38.70376],[141.52362,38.70375]]],[[[141.5236,38.70386],[141.52338,38.70387],[141.52333,38.70395],[141.5236,38.70386]]],[[[141.52185,38.70398],[141.5219,38.70401],[141.52192,38.70399],[141.52185,38.70398]]],[[[141.52355,38.70412],[141.52356,38.7041],[141.52354,38.7041],[141.52355,38.70412]]],[[[141.52308,38.70419],[141.52331,38.70408],[141.52327,38.70405],[141.52308,38.70419]]],[[[141.52339,38.70415],[141.52342,38.7042],[141.52344,38.70418],[141.52339,38.70415]]],[[[141.52234,38.70426],[141.52236,38.70415],[141.52231,38.70419],[141.52234,38.70426]]],[[[141.5235,38.70451],[141.52342,38.70443],[141.52336,38.70448],[141.5235,38.70451]]],[[[141.52323,38.70449],[141.52325,38.70453],[141.52328,38.70449],[141.52323,38.70449]]],[[[141.52325,38.70466],[141.52328,38.70454],[141.52322,38.70465],[141.52325,38.70466]]],[[[141.52454,38.70459],[141.52459,38.70467],[141.52456,38.70458],[141.52454,38.70459]]],[[[141.52351,38.70465],[141.52354,38.70467],[141.52356,38.70464],[141.52351,38.70465]]],[[[141.5231,38.70494],[141.52299,38.70486],[141.52295,38.70492],[141.5231,38.70494]]],[[[141.52307,38.70498],[141.52313,38.70502],[141.52315,38.70497],[141.52307,38.70498]]],[[[141.52419,38.70499],[141.52419,38.70506],[141.52422,38.70503],[141.52419,38.70499]]],[[[141.52447,38.70502],[141.52446,38.7051],[141.52451,38.70511],[141.52447,38.70502]]],[[[141.52445,38.70513],[141.52448,38.70524],[141.52452,38.70521],[141.52445,38.70513]]],[[[141.52441,38.70515],[141.52441,38.70525],[141.52445,38.70529],[141.52441,38.70515]]],[[[141.5242,38.7053],[141.52424,38.7053],[141.52423,38.70527],[141.5242,38.7053]]],[[[141.52441,38.70532],[141.52443,38.70537],[141.52445,38.70532],[141.52441,38.70532]]],[[[141.52504,38.70539],[141.52493,38.7054],[141.52497,38.70543],[141.52504,38.70539]]],[[[141.52488,38.70539],[141.5249,38.70545],[141.52493,38.70544],[141.52488,38.70539]]],[[[141.52457,38.70528],[141.52443,38.70554],[141.52467,38.70554],[141.52457,38.70528]]],[[[141.52436,38.70537],[141.52435,38.70549],[141.52438,38.70551],[141.52436,38.70537]]],[[[141.5242,38.7056],[141.52423,38.70558],[141.5242,38.70559],[141.5242,38.7056]]],[[[141.52439,38.70563],[141.52442,38.70561],[141.5244,38.70561],[141.52439,38.70563]]],[[[141.52455,38.70564],[141.52459,38.70564],[141.52456,38.70562],[141.52455,38.70564]]],[[[141.52384,38.70578],[141.52377,38.70586],[141.52388,38.70582],[141.52384,38.70578]]],[[[141.52388,38.70601],[141.52384,38.70598],[141.52383,38.70601],[141.52388,38.70601]]],[[[141.52327,38.70647],[141.52329,38.70653],[141.52331,38.70652],[141.52327,38.70647]]],[[[141.52342,38.70676],[141.52346,38.70675],[141.5234,38.70674],[141.52342,38.70676]]],[[[141.52333,38.70677],[141.52338,38.70677],[141.52334,38.70676],[141.52333,38.70677]]],[[[141.52605,38.70827],[141.52599,38.70831],[141.52604,38.70833],[141.52605,38.70827]]],[[[141.52337,38.70835],[141.52331,38.70826],[141.52335,38.70836],[141.52337,38.70835]]],[[[141.52338,38.70831],[141.52342,38.70831],[141.52342,38.70827],[141.52338,38.70831]]],[[[141.5259,38.7084],[141.52582,38.7084],[141.52582,38.70843],[141.5259,38.7084]]],[[[141.52623,38.70843],[141.52625,38.70846],[141.52625,38.70843],[141.52623,38.70843]]],[[[141.52568,38.70845],[141.52572,38.70851],[141.52571,38.70844],[141.52568,38.70845]]],[[[141.52587,38.70851],[141.52592,38.70852],[141.52592,38.7085],[141.52587,38.70851]]],[[[141.52342,38.70879],[141.52324,38.70841],[141.52323,38.70879],[141.52342,38.70879]]],[[[141.52614,38.70872],[141.52649,38.7086],[141.52631,38.70843],[141.52614,38.70872]]],[[[141.5229,38.70873],[141.52279,38.70866],[141.52274,38.70873],[141.5229,38.70873]]],[[[141.52603,38.70872],[141.52607,38.70871],[141.52607,38.7087],[141.52603,38.70872]]],[[[141.5236,38.70885],[141.52359,38.70869],[141.52343,38.70881],[141.5236,38.70885]]],[[[141.5263,38.70918],[141.52636,38.70913],[141.52635,38.70913],[141.5263,38.70918]]],[[[141.52619,38.70915],[141.52618,38.7092],[141.52622,38.70915],[141.52619,38.70915]]],[[[141.5262,38.70953],[141.52621,38.7095],[141.52619,38.70952],[141.5262,38.70953]]],[[[141.52646,38.7095],[141.52642,38.70956],[141.52647,38.70954],[141.52646,38.7095]]],[[[141.52632,38.70953],[141.52634,38.70954],[141.52634,38.70953],[141.52632,38.70953]]],[[[141.5263,38.70958],[141.52633,38.70958],[141.52631,38.70956],[141.5263,38.70958]]],[[[141.52508,38.70963],[141.52491,38.70964],[141.52519,38.7097],[141.52508,38.70963]]],[[[141.5262,38.70979],[141.52617,38.70982],[141.52621,38.70982],[141.5262,38.70979]]],[[[141.52342,38.70984],[141.52341,38.70981],[141.52339,38.70983],[141.52342,38.70984]]],[[[141.52615,38.70994],[141.52613,38.70986],[141.52609,38.70989],[141.52615,38.70994]]],[[[141.52621,38.71004],[141.52624,38.71005],[141.52623,38.71003],[141.52621,38.71004]]],[[[141.5244,38.71007],[141.52446,38.71003],[141.5244,38.71003],[141.5244,38.71007]]],[[[141.52367,38.71009],[141.5236,38.71003],[141.52359,38.71007],[141.52367,38.71009]]],[[[141.52407,38.71009],[141.52409,38.71007],[141.52406,38.71007],[141.52407,38.71009]]],[[[141.52625,38.71012],[141.52628,38.71011],[141.52625,38.71012],[141.52625,38.71012]]],[[[141.52616,38.71015],[141.52619,38.71016],[141.52619,38.71015],[141.52616,38.71015]]],[[[141.52614,38.71024],[141.52614,38.71021],[141.5261,38.71024],[141.52614,38.71024]]],[[[141.5263,38.71036],[141.52627,38.71038],[141.52631,38.71038],[141.5263,38.71036]]],[[[141.52595,38.7111],[141.52598,38.71108],[141.52595,38.71109],[141.52595,38.7111]]],[[[141.52602,38.71109],[141.52605,38.71111],[141.52605,38.71108],[141.52602,38.71109]]],[[[141.52584,38.71123],[141.52587,38.71121],[141.52587,38.7112],[141.52584,38.71123]]],[[[141.52522,38.71604],[141.52527,38.71604],[141.52526,38.716],[141.52522,38.71604]]],[[[141.52527,38.71618],[141.5253,38.71618],[141.5253,38.71616],[141.52527,38.71618]]],[[[141.52523,38.7164],[141.52524,38.71636],[141.52518,38.71637],[141.52523,38.7164]]],[[[141.52197,38.76],[141.52191,38.75996],[141.52189,38.76],[141.52197,38.76]]],[[[141.52209,38.76001],[141.5221,38.75995],[141.52203,38.75998],[141.52209,38.76001]]],[[[141.52194,38.76003],[141.52198,38.76003],[141.52197,38.76001],[141.52194,38.76003]]],[[[141.5219,38.76011],[141.52197,38.7601],[141.52193,38.76004],[141.5219,38.76011]]],[[[141.5218,38.76008],[141.52184,38.76009],[141.52183,38.76007],[141.5218,38.76008]]],[[[141.52474,38.76005],[141.5247,38.76023],[141.52486,38.76012],[141.52474,38.76005]]],[[[141.52198,38.76015],[141.52192,38.76014],[141.5219,38.76016],[141.52198,38.76015]]],[[[141.52359,38.76029],[141.52353,38.76025],[141.5235,38.76032],[141.52359,38.76029]]],[[[141.52273,38.76035],[141.52272,38.76027],[141.52271,38.76035],[141.52273,38.76035]]],[[[141.52393,38.76047],[141.52397,38.76048],[141.52397,38.76044],[141.52393,38.76047]]],[[[141.52425,38.76053],[141.52424,38.76048],[141.52421,38.76051],[141.52425,38.76053]]],[[[141.52402,38.76063],[141.52394,38.76055],[141.52384,38.76063],[141.52402,38.76063]]],[[[141.52441,38.76106],[141.52438,38.761],[141.52434,38.76102],[141.52441,38.76106]]],[[[141.52144,38.7626],[141.52131,38.76223],[141.52112,38.76242],[141.52144,38.7626]]],[[[141.52111,38.7626],[141.52107,38.76251],[141.52105,38.7626],[141.52111,38.7626]]],[[[141.52075,38.76278],[141.52079,38.76274],[141.52075,38.76275],[141.52075,38.76278]]],[[[141.52096,38.76294],[141.52091,38.76287],[141.52088,38.76292],[141.52096,38.76294]]],[[[141.52118,38.76311],[141.5212,38.76304],[141.52115,38.76307],[141.52118,38.76311]]],[[[141.52115,38.76318],[141.52104,38.76321],[141.52123,38.76323],[141.52115,38.76318]]],[[[141.52123,38.7632],[141.52123,38.76318],[141.52121,38.76319],[141.52123,38.7632]]],[[[141.52147,38.76322],[141.52151,38.76331],[141.52156,38.7633],[141.52147,38.76322]]],[[[141.52141,38.7635],[141.52137,38.76319],[141.52113,38.76352],[141.52141,38.7635]]],[[[141.52149,38.76348],[141.52152,38.76354],[141.52155,38.7635],[141.52149,38.76348]]],[[[141.52149,38.76366],[141.52156,38.76355],[141.52139,38.76365],[141.52149,38.76366]]],[[[141.52117,38.76367],[141.52124,38.76361],[141.52114,38.76366],[141.52117,38.76367]]],[[[141.52145,38.76383],[141.52153,38.76381],[141.52145,38.7638],[141.52145,38.76383]]],[[[141.52109,38.76435],[141.52117,38.7643],[141.52115,38.76428],[141.52109,38.76435]]],[[[141.52076,38.76446],[141.52082,38.7645],[141.52085,38.76446],[141.52076,38.76446]]],[[[141.52096,38.76467],[141.52131,38.76504],[141.52144,38.76495],[141.52096,38.76467]]],[[[141.52221,38.77282],[141.52223,38.77284],[141.52224,38.77282],[141.52221,38.77282]]],[[[141.52246,38.77286],[141.52248,38.77291],[141.52247,38.77286],[141.52246,38.77286]]],[[[141.52222,38.77288],[141.52222,38.77291],[141.52223,38.7729],[141.52222,38.77288]]],[[[141.52208,38.77298],[141.52202,38.77296],[141.52202,38.77298],[141.52208,38.77298]]],[[[141.52216,38.77305],[141.52213,38.77298],[141.52213,38.77305],[141.52216,38.77305]]],[[[141.52207,38.77306],[141.52203,38.77301],[141.522,38.77305],[141.52207,38.77306]]],[[[141.52212,38.77308],[141.52203,38.77316],[141.52214,38.77315],[141.52212,38.77308]]],[[[141.52206,38.77324],[141.52201,38.77325],[141.52205,38.77327],[141.52206,38.77324]]],[[[141.52193,38.77325],[141.52193,38.77329],[141.52196,38.77329],[141.52193,38.77325]]],[[[141.52202,38.77331],[141.52206,38.77334],[141.52207,38.77332],[141.52202,38.77331]]],[[[141.52192,38.7734],[141.52191,38.77334],[141.5219,38.77339],[141.52192,38.7734]]],[[[141.52562,38.79009],[141.52565,38.79006],[141.52561,38.79006],[141.52562,38.79009]]],[[[141.52544,38.79021],[141.52546,38.79028],[141.52549,38.79021],[141.52544,38.79021]]],[[[141.52881,38.63098],[141.52882,38.63095],[141.5288,38.63096],[141.52881,38.63098]]],[[[141.52866,38.63122],[141.52849,38.63103],[141.52836,38.6311],[141.52866,38.63122]]],[[[141.52876,38.6312],[141.5288,38.63114],[141.52879,38.63114],[141.52876,38.6312]]],[[[141.52856,38.63163],[141.52862,38.63161],[141.52858,38.6316],[141.52856,38.63163]]],[[[141.52776,38.63199],[141.52773,38.63193],[141.52771,38.63197],[141.52776,38.63199]]],[[[141.52851,38.63234],[141.52859,38.63236],[141.52859,38.63234],[141.52851,38.63234]]],[[[141.52899,38.63269],[141.52898,38.63278],[141.52905,38.63273],[141.52899,38.63269]]],[[[141.52876,38.63286],[141.52873,38.63275],[141.52855,38.6329],[141.52865,38.63295],[141.52876,38.63286]]],[[[141.52839,38.63288],[141.52844,38.63295],[141.52845,38.6329],[141.52839,38.63288]]],[[[141.52869,38.63295],[141.52869,38.63304],[141.52876,38.63299],[141.52869,38.63295]]],[[[141.52895,38.63304],[141.52893,38.63302],[141.52891,38.63304],[141.52895,38.63304]]],[[[141.52904,38.63313],[141.52899,38.63327],[141.52915,38.63315],[141.52904,38.63313]]],[[[141.52883,38.63331],[141.52901,38.63314],[141.5286,38.63332],[141.52883,38.63331]]],[[[141.52945,38.63326],[141.52946,38.63338],[141.52953,38.63327],[141.52945,38.63326]]],[[[141.52881,38.63336],[141.52881,38.63338],[141.52884,38.63337],[141.52881,38.63336]]],[[[141.52935,38.6334],[141.52932,38.63341],[141.52935,38.63342],[141.52935,38.6334]]],[[[141.52903,38.63353],[141.52924,38.63332],[141.52894,38.63349],[141.52903,38.63353]]],[[[141.52909,38.63368],[141.5292,38.63369],[141.52918,38.63365],[141.52909,38.63368]]],[[[141.52886,38.63377],[141.52885,38.63371],[141.52881,38.63377],[141.52886,38.63377]]],[[[141.5303,38.63438],[141.53035,38.6343],[141.53032,38.63428],[141.5303,38.63438]]],[[[141.53159,38.63439],[141.53156,38.63435],[141.53154,38.63437],[141.53159,38.63439]]],[[[141.52941,38.63446],[141.52932,38.63447],[141.52941,38.63449],[141.52941,38.63446]]],[[[141.53082,38.63455],[141.53081,38.63451],[141.5308,38.63455],[141.53082,38.63455]]],[[[141.53089,38.63464],[141.53079,38.63459],[141.5308,38.63467],[141.53089,38.63464]]],[[[141.5293,38.63465],[141.52933,38.63459],[141.52931,38.6346],[141.5293,38.63465]]],[[[141.5303,38.63465],[141.53028,38.6346],[141.53027,38.63463],[141.5303,38.63465]]],[[[141.53038,38.63468],[141.53035,38.63465],[141.53032,38.63466],[141.53038,38.63468]]],[[[141.53114,38.63467],[141.53118,38.63472],[141.53116,38.63465],[141.53114,38.63467]]],[[[141.52937,38.63469],[141.52942,38.63468],[141.52939,38.63467],[141.52937,38.63469]]],[[[141.53108,38.63464],[141.53112,38.63477],[141.53112,38.63461],[141.53108,38.63464]]],[[[141.52936,38.6347],[141.52928,38.63474],[141.52938,38.63479],[141.52936,38.6347]]],[[[141.53022,38.63492],[141.53042,38.63482],[141.53051,38.63469],[141.53029,38.63473],[141.53022,38.63492]]],[[[141.52923,38.63482],[141.52922,38.63479],[141.52921,38.63481],[141.52923,38.63482]]],[[[141.5311,38.63482],[141.53116,38.6348],[141.53109,38.63479],[141.5311,38.63482]]],[[[141.52927,38.63481],[141.52928,38.63479],[141.52926,38.63479],[141.52927,38.63481]]],[[[141.53069,38.63486],[141.53072,38.63483],[141.5307,38.63479],[141.53069,38.63486]]],[[[141.53045,38.63486],[141.53053,38.63482],[141.53052,38.6348],[141.53045,38.63486]]],[[[141.53108,38.63491],[141.53106,38.63494],[141.53113,38.63495],[141.53108,38.63491]]],[[[141.52934,38.6349],[141.52929,38.63486],[141.52929,38.63492],[141.52934,38.6349]]],[[[141.53023,38.63518],[141.53051,38.63512],[141.53022,38.63495],[141.53023,38.63518]]],[[[141.52948,38.63504],[141.52941,38.63509],[141.52946,38.63518],[141.52948,38.63504]]],[[[141.52943,38.63525],[141.52947,38.63524],[141.52944,38.6352],[141.52943,38.63525]]],[[[141.5302,38.63545],[141.53038,38.63527],[141.53024,38.63524],[141.5302,38.63545]]],[[[141.53041,38.63539],[141.53042,38.63536],[141.5304,38.63536],[141.53041,38.63539]]],[[[141.53007,38.63563],[141.52995,38.6354],[141.5299,38.63559],[141.53007,38.63563]]],[[[141.53033,38.63564],[141.53046,38.63543],[141.53019,38.63566],[141.53033,38.63564]]],[[[141.52997,38.63579],[141.53008,38.63578],[141.52996,38.63577],[141.52997,38.63579]]],[[[141.53038,38.63592],[141.53042,38.63589],[141.53037,38.63588],[141.53038,38.63592]]],[[[141.53031,38.63596],[141.5303,38.63609],[141.53036,38.63606],[141.53031,38.63596]]],[[[141.52983,38.6366],[141.53019,38.63645],[141.52994,38.63605],[141.52983,38.6366]]],[[[141.52992,38.63678],[141.5299,38.63689],[141.52996,38.63679],[141.52992,38.63678]]],[[[141.53047,38.63687],[141.53052,38.63687],[141.53052,38.63685],[141.53047,38.63687]]],[[[141.53019,38.63663],[141.53044,38.637],[141.53043,38.63687],[141.53058,38.63673],[141.53019,38.63663]]],[[[141.52974,38.63694],[141.52979,38.637],[141.52977,38.63694],[141.52974,38.63694]]],[[[141.53,38.63707],[141.52992,38.63706],[141.52992,38.63707],[141.53,38.63707]]],[[[141.52887,38.63702],[141.52894,38.63713],[141.52889,38.63701],[141.52887,38.63702]]],[[[141.52996,38.63719],[141.52999,38.63716],[141.52996,38.63716],[141.52996,38.63719]]],[[[141.52993,38.63719],[141.52991,38.63717],[141.52987,38.63721],[141.52993,38.63719]]],[[[141.52954,38.63721],[141.52959,38.63723],[141.52959,38.6372],[141.52954,38.63721]]],[[[141.52962,38.6373],[141.52964,38.63727],[141.5296,38.63728],[141.52962,38.6373]]],[[[141.52855,38.63744],[141.52861,38.63741],[141.52855,38.63738],[141.52855,38.63744]]],[[[141.52678,38.63741],[141.52688,38.63745],[141.52687,38.63742],[141.52678,38.63741]]],[[[141.52729,38.63747],[141.5273,38.63743],[141.52728,38.63744],[141.52729,38.63747]]],[[[141.52748,38.63754],[141.52748,38.63749],[141.52746,38.63749],[141.52748,38.63754]]],[[[141.52828,38.63761],[141.52823,38.63765],[141.52829,38.63765],[141.52828,38.63761]]],[[[141.528,38.63762],[141.52805,38.63762],[141.528,38.63759],[141.528,38.63762]]],[[[141.52741,38.63762],[141.52745,38.6377],[141.52744,38.63763],[141.52741,38.63762]]],[[[141.52818,38.63771],[141.52821,38.63764],[141.52818,38.63764],[141.52818,38.63771]]],[[[141.53028,38.63767],[141.53032,38.6377],[141.53031,38.63766],[141.53028,38.63767]]],[[[141.52765,38.63777],[141.52767,38.63775],[141.52764,38.63773],[141.52765,38.63777]]],[[[141.52733,38.63772],[141.52737,38.63787],[141.52747,38.63793],[141.52733,38.63772]]],[[[141.52752,38.63786],[141.52752,38.63784],[141.5275,38.63785],[141.52752,38.63786]]],[[[141.52764,38.63779],[141.52767,38.63792],[141.52771,38.63794],[141.52764,38.63779]]],[[[141.52762,38.63794],[141.52753,38.63802],[141.52764,38.63803],[141.52762,38.63794]]],[[[141.52737,38.6381],[141.52741,38.63807],[141.52737,38.63804],[141.52737,38.6381]]],[[[141.53022,38.63768],[141.53005,38.63855],[141.5304,38.63871],[141.53017,38.63852],[141.53188,38.63776],[141.5314,38.63745],[141.53044,38.63787],[141.53022,38.63768]]],[[[141.53158,38.63819],[141.53147,38.63814],[141.53149,38.6382],[141.53158,38.63819]]],[[[141.52756,38.63817],[141.52752,38.63818],[141.52755,38.63819],[141.52756,38.63817]]],[[[141.52942,38.63824],[141.52946,38.63822],[141.52943,38.6382],[141.52942,38.63824]]],[[[141.53145,38.63826],[141.53147,38.63821],[141.53144,38.63822],[141.53145,38.63826]]],[[[141.52777,38.63839],[141.5276,38.63816],[141.52762,38.63836],[141.52777,38.63839]]],[[[141.52749,38.63831],[141.52739,38.63835],[141.5275,38.63837],[141.52749,38.63831]]],[[[141.52754,38.63838],[141.52758,38.63835],[141.52754,38.63834],[141.52754,38.63838]]],[[[141.52745,38.63845],[141.52747,38.63842],[141.52744,38.63842],[141.52745,38.63845]]],[[[141.52777,38.63859],[141.52776,38.63856],[141.52776,38.63858],[141.52777,38.63859]]],[[[141.53001,38.63866],[141.53001,38.63863],[141.52997,38.63865],[141.53001,38.63866]]],[[[141.52921,38.63851],[141.5291,38.63862],[141.52912,38.63882],[141.52921,38.63851]]],[[[141.52773,38.6387],[141.5278,38.63867],[141.52776,38.63863],[141.52773,38.6387]]],[[[141.52956,38.6388],[141.52945,38.63881],[141.5295,38.63885],[141.52956,38.6388]]],[[[141.52774,38.63889],[141.52778,38.63887],[141.52776,38.63882],[141.52774,38.63889]]],[[[141.52945,38.63884],[141.52942,38.63894],[141.52943,38.63894],[141.52945,38.63884]]],[[[141.5295,38.6389],[141.5295,38.63886],[141.52948,38.6389],[141.5295,38.6389]]],[[[141.52937,38.63892],[141.52939,38.6389],[141.52935,38.63887],[141.52937,38.63892]]],[[[141.53053,38.63923],[141.5305,38.63922],[141.5305,38.63924],[141.53053,38.63923]]],[[[141.53019,38.63923],[141.53007,38.63931],[141.53011,38.63945],[141.53019,38.63923]]],[[[141.53055,38.63947],[141.53053,38.63942],[141.53042,38.6392],[141.53035,38.63948],[141.53055,38.63947]]],[[[141.5303,38.63948],[141.53021,38.63937],[141.53021,38.63948],[141.5303,38.63948]]],[[[141.52995,38.64663],[141.52994,38.6466],[141.52993,38.64663],[141.52995,38.64663]]],[[[141.5301,38.64677],[141.53013,38.64674],[141.53012,38.64673],[141.5301,38.64677]]],[[[141.53016,38.64676],[141.53014,38.64674],[141.53014,38.64676],[141.53016,38.64676]]],[[[141.53005,38.64673],[141.53002,38.64683],[141.5301,38.64674],[141.53005,38.64673]]],[[[141.53014,38.64683],[141.53008,38.6468],[141.53009,38.64682],[141.53014,38.64683]]],[[[141.52927,38.6468],[141.52966,38.64678],[141.5296,38.64663],[141.52927,38.6468]]],[[[141.52968,38.64688],[141.53003,38.6467],[141.52997,38.64666],[141.52968,38.64688]]],[[[141.52961,38.64686],[141.52962,38.64689],[141.52964,38.64683],[141.52961,38.64686]]],[[[141.52998,38.64692],[141.53005,38.64689],[141.53002,38.64685],[141.52998,38.64692]]],[[[141.52971,38.64698],[141.52969,38.64696],[141.52968,38.64698],[141.52971,38.64698]]],[[[141.52889,38.64709],[141.5289,38.64701],[141.52884,38.6471],[141.52889,38.64709]]],[[[141.52893,38.64712],[141.52897,38.64709],[141.52896,38.64708],[141.52893,38.64712]]],[[[141.52648,38.70891],[141.52643,38.7089],[141.52642,38.70891],[141.52648,38.70891]]],[[[141.53112,38.7497],[141.53111,38.74992],[141.53114,38.74968],[141.53112,38.7497]]],[[[141.5306,38.74998],[141.53068,38.75002],[141.53061,38.74995],[141.5306,38.74998]]],[[[141.53108,38.75163],[141.53113,38.75165],[141.53113,38.75164],[141.53108,38.75163]]],[[[141.53062,38.75171],[141.53068,38.75171],[141.53066,38.75169],[141.53062,38.75171]]],[[[141.53042,38.75171],[141.53038,38.75188],[141.5304,38.75189],[141.53042,38.75171]]],[[[141.53022,38.75182],[141.53031,38.75192],[141.53024,38.75181],[141.53022,38.75182]]],[[[141.53016,38.75216],[141.53019,38.75219],[141.5302,38.75218],[141.53016,38.75216]]],[[[141.52914,38.75349],[141.52923,38.75351],[141.52922,38.75347],[141.52914,38.75349]]],[[[141.53007,38.75362],[141.5301,38.7536],[141.53006,38.7536],[141.53007,38.75362]]],[[[141.52868,38.75491],[141.52871,38.75495],[141.52872,38.75488],[141.52868,38.75491]]],[[[141.52959,38.75503],[141.52951,38.75495],[141.52949,38.75503],[141.52959,38.75503]]],[[[141.53021,38.75506],[141.53029,38.75512],[141.53031,38.75508],[141.53021,38.75506]]],[[[141.52887,38.75513],[141.5289,38.75519],[141.5289,38.75511],[141.52887,38.75513]]],[[[141.52904,38.75506],[141.52899,38.75536],[141.52911,38.75508],[141.52904,38.75506]]],[[[141.5292,38.75519],[141.52918,38.75529],[141.52927,38.7552],[141.5292,38.75519]]],[[[141.5289,38.75526],[141.52866,38.75524],[141.52876,38.75538],[141.5289,38.75526]]],[[[141.53067,38.75578],[141.53075,38.75575],[141.53069,38.75569],[141.53067,38.75578]]],[[[141.52854,38.75589],[141.52859,38.75593],[141.52862,38.75589],[141.52854,38.75589]]],[[[141.53067,38.75587],[141.53068,38.75597],[141.53071,38.75588],[141.53067,38.75587]]],[[[141.52868,38.75593],[141.52874,38.75601],[141.52878,38.75594],[141.52868,38.75593]]],[[[141.52854,38.75601],[141.52857,38.75606],[141.52862,38.756],[141.52854,38.75601]]],[[[141.52864,38.75649],[141.52876,38.75633],[141.52874,38.75627],[141.52864,38.75649]]],[[[141.52827,38.75755],[141.52817,38.75772],[141.52817,38.75777],[141.52827,38.75755]]],[[[141.53036,38.75787],[141.53038,38.75792],[141.53041,38.75786],[141.53036,38.75787]]],[[[141.53044,38.75793],[141.53047,38.75797],[141.53051,38.75794],[141.53044,38.75793]]],[[[141.53157,38.75788],[141.53149,38.75796],[141.53154,38.75802],[141.53157,38.75788]]],[[[141.53046,38.75802],[141.53051,38.758],[141.53046,38.758],[141.53046,38.75802]]],[[[141.53081,38.75804],[141.53085,38.75806],[141.53084,38.75804],[141.53081,38.75804]]],[[[141.52975,38.75848],[141.5303,38.75781],[141.53011,38.75759],[141.52975,38.75848]]],[[[141.52965,38.75821],[141.52959,38.75797],[141.52957,38.75826],[141.52965,38.75821]]],[[[141.5312,38.75819],[141.53112,38.7581],[141.53112,38.75821],[141.5312,38.75819]]],[[[141.53091,38.75819],[141.53095,38.75824],[141.53094,38.75818],[141.53091,38.75819]]],[[[141.52946,38.75814],[141.52946,38.75833],[141.52953,38.75815],[141.52946,38.75814]]],[[[141.53104,38.75821],[141.53105,38.75828],[141.53114,38.75824],[141.53104,38.75821]]],[[[141.53097,38.75833],[141.53096,38.75826],[141.53094,38.75833],[141.53097,38.75833]]],[[[141.52962,38.75874],[141.52965,38.75869],[141.52956,38.75869],[141.52962,38.75874]]],[[[141.52886,38.75909],[141.52896,38.75902],[141.52904,38.75898],[141.52893,38.75894],[141.52886,38.75909]]],[[[141.52859,38.75926],[141.52869,38.75921],[141.52858,38.7592],[141.52859,38.75926]]],[[[141.52877,38.75931],[141.52872,38.75931],[141.52871,38.75934],[141.52877,38.75931]]],[[[141.52814,38.75947],[141.5281,38.75953],[141.52815,38.7595],[141.52814,38.75947]]],[[[141.52708,38.75963],[141.52708,38.75956],[141.52705,38.75962],[141.52708,38.75963]]],[[[141.52725,38.7596],[141.52719,38.75966],[141.52726,38.75965],[141.52725,38.7596]]],[[[141.52795,38.75966],[141.52803,38.75966],[141.52799,38.7596],[141.52795,38.75966]]],[[[141.52741,38.75975],[141.52749,38.75972],[141.52741,38.75972],[141.52741,38.75975]]],[[[141.52688,38.75998],[141.52696,38.75998],[141.52695,38.75995],[141.52688,38.75998]]],[[[141.52703,38.76012],[141.52709,38.76014],[141.52706,38.76008],[141.52703,38.76012]]],[[[141.52982,38.76274],[141.52968,38.76291],[141.52989,38.76283],[141.52982,38.76274]]],[[[141.53122,38.7629],[141.53132,38.76282],[141.5312,38.76284],[141.53122,38.7629]]],[[[141.53027,38.76298],[141.53031,38.76294],[141.53028,38.76293],[141.53027,38.76298]]],[[[141.52978,38.76303],[141.52978,38.76299],[141.52975,38.76302],[141.52978,38.76303]]],[[[141.52963,38.76335],[141.5295,38.76336],[141.52956,38.76346],[141.52963,38.76335]]],[[[141.52859,38.76568],[141.52857,38.76576],[141.52863,38.76572],[141.52859,38.76568]]],[[[141.5267,38.79033],[141.52674,38.79033],[141.5267,38.79032],[141.5267,38.79033]]],[[[141.52843,38.79038],[141.52848,38.79037],[141.52845,38.79035],[141.52843,38.79038]]],[[[141.52815,38.7904],[141.52821,38.79037],[141.52816,38.79036],[141.52815,38.7904]]],[[[141.52778,38.79047],[141.52786,38.79048],[141.5278,38.79042],[141.52778,38.79047]]],[[[141.52744,38.79044],[141.52737,38.79056],[141.5273,38.79061],[141.52743,38.79056],[141.52744,38.79044]]],[[[141.52848,38.79055],[141.52857,38.79053],[141.52848,38.79051],[141.52848,38.79055]]],[[[141.52832,38.79055],[141.52841,38.7906],[141.52843,38.79055],[141.52832,38.79055]]],[[[141.52675,38.7906],[141.5268,38.79067],[141.52683,38.79066],[141.52675,38.7906]]],[[[141.52836,38.7907],[141.52845,38.79073],[141.52847,38.7907],[141.52836,38.7907]]],[[[141.52791,38.7908],[141.52803,38.79066],[141.52786,38.79068],[141.52791,38.7908]]],[[[141.52836,38.79092],[141.5284,38.79092],[141.52839,38.79091],[141.52836,38.79092]]],[[[141.52845,38.79113],[141.52856,38.79118],[141.52847,38.79109],[141.52845,38.79113]]],[[[141.52809,38.79121],[141.52813,38.79132],[141.52816,38.79127],[141.52809,38.79121]]],[[[141.52902,38.79151],[141.52918,38.79157],[141.52922,38.79155],[141.52902,38.79151]]],[[[141.52902,38.79293],[141.52902,38.7926],[141.52891,38.79262],[141.52902,38.79293]]],[[[141.53173,38.63419],[141.53162,38.63413],[141.53162,38.63419],[141.53173,38.63419]]],[[[141.53167,38.63434],[141.53156,38.63423],[141.53155,38.63433],[141.53167,38.63434]]],[[[141.53163,38.63794],[141.53168,38.63791],[141.53163,38.63791],[141.53163,38.63794]]],[[[141.5384,38.69264],[141.53828,38.69256],[141.53818,38.69257],[141.5384,38.69264]]],[[[141.53831,38.69274],[141.53826,38.69266],[141.53824,38.69268],[141.53831,38.69274]]],[[[141.53819,38.69357],[141.5382,38.69361],[141.53821,38.69358],[141.53819,38.69357]]],[[[141.53819,38.69364],[141.53816,38.69369],[141.53823,38.69369],[141.53819,38.69364]]],[[[141.53851,38.6943],[141.53923,38.69396],[141.53855,38.69347],[141.53825,38.69378],[141.53864,38.69406],[141.53851,38.6943]]],[[[141.53818,38.69392],[141.5382,38.6939],[141.53818,38.6939],[141.53818,38.69392]]],[[[141.53822,38.69393],[141.53824,38.69395],[141.53826,38.69391],[141.53822,38.69393]]],[[[141.53818,38.69394],[141.5382,38.69402],[141.53824,38.69397],[141.53818,38.69394]]],[[[141.53836,38.69445],[141.53843,38.69434],[141.53859,38.69405],[141.53834,38.69393],[141.53836,38.69445]]],[[[141.53817,38.69422],[141.53822,38.69424],[141.53823,38.69422],[141.53817,38.69422]]],[[[141.5383,38.69433],[141.53834,38.69432],[141.5383,38.69432],[141.5383,38.69433]]],[[[141.5387,38.6944],[141.53876,38.69445],[141.53877,38.69442],[141.5387,38.6944]]],[[[141.53831,38.69459],[141.53816,38.69439],[141.53811,38.69439],[141.53831,38.69459]]],[[[141.53809,38.69452],[141.53812,38.69448],[141.53811,38.69448],[141.53809,38.69452]]],[[[141.53595,38.69467],[141.53598,38.69477],[141.53603,38.69476],[141.53595,38.69467]]],[[[141.53625,38.69486],[141.53639,38.69462],[141.53621,38.69462],[141.53625,38.69486]]],[[[141.53601,38.69484],[141.53596,38.6948],[141.53596,38.69483],[141.53601,38.69484]]],[[[141.53587,38.69491],[141.53593,38.69491],[141.53591,38.69488],[141.53587,38.69491]]],[[[141.53615,38.69502],[141.53613,38.69482],[141.53608,38.69485],[141.53615,38.69502]]],[[[141.53807,38.69499],[141.53809,38.695],[141.5381,38.69497],[141.53807,38.69499]]],[[[141.53609,38.69501],[141.536,38.69502],[141.53608,38.69505],[141.53609,38.69501]]],[[[141.53646,38.69514],[141.53649,38.69514],[141.53648,38.69511],[141.53646,38.69514]]],[[[141.53768,38.69519],[141.5375,38.6952],[141.53753,38.69529],[141.53768,38.69519]]],[[[141.53636,38.69523],[141.53638,38.69521],[141.53635,38.6952],[141.53636,38.69523]]],[[[141.53773,38.6952],[141.53778,38.6952],[141.53778,38.69519],[141.53773,38.6952]]],[[[141.53568,38.69528],[141.53572,38.6953],[141.53572,38.69529],[141.53568,38.69528]]],[[[141.53592,38.69533],[141.53595,38.69533],[141.53593,38.69531],[141.53592,38.69533]]],[[[141.53858,38.69546],[141.53848,38.69524],[141.53829,38.6953],[141.53858,38.69546]]],[[[141.53808,38.6955],[141.5379,38.69519],[141.53763,38.69549],[141.53808,38.6955]]],[[[141.53614,38.69552],[141.53619,38.69551],[141.53614,38.6955],[141.53614,38.69552]]],[[[141.53575,38.70528],[141.53577,38.70525],[141.53576,38.70525],[141.53575,38.70528]]],[[[141.53646,38.70536],[141.53669,38.70519],[141.53661,38.70509],[141.53646,38.70536]]],[[[141.53687,38.70534],[141.53693,38.7052],[141.53682,38.70535],[141.53687,38.70534]]],[[[141.53672,38.70542],[141.5368,38.70541],[141.53679,38.70536],[141.53672,38.70542]]],[[[141.53651,38.70546],[141.53655,38.70544],[141.53651,38.70544],[141.53651,38.70546]]],[[[141.53587,38.70576],[141.53582,38.70523],[141.53576,38.70582],[141.53587,38.70576]]],[[[141.53535,38.70576],[141.53561,38.7052],[141.53553,38.70518],[141.53535,38.70576]]],[[[141.53695,38.70556],[141.5369,38.70563],[141.53699,38.70555],[141.53695,38.70556]]],[[[141.53701,38.70566],[141.53702,38.7057],[141.53704,38.70568],[141.53701,38.70566]]],[[[141.53682,38.70571],[141.53683,38.70576],[141.53685,38.70573],[141.53682,38.70571]]],[[[141.53734,38.70576],[141.53737,38.70577],[141.53738,38.70574],[141.53734,38.70576]]],[[[141.53697,38.70576],[141.537,38.70583],[141.537,38.70575],[141.53697,38.70576]]],[[[141.5371,38.70582],[141.53714,38.7058],[141.5371,38.7058],[141.5371,38.70582]]],[[[141.53689,38.70583],[141.5369,38.70589],[141.53691,38.70589],[141.53689,38.70583]]],[[[141.53702,38.70589],[141.53705,38.70594],[141.53709,38.70592],[141.53702,38.70589]]],[[[141.53732,38.70601],[141.53731,38.70594],[141.53727,38.706],[141.53732,38.70601]]],[[[141.53698,38.70616],[141.53699,38.7062],[141.537,38.70616],[141.53698,38.70616]]],[[[141.5374,38.70624],[141.53741,38.70628],[141.53743,38.70624],[141.5374,38.70624]]],[[[141.53708,38.70652],[141.53736,38.70624],[141.53701,38.70633],[141.53708,38.70652]]],[[[141.53715,38.70663],[141.53715,38.7066],[141.53714,38.70663],[141.53715,38.70663]]],[[[141.53569,38.70668],[141.53577,38.70665],[141.53571,38.7066],[141.53569,38.70668]]],[[[141.53531,38.70671],[141.53531,38.70668],[141.53528,38.70667],[141.53531,38.70671]]],[[[141.53554,38.70675],[141.53559,38.70675],[141.53557,38.70673],[141.53554,38.70675]]],[[[141.53566,38.70676],[141.53569,38.70674],[141.53565,38.70674],[141.53566,38.70676]]],[[[141.53716,38.70678],[141.53719,38.7068],[141.5372,38.70679],[141.53716,38.70678]]],[[[141.53566,38.70681],[141.53564,38.70678],[141.53563,38.70679],[141.53566,38.70681]]],[[[141.53567,38.70686],[141.53566,38.70683],[141.53565,38.70684],[141.53567,38.70686]]],[[[141.53401,38.70682],[141.53397,38.70694],[141.53409,38.7069],[141.53401,38.70682]]],[[[141.53772,38.70701],[141.53773,38.70684],[141.53764,38.70688],[141.53772,38.70701]]],[[[141.53561,38.7071],[141.53555,38.70706],[141.53553,38.70709],[141.53561,38.7071]]],[[[141.53775,38.70716],[141.53786,38.70699],[141.53771,38.70704],[141.53775,38.70716]]],[[[141.53525,38.70727],[141.5353,38.70726],[141.53524,38.70724],[141.53525,38.70727]]],[[[141.53534,38.70728],[141.53539,38.70733],[141.53539,38.7073],[141.53534,38.70728]]],[[[141.53755,38.70759],[141.53753,38.70756],[141.53753,38.70758],[141.53755,38.70759]]],[[[141.53759,38.70766],[141.53764,38.70768],[141.53762,38.70764],[141.53759,38.70766]]],[[[141.5376,38.70795],[141.53762,38.70793],[141.53759,38.70793],[141.5376,38.70795]]],[[[141.53765,38.70793],[141.53765,38.70798],[141.53767,38.70793],[141.53765,38.70793]]],[[[141.53776,38.70816],[141.53776,38.70819],[141.53779,38.70816],[141.53776,38.70816]]],[[[141.53577,38.7082],[141.53577,38.70817],[141.53575,38.70818],[141.53577,38.7082]]],[[[141.53597,38.70819],[141.53596,38.70826],[141.536,38.70823],[141.53597,38.70819]]],[[[141.53795,38.70827],[141.53795,38.70824],[141.53793,38.70826],[141.53795,38.70827]]],[[[141.53569,38.70833],[141.53568,38.70838],[141.53574,38.70832],[141.53569,38.70833]]],[[[141.53271,38.7087],[141.53277,38.70859],[141.53273,38.70858],[141.53271,38.7087]]],[[[141.53782,38.70884],[141.53785,38.70883],[141.53782,38.70881],[141.53782,38.70884]]],[[[141.53785,38.70888],[141.53784,38.70885],[141.53783,38.70886],[141.53785,38.70888]]],[[[141.53449,38.70893],[141.5346,38.70881],[141.53444,38.70886],[141.53449,38.70893]]],[[[141.53375,38.70891],[141.53375,38.70886],[141.53371,38.7089],[141.53375,38.70891]]],[[[141.53782,38.7089],[141.53783,38.70887],[141.53781,38.70888],[141.53782,38.7089]]],[[[141.53868,38.70908],[141.53869,38.70904],[141.53867,38.70904],[141.53868,38.70908]]],[[[141.53398,38.71154],[141.53386,38.71163],[141.53394,38.71166],[141.53398,38.71154]]],[[[141.53406,38.71162],[141.534,38.71159],[141.53401,38.71163],[141.53406,38.71162]]],[[[141.53463,38.71174],[141.53455,38.71176],[141.53464,38.71176],[141.53463,38.71174]]],[[[141.53464,38.71179],[141.53451,38.7118],[141.53465,38.71188],[141.53464,38.71179]]],[[[141.53452,38.71226],[141.53451,38.71235],[141.53456,38.71228],[141.53452,38.71226]]],[[[141.5346,38.71229],[141.53461,38.71234],[141.53465,38.71231],[141.5346,38.71229]]],[[[141.53463,38.71261],[141.53457,38.71267],[141.53464,38.71263],[141.53463,38.71261]]],[[[141.53209,38.71511],[141.53211,38.71518],[141.53215,38.71514],[141.53209,38.71511]]],[[[141.53781,38.74338],[141.53785,38.7434],[141.53788,38.74338],[141.53781,38.74338]]],[[[141.53811,38.74346],[141.53806,38.74339],[141.53805,38.74343],[141.53811,38.74346]]],[[[141.53855,38.74766],[141.53864,38.74771],[141.53855,38.74763],[141.53855,38.74766]]],[[[141.53845,38.74813],[141.53854,38.74797],[141.53837,38.74792],[141.53845,38.74813]]],[[[141.53823,38.7482],[141.53825,38.74817],[141.53822,38.74813],[141.53823,38.7482]]],[[[141.53549,38.74823],[141.53553,38.74838],[141.53551,38.74823],[141.53549,38.74823]]],[[[141.5323,38.74831],[141.53238,38.74835],[141.53232,38.74828],[141.5323,38.74831]]],[[[141.53185,38.7483],[141.53198,38.74842],[141.53185,38.74829],[141.53185,38.7483]]],[[[141.53533,38.74833],[141.53539,38.74839],[141.53534,38.74831],[141.53533,38.74833]]],[[[141.53242,38.74852],[141.53249,38.74851],[141.53242,38.7485],[141.53242,38.74852]]],[[[141.53407,38.74862],[141.534,38.74849],[141.53399,38.74863],[141.53407,38.74862]]],[[[141.53825,38.74853],[141.53829,38.74862],[141.53829,38.74851],[141.53825,38.74853]]],[[[141.5356,38.74854],[141.53553,38.74863],[141.53568,38.74856],[141.5356,38.74854]]],[[[141.53771,38.74858],[141.53779,38.74869],[141.53782,38.74869],[141.53771,38.74858]]],[[[141.5325,38.74862],[141.53259,38.74868],[141.53254,38.7486],[141.5325,38.74862]]],[[[141.53875,38.74869],[141.5387,38.74876],[141.53878,38.74877],[141.53875,38.74869]]],[[[141.53561,38.74878],[141.53567,38.74877],[141.53564,38.74872],[141.53561,38.74878]]],[[[141.53254,38.74882],[141.53234,38.7488],[141.53249,38.74892],[141.53254,38.74882]]],[[[141.53844,38.74871],[141.53852,38.74888],[141.53854,38.74887],[141.53844,38.74871]]],[[[141.53251,38.74896],[141.53245,38.74907],[141.53257,38.74895],[141.53251,38.74896]]],[[[141.53727,38.74902],[141.53732,38.749],[141.53726,38.74901],[141.53727,38.74902]]],[[[141.53692,38.74904],[141.53699,38.74906],[141.53694,38.749],[141.53692,38.74904]]],[[[141.53703,38.74907],[141.53707,38.74905],[141.53703,38.74905],[141.53703,38.74907]]],[[[141.53843,38.74916],[141.53852,38.74916],[141.53852,38.74914],[141.53843,38.74916]]],[[[141.53347,38.74939],[141.53333,38.74916],[141.53291,38.74904],[141.53347,38.74939]]],[[[141.53346,38.7492],[141.53357,38.74928],[141.53345,38.74914],[141.53346,38.7492]]],[[[141.53622,38.74924],[141.53611,38.74923],[141.53617,38.7493],[141.53622,38.74924]]],[[[141.53778,38.74936],[141.53778,38.74925],[141.53773,38.74931],[141.53778,38.74936]]],[[[141.53816,38.74927],[141.53811,38.74941],[141.53816,38.74942],[141.53816,38.74927]]],[[[141.53796,38.74944],[141.5379,38.7494],[141.53785,38.74945],[141.53796,38.74944]]],[[[141.53356,38.74945],[141.53349,38.7495],[141.53358,38.74948],[141.53356,38.74945]]],[[[141.53329,38.7498],[141.53306,38.74932],[141.53282,38.74917],[141.53329,38.7498]]],[[[141.53601,38.74944],[141.53602,38.74957],[141.53611,38.74951],[141.53601,38.74944]]],[[[141.53591,38.74958],[141.53596,38.74956],[141.53591,38.74956],[141.53591,38.74958]]],[[[141.53344,38.74977],[141.53333,38.74954],[141.53326,38.74954],[141.53344,38.74977]]],[[[141.53327,38.74993],[141.53331,38.74996],[141.5333,38.74994],[141.53327,38.74993]]],[[[141.53323,38.75004],[141.5333,38.75002],[141.53321,38.75001],[141.53323,38.75004]]],[[[141.53554,38.75004],[141.53559,38.75003],[141.53555,38.75],[141.53554,38.75004]]],[[[141.53325,38.7501],[141.53328,38.75008],[141.53324,38.75007],[141.53325,38.7501]]],[[[141.53618,38.75018],[141.53617,38.75027],[141.5362,38.75028],[141.53618,38.75018]]],[[[141.53612,38.75025],[141.53612,38.75029],[141.53615,38.75029],[141.53612,38.75025]]],[[[141.53349,38.75043],[141.53349,38.7502],[141.53341,38.75037],[141.53349,38.75043]]],[[[141.53377,38.75373],[141.53373,38.75382],[141.53376,38.75382],[141.53377,38.75373]]],[[[141.53381,38.75375],[141.5338,38.75386],[141.53388,38.75379],[141.53381,38.75375]]],[[[141.53285,38.75399],[141.53277,38.75367],[141.53263,38.75373],[141.53285,38.75399]]],[[[141.53395,38.7539],[141.53382,38.75386],[141.5338,38.75393],[141.53395,38.7539]]],[[[141.53357,38.75388],[141.53352,38.75397],[141.53357,38.75398],[141.53357,38.75388]]],[[[141.53303,38.75411],[141.53304,38.75388],[141.53292,38.75369],[141.53303,38.75411]]],[[[141.53228,38.75739],[141.53233,38.75738],[141.53228,38.75736],[141.53228,38.75739]]],[[[141.53235,38.75766],[141.53223,38.75756],[141.53222,38.75764],[141.53235,38.75766]]],[[[141.53207,38.75762],[141.53214,38.7576],[141.53209,38.75758],[141.53207,38.75762]]],[[[141.53207,38.75769],[141.53211,38.75771],[141.53211,38.75769],[141.53207,38.75769]]],[[[141.53228,38.75766],[141.53221,38.75784],[141.53226,38.75786],[141.53228,38.75766]]],[[[141.53218,38.75789],[141.53225,38.75789],[141.53223,38.75787],[141.53218,38.75789]]],[[[141.53207,38.758],[141.53199,38.75784],[141.53194,38.75805],[141.53207,38.758]]],[[[141.53321,38.75916],[141.53321,38.75911],[141.53318,38.75915],[141.53321,38.75916]]],[[[141.53319,38.75928],[141.53321,38.75921],[141.53316,38.75928],[141.53319,38.75928]]],[[[141.53351,38.75957],[141.53328,38.75926],[141.5332,38.75943],[141.53351,38.75957]]],[[[141.53296,38.75967],[141.53267,38.75916],[141.53241,38.75952],[141.53296,38.75967]]],[[[141.53455,38.79406],[141.53457,38.79415],[141.5346,38.79411],[141.53455,38.79406]]],[[[141.53454,38.79419],[141.53449,38.79416],[141.5345,38.79421],[141.53454,38.79419]]],[[[141.53458,38.79417],[141.53461,38.79421],[141.53461,38.79416],[141.53458,38.79417]]],[[[141.53467,38.7942],[141.53473,38.7942],[141.53474,38.79417],[141.53467,38.7942]]],[[[141.53455,38.79426],[141.53455,38.79435],[141.53462,38.79428],[141.53455,38.79426]]],[[[141.53432,38.79435],[141.53436,38.79431],[141.53433,38.79431],[141.53432,38.79435]]],[[[141.5345,38.79437],[141.5344,38.79427],[141.53442,38.79444],[141.5345,38.79437]]],[[[141.53273,38.79439],[141.53262,38.79436],[141.53243,38.79439],[141.53273,38.79439]]],[[[141.53465,38.79444],[141.53464,38.79432],[141.53463,38.79433],[141.53465,38.79444]]],[[[141.53455,38.79442],[141.53457,38.79438],[141.53456,38.79438],[141.53455,38.79442]]],[[[141.53475,38.79446],[141.5348,38.79447],[141.53477,38.79444],[141.53475,38.79446]]],[[[141.53464,38.79451],[141.53468,38.79446],[141.53465,38.79446],[141.53464,38.79451]]],[[[141.5357,38.79498],[141.53565,38.795],[141.53572,38.795],[141.5357,38.79498]]],[[[141.53497,38.79522],[141.53492,38.79517],[141.53491,38.79518],[141.53497,38.79522]]],[[[141.53481,38.79519],[141.53485,38.79523],[141.53487,38.79521],[141.53481,38.79519]]],[[[141.53744,38.79522],[141.5375,38.79524],[141.53744,38.7952],[141.53744,38.79522]]],[[[141.53745,38.79525],[141.53749,38.79526],[141.53744,38.79524],[141.53745,38.79525]]],[[[141.53744,38.79526],[141.53745,38.79528],[141.53747,38.79527],[141.53744,38.79526]]],[[[141.53748,38.79532],[141.53751,38.79532],[141.53748,38.7953],[141.53748,38.79532]]],[[[141.53774,38.79537],[141.5377,38.79531],[141.53762,38.7953],[141.53774,38.79537]]],[[[141.53756,38.79546],[141.53758,38.79545],[141.53754,38.79543],[141.53756,38.79546]]],[[[141.53762,38.79552],[141.53758,38.79552],[141.53762,38.79554],[141.53762,38.79552]]],[[[141.53702,38.79565],[141.53701,38.79561],[141.53698,38.79563],[141.53702,38.79565]]],[[[141.53797,38.79578],[141.53789,38.79588],[141.53803,38.79595],[141.53797,38.79578]]],[[[141.53857,38.79631],[141.53861,38.79632],[141.53856,38.79629],[141.53857,38.79631]]],[[[141.53869,38.79647],[141.53871,38.79647],[141.53869,38.79645],[141.53869,38.79647]]],[[[141.53873,38.79658],[141.53873,38.79656],[141.53872,38.79656],[141.53873,38.79658]]],[[[141.53909,38.69283],[141.53903,38.69276],[141.53901,38.69281],[141.53909,38.69283]]],[[[141.53893,38.69282],[141.53899,38.69282],[141.53897,38.69277],[141.53893,38.69282]]],[[[141.53894,38.69284],[141.53896,38.69289],[141.53896,38.69284],[141.53894,38.69284]]],[[[141.53911,38.69307],[141.53913,38.69306],[141.53912,38.69305],[141.53911,38.69307]]],[[[141.53922,38.6932],[141.53924,38.69318],[141.53921,38.69319],[141.53922,38.6932]]],[[[141.53977,38.69325],[141.53977,38.6932],[141.53975,38.6932],[141.53977,38.69325]]],[[[141.53921,38.69322],[141.53922,38.69328],[141.53924,38.69326],[141.53921,38.69322]]],[[[141.53928,38.69333],[141.53931,38.69332],[141.53929,38.6933],[141.53928,38.69333]]],[[[141.53912,38.69333],[141.53918,38.69332],[141.53912,38.69331],[141.53912,38.69333]]],[[[141.53922,38.69336],[141.53926,38.69341],[141.53927,38.69339],[141.53922,38.69336]]],[[[141.53926,38.69379],[141.53925,38.69393],[141.53932,38.69388],[141.53926,38.69379]]],[[[141.53943,38.69395],[141.53946,38.69401],[141.53944,38.69394],[141.53943,38.69395]]],[[[141.53943,38.69405],[141.53945,38.69403],[141.53943,38.69402],[141.53943,38.69405]]],[[[141.53909,38.69425],[141.539,38.69424],[141.539,38.69425],[141.53909,38.69425]]],[[[141.53882,38.69425],[141.53888,38.69429],[141.5389,38.69428],[141.53882,38.69425]]],[[[141.539,38.69428],[141.53903,38.69427],[141.53899,38.69427],[141.539,38.69428]]],[[[141.55401,38.69526],[141.55409,38.69538],[141.55411,38.69538],[141.55409,38.69529],[141.55401,38.69526]]],[[[141.55403,38.6954],[141.5541,38.69541],[141.55403,38.69536],[141.55403,38.6954]]],[[[141.55186,38.70168],[141.55186,38.7016],[141.55183,38.7016],[141.55186,38.70168]]],[[[141.55234,38.70187],[141.55237,38.70183],[141.55233,38.70181],[141.55234,38.70187]]],[[[141.55217,38.70191],[141.55222,38.70191],[141.55221,38.70186],[141.55217,38.70191]]],[[[141.55234,38.70199],[141.55241,38.70198],[141.55236,38.70193],[141.55234,38.70199]]],[[[141.55222,38.70204],[141.55222,38.702],[141.5522,38.702],[141.55222,38.70204]]],[[[141.55241,38.70226],[141.55237,38.70209],[141.55227,38.7022],[141.55241,38.70226]]],[[[141.55245,38.70224],[141.55249,38.70219],[141.55245,38.70219],[141.55245,38.70224]]],[[[141.55217,38.70237],[141.55215,38.70243],[141.55219,38.70242],[141.55217,38.70237]]],[[[141.55303,38.70244],[141.55299,38.70242],[141.55298,38.70245],[141.55303,38.70244]]],[[[141.55217,38.70249],[141.55203,38.70238],[141.55215,38.70254],[141.55217,38.70249]]],[[[141.55318,38.70265],[141.55317,38.70262],[141.55314,38.70263],[141.55318,38.70265]]],[[[141.55328,38.70268],[141.55329,38.70264],[141.55324,38.70266],[141.55328,38.70268]]],[[[141.55236,38.70277],[141.55239,38.70273],[141.55237,38.70272],[141.55236,38.70277]]],[[[141.54118,38.70728],[141.54122,38.70727],[141.54119,38.70726],[141.54118,38.70728]]],[[[141.54123,38.70752],[141.54125,38.70746],[141.54121,38.7075],[141.54123,38.70752]]],[[[141.54111,38.7079],[141.54093,38.70756],[141.54085,38.7078],[141.54111,38.7079]]],[[[141.54134,38.70804],[141.54129,38.70799],[141.5413,38.70804],[141.54134,38.70804]]],[[[141.54141,38.70813],[141.54144,38.7081],[141.5414,38.7081],[141.54141,38.70813]]],[[[141.54137,38.70808],[141.54127,38.70813],[141.54139,38.70817],[141.54137,38.70808]]],[[[141.54165,38.70812],[141.5417,38.7082],[141.54168,38.70812],[141.54165,38.70812]]],[[[141.54149,38.70823],[141.54146,38.70832],[141.54151,38.70831],[141.54149,38.70823]]],[[[141.54435,38.70855],[141.54427,38.70867],[141.54437,38.70873],[141.54435,38.70855]]],[[[141.54414,38.70876],[141.54413,38.70873],[141.54412,38.70873],[141.54414,38.70876]]],[[[141.53984,38.70888],[141.53978,38.70901],[141.53981,38.70903],[141.53984,38.70888]]],[[[141.53974,38.70905],[141.53974,38.70902],[141.53971,38.70899],[141.53974,38.70905]]],[[[141.54347,38.70939],[141.54355,38.70945],[141.54348,38.70937],[141.54347,38.70939]]],[[[141.54876,38.73404],[141.5488,38.73411],[141.54876,38.73403],[141.54876,38.73404]]],[[[141.54884,38.7341],[141.54887,38.73411],[141.54887,38.73409],[141.54884,38.7341]]],[[[141.549,38.7345],[141.54906,38.73451],[141.54906,38.7345],[141.549,38.7345]]],[[[141.55076,38.73556],[141.5508,38.73563],[141.55078,38.73556],[141.55076,38.73556]]],[[[141.55131,38.73703],[141.55136,38.73705],[141.55135,38.73701],[141.55131,38.73703]]],[[[141.5517,38.73797],[141.55175,38.73792],[141.5517,38.73792],[141.5517,38.73797]]],[[[141.55361,38.73813],[141.55368,38.73803],[141.55362,38.73802],[141.55361,38.73813]]],[[[141.55207,38.73809],[141.55211,38.73813],[141.55212,38.73806],[141.55207,38.73809]]],[[[141.55193,38.73823],[141.55196,38.73821],[141.55193,38.73818],[141.55193,38.73823]]],[[[141.55222,38.73827],[141.5521,38.73823],[141.55212,38.73832],[141.55222,38.73827]]],[[[141.55373,38.73825],[141.55377,38.73829],[141.55375,38.73825],[141.55373,38.73825]]],[[[141.55279,38.73857],[141.55262,38.73842],[141.55273,38.7386],[141.55279,38.73857]]],[[[141.55353,38.73865],[141.55352,38.73875],[141.55354,38.73875],[141.55353,38.73865]]],[[[141.55341,38.73868],[141.55339,38.73877],[141.55346,38.73874],[141.55341,38.73868]]],[[[141.55309,38.73878],[141.55313,38.73886],[141.55313,38.73878],[141.55309,38.73878]]],[[[141.55359,38.73915],[141.55365,38.73917],[141.55362,38.73912],[141.55359,38.73915]]],[[[141.54211,38.7393],[141.54217,38.73934],[141.54217,38.7393],[141.54211,38.7393]]],[[[141.54385,38.73961],[141.54388,38.73958],[141.54384,38.73958],[141.54385,38.73961]]],[[[141.54386,38.73966],[141.54389,38.73964],[141.54386,38.73964],[141.54386,38.73966]]],[[[141.54361,38.73997],[141.54367,38.73995],[141.5436,38.73992],[141.54361,38.73997]]],[[[141.54284,38.73994],[141.54293,38.74002],[141.54287,38.7399],[141.54284,38.73994]]],[[[141.54308,38.73996],[141.54312,38.73997],[141.54311,38.73995],[141.54308,38.73996]]],[[[141.54381,38.74],[141.54372,38.73995],[141.54377,38.74005],[141.54381,38.74]]],[[[141.54369,38.7401],[141.54375,38.74014],[141.54376,38.74008],[141.54369,38.7401]]],[[[141.54723,38.74015],[141.54724,38.7401],[141.54721,38.74009],[141.54723,38.74015]]],[[[141.54746,38.74013],[141.54749,38.74015],[141.54748,38.74011],[141.54746,38.74013]]],[[[141.54644,38.74013],[141.54647,38.7402],[141.54646,38.74008],[141.54644,38.74013]]],[[[141.54286,38.74014],[141.54295,38.74025],[141.54287,38.74011],[141.54286,38.74014]]],[[[141.54712,38.74023],[141.54713,38.74019],[141.5471,38.74019],[141.54712,38.74023]]],[[[141.54339,38.74017],[141.54349,38.74028],[141.54339,38.74015],[141.54339,38.74017]]],[[[141.53991,38.74025],[141.53997,38.74022],[141.53991,38.7402],[141.53991,38.74025]]],[[[141.54659,38.74026],[141.54667,38.7403],[141.54658,38.74022],[141.54659,38.74026]]],[[[141.54781,38.74022],[141.54777,38.74039],[141.54785,38.74033],[141.54781,38.74022]]],[[[141.54295,38.74032],[141.54303,38.74034],[141.54291,38.74027],[141.54295,38.74032]]],[[[141.5435,38.74035],[141.54345,38.74036],[141.54351,38.74038],[141.5435,38.74035]]],[[[141.54294,38.74038],[141.543,38.74038],[141.54295,38.74036],[141.54294,38.74038]]],[[[141.53981,38.74035],[141.53985,38.74048],[141.53982,38.74034],[141.53981,38.74035]]],[[[141.54818,38.74036],[141.5482,38.74054],[141.54823,38.74053],[141.54818,38.74036]]],[[[141.53969,38.74046],[141.53979,38.74053],[141.53969,38.74044],[141.53969,38.74046]]],[[[141.54298,38.74051],[141.54301,38.74051],[141.54299,38.74049],[141.54298,38.74051]]],[[[141.53996,38.74056],[141.53996,38.7405],[141.53994,38.7405],[141.53996,38.74056]]],[[[141.54506,38.74059],[141.54512,38.74063],[141.54507,38.74055],[141.54506,38.74059]]],[[[141.53955,38.74063],[141.53955,38.74061],[141.53954,38.74061],[141.53955,38.74063]]],[[[141.54844,38.74062],[141.54851,38.74066],[141.54847,38.74059],[141.54844,38.74062]]],[[[141.54031,38.74061],[141.54027,38.74075],[141.54037,38.74075],[141.54031,38.74061]]],[[[141.54851,38.7408],[141.54842,38.74074],[141.54845,38.74083],[141.54851,38.7408]]],[[[141.54545,38.7409],[141.54562,38.74076],[141.54554,38.74063],[141.54545,38.7409]]],[[[141.54854,38.74088],[141.54868,38.74085],[141.54861,38.74077],[141.54854,38.74088]]],[[[141.53982,38.74091],[141.53984,38.74086],[141.5398,38.74086],[141.53982,38.74091]]],[[[141.54749,38.74094],[141.54753,38.74094],[141.54753,38.74093],[141.54749,38.74094]]],[[[141.54549,38.74099],[141.54543,38.74098],[141.54548,38.741],[141.54549,38.74099]]],[[[141.5395,38.741],[141.53955,38.74097],[141.53947,38.74096],[141.5395,38.741]]],[[[141.54576,38.74095],[141.54567,38.74111],[141.54581,38.74097],[141.54576,38.74095]]],[[[141.54853,38.74108],[141.54856,38.74106],[141.54853,38.74105],[141.54853,38.74108]]],[[[141.53964,38.74112],[141.53958,38.74111],[141.53964,38.74115],[141.53964,38.74112]]],[[[141.54763,38.74122],[141.54768,38.74125],[141.54762,38.74118],[141.54763,38.74122]]],[[[141.54559,38.74122],[141.54562,38.74122],[141.5456,38.74119],[141.54559,38.74122]]],[[[141.54871,38.74126],[141.54861,38.74116],[141.54865,38.74139],[141.54871,38.74126]]],[[[141.54883,38.74124],[141.54878,38.74131],[141.54886,38.74127],[141.54883,38.74124]]],[[[141.54899,38.74149],[141.54893,38.74131],[141.54887,38.74139],[141.54899,38.74149]]],[[[141.54766,38.74188],[141.54831,38.74076],[141.54781,38.7405],[141.54754,38.7409],[141.54789,38.74137],[141.54766,38.74188]]],[[[141.54866,38.74142],[141.54873,38.74145],[141.54871,38.74137],[141.54866,38.74142]]],[[[141.54772,38.7415],[141.54775,38.74149],[141.54772,38.74147],[141.54772,38.7415]]],[[[141.54897,38.74197],[141.54897,38.74149],[141.54875,38.74144],[141.54897,38.74197]]],[[[141.54761,38.74172],[141.54764,38.7417],[141.54761,38.74171],[141.54761,38.74172]]],[[[141.54905,38.74197],[141.5492,38.74175],[141.54907,38.74166],[141.54905,38.74197]]],[[[141.53939,38.74211],[141.5394,38.74179],[141.53912,38.74205],[141.53939,38.74211]]],[[[141.53956,38.74202],[141.5396,38.74203],[141.53961,38.74201],[141.53956,38.74202]]],[[[141.53891,38.74203],[141.53887,38.74208],[141.53892,38.74207],[141.53891,38.74203]]],[[[141.53954,38.74205],[141.53959,38.74207],[141.53959,38.74206],[141.53954,38.74205]]],[[[141.54906,38.74203],[141.54911,38.74206],[141.54907,38.74201],[141.54906,38.74203]]],[[[141.54738,38.74202],[141.5474,38.74214],[141.54741,38.74201],[141.54738,38.74202]]],[[[141.53945,38.74213],[141.53948,38.7421],[141.53945,38.7421],[141.53945,38.74213]]],[[[141.53915,38.74215],[141.53917,38.74212],[141.53914,38.74211],[141.53915,38.74215]]],[[[141.5477,38.74236],[141.54773,38.74245],[141.54775,38.7424],[141.5477,38.74236]]],[[[141.53945,38.74337],[141.53948,38.74341],[141.53951,38.74335],[141.53945,38.74337]]],[[[141.54085,38.745],[141.5409,38.74499],[141.5409,38.74496],[141.54085,38.745]]],[[[141.5409,38.74504],[141.54095,38.74502],[141.54094,38.74499],[141.5409,38.74504]]],[[[141.53985,38.74743],[141.53982,38.74731],[141.53981,38.74741],[141.53985,38.74743]]],[[[141.53888,38.74854],[141.53894,38.74863],[141.5389,38.74853],[141.53888,38.74854]]],[[[141.54325,38.79582],[141.54324,38.7959],[141.54329,38.79587],[141.54325,38.79582]]],[[[141.54325,38.79624],[141.54313,38.7962],[141.54314,38.79627],[141.54325,38.79624]]],[[[141.54317,38.79658],[141.54337,38.79632],[141.54315,38.7963],[141.54317,38.79658]]],[[[141.53875,38.79651],[141.53877,38.79652],[141.53875,38.79651],[141.53875,38.79651]]],[[[141.53876,38.79661],[141.5388,38.79666],[141.53876,38.79659],[141.53876,38.79661]]],[[[141.54312,38.79666],[141.54316,38.79672],[141.54313,38.79666],[141.54312,38.79666]]],[[[141.54318,38.79674],[141.5432,38.79674],[141.5432,38.79672],[141.54318,38.79674]]],[[[141.54315,38.79677],[141.54317,38.79676],[141.54315,38.79675],[141.54315,38.79677]]],[[[141.54328,38.79684],[141.5433,38.79683],[141.54329,38.79682],[141.54328,38.79684]]],[[[141.54345,38.79683],[141.54335,38.79682],[141.54336,38.79688],[141.54345,38.79683]]],[[[141.54186,38.797],[141.54191,38.79701],[141.54187,38.79698],[141.54186,38.797]]],[[[141.54091,38.79705],[141.54091,38.79702],[141.54089,38.79703],[141.54091,38.79705]]],[[[141.54102,38.7971],[141.54101,38.79721],[141.54103,38.79721],[141.54102,38.7971]]],[[[141.54088,38.79734],[141.54085,38.79735],[141.5409,38.79738],[141.54088,38.79734]]],[[[141.54416,38.79767],[141.54424,38.79744],[141.54417,38.79743],[141.54416,38.79767]]],[[[141.54022,38.7976],[141.54029,38.79763],[141.54022,38.79759],[141.54022,38.7976]]],[[[141.54399,38.79769],[141.54397,38.79768],[141.54396,38.79769],[141.54399,38.79769]]],[[[141.5403,38.79769],[141.54029,38.79771],[141.54031,38.7977],[141.5403,38.79769]]],[[[141.54026,38.79773],[141.54024,38.79773],[141.54025,38.79775],[141.54026,38.79773]]],[[[141.54396,38.79774],[141.544,38.79773],[141.544,38.79772],[141.54396,38.79774]]],[[[141.54024,38.79779],[141.54028,38.79779],[141.54024,38.79777],[141.54024,38.79779]]],[[[141.5441,38.79809],[141.54408,38.79815],[141.54413,38.79811],[141.5441,38.79809]]],[[[141.54974,38.79811],[141.54981,38.79815],[141.54982,38.79812],[141.54974,38.79811]]],[[[141.54439,38.7982],[141.54446,38.79807],[141.54432,38.79814],[141.54439,38.7982]]],[[[141.54545,38.79814],[141.54536,38.79813],[141.54537,38.79817],[141.54545,38.79814]]],[[[141.54908,38.79813],[141.54914,38.79819],[141.54914,38.79813],[141.54908,38.79813]]],[[[141.55382,38.79852],[141.55373,38.79848],[141.55371,38.79851],[141.55382,38.79852]]],[[[141.54447,38.79858],[141.54452,38.79871],[141.54459,38.79867],[141.54447,38.79858]]],[[[141.54482,38.79877],[141.54491,38.79861],[141.54476,38.7986],[141.54482,38.79877]]],[[[141.54522,38.79881],[141.54521,38.7989],[141.54527,38.79889],[141.54522,38.79881]]],[[[141.54511,38.79889],[141.54512,38.79892],[141.54513,38.79889],[141.54511,38.79889]]],[[[141.55262,38.79893],[141.55264,38.79888],[141.5526,38.79888],[141.55262,38.79893]]],[[[141.54919,38.79899],[141.54918,38.79895],[141.54909,38.7989],[141.54919,38.79899]]],[[[141.54821,38.79904],[141.54819,38.79894],[141.54818,38.79903],[141.54821,38.79904]]],[[[141.55238,38.799],[141.55237,38.79905],[141.5524,38.79904],[141.55238,38.799]]],[[[141.55129,38.7991],[141.55122,38.79906],[141.55121,38.7991],[141.55129,38.7991]]],[[[141.55181,38.79907],[141.55186,38.79911],[141.55186,38.79907],[141.55181,38.79907]]],[[[141.54806,38.79906],[141.54808,38.79912],[141.54811,38.79911],[141.54806,38.79906]]],[[[141.54548,38.79932],[141.54531,38.79889],[141.54522,38.79892],[141.54548,38.79932]]],[[[141.54558,38.79924],[141.54594,38.79913],[141.54556,38.79918],[141.54558,38.79924]]],[[[141.55241,38.79919],[141.55243,38.79915],[141.55242,38.79915],[141.55241,38.79919]]],[[[141.55227,38.79922],[141.55238,38.79928],[141.55226,38.79918],[141.55227,38.79922]]],[[[141.54549,38.79935],[141.5455,38.79933],[141.54547,38.79934],[141.54549,38.79935]]],[[[141.55186,38.7994],[141.55183,38.79949],[141.55189,38.79945],[141.55186,38.7994]]],[[[141.55192,38.79949],[141.55203,38.79944],[141.55191,38.79946],[141.55192,38.79949]]],[[[141.55163,38.79955],[141.55175,38.79941],[141.55161,38.79952],[141.55163,38.79955]]],[[[141.54611,38.79969],[141.54602,38.79974],[141.54604,38.79978],[141.54611,38.79969]]],[[[141.54617,38.79984],[141.54617,38.79989],[141.54619,38.79989],[141.54617,38.79984]]],[[[141.54612,38.79989],[141.54615,38.79995],[141.54616,38.79995],[141.54612,38.79989]]],[[[141.54612,38.79997],[141.54611,38.80003],[141.54613,38.80004],[141.54612,38.79997]]],[[[141.54607,38.80002],[141.54609,38.80006],[141.54611,38.80005],[141.54607,38.80002]]],[[[141.55379,38.80124],[141.55374,38.80127],[141.55381,38.80127],[141.55379,38.80124]]],[[[141.55402,38.80166],[141.55397,38.80161],[141.55393,38.80165],[141.55402,38.80166]]],[[[141.55953,38.68932],[141.55957,38.68931],[141.55952,38.68926],[141.55953,38.68932]]],[[[141.55963,38.68945],[141.55968,38.68952],[141.55966,38.68946],[141.55963,38.68945]]],[[[141.55937,38.68945],[141.55936,38.68959],[141.55938,38.6896],[141.55937,38.68945]]],[[[141.55952,38.68941],[141.55957,38.68967],[141.55961,38.68968],[141.55952,38.68941]]],[[[141.55964,38.68959],[141.55968,38.68962],[141.55967,38.68958],[141.55964,38.68959]]],[[[141.55943,38.68957],[141.55943,38.68972],[141.5595,38.68971],[141.55943,38.68957]]],[[[141.55926,38.69001],[141.55927,38.68997],[141.55924,38.68996],[141.55926,38.69001]]],[[[141.56023,38.69003],[141.56029,38.69],[141.56023,38.69001],[141.56023,38.69003]]],[[[141.55958,38.6902],[141.55964,38.69021],[141.55959,38.69015],[141.55958,38.6902]]],[[[141.55939,38.69018],[141.55947,38.69026],[141.5594,38.69017],[141.55939,38.69018]]],[[[141.55869,38.6907],[141.55874,38.69069],[141.55872,38.69067],[141.55869,38.6907]]],[[[141.55917,38.69082],[141.55911,38.69072],[141.55913,38.69085],[141.55917,38.69082]]],[[[141.55845,38.69089],[141.55847,38.69086],[141.55844,38.69087],[141.55845,38.69089]]],[[[141.55844,38.69103],[141.55851,38.69111],[141.55844,38.69101],[141.55844,38.69103]]],[[[141.55874,38.69112],[141.55881,38.69103],[141.55872,38.69102],[141.55874,38.69112]]],[[[141.55892,38.69115],[141.55896,38.69112],[141.55891,38.69112],[141.55892,38.69115]]],[[[141.55688,38.69118],[141.55689,38.69115],[141.55685,38.69115],[141.55688,38.69118]]],[[[141.55686,38.69123],[141.55671,38.6912],[141.55675,38.6913],[141.55686,38.69123]]],[[[141.55689,38.69124],[141.55695,38.69125],[141.5569,38.6912],[141.55689,38.69124]]],[[[141.55854,38.69136],[141.55858,38.69137],[141.55853,38.69133],[141.55854,38.69136]]],[[[141.55791,38.69141],[141.55796,38.6915],[141.55797,38.6915],[141.55791,38.69141]]],[[[141.55786,38.69151],[141.55786,38.69147],[141.55784,38.69148],[141.55786,38.69151]]],[[[141.5576,38.69192],[141.55764,38.69193],[141.55764,38.6919],[141.5576,38.69192]]],[[[141.55761,38.69211],[141.55762,38.69208],[141.55758,38.69208],[141.55761,38.69211]]],[[[141.55742,38.69254],[141.55746,38.69252],[141.55743,38.69251],[141.55742,38.69254]]],[[[141.55737,38.69263],[141.55741,38.69262],[141.55737,38.69261],[141.55737,38.69263]]],[[[141.55732,38.69285],[141.55738,38.69284],[141.55732,38.69281],[141.55732,38.69285]]],[[[141.55743,38.69291],[141.5575,38.69292],[141.55742,38.69286],[141.55743,38.69291]]],[[[141.55736,38.69295],[141.55734,38.69292],[141.55733,38.69293],[141.55736,38.69295]]],[[[141.5572,38.69325],[141.55721,38.6932],[141.55717,38.6932],[141.5572,38.69325]]],[[[141.55739,38.69319],[141.55744,38.69327],[141.55748,38.69323],[141.55739,38.69319]]],[[[141.55738,38.69356],[141.55738,38.69353],[141.55734,38.69353],[141.55738,38.69356]]],[[[141.55696,38.69383],[141.55698,38.6939],[141.557,38.6939],[141.55696,38.69383]]],[[[141.55581,38.69413],[141.55586,38.69386],[141.55565,38.69364],[141.55581,38.69413]]],[[[141.55613,38.69401],[141.55606,38.69403],[141.55613,38.69405],[141.55613,38.69401]]],[[[141.55638,38.69402],[141.55642,38.69407],[141.55639,38.69401],[141.55638,38.69402]]],[[[141.55656,38.69414],[141.55658,38.69411],[141.55654,38.69411],[141.55656,38.69414]]],[[[141.55636,38.69414],[141.5564,38.69415],[141.5564,38.69413],[141.55636,38.69414]]],[[[141.55486,38.69433],[141.55488,38.69426],[141.55484,38.69426],[141.55486,38.69433]]],[[[141.55503,38.69459],[141.55505,38.69457],[141.55503,38.69456],[141.55503,38.69459]]],[[[141.56041,38.69481],[141.56043,38.69479],[141.5604,38.69477],[141.56041,38.69481]]],[[[141.55459,38.69475],[141.5546,38.69488],[141.55462,38.69489],[141.55459,38.69475]]],[[[141.55507,38.6948],[141.55512,38.69493],[141.5551,38.69476],[141.55507,38.6948]]],[[[141.55523,38.69484],[141.55529,38.69488],[141.55525,38.69482],[141.55523,38.69484]]],[[[141.55461,38.69493],[141.55465,38.69492],[141.55462,38.69491],[141.55461,38.69493]]],[[[141.55526,38.69503],[141.55527,38.695],[141.55525,38.695],[141.55526,38.69503]]],[[[141.55468,38.69497],[141.55465,38.69508],[141.55467,38.69509],[141.55468,38.69497]]],[[[141.55478,38.69507],[141.55483,38.69507],[141.55481,38.69503],[141.55478,38.69507]]],[[[141.55518,38.69505],[141.55524,38.69509],[141.55521,38.69505],[141.55518,38.69505]]],[[[141.55481,38.69514],[141.55485,38.69516],[141.55481,38.69511],[141.55481,38.69514]]],[[[141.55451,38.69515],[141.55455,38.69517],[141.55451,38.69514],[141.55451,38.69515]]],[[[141.55437,38.69517],[141.5544,38.69521],[141.5544,38.69516],[141.55437,38.69517]]],[[[141.55508,38.69521],[141.55512,38.69518],[141.55508,38.69519],[141.55508,38.69521]]],[[[141.55463,38.69538],[141.55456,38.69523],[141.55456,38.69533],[141.55463,38.69538]]],[[[141.55426,38.69551],[141.55426,38.69564],[141.55429,38.69566],[141.55426,38.69551]]],[[[141.55411,38.69561],[141.55417,38.69569],[141.55411,38.69559],[141.55411,38.69561]]],[[[141.56045,38.6956],[141.56045,38.69569],[141.56048,38.69569],[141.56045,38.6956]]],[[[141.56039,38.69566],[141.56042,38.69564],[141.56037,38.69563],[141.56039,38.69566]]],[[[141.56035,38.69568],[141.56038,38.69566],[141.56034,38.69565],[141.56035,38.69568]]],[[[141.5604,38.6958],[141.56042,38.69578],[141.56041,38.69577],[141.5604,38.6958]]],[[[141.55435,38.69582],[141.55434,38.69589],[141.5544,38.69589],[141.55435,38.69582]]],[[[141.55439,38.69594],[141.55441,38.69597],[141.55442,38.69594],[141.55439,38.69594]]],[[[141.55415,38.69609],[141.55418,38.6961],[141.55415,38.69608],[141.55415,38.69609]]],[[[141.55409,38.69619],[141.55412,38.69623],[141.55411,38.69619],[141.55409,38.69619]]],[[[141.55422,38.69633],[141.55423,38.69643],[141.55427,38.69646],[141.55422,38.69633]]],[[[141.55445,38.69639],[141.55444,38.69644],[141.55447,38.69645],[141.55445,38.69639]]],[[[141.55461,38.69671],[141.55462,38.69676],[141.55463,38.69675],[141.55461,38.69671]]],[[[141.5544,38.6974],[141.55443,38.69737],[141.5544,38.69738],[141.5544,38.6974]]],[[[141.55473,38.69753],[141.55476,38.69751],[141.55475,38.69749],[141.55473,38.69753]]],[[[141.55431,38.69796],[141.55423,38.69794],[141.55422,38.69796],[141.55431,38.69796]]],[[[141.55628,38.69992],[141.55632,38.69989],[141.55427,38.69878],[141.55628,38.69992]]],[[[141.56021,38.71415],[141.56027,38.71422],[141.56024,38.71415],[141.56021,38.71415]]],[[[141.55962,38.71446],[141.55969,38.71447],[141.55965,38.71442],[141.55962,38.71446]]],[[[141.5601,38.71866],[141.55991,38.71793],[141.55977,38.71798],[141.5601,38.71866]]],[[[141.56037,38.72001],[141.56041,38.72002],[141.5604,38.72],[141.56037,38.72001]]],[[[141.56044,38.72008],[141.56037,38.72009],[141.5604,38.72016],[141.56044,38.72008]]],[[[141.56036,38.72018],[141.56041,38.72022],[141.56041,38.72019],[141.56036,38.72018]]],[[[141.56035,38.72023],[141.56033,38.72028],[141.56037,38.72025],[141.56035,38.72023]]],[[[141.55814,38.72202],[141.55816,38.72207],[141.55816,38.722],[141.55814,38.72202]]],[[[141.55807,38.72237],[141.55811,38.7224],[141.5581,38.72237],[141.55807,38.72237]]],[[[141.56029,38.72364],[141.56034,38.72368],[141.56032,38.72362],[141.56029,38.72364]]],[[[141.56017,38.72374],[141.5602,38.72374],[141.56016,38.72369],[141.56017,38.72374]]],[[[141.55725,38.73739],[141.55727,38.73737],[141.55725,38.73737],[141.55725,38.73739]]],[[[141.5573,38.73749],[141.55734,38.73749],[141.55731,38.73745],[141.5573,38.73749]]],[[[141.55866,38.73772],[141.55871,38.73759],[141.55865,38.73753],[141.55866,38.73772]]],[[[141.56049,38.73759],[141.56041,38.73774],[141.56042,38.73779],[141.56049,38.73759]]],[[[141.56027,38.73778],[141.5603,38.73774],[141.56028,38.73773],[141.56027,38.73778]]],[[[141.55814,38.73782],[141.55826,38.73778],[141.55823,38.73773],[141.55814,38.73782]]],[[[141.55796,38.73786],[141.55793,38.73789],[141.55797,38.73791],[141.55796,38.73786]]],[[[141.55824,38.73796],[141.5583,38.73784],[141.55829,38.73783],[141.55824,38.73796]]],[[[141.55811,38.73792],[141.55816,38.73793],[141.55817,38.73791],[141.55811,38.73792]]],[[[141.55785,38.73796],[141.55789,38.73798],[141.55788,38.73795],[141.55785,38.73796]]],[[[141.55838,38.73806],[141.55843,38.73806],[141.55843,38.73805],[141.55838,38.73806]]],[[[141.55508,38.73822],[141.55509,38.7382],[141.55508,38.7382],[141.55508,38.73822]]],[[[141.55446,38.73837],[141.5547,38.73823],[141.55443,38.73823],[141.55446,38.73837]]],[[[141.55595,38.7383],[141.55596,38.73828],[141.55594,38.73829],[141.55595,38.7383]]],[[[141.55503,38.73828],[141.55491,38.73827],[141.55497,38.73838],[141.55503,38.73828]]],[[[141.55518,38.7382],[141.55514,38.73835],[141.5552,38.73839],[141.55518,38.7382]]],[[[141.55527,38.73834],[141.5553,38.73837],[141.55529,38.73832],[141.55527,38.73834]]],[[[141.55537,38.73837],[141.55532,38.73839],[141.55537,38.73838],[141.55537,38.73837]]],[[[141.5585,38.73843],[141.55853,38.73837],[141.5585,38.7384],[141.5585,38.73843]]],[[[141.55494,38.7384],[141.55497,38.73841],[141.55494,38.73838],[141.55494,38.7384]]],[[[141.55472,38.73842],[141.55462,38.73839],[141.55467,38.73852],[141.55472,38.73842]]],[[[141.5555,38.73842],[141.55552,38.73841],[141.5555,38.7384],[141.5555,38.73842]]],[[[141.55516,38.73846],[141.55521,38.73848],[141.55517,38.73844],[141.55516,38.73846]]],[[[141.55446,38.73851],[141.55434,38.7386],[141.55437,38.73861],[141.55446,38.73851]]],[[[141.55475,38.73857],[141.5547,38.73851],[141.55473,38.73858],[141.55475,38.73857]]],[[[141.55882,38.73852],[141.55885,38.73854],[141.55886,38.73851],[141.55882,38.73852]]],[[[141.55646,38.7388],[141.55634,38.73867],[141.55641,38.73885],[141.55646,38.7388]]],[[[141.55452,38.73896],[141.55457,38.73869],[141.5544,38.73859],[141.55452,38.73896]]],[[[141.5563,38.7388],[141.55617,38.73905],[141.55619,38.73908],[141.5563,38.7388]]],[[[141.55464,38.73899],[141.55467,38.73897],[141.55464,38.73895],[141.55464,38.73899]]],[[[141.55475,38.73909],[141.55477,38.73904],[141.55474,38.73901],[141.55475,38.73909]]],[[[141.55636,38.73906],[141.55639,38.73908],[141.55639,38.73906],[141.55636,38.73906]]],[[[141.55631,38.73938],[141.55633,38.73947],[141.55633,38.73939],[141.55631,38.73938]]],[[[141.5563,38.80047],[141.55622,38.80055],[141.55633,38.8006],[141.5563,38.80047]]],[[[141.55566,38.80059],[141.55573,38.80058],[141.55568,38.80055],[141.55566,38.80059]]],[[[141.55629,38.80067],[141.55635,38.80072],[141.55633,38.80065],[141.55629,38.80067]]],[[[141.55567,38.80078],[141.55579,38.80077],[141.55572,38.80072],[141.55567,38.80078]]],[[[141.55494,38.80093],[141.55507,38.80095],[141.55498,38.80087],[141.55494,38.80093]]],[[[141.55613,38.80092],[141.55614,38.80103],[141.55623,38.80099],[141.55613,38.80092]]],[[[141.55587,38.80114],[141.55578,38.801],[141.55575,38.801],[141.55587,38.80114]]],[[[141.55621,38.80112],[141.55617,38.80123],[141.55628,38.80128],[141.55621,38.80112]]],[[[141.55427,38.80146],[141.55432,38.80147],[141.55428,38.80144],[141.55427,38.80146]]],[[[141.55622,38.8016],[141.5563,38.80162],[141.55622,38.80157],[141.55622,38.8016]]],[[[141.55633,38.80176],[141.55636,38.80174],[141.55632,38.80172],[141.55633,38.80176]]],[[[141.55629,38.80175],[141.55627,38.80178],[141.55631,38.8018],[141.55629,38.80175]]],[[[141.55695,38.80181],[141.55701,38.80179],[141.55698,38.80176],[141.55695,38.80181]]],[[[141.55977,38.80202],[141.55973,38.80196],[141.55971,38.80199],[141.55977,38.80202]]],[[[141.557,38.80199],[141.55696,38.80205],[141.55708,38.80205],[141.557,38.80199]]],[[[141.55661,38.80219],[141.5566,38.80229],[141.55667,38.80226],[141.55661,38.80219]]],[[[141.55687,38.80248],[141.55722,38.80233],[141.55698,38.80207],[141.55678,38.80224],[141.55687,38.80248]]],[[[141.5573,38.8026],[141.55731,38.80276],[141.55735,38.80257],[141.5573,38.8026]]],[[[141.55738,38.80283],[141.55749,38.80294],[141.55745,38.80279],[141.55738,38.80283]]],[[[141.55759,38.80297],[141.55757,38.80304],[141.55761,38.80301],[141.55759,38.80297]]],[[[141.55736,38.80314],[141.5573,38.80318],[141.55736,38.80318],[141.55736,38.80314]]],[[[141.55722,38.80326],[141.55728,38.80322],[141.55725,38.80321],[141.55722,38.80326]]],[[[141.55755,38.80356],[141.55764,38.80361],[141.55766,38.80355],[141.55755,38.80356]]],[[[141.55743,38.80403],[141.55749,38.804],[141.55746,38.80398],[141.55743,38.80403]]],[[[141.55787,38.80406],[141.55792,38.80403],[141.55788,38.80401],[141.55787,38.80406]]],[[[141.55701,38.80406],[141.55707,38.80405],[141.55706,38.80404],[141.55701,38.80406]]],[[[141.5578,38.80424],[141.55789,38.80421],[141.55782,38.80417],[141.5578,38.80424]]],[[[141.55706,38.80425],[141.55714,38.8043],[141.55711,38.80421],[141.55706,38.80425]]],[[[141.55689,38.80439],[141.55695,38.80439],[141.55692,38.80435],[141.55689,38.80439]]],[[[141.55825,38.80466],[141.55826,38.80446],[141.55814,38.80449],[141.55825,38.80466]]],[[[141.55803,38.80458],[141.55808,38.80467],[141.55808,38.80455],[141.55803,38.80458]]],[[[141.5576,38.80531],[141.5576,38.80524],[141.55758,38.80525],[141.5576,38.80531]]],[[[141.55833,38.80539],[141.55835,38.80534],[141.55832,38.80538],[141.55833,38.80539]]],[[[141.5589,38.80533],[141.55876,38.80538],[141.55888,38.80543],[141.5589,38.80533]]],[[[141.55891,38.80546],[141.55892,38.80541],[141.55887,38.80546],[141.55891,38.80546]]],[[[141.55862,38.80546],[141.55871,38.80546],[141.55872,38.80542],[141.55862,38.80546]]],[[[141.55836,38.80554],[141.55831,38.80552],[141.55831,38.80556],[141.55836,38.80554]]],[[[141.55781,38.80563],[141.55791,38.80568],[141.55785,38.8056],[141.55781,38.80563]]],[[[141.55818,38.80612],[141.55835,38.80599],[141.5583,38.80586],[141.55818,38.80612]]],[[[141.55831,38.8062],[141.55839,38.80616],[141.55832,38.80613],[141.55831,38.8062]]],[[[141.55907,38.80622],[141.55907,38.8061],[141.559,38.80615],[141.55907,38.80622]]],[[[141.55853,38.80655],[141.55855,38.8065],[141.55849,38.80654],[141.55853,38.80655]]],[[[141.55948,38.80675],[141.55949,38.80667],[141.55945,38.80668],[141.55948,38.80675]]],[[[141.55937,38.80681],[141.55934,38.80684],[141.55937,38.80685],[141.55937,38.80681]]],[[[141.55951,38.8069],[141.55953,38.80683],[141.55947,38.80684],[141.55951,38.8069]]],[[[141.55978,38.80692],[141.5598,38.8069],[141.55976,38.80691],[141.55978,38.80692]]],[[[141.55942,38.80696],[141.55948,38.80692],[141.55941,38.80691],[141.55942,38.80696]]],[[[141.5598,38.8071],[141.55987,38.80703],[141.55977,38.80706],[141.5598,38.8071]]],[[[141.56002,38.80727],[141.56008,38.80721],[141.55998,38.80722],[141.56002,38.80727]]],[[[141.55529,38.80807],[141.55537,38.80799],[141.55527,38.80805],[141.55529,38.80807]]],[[[141.55587,38.80814],[141.5559,38.80799],[141.55576,38.80808],[141.55587,38.80814]]],[[[141.55659,38.80804],[141.55654,38.8081],[141.5566,38.80808],[141.55659,38.80804]]],[[[141.55687,38.80838],[141.55682,38.80838],[141.55686,38.80842],[141.55687,38.80838]]],[[[141.55733,38.80996],[141.55746,38.80999],[141.55737,38.8099],[141.55733,38.80996]]],[[[141.55747,38.81007],[141.55749,38.81015],[141.55756,38.81009],[141.55747,38.81007]]],[[[141.55738,38.81019],[141.55742,38.81027],[141.55746,38.81023],[141.55738,38.81019]]],[[[141.55674,38.81029],[141.5568,38.8102],[141.55671,38.81028],[141.55674,38.81029]]],[[[141.55749,38.81043],[141.55757,38.81034],[141.55751,38.81031],[141.55749,38.81043]]],[[[141.55716,38.81039],[141.55723,38.8104],[141.5572,38.81036],[141.55716,38.81039]]],[[[141.55738,38.81048],[141.55726,38.81044],[141.55736,38.81051],[141.55738,38.81048]]],[[[141.55715,38.81079],[141.55722,38.81084],[141.55715,38.81075],[141.55715,38.81079]]],[[[141.55925,38.81188],[141.55916,38.81206],[141.55934,38.81212],[141.55925,38.81188]]],[[[141.56065,38.68987],[141.56072,38.68994],[141.56078,38.6899],[141.56065,38.68987]]],[[[141.56169,38.69032],[141.56176,38.69034],[141.56169,38.6903],[141.56169,38.69032]]],[[[141.56169,38.69075],[141.56171,38.69071],[141.56169,38.69072],[141.56169,38.69075]]],[[[141.56146,38.69088],[141.56148,38.69086],[141.56144,38.69086],[141.56146,38.69088]]],[[[141.56215,38.69093],[141.56217,38.69091],[141.56214,38.69089],[141.56215,38.69093]]],[[[141.56146,38.69096],[141.56149,38.69094],[141.56145,38.6909],[141.56146,38.69096]]],[[[141.56208,38.69095],[141.56211,38.69092],[141.56208,38.69095],[141.56208,38.69095]]],[[[141.56126,38.69091],[141.5613,38.69096],[141.56132,38.69091],[141.56126,38.69091]]],[[[141.56137,38.6911],[141.56143,38.69094],[141.56138,38.69092],[141.56137,38.6911]]],[[[141.56201,38.69102],[141.56205,38.69103],[141.56201,38.69101],[141.56201,38.69102]]],[[[141.56229,38.69115],[141.56223,38.69112],[141.56223,38.69116],[141.56229,38.69115]]],[[[141.56241,38.69126],[141.5624,38.69116],[141.56235,38.69123],[141.56241,38.69126]]],[[[141.56204,38.69121],[141.562,38.69125],[141.5621,38.69125],[141.56204,38.69121]]],[[[141.56196,38.69133],[141.56189,38.69122],[141.56186,38.6913],[141.56196,38.69133]]],[[[141.56223,38.69133],[141.56218,38.69144],[141.56223,38.69145],[141.56223,38.69133]]],[[[141.56187,38.69141],[141.56174,38.69132],[141.56174,38.69145],[141.56187,38.69141]]],[[[141.56192,38.69147],[141.5619,38.69145],[141.56188,38.69146],[141.56192,38.69147]]],[[[141.5621,38.69146],[141.56197,38.69149],[141.56208,38.69153],[141.5621,38.69146]]],[[[141.56184,38.69151],[141.56187,38.69147],[141.56184,38.69146],[141.56184,38.69151]]],[[[141.56199,38.6917],[141.56203,38.69171],[141.56201,38.69166],[141.56199,38.6917]]],[[[141.56318,38.69166],[141.5631,38.69172],[141.56317,38.69174],[141.56318,38.69166]]],[[[141.56193,38.69202],[141.56187,38.69208],[141.56202,38.69211],[141.56193,38.69202]]],[[[141.56177,38.69206],[141.56179,38.6921],[141.56183,38.69207],[141.56177,38.69206]]],[[[141.56187,38.69213],[141.56188,38.69212],[141.56186,38.69212],[141.56187,38.69213]]],[[[141.56249,38.69222],[141.56253,38.69224],[141.56252,38.69221],[141.56249,38.69222]]],[[[141.56221,38.69229],[141.56223,38.69227],[141.5622,38.69227],[141.56221,38.69229]]],[[[141.56162,38.69255],[141.56165,38.69259],[141.56165,38.69257],[141.56162,38.69255]]],[[[141.56139,38.69265],[141.56142,38.69262],[141.56137,38.69262],[141.56139,38.69265]]],[[[141.56216,38.69273],[141.56222,38.69279],[141.56223,38.69273],[141.56216,38.69273]]],[[[141.56247,38.69278],[141.56252,38.69278],[141.56247,38.69276],[141.56247,38.69278]]],[[[141.56119,38.69305],[141.56122,38.69316],[141.56124,38.69315],[141.56119,38.69305]]],[[[141.56117,38.69348],[141.56117,38.69346],[141.56115,38.69346],[141.56117,38.69348]]],[[[141.56134,38.69347],[141.5614,38.69355],[141.56135,38.69345],[141.56134,38.69347]]],[[[141.56112,38.69348],[141.56119,38.69354],[141.56113,38.69347],[141.56112,38.69348]]],[[[141.56128,38.69352],[141.56126,38.69361],[141.56132,38.69364],[141.56128,38.69352]]],[[[141.5612,38.69409],[141.56121,38.69406],[141.56116,38.69407],[141.5612,38.69409]]],[[[141.56167,38.69414],[141.5617,38.69415],[141.56167,38.69413],[141.56167,38.69414]]],[[[141.561,38.69425],[141.56095,38.69411],[141.56087,38.69417],[141.561,38.69425]]],[[[141.56106,38.69417],[141.56109,38.69422],[141.56108,38.69417],[141.56106,38.69417]]],[[[141.56102,38.69419],[141.56105,38.69423],[141.56104,38.69418],[141.56102,38.69419]]],[[[141.5616,38.69419],[141.56163,38.69424],[141.56165,38.69422],[141.5616,38.69419]]],[[[141.56126,38.69437],[141.5613,38.69418],[141.56122,38.69434],[141.56126,38.69437]]],[[[141.56084,38.69431],[141.56087,38.69429],[141.56082,38.69427],[141.56084,38.69431]]],[[[141.5611,38.69429],[141.56112,38.69431],[141.56113,38.69429],[141.5611,38.69429]]],[[[141.56159,38.69438],[141.56161,38.69435],[141.56157,38.69435],[141.56159,38.69438]]],[[[141.5614,38.69446],[141.56143,38.69442],[141.56141,38.69442],[141.5614,38.69446]]],[[[141.56056,38.69455],[141.56058,38.69452],[141.56053,38.69451],[141.56056,38.69455]]],[[[141.56175,38.69588],[141.56178,38.69591],[141.56176,38.69587],[141.56175,38.69588]]],[[[141.56057,38.69593],[141.56061,38.69594],[141.5606,38.69593],[141.56057,38.69593]]],[[[141.56051,38.69594],[141.56056,38.69593],[141.56054,38.69591],[141.56051,38.69594]]],[[[141.56078,38.69591],[141.56076,38.69599],[141.56081,38.69599],[141.56078,38.69591]]],[[[141.56125,38.69599],[141.56119,38.69601],[141.56125,38.69603],[141.56125,38.69599]]],[[[141.56157,38.69607],[141.56155,38.69605],[141.56147,38.69605],[141.56157,38.69607]]],[[[141.56107,38.69605],[141.56108,38.69603],[141.56105,38.69604],[141.56107,38.69605]]],[[[141.56081,38.69604],[141.56081,38.69608],[141.56083,38.69608],[141.56081,38.69604]]],[[[141.56099,38.69608],[141.56104,38.6961],[141.56105,38.69609],[141.56099,38.69608]]],[[[141.56147,38.69607],[141.56146,38.69623],[141.56146,38.6964],[141.56147,38.69607]]],[[[141.56135,38.69619],[141.56133,38.69632],[141.56135,38.69633],[141.56135,38.69619]]],[[[141.56134,38.69637],[141.56135,38.69635],[141.56133,38.69634],[141.56134,38.69637]]],[[[141.56211,38.69636],[141.56214,38.69642],[141.56215,38.69636],[141.56211,38.69636]]],[[[141.56173,38.69658],[141.56176,38.69657],[141.56174,38.69655],[141.56173,38.69658]]],[[[141.5622,38.69673],[141.56231,38.6966],[141.56219,38.69661],[141.5622,38.69673]]],[[[141.56246,38.69666],[141.5625,38.69671],[141.56251,38.69666],[141.56246,38.69666]]],[[[141.56354,38.69669],[141.56361,38.69674],[141.56358,38.69669],[141.56354,38.69669]]],[[[141.56337,38.69673],[141.56341,38.6967],[141.56339,38.69669],[141.56337,38.69673]]],[[[141.56206,38.69674],[141.56209,38.69674],[141.56208,38.69671],[141.56206,38.69674]]],[[[141.56193,38.69675],[141.56196,38.69673],[141.56194,38.69672],[141.56193,38.69675]]],[[[141.56286,38.69683],[141.56289,38.69684],[141.56289,38.69679],[141.56286,38.69683]]],[[[141.56274,38.69696],[141.56267,38.69676],[141.56264,38.6969],[141.56274,38.69696]]],[[[141.56356,38.69697],[141.56354,38.69678],[141.56349,38.69699],[141.56356,38.69697]]],[[[141.56344,38.69693],[141.56344,38.69686],[141.56342,38.69685],[141.56344,38.69693]]],[[[141.56362,38.69697],[141.56367,38.69698],[141.56365,38.69694],[141.56362,38.69697]]],[[[141.56351,38.69704],[141.56357,38.69701],[141.56356,38.69699],[141.56351,38.69704]]],[[[141.56356,38.69727],[141.56348,38.69724],[141.56354,38.69738],[141.56356,38.69727]]],[[[141.5635,38.70147],[141.56352,38.70143],[141.5635,38.70142],[141.5635,38.70147]]],[[[141.56343,38.70273],[141.56353,38.70275],[141.56346,38.7027],[141.56343,38.70273]]],[[[141.56328,38.70283],[141.56333,38.7028],[141.56328,38.70279],[141.56328,38.70283]]],[[[141.5632,38.70291],[141.56321,38.70286],[141.56318,38.70286],[141.5632,38.70291]]],[[[141.56347,38.70287],[141.56342,38.70291],[141.5635,38.7029],[141.56347,38.70287]]],[[[141.56322,38.70295],[141.56324,38.70292],[141.56321,38.70292],[141.56322,38.70295]]],[[[141.56336,38.70295],[141.56351,38.70297],[141.56334,38.70291],[141.56336,38.70295]]],[[[141.56334,38.70298],[141.56334,38.70296],[141.56333,38.70296],[141.56334,38.70298]]],[[[141.56304,38.70304],[141.56299,38.70308],[141.56306,38.70308],[141.56304,38.70304]]],[[[141.56335,38.70359],[141.56339,38.70359],[141.56335,38.70357],[141.56335,38.70359]]],[[[141.56303,38.7036],[141.56309,38.7036],[141.56303,38.70357],[141.56303,38.7036]]],[[[141.56302,38.70367],[141.56304,38.70363],[141.56301,38.70363],[141.56302,38.70367]]],[[[141.56143,38.71296],[141.56146,38.71299],[141.56145,38.71294],[141.56143,38.71296]]],[[[141.56362,38.71306],[141.56356,38.71292],[141.56362,38.71308],[141.56362,38.71306]]],[[[141.56281,38.71305],[141.5629,38.71309],[141.56292,38.71308],[141.56281,38.71305]]],[[[141.56283,38.71315],[141.5629,38.71314],[141.56281,38.71308],[141.56283,38.71315]]],[[[141.56338,38.71311],[141.56337,38.71318],[141.56339,38.71318],[141.56338,38.71311]]],[[[141.56338,38.71326],[141.56341,38.71332],[141.56339,38.71325],[141.56338,38.71326]]],[[[141.56227,38.71331],[141.56212,38.7133],[141.56223,38.71341],[141.56227,38.71331]]],[[[141.56105,38.71361],[141.56107,38.71369],[141.56109,38.71368],[141.56105,38.71361]]],[[[141.56102,38.71379],[141.56101,38.71367],[141.56099,38.71368],[141.56102,38.71379]]],[[[141.56284,38.7143],[141.56283,38.71395],[141.56264,38.71387],[141.56284,38.7143]]],[[[141.5605,38.71421],[141.56043,38.71418],[141.56047,38.71425],[141.5605,38.71421]]],[[[141.56298,38.71436],[141.56328,38.71451],[141.56316,38.71406],[141.56298,38.71436]]],[[[141.56344,38.71446],[141.56333,38.71436],[141.56334,38.71449],[141.56344,38.71446]]],[[[141.56349,38.71476],[141.56356,38.71477],[141.56356,38.71476],[141.56349,38.71476]]],[[[141.56359,38.71495],[141.56363,38.71504],[141.56363,38.71495],[141.56359,38.71495]]],[[[141.56057,38.71988],[141.56051,38.71996],[141.5606,38.71989],[141.56057,38.71988]]],[[[141.56089,38.72003],[141.56107,38.71986],[141.5608,38.71983],[141.56089,38.72003]]],[[[141.56049,38.72012],[141.56059,38.71996],[141.56046,38.72002],[141.56049,38.72012]]],[[[141.56084,38.72007],[141.56086,38.72018],[141.56091,38.72017],[141.56084,38.72007]]],[[[141.5606,38.72021],[141.5605,38.72013],[141.56049,38.72021],[141.5606,38.72021]]],[[[141.56048,38.72014],[141.56044,38.72025],[141.56045,38.72025],[141.56048,38.72014]]],[[[141.56139,38.72031],[141.56144,38.72033],[141.56144,38.7203],[141.56139,38.72031]]],[[[141.56068,38.72045],[141.56069,38.72041],[141.56066,38.72042],[141.56068,38.72045]]],[[[141.56131,38.72046],[141.5613,38.72043],[141.56128,38.72046],[141.56131,38.72046]]],[[[141.5614,38.72047],[141.56144,38.72046],[141.56139,38.72044],[141.5614,38.72047]]],[[[141.56136,38.72047],[141.56135,38.72044],[141.56134,38.72045],[141.56136,38.72047]]],[[[141.56129,38.72047],[141.56132,38.72048],[141.56133,38.72047],[141.56129,38.72047]]],[[[141.56122,38.72054],[141.56125,38.72058],[141.56125,38.72056],[141.56122,38.72054]]],[[[141.56111,38.72058],[141.56116,38.72058],[141.56116,38.72056],[141.56111,38.72058]]],[[[141.56117,38.72062],[141.56121,38.72059],[141.56116,38.72061],[141.56117,38.72062]]],[[[141.56151,38.7207],[141.56142,38.72064],[141.56146,38.7207],[141.56151,38.7207]]],[[[141.56125,38.72069],[141.56127,38.72064],[141.56123,38.72068],[141.56125,38.72069]]],[[[141.56265,38.7224],[141.56269,38.72248],[141.56265,38.72238],[141.56265,38.7224]]],[[[141.56195,38.72276],[141.56197,38.72288],[141.56201,38.72289],[141.56195,38.72276]]],[[[141.56154,38.72282],[141.5616,38.72289],[141.5616,38.72282],[141.56154,38.72282]]],[[[141.56205,38.723],[141.5621,38.72305],[141.56207,38.72299],[141.56205,38.723]]],[[[141.56161,38.7231],[141.56163,38.72315],[141.56163,38.7231],[141.56161,38.7231]]],[[[141.56158,38.72315],[141.5616,38.72318],[141.56159,38.72314],[141.56158,38.72315]]],[[[141.56167,38.72325],[141.56169,38.72322],[141.56166,38.72323],[141.56167,38.72325]]],[[[141.56204,38.72349],[141.56212,38.72309],[141.56204,38.72307],[141.56204,38.72349]]],[[[141.56167,38.72333],[141.56172,38.7234],[141.56173,38.72341],[141.56167,38.72333]]],[[[141.56194,38.72335],[141.56194,38.72346],[141.56197,38.72346],[141.56194,38.72335]]],[[[141.5618,38.72376],[141.56178,38.72348],[141.56171,38.72342],[141.5618,38.72376]]],[[[141.56188,38.72362],[141.56186,38.72377],[141.5619,38.72378],[141.56188,38.72362]]],[[[141.56209,38.7238],[141.56209,38.72389],[141.56214,38.72384],[141.56209,38.7238]]],[[[141.56193,38.72386],[141.56196,38.72389],[141.56195,38.72385],[141.56193,38.72386]]],[[[141.56229,38.72392],[141.56209,38.72393],[141.56211,38.72407],[141.56229,38.72392]]],[[[141.56194,38.72401],[141.56195,38.72395],[141.56194,38.72395],[141.56194,38.72401]]],[[[141.56206,38.72411],[141.56204,38.72415],[141.56205,38.72415],[141.56206,38.72411]]],[[[141.56234,38.72417],[141.56229,38.72415],[141.56232,38.72421],[141.56234,38.72417]]],[[[141.56301,38.72434],[141.56299,38.72442],[141.56305,38.72439],[141.56301,38.72434]]],[[[141.56305,38.72447],[141.56299,38.72451],[141.56303,38.72452],[141.56305,38.72447]]],[[[141.5629,38.72458],[141.56296,38.72447],[141.56293,38.72441],[141.5629,38.72458]]],[[[141.56242,38.72456],[141.56234,38.72452],[141.56234,38.72456],[141.56242,38.72456]]],[[[141.56301,38.72456],[141.563,38.72453],[141.56299,38.72454],[141.56301,38.72456]]],[[[141.56319,38.72458],[141.56314,38.72457],[141.56319,38.72464],[141.56319,38.72458]]],[[[141.56283,38.72466],[141.56292,38.72468],[141.56285,38.72462],[141.56283,38.72466]]],[[[141.56334,38.72466],[141.56338,38.72465],[141.56336,38.72464],[141.56334,38.72466]]],[[[141.56308,38.72478],[141.56299,38.72477],[141.56302,38.72486],[141.56308,38.72478]]],[[[141.56291,38.72952],[141.56289,38.7296],[141.56291,38.72959],[141.56291,38.72952]]],[[[141.56309,38.72958],[141.56312,38.72969],[141.56315,38.72963],[141.56309,38.72958]]],[[[141.56299,38.72964],[141.56301,38.72969],[141.563,38.72964],[141.56299,38.72964]]],[[[141.56304,38.72968],[141.56308,38.72971],[141.56304,38.72967],[141.56304,38.72968]]],[[[141.56281,38.72976],[141.56277,38.72982],[141.56282,38.72979],[141.56281,38.72976]]],[[[141.56305,38.72982],[141.56308,38.72978],[141.56307,38.72978],[141.56305,38.72982]]],[[[141.56222,38.73155],[141.56223,38.73152],[141.56222,38.73152],[141.56222,38.73155]]],[[[141.56242,38.7317],[141.56244,38.73168],[141.56241,38.73166],[141.56242,38.7317]]],[[[141.5623,38.73172],[141.56226,38.73173],[141.56232,38.73184],[141.5623,38.73172]]],[[[141.56248,38.73189],[141.56236,38.73182],[141.56246,38.73198],[141.56248,38.73189]]],[[[141.56293,38.73196],[141.56295,38.73197],[141.56294,38.73194],[141.56293,38.73196]]],[[[141.56298,38.73198],[141.56299,38.73206],[141.563,38.73198],[141.56298,38.73198]]],[[[141.56299,38.7322],[141.56303,38.73223],[141.56304,38.73221],[141.56299,38.7322]]],[[[141.56089,38.73864],[141.56094,38.73852],[141.56088,38.73856],[141.56089,38.73864]]],[[[141.56188,38.73912],[141.5619,38.73898],[141.56189,38.73898],[141.56188,38.73912]]],[[[141.56128,38.73917],[141.56096,38.73905],[141.56115,38.73929],[141.56128,38.73917]]],[[[141.56191,38.7392],[141.56194,38.73915],[141.56192,38.73915],[141.56191,38.7392]]],[[[141.56148,38.73929],[141.56152,38.73927],[141.56148,38.73924],[141.56148,38.73929]]],[[[141.56101,38.73941],[141.56099,38.73957],[141.561,38.73957],[141.56101,38.73941]]],[[[141.56101,38.73976],[141.56092,38.73945],[141.56092,38.73966],[141.56101,38.73976]]],[[[141.56118,38.73969],[141.56108,38.73969],[141.56116,38.73976],[141.56118,38.73969]]],[[[141.56065,38.73967],[141.5605,38.7397],[141.56063,38.73974],[141.56065,38.73967]]],[[[141.56097,38.73987],[141.56103,38.73986],[141.56096,38.73984],[141.56097,38.73987]]],[[[141.56105,38.73992],[141.56109,38.73995],[141.56107,38.73991],[141.56105,38.73992]]],[[[141.56325,38.74072],[141.56318,38.74031],[141.56306,38.74057],[141.56325,38.74072]]],[[[141.56294,38.7406],[141.56291,38.74042],[141.56288,38.74072],[141.56294,38.7406]]],[[[141.56352,38.74058],[141.56356,38.74059],[141.56353,38.74056],[141.56352,38.74058]]],[[[141.56298,38.74059],[141.56302,38.74068],[141.56302,38.74059],[141.56298,38.74059]]],[[[141.56358,38.74066],[141.56362,38.74071],[141.5636,38.74064],[141.56358,38.74066]]],[[[141.56051,38.74097],[141.56042,38.74095],[141.56043,38.74099],[141.56051,38.74097]]],[[[141.56051,38.74102],[141.56044,38.74101],[141.56044,38.74104],[141.56051,38.74102]]],[[[141.56332,38.7411],[141.56313,38.74105],[141.56322,38.7412],[141.56332,38.7411]]],[[[141.56383,38.69707],[141.56387,38.69705],[141.56384,38.69703],[141.56383,38.69707]]],[[[141.56424,38.69718],[141.56426,38.69722],[141.56429,38.6972],[141.56424,38.69718]]],[[[141.56437,38.6973],[141.56441,38.69737],[141.56442,38.6973],[141.56437,38.6973]]],[[[141.56418,38.69738],[141.56421,38.69734],[141.56416,38.69736],[141.56418,38.69738]]],[[[141.5645,38.69742],[141.56446,38.69735],[141.56445,38.69742],[141.5645,38.69742]]],[[[141.56424,38.69734],[141.56427,38.69742],[141.56431,38.69739],[141.56424,38.69734]]],[[[141.56414,38.69736],[141.56417,38.69746],[141.5642,38.69744],[141.56414,38.69736]]],[[[141.56376,38.6974],[141.56368,38.69747],[141.56366,38.69752],[141.56376,38.6974]]],[[[141.56432,38.69739],[141.56434,38.6975],[141.5644,38.69747],[141.56432,38.69739]]],[[[141.56438,38.69767],[141.56432,38.69756],[141.5643,38.69762],[141.56438,38.69767]]],[[[141.56431,38.69774],[141.56402,38.6975],[141.56432,38.69785],[141.56431,38.69774]]],[[[141.56423,38.69785],[141.56421,38.6978],[141.56421,38.69786],[141.56423,38.69785]]],[[[141.56413,38.69799],[141.56416,38.69796],[141.56411,38.69796],[141.56413,38.69799]]],[[[141.56415,38.69802],[141.56421,38.698],[141.56414,38.69801],[141.56415,38.69802]]],[[[141.56394,38.69818],[141.56398,38.69816],[141.56393,38.69815],[141.56394,38.69818]]],[[[141.5651,38.69833],[141.56517,38.69829],[141.56511,38.69831],[141.5651,38.69833]]],[[[141.56411,38.69862],[141.56404,38.69841],[141.56395,38.69861],[141.56411,38.69862]]],[[[141.5644,38.6985],[141.56423,38.69852],[141.56436,38.69863],[141.5644,38.6985]]],[[[141.56405,38.69864],[141.56405,38.69875],[141.56409,38.6987],[141.56405,38.69864]]],[[[141.5642,38.69868],[141.56421,38.69877],[141.56425,38.69876],[141.5642,38.69868]]],[[[141.56411,38.69867],[141.56413,38.69882],[141.56414,38.69867],[141.56411,38.69867]]],[[[141.56403,38.69877],[141.56403,38.69874],[141.56401,38.69875],[141.56403,38.69877]]],[[[141.56397,38.69891],[141.56399,38.6989],[141.56397,38.69888],[141.56397,38.69891]]],[[[141.56404,38.69892],[141.56401,38.69889],[141.564,38.69892],[141.56404,38.69892]]],[[[141.56419,38.69892],[141.56419,38.69896],[141.56421,38.69892],[141.56419,38.69892]]],[[[141.5644,38.69927],[141.56444,38.69925],[141.56443,38.69923],[141.5644,38.69927]]],[[[141.56462,38.69934],[141.56467,38.69934],[141.56467,38.69931],[141.56462,38.69934]]],[[[141.5648,38.6994],[141.56482,38.69941],[141.56484,38.69939],[141.5648,38.6994]]],[[[141.56476,38.69955],[141.56471,38.69965],[141.56479,38.69957],[141.56476,38.69955]]],[[[141.56527,38.69985],[141.56531,38.69981],[141.56529,38.69981],[141.56527,38.69985]]],[[[141.56517,38.69993],[141.56519,38.69983],[141.56514,38.69989],[141.56517,38.69993]]],[[[141.56488,38.70028],[141.56474,38.70029],[141.56483,38.70036],[141.56488,38.70028]]],[[[141.56502,38.70037],[141.56502,38.70049],[141.56505,38.70049],[141.56502,38.70037]]],[[[141.5652,38.70043],[141.56522,38.70048],[141.56523,38.70042],[141.5652,38.70043]]],[[[141.56476,38.70061],[141.56477,38.70044],[141.5647,38.70044],[141.56476,38.70061]]],[[[141.56454,38.70055],[141.56454,38.70052],[141.56451,38.70052],[141.56454,38.70055]]],[[[141.5646,38.7006],[141.5646,38.70057],[141.56458,38.70057],[141.5646,38.7006]]],[[[141.56465,38.70065],[141.56468,38.7006],[141.56466,38.7006],[141.56465,38.70065]]],[[[141.56434,38.70065],[141.56439,38.70062],[141.56435,38.7006],[141.56434,38.70065]]],[[[141.56429,38.70065],[141.56431,38.70063],[141.5643,38.70063],[141.56429,38.70065]]],[[[141.56442,38.70068],[141.56448,38.70066],[141.56441,38.70063],[141.56442,38.70068]]],[[[141.56381,38.70084],[141.56375,38.70085],[141.5638,38.70086],[141.56381,38.70084]]],[[[141.56393,38.70078],[141.56388,38.70088],[141.56396,38.7009],[141.56393,38.70078]]],[[[141.56427,38.70087],[141.56432,38.70089],[141.56431,38.70086],[141.56427,38.70087]]],[[[141.56395,38.70095],[141.56398,38.70092],[141.56393,38.70092],[141.56395,38.70095]]],[[[141.56447,38.70094],[141.56453,38.70095],[141.56449,38.70092],[141.56447,38.70094]]],[[[141.56413,38.70097],[141.5642,38.701],[141.5642,38.70099],[141.56413,38.70097]]],[[[141.56392,38.70123],[141.56388,38.70117],[141.56386,38.70118],[141.56392,38.70123]]],[[[141.56411,38.70136],[141.56415,38.70136],[141.56411,38.70135],[141.56411,38.70136]]],[[[141.56374,38.70146],[141.56376,38.70143],[141.56373,38.70144],[141.56374,38.70146]]],[[[141.56375,38.70149],[141.56377,38.70148],[141.56374,38.70148],[141.56375,38.70149]]],[[[141.56398,38.70168],[141.56398,38.70164],[141.56394,38.70164],[141.56398,38.70168]]],[[[141.56379,38.70165],[141.56384,38.70167],[141.56384,38.70164],[141.56379,38.70165]]],[[[141.56395,38.70175],[141.56399,38.7017],[141.56393,38.70169],[141.56395,38.70175]]],[[[141.56403,38.7017],[141.56402,38.70181],[141.56406,38.70176],[141.56403,38.7017]]],[[[141.56438,38.70195],[141.56432,38.70198],[141.56438,38.70197],[141.56438,38.70195]]],[[[141.56414,38.70203],[141.56417,38.7021],[141.5642,38.70209],[141.56414,38.70203]]],[[[141.56427,38.70209],[141.5643,38.7021],[141.56427,38.70205],[141.56427,38.70209]]],[[[141.56445,38.70211],[141.56446,38.70209],[141.56445,38.70209],[141.56445,38.70211]]],[[[141.56442,38.70214],[141.56443,38.7021],[141.5644,38.7021],[141.56442,38.70214]]],[[[141.56505,38.70217],[141.56508,38.7022],[141.5651,38.70219],[141.56505,38.70217]]],[[[141.56421,38.70249],[141.56426,38.70247],[141.56422,38.70244],[141.56421,38.70249]]],[[[141.56505,38.70246],[141.56502,38.70249],[141.56508,38.70249],[141.56505,38.70246]]],[[[141.56531,38.70254],[141.56538,38.70253],[141.56533,38.7025],[141.56531,38.70254]]],[[[141.56402,38.70264],[141.56408,38.70264],[141.56405,38.70261],[141.56402,38.70264]]],[[[141.56369,38.70272],[141.56371,38.70267],[141.56367,38.70268],[141.56369,38.70272]]],[[[141.56408,38.70268],[141.56412,38.70275],[141.56416,38.70271],[141.56408,38.70268]]],[[[141.5638,38.7028],[141.56383,38.70278],[141.56379,38.70277],[141.5638,38.7028]]],[[[141.56404,38.7028],[141.56408,38.70279],[141.56403,38.70278],[141.56404,38.7028]]],[[[141.56375,38.70287],[141.56375,38.70283],[141.56371,38.70282],[141.56375,38.70287]]],[[[141.56397,38.70369],[141.56403,38.70381],[141.56398,38.70367],[141.56397,38.70369]]],[[[141.5643,38.7038],[141.56422,38.70369],[141.56418,38.70376],[141.5643,38.7038]]],[[[141.565,38.70387],[141.56503,38.70386],[141.56499,38.70385],[141.565,38.70387]]],[[[141.56437,38.70387],[141.56439,38.70385],[141.56437,38.70384],[141.56437,38.70387]]],[[[141.56466,38.70394],[141.5646,38.70381],[141.56459,38.70395],[141.56466,38.70394]]],[[[141.56508,38.70391],[141.56509,38.70388],[141.56506,38.70388],[141.56508,38.70391]]],[[[141.56432,38.70391],[141.56436,38.70393],[141.56434,38.70388],[141.56432,38.70391]]],[[[141.56412,38.70394],[141.56413,38.7039],[141.5641,38.70392],[141.56412,38.70394]]],[[[141.56428,38.70402],[141.56423,38.70392],[141.5642,38.70398],[141.56428,38.70402]]],[[[141.56439,38.70401],[141.56442,38.70404],[141.56442,38.70402],[141.56439,38.70401]]],[[[141.5642,38.70408],[141.56424,38.70405],[141.56419,38.70406],[141.5642,38.70408]]],[[[141.56468,38.70398],[141.56498,38.70412],[141.5651,38.70396],[141.56468,38.70398]]],[[[141.5653,38.70414],[141.56528,38.70428],[141.56537,38.70423],[141.5653,38.70414]]],[[[141.56512,38.70427],[141.56515,38.70431],[141.56517,38.70424],[141.56512,38.70427]]],[[[141.56503,38.70426],[141.56508,38.70429],[141.5651,38.70425],[141.56503,38.70426]]],[[[141.56528,38.70448],[141.56517,38.70442],[141.56516,38.70444],[141.56528,38.70448]]],[[[141.56505,38.70457],[141.56509,38.70447],[141.56499,38.70445],[141.56505,38.70457]]],[[[141.56482,38.70463],[141.56488,38.70468],[141.56487,38.70464],[141.56482,38.70463]]],[[[141.56441,38.70462],[141.56436,38.70472],[141.56443,38.70471],[141.56441,38.70462]]],[[[141.56451,38.70481],[141.56444,38.70474],[141.56446,38.7048],[141.56451,38.70481]]],[[[141.56495,38.70493],[141.56496,38.7048],[141.56484,38.70485],[141.56495,38.70493]]],[[[141.56444,38.70496],[141.5645,38.70499],[141.56447,38.70494],[141.56444,38.70496]]],[[[141.56439,38.70505],[141.56442,38.70497],[141.56439,38.70495],[141.56439,38.70505]]],[[[141.56529,38.70526],[141.56529,38.70523],[141.56528,38.70523],[141.56529,38.70526]]],[[[141.56478,38.70529],[141.56468,38.70536],[141.56479,38.70532],[141.56478,38.70529]]],[[[141.56501,38.71276],[141.56499,38.71294],[141.56502,38.71295],[141.56501,38.71276]]],[[[141.56476,38.71273],[141.56477,38.71307],[141.56481,38.71311],[141.56476,38.71273]]],[[[141.56484,38.71308],[141.56489,38.71311],[141.56489,38.71308],[141.56484,38.71308]]],[[[141.56509,38.71317],[141.56504,38.71321],[141.56507,38.71323],[141.56509,38.71317]]],[[[141.56482,38.71329],[141.56487,38.71327],[141.56481,38.71325],[141.56482,38.71329]]],[[[141.56515,38.71404],[141.56507,38.71408],[141.56514,38.71412],[141.56515,38.71404]]],[[[141.56517,38.71419],[141.56511,38.71424],[141.56522,38.71434],[141.56517,38.71419]]],[[[141.56534,38.72428],[141.56529,38.72421],[141.56527,38.72428],[141.56534,38.72428]]],[[[141.5652,38.72488],[141.56526,38.72471],[141.56515,38.7247],[141.5652,38.72488]]],[[[141.56543,38.72485],[141.56539,38.72489],[141.56541,38.72489],[141.56543,38.72485]]],[[[141.56516,38.72494],[141.56519,38.72492],[141.56515,38.72491],[141.56516,38.72494]]],[[[141.56471,38.72498],[141.56475,38.72501],[141.56477,38.72498],[141.56471,38.72498]]],[[[141.56369,38.72511],[141.56373,38.72513],[141.56373,38.72512],[141.56369,38.72511]]],[[[141.56382,38.72516],[141.56382,38.72513],[141.56381,38.72516],[141.56382,38.72516]]],[[[141.56465,38.72518],[141.5647,38.72516],[141.56464,38.72516],[141.56465,38.72518]]],[[[141.56464,38.72522],[141.56472,38.7252],[141.56463,38.72521],[141.56464,38.72522]]],[[[141.56395,38.72529],[141.56398,38.72531],[141.56396,38.72527],[141.56395,38.72529]]],[[[141.56392,38.72527],[141.56393,38.72546],[141.56401,38.72542],[141.56392,38.72527]]],[[[141.56401,38.72549],[141.56393,38.72549],[141.56396,38.72556],[141.56401,38.72549]]],[[[141.56487,38.72834],[141.56485,38.72818],[141.56475,38.72831],[141.56487,38.72834]]],[[[141.56473,38.72903],[141.56474,38.72901],[141.56472,38.72902],[141.56473,38.72903]]],[[[141.56449,38.72909],[141.5645,38.72913],[141.56451,38.72912],[141.56449,38.72909]]],[[[141.56422,38.72914],[141.56425,38.72916],[141.56422,38.7291],[141.56422,38.72914]]],[[[141.56446,38.72917],[141.56452,38.72918],[141.56452,38.72917],[141.56446,38.72917]]],[[[141.56477,38.72922],[141.56483,38.72919],[141.56477,38.72921],[141.56477,38.72922]]],[[[141.56452,38.72925],[141.56454,38.72924],[141.56452,38.72924],[141.56452,38.72925]]],[[[141.56447,38.72928],[141.5645,38.72925],[141.56446,38.72923],[141.56447,38.72928]]],[[[141.5643,38.7293],[141.56427,38.72936],[141.56429,38.72937],[141.5643,38.7293]]],[[[141.56451,38.72929],[141.56451,38.72943],[141.56458,38.72931],[141.56451,38.72929]]],[[[141.56444,38.72939],[141.56444,38.72935],[141.56443,38.72937],[141.56444,38.72939]]],[[[141.56438,38.72938],[141.56435,38.72941],[141.56439,38.72941],[141.56438,38.72938]]],[[[141.56458,38.7296],[141.56457,38.72969],[141.56463,38.72968],[141.56458,38.7296]]],[[[141.56541,38.73027],[141.56543,38.73038],[141.56544,38.73021],[141.56541,38.73027]]],[[[141.56419,38.73228],[141.5644,38.7322],[141.56444,38.73202],[141.56423,38.73205],[141.56419,38.73228]]],[[[141.5647,38.73245],[141.56482,38.7322],[141.56459,38.73224],[141.56463,38.73253],[141.5647,38.73245]]],[[[141.5645,38.73274],[141.56453,38.73232],[141.56418,38.73237],[141.5645,38.73274]]],[[[141.56463,38.73255],[141.56464,38.73263],[141.56469,38.73249],[141.56463,38.73255]]],[[[141.56442,38.73316],[141.56446,38.73314],[141.56443,38.73313],[141.56442,38.73316]]],[[[141.56537,38.73459],[141.56539,38.73456],[141.56537,38.73456],[141.56537,38.73459]]],[[[141.56525,38.73466],[141.56531,38.73472],[141.56525,38.73465],[141.56525,38.73466]]],[[[141.56527,38.73531],[141.56531,38.73519],[141.56526,38.73518],[141.56527,38.73531]]],[[[141.56522,38.73544],[141.56526,38.73545],[141.56524,38.73542],[141.56522,38.73544]]],[[[141.56479,38.73727],[141.56473,38.73721],[141.56474,38.73726],[141.56479,38.73727]]],[[[141.56487,38.73725],[141.56488,38.7372],[141.56486,38.7372],[141.56487,38.73725]]],[[[141.56528,38.73736],[141.56531,38.73731],[141.56521,38.73733],[141.56528,38.73736]]],[[[141.56542,38.73734],[141.56547,38.73734],[141.56548,38.73733],[141.56542,38.73734]]],[[[141.56543,38.7374],[141.56547,38.73738],[141.56542,38.73739],[141.56543,38.7374]]],[[[141.56483,38.73767],[141.56479,38.73771],[141.56483,38.73772],[141.56483,38.73767]]],[[[141.56484,38.73775],[141.56478,38.7378],[141.56483,38.7378],[141.56484,38.73775]]],[[[141.56528,38.73782],[141.56522,38.73776],[141.56524,38.73796],[141.56528,38.73782]]],[[[141.56483,38.73794],[141.56489,38.73806],[141.56486,38.7379],[141.56483,38.73794]]],[[[141.56503,38.738],[141.56492,38.73801],[141.56496,38.73807],[141.56503,38.738]]],[[[141.56507,38.73798],[141.5651,38.738],[141.56509,38.73797],[141.56507,38.73798]]],[[[141.56524,38.73799],[141.5653,38.73801],[141.5653,38.73799],[141.56524,38.73799]]],[[[141.56526,38.73809],[141.56533,38.73812],[141.56536,38.7381],[141.56526,38.73809]]],[[[141.56533,38.73833],[141.56525,38.73825],[141.56526,38.73836],[141.56533,38.73833]]],[[[141.56508,38.7385],[141.56523,38.73833],[141.56508,38.73827],[141.56508,38.7385]]],[[[141.56498,38.73833],[141.56503,38.73845],[141.565,38.73833],[141.56498,38.73833]]],[[[141.565,38.7385],[141.56502,38.73847],[141.56499,38.73848],[141.565,38.7385]]],[[[141.56508,38.73854],[141.56509,38.73852],[141.56507,38.73853],[141.56508,38.73854]]],[[[141.5652,38.73871],[141.56523,38.73868],[141.5652,38.73868],[141.5652,38.73871]]],[[[141.56548,38.73885],[141.56537,38.73877],[141.56535,38.73883],[141.56548,38.73885]]],[[[141.56499,38.73886],[141.56506,38.73885],[141.56499,38.73884],[141.56499,38.73886]]],[[[141.56541,38.73958],[141.56544,38.73958],[141.56542,38.73956],[141.56541,38.73958]]],[[[141.56493,38.73996],[141.56498,38.73982],[141.56494,38.73981],[141.56493,38.73996]]],[[[141.56507,38.74],[141.56511,38.74001],[141.56511,38.74],[141.56507,38.74]]],[[[141.56492,38.74002],[141.56496,38.74004],[141.56493,38.74],[141.56492,38.74002]]],[[[141.56511,38.74004],[141.56508,38.74008],[141.56512,38.74005],[141.56511,38.74004]]],[[[141.56465,38.74013],[141.56471,38.74012],[141.56465,38.74011],[141.56465,38.74013]]],[[[141.56468,38.74016],[141.56465,38.74019],[141.56469,38.74017],[141.56468,38.74016]]],[[[141.56446,38.74044],[141.56455,38.74029],[141.56454,38.74019],[141.56446,38.74044]]],[[[141.56427,38.74039],[141.56432,38.74041],[141.56433,38.74039],[141.56427,38.74039]]],[[[141.56426,38.74046],[141.5643,38.74052],[141.56433,38.74047],[141.56426,38.74046]]],[[[141.56415,38.74081],[141.56411,38.7407],[141.56408,38.7408],[141.56415,38.74081]]],[[[141.56425,38.74075],[141.56428,38.74077],[141.56428,38.74075],[141.56425,38.74075]]],[[[141.56401,38.7408],[141.56389,38.74069],[141.56388,38.74089],[141.56401,38.7408]]],[[[141.56367,38.74086],[141.56364,38.74074],[141.56363,38.74089],[141.56367,38.74086]]],[[[141.56409,38.74083],[141.56411,38.74088],[141.56412,38.74082],[141.56409,38.74083]]],[[[141.56438,38.74093],[141.56436,38.74081],[141.56431,38.74093],[141.56438,38.74093]]],[[[141.56435,38.74094],[141.56439,38.74099],[141.5644,38.74095],[141.56435,38.74094]]],[[[141.56467,38.74088],[141.56444,38.74098],[141.56454,38.74118],[141.56467,38.74088]]],[[[141.5637,38.74207],[141.5637,38.74211],[141.56374,38.74209],[141.5637,38.74207]]],[[[141.56565,38.69955],[141.56571,38.69958],[141.56569,38.69953],[141.56565,38.69955]]],[[[141.56553,38.69962],[141.56553,38.69969],[141.56556,38.69965],[141.56553,38.69962]]],[[[141.56558,38.69966],[141.56563,38.69969],[141.56563,38.69964],[141.56558,38.69966]]],[[[141.56672,38.70025],[141.56679,38.70007],[141.56651,38.7],[141.56672,38.70025]]],[[[141.56655,38.70015],[141.56647,38.70014],[141.56652,38.70019],[141.56655,38.70015]]],[[[141.56656,38.70023],[141.56658,38.70017],[141.56657,38.70017],[141.56656,38.70023]]],[[[141.56646,38.70046],[141.56655,38.70051],[141.56658,38.70052],[141.56655,38.70048],[141.56646,38.70046]]],[[[141.5655,38.70068],[141.56554,38.7007],[141.56553,38.70067],[141.5655,38.70068]]],[[[141.56621,38.70162],[141.5662,38.70156],[141.56618,38.70156],[141.56621,38.70162]]],[[[141.5655,38.70273],[141.56549,38.70269],[141.56546,38.7027],[141.5655,38.70273]]],[[[141.56554,38.70519],[141.5656,38.70518],[141.56554,38.70514],[141.56554,38.70519]]],[[[141.56563,38.70522],[141.56566,38.70519],[141.56563,38.70518],[141.56563,38.70522]]],[[[141.56584,38.70536],[141.56587,38.70534],[141.56583,38.70531],[141.56584,38.70536]]],[[[141.56588,38.70534],[141.5659,38.70536],[141.56592,38.70533],[141.56588,38.70534]]],[[[141.56618,38.70558],[141.5661,38.70542],[141.56606,38.70547],[141.56618,38.70558]]],[[[141.56598,38.70566],[141.56615,38.70558],[141.56596,38.7055],[141.56598,38.70566]]],[[[141.56586,38.70569],[141.56591,38.70568],[141.5659,38.70567],[141.56586,38.70569]]],[[[141.56592,38.70575],[141.56598,38.7058],[141.56592,38.70573],[141.56592,38.70575]]],[[[141.56649,38.70581],[141.56654,38.7058],[141.56648,38.70578],[141.56649,38.70581]]],[[[141.56606,38.70593],[141.56612,38.70577],[141.56606,38.70574],[141.56606,38.70593]]],[[[141.56664,38.70579],[141.56661,38.70592],[141.56666,38.7059],[141.56664,38.70579]]],[[[141.5663,38.70586],[141.56636,38.70593],[141.56632,38.70583],[141.5663,38.70586]]],[[[141.566,38.70601],[141.56593,38.70583],[141.56587,38.70591],[141.566,38.70601]]],[[[141.56645,38.70589],[141.56645,38.70597],[141.5665,38.70596],[141.56645,38.70589]]],[[[141.56627,38.70594],[141.56629,38.70592],[141.56626,38.70592],[141.56627,38.70594]]],[[[141.56656,38.70594],[141.56659,38.70593],[141.56654,38.70592],[141.56656,38.70594]]],[[[141.5666,38.70599],[141.56656,38.70597],[141.56657,38.70599],[141.5666,38.70599]]],[[[141.56664,38.70599],[141.56672,38.70612],[141.56675,38.70607],[141.56664,38.70599]]],[[[141.56646,38.70604],[141.56654,38.70619],[141.56659,38.70618],[141.56646,38.70604]]],[[[141.56621,38.70636],[141.56639,38.70603],[141.56612,38.70607],[141.56621,38.70636]]],[[[141.56618,38.7065],[141.56607,38.70642],[141.56605,38.7065],[141.56618,38.7065]]],[[[141.56595,38.70658],[141.56585,38.70665],[141.56596,38.70663],[141.56595,38.70658]]],[[[141.56639,38.70663],[141.56647,38.70664],[141.56638,38.70661],[141.56639,38.70663]]],[[[141.56562,38.7069],[141.56567,38.70689],[141.56563,38.70687],[141.56562,38.7069]]],[[[141.56583,38.70705],[141.56591,38.70689],[141.56571,38.70688],[141.56583,38.70705]]],[[[141.56631,38.70704],[141.56619,38.70696],[141.56628,38.70707],[141.56631,38.70704]]],[[[141.56606,38.70704],[141.56593,38.70713],[141.566,38.70718],[141.56606,38.70704]]],[[[141.5663,38.70715],[141.56635,38.70714],[141.56629,38.7071],[141.5663,38.70715]]],[[[141.56609,38.7071],[141.56615,38.70724],[141.56611,38.7071],[141.56609,38.7071]]],[[[141.5665,38.70731],[141.56654,38.70729],[141.56651,38.70726],[141.5665,38.70731]]],[[[141.56617,38.70738],[141.56619,38.70754],[141.56626,38.70751],[141.56617,38.70738]]],[[[141.5663,38.70749],[141.56632,38.70758],[141.56636,38.70755],[141.5663,38.70749]]],[[[141.56634,38.70766],[141.56634,38.70764],[141.56633,38.70765],[141.56634,38.70766]]],[[[141.56629,38.7077],[141.56617,38.70761],[141.56616,38.70767],[141.56629,38.7077]]],[[[141.56643,38.70763],[141.56633,38.70769],[141.56645,38.70771],[141.56643,38.70763]]],[[[141.5661,38.70788],[141.56622,38.70779],[141.56605,38.70776],[141.5661,38.70788]]],[[[141.56632,38.70809],[141.5664,38.70793],[141.56622,38.70793],[141.56632,38.70809]]],[[[141.56641,38.70837],[141.56642,38.70834],[141.56639,38.70834],[141.56641,38.70837]]],[[[141.56591,38.70845],[141.56595,38.70834],[141.56586,38.70838],[141.56591,38.70845]]],[[[141.56575,38.70866],[141.56576,38.70859],[141.56574,38.70859],[141.56575,38.70866]]],[[[141.56588,38.70867],[141.56585,38.70876],[141.56593,38.70873],[141.56588,38.70867]]],[[[141.56607,38.70874],[141.56607,38.70887],[141.56613,38.70883],[141.56607,38.70874]]],[[[141.56595,38.70892],[141.56579,38.70884],[141.56584,38.70896],[141.56595,38.70892]]],[[[141.56598,38.7089],[141.56598,38.70886],[141.56597,38.70886],[141.56598,38.7089]]],[[[141.56576,38.70896],[141.56568,38.70889],[141.56577,38.70902],[141.56576,38.70896]]],[[[141.56592,38.70899],[141.56588,38.70905],[141.56594,38.70902],[141.56592,38.70899]]],[[[141.56572,38.70912],[141.56577,38.7091],[141.56571,38.70907],[141.56572,38.70912]]],[[[141.56628,38.7092],[141.56625,38.70924],[141.56629,38.70923],[141.56628,38.7092]]],[[[141.56609,38.70979],[141.566,38.70989],[141.5661,38.70991],[141.56609,38.70979]]],[[[141.56634,38.71024],[141.56643,38.71029],[141.56638,38.71023],[141.56634,38.71024]]],[[[141.56642,38.71037],[141.56646,38.71035],[141.56642,38.71033],[141.56642,38.71037]]],[[[141.56649,38.71103],[141.56643,38.71098],[141.56641,38.71106],[141.56649,38.71103]]],[[[141.56632,38.71128],[141.56633,38.71126],[141.56631,38.71126],[141.56632,38.71128]]],[[[141.56629,38.71142],[141.56629,38.71139],[141.56627,38.71139],[141.56629,38.71142]]],[[[141.56608,38.71166],[141.56606,38.71178],[141.56611,38.71179],[141.56608,38.71166]]],[[[141.5662,38.7119],[141.56634,38.71178],[141.56621,38.7117],[141.5662,38.7119]]],[[[141.56615,38.71183],[141.56617,38.71181],[141.56614,38.71179],[141.56615,38.71183]]],[[[141.56607,38.71191],[141.56604,38.71202],[141.5661,38.71201],[141.56607,38.71191]]],[[[141.56634,38.712],[141.56638,38.712],[141.56635,38.71198],[141.56634,38.712]]],[[[141.56627,38.71209],[141.56626,38.71201],[141.56618,38.71205],[141.56627,38.71209]]],[[[141.56638,38.71204],[141.56634,38.71208],[141.56639,38.71207],[141.56638,38.71204]]],[[[141.5657,38.71222],[141.56567,38.71197],[141.56556,38.71229],[141.5657,38.71222]]],[[[141.56631,38.71213],[141.56619,38.71213],[141.56628,38.71223],[141.56631,38.71213]]],[[[141.56585,38.71218],[141.56575,38.71229],[141.56588,38.71226],[141.56585,38.71218]]],[[[141.56554,38.71261],[141.56587,38.71253],[141.56592,38.71235],[141.56554,38.71261]]],[[[141.56557,38.71265],[141.56557,38.71277],[141.56561,38.71276],[141.56557,38.71265]]],[[[141.56563,38.71278],[141.5656,38.71265],[141.56559,38.71265],[141.56563,38.71278]]],[[[141.5657,38.72424],[141.56573,38.72423],[141.56569,38.72422],[141.5657,38.72424]]],[[[141.56548,38.72445],[141.56565,38.7242],[141.56535,38.72426],[141.56548,38.72445]]],[[[141.56572,38.7244],[141.56564,38.72444],[141.56566,38.72447],[141.56572,38.7244]]],[[[141.56591,38.72468],[141.566,38.72448],[141.56594,38.72446],[141.56591,38.72468]]],[[[141.56576,38.7246],[141.56579,38.72462],[141.56579,38.72459],[141.56576,38.7246]]],[[[141.56554,38.7246],[141.56556,38.72466],[141.56557,38.72462],[141.56554,38.7246]]],[[[141.56571,38.72481],[141.56575,38.7248],[141.56571,38.7248],[141.56571,38.72481]]],[[[141.56547,38.72491],[141.56552,38.72495],[141.56549,38.72489],[141.56547,38.72491]]],[[[141.56623,38.72504],[141.56593,38.72497],[141.56624,38.72509],[141.56623,38.72504]]],[[[141.56584,38.72503],[141.56586,38.725],[141.5658,38.72501],[141.56584,38.72503]]],[[[141.56636,38.72512],[141.56638,38.72516],[141.56644,38.72516],[141.56636,38.72512]]],[[[141.56643,38.72521],[141.56622,38.72515],[141.56645,38.72527],[141.56643,38.72521]]],[[[141.56611,38.72526],[141.56617,38.72528],[141.56617,38.72525],[141.56611,38.72526]]],[[[141.56618,38.72551],[141.5662,38.72549],[141.56619,38.72547],[141.56618,38.72551]]],[[[141.56652,38.72562],[141.56654,38.72564],[141.56655,38.7256],[141.56652,38.72562]]],[[[141.5667,38.72583],[141.56666,38.72587],[141.5667,38.72588],[141.5667,38.72583]]],[[[141.56647,38.72641],[141.56643,38.72649],[141.56647,38.7265],[141.56647,38.72641]]],[[[141.56628,38.72652],[141.5663,38.72647],[141.56627,38.7265],[141.56628,38.72652]]],[[[141.56606,38.72689],[141.56603,38.72687],[141.56601,38.7269],[141.56606,38.72689]]],[[[141.56595,38.72722],[141.56599,38.72724],[141.56599,38.72722],[141.56595,38.72722]]],[[[141.56618,38.7274],[141.56607,38.72739],[141.56613,38.72748],[141.56618,38.7274]]],[[[141.56642,38.72776],[141.56645,38.72781],[141.56645,38.72774],[141.56642,38.72776]]],[[[141.56605,38.72817],[141.56614,38.72803],[141.56608,38.72795],[141.56605,38.72817]]],[[[141.56571,38.7289],[141.56587,38.72872],[141.56573,38.72866],[141.56571,38.7289]]],[[[141.56582,38.72976],[141.56575,38.72966],[141.56574,38.72975],[141.56582,38.72976]]],[[[141.56574,38.72988],[141.56576,38.72985],[141.56573,38.72982],[141.56574,38.72988]]],[[[141.56595,38.73012],[141.5659,38.73001],[141.56584,38.72997],[141.56595,38.73012]]],[[[141.56578,38.73008],[141.56581,38.73007],[141.56579,38.73006],[141.56578,38.73008]]],[[[141.5659,38.73031],[141.56582,38.73041],[141.56585,38.73045],[141.5659,38.73031]]],[[[141.56545,38.73303],[141.56549,38.73305],[141.56549,38.73304],[141.56545,38.73303]]],[[[141.56583,38.7342],[141.56579,38.73415],[141.56579,38.73438],[141.56583,38.7342]]],[[[141.56558,38.73444],[141.56561,38.73444],[141.56559,38.73443],[141.56558,38.73444]]],[[[141.56557,38.73481],[141.56569,38.73465],[141.56555,38.7346],[141.56557,38.73481]]],[[[141.56601,38.73492],[141.56603,38.73495],[141.56603,38.73492],[141.56601,38.73492]]],[[[141.56563,38.73494],[141.56568,38.73496],[141.56568,38.73494],[141.56563,38.73494]]],[[[141.56571,38.73503],[141.56572,38.73501],[141.56571,38.735],[141.56571,38.73503]]],[[[141.56573,38.73515],[141.56599,38.73493],[141.56584,38.73483],[141.56573,38.73515]]],[[[141.56569,38.7351],[141.5656,38.73501],[141.5656,38.73509],[141.56569,38.7351]]],[[[141.5659,38.73518],[141.56585,38.7352],[141.56585,38.7352],[141.5659,38.73518]]],[[[141.56564,38.73527],[141.56561,38.73531],[141.56564,38.73531],[141.56564,38.73527]]],[[[141.5661,38.73532],[141.56616,38.73535],[141.56615,38.73532],[141.5661,38.73532]]],[[[141.56619,38.73544],[141.56607,38.73552],[141.56611,38.73553],[141.56619,38.73544]]],[[[141.56605,38.73544],[141.566,38.73547],[141.56599,38.73549],[141.56603,38.7355],[141.56605,38.73544]]],[[[141.56587,38.73555],[141.56589,38.73559],[141.56592,38.73557],[141.56587,38.73555]]],[[[141.56606,38.73559],[141.56599,38.73561],[141.56603,38.73562],[141.56606,38.73559]]],[[[141.56563,38.7355],[141.56571,38.73562],[141.56565,38.7355],[141.56563,38.7355]]],[[[141.56594,38.73569],[141.56588,38.73563],[141.56588,38.73569],[141.56594,38.73569]]],[[[141.56557,38.73579],[141.5656,38.73584],[141.56559,38.73578],[141.56557,38.73579]]],[[[141.56645,38.7358],[141.5665,38.73586],[141.56646,38.73579],[141.56645,38.7358]]],[[[141.56593,38.73592],[141.56621,38.73566],[141.56595,38.73578],[141.56593,38.73592]]],[[[141.56572,38.73596],[141.56563,38.73584],[141.56564,38.73603],[141.56572,38.73596]]],[[[141.56583,38.73598],[141.56579,38.736],[141.56584,38.736],[141.56583,38.73598]]],[[[141.56577,38.73604],[141.56572,38.7361],[141.56574,38.73616],[141.56577,38.73604]]],[[[141.56637,38.73611],[141.56639,38.73618],[141.56642,38.73611],[141.56637,38.73611]]],[[[141.56573,38.73625],[141.56568,38.73605],[141.56562,38.73633],[141.56573,38.73625]]],[[[141.56632,38.73618],[141.56634,38.73627],[141.56638,38.73629],[141.56632,38.73618]]],[[[141.5662,38.73614],[141.56606,38.73637],[141.5662,38.73645],[141.5662,38.73614]]],[[[141.56586,38.73611],[141.56592,38.73626],[141.56587,38.7361],[141.56586,38.73611]]],[[[141.5657,38.73639],[141.56561,38.73639],[141.56567,38.73658],[141.5657,38.73639]]],[[[141.56572,38.7366],[141.56576,38.73671],[141.56575,38.73659],[141.56572,38.7366]]],[[[141.56588,38.73671],[141.56591,38.73676],[141.56589,38.7367],[141.56588,38.73671]]],[[[141.56602,38.73679],[141.56592,38.7367],[141.56594,38.73687],[141.56602,38.73679]]],[[[141.56607,38.73689],[141.56601,38.73685],[141.56601,38.7369],[141.56607,38.73689]]],[[[141.56646,38.73685],[141.56648,38.73691],[141.5665,38.73687],[141.56646,38.73685]]],[[[141.56653,38.73697],[141.56646,38.73702],[141.56654,38.73699],[141.56653,38.73697]]],[[[141.56605,38.73702],[141.56608,38.73701],[141.56606,38.73697],[141.56605,38.73702]]],[[[141.56648,38.73704],[141.5665,38.73706],[141.56649,38.73703],[141.56648,38.73704]]],[[[141.56632,38.73726],[141.56636,38.73725],[141.56632,38.73722],[141.56632,38.73726]]],[[[141.56553,38.73741],[141.56556,38.73739],[141.56552,38.73739],[141.56553,38.73741]]],[[[141.56577,38.73743],[141.56579,38.73751],[141.5658,38.73743],[141.56577,38.73743]]],[[[141.56576,38.73748],[141.56571,38.73747],[141.56571,38.73751],[141.56576,38.73748]]],[[[141.56565,38.73751],[141.56569,38.73748],[141.56566,38.73747],[141.56565,38.73751]]],[[[141.56562,38.73755],[141.56558,38.73746],[141.56556,38.73755],[141.56562,38.73755]]],[[[141.56578,38.73824],[141.56587,38.73813],[141.56582,38.73807],[141.56578,38.73824]]],[[[141.56608,38.73811],[141.56605,38.73822],[141.56607,38.73822],[141.56608,38.73811]]],[[[141.56586,38.73829],[141.56587,38.73827],[141.56586,38.73828],[141.56586,38.73829]]],[[[141.5659,38.7383],[141.56591,38.73828],[141.5659,38.73828],[141.5659,38.7383]]],[[[141.56582,38.73836],[141.56579,38.73825],[141.5658,38.73836],[141.56582,38.73836]]],[[[141.56586,38.73832],[141.56589,38.7383],[141.56586,38.7383],[141.56586,38.73832]]],[[[141.56569,38.73831],[141.56574,38.73834],[141.56575,38.73833],[141.56569,38.73831]]],[[[141.56553,38.73837],[141.5654,38.73833],[141.56538,38.73835],[141.56553,38.73837]]],[[[141.56581,38.73846],[141.56583,38.73854],[141.56587,38.73854],[141.56581,38.73846]]],[[[141.56522,38.73852],[141.56579,38.73857],[141.56577,38.73845],[141.56522,38.73852]]],[[[141.56575,38.73873],[141.56582,38.73878],[141.56584,38.73873],[141.56575,38.73873]]],[[[141.56657,38.73893],[141.5666,38.7389],[141.56659,38.73889],[141.56657,38.73893]]],[[[141.56594,38.73898],[141.56597,38.73895],[141.56594,38.73895],[141.56594,38.73898]]],[[[141.56621,38.73903],[141.56623,38.739],[141.5662,38.73899],[141.56621,38.73903]]],[[[141.56624,38.73893],[141.56625,38.73912],[141.56627,38.73914],[141.56624,38.73893]]],[[[141.56664,38.73897],[141.56659,38.73915],[141.56664,38.73916],[141.56664,38.73897]]],[[[141.56589,38.73918],[141.56591,38.73895],[141.56565,38.73899],[141.56581,38.73905],[141.56589,38.73918]]],[[[141.56575,38.73917],[141.56569,38.73908],[141.56573,38.73918],[141.56575,38.73917]]],[[[141.56593,38.73914],[141.56597,38.73911],[141.56594,38.73911],[141.56593,38.73914]]],[[[141.56616,38.73914],[141.5662,38.73912],[141.56616,38.73911],[141.56616,38.73914]]],[[[141.56586,38.73959],[141.56591,38.73928],[141.56577,38.73914],[141.5657,38.73936],[141.56586,38.73959]]],[[[141.56592,38.73945],[141.56597,38.73943],[141.56593,38.73941],[141.56592,38.73945]]],[[[141.56541,38.73944],[141.56542,38.73955],[141.5655,38.73958],[141.56541,38.73944]]],[[[141.56592,38.73959],[141.56593,38.73956],[141.5659,38.73956],[141.56592,38.73959]]],[[[141.5658,38.73957],[141.56584,38.73966],[141.5658,38.73957],[141.5658,38.73957]]],[[[141.56565,38.73976],[141.56557,38.73956],[141.56551,38.73954],[141.56565,38.73976]]],[[[141.56597,38.73978],[141.56599,38.73983],[141.56602,38.73978],[141.56597,38.73978]]],[[[141.56714,38.70031],[141.56718,38.70026],[141.56714,38.70026],[141.56714,38.70031]]],[[[141.56679,38.70094],[141.56685,38.70101],[141.5668,38.70093],[141.56679,38.70094]]],[[[141.56668,38.70578],[141.56671,38.70586],[141.56674,38.70581],[141.56668,38.70578]]],[[[141.56681,38.70607],[141.56694,38.70574],[141.56667,38.70595],[141.56681,38.70607]]],[[[141.56678,38.70614],[141.56685,38.70614],[141.5668,38.7061],[141.56678,38.70614]]],[[[141.56677,38.70778],[141.56687,38.70768],[141.56673,38.70769],[141.56677,38.70778]]],[[[141.56666,38.70787],[141.5667,38.7077],[141.56669,38.7077],[141.56666,38.70787]]],[[[141.56869,38.70985],[141.56871,38.70982],[141.56869,38.70982],[141.56869,38.70985]]],[[[141.56675,38.71051],[141.56677,38.71049],[141.56673,38.71049],[141.56675,38.71051]]],[[[141.56681,38.71055],[141.56675,38.71061],[141.56683,38.71059],[141.56681,38.71055]]],[[[141.56684,38.71064],[141.56675,38.71071],[141.56685,38.71067],[141.56684,38.71064]]],[[[141.56794,38.71073],[141.56795,38.71081],[141.56796,38.71073],[141.56794,38.71073]]],[[[141.56803,38.71081],[141.56808,38.71084],[141.56808,38.71083],[141.56803,38.71081]]],[[[141.56794,38.71087],[141.56798,38.71088],[141.56797,38.71086],[141.56794,38.71087]]],[[[141.56674,38.71089],[141.5668,38.71088],[141.56674,38.71086],[141.56674,38.71089]]],[[[141.56789,38.71093],[141.56793,38.71101],[141.56794,38.71101],[141.56789,38.71093]]],[[[141.56829,38.71096],[141.56835,38.71101],[141.5684,38.71103],[141.56829,38.71096]]],[[[141.56787,38.71112],[141.56792,38.71113],[141.56787,38.71111],[141.56787,38.71112]]],[[[141.56797,38.71116],[141.56802,38.71116],[141.56797,38.71115],[141.56797,38.71116]]],[[[141.56809,38.71148],[141.56842,38.71107],[141.56802,38.71094],[141.56809,38.71148]]],[[[141.567,38.71138],[141.56702,38.71134],[141.56698,38.71134],[141.567,38.71138]]],[[[141.56677,38.71138],[141.56684,38.71133],[141.56699,38.71143],[141.56691,38.71126],[141.56672,38.71126],[141.56667,38.71152],[141.56675,38.71156],[141.56677,38.71138]]],[[[141.56701,38.7114],[141.56708,38.71145],[141.56707,38.71138],[141.56701,38.7114]]],[[[141.56712,38.71145],[141.56713,38.71142],[141.56712,38.71142],[141.56712,38.71145]]],[[[141.56679,38.71144],[141.56683,38.71148],[141.56685,38.71147],[141.56679,38.71144]]],[[[141.5668,38.71152],[141.56679,38.71148],[141.56678,38.71148],[141.5668,38.71152]]],[[[141.56668,38.7116],[141.56672,38.71167],[141.5667,38.71159],[141.56668,38.7116]]],[[[141.56667,38.7118],[141.56668,38.7119],[141.56674,38.71187],[141.56667,38.7118]]],[[[141.5677,38.72479],[141.56754,38.72477],[141.56768,38.72487],[141.5677,38.72479]]],[[[141.56716,38.72499],[141.56707,38.72498],[141.56715,38.72503],[141.56716,38.72499]]],[[[141.56728,38.72507],[141.56731,38.72515],[141.56735,38.7251],[141.56728,38.72507]]],[[[141.56701,38.72529],[141.56703,38.72496],[141.5669,38.72502],[141.56701,38.72529]]],[[[141.56747,38.72519],[141.56753,38.72521],[141.56747,38.72517],[141.56747,38.72519]]],[[[141.56761,38.72527],[141.56767,38.72532],[141.56768,38.72531],[141.56761,38.72527]]],[[[141.5668,38.72585],[141.56688,38.7259],[141.56682,38.72583],[141.5668,38.72585]]],[[[141.5677,38.72644],[141.56764,38.72647],[141.5677,38.72646],[141.5677,38.72644]]],[[[141.56758,38.72642],[141.56757,38.72653],[141.56761,38.7265],[141.56758,38.72642]]],[[[141.56776,38.72645],[141.56783,38.72651],[141.5678,38.72644],[141.56776,38.72645]]],[[[141.56687,38.72678],[141.56692,38.72676],[141.56687,38.72675],[141.56687,38.72678]]],[[[141.56689,38.7271],[141.56692,38.72718],[141.5669,38.72709],[141.56689,38.7271]]],[[[141.56717,38.72776],[141.56722,38.72778],[141.56718,38.72774],[141.56717,38.72776]]],[[[141.56803,38.72778],[141.56799,38.72796],[141.56805,38.72793],[141.56803,38.72778]]],[[[141.56754,38.72793],[141.56742,38.72776],[141.56745,38.728],[141.56754,38.72793]]],[[[141.5671,38.72807],[141.56718,38.72785],[141.56713,38.72778],[141.5671,38.72807]]],[[[141.56725,38.72795],[141.56731,38.728],[141.56725,38.72789],[141.56725,38.72795]]],[[[141.56812,38.72804],[141.56814,38.72809],[141.56816,38.72805],[141.56812,38.72804]]],[[[141.56808,38.7281],[141.56812,38.72811],[141.56809,38.72806],[141.56808,38.7281]]],[[[141.56717,38.72811],[141.5671,38.72819],[141.56716,38.72824],[141.56717,38.72811]]],[[[141.56718,38.72817],[141.56723,38.72823],[141.5672,38.72815],[141.56718,38.72817]]],[[[141.57249,38.80655],[141.57247,38.80662],[141.57252,38.80659],[141.57249,38.80655]]],[[[141.57204,38.80674],[141.57201,38.80679],[141.57205,38.80678],[141.57204,38.80674]]],[[[141.57091,38.80677],[141.57087,38.8068],[141.57091,38.80682],[141.57091,38.80677]]],[[[141.57154,38.80679],[141.57156,38.8068],[141.57155,38.80679],[141.57154,38.80679]]],[[[141.569,38.80704],[141.56897,38.80694],[141.56894,38.80695],[141.569,38.80704]]],[[[141.56885,38.80699],[141.56885,38.80704],[141.56892,38.80706],[141.56885,38.80699]]],[[[141.57217,38.80699],[141.57216,38.80705],[141.57223,38.80702],[141.57217,38.80699]]],[[[141.57045,38.80735],[141.57043,38.80744],[141.5705,38.80742],[141.57045,38.80735]]],[[[141.57197,38.80746],[141.572,38.8074],[141.57195,38.80743],[141.57197,38.80746]]],[[[141.57072,38.80748],[141.57068,38.80745],[141.57068,38.80748],[141.57072,38.80748]]],[[[141.5719,38.80758],[141.57194,38.80749],[141.57189,38.80749],[141.5719,38.80758]]],[[[141.57367,38.80754],[141.57368,38.80756],[141.57369,38.80754],[141.57367,38.80754]]],[[[141.57025,38.80757],[141.57029,38.80762],[141.57029,38.80753],[141.57025,38.80757]]],[[[141.57398,38.80761],[141.574,38.80764],[141.57401,38.80761],[141.57398,38.80761]]],[[[141.57192,38.80759],[141.57196,38.80776],[141.57202,38.80762],[141.57192,38.80759]]],[[[141.57013,38.80783],[141.56967,38.80753],[141.57013,38.80784],[141.57013,38.80783]]],[[[141.57174,38.80772],[141.57179,38.80772],[141.57176,38.80768],[141.57174,38.80772]]],[[[141.5702,38.80787],[141.57016,38.80783],[141.57015,38.80786],[141.5702,38.80787]]],[[[141.57395,38.8081],[141.57391,38.80808],[141.57393,38.80811],[141.57395,38.8081]]],[[[141.57767,38.80813],[141.57761,38.80814],[141.57767,38.80817],[141.57767,38.80813]]],[[[141.57392,38.80827],[141.57388,38.80831],[141.57394,38.80829],[141.57392,38.80827]]],[[[141.57027,38.80835],[141.57023,38.80836],[141.57027,38.80837],[141.57027,38.80835]]],[[[141.57033,38.80847],[141.57033,38.80842],[141.57031,38.80846],[141.57033,38.80847]]],[[[141.578,38.8085],[141.57796,38.80842],[141.57791,38.80844],[141.578,38.8085]]],[[[141.57512,38.80906],[141.57515,38.80898],[141.57511,38.80899],[141.57512,38.80906]]],[[[141.57327,38.80907],[141.57321,38.80891],[141.57311,38.80891],[141.57327,38.80907]]],[[[141.57497,38.80913],[141.57507,38.80911],[141.57496,38.80909],[141.57497,38.80913]]],[[[141.57716,38.80931],[141.57725,38.80934],[141.57722,38.80929],[141.57716,38.80931]]],[[[141.575,38.80948],[141.57507,38.80946],[141.575,38.80944],[141.575,38.80948]]],[[[141.57545,38.81006],[141.57561,38.81012],[141.57544,38.81002],[141.57545,38.81006]]],[[[141.57643,38.81024],[141.57637,38.8103],[141.57652,38.8103],[141.57643,38.81024]]],[[[141.57549,38.81034],[141.57538,38.81041],[141.5755,38.81037],[141.57549,38.81034]]],[[[141.57456,38.81086],[141.57475,38.81082],[141.57452,38.81068],[141.57456,38.81086]]],[[[141.57481,38.81108],[141.57479,38.81091],[141.57475,38.81091],[141.57481,38.81108]]],[[[141.57491,38.81114],[141.5749,38.81127],[141.57496,38.81122],[141.57491,38.81114]]],[[[141.57659,38.81133],[141.57668,38.81134],[141.57662,38.81129],[141.57659,38.81133]]],[[[141.57508,38.81128],[141.57491,38.81133],[141.57498,38.81143],[141.57508,38.81128]]],[[[141.57606,38.81148],[141.57619,38.8115],[141.57607,38.81141],[141.57606,38.81148]]],[[[141.57818,38.81162],[141.57812,38.81169],[141.57823,38.81166],[141.57818,38.81162]]],[[[141.57624,38.81163],[141.57634,38.81167],[141.57625,38.8116],[141.57624,38.81163]]],[[[141.57874,38.81175],[141.57881,38.81181],[141.57877,38.81174],[141.57874,38.81175]]],[[[141.57816,38.81191],[141.5783,38.81208],[141.57824,38.81184],[141.57816,38.81191]]],[[[141.5777,38.81196],[141.57775,38.81203],[141.57777,38.81197],[141.5777,38.81196]]],[[[141.57889,38.81197],[141.57881,38.81206],[141.57891,38.81201],[141.57889,38.81197]]],[[[141.57901,38.81198],[141.57918,38.81208],[141.57899,38.81193],[141.57901,38.81198]]],[[[141.57897,38.81199],[141.5789,38.81212],[141.57904,38.8121],[141.57897,38.81199]]],[[[141.57803,38.81213],[141.57807,38.81223],[141.57811,38.81221],[141.57803,38.81213]]],[[[141.57746,38.81217],[141.57754,38.81222],[141.57754,38.81217],[141.57746,38.81217]]],[[[141.57782,38.81224],[141.5779,38.81226],[141.57789,38.81224],[141.57782,38.81224]]],[[[141.57867,38.81315],[141.57872,38.81292],[141.57858,38.81296],[141.57867,38.81315]]],[[[141.57894,38.81304],[141.57903,38.81306],[141.57894,38.81302],[141.57894,38.81304]]],[[[141.57972,38.81313],[141.57978,38.81312],[141.57973,38.8131],[141.57972,38.81313]]],[[[141.57951,38.81324],[141.57934,38.81308],[141.5793,38.81318],[141.57951,38.81324]]],[[[141.57891,38.81317],[141.57898,38.81319],[141.57891,38.81314],[141.57891,38.81317]]],[[[141.57978,38.81317],[141.57974,38.81324],[141.57981,38.81318],[141.57978,38.81317]]],[[[141.5784,38.81337],[141.57845,38.81325],[141.57836,38.81329],[141.5784,38.81337]]],[[[141.57959,38.81331],[141.5794,38.81328],[141.57956,38.81339],[141.57959,38.81331]]],[[[141.57972,38.81356],[141.57974,38.81345],[141.57965,38.81348],[141.57972,38.81356]]],[[[141.57986,38.81354],[141.57991,38.81359],[141.5799,38.81352],[141.57986,38.81354]]],[[[141.5798,38.81362],[141.57981,38.81376],[141.57988,38.81378],[141.5798,38.81362]]],[[[141.57835,38.81451],[141.57848,38.81455],[141.57835,38.81447],[141.57835,38.81451]]],[[[141.5781,38.81449],[141.57822,38.8146],[141.57824,38.81457],[141.5781,38.81449]]],[[[141.57853,38.81463],[141.57861,38.81466],[141.57856,38.8146],[141.57853,38.81463]]],[[[141.57831,38.81463],[141.57846,38.81468],[141.57833,38.81459],[141.57831,38.81463]]],[[[141.57821,38.81467],[141.57828,38.81484],[141.57834,38.81482],[141.57821,38.81467]]],[[[141.57703,38.81572],[141.57705,38.81564],[141.57699,38.8157],[141.57703,38.81572]]],[[[141.59955,38.81643],[141.59953,38.81649],[141.59957,38.81647],[141.59955,38.81643]]],[[[141.59948,38.81663],[141.59943,38.81669],[141.59948,38.81669],[141.59948,38.81663]]],[[[141.59972,38.81671],[141.59971,38.81676],[141.59974,38.81672],[141.59972,38.81671]]],[[[141.58917,38.81875],[141.58926,38.81851],[141.58898,38.81857],[141.58917,38.81875]]],[[[141.58921,38.81884],[141.58926,38.81891],[141.58928,38.81886],[141.58921,38.81884]]],[[[141.58952,38.81919],[141.58944,38.81909],[141.58941,38.81912],[141.58952,38.81919]]],[[[141.58939,38.81925],[141.58937,38.81928],[141.5894,38.81927],[141.58939,38.81925]]],[[[141.58939,38.81931],[141.58938,38.81935],[141.58943,38.81935],[141.58939,38.81931]]],[[[141.59075,38.82085],[141.59075,38.82091],[141.59078,38.82089],[141.59075,38.82085]]],[[[141.59054,38.8209],[141.59056,38.82099],[141.59061,38.82097],[141.59054,38.8209]]],[[[141.59044,38.82094],[141.59033,38.82093],[141.59044,38.82103],[141.59044,38.82094]]],[[[141.59084,38.82119],[141.59082,38.82117],[141.59074,38.82118],[141.59084,38.82119]]],[[[141.59525,38.82121],[141.59531,38.82119],[141.59527,38.82118],[141.59525,38.82121]]],[[[141.59073,38.82128],[141.59082,38.82137],[141.59074,38.82125],[141.59073,38.82128]]],[[[141.59291,38.82141],[141.59295,38.82136],[141.59287,38.82137],[141.59291,38.82141]]],[[[141.59,38.82138],[141.5906,38.82139],[141.59065,38.82116],[141.59,38.82138]]],[[[141.59536,38.8215],[141.59536,38.82147],[141.59533,38.8215],[141.59536,38.8215]]],[[[141.59546,38.82155],[141.59552,38.82154],[141.59549,38.82149],[141.59546,38.82155]]],[[[141.59233,38.82163],[141.5924,38.8216],[141.59234,38.82157],[141.59233,38.82163]]],[[[141.59211,38.82182],[141.59213,38.8218],[141.5921,38.8218],[141.59211,38.82182]]],[[[141.59229,38.82185],[141.59223,38.82188],[141.5923,38.82188],[141.59229,38.82185]]],[[[141.5922,38.82196],[141.59227,38.82199],[141.59221,38.82194],[141.5922,38.82196]]],[[[141.57678,38.82212],[141.57689,38.82185],[141.57665,38.82199],[141.57678,38.82212]]],[[[141.59532,38.82206],[141.5952,38.82202],[141.59522,38.82208],[141.59532,38.82206]]],[[[141.59198,38.82206],[141.592,38.82209],[141.592,38.82207],[141.59198,38.82206]]],[[[141.5923,38.82208],[141.59235,38.82211],[141.59234,38.82207],[141.5923,38.82208]]],[[[141.57676,38.82217],[141.57684,38.82213],[141.57675,38.82214],[141.57676,38.82217]]],[[[141.59182,38.82228],[141.59175,38.82218],[141.59169,38.82225],[141.59182,38.82228]]],[[[141.59526,38.82231],[141.59533,38.82233],[141.59527,38.82223],[141.59526,38.82231]]],[[[141.59566,38.82234],[141.59559,38.82231],[141.59559,38.82234],[141.59566,38.82234]]],[[[141.59202,38.82231],[141.59183,38.82234],[141.59194,38.82246],[141.59202,38.82231]]],[[[141.59567,38.82238],[141.59561,38.82243],[141.59568,38.8224],[141.59567,38.82238]]],[[[141.59529,38.82243],[141.59534,38.82241],[141.5953,38.82238],[141.59529,38.82243]]],[[[141.59178,38.82241],[141.59188,38.8225],[141.5918,38.82237],[141.59178,38.82241]]],[[[141.5916,38.82248],[141.59155,38.82249],[141.59162,38.82253],[141.5916,38.82248]]],[[[141.59568,38.82259],[141.59568,38.82255],[141.59565,38.82256],[141.59568,38.82259]]],[[[141.59301,38.82275],[141.59303,38.82279],[141.59305,38.82276],[141.59301,38.82275]]],[[[141.59361,38.82283],[141.59358,38.82291],[141.59368,38.82285],[141.59361,38.82283]]],[[[141.59316,38.82295],[141.59315,38.82285],[141.59313,38.82286],[141.59316,38.82295]]],[[[141.59598,38.8256],[141.59604,38.82556],[141.59601,38.82555],[141.59598,38.8256]]],[[[141.59848,38.82857],[141.59845,38.82851],[141.5984,38.82852],[141.59848,38.82857]]],[[[141.59823,38.82848],[141.59824,38.82861],[141.59832,38.82853],[141.59823,38.82848]]],[[[141.59834,38.82864],[141.59827,38.82881],[141.59838,38.82877],[141.59834,38.82864]]],[[[141.59827,38.82894],[141.59832,38.82886],[141.59818,38.82885],[141.59827,38.82894]]],[[[141.59838,38.82896],[141.59839,38.82888],[141.59831,38.82897],[141.59838,38.82896]]],[[[141.59821,38.82899],[141.59829,38.82895],[141.59819,38.82897],[141.59821,38.82899]]],[[[141.59962,38.82916],[141.59964,38.82914],[141.59962,38.82915],[141.59962,38.82916]]],[[[141.59962,38.82924],[141.59966,38.82923],[141.59963,38.82921],[141.59962,38.82924]]],[[[141.5997,38.82922],[141.59974,38.82927],[141.59972,38.82919],[141.5997,38.82922]]],[[[141.59217,38.83579],[141.59151,38.83563],[141.5915,38.83565],[141.59217,38.83579]]],[[[141.59253,38.83587],[141.59325,38.83579],[141.59253,38.83584],[141.59253,38.83587]]],[[[141.59082,38.83794],[141.59088,38.83796],[141.59182,38.83671],[141.59082,38.83794]]],[[[141.59318,38.86533],[141.59319,38.86528],[141.59311,38.86532],[141.59318,38.86533]]],[[[141.59311,38.86536],[141.59321,38.86543],[141.59325,38.86532],[141.59311,38.86536]]],[[[141.58593,38.86693],[141.586,38.86735],[141.58608,38.86732],[141.58593,38.86693]]],[[[141.59254,38.88465],[141.59308,38.88443],[141.59253,38.88464],[141.59254,38.88465]]],[[[141.59187,38.88492],[141.59243,38.88468],[141.59187,38.88491],[141.59187,38.88492]]],[[[141.59121,38.88519],[141.59176,38.88495],[141.5912,38.88518],[141.59121,38.88519]]],[[[141.59055,38.88546],[141.59111,38.88523],[141.59054,38.88545],[141.59055,38.88546]]],[[[141.58668,38.89316],[141.58667,38.89308],[141.58662,38.89313],[141.58668,38.89316]]],[[[141.58682,38.90645],[141.58644,38.90659],[141.58684,38.9065],[141.58682,38.90645]]],[[[141.58586,38.90817],[141.58627,38.90808],[141.58586,38.90812],[141.58586,38.90817]]],[[[141.60192,38.81071],[141.60186,38.81061],[141.60184,38.81067],[141.60192,38.81071]]],[[[141.6001,38.8158],[141.60008,38.81585],[141.60012,38.81584],[141.6001,38.8158]]],[[[141.60212,38.81616],[141.60208,38.81625],[141.6022,38.81621],[141.60212,38.81616]]],[[[141.60041,38.81625],[141.60036,38.8163],[141.6004,38.8163],[141.60041,38.81625]]],[[[141.60222,38.81626],[141.6022,38.81631],[141.60224,38.81628],[141.60222,38.81626]]],[[[141.60212,38.81628],[141.60212,38.81631],[141.60214,38.81629],[141.60212,38.81628]]],[[[141.60221,38.81634],[141.60217,38.81637],[141.60221,38.81636],[141.60221,38.81634]]],[[[141.60268,38.81635],[141.6027,38.81639],[141.60277,38.81632],[141.60268,38.81635]]],[[[141.60047,38.81634],[141.60043,38.8164],[141.60045,38.81641],[141.60047,38.81634]]],[[[141.6004,38.81638],[141.60036,38.81646],[141.60041,38.81646],[141.6004,38.81638]]],[[[141.60228,38.8166],[141.60256,38.81647],[141.60227,38.81644],[141.60228,38.8166]]],[[[141.60259,38.81655],[141.60253,38.81662],[141.6026,38.81659],[141.60259,38.81655]]],[[[141.60023,38.8166],[141.60025,38.81659],[141.60023,38.81658],[141.60023,38.8166]]],[[[141.60157,38.81658],[141.60155,38.81664],[141.60157,38.81664],[141.60157,38.81658]]],[[[141.60018,38.8166],[141.60018,38.81664],[141.6002,38.81662],[141.60018,38.8166]]],[[[141.60175,38.81666],[141.60173,38.8167],[141.60178,38.81668],[141.60175,38.81666]]],[[[141.59988,38.81696],[141.59988,38.817],[141.59992,38.81698],[141.59988,38.81696]]],[[[141.60376,38.81738],[141.60373,38.81732],[141.60371,38.81734],[141.60376,38.81738]]],[[[141.60007,38.81739],[141.60011,38.81745],[141.60014,38.81738],[141.60007,38.81739]]],[[[141.60168,38.8182],[141.60163,38.81821],[141.60166,38.81823],[141.60168,38.8182]]],[[[141.6012,38.81837],[141.60122,38.81831],[141.60117,38.81835],[141.6012,38.81837]]],[[[141.60097,38.81883],[141.60105,38.81884],[141.60099,38.8188],[141.60097,38.81883]]],[[[141.60108,38.81919],[141.60105,38.81926],[141.60112,38.81924],[141.60108,38.81919]]],[[[141.60379,38.82659],[141.60387,38.82657],[141.60383,38.82652],[141.60379,38.82659]]],[[[141.60272,38.82672],[141.60271,38.82678],[141.60279,38.82674],[141.60272,38.82672]]],[[[141.60354,38.82739],[141.60327,38.82718],[141.60323,38.82747],[141.60354,38.82739]]],[[[141.60317,38.82756],[141.60314,38.82761],[141.60319,38.82759],[141.60317,38.82756]]],[[[141.60366,38.82758],[141.60358,38.82759],[141.60348,38.82771],[141.60366,38.82758]]],[[[141.60294,38.82765],[141.60301,38.82758],[141.60295,38.82756],[141.60294,38.82765]]],[[[141.60332,38.8277],[141.60325,38.82771],[141.60332,38.82771],[141.60332,38.8277]]],[[[141.60361,38.82771],[141.60367,38.82772],[141.60367,38.8277],[141.60361,38.82771]]],[[[141.60319,38.82775],[141.60316,38.82772],[141.60315,38.82777],[141.60319,38.82775]]],[[[141.60331,38.82782],[141.60324,38.82778],[141.60321,38.82781],[141.60331,38.82782]]],[[[141.6014,38.82787],[141.60146,38.82787],[141.60143,38.82783],[141.6014,38.82787]]],[[[141.60151,38.82803],[141.60155,38.82801],[141.60152,38.82795],[141.60151,38.82803]]],[[[141.60158,38.82806],[141.60163,38.82808],[141.60158,38.82803],[141.60158,38.82806]]],[[[141.59992,38.82824],[141.59988,38.82825],[141.59991,38.82826],[141.59992,38.82824]]],[[[141.60403,38.82841],[141.60405,38.82835],[141.604,38.82833],[141.60403,38.82841]]],[[[141.60416,38.82842],[141.60414,38.82838],[141.60414,38.82844],[141.60416,38.82842]]],[[[141.60397,38.82846],[141.604,38.82841],[141.60397,38.82836],[141.60397,38.82846]]],[[[141.60419,38.82847],[141.60427,38.82838],[141.60424,38.82836],[141.60419,38.82847]]],[[[141.60384,38.82848],[141.60392,38.82855],[141.60387,38.82844],[141.60384,38.82848]]],[[[141.60408,38.82862],[141.60411,38.82857],[141.60408,38.82856],[141.60408,38.82862]]],[[[141.60091,38.82872],[141.60099,38.82866],[141.60094,38.82862],[141.60091,38.82872]]],[[[141.60058,38.82864],[141.60045,38.82879],[141.60046,38.82888],[141.60058,38.82864]]],[[[141.6041,38.82882],[141.60399,38.82875],[141.60403,38.82883],[141.6041,38.82882]]],[[[141.60469,38.82884],[141.60475,38.82887],[141.60474,38.8288],[141.60469,38.82884]]],[[[141.60037,38.8289],[141.60046,38.82892],[141.6004,38.82881],[141.60037,38.8289]]],[[[141.60407,38.82891],[141.60412,38.82891],[141.60408,38.82886],[141.60407,38.82891]]],[[[141.59973,38.82892],[141.59976,38.82891],[141.59974,38.82889],[141.59973,38.82892]]],[[[141.60036,38.829],[141.60039,38.82897],[141.60037,38.82896],[141.60036,38.829]]],[[[141.59971,38.82905],[141.59976,38.82912],[141.59971,38.82903],[141.59971,38.82905]]],[[[141.60408,38.829],[141.60422,38.82909],[141.60416,38.829],[141.60408,38.829]]],[[[141.59985,38.82909],[141.59984,38.82912],[141.59987,38.82911],[141.59985,38.82909]]],[[[141.59999,38.82916],[141.59999,38.82908],[141.59996,38.82916],[141.59999,38.82916]]],[[[141.60002,38.8291],[141.60005,38.82914],[141.60004,38.82908],[141.60002,38.8291]]],[[[141.60401,38.82915],[141.60405,38.82912],[141.60402,38.82911],[141.60401,38.82915]]],[[[141.60395,38.82915],[141.604,38.82915],[141.60398,38.82911],[141.60395,38.82915]]],[[[141.604,38.82924],[141.60404,38.82921],[141.604,38.82919],[141.604,38.82924]]],[[[141.60004,38.82926],[141.60005,38.82923],[141.60002,38.82919],[141.60004,38.82926]]],[[[141.60419,38.82924],[141.60423,38.82921],[141.6042,38.8292],[141.60419,38.82924]]],[[[141.60523,38.82936],[141.60518,38.82936],[141.60523,38.82941],[141.60523,38.82936]]],[[[141.60506,38.82943],[141.60506,38.82932],[141.60502,38.82943],[141.60506,38.82943]]],[[[141.60411,38.82945],[141.60412,38.82942],[141.6041,38.82941],[141.60411,38.82945]]],[[[141.60518,38.82948],[141.60515,38.82941],[141.60509,38.82945],[141.60518,38.82948]]],[[[141.60381,38.8297],[141.60392,38.82918],[141.6037,38.82926],[141.60381,38.8297]]],[[[141.60371,38.8295],[141.60367,38.82953],[141.60373,38.82952],[141.60371,38.8295]]],[[[141.60512,38.82955],[141.60506,38.82949],[141.60502,38.82956],[141.60512,38.82955]]],[[[141.60511,38.82963],[141.60506,38.82962],[141.60506,38.82964],[141.60511,38.82963]]],[[[141.60419,38.82964],[141.60416,38.82964],[141.60419,38.82966],[141.60419,38.82964]]],[[[141.60365,38.82962],[141.60363,38.82966],[141.60366,38.82966],[141.60365,38.82962]]],[[[141.60358,38.82965],[141.60353,38.82968],[141.60359,38.82966],[141.60358,38.82965]]],[[[141.60423,38.82962],[141.60428,38.82969],[141.60424,38.82962],[141.60423,38.82962]]],[[[141.60403,38.82967],[141.60408,38.8297],[141.60409,38.82963],[141.60403,38.82967]]],[[[141.60355,38.82977],[141.60359,38.82974],[141.60354,38.82975],[141.60355,38.82977]]],[[[141.60349,38.82975],[141.60348,38.82982],[141.6035,38.82982],[141.60349,38.82975]]],[[[141.60347,38.82987],[141.60343,38.8298],[141.60346,38.82987],[141.60347,38.82987]]],[[[141.60343,38.82984],[141.6034,38.82985],[141.60342,38.82987],[141.60343,38.82984]]],[[[141.60398,38.82983],[141.60398,38.82985],[141.60402,38.82983],[141.60398,38.82983]]],[[[141.60409,38.82989],[141.60414,38.82979],[141.60413,38.82977],[141.60409,38.82989]]],[[[141.60404,38.82988],[141.60403,38.82984],[141.60399,38.82988],[141.60404,38.82988]]],[[[141.6049,38.82987],[141.60494,38.82989],[141.60492,38.82986],[141.6049,38.82987]]],[[[141.60499,38.82994],[141.60504,38.82994],[141.605,38.82992],[141.60499,38.82994]]],[[[141.60411,38.82995],[141.60409,38.82998],[141.60412,38.82998],[141.60411,38.82995]]],[[[141.60367,38.82999],[141.60368,38.82997],[141.60367,38.82997],[141.60367,38.82999]]],[[[141.60408,38.83003],[141.60388,38.83006],[141.60399,38.83014],[141.60408,38.83003]]],[[[141.60499,38.83004],[141.60502,38.83005],[141.60501,38.83],[141.60499,38.83004]]],[[[141.60459,38.83016],[141.60444,38.82999],[141.60457,38.83019],[141.60459,38.83016]]],[[[141.60323,38.83004],[141.60332,38.83005],[141.60327,38.83001],[141.60323,38.83004]]],[[[141.60416,38.83059],[141.60431,38.83013],[141.60447,38.83011],[141.60427,38.82972],[141.60416,38.83059]]],[[[141.60557,38.83019],[141.60561,38.83018],[141.60557,38.83014],[141.60557,38.83019]]],[[[141.60405,38.83021],[141.60405,38.83016],[141.60402,38.83018],[141.60405,38.83021]]],[[[141.60385,38.83021],[141.60388,38.83012],[141.60386,38.83012],[141.60385,38.83021]]],[[[141.60441,38.83018],[141.60443,38.83031],[141.60448,38.83026],[141.60441,38.83018]]],[[[141.60538,38.83027],[141.60539,38.83025],[141.60537,38.83025],[141.60538,38.83027]]],[[[141.60565,38.8303],[141.60575,38.83032],[141.60572,38.83028],[141.60565,38.8303]]],[[[141.60556,38.83049],[141.6056,38.83035],[141.60555,38.83035],[141.60556,38.83049]]],[[[141.60406,38.83037],[141.604,38.83045],[141.60403,38.83057],[141.60406,38.83037]]],[[[141.60466,38.83062],[141.60449,38.8303],[141.60457,38.83072],[141.60466,38.83062]]],[[[141.60571,38.83052],[141.60573,38.83045],[141.60568,38.83046],[141.60571,38.83052]]],[[[141.60566,38.83055],[141.60573,38.8306],[141.60573,38.83055],[141.60566,38.83055]]],[[[141.60568,38.83074],[141.60567,38.83078],[141.60571,38.83079],[141.60568,38.83074]]],[[[141.60466,38.83073],[141.60452,38.83079],[141.60464,38.83084],[141.60466,38.83073]]],[[[141.6053,38.83091],[141.6053,38.83084],[141.60526,38.83086],[141.6053,38.83091]]],[[[141.60551,38.83094],[141.60552,38.83107],[141.60556,38.83106],[141.60551,38.83094]]],[[[141.60559,38.83105],[141.60568,38.83102],[141.60556,38.83101],[141.60559,38.83105]]],[[[141.60533,38.83106],[141.60539,38.83105],[141.60532,38.83099],[141.60533,38.83106]]],[[[141.60565,38.83117],[141.6057,38.83114],[141.60568,38.83113],[141.60565,38.83117]]],[[[141.60485,38.83204],[141.60479,38.83206],[141.60486,38.83206],[141.60485,38.83204]]],[[[141.60534,38.83233],[141.60536,38.8323],[141.60533,38.83229],[141.60534,38.83233]]],[[[141.60483,38.83253],[141.60469,38.83231],[141.60461,38.83233],[141.60483,38.83253]]],[[[141.60608,38.83242],[141.60612,38.83245],[141.60613,38.83244],[141.60608,38.83242]]],[[[141.60545,38.83251],[141.60533,38.83254],[141.60539,38.83262],[141.60545,38.83251]]],[[[141.60544,38.8326],[141.60549,38.83257],[141.60548,38.83256],[141.60544,38.8326]]],[[[141.6054,38.83269],[141.60547,38.83269],[141.60541,38.83267],[141.6054,38.83269]]],[[[141.605,38.83311],[141.60526,38.83299],[141.60511,38.83277],[141.605,38.83311]]],[[[141.60608,38.83309],[141.60603,38.833],[141.606,38.83309],[141.60608,38.83309]]],[[[141.60533,38.83353],[141.60536,38.83358],[141.60535,38.83347],[141.60533,38.83353]]],[[[141.61756,38.83477],[141.61757,38.83486],[141.61761,38.83478],[141.61756,38.83477]]],[[[141.61851,38.83505],[141.61839,38.83496],[141.61839,38.83507],[141.61851,38.83505]]],[[[141.60435,38.83556],[141.60432,38.83563],[141.60439,38.83559],[141.60435,38.83556]]],[[[141.60027,38.83572],[141.60029,38.83576],[141.6003,38.83572],[141.60027,38.83572]]],[[[141.60041,38.83573],[141.60044,38.83577],[141.60045,38.83573],[141.60041,38.83573]]],[[[141.60003,38.83578],[141.60007,38.83577],[141.60003,38.83577],[141.60003,38.83578]]],[[[141.60017,38.83586],[141.60016,38.83574],[141.60012,38.83585],[141.60017,38.83586]]],[[[141.60017,38.83602],[141.6003,38.83582],[141.60017,38.83589],[141.60017,38.83602]]],[[[141.60366,38.83594],[141.60369,38.83593],[141.60367,38.83592],[141.60366,38.83594]]],[[[141.6006,38.83604],[141.6007,38.83611],[141.60061,38.83602],[141.6006,38.83604]]],[[[141.60066,38.83616],[141.6006,38.83621],[141.60062,38.83624],[141.60066,38.83616]]],[[[141.60073,38.83621],[141.60087,38.83626],[141.60075,38.83618],[141.60073,38.83621]]],[[[141.60112,38.83642],[141.60115,38.83646],[141.60116,38.83642],[141.60112,38.83642]]],[[[141.61834,38.83631],[141.61825,38.83635],[141.61824,38.83668],[141.61834,38.83631]]],[[[141.60182,38.83651],[141.60187,38.83659],[141.60184,38.83649],[141.60182,38.83651]]],[[[141.60207,38.8366],[141.60209,38.83657],[141.60206,38.83657],[141.60207,38.8366]]],[[[141.61802,38.83647],[141.6181,38.83673],[141.61816,38.83648],[141.61802,38.83647]]],[[[141.61662,38.83695],[141.61647,38.83666],[141.61629,38.83697],[141.61662,38.83695]]],[[[141.61561,38.83677],[141.61567,38.83682],[141.61566,38.83664],[141.61561,38.83677]]],[[[141.61536,38.83697],[141.61551,38.83688],[141.6155,38.83679],[141.61536,38.83697]]],[[[141.61831,38.83697],[141.61847,38.83693],[141.61831,38.83692],[141.61831,38.83697]]],[[[141.61808,38.83724],[141.61779,38.83696],[141.61779,38.83716],[141.61808,38.83724]]],[[[141.61755,38.83735],[141.61733,38.83724],[141.6173,38.83732],[141.61755,38.83735]]],[[[141.61658,38.83749],[141.61633,38.83703],[141.6162,38.8374],[141.61658,38.83749]]],[[[141.60158,38.8373],[141.6016,38.83735],[141.6016,38.8373],[141.60158,38.8373]]],[[[141.60174,38.83761],[141.6017,38.83758],[141.60168,38.83762],[141.60174,38.83761]]],[[[141.60158,38.83763],[141.60162,38.83765],[141.60159,38.83763],[141.60158,38.83763]]],[[[141.61639,38.8381],[141.61615,38.83818],[141.6163,38.83839],[141.61639,38.8381]]],[[[141.61566,38.83868],[141.6157,38.83892],[141.61572,38.83864],[141.61566,38.83868]]],[[[141.61537,38.83925],[141.61526,38.83908],[141.61524,38.83927],[141.61537,38.83925]]],[[[141.6152,38.83965],[141.61525,38.83962],[141.6152,38.8396],[141.6152,38.83965]]],[[[141.61536,38.83971],[141.6154,38.83968],[141.61537,38.83967],[141.61536,38.83971]]],[[[141.61572,38.83972],[141.61581,38.83975],[141.61573,38.83969],[141.61572,38.83972]]],[[[141.6155,38.84065],[141.61607,38.83993],[141.61547,38.84064],[141.6155,38.84065]]],[[[141.61115,38.84208],[141.611,38.84209],[141.61103,38.84221],[141.61115,38.84208]]],[[[141.61139,38.84239],[141.61137,38.84254],[141.61145,38.84238],[141.61139,38.84239]]],[[[141.61058,38.84305],[141.61068,38.84296],[141.61059,38.84294],[141.61058,38.84305]]],[[[141.61471,38.84311],[141.61468,38.84307],[141.61468,38.84311],[141.61471,38.84311]]],[[[141.61086,38.84311],[141.6108,38.84313],[141.61081,38.84316],[141.61086,38.84311]]],[[[141.61275,38.84322],[141.61282,38.84324],[141.61279,38.84319],[141.61275,38.84322]]],[[[141.61512,38.84328],[141.61503,38.8435],[141.61505,38.84353],[141.61512,38.84328]]],[[[141.61417,38.84361],[141.61407,38.84369],[141.61413,38.84371],[141.61417,38.84361]]],[[[141.61141,38.84469],[141.61138,38.84474],[141.61144,38.84473],[141.61141,38.84469]]],[[[141.6092,38.84876],[141.60918,38.84886],[141.60926,38.84882],[141.6092,38.84876]]],[[[141.60932,38.84907],[141.60936,38.84901],[141.60928,38.84902],[141.60932,38.84907]]],[[[141.60907,38.84917],[141.609,38.84925],[141.6091,38.84924],[141.60907,38.84917]]],[[[141.60925,38.84922],[141.60935,38.84915],[141.60927,38.84914],[141.60925,38.84922]]],[[[141.61002,38.85268],[141.61006,38.85273],[141.61006,38.85272],[141.61002,38.85268]]],[[[141.61001,38.85273],[141.60997,38.85278],[141.61002,38.85275],[141.61001,38.85273]]],[[[141.61005,38.8528],[141.61004,38.85278],[141.61002,38.85281],[141.61005,38.8528]]],[[[141.6067,38.85303],[141.60679,38.8529],[141.60665,38.85294],[141.6067,38.85303]]],[[[141.60694,38.85307],[141.60703,38.85284],[141.60682,38.85303],[141.60694,38.85307]]],[[[141.60695,38.85383],[141.60685,38.85389],[141.60695,38.85391],[141.60695,38.85383]]],[[[141.60629,38.85412],[141.60636,38.85408],[141.60629,38.85408],[141.60629,38.85412]]],[[[141.60162,38.87404],[141.60171,38.87409],[141.60167,38.87399],[141.60162,38.87404]]],[[[141.60184,38.87414],[141.60189,38.87422],[141.6019,38.87413],[141.60184,38.87414]]],[[[141.60285,38.87475],[141.60282,38.87486],[141.6029,38.87487],[141.60285,38.87475]]],[[[141.60164,38.8836],[141.60169,38.88405],[141.60168,38.8836],[141.60164,38.8836]]],[[[141.61776,38.88895],[141.61778,38.88901],[141.61778,38.88895],[141.61776,38.88895]]],[[[141.62732,38.82539],[141.62725,38.82533],[141.62722,38.82536],[141.62732,38.82539]]],[[[141.62795,38.8252],[141.62753,38.82549],[141.62822,38.82532],[141.62795,38.8252]]],[[[141.62821,38.82553],[141.62822,38.82546],[141.62815,38.82548],[141.62821,38.82553]]],[[[141.62817,38.82572],[141.62819,38.82557],[141.62798,38.82554],[141.62817,38.82572]]],[[[141.62789,38.82559],[141.62782,38.82578],[141.62793,38.8258],[141.62789,38.82559]]],[[[141.62756,38.82595],[141.62721,38.82546],[141.62698,38.82557],[141.62756,38.82595]]],[[[141.62677,38.82768],[141.62728,38.82679],[141.6269,38.82616],[141.62636,38.82727],[141.62572,38.82749],[141.62677,38.82768]]],[[[141.62614,38.82721],[141.62609,38.82712],[141.62603,38.82715],[141.62614,38.82721]]],[[[141.62591,38.82803],[141.62613,38.82805],[141.62591,38.82788],[141.62591,38.82803]]],[[[141.62631,38.82817],[141.62628,38.82813],[141.62627,38.82817],[141.62631,38.82817]]],[[[141.62639,38.82837],[141.62631,38.82834],[141.6263,38.82837],[141.62639,38.82837]]],[[[141.62538,38.82888],[141.62542,38.82891],[141.62543,38.82889],[141.62538,38.82888]]],[[[141.62562,38.82897],[141.62554,38.82895],[141.62562,38.82899],[141.62562,38.82897]]],[[[141.62505,38.82898],[141.62512,38.82904],[141.62516,38.82898],[141.62505,38.82898]]],[[[141.62554,38.82929],[141.62542,38.82901],[141.62526,38.82905],[141.62554,38.82929]]],[[[141.62422,38.82951],[141.62426,38.82963],[141.62429,38.82955],[141.62422,38.82951]]],[[[141.62465,38.82969],[141.62469,38.82965],[141.62463,38.82969],[141.62465,38.82969]]],[[[141.62473,38.82974],[141.6248,38.82974],[141.62472,38.82972],[141.62473,38.82974]]],[[[141.62559,38.83004],[141.6252,38.82962],[141.62505,38.82995],[141.62559,38.83004]]],[[[141.62562,38.82999],[141.62573,38.82984],[141.62557,38.82968],[141.62562,38.82999]]],[[[141.62468,38.83014],[141.6246,38.83001],[141.62458,38.83012],[141.62468,38.83014]]],[[[141.62508,38.83008],[141.62508,38.83011],[141.6251,38.83011],[141.62508,38.83008]]],[[[141.62497,38.8302],[141.625,38.83019],[141.62497,38.83014],[141.62497,38.8302]]],[[[141.62458,38.83029],[141.62459,38.8302],[141.62451,38.83021],[141.62458,38.83029]]],[[[141.62497,38.83039],[141.62533,38.83063],[141.62498,38.83035],[141.62497,38.83039]]],[[[141.62741,38.83155],[141.62717,38.83159],[141.6274,38.8316],[141.62741,38.83155]]],[[[141.62721,38.83183],[141.62687,38.83154],[141.62685,38.83184],[141.62721,38.83183]]],[[[141.62691,38.83198],[141.62682,38.83206],[141.62696,38.83204],[141.62691,38.83198]]],[[[141.62596,38.83255],[141.62778,38.83302],[141.62771,38.83183],[141.62596,38.83255]]],[[[141.62477,38.833],[141.62462,38.83312],[141.62463,38.83313],[141.62477,38.833]]],[[[141.62657,38.83333],[141.62698,38.83353],[141.62658,38.83322],[141.62657,38.83333]]],[[[141.62662,38.83372],[141.62638,38.83368],[141.62636,38.83376],[141.62662,38.83372]]],[[[141.62777,38.83453],[141.62785,38.83447],[141.62773,38.83449],[141.62777,38.83453]]],[[[141.61855,38.83458],[141.61864,38.83483],[141.61876,38.83463],[141.61855,38.83458]]],[[[141.62178,38.8349],[141.62173,38.83491],[141.62174,38.83492],[141.62178,38.8349]]],[[[141.62115,38.83487],[141.62061,38.83529],[141.62079,38.83551],[141.62115,38.83487]]],[[[141.62152,38.83521],[141.62161,38.83531],[141.62156,38.83499],[141.62152,38.83521]]],[[[141.62251,38.83535],[141.62245,38.83536],[141.62245,38.83537],[141.62251,38.83535]]],[[[141.62063,38.83568],[141.62028,38.83563],[141.62054,38.8358],[141.62063,38.83568]]],[[[141.62688,38.83611],[141.62689,38.83601],[141.62684,38.83602],[141.62688,38.83611]]],[[[141.62783,38.83613],[141.628,38.83618],[141.62791,38.83603],[141.62783,38.83613]]],[[[141.62685,38.83618],[141.62659,38.83625],[141.62681,38.83631],[141.62685,38.83618]]],[[[141.62703,38.83643],[141.62678,38.83656],[141.62697,38.83672],[141.62703,38.83643]]],[[[141.63783,38.83695],[141.63808,38.83684],[141.6379,38.83679],[141.63783,38.83695]]],[[[141.63223,38.83708],[141.63234,38.83731],[141.63246,38.83734],[141.63223,38.83708]]],[[[141.61903,38.83741],[141.61907,38.83739],[141.61905,38.83738],[141.61903,38.83741]]],[[[141.62713,38.83731],[141.62716,38.83757],[141.6272,38.83732],[141.62713,38.83731]]],[[[141.62771,38.83735],[141.62736,38.83762],[141.6278,38.8377],[141.62771,38.83735]]],[[[141.63357,38.83771],[141.63361,38.83766],[141.63356,38.83769],[141.63357,38.83771]]],[[[141.63166,38.83789],[141.63189,38.83803],[141.63191,38.83794],[141.63166,38.83789]]],[[[141.63447,38.83813],[141.63455,38.83852],[141.63473,38.83824],[141.63447,38.83813]]],[[[141.63192,38.83866],[141.63147,38.83809],[141.63143,38.83833],[141.63192,38.83866]]],[[[141.63213,38.83846],[141.63213,38.83839],[141.63206,38.8384],[141.63213,38.83846]]],[[[141.63465,38.83847],[141.63458,38.83875],[141.63482,38.83857],[141.63465,38.83847]]],[[[141.6377,38.8394],[141.63784,38.83818],[141.63691,38.83895],[141.6377,38.8394]]],[[[141.63492,38.83877],[141.63488,38.83906],[141.63504,38.83876],[141.63492,38.83877]]],[[[141.63547,38.83904],[141.63569,38.83909],[141.63567,38.839],[141.63547,38.83904]]],[[[141.63432,38.83909],[141.63432,38.83902],[141.63429,38.83906],[141.63432,38.83909]]],[[[141.63644,38.83915],[141.6365,38.83908],[141.6363,38.83898],[141.63644,38.83915]]],[[[141.63774,38.84079],[141.6379,38.84074],[141.63783,38.84068],[141.63774,38.84079]]],[[[141.63771,38.84087],[141.63768,38.84095],[141.63776,38.84089],[141.63771,38.84087]]],[[[141.63746,38.84109],[141.63752,38.84114],[141.6375,38.84104],[141.63746,38.84109]]],[[[141.63775,38.84142],[141.63782,38.84132],[141.6377,38.84129],[141.63775,38.84142]]],[[[141.63776,38.84159],[141.63771,38.8415],[141.63766,38.84161],[141.63776,38.84159]]],[[[141.63643,38.84204],[141.63666,38.84212],[141.63657,38.84193],[141.63643,38.84204]]],[[[141.63616,38.84224],[141.63632,38.84224],[141.63632,38.84217],[141.63616,38.84224]]],[[[141.63491,38.8433],[141.63486,38.84332],[141.63491,38.84332],[141.63491,38.8433]]],[[[141.63462,38.84335],[141.63467,38.84328],[141.63464,38.84328],[141.63462,38.84335]]],[[[141.63467,38.84344],[141.63485,38.84345],[141.63487,38.84342],[141.63467,38.84344]]],[[[141.63481,38.8436],[141.63476,38.84359],[141.63478,38.84362],[141.63481,38.8436]]],[[[141.63458,38.84445],[141.63453,38.84443],[141.63453,38.84445],[141.63458,38.84445]]],[[[141.63486,38.84464],[141.63496,38.84469],[141.63498,38.84459],[141.63486,38.84464]]],[[[141.63476,38.84483],[141.63475,38.84474],[141.63473,38.84474],[141.63476,38.84483]]],[[[141.6378,38.84696],[141.63775,38.84688],[141.6377,38.8469],[141.6378,38.84696]]],[[[141.6347,38.84709],[141.63478,38.84707],[141.63471,38.84703],[141.6347,38.84709]]],[[[141.63715,38.84692],[141.63705,38.84734],[141.63734,38.84705],[141.63715,38.84692]]],[[[141.63765,38.84763],[141.63754,38.84731],[141.63743,38.84763],[141.63765,38.84763]]],[[[141.63588,38.84757],[141.63593,38.84763],[141.63605,38.84758],[141.63588,38.84757]]],[[[141.63686,38.84844],[141.63698,38.8485],[141.63701,38.84845],[141.63686,38.84844]]],[[[141.63732,38.84883],[141.63742,38.84893],[141.63744,38.84882],[141.63732,38.84883]]],[[[141.63636,38.84902],[141.63629,38.84898],[141.63631,38.84903],[141.63636,38.84902]]],[[[141.63275,38.84902],[141.63242,38.8492],[141.63284,38.84933],[141.63275,38.84902]]],[[[141.63444,38.84929],[141.63451,38.84936],[141.63453,38.8493],[141.63444,38.84929]]],[[[141.63664,38.84943],[141.63659,38.84934],[141.63654,38.84935],[141.63664,38.84943]]],[[[141.636,38.84995],[141.63602,38.8498],[141.6359,38.84981],[141.636,38.84995]]],[[[141.62559,38.84998],[141.62575,38.84987],[141.62555,38.84992],[141.62559,38.84998]]],[[[141.63791,38.85006],[141.63785,38.85018],[141.63787,38.85019],[141.63791,38.85006]]],[[[141.63721,38.85035],[141.63696,38.85052],[141.63726,38.85055],[141.63721,38.85035]]],[[[141.63777,38.85054],[141.63782,38.8504],[141.63762,38.85042],[141.63777,38.85054]]],[[[141.62561,38.85064],[141.62592,38.85064],[141.62589,38.85047],[141.62561,38.85064]]],[[[141.63761,38.85101],[141.63784,38.85101],[141.63779,38.85094],[141.63761,38.85101]]],[[[141.62776,38.85452],[141.62773,38.85449],[141.62773,38.85451],[141.62776,38.85452]]],[[[141.6278,38.85563],[141.62797,38.85549],[141.62784,38.85547],[141.6278,38.85563]]],[[[141.62815,38.85574],[141.62783,38.85575],[141.62783,38.8558],[141.62815,38.85574]]],[[[141.62708,38.85655],[141.62707,38.85647],[141.62702,38.85647],[141.62708,38.85655]]],[[[141.62733,38.85675],[141.62736,38.85664],[141.62727,38.85665],[141.62733,38.85675]]],[[[141.62683,38.85664],[141.62704,38.85681],[141.62694,38.85658],[141.62683,38.85664]]],[[[141.62714,38.85672],[141.62725,38.85675],[141.62715,38.85671],[141.62714,38.85672]]],[[[141.62713,38.85688],[141.62704,38.85691],[141.62706,38.85695],[141.62713,38.85688]]],[[[141.62753,38.857],[141.62746,38.85698],[141.62752,38.85702],[141.62753,38.857]]],[[[141.62663,38.85704],[141.62693,38.8571],[141.62677,38.85683],[141.62663,38.85704]]],[[[141.62723,38.85709],[141.62712,38.85709],[141.62711,38.85712],[141.62723,38.85709]]],[[[141.62568,38.85746],[141.62568,38.85737],[141.62563,38.85745],[141.62568,38.85746]]],[[[141.62625,38.85761],[141.62621,38.8576],[141.62623,38.85763],[141.62625,38.85761]]],[[[141.60168,38.8735],[141.62776,38.8783],[141.6344,38.87471],[141.63214,38.87376],[141.63143,38.87274],[141.63124,38.87195],[141.63135,38.87042],[141.63433,38.86735],[141.62229,38.86154],[141.62242,38.85135],[141.63777,38.84042],[141.62852,38.84005],[141.62419,38.83282],[141.62432,38.83023],[141.61293,38.86539],[141.60168,38.8735]]],[[[141.62512,38.85812],[141.62514,38.85815],[141.62516,38.85811],[141.62512,38.85812]]],[[[141.6248,38.85831],[141.62482,38.85821],[141.62476,38.85832],[141.6248,38.85831]]],[[[141.62489,38.85829],[141.62484,38.85829],[141.62483,38.85832],[141.62489,38.85829]]],[[[141.62579,38.85834],[141.62582,38.85829],[141.62574,38.85832],[141.62579,38.85834]]],[[[141.62484,38.8584],[141.62482,38.85838],[141.6248,38.8584],[141.62484,38.8584]]],[[[141.62631,38.85846],[141.62627,38.85832],[141.62616,38.85836],[141.62631,38.85846]]],[[[141.62481,38.85846],[141.62477,38.85843],[141.62475,38.85846],[141.62481,38.85846]]],[[[141.62508,38.86136],[141.62561,38.86219],[141.62576,38.86227],[141.62508,38.86136]]],[[[141.63092,38.86254],[141.63079,38.86262],[141.63091,38.86263],[141.63092,38.86254]]],[[[141.63044,38.86268],[141.6305,38.86267],[141.63043,38.86267],[141.63044,38.86268]]],[[[141.62586,38.86304],[141.62614,38.86247],[141.62559,38.86278],[141.62586,38.86304]]],[[[141.62998,38.86274],[141.62992,38.86285],[141.63003,38.8628],[141.62998,38.86274]]],[[[141.63044,38.86293],[141.63043,38.86281],[141.63034,38.86286],[141.63044,38.86293]]],[[[141.63063,38.86289],[141.6307,38.86305],[141.63073,38.86292],[141.63063,38.86289]]],[[[141.62993,38.86299],[141.62996,38.86321],[141.63003,38.86302],[141.62993,38.86299]]],[[[141.62805,38.86349],[141.628,38.8635],[141.62804,38.86352],[141.62805,38.86349]]],[[[141.63043,38.8635],[141.63041,38.86359],[141.63047,38.86353],[141.63043,38.8635]]],[[[141.63033,38.86357],[141.63022,38.86364],[141.63032,38.86366],[141.63033,38.86357]]],[[[141.63039,38.86368],[141.63031,38.86373],[141.63038,38.86372],[141.63039,38.86368]]],[[[141.63054,38.86375],[141.63047,38.86376],[141.6305,38.86379],[141.63054,38.86375]]],[[[141.63103,38.86449],[141.63097,38.86462],[141.63108,38.86453],[141.63103,38.86449]]],[[[141.63089,38.8646],[141.63092,38.86465],[141.63093,38.86461],[141.63089,38.8646]]],[[[141.63254,38.86478],[141.6326,38.86466],[141.63258,38.86465],[141.63254,38.86478]]],[[[141.63125,38.86466],[141.63121,38.86481],[141.63125,38.86482],[141.63125,38.86466]]],[[[141.63367,38.86682],[141.6337,38.86686],[141.63371,38.86682],[141.63367,38.86682]]],[[[141.63378,38.86691],[141.63382,38.86677],[141.63378,38.86676],[141.63378,38.86691]]],[[[141.63423,38.86706],[141.63433,38.86696],[141.63422,38.867],[141.63423,38.86706]]],[[[141.63425,38.86753],[141.63422,38.86753],[141.63423,38.86756],[141.63425,38.86753]]],[[[141.63375,38.86818],[141.6338,38.86808],[141.6337,38.86817],[141.63375,38.86818]]],[[[141.63385,38.86885],[141.63377,38.86891],[141.63379,38.86893],[141.63385,38.86885]]],[[[141.63375,38.86915],[141.63373,38.86894],[141.6337,38.86922],[141.63375,38.86915]]],[[[141.63324,38.86948],[141.63321,38.8694],[141.63319,38.86948],[141.63324,38.86948]]],[[[141.63296,38.86954],[141.633,38.8694],[141.63294,38.86954],[141.63296,38.86954]]],[[[141.6316,38.87246],[141.63144,38.87221],[141.63144,38.87251],[141.6316,38.87246]]],[[[141.6345,38.87366],[141.63418,38.87339],[141.63445,38.87378],[141.6345,38.87366]]],[[[141.63185,38.8767],[141.63197,38.87679],[141.63204,38.87668],[141.63185,38.8767]]],[[[141.63037,38.87921],[141.63016,38.87932],[141.6302,38.87939],[141.63037,38.87921]]],[[[141.63481,38.88339],[141.63478,38.88333],[141.63476,38.88338],[141.63481,38.88339]]],[[[141.63496,38.8836],[141.63504,38.88366],[141.63501,38.88357],[141.63496,38.8836]]],[[[141.61959,38.88459],[141.61954,38.88455],[141.61954,38.88458],[141.61959,38.88459]]],[[[141.62146,38.89075],[141.62141,38.89072],[141.6214,38.89075],[141.62146,38.89075]]],[[[141.62328,38.89176],[141.62317,38.89162],[141.62314,38.89183],[141.62328,38.89176]]],[[[141.63364,38.89523],[141.63372,38.8954],[141.63377,38.89528],[141.63364,38.89523]]],[[[141.63033,38.89584],[141.63028,38.89592],[141.63032,38.89593],[141.63033,38.89584]]],[[[141.63676,38.92966],[141.63692,38.92976],[141.63694,38.9297],[141.63676,38.92966]]],[[[141.6362,38.94969],[141.6361,38.94968],[141.63621,38.9497],[141.6362,38.94969]]],[[[141.63594,38.94973],[141.63597,38.94967],[141.6359,38.94967],[141.63594,38.94973]]],[[[141.6361,38.9498],[141.63623,38.94978],[141.63607,38.94978],[141.6361,38.9498]]],[[[141.63621,38.94993],[141.63631,38.94991],[141.63618,38.94988],[141.63621,38.94993]]],[[[141.63614,38.95001],[141.63615,38.94998],[141.63611,38.94999],[141.63614,38.95001]]],[[[141.63681,38.94999],[141.63685,38.95005],[141.63698,38.95002],[141.63681,38.94999]]],[[[141.63651,38.95004],[141.6365,38.9502],[141.63668,38.95002],[141.63651,38.95004]]],[[[141.6371,38.95015],[141.63704,38.95028],[141.63717,38.95021],[141.6371,38.95015]]],[[[141.63686,38.95029],[141.63684,38.95023],[141.63681,38.95025],[141.63686,38.95029]]],[[[141.63755,38.95056],[141.63736,38.9504],[141.6373,38.95056],[141.63755,38.95056]]],[[[141.63515,38.95176],[141.63532,38.95149],[141.63523,38.95147],[141.63515,38.95176]]],[[[141.63408,38.95219],[141.63411,38.95214],[141.63406,38.95218],[141.63408,38.95219]]],[[[141.63364,38.95231],[141.63361,38.9523],[141.63362,38.95232],[141.63364,38.95231]]],[[[141.63414,38.95241],[141.6342,38.95239],[141.63412,38.95239],[141.63414,38.95241]]],[[[141.63357,38.95244],[141.6336,38.95242],[141.63358,38.95239],[141.63357,38.95244]]],[[[141.63346,38.95237],[141.63345,38.95248],[141.63351,38.95237],[141.63346,38.95237]]],[[[141.6338,38.95246],[141.63385,38.95252],[141.63388,38.9525],[141.6338,38.95246]]],[[[141.63334,38.95249],[141.63338,38.95254],[141.63338,38.95252],[141.63334,38.95249]]],[[[141.63714,38.95559],[141.63669,38.9555],[141.63665,38.95552],[141.63714,38.95559]]],[[[141.63495,38.96689],[141.63502,38.9669],[141.63502,38.96687],[141.63495,38.96689]]],[[[141.63491,38.9672],[141.63494,38.96717],[141.63492,38.96717],[141.63491,38.9672]]],[[[141.6347,38.96724],[141.63473,38.96716],[141.63466,38.96721],[141.6347,38.96724]]],[[[141.63568,38.96773],[141.63579,38.96772],[141.63565,38.96769],[141.63568,38.96773]]],[[[141.63429,38.96781],[141.63426,38.96777],[141.63424,38.96778],[141.63429,38.96781]]],[[[141.63578,38.96793],[141.63553,38.96768],[141.63477,38.96772],[141.63578,38.96793]]],[[[141.63465,38.96791],[141.63474,38.96791],[141.63464,38.96788],[141.63465,38.96791]]],[[[141.63338,38.96945],[141.63346,38.96954],[141.6335,38.96953],[141.63338,38.96945]]],[[[141.63819,38.83694],[141.63826,38.83714],[141.63849,38.83699],[141.63819,38.83694]]],[[[141.63842,38.84011],[141.63855,38.83993],[141.63853,38.83989],[141.63842,38.84011]]],[[[141.63896,38.84027],[141.63884,38.84015],[141.63882,38.84019],[141.63896,38.84027]]],[[[141.6382,38.84036],[141.63838,38.84031],[141.63837,38.84019],[141.6382,38.84036]]],[[[141.639,38.84046],[141.63893,38.84048],[141.639,38.84051],[141.639,38.84046]]],[[[141.64464,38.84065],[141.64476,38.8405],[141.64457,38.84052],[141.64464,38.84065]]],[[[141.63873,38.84066],[141.63868,38.84065],[141.63871,38.84068],[141.63873,38.84066]]],[[[141.63832,38.84074],[141.63834,38.84066],[141.63828,38.84067],[141.63832,38.84074]]],[[[141.63867,38.84086],[141.63845,38.84078],[141.63839,38.84087],[141.63867,38.84086]]],[[[141.6386,38.84103],[141.63833,38.84113],[141.63859,38.84113],[141.6386,38.84103]]],[[[141.6422,38.84116],[141.64243,38.84107],[141.64218,38.84107],[141.6422,38.84116]]],[[[141.63821,38.84133],[141.63809,38.84125],[141.63806,38.84134],[141.63821,38.84133]]],[[[141.64398,38.8414],[141.64519,38.84111],[141.64383,38.84073],[141.64398,38.8414]]],[[[141.64099,38.84231],[141.64102,38.84214],[141.64093,38.84232],[141.64099,38.84231]]],[[[141.64091,38.84246],[141.64086,38.84256],[141.64095,38.84247],[141.64091,38.84246]]],[[[141.64431,38.84309],[141.64443,38.84303],[141.64439,38.84295],[141.64431,38.84309]]],[[[141.64459,38.84294],[141.64464,38.84313],[141.64467,38.84298],[141.64459,38.84294]]],[[[141.64339,38.84317],[141.64345,38.84326],[141.64356,38.84327],[141.64339,38.84317]]],[[[141.64087,38.84261],[141.64161,38.844],[141.64271,38.8431],[141.64413,38.84302],[141.64332,38.8413],[141.64087,38.84261]]],[[[141.64335,38.84329],[141.64333,38.84333],[141.64338,38.84333],[141.64335,38.84329]]],[[[141.64362,38.84346],[141.64378,38.84334],[141.64346,38.8433],[141.64362,38.84346]]],[[[141.64294,38.84347],[141.64294,38.8434],[141.64287,38.84342],[141.64294,38.84347]]],[[[141.63939,38.84389],[141.63922,38.84359],[141.63911,38.84375],[141.63939,38.84389]]],[[[141.64294,38.84393],[141.64279,38.84393],[141.64281,38.84398],[141.64294,38.84393]]],[[[141.63932,38.84427],[141.63892,38.84398],[141.63883,38.84421],[141.63932,38.84427]]],[[[141.64178,38.84439],[141.64166,38.84424],[141.64162,38.84427],[141.64178,38.84439]]],[[[141.63989,38.8446],[141.63979,38.84466],[141.63989,38.84467],[141.63989,38.8446]]],[[[141.64013,38.84471],[141.64018,38.84476],[141.64017,38.8447],[141.64013,38.84471]]],[[[141.64137,38.84541],[141.64138,38.84546],[141.64141,38.84542],[141.64137,38.84541]]],[[[141.6402,38.84896],[141.64021,38.84868],[141.64002,38.84885],[141.6402,38.84896]]],[[[141.63998,38.84907],[141.63997,38.84892],[141.6399,38.84898],[141.63998,38.84907]]],[[[141.64034,38.84908],[141.64028,38.84902],[141.64025,38.84905],[141.64034,38.84908]]],[[[141.63855,38.84912],[141.63862,38.84906],[141.63851,38.84905],[141.63855,38.84912]]],[[[141.64024,38.84922],[141.64016,38.84907],[141.64008,38.84915],[141.64024,38.84922]]],[[[141.6401,38.84922],[141.64017,38.84929],[141.64021,38.84926],[141.6401,38.84922]]],[[[141.63856,38.85138],[141.63975,38.85147],[141.63947,38.85005],[141.64033,38.85],[141.63963,38.84941],[141.63988,38.84851],[141.63856,38.85138]]],[[[141.63976,38.85034],[141.63973,38.85039],[141.63977,38.85037],[141.63976,38.85034]]],[[[141.64022,38.85041],[141.64026,38.85049],[141.64027,38.85043],[141.64022,38.85041]]],[[[141.64028,38.85054],[141.64038,38.85046],[141.64035,38.85036],[141.64028,38.85054]]],[[[141.63975,38.85068],[141.64007,38.85049],[141.63983,38.85047],[141.63975,38.85068]]],[[[141.63991,38.85107],[141.64004,38.85098],[141.64009,38.85096],[141.6399,38.85089],[141.63986,38.85098],[141.63991,38.85107]]],[[[141.63964,38.85165],[141.63958,38.85158],[141.63954,38.85165],[141.63964,38.85165]]],[[[141.63893,38.85236],[141.63883,38.85237],[141.63892,38.8524],[141.63893,38.85236]]],[[[141.63875,38.8525],[141.63869,38.85246],[141.63868,38.85249],[141.63875,38.8525]]],[[[141.6388,38.85258],[141.63871,38.85252],[141.6387,38.85255],[141.6388,38.85258]]],[[[141.63899,38.85257],[141.63889,38.85253],[141.63888,38.8526],[141.63899,38.85257]]],[[[141.63978,38.86097],[141.63974,38.86092],[141.63971,38.86095],[141.63978,38.86097]]],[[[141.63926,38.86114],[141.63923,38.86118],[141.63928,38.86117],[141.63926,38.86114]]],[[[141.64042,38.86133],[141.64034,38.86109],[141.64024,38.86118],[141.64042,38.86133]]],[[[141.64025,38.86124],[141.64028,38.86133],[141.64031,38.86131],[141.64025,38.86124]]],[[[141.64031,38.86133],[141.64028,38.86141],[141.64034,38.86134],[141.64031,38.86133]]],[[[141.63987,38.86139],[141.63994,38.86139],[141.63994,38.86134],[141.63987,38.86139]]],[[[141.64134,38.86143],[141.64129,38.86157],[141.64136,38.86152],[141.64134,38.86143]]],[[[141.64121,38.86163],[141.64112,38.86165],[141.64115,38.86168],[141.64121,38.86163]]],[[[141.64136,38.86185],[141.64136,38.86189],[141.64138,38.86188],[141.64136,38.86185]]],[[[141.64042,38.86229],[141.64094,38.86143],[141.63982,38.86162],[141.63991,38.86193],[141.64017,38.8619],[141.64042,38.86229]]],[[[141.64024,38.86211],[141.64018,38.86213],[141.6402,38.86217],[141.64024,38.86211]]],[[[141.64052,38.86237],[141.64044,38.86236],[141.64043,38.86239],[141.64052,38.86237]]],[[[141.64126,38.8624],[141.64115,38.86238],[141.64112,38.86247],[141.64126,38.8624]]],[[[141.64103,38.86243],[141.64109,38.86247],[141.64104,38.86242],[141.64103,38.86243]]],[[[141.64084,38.86249],[141.64083,38.86246],[141.64083,38.86249],[141.64084,38.86249]]],[[[141.64101,38.86253],[141.64104,38.86254],[141.64102,38.86252],[141.64101,38.86253]]],[[[141.64102,38.86265],[141.64098,38.86268],[141.641,38.86269],[141.64102,38.86265]]],[[[141.64849,38.87342],[141.64843,38.87349],[141.64844,38.87357],[141.64849,38.87342]]],[[[141.64851,38.87356],[141.64852,38.87364],[141.64852,38.87357],[141.64851,38.87356]]],[[[141.64868,38.87375],[141.64866,38.87379],[141.64872,38.87379],[141.64868,38.87375]]],[[[141.64906,38.87391],[141.64904,38.87402],[141.64908,38.87402],[141.64906,38.87391]]],[[[141.64644,38.8758],[141.64643,38.87594],[141.64647,38.87601],[141.64644,38.8758]]],[[[141.64367,38.87703],[141.64362,38.87717],[141.64366,38.87718],[141.64367,38.87703]]],[[[141.6437,38.87751],[141.64364,38.87756],[141.64366,38.87759],[141.6437,38.87751]]],[[[141.64407,38.8777],[141.64403,38.87786],[141.64412,38.87778],[141.64407,38.8777]]],[[[141.64287,38.87775],[141.64283,38.87781],[141.64287,38.87787],[141.64287,38.87775]]],[[[141.64263,38.87782],[141.64266,38.87791],[141.64268,38.87788],[141.64263,38.87782]]],[[[141.64355,38.87782],[141.6435,38.87792],[141.64353,38.87793],[141.64355,38.87782]]],[[[141.64373,38.87809],[141.64356,38.87805],[141.64366,38.87821],[141.64373,38.87809]]],[[[141.64298,38.87807],[141.64289,38.87815],[141.6429,38.87819],[141.64298,38.87807]]],[[[141.64299,38.87854],[141.6433,38.87844],[141.64307,38.87828],[141.64299,38.87854]]],[[[141.64379,38.88165],[141.64373,38.88165],[141.64379,38.88166],[141.64379,38.88165]]],[[[141.64243,38.88192],[141.64246,38.88224],[141.6425,38.88193],[141.64243,38.88192]]],[[[141.63822,38.88402],[141.63835,38.88404],[141.63832,38.88397],[141.63822,38.88402]]],[[[141.63868,38.88421],[141.63864,38.88418],[141.63862,38.88424],[141.63868,38.88421]]],[[[141.63873,38.88422],[141.63863,38.88432],[141.63875,38.88425],[141.63873,38.88422]]],[[[141.64574,38.92262],[141.64577,38.92254],[141.64568,38.92251],[141.64574,38.92262]]],[[[141.64831,38.92269],[141.64841,38.92274],[141.64845,38.92263],[141.64831,38.92269]]],[[[141.64574,38.92276],[141.6459,38.92279],[141.64575,38.92268],[141.64574,38.92276]]],[[[141.64865,38.92257],[141.64874,38.92301],[141.64887,38.9228],[141.64865,38.92257]]],[[[141.64823,38.92295],[141.64831,38.92282],[141.64825,38.92281],[141.64823,38.92295]]],[[[141.64772,38.92313],[141.6478,38.92301],[141.64775,38.92299],[141.64772,38.92313]]],[[[141.64942,38.92301],[141.64945,38.92317],[141.64949,38.92314],[141.64942,38.92301]]],[[[141.64819,38.92333],[141.64825,38.92323],[141.6482,38.9232],[141.64819,38.92333]]],[[[141.64464,38.92357],[141.6447,38.9235],[141.64463,38.92351],[141.64464,38.92357]]],[[[141.6483,38.92373],[141.64839,38.92363],[141.64827,38.92369],[141.6483,38.92373]]],[[[141.64634,38.92401],[141.64638,38.9237],[141.64628,38.924],[141.64634,38.92401]]],[[[141.64545,38.92527],[141.64531,38.92547],[141.6455,38.92551],[141.64545,38.92527]]],[[[141.64503,38.92532],[141.64517,38.92556],[141.6452,38.92523],[141.64503,38.92532]]],[[[141.64422,38.92655],[141.64409,38.92674],[141.64441,38.92655],[141.64422,38.92655]]],[[[141.6445,38.92703],[141.64429,38.92683],[141.64432,38.92708],[141.6445,38.92703]]],[[[141.64442,38.92712],[141.64455,38.92713],[141.64458,38.92707],[141.64442,38.92712]]],[[[141.64314,38.92728],[141.64327,38.92724],[141.64315,38.92724],[141.64314,38.92728]]],[[[141.64217,38.92827],[141.64223,38.9285],[141.64239,38.92834],[141.64217,38.92827]]],[[[141.64287,38.92835],[141.64263,38.92837],[141.64271,38.9285],[141.64287,38.92835]]],[[[141.6414,38.92858],[141.6415,38.92864],[141.64149,38.9285],[141.6414,38.92858]]],[[[141.64016,38.93084],[141.6402,38.93095],[141.64025,38.9309],[141.64016,38.93084]]],[[[141.64028,38.93148],[141.64028,38.93143],[141.64026,38.93147],[141.64028,38.93148]]],[[[141.64014,38.93154],[141.64019,38.9315],[141.64013,38.93148],[141.64014,38.93154]]],[[[141.63983,38.93152],[141.63971,38.93159],[141.63982,38.93161],[141.63983,38.93152]]],[[[141.64043,38.9316],[141.64037,38.93173],[141.64045,38.93173],[141.64043,38.9316]]],[[[141.64003,38.93172],[141.64001,38.93179],[141.64009,38.93172],[141.64003,38.93172]]],[[[141.63991,38.9318],[141.63997,38.93174],[141.63995,38.93173],[141.63991,38.9318]]],[[[141.64015,38.93193],[141.64005,38.93201],[141.64017,38.93195],[141.64015,38.93193]]],[[[141.64164,38.93206],[141.64169,38.9322],[141.64175,38.93198],[141.64164,38.93206]]],[[[141.64137,38.93238],[141.64134,38.93238],[141.64135,38.93241],[141.64137,38.93238]]],[[[141.64129,38.93239],[141.64126,38.93242],[141.64132,38.93242],[141.64129,38.93239]]],[[[141.64346,38.93239],[141.6436,38.93245],[141.64356,38.93237],[141.64346,38.93239]]],[[[141.64276,38.93256],[141.64302,38.93273],[141.64292,38.93244],[141.64276,38.93256]]],[[[141.64302,38.93242],[141.64318,38.93278],[141.64316,38.93245],[141.64302,38.93242]]],[[[141.64115,38.93265],[141.64111,38.93258],[141.6411,38.93266],[141.64115,38.93265]]],[[[141.64095,38.93276],[141.64105,38.93273],[141.64105,38.93265],[141.64095,38.93276]]],[[[141.64372,38.93279],[141.64378,38.93289],[141.6438,38.93279],[141.64372,38.93279]]],[[[141.64279,38.9328],[141.64289,38.93294],[141.64296,38.93281],[141.64279,38.9328]]],[[[141.64377,38.93296],[141.64385,38.93313],[141.64381,38.93292],[141.64377,38.93296]]],[[[141.64426,38.93308],[141.64437,38.93314],[141.64436,38.93306],[141.64426,38.93308]]],[[[141.64284,38.93362],[141.64371,38.93327],[141.64356,38.93288],[141.64284,38.93362]]],[[[141.6438,38.93337],[141.64383,38.93333],[141.64377,38.93335],[141.6438,38.93337]]],[[[141.64449,38.93344],[141.64453,38.93339],[141.64449,38.93338],[141.64449,38.93344]]],[[[141.64354,38.9335],[141.64352,38.93374],[141.64364,38.9337],[141.64354,38.9335]]],[[[141.64276,38.93397],[141.64274,38.93391],[141.6427,38.93393],[141.64276,38.93397]]],[[[141.64299,38.93399],[141.64309,38.93392],[141.64298,38.93394],[141.64299,38.93399]]],[[[141.64381,38.93419],[141.64387,38.93411],[141.64367,38.93406],[141.64381,38.93419]]],[[[141.6433,38.9342],[141.6433,38.93411],[141.64326,38.93412],[141.6433,38.9342]]],[[[141.64329,38.93446],[141.64359,38.93473],[141.64341,38.93445],[141.64329,38.93446]]],[[[141.64416,38.93517],[141.64412,38.93511],[141.64412,38.93517],[141.64416,38.93517]]],[[[141.64351,38.93528],[141.64364,38.93515],[141.64353,38.93517],[141.64351,38.93528]]],[[[141.64333,38.93527],[141.64345,38.93534],[141.64345,38.93516],[141.64333,38.93527]]],[[[141.64406,38.93554],[141.64376,38.93551],[141.64377,38.93564],[141.64406,38.93554]]],[[[141.64325,38.93556],[141.64305,38.93574],[141.64331,38.93566],[141.64325,38.93556]]],[[[141.64347,38.9359],[141.6435,38.93583],[141.6434,38.93584],[141.64347,38.9359]]],[[[141.64418,38.93592],[141.6443,38.93588],[141.64429,38.93586],[141.64418,38.93592]]],[[[141.64295,38.93629],[141.64289,38.93649],[141.64303,38.93629],[141.64295,38.93629]]],[[[141.64434,38.93681],[141.64437,38.93694],[141.64441,38.93689],[141.64434,38.93681]]],[[[141.64378,38.93713],[141.64389,38.93725],[141.64398,38.93707],[141.64378,38.93713]]],[[[141.6433,38.9401],[141.6434,38.94019],[141.64344,38.94011],[141.6433,38.9401]]],[[[141.64768,38.9404],[141.64701,38.94004],[141.64686,38.94027],[141.64768,38.9404]]],[[[141.64413,38.94079],[141.64422,38.94097],[141.64428,38.94085],[141.64413,38.94079]]],[[[141.64436,38.94098],[141.6445,38.94093],[141.64436,38.94091],[141.64436,38.94098]]],[[[141.6443,38.94119],[141.64433,38.94105],[141.6443,38.94105],[141.6443,38.94119]]],[[[141.64448,38.94118],[141.6446,38.94112],[141.64453,38.94107],[141.64448,38.94118]]],[[[141.64614,38.94255],[141.64619,38.94247],[141.64607,38.94249],[141.64614,38.94255]]],[[[141.64422,38.94387],[141.64624,38.94334],[141.64458,38.94305],[141.64422,38.94387]]],[[[141.63952,38.94392],[141.63953,38.944],[141.63958,38.94396],[141.63952,38.94392]]],[[[141.63971,38.94419],[141.63963,38.94414],[141.63963,38.94415],[141.63971,38.94419]]],[[[141.63951,38.94421],[141.63944,38.94423],[141.63961,38.94431],[141.63951,38.94421]]],[[[141.64067,38.94624],[141.64057,38.94608],[141.64053,38.94625],[141.64067,38.94624]]],[[[141.63955,38.9461],[141.63973,38.94622],[141.63961,38.94607],[141.63955,38.9461]]],[[[141.64245,38.95415],[141.64253,38.95406],[141.64246,38.95406],[141.64245,38.95415]]],[[[141.64085,38.95436],[141.64127,38.95398],[141.64089,38.95419],[141.64085,38.95436]]],[[[141.64126,38.95438],[141.64119,38.95416],[141.64105,38.95435],[141.64126,38.95438]]],[[[141.64238,38.95422],[141.64236,38.95446],[141.64255,38.95423],[141.64238,38.95422]]],[[[141.64257,38.95455],[141.64264,38.95477],[141.64269,38.95473],[141.64257,38.95455]]],[[[141.63997,38.95467],[141.64003,38.95476],[141.64009,38.9547],[141.63997,38.95467]]],[[[141.64318,38.95473],[141.64295,38.95484],[141.64328,38.95487],[141.64318,38.95473]]],[[[141.64005,38.95524],[141.63986,38.95514],[141.6398,38.95527],[141.64005,38.95524]]],[[[141.64412,38.95526],[141.64409,38.95527],[141.64407,38.95536],[141.64416,38.95535],[141.64412,38.95526]]],[[[141.64431,38.95605],[141.64425,38.956],[141.6442,38.95604],[141.64431,38.95605]]],[[[141.64341,38.95613],[141.64362,38.95627],[141.64365,38.95611],[141.64341,38.95613]]],[[[141.64292,38.95657],[141.64282,38.95665],[141.64297,38.95662],[141.64292,38.95657]]],[[[141.64222,38.95661],[141.64209,38.95675],[141.64225,38.95671],[141.64222,38.95661]]],[[[141.64205,38.95688],[141.64214,38.95699],[141.64219,38.95686],[141.64205,38.95688]]],[[[141.64179,38.95715],[141.64186,38.95728],[141.64186,38.95714],[141.64179,38.95715]]],[[[141.64204,38.95785],[141.64204,38.95795],[141.64212,38.9579],[141.64204,38.95785]]],[[[141.64166,38.9579],[141.64164,38.95802],[141.64173,38.95795],[141.64166,38.9579]]],[[[141.64247,38.9589],[141.64295,38.95915],[141.64365,38.95842],[141.64247,38.9589]]],[[[141.64205,38.95896],[141.64179,38.95883],[141.64173,38.95895],[141.64205,38.95896]]],[[[141.64032,38.96023],[141.64036,38.96017],[141.64031,38.96022],[141.64032,38.96023]]],[[[141.63998,38.96042],[141.64006,38.9604],[141.63998,38.96036],[141.63998,38.96042]]],[[[141.63984,38.96047],[141.63979,38.96034],[141.6397,38.96042],[141.63984,38.96047]]],[[[141.63826,38.96265],[141.63821,38.96272],[141.63834,38.96271],[141.63826,38.96265]]],[[[141.66117,38.85807],[141.66112,38.85799],[141.66112,38.85806],[141.66117,38.85807]]],[[[141.66123,38.85818],[141.66115,38.85814],[141.66117,38.85822],[141.66123,38.85818]]],[[[141.66072,38.85951],[141.66069,38.85949],[141.66054,38.85963],[141.66072,38.85951]]],[[[141.65982,38.85954],[141.65985,38.85956],[141.65982,38.85948],[141.65982,38.85954]]],[[[141.66056,38.85969],[141.66047,38.85983],[141.66059,38.85973],[141.66056,38.85969]]],[[[141.65969,38.86028],[141.65975,38.86046],[141.65976,38.86026],[141.65969,38.86028]]],[[[141.65968,38.86113],[141.66097,38.86026],[141.66086,38.85965],[141.66006,38.86057],[141.66021,38.85971],[141.65986,38.85987],[141.65968,38.86113]]],[[[141.65877,38.86054],[141.65883,38.86063],[141.65884,38.86054],[141.65877,38.86054]]],[[[141.65782,38.86084],[141.65788,38.86086],[141.65787,38.86082],[141.65782,38.86084]]],[[[141.65729,38.86089],[141.65733,38.86095],[141.65737,38.86088],[141.65729,38.86089]]],[[[141.65942,38.86088],[141.65942,38.86095],[141.65946,38.86087],[141.65942,38.86088]]],[[[141.65845,38.86106],[141.65831,38.86103],[141.65842,38.86111],[141.65845,38.86106]]],[[[141.6587,38.86134],[141.65891,38.86124],[141.65898,38.86072],[141.65862,38.86105],[141.6587,38.86134]]],[[[141.65721,38.86105],[141.65727,38.86113],[141.65729,38.86106],[141.65721,38.86105]]],[[[141.6595,38.86113],[141.65956,38.86119],[141.65957,38.8611],[141.6595,38.86113]]],[[[141.65779,38.86131],[141.65785,38.86133],[141.65783,38.86127],[141.65779,38.86131]]],[[[141.65909,38.86138],[141.65914,38.86142],[141.65914,38.86138],[141.65909,38.86138]]],[[[141.66283,38.86148],[141.66282,38.86139],[141.66278,38.86142],[141.66283,38.86148]]],[[[141.65852,38.86158],[141.65826,38.86138],[141.65828,38.86169],[141.65852,38.86158]]],[[[141.66309,38.86171],[141.66308,38.86152],[141.66301,38.86155],[141.66309,38.86171]]],[[[141.65697,38.86186],[141.65695,38.862],[141.65703,38.86193],[141.65697,38.86186]]],[[[141.6633,38.86221],[141.66319,38.86222],[141.66328,38.86229],[141.6633,38.86221]]],[[[141.65735,38.86237],[141.65728,38.86208],[141.65698,38.8622],[141.65735,38.86237]]],[[[141.66313,38.86221],[141.66313,38.86224],[141.66315,38.86222],[141.66313,38.86221]]],[[[141.66319,38.86235],[141.66309,38.86244],[141.6631,38.86248],[141.66319,38.86235]]],[[[141.66319,38.86254],[141.66317,38.86258],[141.66322,38.86254],[141.66319,38.86254]]],[[[141.66343,38.86264],[141.66342,38.8627],[141.66346,38.86265],[141.66343,38.86264]]],[[[141.65644,38.86262],[141.65637,38.86285],[141.65642,38.86286],[141.65644,38.86262]]],[[[141.66323,38.86273],[141.66318,38.86278],[141.66324,38.86279],[141.66323,38.86273]]],[[[141.65654,38.8627],[141.65646,38.86314],[141.65666,38.86321],[141.65654,38.8627]]],[[[141.65639,38.86301],[141.65644,38.8633],[141.65652,38.86328],[141.65639,38.86301]]],[[[141.65677,38.86337],[141.65652,38.86348],[141.65678,38.86352],[141.65677,38.86337]]],[[[141.65577,38.86413],[141.65599,38.86363],[141.65568,38.86353],[141.65577,38.86413]]],[[[141.65562,38.86409],[141.65542,38.86392],[141.65556,38.86416],[141.65562,38.86409]]],[[[141.65586,38.8661],[141.6555,38.86623],[141.65583,38.86627],[141.65586,38.8661]]],[[[141.6538,38.86646],[141.65378,38.86633],[141.65376,38.86632],[141.6538,38.86646]]],[[[141.65432,38.86655],[141.65425,38.86648],[141.65425,38.86654],[141.65432,38.86655]]],[[[141.64955,38.8668],[141.64959,38.86676],[141.64952,38.86677],[141.64955,38.8668]]],[[[141.6534,38.86676],[141.6534,38.86685],[141.65344,38.86679],[141.6534,38.86676]]],[[[141.65031,38.86688],[141.65027,38.86686],[141.65031,38.86689],[141.65031,38.86688]]],[[[141.65367,38.86696],[141.65373,38.86683],[141.65362,38.86694],[141.65367,38.86696]]],[[[141.64999,38.86696],[141.65004,38.86698],[141.65001,38.86695],[141.64999,38.86696]]],[[[141.65031,38.86704],[141.65028,38.86702],[141.65027,38.86706],[141.65031,38.86704]]],[[[141.64944,38.86718],[141.6494,38.86714],[141.6494,38.8672],[141.64944,38.86718]]],[[[141.65409,38.86739],[141.6538,38.8671],[141.65367,38.8673],[141.65409,38.86739]]],[[[141.6499,38.86747],[141.64996,38.86735],[141.64989,38.86747],[141.6499,38.86747]]],[[[141.65058,38.86745],[141.65058,38.86741],[141.65057,38.86744],[141.65058,38.86745]]],[[[141.65042,38.86757],[141.65048,38.86749],[141.65046,38.86741],[141.65042,38.86757]]],[[[141.65047,38.86764],[141.65049,38.8676],[141.65049,38.86757],[141.65047,38.86764]]],[[[141.65053,38.86765],[141.6506,38.8676],[141.65059,38.86758],[141.65053,38.86765]]],[[[141.65042,38.86771],[141.65041,38.86767],[141.6504,38.86771],[141.65042,38.86771]]],[[[141.65046,38.86775],[141.6505,38.86769],[141.65045,38.86767],[141.65046,38.86775]]],[[[141.65045,38.86786],[141.65047,38.86782],[141.65045,38.86783],[141.65045,38.86786]]],[[[141.65219,38.86801],[141.65225,38.86806],[141.65223,38.86799],[141.65219,38.86801]]],[[[141.65195,38.8681],[141.65194,38.86809],[141.65194,38.86809],[141.65195,38.8681]]],[[[141.65193,38.86831],[141.6519,38.86834],[141.6519,38.86835],[141.65193,38.86831]]],[[[141.65199,38.86841],[141.65196,38.86836],[141.65195,38.86841],[141.65199,38.86841]]],[[[141.65224,38.8684],[141.65228,38.86839],[141.65223,38.86837],[141.65224,38.8684]]],[[[141.65139,38.86843],[141.65145,38.86848],[141.65143,38.8684],[141.65139,38.86843]]],[[[141.64989,38.86845],[141.64999,38.86848],[141.64999,38.86843],[141.64989,38.86845]]],[[[141.65024,38.86879],[141.65027,38.86885],[141.65029,38.86878],[141.65024,38.86879]]],[[[141.65047,38.86927],[141.65013,38.86896],[141.65002,38.86936],[141.65047,38.86927]]],[[[141.65002,38.86956],[141.64996,38.86944],[141.6499,38.86951],[141.65002,38.86956]]],[[[141.6627,38.88742],[141.66271,38.88745],[141.66273,38.88744],[141.6627,38.88742]]],[[[141.66288,38.88746],[141.6628,38.88744],[141.66279,38.88746],[141.66288,38.88746]]],[[[141.66264,38.88747],[141.66262,38.8875],[141.66265,38.8875],[141.66264,38.88747]]],[[[141.6637,38.88794],[141.66389,38.88804],[141.66335,38.88749],[141.6637,38.88794]]],[[[141.66362,38.89314],[141.66341,38.89296],[141.66346,38.89311],[141.66362,38.89314]]],[[[141.66337,38.89325],[141.66323,38.89326],[141.66339,38.89326],[141.66337,38.89325]]],[[[141.66316,38.89351],[141.66319,38.89349],[141.66316,38.8935],[141.66316,38.89351]]],[[[141.66338,38.89399],[141.66343,38.89402],[141.66344,38.89401],[141.66338,38.89399]]],[[[141.66367,38.89417],[141.66373,38.89418],[141.66374,38.89416],[141.66367,38.89417]]],[[[141.6622,38.89638],[141.66223,38.89635],[141.66218,38.89637],[141.6622,38.89638]]],[[[141.66114,38.89635],[141.66125,38.8965],[141.66118,38.89631],[141.66114,38.89635]]],[[[141.66015,38.89697],[141.66023,38.89702],[141.66027,38.89702],[141.66015,38.89697]]],[[[141.66015,38.89718],[141.66023,38.89715],[141.66015,38.89712],[141.66015,38.89718]]],[[[141.65948,38.89719],[141.6596,38.89721],[141.65946,38.89714],[141.65948,38.89719]]],[[[141.66051,38.89722],[141.66052,38.89731],[141.66056,38.8973],[141.66051,38.89722]]],[[[141.66367,38.89736],[141.66373,38.89734],[141.66366,38.89731],[141.66367,38.89736]]],[[[141.65989,38.8979],[141.66002,38.89797],[141.66002,38.89791],[141.65989,38.8979]]],[[[141.6595,38.89793],[141.65945,38.89802],[141.6596,38.89794],[141.6595,38.89793]]],[[[141.65954,38.89821],[141.65937,38.89811],[141.65935,38.89813],[141.65954,38.89821]]],[[[141.65913,38.89821],[141.65911,38.89817],[141.65911,38.89822],[141.65913,38.89821]]],[[[141.65975,38.89819],[141.65977,38.89828],[141.65983,38.89823],[141.65975,38.89819]]],[[[141.65919,38.89835],[141.65923,38.89832],[141.65919,38.8983],[141.65919,38.89835]]],[[[141.65895,38.89839],[141.65902,38.89842],[141.65897,38.89836],[141.65895,38.89839]]],[[[141.65997,38.89838],[141.66003,38.89838],[141.65997,38.89837],[141.65997,38.89838]]],[[[141.65883,38.89841],[141.65887,38.89848],[141.65887,38.89839],[141.65883,38.89841]]],[[[141.65967,38.89872],[141.65991,38.8985],[141.65972,38.89847],[141.65967,38.89872]]],[[[141.65881,38.89863],[141.65886,38.89861],[141.65882,38.8986],[141.65881,38.89863]]],[[[141.6588,38.89884],[141.65877,38.89889],[141.65881,38.89887],[141.6588,38.89884]]],[[[141.65981,38.89898],[141.6599,38.89898],[141.65984,38.89893],[141.65981,38.89898]]],[[[141.65919,38.89913],[141.65922,38.89909],[141.65917,38.89909],[141.65919,38.89913]]],[[[141.65885,38.89909],[141.65893,38.89916],[141.65893,38.89907],[141.65885,38.89909]]],[[[141.65974,38.89929],[141.65972,38.89955],[141.65979,38.89956],[141.65974,38.89929]]],[[[141.65819,38.89956],[141.6582,38.89953],[141.65819,38.89954],[141.65819,38.89956]]],[[[141.65832,38.89947],[141.65836,38.8996],[141.65846,38.89962],[141.65832,38.89947]]],[[[141.65852,38.89964],[141.65857,38.8996],[141.65851,38.8996],[141.65852,38.89964]]],[[[141.66011,38.89968],[141.66022,38.89976],[141.66021,38.89965],[141.66011,38.89968]]],[[[141.65742,38.89975],[141.65758,38.89965],[141.65756,38.89958],[141.65742,38.89975]]],[[[141.65814,38.89984],[141.65816,38.8996],[141.65807,38.89985],[141.65814,38.89984]]],[[[141.65752,38.89988],[141.65787,38.89966],[141.65769,38.89964],[141.65752,38.89988]]],[[[141.66019,38.89984],[141.66024,38.89981],[141.66018,38.89981],[141.66019,38.89984]]],[[[141.65775,38.89981],[141.65776,38.90002],[141.65787,38.89976],[141.65775,38.89981]]],[[[141.65675,38.8998],[141.65676,38.89997],[141.65687,38.89981],[141.65675,38.8998]]],[[[141.65775,38.90005],[141.65767,38.90016],[141.65771,38.90016],[141.65775,38.90005]]],[[[141.65548,38.9002],[141.65541,38.90019],[141.65548,38.90021],[141.65548,38.9002]]],[[[141.65653,38.90031],[141.65634,38.90025],[141.65633,38.9003],[141.65653,38.90031]]],[[[141.65513,38.90026],[141.6551,38.9002],[141.65508,38.90025],[141.65513,38.90026]]],[[[141.6574,38.90066],[141.65742,38.90062],[141.6574,38.90063],[141.6574,38.90066]]],[[[141.65421,38.90064],[141.65422,38.90077],[141.65428,38.90077],[141.65421,38.90064]]],[[[141.65393,38.90071],[141.65389,38.90074],[141.65395,38.90075],[141.65393,38.90071]]],[[[141.65435,38.90074],[141.6544,38.90082],[141.65443,38.90081],[141.65435,38.90074]]],[[[141.65398,38.90078],[141.65399,38.90083],[141.65403,38.9008],[141.65398,38.90078]]],[[[141.65428,38.90095],[141.65434,38.90091],[141.65429,38.90089],[141.65428,38.90095]]],[[[141.65459,38.90094],[141.65449,38.90097],[141.6546,38.90099],[141.65459,38.90094]]],[[[141.65354,38.90102],[141.65352,38.90095],[141.65349,38.90096],[141.65354,38.90102]]],[[[141.65365,38.90104],[141.6536,38.90104],[141.65362,38.90109],[141.65365,38.90104]]],[[[141.65357,38.90141],[141.65384,38.90134],[141.65381,38.90116],[141.65357,38.90141]]],[[[141.65294,38.9014],[141.65286,38.90144],[141.65296,38.90143],[141.65294,38.9014]]],[[[141.65329,38.90158],[141.65326,38.9015],[141.65321,38.90141],[141.65304,38.90139],[141.65329,38.90158]]],[[[141.6523,38.9041],[141.65235,38.90403],[141.65225,38.9041],[141.6523,38.9041]]],[[[141.65562,38.90489],[141.65564,38.9047],[141.65553,38.90481],[141.65562,38.90489]]],[[[141.66183,38.90526],[141.66194,38.90507],[141.66177,38.90522],[141.66183,38.90526]]],[[[141.65344,38.90538],[141.65336,38.90543],[141.65347,38.90541],[141.65344,38.90538]]],[[[141.65574,38.90569],[141.65587,38.90554],[141.65569,38.90555],[141.65574,38.90569]]],[[[141.65468,38.90613],[141.6548,38.906],[141.65462,38.90608],[141.65468,38.90613]]],[[[141.66155,38.9061],[141.66188,38.90628],[141.66194,38.9059],[141.66155,38.9061]]],[[[141.65482,38.90643],[141.65445,38.90631],[141.65463,38.90652],[141.65482,38.90643]]],[[[141.656,38.90669],[141.65635,38.90669],[141.65602,38.90665],[141.656,38.90669]]],[[[141.65517,38.9068],[141.65495,38.90664],[141.65481,38.90674],[141.65517,38.9068]]],[[[141.65527,38.90681],[141.65562,38.90677],[141.65523,38.90668],[141.65527,38.90681]]],[[[141.65883,38.90672],[141.65893,38.9068],[141.65894,38.90676],[141.65883,38.90672]]],[[[141.65396,38.90697],[141.65371,38.90697],[141.65399,38.90706],[141.65396,38.90697]]],[[[141.6558,38.90754],[141.65628,38.90743],[141.65543,38.90722],[141.6558,38.90754]]],[[[141.65567,38.90795],[141.65585,38.90815],[141.65596,38.90804],[141.65567,38.90795]]],[[[141.65243,38.90839],[141.65222,38.90845],[141.65241,38.90851],[141.65243,38.90839]]],[[[141.65257,38.9086],[141.6526,38.90869],[141.65265,38.90866],[141.65257,38.9086]]],[[[141.65244,38.90885],[141.65252,38.9088],[141.65246,38.90879],[141.65244,38.90885]]],[[[141.65255,38.90919],[141.65256,38.90912],[141.6525,38.90916],[141.65255,38.90919]]],[[[141.65247,38.90937],[141.65257,38.90951],[141.65265,38.9095],[141.65247,38.90937]]],[[[141.6529,38.90948],[141.65292,38.90959],[141.65301,38.90953],[141.6529,38.90948]]],[[[141.65154,38.90967],[141.6513,38.90973],[141.65156,38.90975],[141.65154,38.90967]]],[[[141.65173,38.90991],[141.65162,38.90978],[141.65145,38.90984],[141.65173,38.90991]]],[[[141.65172,38.91221],[141.65156,38.91234],[141.65176,38.91231],[141.65172,38.91221]]],[[[141.65079,38.91236],[141.65075,38.91236],[141.65078,38.91238],[141.65079,38.91236]]],[[[141.65084,38.91246],[141.65085,38.9124],[141.65082,38.91241],[141.65084,38.91246]]],[[[141.65112,38.91246],[141.65089,38.9125],[141.65114,38.91256],[141.65112,38.91246]]],[[[141.65238,38.91313],[141.6521,38.9132],[141.65251,38.91326],[141.65238,38.91313]]],[[[141.65136,38.91363],[141.65127,38.91363],[141.65129,38.91365],[141.65136,38.91363]]],[[[141.65116,38.91397],[141.65106,38.91392],[141.65095,38.91393],[141.65116,38.91397]]],[[[141.65136,38.91441],[141.65125,38.91423],[141.6512,38.91425],[141.65136,38.91441]]],[[[141.65159,38.91457],[141.65155,38.91445],[141.65153,38.91453],[141.65159,38.91457]]],[[[141.65136,38.91451],[141.65122,38.91457],[141.65137,38.91457],[141.65136,38.91451]]],[[[141.65163,38.91504],[141.65159,38.91499],[141.65137,38.91489],[141.65141,38.91501],[141.65163,38.91504]]],[[[141.65165,38.91696],[141.65179,38.91705],[141.65187,38.91699],[141.65165,38.91696]]],[[[141.6523,38.91732],[141.65242,38.91736],[141.65241,38.91731],[141.6523,38.91732]]],[[[141.65197,38.91736],[141.65209,38.91735],[141.65206,38.91731],[141.65197,38.91736]]],[[[141.65854,38.91781],[141.6585,38.91774],[141.6585,38.91781],[141.65854,38.91781]]],[[[141.65789,38.9179],[141.65801,38.91784],[141.65792,38.91777],[141.65789,38.9179]]],[[[141.65821,38.91797],[141.65837,38.9179],[141.65826,38.91786],[141.65821,38.91797]]],[[[141.65293,38.91859],[141.65294,38.91856],[141.65291,38.91858],[141.65293,38.91859]]],[[[141.65281,38.91861],[141.65267,38.91858],[141.65265,38.91861],[141.65281,38.91861]]],[[[141.65271,38.91863],[141.65268,38.91867],[141.65274,38.91865],[141.65271,38.91863]]],[[[141.65327,38.91891],[141.65331,38.919],[141.65335,38.91891],[141.65327,38.91891]]],[[[141.65424,38.91922],[141.65441,38.9192],[141.65424,38.91912],[141.65424,38.91922]]],[[[141.65322,38.9192],[141.65327,38.91921],[141.65326,38.91919],[141.65322,38.9192]]],[[[141.65337,38.91934],[141.65339,38.91931],[141.65335,38.91932],[141.65337,38.91934]]],[[[141.65323,38.91957],[141.65345,38.91956],[141.65314,38.91945],[141.65323,38.91957]]],[[[141.65784,38.91922],[141.65777,38.91984],[141.65785,38.91991],[141.65784,38.91922]]],[[[141.658,38.91958],[141.65807,38.91975],[141.65809,38.91958],[141.658,38.91958]]],[[[141.65832,38.9199],[141.65871,38.91957],[141.65841,38.91951],[141.65832,38.9199]]],[[[141.65056,38.9202],[141.65062,38.92013],[141.65055,38.92014],[141.65056,38.9202]]],[[[141.65018,38.92066],[141.65028,38.92061],[141.65017,38.92062],[141.65018,38.92066]]],[[[141.65065,38.92073],[141.65058,38.92083],[141.65066,38.92078],[141.65065,38.92073]]],[[[141.64979,38.92205],[141.64982,38.92215],[141.6499,38.92211],[141.64979,38.92205]]],[[[141.64932,38.92285],[141.64941,38.92274],[141.64933,38.92279],[141.64932,38.92285]]],[[[141.67455,38.85617],[141.6748,38.85583],[141.67436,38.85576],[141.67455,38.85617]]],[[[141.67428,38.85618],[141.67423,38.85611],[141.67418,38.85616],[141.67428,38.85618]]],[[[141.67496,38.8564],[141.67478,38.85629],[141.67473,38.85636],[141.67496,38.8564]]],[[[141.67525,38.85633],[141.67519,38.85636],[141.67528,38.85637],[141.67525,38.85633]]],[[[141.67448,38.85644],[141.67449,38.8564],[141.67444,38.85641],[141.67448,38.85644]]],[[[141.67281,38.85735],[141.67311,38.85662],[141.67245,38.85706],[141.67281,38.85735]]],[[[141.67119,38.85756],[141.6712,38.85759],[141.67121,38.85757],[141.67119,38.85756]]],[[[141.67164,38.85781],[141.67155,38.85776],[141.67151,38.85779],[141.67164,38.85781]]],[[[141.67106,38.85784],[141.671,38.8578],[141.671,38.85791],[141.67106,38.85784]]],[[[141.67085,38.85799],[141.67077,38.85791],[141.67069,38.85801],[141.67085,38.85799]]],[[[141.6754,38.85896],[141.67588,38.8587],[141.67521,38.85845],[141.6754,38.85896]]],[[[141.6756,38.85904],[141.6757,38.85912],[141.67571,38.85909],[141.6756,38.85904]]],[[[141.66684,38.86015],[141.66689,38.86006],[141.66597,38.85969],[141.66684,38.86015]]],[[[141.66415,38.86039],[141.66428,38.86032],[141.66421,38.86027],[141.66415,38.86039]]],[[[141.66408,38.86044],[141.66399,38.86047],[141.66406,38.8605],[141.66408,38.86044]]],[[[141.66421,38.86058],[141.66433,38.86035],[141.66414,38.86049],[141.66421,38.86058]]],[[[141.66442,38.86061],[141.6644,38.86064],[141.66444,38.86062],[141.66442,38.86061]]],[[[141.66435,38.86065],[141.66431,38.86071],[141.66437,38.86069],[141.66435,38.86065]]],[[[141.66458,38.86079],[141.66455,38.8606],[141.66443,38.86072],[141.66458,38.86079]]],[[[141.66474,38.8608],[141.66471,38.86074],[141.66465,38.86078],[141.66474,38.8608]]],[[[141.66443,38.86076],[141.66441,38.86086],[141.66448,38.86084],[141.66443,38.86076]]],[[[141.66516,38.86094],[141.66518,38.86114],[141.66522,38.86094],[141.66516,38.86094]]],[[[141.66486,38.86134],[141.66493,38.86135],[141.66493,38.86129],[141.66486,38.86134]]],[[[141.67524,38.8615],[141.67522,38.86155],[141.67525,38.86152],[141.67524,38.8615]]],[[[141.67518,38.86157],[141.67517,38.86163],[141.67523,38.86157],[141.67518,38.86157]]],[[[141.67483,38.86217],[141.67517,38.86154],[141.67479,38.8612],[141.67483,38.86217]]],[[[141.6642,38.86175],[141.66418,38.86178],[141.66422,38.86175],[141.6642,38.86175]]],[[[141.66459,38.86176],[141.66457,38.86174],[141.66455,38.86181],[141.66459,38.86176]]],[[[141.66625,38.86173],[141.66602,38.86186],[141.66628,38.86176],[141.66625,38.86173]]],[[[141.67586,38.86178],[141.67585,38.86184],[141.67589,38.86184],[141.67586,38.86178]]],[[[141.67593,38.8619],[141.67592,38.86193],[141.67596,38.86192],[141.67593,38.8619]]],[[[141.676,38.86192],[141.67596,38.86193],[141.67602,38.86194],[141.676,38.86192]]],[[[141.67579,38.86217],[141.67578,38.86177],[141.67545,38.86186],[141.67579,38.86217]]],[[[141.67508,38.86197],[141.675,38.86194],[141.67497,38.86197],[141.67508,38.86197]]],[[[141.66498,38.86216],[141.66496,38.8622],[141.66499,38.86217],[141.66498,38.86216]]],[[[141.66518,38.86225],[141.66535,38.86214],[141.66512,38.86219],[141.66518,38.86225]]],[[[141.6747,38.86235],[141.67455,38.86217],[141.67448,38.86217],[141.67457,38.86234],[141.6747,38.86235]]],[[[141.66508,38.86222],[141.66505,38.86231],[141.66511,38.86223],[141.66508,38.86222]]],[[[141.67492,38.86234],[141.67488,38.86228],[141.67483,38.86233],[141.67492,38.86234]]],[[[141.66539,38.8624],[141.66555,38.86233],[141.66534,38.86233],[141.66539,38.8624]]],[[[141.66376,38.86238],[141.66376,38.86242],[141.66379,38.86241],[141.66376,38.86238]]],[[[141.6657,38.86254],[141.66575,38.86249],[141.66566,38.86253],[141.6657,38.86254]]],[[[141.67548,38.86285],[141.67539,38.86283],[141.67553,38.86289],[141.67548,38.86285]]],[[[141.67521,38.863],[141.67522,38.86304],[141.67523,38.86303],[141.67521,38.863]]],[[[141.67508,38.86319],[141.6752,38.8631],[141.67505,38.86317],[141.67508,38.86319]]],[[[141.67527,38.86327],[141.6752,38.86319],[141.67516,38.86319],[141.67527,38.86327]]],[[[141.67488,38.86386],[141.67539,38.86357],[141.67503,38.8633],[141.67488,38.86386]]],[[[141.6749,38.86391],[141.67494,38.86401],[141.67497,38.86396],[141.6749,38.86391]]],[[[141.67504,38.86414],[141.67498,38.86397],[141.67498,38.86407],[141.67486,38.86408],[141.67504,38.86414]]],[[[141.67485,38.86432],[141.67478,38.86435],[141.67486,38.86435],[141.67485,38.86432]]],[[[141.67482,38.86451],[141.6753,38.86452],[141.67485,38.86411],[141.67494,38.86431],[141.67482,38.86451]]],[[[141.67359,38.86626],[141.67379,38.86586],[141.67317,38.86574],[141.67359,38.86626]]],[[[141.674,38.8664],[141.67409,38.8663],[141.67393,38.86636],[141.674,38.8664]]],[[[141.67433,38.8665],[141.67441,38.86646],[141.67429,38.86643],[141.67433,38.8665]]],[[[141.67442,38.86705],[141.67451,38.8669],[141.6743,38.8669],[141.67442,38.86705]]],[[[141.67336,38.86764],[141.67359,38.86767],[141.67355,38.86756],[141.67336,38.86764]]],[[[141.67262,38.86838],[141.67244,38.8682],[141.67212,38.86823],[141.67212,38.86828],[141.67239,38.86827],[141.67262,38.86838]]],[[[141.67219,38.86839],[141.67229,38.86829],[141.67216,38.86832],[141.67219,38.86839]]],[[[141.67283,38.86836],[141.67282,38.86844],[141.67294,38.86844],[141.67283,38.86836]]],[[[141.67026,38.86957],[141.67016,38.86959],[141.67028,38.86966],[141.67026,38.86957]]],[[[141.67044,38.86993],[141.67128,38.86948],[141.67028,38.86949],[141.67044,38.86993]]],[[[141.67132,38.87028],[141.67159,38.86998],[141.67085,38.87012],[141.67123,38.8701],[141.67132,38.87028]]],[[[141.67123,38.87016],[141.67124,38.87019],[141.67125,38.87016],[141.67123,38.87016]]],[[[141.67037,38.87139],[141.67047,38.87129],[141.67029,38.87125],[141.67037,38.87139]]],[[[141.67027,38.87157],[141.67049,38.87149],[141.67051,38.8714],[141.67027,38.87157]]],[[[141.67141,38.87297],[141.67143,38.87288],[141.6713,38.87293],[141.67141,38.87297]]],[[[141.67073,38.87297],[141.67075,38.87291],[141.67071,38.87296],[141.67073,38.87297]]],[[[141.67151,38.87295],[141.67149,38.87301],[141.67153,38.873],[141.67151,38.87295]]],[[[141.6714,38.87303],[141.67135,38.87297],[141.67132,38.873],[141.6714,38.87303]]],[[[141.67097,38.87326],[141.67094,38.87334],[141.67095,38.87336],[141.67097,38.87326]]],[[[141.67093,38.87327],[141.67068,38.87353],[141.67073,38.87368],[141.67093,38.87327]]],[[[141.67098,38.87429],[141.67118,38.87419],[141.67106,38.87412],[141.67098,38.87429]]],[[[141.671,38.87423],[141.67091,38.87427],[141.67093,38.87434],[141.671,38.87423]]],[[[141.67046,38.87459],[141.67037,38.87438],[141.67029,38.8745],[141.67046,38.87459]]],[[[141.67053,38.87463],[141.67088,38.87457],[141.67086,38.87447],[141.67053,38.87463]]],[[[141.67056,38.87467],[141.67055,38.8747],[141.67061,38.87467],[141.67056,38.87467]]],[[[141.6706,38.87474],[141.67063,38.87467],[141.67058,38.87472],[141.6706,38.87474]]],[[[141.66901,38.87484],[141.66912,38.87477],[141.66899,38.87478],[141.66901,38.87484]]],[[[141.66859,38.875],[141.669,38.87488],[141.66844,38.87489],[141.66859,38.875]]],[[[141.66845,38.87522],[141.66807,38.87491],[141.66792,38.87498],[141.66845,38.87522]]],[[[141.66893,38.87506],[141.66892,38.8751],[141.66894,38.87507],[141.66893,38.87506]]],[[[141.6701,38.87526],[141.67028,38.875],[141.66954,38.87501],[141.6701,38.87526]]],[[[141.66896,38.87517],[141.66901,38.87511],[141.66894,38.87515],[141.66896,38.87517]]],[[[141.66802,38.87513],[141.668,38.87516],[141.66802,38.87517],[141.66802,38.87513]]],[[[141.6698,38.8752],[141.66982,38.87524],[141.66986,38.87523],[141.6698,38.8752]]],[[[141.67029,38.87525],[141.67026,38.87529],[141.67031,38.87528],[141.67029,38.87525]]],[[[141.66847,38.8753],[141.66803,38.87518],[141.66847,38.87539],[141.66847,38.8753]]],[[[141.66796,38.87569],[141.66794,38.87575],[141.66796,38.87576],[141.66796,38.87569]]],[[[141.66811,38.87577],[141.66801,38.87579],[141.6681,38.87583],[141.66811,38.87577]]],[[[141.66826,38.87593],[141.6682,38.87599],[141.66826,38.87602],[141.66826,38.87593]]],[[[141.6679,38.87596],[141.66774,38.87605],[141.66787,38.87614],[141.6679,38.87596]]],[[[141.66849,38.87613],[141.66842,38.87608],[141.66835,38.8761],[141.66849,38.87613]]],[[[141.66809,38.87612],[141.66801,38.87621],[141.6681,38.87621],[141.66809,38.87612]]],[[[141.66672,38.87763],[141.6668,38.87739],[141.6667,38.87738],[141.66672,38.87763]]],[[[141.66692,38.87764],[141.66677,38.87772],[141.6669,38.87775],[141.66692,38.87764]]],[[[141.66672,38.87804],[141.66669,38.87811],[141.66674,38.87808],[141.66672,38.87804]]],[[[141.66768,38.87837],[141.6677,38.87818],[141.6675,38.87833],[141.66768,38.87837]]],[[[141.66627,38.87834],[141.66625,38.8784],[141.66636,38.87837],[141.66627,38.87834]]],[[[141.66616,38.87843],[141.66612,38.8785],[141.66618,38.87848],[141.66616,38.87843]]],[[[141.66588,38.87859],[141.66573,38.87839],[141.66567,38.87848],[141.66588,38.87859]]],[[[141.66616,38.87863],[141.66607,38.87868],[141.66618,38.87863],[141.66616,38.87863]]],[[[141.66585,38.87864],[141.66585,38.87872],[141.66588,38.87864],[141.66585,38.87864]]],[[[141.66638,38.87878],[141.66641,38.87883],[141.66638,38.87877],[141.66638,38.87878]]],[[[141.66428,38.87975],[141.6644,38.87972],[141.66438,38.87969],[141.66428,38.87975]]],[[[141.66547,38.87983],[141.66549,38.87989],[141.66554,38.87989],[141.66547,38.87983]]],[[[141.66473,38.88019],[141.6648,38.87966],[141.66442,38.87995],[141.66473,38.88019]]],[[[141.66545,38.88021],[141.66536,38.88027],[141.66545,38.88027],[141.66545,38.88021]]],[[[141.66546,38.88073],[141.66549,38.88067],[141.66542,38.88071],[141.66546,38.88073]]],[[[141.66478,38.88099],[141.66455,38.88086],[141.66451,38.88108],[141.66478,38.88099]]],[[[141.66655,38.88215],[141.6668,38.88239],[141.66688,38.88227],[141.66655,38.88215]]],[[[141.66481,38.8822],[141.6649,38.88238],[141.66492,38.88221],[141.66481,38.8822]]],[[[141.66563,38.88254],[141.66564,38.88265],[141.6657,38.88259],[141.66563,38.88254]]],[[[141.66575,38.88256],[141.66572,38.88264],[141.66579,38.88262],[141.66575,38.88256]]],[[[141.66518,38.88257],[141.66515,38.88264],[141.66521,38.8826],[141.66518,38.88257]]],[[[141.66494,38.88259],[141.66494,38.88264],[141.66499,38.88259],[141.66494,38.88259]]],[[[141.6661,38.88266],[141.66609,38.88269],[141.66612,38.88268],[141.6661,38.88266]]],[[[141.66554,38.88271],[141.66555,38.88275],[141.66557,38.8827],[141.66554,38.88271]]],[[[141.66503,38.88271],[141.66494,38.88278],[141.66506,38.88273],[141.66503,38.88271]]],[[[141.66477,38.88284],[141.66476,38.88289],[141.6648,38.88287],[141.66477,38.88284]]],[[[141.66633,38.88296],[141.66623,38.88284],[141.6662,38.88287],[141.66633,38.88296]]],[[[141.66455,38.88288],[141.66449,38.88296],[141.66453,38.88298],[141.66455,38.88288]]],[[[141.66616,38.8829],[141.66602,38.88304],[141.66623,38.88306],[141.66616,38.8829]]],[[[141.66568,38.8835],[141.66541,38.88309],[141.66533,38.88326],[141.66568,38.8835]]],[[[141.6695,38.88338],[141.66949,38.88346],[141.66954,38.8834],[141.6695,38.88338]]],[[[141.66535,38.8834],[141.66528,38.88352],[141.66539,38.88349],[141.66535,38.8834]]],[[[141.66946,38.88373],[141.66947,38.88352],[141.66923,38.88368],[141.66946,38.88373]]],[[[141.66513,38.88379],[141.66513,38.88385],[141.66517,38.88383],[141.66513,38.88379]]],[[[141.66523,38.88379],[141.66523,38.88386],[141.66526,38.88381],[141.66523,38.88379]]],[[[141.6694,38.88395],[141.66946,38.88379],[141.66932,38.88393],[141.6694,38.88395]]],[[[141.665,38.88406],[141.66501,38.88388],[141.66494,38.88388],[141.665,38.88406]]],[[[141.66522,38.88399],[141.66521,38.88405],[141.66525,38.88406],[141.66522,38.88399]]],[[[141.66922,38.88405],[141.66923,38.88401],[141.66918,38.88404],[141.66922,38.88405]]],[[[141.66559,38.88406],[141.66555,38.8841],[141.66561,38.8841],[141.66559,38.88406]]],[[[141.66914,38.88407],[141.66909,38.88415],[141.66914,38.88415],[141.66914,38.88407]]],[[[141.66538,38.8841],[141.66535,38.88415],[141.66541,38.88414],[141.66538,38.8841]]],[[[141.66492,38.8842],[141.66491,38.88426],[141.66496,38.88423],[141.66492,38.8842]]],[[[141.66521,38.88422],[141.66522,38.88425],[141.66523,38.88425],[141.66521,38.88422]]],[[[141.66612,38.88444],[141.66616,38.88441],[141.66615,38.88439],[141.66612,38.88444]]],[[[141.66939,38.88469],[141.66928,38.88494],[141.66937,38.88496],[141.66939,38.88469]]],[[[141.66446,38.88499],[141.66431,38.88476],[141.66427,38.88489],[141.66446,38.88499]]],[[[141.66478,38.88532],[141.66483,38.88524],[141.66476,38.88526],[141.66478,38.88532]]],[[[141.6639,38.88738],[141.66389,38.88744],[141.66393,38.8874],[141.6639,38.88738]]],[[[141.66954,38.88883],[141.66951,38.88883],[141.66952,38.88885],[141.66954,38.88883]]],[[[141.66624,38.88889],[141.66634,38.8889],[141.6663,38.88882],[141.66624,38.88889]]],[[[141.66779,38.88889],[141.66781,38.88895],[141.66783,38.8889],[141.66779,38.88889]]],[[[141.66764,38.88902],[141.66748,38.88886],[141.66744,38.88896],[141.66764,38.88902]]],[[[141.66707,38.88886],[141.66714,38.88904],[141.66718,38.88896],[141.66707,38.88886]]],[[[141.66943,38.889],[141.66946,38.88898],[141.66943,38.88899],[141.66943,38.889]]],[[[141.66851,38.88905],[141.66851,38.88902],[141.66849,38.88904],[141.66851,38.88905]]],[[[141.66855,38.88932],[141.66846,38.8891],[141.66839,38.88927],[141.66855,38.88932]]],[[[141.66886,38.88961],[141.66892,38.88958],[141.66889,38.88957],[141.66886,38.88961]]],[[[141.66927,38.88965],[141.66925,38.88979],[141.66935,38.88971],[141.66927,38.88965]]],[[[141.66465,38.88999],[141.66459,38.88974],[141.66452,38.88991],[141.66465,38.88999]]],[[[141.66448,38.88999],[141.66451,38.89],[141.6645,38.88995],[141.66448,38.88999]]],[[[141.66736,38.89166],[141.66742,38.89176],[141.66751,38.89168],[141.66736,38.89166]]],[[[141.66783,38.8918],[141.66791,38.89189],[141.66796,38.89185],[141.66783,38.8918]]],[[[141.66772,38.89187],[141.66776,38.89185],[141.66772,38.89185],[141.66772,38.89187]]],[[[141.66625,38.89298],[141.66635,38.89299],[141.66629,38.89291],[141.66625,38.89298]]],[[[141.66513,38.89309],[141.66509,38.89318],[141.66515,38.89311],[141.66513,38.89309]]],[[[141.66549,38.89307],[141.66537,38.89316],[141.66551,38.89321],[141.66549,38.89307]]],[[[141.66605,38.89323],[141.66607,38.8932],[141.66604,38.89322],[141.66605,38.89323]]],[[[141.67716,38.89343],[141.67724,38.89356],[141.67727,38.89342],[141.67716,38.89343]]],[[[141.66585,38.89456],[141.66588,38.89452],[141.66587,38.89451],[141.66585,38.89456]]],[[[141.66567,38.895],[141.6661,38.89502],[141.66615,38.89462],[141.66567,38.895]]],[[[141.66624,38.89488],[141.66623,38.89509],[141.66632,38.89508],[141.66624,38.89488]]],[[[141.66522,38.89557],[141.66521,38.89561],[141.66524,38.89559],[141.66522,38.89557]]],[[[141.66522,38.89577],[141.66531,38.89566],[141.66521,38.8957],[141.66522,38.89577]]],[[[141.66522,38.89597],[141.66535,38.89596],[141.66523,38.89592],[141.66522,38.89597]]],[[[141.66587,38.89611],[141.66592,38.89609],[141.66587,38.89609],[141.66587,38.89611]]],[[[141.66403,38.89659],[141.66453,38.89632],[141.66412,38.89628],[141.66403,38.89659]]],[[[141.66418,38.89665],[141.66423,38.89673],[141.66419,38.89665],[141.66418,38.89665]]],[[[141.66399,38.89677],[141.66406,38.89675],[141.66398,38.89675],[141.66399,38.89677]]],[[[141.66423,38.89682],[141.66432,38.89685],[141.66428,38.89679],[141.66423,38.89682]]],[[[141.664,38.89688],[141.66408,38.89698],[141.66411,38.89697],[141.664,38.89688]]],[[[141.66374,38.89716],[141.66384,38.89738],[141.66394,38.89734],[141.66374,38.89716]]]]}},{"type":"Feature","properties":{"振興事務所":"大河原"},"geometry":{"type":"Polygon","coordinates":[[[140.82716,38.12194],[140.85475,37.79734],[140.77505,37.80636],[140.76471,37.79645],[140.79791,37.77481],[140.72697,37.78148],[140.68539,37.81556],[140.68997,37.8883],[140.56638,37.92279],[140.55895,37.90994],[140.48835,37.8996],[140.46953,37.91787],[140.47488,37.94678],[140.40745,37.97367],[140.38449,37.95222],[140.31645,37.95811],[140.27489,37.98203],[140.28961,38.00721],[140.27709,38.05616],[140.37366,38.05701],[140.41767,38.08034],[140.42516,38.12191],[140.47997,38.18137],[140.47196,38.25188],[140.6079,38.26519],[140.73616,38.21047],[140.7497,38.17904],[140.79197,38.1744],[140.7966,38.14796],[140.77696,38.12877],[140.82716,38.12194]]]}},{"type":"Feature","properties":{"振興事務所":"仙台"},"geometry":{"type":"MultiPolygon","coordinates":[[[[140.91511,37.99342],[140.93101,37.89617],[140.90022,37.90433],[140.85625,37.8909],[140.82716,38.12194],[140.77696,38.12877],[140.7966,38.14796],[140.79197,38.1744],[140.7497,38.17904],[140.73616,38.21047],[140.6079,38.26519],[140.47207,38.25279],[140.47301,38.27182],[140.49695,38.28314],[140.49259,38.30269],[140.52974,38.3207],[140.52275,38.35318],[140.57822,38.39278],[140.58039,38.43727],[140.72361,38.49535],[140.87373,38.50151],[140.88946,38.5136],[140.92493,38.48693],[140.97767,38.50382],[141.03476,38.46482],[141.02592,38.44474],[141.11714,38.44273],[141.12722,38.42175],[141.09407,38.40818],[141.11942,38.39641],[141.12636,38.37984],[141.10616,38.38611],[141.10785,38.38011],[141.1118,38.37912],[141.11195,38.37745],[141.11631,38.37614],[141.1075,38.3755],[141.10529,38.36801],[141.10374,38.37267],[141.09963,38.37498],[141.09659,38.37467],[141.09873,38.37845],[141.07436,38.37786],[141.0721,38.37205],[141.06856,38.36997],[141.06444,38.37038],[141.06193,38.36938],[141.06082,38.36726],[141.06217,38.35444],[141.06612,38.3513],[141.05955,38.35289],[141.05195,38.35104],[141.0595,38.34791],[141.05359,38.34485],[141.05382,38.3476],[141.04203,38.34964],[141.03758,38.34342],[141.03644,38.33949],[141.03778,38.33756],[141.04126,38.33837],[141.03927,38.33434],[141.04664,38.3366],[141.04622,38.33739],[141.04661,38.33766],[141.04686,38.33857],[141.04671,38.33919],[141.04643,38.33956],[141.04643,38.33984],[141.04748,38.33763],[141.05013,38.33952],[141.04848,38.33801],[141.04814,38.33675],[141.05215,38.33384],[141.05132,38.33241],[141.05394,38.33066],[141.05346,38.32979],[141.02448,38.31988],[141.04556,38.31864],[141.03633,38.30647],[141.0764,38.31957],[141.08789,38.29568],[141.08602,38.29626],[141.08515,38.29566],[141.0847,38.29286],[141.07874,38.29564],[141.07385,38.29517],[141.07212,38.29432],[141.06463,38.28794],[141.06336,38.2852],[141.06373,38.28212],[141.05416,38.28064],[141.05225,38.27963],[141.05205,38.27922],[141.05257,38.27803],[141.05218,38.27797],[141.05205,38.27761],[141.05004,38.27655],[141.05098,38.27899],[141.04465,38.27762],[141.04417,38.27247],[141.0416,38.26997],[141.04302,38.27389],[141.02957,38.27557],[141.02879,38.28311],[141.02498,38.27099],[140.99892,38.27311],[141.04689,38.26464],[141.02106,38.26321],[140.9596,38.17479],[140.93045,38.09956],[140.91511,37.99342]]],[[[141.04069,38.27171],[141.0407,38.27185],[141.04076,38.27173],[141.04069,38.27171]]],[[[141.04971,38.27719],[141.04964,38.27724],[141.04973,38.27726],[141.04971,38.27719]]],[[[141.05244,38.27748],[141.05248,38.27755],[141.05251,38.27754],[141.05244,38.27748]]],[[[141.05228,38.27752],[141.0523,38.27755],[141.05233,38.27752],[141.05228,38.27752]]],[[[141.05221,38.27766],[141.05226,38.27767],[141.05224,38.27765],[141.05221,38.27766]]],[[[141.05243,38.27768],[141.05243,38.27773],[141.05247,38.27772],[141.05243,38.27768]]],[[[141.05227,38.27776],[141.05232,38.27776],[141.05232,38.27774],[141.05227,38.27776]]],[[[141.05228,38.27781],[141.05222,38.2778],[141.05226,38.27784],[141.05228,38.27781]]],[[[141.05252,38.27816],[141.05255,38.27814],[141.05252,38.27815],[141.05252,38.27816]]],[[[141.05245,38.27852],[141.05246,38.27855],[141.05248,38.27854],[141.05245,38.27852]]],[[[141.05252,38.27925],[141.05261,38.27921],[141.05245,38.27921],[141.05252,38.27925]]],[[[141.05254,38.27926],[141.05235,38.27933],[141.05258,38.27932],[141.05254,38.27926]]],[[[141.04477,38.31297],[141.04482,38.31301],[141.04481,38.31288],[141.04477,38.31297]]],[[[141.04864,38.31361],[141.04862,38.31356],[141.04861,38.3136],[141.04864,38.31361]]],[[[141.03663,38.3234],[141.03647,38.32287],[141.03623,38.32329],[141.03663,38.3234]]],[[[141.05179,38.32324],[141.04858,38.32523],[141.04857,38.32531],[141.05004,38.32667],[141.05068,38.32719],[141.05179,38.32324]]],[[[141.05134,38.33627],[141.0512,38.33629],[141.05124,38.33634],[141.05134,38.33627]]],[[[141.0461,38.33672],[141.0461,38.33668],[141.04607,38.33672],[141.0461,38.33672]]],[[[141.04446,38.33673],[141.04447,38.33679],[141.04451,38.33672],[141.04446,38.33673]]],[[[141.04573,38.33679],[141.04573,38.33676],[141.04569,38.33676],[141.04573,38.33679]]],[[[141.05104,38.33661],[141.05152,38.33712],[141.05156,38.33615],[141.05104,38.33661]]],[[[141.05045,38.33705],[141.04971,38.33761],[141.05047,38.33707],[141.05045,38.33705]]],[[[141.05165,38.3377],[141.05168,38.33774],[141.0517,38.33771],[141.05165,38.3377]]],[[[141.04649,38.33782],[141.0465,38.3378],[141.04648,38.33781],[141.04649,38.33782]]],[[[141.04651,38.33786],[141.0465,38.33787],[141.04652,38.33787],[141.04651,38.33786]]],[[[141.04649,38.33792],[141.0465,38.3379],[141.04648,38.3379],[141.04649,38.33792]]],[[[141.04326,38.33811],[141.04329,38.33806],[141.04325,38.33805],[141.04326,38.33811]]],[[[141.04726,38.3383],[141.04726,38.33827],[141.04724,38.33828],[141.04726,38.3383]]],[[[141.04725,38.33832],[141.04725,38.3383],[141.04723,38.33831],[141.04725,38.33832]]],[[[141.04666,38.33839],[141.04667,38.33837],[141.04665,38.33837],[141.04666,38.33839]]],[[[141.0471,38.33851],[141.04713,38.33851],[141.04712,38.3385],[141.0471,38.33851]]],[[[141.04671,38.33899],[141.04671,38.33896],[141.04669,38.33896],[141.04671,38.33899]]],[[[141.04967,38.33907],[141.0497,38.3391],[141.04971,38.33909],[141.04967,38.33907]]],[[[141.03675,38.33974],[141.03691,38.3397],[141.03678,38.33967],[141.03675,38.33974]]],[[[141.04798,38.33982],[141.04795,38.33983],[141.04798,38.33983],[141.04798,38.33982]]],[[[141.04834,38.3405],[141.04856,38.34061],[141.04793,38.33997],[141.04791,38.33975],[141.04775,38.33977],[141.04834,38.3405]]],[[[141.04754,38.34037],[141.04756,38.34036],[141.04754,38.34036],[141.04754,38.34037]]],[[[141.04209,38.34041],[141.04211,38.34043],[141.04211,38.34043],[141.04209,38.34041]]],[[[141.04264,38.34043],[141.04266,38.34046],[141.04268,38.34045],[141.04264,38.34043]]],[[[141.04382,38.34061],[141.04378,38.34062],[141.04381,38.34063],[141.04382,38.34061]]],[[[141.04325,38.34063],[141.04327,38.34063],[141.04328,38.34062],[141.04325,38.34063]]],[[[141.03981,38.34069],[141.0391,38.3404],[141.03984,38.34107],[141.03981,38.34069]]],[[[141.045,38.343],[141.0436,38.34045],[141.04343,38.34045],[141.04334,38.34061],[141.04322,38.34065],[141.04308,38.34066],[141.04214,38.34043],[141.04069,38.34083],[141.045,38.343]]],[[[141.04492,38.34282],[141.04492,38.3428],[141.0449,38.3428],[141.04492,38.34282]]],[[[141.04,38.34423],[141.04006,38.34423],[141.04002,38.3442],[141.04,38.34423]]],[[[141.04564,38.34682],[141.04557,38.34652],[141.0455,38.34707],[141.04564,38.34682]]],[[[141.06858,38.26278],[141.05506,38.25785],[141.05499,38.25796],[141.06858,38.26278]]],[[[141.05681,38.27198],[141.0591,38.26886],[141.0567,38.27193],[141.05681,38.27198]]],[[[141.05258,38.27742],[141.05265,38.277],[141.05242,38.27723],[141.05258,38.27742]]],[[[141.05254,38.27779],[141.05255,38.27777],[141.0525,38.27777],[141.05254,38.27779]]],[[[141.05265,38.27777],[141.05267,38.27776],[141.05266,38.27775],[141.05265,38.27777]]],[[[141.0526,38.27786],[141.05252,38.27794],[141.05263,38.27796],[141.0526,38.27786]]],[[[141.06267,38.27826],[141.06269,38.27821],[141.06267,38.2782],[141.06267,38.27826]]],[[[141.05908,38.28062],[141.05918,38.28061],[141.05917,38.28057],[141.05908,38.28062]]],[[[141.05891,38.28066],[141.05896,38.28059],[141.05886,38.28059],[141.05891,38.28066]]],[[[141.05865,38.28093],[141.05843,38.28057],[141.05834,38.28093],[141.05865,38.28093]]],[[[141.05795,38.28069],[141.05804,38.28087],[141.05813,38.28065],[141.05795,38.28069]]],[[[141.059,38.28088],[141.05893,38.28076],[141.05875,38.2809],[141.059,38.28088]]],[[[141.06025,38.31577],[141.06024,38.31571],[141.06019,38.31577],[141.06025,38.31577]]],[[[141.06014,38.31582],[141.0602,38.31582],[141.06018,38.31579],[141.06014,38.31582]]],[[[141.06014,38.31592],[141.06022,38.31594],[141.0602,38.31588],[141.06014,38.31592]]],[[[141.06017,38.31603],[141.06015,38.31601],[141.06014,38.31602],[141.06017,38.31603]]],[[[141.05172,38.33483],[141.05543,38.33795],[141.05489,38.33599],[141.05389,38.33537],[141.05431,38.33463],[141.05172,38.33483]]],[[[141.05368,38.33745],[141.0537,38.33741],[141.05366,38.33744],[141.05368,38.33745]]],[[[141.05693,38.33798],[141.05694,38.338],[141.05694,38.33799],[141.05693,38.33798]]],[[[141.05705,38.338],[141.05704,38.33804],[141.05711,38.33802],[141.05705,38.338]]],[[[141.05684,38.33801],[141.05687,38.33803],[141.05687,38.33801],[141.05684,38.33801]]],[[[141.05697,38.33801],[141.05697,38.33805],[141.057,38.33804],[141.05697,38.33801]]],[[[141.05492,38.3381],[141.05491,38.33809],[141.0549,38.3381],[141.05492,38.3381]]],[[[141.05493,38.33814],[141.05494,38.33812],[141.05493,38.33812],[141.05493,38.33814]]],[[[141.05524,38.33821],[141.05528,38.33823],[141.05528,38.3382],[141.05524,38.33821]]],[[[141.0552,38.33823],[141.05523,38.33823],[141.05521,38.33822],[141.0552,38.33823]]],[[[141.05512,38.33827],[141.0551,38.33825],[141.05509,38.33826],[141.05512,38.33827]]],[[[141.05584,38.33829],[141.05585,38.33827],[141.05583,38.33828],[141.05584,38.33829]]],[[[141.05514,38.33831],[141.05515,38.33828],[141.05512,38.3383],[141.05514,38.33831]]],[[[141.05585,38.3383],[141.05589,38.33832],[141.05589,38.33831],[141.05585,38.3383]]],[[[141.05596,38.33835],[141.05598,38.33833],[141.05596,38.33834],[141.05596,38.33835]]],[[[141.0563,38.3387],[141.05741,38.33846],[141.05731,38.33799],[141.0563,38.3387]]],[[[141.05597,38.33838],[141.05593,38.3385],[141.05599,38.33852],[141.05597,38.33838]]],[[[141.05589,38.33837],[141.05573,38.33859],[141.05588,38.3386],[141.05589,38.33837]]],[[[141.05564,38.33853],[141.05567,38.33856],[141.05568,38.33855],[141.05564,38.33853]]],[[[141.05567,38.33862],[141.05566,38.33859],[141.05564,38.33863],[141.05567,38.33862]]],[[[141.05622,38.33867],[141.05619,38.33863],[141.05616,38.33866],[141.05622,38.33867]]],[[[141.05584,38.33867],[141.05586,38.33866],[141.05585,38.33866],[141.05584,38.33867]]],[[[141.05546,38.3387],[141.0554,38.3387],[141.05542,38.33872],[141.05546,38.3387]]],[[[141.0562,38.33872],[141.05626,38.33875],[141.05627,38.33874],[141.0562,38.33872]]],[[[141.05624,38.33879],[141.05626,38.33878],[141.05624,38.33877],[141.05624,38.33879]]],[[[141.05621,38.3388],[141.05621,38.33886],[141.05626,38.33882],[141.05621,38.3388]]],[[[141.05624,38.33885],[141.05628,38.33892],[141.05631,38.33886],[141.05624,38.33885]]],[[[141.05633,38.33887],[141.05635,38.33894],[141.05638,38.33889],[141.05633,38.33887]]],[[[141.05636,38.33897],[141.05639,38.33896],[141.05638,38.33895],[141.05636,38.33897]]],[[[141.05505,38.34398],[141.05506,38.34402],[141.05508,38.34398],[141.05505,38.34398]]],[[[141.05277,38.34483],[141.0527,38.34365],[141.05185,38.34408],[141.05277,38.34483]]],[[[141.05485,38.34485],[141.05469,38.34463],[141.05469,38.34514],[141.05485,38.34485]]],[[[141.06261,38.34506],[141.06262,38.34503],[141.0626,38.34504],[141.06261,38.34506]]],[[[141.06241,38.34509],[141.06237,38.34515],[141.06242,38.34511],[141.06241,38.34509]]],[[[141.05812,38.34565],[141.0582,38.34569],[141.05814,38.34559],[141.05812,38.34565]]],[[[141.06077,38.3464],[141.06072,38.34639],[141.0608,38.34643],[141.06077,38.3464]]],[[[141.06079,38.34647],[141.06045,38.34642],[141.06075,38.34671],[141.06079,38.34647]]],[[[141.05284,38.34669],[141.05282,38.34671],[141.05285,38.3467],[141.05284,38.34669]]],[[[141.06258,38.34684],[141.06256,38.34693],[141.06263,38.34685],[141.06258,38.34684]]],[[[141.06087,38.34703],[141.0607,38.34676],[141.06036,38.34707],[141.06114,38.34717],[141.06087,38.34703]]],[[[141.06089,38.34702],[141.0609,38.347],[141.06089,38.347],[141.06089,38.34702]]],[[[141.06109,38.34706],[141.0611,38.34705],[141.06108,38.34704],[141.06109,38.34706]]],[[[141.06139,38.34724],[141.06158,38.34688],[141.06112,38.34706],[141.06139,38.34724]]],[[[141.05941,38.34704],[141.05935,38.34738],[141.05952,38.34712],[141.05941,38.34704]]],[[[141.06215,38.35153],[141.0622,38.35146],[141.06214,38.35149],[141.06215,38.35153]]],[[[141.06285,38.36631],[141.063,38.36522],[141.06282,38.36424],[141.06208,38.3655],[141.06285,38.36631]]],[[[141.06191,38.36724],[141.06178,38.36751],[141.06202,38.36737],[141.06191,38.36724]]],[[[141.06564,38.27787],[141.06559,38.27784],[141.06557,38.27787],[141.06564,38.27787]]],[[[141.06285,38.27969],[141.06294,38.27989],[141.06298,38.27965],[141.06285,38.27969]]],[[[141.06368,38.2828],[141.06368,38.28284],[141.06371,38.28283],[141.06368,38.2828]]],[[[141.06414,38.28444],[141.06411,38.28452],[141.06417,38.28453],[141.06414,38.28444]]],[[[141.06408,38.28459],[141.06418,38.28457],[141.06407,38.28455],[141.06408,38.28459]]],[[[141.06416,38.28475],[141.0639,38.28473],[141.06406,38.28485],[141.06416,38.28475]]],[[[141.07098,38.32285],[141.071,38.3228],[141.071,38.3228],[141.07098,38.32285]]],[[[141.07077,38.32279],[141.07096,38.32278],[141.07161,38.32269],[141.07152,38.32244],[141.07077,38.32279]]],[[[141.07163,38.32341],[141.07189,38.32323],[141.07166,38.32313],[141.07163,38.32341]]],[[[141.06649,38.32452],[141.06651,38.32448],[141.0665,38.32448],[141.06649,38.32452]]],[[[141.06738,38.32462],[141.06666,38.32445],[141.06654,38.32449],[141.06738,38.32462]]],[[[141.06737,38.32471],[141.06788,38.3247],[141.06793,38.32465],[141.06737,38.32471]]],[[[141.06788,38.32556],[141.06783,38.32566],[141.06788,38.32565],[141.06788,38.32556]]],[[[141.07528,38.32794],[141.06916,38.32341],[141.06816,38.32367],[141.06819,38.32546],[141.06674,38.32651],[141.07528,38.32794]]],[[[141.06964,38.32724],[141.06958,38.32726],[141.06965,38.32725],[141.06964,38.32724]]],[[[141.07458,38.32807],[141.07458,38.32804],[141.07455,38.32806],[141.07458,38.32807]]],[[[141.06989,38.32918],[141.07111,38.32894],[141.06977,38.32892],[141.06989,38.32918]]],[[[141.06959,38.33015],[141.06946,38.3297],[141.0694,38.33024],[141.06959,38.33015]]],[[[141.06934,38.33026],[141.06938,38.33024],[141.06936,38.33023],[141.06934,38.33026]]],[[[141.0693,38.33038],[141.06937,38.33035],[141.06929,38.33037],[141.0693,38.33038]]],[[[141.07056,38.33091],[141.07035,38.331],[141.07062,38.3311],[141.07056,38.33091]]],[[[141.07032,38.33105],[141.07035,38.33102],[141.07035,38.33102],[141.07032,38.33105]]],[[[141.07028,38.33114],[141.07029,38.33117],[141.0703,38.33115],[141.07028,38.33114]]],[[[141.07006,38.33191],[141.07016,38.33194],[141.07018,38.33193],[141.07006,38.33191]]],[[[141.0632,38.34524],[141.06269,38.34496],[141.06263,38.34504],[141.0632,38.34524]]],[[[141.06317,38.34548],[141.0632,38.34555],[141.06318,38.34546],[141.06317,38.34548]]],[[[141.06332,38.34561],[141.06327,38.34545],[141.06321,38.34542],[141.06332,38.34561]]],[[[141.06312,38.34557],[141.06307,38.34558],[141.06308,38.3456],[141.06312,38.34557]]],[[[141.06744,38.34987],[141.06734,38.35],[141.06744,38.35003],[141.06744,38.34987]]],[[[141.06852,38.35034],[141.06821,38.35015],[141.06816,38.35023],[141.06852,38.35034]]],[[[141.06297,38.35087],[141.06335,38.35028],[141.06273,38.35061],[141.06297,38.35087]]],[[[141.06944,38.35562],[141.06956,38.35568],[141.06995,38.3553],[141.06944,38.35562]]],[[[141.06574,38.35563],[141.06541,38.35586],[141.06537,38.35599],[141.06574,38.35563]]],[[[141.06728,38.35616],[141.06682,38.35551],[141.06631,38.35595],[141.06728,38.35616]]],[[[141.06556,38.35588],[141.06557,38.35592],[141.06564,38.35585],[141.06556,38.35588]]],[[[141.0664,38.35671],[141.06619,38.35677],[141.06644,38.35699],[141.0664,38.35671]]],[[[141.06366,38.35737],[141.06354,38.35745],[141.06371,38.35759],[141.06366,38.35737]]],[[[141.0739,38.36196],[141.07393,38.36194],[141.07393,38.36193],[141.0739,38.36196]]],[[[141.07385,38.36203],[141.07389,38.36199],[141.07383,38.36201],[141.07385,38.36203]]],[[[141.07212,38.36296],[141.07216,38.36297],[141.07216,38.36296],[141.07212,38.36296]]],[[[141.07184,38.36304],[141.07187,38.36307],[141.07189,38.36306],[141.07184,38.36304]]],[[[141.07175,38.36304],[141.07171,38.36308],[141.07178,38.36305],[141.07175,38.36304]]],[[[141.07111,38.36367],[141.07105,38.3629],[141.0708,38.36302],[141.07111,38.36367]]],[[[141.0732,38.36332],[141.07212,38.36307],[141.07296,38.36405],[141.0732,38.36332]]],[[[141.07313,38.36367],[141.07316,38.36366],[141.07313,38.36366],[141.07313,38.36367]]],[[[141.06494,38.3642],[141.06474,38.36439],[141.06497,38.36432],[141.06494,38.3642]]],[[[141.0647,38.36447],[141.06445,38.36474],[141.06451,38.36487],[141.0647,38.36447]]],[[[141.06839,38.36537],[141.06817,38.36479],[141.06794,38.36493],[141.06839,38.36537]]],[[[141.07326,38.36576],[141.07438,38.36561],[141.07439,38.3656],[141.07326,38.36576]]],[[[141.06978,38.36583],[141.072,38.36842],[141.07304,38.36551],[141.06978,38.36583]]],[[[141.07338,38.36742],[141.07341,38.36744],[141.07339,38.36741],[141.07338,38.36742]]],[[[141.07404,38.3673],[141.07341,38.36758],[141.07419,38.36734],[141.07404,38.3673]]],[[[141.07336,38.36755],[141.07338,38.36753],[141.07336,38.36754],[141.07336,38.36755]]],[[[141.07341,38.36761],[141.07341,38.36764],[141.07344,38.36764],[141.07341,38.36761]]],[[[141.07345,38.36763],[141.07351,38.36765],[141.07345,38.36762],[141.07345,38.36763]]],[[[141.06993,38.36849],[141.06999,38.3685],[141.06996,38.36847],[141.06993,38.36849]]],[[[141.06993,38.36858],[141.06996,38.3686],[141.06997,38.36857],[141.06993,38.36858]]],[[[141.06437,38.36987],[141.06409,38.36965],[141.06401,38.3698],[141.06437,38.36987]]],[[[141.06434,38.36993],[141.06414,38.37006],[141.06431,38.37005],[141.06434,38.36993]]],[[[141.06435,38.37009],[141.06417,38.37023],[141.06444,38.37034],[141.06435,38.37009]]],[[[141.07116,38.37011],[141.07113,38.37013],[141.07151,38.37047],[141.07116,38.37011]]],[[[141.07261,38.3717],[141.07493,38.37004],[141.07257,38.37167],[141.07261,38.3717]]],[[[141.07172,38.37068],[141.07169,38.3707],[141.07242,38.3714],[141.07172,38.37068]]],[[[141.08313,38.2902],[141.08309,38.29011],[141.08305,38.29018],[141.08313,38.2902]]],[[[141.08055,38.29398],[141.08049,38.29396],[141.08049,38.29399],[141.08055,38.29398]]],[[[141.08041,38.29401],[141.08044,38.29405],[141.08049,38.294],[141.08041,38.29401]]],[[[141.07952,38.29449],[141.07954,38.29446],[141.0795,38.29445],[141.07952,38.29449]]],[[[141.07947,38.2945],[141.07949,38.29447],[141.07947,38.29447],[141.07947,38.2945]]],[[[141.07923,38.29454],[141.07928,38.29459],[141.07929,38.29455],[141.07923,38.29454]]],[[[141.07515,38.29491],[141.07519,38.29488],[141.07512,38.29488],[141.07515,38.29491]]],[[[141.07543,38.29502],[141.07552,38.29507],[141.07558,38.29507],[141.07557,38.29502],[141.07543,38.29502]]],[[[141.07613,38.29509],[141.07609,38.29521],[141.07624,38.29502],[141.07613,38.29509]]],[[[141.08674,38.29586],[141.08675,38.29581],[141.08671,38.29584],[141.08674,38.29586]]],[[[141.08704,38.31817],[141.08777,38.31796],[141.0868,38.31777],[141.08704,38.31817]]],[[[141.08307,38.31891],[141.08302,38.31889],[141.08301,38.31891],[141.08307,38.31891]]],[[[141.0782,38.32288],[141.07781,38.32262],[141.07767,38.32281],[141.0782,38.32288]]],[[[141.08014,38.32374],[141.0802,38.32315],[141.07971,38.32326],[141.08014,38.32374]]],[[[141.07479,38.32674],[141.0747,38.32668],[141.07467,38.32674],[141.07479,38.32674]]],[[[141.0748,38.32804],[141.07484,38.328],[141.07478,38.32799],[141.0748,38.32804]]],[[[141.07478,38.32807],[141.07468,38.32799],[141.07466,38.32807],[141.07478,38.32807]]],[[[141.07462,38.32804],[141.07463,38.32801],[141.0746,38.32802],[141.07462,38.32804]]],[[[141.07599,38.32797],[141.07647,38.32801],[141.07647,38.32786],[141.07599,38.32797]]],[[[141.08703,38.32817],[141.08687,38.32811],[141.08682,38.32818],[141.08703,38.32817]]],[[[141.08375,38.32918],[141.08349,38.32913],[141.08379,38.32928],[141.08375,38.32918]]],[[[141.0834,38.32925],[141.08335,38.32925],[141.08339,38.32926],[141.0834,38.32925]]],[[[141.08358,38.32951],[141.08348,38.32914],[141.08338,38.32916],[141.08358,38.32951]]],[[[141.08261,38.33002],[141.0834,38.33012],[141.08315,38.32955],[141.08261,38.33002]]],[[[141.08248,38.33005],[141.08245,38.33011],[141.0825,38.3301],[141.08248,38.33005]]],[[[141.08245,38.33059],[141.08319,38.33079],[141.08266,38.33024],[141.08245,38.33059]]],[[[141.07946,38.33067],[141.07953,38.33114],[141.0797,38.33099],[141.07946,38.33067]]],[[[141.08348,38.33161],[141.08416,38.33149],[141.08583,38.3301],[141.08348,38.33161]]],[[[141.07991,38.33148],[141.07996,38.33154],[141.08002,38.33143],[141.07991,38.33148]]],[[[141.0839,38.3329],[141.08383,38.33251],[141.08374,38.3327],[141.0839,38.3329]]],[[[141.08473,38.33431],[141.0848,38.33439],[141.08478,38.33429],[141.08473,38.33431]]],[[[141.08059,38.33516],[141.08068,38.335],[141.08053,38.33513],[141.08059,38.33516]]],[[[141.08031,38.3359],[141.08074,38.3357],[141.08059,38.33544],[141.08031,38.3359]]],[[[141.07865,38.36238],[141.07855,38.36229],[141.07834,38.36258],[141.07865,38.36238]]],[[[141.07468,38.36238],[141.07458,38.36219],[141.07444,38.3626],[141.07468,38.36238]]],[[[141.07847,38.36312],[141.07849,38.36311],[141.07846,38.36312],[141.07847,38.36312]]],[[[141.07846,38.36314],[141.07848,38.36313],[141.07845,38.36313],[141.07846,38.36314]]],[[[141.07661,38.36447],[141.07491,38.3636],[141.07566,38.36541],[141.07661,38.36447]]],[[[141.07511,38.36427],[141.07506,38.36425],[141.07505,38.36427],[141.07511,38.36427]]],[[[141.0818,38.36431],[141.08183,38.36431],[141.08182,38.36429],[141.0818,38.36431]]],[[[141.07961,38.36401],[141.07973,38.36447],[141.08051,38.36403],[141.07961,38.36401]]],[[[141.0803,38.36453],[141.08033,38.36455],[141.08034,38.36454],[141.0803,38.36453]]],[[[141.08101,38.36468],[141.08148,38.36451],[141.081,38.36445],[141.08101,38.36468]]],[[[141.0859,38.36455],[141.08589,38.36459],[141.08592,38.36457],[141.0859,38.36455]]],[[[141.08185,38.36476],[141.08187,38.36475],[141.08184,38.36475],[141.08185,38.36476]]],[[[141.08118,38.36606],[141.08141,38.36662],[141.08187,38.36532],[141.08271,38.3647],[141.08637,38.36453],[141.08735,38.36571],[141.08765,38.36509],[141.08811,38.36512],[141.08817,38.36476],[141.08511,38.3634],[141.08187,38.36429],[141.08176,38.3644],[141.08193,38.36458],[141.08183,38.36494],[141.08108,38.36543],[141.08118,38.36606]]],[[[141.08229,38.36528],[141.08234,38.36528],[141.08235,38.36526],[141.08229,38.36528]]],[[[141.07724,38.36553],[141.07709,38.36567],[141.0773,38.36556],[141.07724,38.36553]]],[[[141.08184,38.36575],[141.08187,38.36574],[141.08186,38.36573],[141.08184,38.36575]]],[[[141.0813,38.36665],[141.08135,38.36668],[141.08137,38.36666],[141.0813,38.36665]]],[[[141.08125,38.36671],[141.0813,38.36669],[141.08126,38.36667],[141.08125,38.36671]]],[[[141.07894,38.36674],[141.07897,38.36672],[141.07894,38.36672],[141.07894,38.36674]]],[[[141.08153,38.36698],[141.0815,38.36706],[141.0816,38.36701],[141.08153,38.36698]]],[[[141.08143,38.36709],[141.08146,38.36711],[141.08146,38.36709],[141.08143,38.36709]]],[[[141.07666,38.36969],[141.07668,38.36971],[141.07669,38.3697],[141.07666,38.36969]]],[[[141.07504,38.3699],[141.07495,38.36993],[141.07502,38.36995],[141.07504,38.3699]]],[[[141.075,38.36983],[141.07635,38.36996],[141.07663,38.37011],[141.0769,38.36986],[141.075,38.36983]]],[[[141.07496,38.36996],[141.07496,38.37001],[141.07499,38.36999],[141.07496,38.36996]]],[[[141.0763,38.37007],[141.07633,38.37006],[141.07629,38.37005],[141.0763,38.37007]]],[[[141.07599,38.37024],[141.07602,38.37028],[141.07603,38.37025],[141.07599,38.37024]]],[[[141.07589,38.37037],[141.07586,38.37035],[141.07585,38.37037],[141.07589,38.37037]]],[[[141.07582,38.37037],[141.07583,38.37039],[141.07585,38.37038],[141.07582,38.37037]]],[[[141.07579,38.37038],[141.07578,38.37042],[141.0758,38.37041],[141.07579,38.37038]]],[[[141.07501,38.37692],[141.0824,38.37579],[141.08062,38.37462],[141.07584,38.37587],[141.07501,38.37692]]],[[[141.0885,38.29151],[141.08817,38.29145],[141.08814,38.29153],[141.0885,38.29151]]],[[[141.10063,38.29595],[141.10071,38.29589],[141.10065,38.29589],[141.10063,38.29595]]],[[[141.08731,38.29776],[141.08734,38.2977],[141.08731,38.2977],[141.08731,38.29776]]],[[[141.10273,38.29966],[141.10289,38.29966],[141.10281,38.29957],[141.10273,38.29966]]],[[[141.08878,38.2997],[141.08875,38.29965],[141.08874,38.29967],[141.08878,38.2997]]],[[[141.08882,38.29973],[141.08887,38.29969],[141.08881,38.29968],[141.08882,38.29973]]],[[[141.08978,38.30033],[141.08976,38.3003],[141.08975,38.30032],[141.08978,38.30033]]],[[[141.10491,38.30076],[141.10473,38.30054],[141.10472,38.30078],[141.10491,38.30076]]],[[[141.09747,38.30577],[141.09749,38.30567],[141.09744,38.30568],[141.09747,38.30577]]],[[[141.10197,38.30703],[141.10155,38.30691],[141.10186,38.30716],[141.10197,38.30703]]],[[[141.10215,38.30781],[141.10208,38.3076],[141.10205,38.30782],[141.10215,38.30781]]],[[[141.09248,38.31465],[141.09223,38.31467],[141.09237,38.31481],[141.09248,38.31465]]],[[[141.10224,38.32021],[141.1023,38.32022],[141.10233,38.32018],[141.10224,38.32021]]],[[[141.10156,38.32082],[141.10215,38.32086],[141.10206,38.32064],[141.10156,38.32082]]],[[[141.08843,38.32487],[141.08842,38.32492],[141.08845,38.32489],[141.08843,38.32487]]],[[[141.08821,38.32654],[141.08837,38.32648],[141.08819,38.32653],[141.08821,38.32654]]],[[[141.10617,38.32709],[141.10613,38.32706],[141.10614,38.3271],[141.10617,38.32709]]],[[[141.10347,38.32835],[141.10355,38.32839],[141.10355,38.32833],[141.10347,38.32835]]],[[[141.10585,38.33014],[141.10588,38.33007],[141.10582,38.33012],[141.10585,38.33014]]],[[[141.09784,38.33152],[141.0982,38.33113],[141.09795,38.33109],[141.09784,38.33152]]],[[[141.09343,38.33222],[141.09326,38.33221],[141.09326,38.33224],[141.09343,38.33222]]],[[[141.08485,38.33411],[141.09092,38.33545],[141.09246,38.33708],[141.09897,38.33383],[141.10293,38.33384],[141.10203,38.3333],[141.1053,38.33184],[141.10554,38.32868],[141.10722,38.32755],[141.09705,38.33258],[141.09315,38.33294],[141.08773,38.33074],[141.08485,38.33411]]],[[[141.09889,38.33406],[141.09894,38.33403],[141.09888,38.33404],[141.09889,38.33406]]],[[[141.10583,38.3343],[141.1058,38.33429],[141.10579,38.3343],[141.10583,38.3343]]],[[[141.09816,38.33489],[141.0982,38.33487],[141.09815,38.33487],[141.09816,38.33489]]],[[[141.1042,38.33607],[141.10516,38.3354],[141.10404,38.33541],[141.1042,38.33607]]],[[[141.10595,38.3359],[141.10579,38.33594],[141.10586,38.33599],[141.10595,38.3359]]],[[[141.10593,38.33598],[141.10594,38.33593],[141.10591,38.33597],[141.10593,38.33598]]],[[[141.10596,38.33607],[141.10593,38.33613],[141.10597,38.33611],[141.10596,38.33607]]],[[[141.09428,38.33776],[141.09431,38.33779],[141.09502,38.33679],[141.09428,38.33776]]],[[[141.08937,38.33773],[141.09077,38.33835],[141.09079,38.33832],[141.08937,38.33773]]],[[[141.09465,38.33851],[141.09464,38.33848],[141.09186,38.33903],[141.09465,38.33851]]],[[[141.10034,38.34284],[141.10115,38.34239],[141.10105,38.342],[141.10034,38.34284]]],[[[141.10206,38.34266],[141.10186,38.3426],[141.10185,38.34266],[141.10206,38.34266]]],[[[141.10299,38.34302],[141.10274,38.3428],[141.10252,38.34291],[141.10299,38.34302]]],[[[141.1031,38.34318],[141.10315,38.34346],[141.10347,38.34331],[141.1031,38.34318]]],[[[141.10539,38.34411],[141.10659,38.34385],[141.10643,38.34334],[141.10539,38.34411]]],[[[141.10208,38.34422],[141.10253,38.34402],[141.10256,38.34392],[141.10225,38.34406],[141.10208,38.34422]]],[[[141.1005,38.34472],[141.1005,38.34473],[141.10052,38.34472],[141.1005,38.34472]]],[[[141.10059,38.34477],[141.1005,38.34479],[141.10058,38.34485],[141.10059,38.34477]]],[[[141.10047,38.34482],[141.10046,38.3448],[141.10045,38.3448],[141.10047,38.34482]]],[[[141.10028,38.34495],[141.10038,38.34474],[141.10026,38.34476],[141.10028,38.34495]]],[[[141.10026,38.34507],[141.10025,38.34512],[141.10029,38.34511],[141.10026,38.34507]]],[[[141.08946,38.36461],[141.08925,38.36403],[141.08875,38.36442],[141.08946,38.36461]]],[[[141.0887,38.36445],[141.08874,38.36445],[141.08873,38.36443],[141.0887,38.36445]]],[[[141.08876,38.36448],[141.08865,38.36451],[141.08863,38.36455],[141.08876,38.36448]]],[[[141.08769,38.36527],[141.08765,38.36526],[141.08766,38.36527],[141.08769,38.36527]]],[[[141.10606,38.3698],[141.1061,38.36981],[141.10611,38.3698],[141.10606,38.3698]]],[[[141.10074,38.37145],[141.10078,38.37147],[141.10078,38.37145],[141.10074,38.37145]]],[[[141.10029,38.37191],[141.1003,38.37186],[141.10027,38.37187],[141.10029,38.37191]]],[[[141.1011,38.37195],[141.1011,38.37199],[141.10112,38.37197],[141.1011,38.37195]]],[[[141.10105,38.37199],[141.10106,38.37203],[141.10107,38.37199],[141.10105,38.37199]]],[[[141.10103,38.37208],[141.10105,38.37209],[141.10106,38.37208],[141.10103,38.37208]]],[[[141.10062,38.37208],[141.10064,38.3721],[141.10065,38.37209],[141.10062,38.37208]]],[[[141.10105,38.37216],[141.10107,38.37219],[141.10108,38.37217],[141.10105,38.37216]]],[[[141.10104,38.37232],[141.10106,38.37234],[141.10106,38.37231],[141.10104,38.37232]]],[[[141.1006,38.3715],[141.10099,38.3723],[141.101,38.37164],[141.1006,38.3715]]],[[[141.1012,38.37292],[141.10123,38.37293],[141.10124,38.37292],[141.1012,38.37292]]],[[[141.09871,38.37316],[141.09873,38.37315],[141.09872,38.37314],[141.09871,38.37316]]],[[[141.09874,38.37316],[141.09876,38.37318],[141.09875,38.37316],[141.09874,38.37316]]],[[[141.10177,38.37359],[141.10179,38.37361],[141.10179,38.3736],[141.10177,38.37359]]],[[[141.09829,38.37359],[141.0983,38.37361],[141.09831,38.37359],[141.09829,38.37359]]],[[[141.09827,38.37362],[141.09827,38.37365],[141.09828,38.37364],[141.09827,38.37362]]],[[[141.09689,38.37421],[141.09692,38.37424],[141.09695,38.37421],[141.09689,38.37421]]],[[[141.10921,38.32571],[141.10923,38.32573],[141.10923,38.32571],[141.10921,38.32571]]],[[[141.10922,38.32585],[141.10924,38.32585],[141.10921,38.32584],[141.10922,38.32585]]],[[[141.10937,38.32591],[141.10939,38.32591],[141.10938,38.3259],[141.10937,38.32591]]],[[[141.11021,38.32593],[141.11022,38.32593],[141.1102,38.32592],[141.11021,38.32593]]],[[[141.10929,38.32594],[141.10929,38.32593],[141.10928,38.32594],[141.10929,38.32594]]],[[[141.10952,38.32596],[141.10932,38.32598],[141.10952,38.32609],[141.10952,38.32596]]],[[[141.10963,38.32614],[141.11017,38.32601],[141.1096,38.32598],[141.10963,38.32614]]],[[[141.11013,38.32632],[141.11014,38.32632],[141.11012,38.32632],[141.11013,38.32632]]],[[[141.10702,38.32707],[141.10867,38.32709],[141.10921,38.32654],[141.10702,38.32707]]],[[[141.1068,38.32709],[141.1068,38.32703],[141.10676,38.32704],[141.1068,38.32709]]],[[[141.10774,38.32735],[141.1078,38.32732],[141.10776,38.3273],[141.10774,38.32735]]],[[[141.1079,38.32738],[141.10786,38.32733],[141.10787,38.32739],[141.1079,38.32738]]],[[[141.10786,38.32744],[141.10774,38.32742],[141.10774,38.32745],[141.10786,38.32744]]],[[[141.10681,38.32805],[141.10683,38.32802],[141.1068,38.32802],[141.10681,38.32805]]],[[[141.1069,38.32802],[141.10689,38.32805],[141.10691,38.32805],[141.1069,38.32802]]],[[[141.11102,38.33052],[141.11057,38.3307],[141.1106,38.33084],[141.11102,38.33052]]],[[[141.11052,38.3309],[141.1105,38.33086],[141.11046,38.3309],[141.11052,38.3309]]],[[[141.11083,38.33093],[141.1108,38.33089],[141.11078,38.33092],[141.11083,38.33093]]],[[[141.11086,38.33102],[141.11086,38.33096],[141.11083,38.33098],[141.11086,38.33102]]],[[[141.10953,38.33106],[141.10951,38.33102],[141.10949,38.33105],[141.10953,38.33106]]],[[[141.10961,38.33109],[141.10964,38.33103],[141.10958,38.33106],[141.10961,38.33109]]],[[[141.10943,38.33109],[141.10943,38.33104],[141.10941,38.33102],[141.10943,38.33109]]],[[[141.10934,38.33111],[141.10939,38.33117],[141.10944,38.33115],[141.10934,38.33111]]],[[[141.10883,38.33124],[141.10883,38.3312],[141.10881,38.33124],[141.10883,38.33124]]],[[[141.10933,38.33126],[141.1093,38.33121],[141.10929,38.33124],[141.10933,38.33126]]],[[[141.10845,38.33158],[141.10849,38.33165],[141.10851,38.3316],[141.10845,38.33158]]],[[[141.11031,38.33255],[141.11034,38.33252],[141.1103,38.3325],[141.11031,38.33255]]],[[[141.10628,38.33445],[141.10625,38.33444],[141.10612,38.33443],[141.10628,38.33445]]],[[[141.11085,38.33517],[141.1115,38.33423],[141.11127,38.33393],[141.11085,38.33517]]],[[[141.11067,38.3352],[141.11066,38.33517],[141.11066,38.3352],[141.11067,38.3352]]],[[[141.11062,38.33525],[141.11062,38.33523],[141.1106,38.33523],[141.11062,38.33525]]],[[[141.10742,38.33986],[141.10697,38.3398],[141.10589,38.34027],[141.10755,38.33993],[141.10761,38.33897],[141.10742,38.33986]]],[[[141.10891,38.34102],[141.10913,38.34045],[141.10906,38.34024],[141.10852,38.34069],[141.10891,38.34102]]],[[[141.10839,38.34078],[141.1085,38.3408],[141.10847,38.3407],[141.10839,38.34078]]],[[[141.10833,38.3408],[141.10837,38.34081],[141.10835,38.34078],[141.10833,38.3408]]],[[[141.10888,38.34112],[141.10889,38.34113],[141.10889,38.34112],[141.10888,38.34112]]],[[[141.10886,38.34121],[141.10885,38.34117],[141.10885,38.34121],[141.10886,38.34121]]],[[[141.10875,38.34137],[141.10877,38.34133],[141.10876,38.3413],[141.10875,38.34137]]],[[[141.10661,38.34393],[141.10664,38.34395],[141.10662,38.3439],[141.10661,38.34393]]],[[[141.10986,38.34568],[141.10988,38.34567],[141.10986,38.34566],[141.10986,38.34568]]],[[[141.10986,38.34596],[141.10988,38.34594],[141.10985,38.34596],[141.10986,38.34596]]],[[[141.10975,38.34684],[141.11245,38.34533],[141.10998,38.34541],[141.10975,38.34684]]],[[[141.11059,38.34712],[141.11062,38.34709],[141.11058,38.34709],[141.11059,38.34712]]],[[[141.10956,38.34734],[141.10959,38.34731],[141.10957,38.34731],[141.10956,38.34734]]],[[[141.10959,38.34735],[141.10961,38.34733],[141.1096,38.34733],[141.10959,38.34735]]],[[[141.10968,38.34726],[141.10973,38.34754],[141.10971,38.34725],[141.10968,38.34726]]],[[[141.10963,38.3476],[141.10966,38.34759],[141.10964,38.34758],[141.10963,38.3476]]],[[[141.10968,38.34767],[141.10969,38.34765],[141.10968,38.34767],[141.10968,38.34767]]],[[[141.1101,38.34901],[141.11015,38.34918],[141.11019,38.34918],[141.1101,38.34901]]],[[[141.10983,38.3502],[141.10981,38.35029],[141.10989,38.35029],[141.10983,38.3502]]],[[[141.11026,38.35041],[141.11028,38.35064],[141.11035,38.35054],[141.11026,38.35041]]],[[[141.11014,38.35091],[141.11039,38.3509],[141.11027,38.35066],[141.11014,38.35091]]],[[[141.11146,38.35115],[141.1106,38.35104],[141.11152,38.35166],[141.11146,38.35115]]],[[[141.10966,38.36837],[141.10986,38.36836],[141.10965,38.36721],[141.10966,38.36837]]],[[[141.10992,38.36866],[141.10994,38.36868],[141.10993,38.36865],[141.10992,38.36866]]],[[[141.11048,38.36901],[141.11052,38.36902],[141.11051,38.369],[141.11048,38.36901]]],[[[141.10954,38.36952],[141.10957,38.36953],[141.10956,38.36951],[141.10954,38.36952]]],[[[141.10955,38.36955],[141.10956,38.36956],[141.10956,38.36955],[141.10955,38.36955]]],[[[141.10995,38.37006],[141.10961,38.36937],[141.10955,38.36919],[141.1096,38.36968],[141.10995,38.37006]]],[[[141.10727,38.37004],[141.10727,38.37008],[141.10731,38.37008],[141.10727,38.37004]]],[[[141.10871,38.3705],[141.10874,38.37052],[141.10874,38.3705],[141.10871,38.3705]]],[[[141.10833,38.37088],[141.10828,38.3709],[141.10835,38.3709],[141.10833,38.37088]]],[[[141.10809,38.37128],[141.10811,38.37132],[141.10812,38.3713],[141.10809,38.37128]]],[[[141.10967,38.38355],[141.10968,38.3836],[141.10971,38.38358],[141.10967,38.38355]]],[[[141.11764,38.32077],[141.11862,38.3203],[141.11775,38.32021],[141.11764,38.32077]]],[[[141.11449,38.33279],[141.11434,38.33309],[141.11466,38.33311],[141.11449,38.33279]]],[[[141.11603,38.33456],[141.11603,38.33453],[141.11601,38.33454],[141.11603,38.33456]]],[[[141.116,38.33468],[141.11597,38.33466],[141.11597,38.33468],[141.116,38.33468]]],[[[141.11142,38.33502],[141.11138,38.33502],[141.11143,38.33503],[141.11142,38.33502]]],[[[141.11285,38.33614],[141.11274,38.33553],[141.11239,38.33601],[141.11285,38.33614]]],[[[141.11266,38.33638],[141.11269,38.3364],[141.11265,38.33634],[141.11266,38.33638]]],[[[141.11315,38.33818],[141.11574,38.33631],[141.11181,38.33648],[141.10891,38.33451],[141.10981,38.33109],[141.10628,38.33768],[141.10429,38.33728],[141.10356,38.34336],[141.10685,38.3388],[141.11315,38.33818]]],[[[141.11398,38.33896],[141.114,38.33895],[141.11398,38.33894],[141.11398,38.33896]]],[[[141.11223,38.34049],[141.11209,38.34053],[141.11208,38.34064],[141.11223,38.34049]]],[[[141.11529,38.34346],[141.11629,38.34197],[141.11452,38.34072],[141.11373,38.34091],[141.11329,38.34032],[141.11276,38.34039],[141.11529,38.34346]]],[[[141.11654,38.34297],[141.11655,38.343],[141.11656,38.34298],[141.11654,38.34297]]],[[[141.11537,38.34368],[141.1154,38.34368],[141.11538,38.34366],[141.11537,38.34368]]],[[[141.11543,38.3437],[141.11543,38.34369],[141.11541,38.34369],[141.11543,38.3437]]],[[[141.11641,38.34618],[141.11643,38.3462],[141.11644,38.34619],[141.11641,38.34618]]],[[[141.1152,38.34826],[141.11522,38.34825],[141.11519,38.34825],[141.1152,38.34826]]],[[[141.1182,38.34848],[141.11823,38.34834],[141.11814,38.34838],[141.1182,38.34848]]],[[[141.1137,38.34878],[141.11372,38.34882],[141.11374,38.34878],[141.1137,38.34878]]],[[[141.11372,38.34886],[141.1137,38.3489],[141.11376,38.34891],[141.11372,38.34886]]],[[[141.11575,38.34913],[141.11576,38.34911],[141.11574,38.34912],[141.11575,38.34913]]],[[[141.11702,38.34951],[141.11705,38.3495],[141.11702,38.34949],[141.11702,38.34951]]],[[[141.11379,38.35148],[141.11451,38.35189],[141.115,38.35055],[141.11711,38.35165],[141.11592,38.35017],[141.11699,38.34948],[141.11538,38.34902],[141.11507,38.34849],[141.11517,38.34805],[141.11738,38.34762],[141.11408,38.34565],[141.11183,38.34913],[141.1138,38.34874],[141.11414,38.34953],[141.11309,38.35025],[141.11395,38.34991],[141.11446,38.35005],[141.11423,38.35113],[141.11379,38.35148]]],[[[141.11689,38.34967],[141.11692,38.34967],[141.11692,38.34965],[141.11689,38.34967]]],[[[141.11697,38.34968],[141.11696,38.34966],[141.11695,38.34968],[141.11697,38.34968]]],[[[141.11368,38.35014],[141.1137,38.35012],[141.11367,38.35013],[141.11368,38.35014]]],[[[141.11364,38.35016],[141.11361,38.3502],[141.11366,38.35017],[141.11364,38.35016]]],[[[141.11439,38.35023],[141.11439,38.35021],[141.11438,38.35022],[141.11439,38.35023]]],[[[141.11348,38.35026],[141.11351,38.35026],[141.11351,38.35025],[141.11348,38.35026]]],[[[141.11353,38.35027],[141.11357,38.35027],[141.11355,38.35025],[141.11353,38.35027]]],[[[141.11343,38.35028],[141.11345,38.35031],[141.11347,38.35029],[141.11343,38.35028]]],[[[141.1149,38.35107],[141.1149,38.35105],[141.11489,38.35106],[141.1149,38.35107]]],[[[141.11156,38.35146],[141.1116,38.3514],[141.11154,38.3514],[141.11156,38.35146]]],[[[141.11154,38.35161],[141.11162,38.35159],[141.11153,38.35158],[141.11154,38.35161]]],[[[141.11164,38.35164],[141.11167,38.35161],[141.11165,38.3516],[141.11164,38.35164]]],[[[141.11175,38.35162],[141.11172,38.35165],[141.11175,38.35166],[141.11175,38.35162]]],[[[141.11648,38.35169],[141.11649,38.35167],[141.11647,38.35167],[141.11648,38.35169]]],[[[141.11155,38.35171],[141.11159,38.35171],[141.11155,38.3517],[141.11155,38.35171]]],[[[141.11415,38.35228],[141.11418,38.35226],[141.11415,38.35227],[141.11415,38.35228]]],[[[141.11413,38.35228],[141.11411,38.35226],[141.1141,38.35227],[141.11413,38.35228]]],[[[141.1144,38.35232],[141.11441,38.35231],[141.1144,38.35231],[141.1144,38.35232]]],[[[141.11445,38.35237],[141.11446,38.35235],[141.11443,38.35237],[141.11445,38.35237]]],[[[141.11583,38.35398],[141.1158,38.35396],[141.1158,38.35398],[141.11583,38.35398]]],[[[141.11633,38.35435],[141.11627,38.35436],[141.11633,38.35438],[141.11633,38.35435]]],[[[141.11671,38.35447],[141.11674,38.3545],[141.11674,38.35448],[141.11671,38.35447]]],[[[141.11643,38.35447],[141.11648,38.3545],[141.11648,38.35447],[141.11643,38.35447]]],[[[141.11696,38.35458],[141.117,38.35457],[141.11699,38.35456],[141.11696,38.35458]]],[[[141.11764,38.3556],[141.11783,38.35389],[141.11574,38.35365],[141.11735,38.35477],[141.11764,38.3556]]],[[[141.11706,38.35464],[141.1171,38.35468],[141.11712,38.35465],[141.11706,38.35464]]],[[[141.1172,38.35472],[141.1172,38.35482],[141.11724,38.35481],[141.1172,38.35472]]],[[[141.11734,38.35505],[141.11734,38.35503],[141.11733,38.35503],[141.11734,38.35505]]],[[[141.11745,38.35523],[141.11749,38.35523],[141.11748,38.35522],[141.11745,38.35523]]],[[[141.1183,38.3562],[141.11832,38.35619],[141.1183,38.35619],[141.1183,38.3562]]],[[[141.11824,38.35623],[141.11827,38.35622],[141.11824,38.35622],[141.11824,38.35623]]],[[[141.11832,38.35657],[141.11833,38.35623],[141.11811,38.35643],[141.11832,38.35657]]],[[[141.1182,38.35659],[141.11821,38.35656],[141.11819,38.35657],[141.1182,38.35659]]],[[[141.11843,38.3734],[141.11848,38.37341],[141.11847,38.37339],[141.11843,38.3734]]],[[[141.1177,38.37413],[141.11833,38.37337],[141.11784,38.3734],[141.11746,38.37373],[141.11792,38.37468],[141.1177,38.37413]]],[[[141.11786,38.37432],[141.11781,38.37432],[141.11786,38.37435],[141.11786,38.37432]]],[[[141.11789,38.37433],[141.11788,38.37436],[141.1179,38.37435],[141.11789,38.37433]]],[[[141.11449,38.37438],[141.11634,38.37509],[141.11637,38.37506],[141.11491,38.3743],[141.11449,38.37438]]],[[[141.11796,38.37468],[141.11795,38.37474],[141.11799,38.3747],[141.11796,38.37468]]],[[[141.11411,38.37719],[141.11388,38.37715],[141.11389,38.37721],[141.11411,38.37719]]],[[[141.11451,38.38145],[141.11453,38.38151],[141.11456,38.38146],[141.11451,38.38145]]],[[[141.1145,38.38156],[141.11451,38.38153],[141.11448,38.38154],[141.1145,38.38156]]],[[[141.11853,38.31394],[141.11862,38.31413],[141.11864,38.31401],[141.11853,38.31394]]],[[[141.11984,38.31484],[141.11992,38.31478],[141.11987,38.31475],[141.11984,38.31484]]],[[[141.12076,38.31557],[141.12083,38.31566],[141.12088,38.31563],[141.12076,38.31557]]],[[[141.12117,38.31614],[141.12117,38.31636],[141.1215,38.31616],[141.12117,38.31614]]],[[[141.12155,38.31627],[141.12172,38.31627],[141.12153,38.31623],[141.12155,38.31627]]],[[[141.12178,38.31637],[141.12175,38.31631],[141.12172,38.31635],[141.12178,38.31637]]],[[[141.11859,38.31982],[141.11976,38.31953],[141.1192,38.31906],[141.11859,38.31982]]],[[[141.11888,38.32021],[141.11972,38.32059],[141.12035,38.3204],[141.11888,38.32021]]],[[[141.12064,38.32301],[141.12052,38.32326],[141.12067,38.32324],[141.12064,38.32301]]],[[[141.11892,38.32341],[141.11894,38.32337],[141.1189,38.32341],[141.11892,38.32341]]],[[[141.12088,38.32438],[141.12047,38.32402],[141.12076,38.32448],[141.12088,38.32438]]],[[[141.11972,38.32457],[141.11963,38.32473],[141.11975,38.32473],[141.11972,38.32457]]],[[[141.1231,38.32467],[141.12325,38.32487],[141.12357,38.32465],[141.1231,38.32467]]],[[[141.12624,38.32519],[141.12604,38.32513],[141.12622,38.32526],[141.12624,38.32519]]],[[[141.12393,38.32544],[141.12396,38.32521],[141.12388,38.32533],[141.12393,38.32544]]],[[[141.1225,38.32688],[141.12247,38.32689],[141.1225,38.32689],[141.1225,38.32688]]],[[[141.12244,38.3269],[141.1224,38.32687],[141.12239,38.32691],[141.12244,38.3269]]],[[[141.1313,38.32687],[141.13133,38.32697],[141.13137,38.32692],[141.1313,38.32687]]],[[[141.13103,38.32719],[141.13107,38.32712],[141.13103,38.32712],[141.13103,38.32719]]],[[[141.13019,38.32722],[141.13044,38.32728],[141.13027,38.32715],[141.13019,38.32722]]],[[[141.1219,38.32731],[141.12171,38.32712],[141.12152,38.32747],[141.1219,38.32731]]],[[[141.1219,38.32733],[141.12198,38.3273],[141.12194,38.32728],[141.1219,38.32733]]],[[[141.12176,38.32791],[141.12179,38.32785],[141.12172,38.32783],[141.12176,38.32791]]],[[[141.12187,38.32795],[141.12178,38.32795],[141.12191,38.32801],[141.12187,38.32795]]],[[[141.13077,38.3294],[141.13114,38.32772],[141.13078,38.32873],[141.13077,38.3294]]],[[[141.12688,38.33154],[141.12684,38.33152],[141.12685,38.33156],[141.12688,38.33154]]],[[[141.12684,38.33162],[141.12687,38.33159],[141.12684,38.33158],[141.12684,38.33162]]],[[[141.12311,38.33626],[141.12313,38.33628],[141.12314,38.33627],[141.12311,38.33626]]],[[[141.13007,38.34751],[141.13127,38.33223],[141.12609,38.33157],[141.12422,38.32546],[141.12171,38.32985],[141.11622,38.33207],[141.11687,38.33325],[141.11613,38.33373],[141.11652,38.33429],[141.11602,38.33475],[141.11563,38.33494],[141.11557,38.33534],[141.12447,38.33512],[141.13007,38.34751]]],[[[141.12809,38.34393],[141.12812,38.34396],[141.12812,38.34395],[141.12809,38.34393]]],[[[141.12578,38.34425],[141.1267,38.34408],[141.12667,38.34379],[141.12578,38.34425]]],[[[141.12826,38.34467],[141.12822,38.34464],[141.12821,38.34467],[141.12826,38.34467]]],[[[141.12818,38.34473],[141.12823,38.34474],[141.12822,38.34472],[141.12818,38.34473]]],[[[141.11897,38.34819],[141.11899,38.3482],[141.11897,38.34818],[141.11897,38.34819]]],[[[141.11895,38.34825],[141.1204,38.34891],[141.12227,38.34872],[141.12245,38.34798],[141.11895,38.34825]]],[[[141.12287,38.34887],[141.12645,38.35224],[141.12493,38.34882],[141.12287,38.34887]]],[[[141.12677,38.35292],[141.12655,38.35386],[141.12706,38.3542],[141.12677,38.35292]]],[[[141.12109,38.35358],[141.1211,38.35363],[141.12111,38.35363],[141.12109,38.35358]]],[[[141.12118,38.35381],[141.12121,38.35381],[141.12118,38.35379],[141.12118,38.35381]]],[[[141.12116,38.35388],[141.12117,38.35385],[141.12115,38.35388],[141.12116,38.35388]]],[[[141.12106,38.35407],[141.1211,38.35406],[141.12109,38.35405],[141.12106,38.35407]]],[[[141.12103,38.35418],[141.12107,38.35416],[141.12105,38.35413],[141.12103,38.35418]]],[[[141.12126,38.35421],[141.12129,38.35419],[141.12126,38.3542],[141.12126,38.35421]]],[[[141.12123,38.35424],[141.12128,38.35425],[141.12128,38.35422],[141.12123,38.35424]]],[[[141.12111,38.35427],[141.12116,38.35427],[141.12114,38.35425],[141.12111,38.35427]]],[[[141.12107,38.3543],[141.1211,38.35428],[141.12108,38.35427],[141.12107,38.3543]]],[[[141.12667,38.3571],[141.12741,38.35488],[141.12712,38.35443],[141.12634,38.35526],[141.12667,38.3571]]],[[[141.13583,38.35634],[141.13613,38.35587],[141.13569,38.35613],[141.13583,38.35634]]],[[[141.13821,38.3566],[141.1379,38.35655],[141.13821,38.3567],[141.13821,38.3566]]],[[[141.12512,38.37349],[141.12515,38.37348],[141.12512,38.37347],[141.12512,38.37349]]],[[[141.11872,38.37338],[141.11848,38.37353],[141.11856,38.37366],[141.11872,38.37338]]],[[[141.1251,38.37348],[141.12501,38.37355],[141.12506,38.37358],[141.1251,38.37348]]],[[[141.12418,38.37391],[141.12421,38.37391],[141.1242,38.3739],[141.12418,38.37391]]],[[[141.12415,38.37391],[141.12417,38.37392],[141.12417,38.37391],[141.12415,38.37391]]],[[[141.1248,38.37405],[141.12482,38.37406],[141.12483,38.37405],[141.1248,38.37405]]],[[[141.12483,38.37407],[141.12486,38.37409],[141.12483,38.37407],[141.12483,38.37407]]],[[[141.12481,38.37413],[141.12482,38.3741],[141.12479,38.37412],[141.12481,38.37413]]],[[[141.12393,38.3746],[141.12457,38.37455],[141.12479,38.37401],[141.12495,38.37392],[141.12497,38.37372],[141.12393,38.3746]]],[[[141.12376,38.37438],[141.12379,38.37438],[141.12378,38.37436],[141.12376,38.37438]]],[[[141.12373,38.37438],[141.12373,38.37441],[141.12375,38.3744],[141.12373,38.37438]]],[[[141.1212,38.37895],[141.12121,38.37898],[141.12121,38.37898],[141.1212,38.37895]]],[[[141.12008,38.37921],[141.1201,38.37919],[141.12009,38.37918],[141.12008,38.37921]]],[[[141.12128,38.37929],[141.12129,38.37926],[141.12127,38.37926],[141.12128,38.37929]]],[[[141.12134,38.37928],[141.12135,38.37931],[141.12136,38.3793],[141.12134,38.37928]]]]}}]}