{"type": "FeatureCollection", "features": [{"type": "Feature", "geometry": {"type": "Polygon", "coordinates": [[[141.45101594069538, 38.7675227572178], [141.45100416349206, 38.767499459384815], [141.45097662046265, 38.76732257917505], [141.45093076815942, 38.767305830696024], [141.4507194457873, 38.76728259613465], [141.45047276104145, 38.76726381093295], [141.45047256989818, 38.76726379662711], [141.45046857772127, 38.76726349248588], [141.4504457381505, 38.76726175364687], [141.45027531272493, 38.76724786978491], [141.4502538625344, 38.767318603775145], [141.4502026257546, 38.767388666160684], [141.45012704185845, 38.76737507244867], [141.44998530856572, 38.767349579222895], [141.44993571938548, 38.7673959844376], [141.45005112894458, 38.76753257203628], [141.45007862315305, 38.767561427500475], [141.45012498260232, 38.76761008315771], [141.45012909454542, 38.767613469523845], [141.45014694344968, 38.767628164335036], [141.45032188067788, 38.767648601959834], [141.450424730826, 38.7676360771253], [141.45048998465575, 38.76762813176179], [141.45054345240695, 38.76762162065969], [141.45059993850924, 38.767659979529924], [141.45089791214107, 38.767633721033114], [141.45101594069538, 38.7675227572178]]]}, "properties": {"KEYCODE": "000205@B073@01@0001@0000@0000@0000", "小班": "1", "小班面積": 0.32, "林種": "人工林", "中樹種": "スギ", "林齢": 118, "齢級": 24, "所有形態": "個人", "ADDDATE": "2022-09-29", "ADDTENANT": "04000F", "ADDUSER": "pasco01", "EDITDATE": null, "EDITTENANT": "", "EDITUSER": ""}}, {"type": "Feature", "geometry": {"type": "Polygon", "coordinates": [[[141.45027531272493, 38.76724786978491], [141.45028800976826, 38.76716569564899], [141.45026544038294, 38.767111815439804], [141.45022155860673, 38.767007030317906], [141.45012400371127, 38.76702221978784], [141.4500621342315, 38.76703185337343], [141.45007209626638, 38.76705567439016], [141.450061374946, 38.7672124497877], [141.45002849741698, 38.76731387429598], [141.44998530856572, 38.767349579222895], [141.45012704185845, 38.76737507244867], [141.4502026257546, 38.767388666160684], [141.4502538625344, 38.767318603775145], [141.45027531272493, 38.76724786978491]]]}, "properties": {"KEYCODE": "000205@B073@01@0001@0001@0000@0000", "小班": "1-1", "小班面積": 0.08, "林種": "人工林", "中樹種": "スギ", "林齢": 47, "齢級": 10, "所有形態": "個人", "ADDDATE": "2022-09-29", "ADDTENANT": "04000F", "ADDUSER": "pasco01", "EDITDATE": null, "EDITTENANT": "", "EDITUSER": ""}}, {"type": "Feature", "geometry": {"type": "Polygon", "coordinates": [[[141.45022155860673, 38.767007030317906], [141.45026544038294, 38.767111815439804], [141.45028800976826, 38.76716569564899], [141.45027531272493, 38.76724786978491], [141.4504457381505, 38.76726175364687], [141.45046857772127, 38.76726349248588], [141.45047256989818, 38.76726379662711], [141.45047276104145, 38.76726381093295], [141.4507194457873, 38.76728259613465], [141.45093076815942, 38.767305830696024], [141.45097662046265, 38.76732257917505], [141.4509329317029, 38.76725633428001], [141.45077997111125, 38.76716893543177], [141.4505712403148, 38.76706179693561], [141.45048345116308, 38.767037802271155], [141.45027717209044, 38.76698142175702], [141.45024474569976, 38.766996353102435], [141.45022155860673, 38.767007030317906]]]}, "properties": {"KEYCODE": "000205@B073@01@0001@0002@0000@0000", "小班": "1-2", "小班面積": 0.12, "林種": "人工林", "中樹種": "スギ", "林齢": 54, "齢級": 11, "所有形態": "個人", "ADDDATE": "2022-09-29", "ADDTENANT": "04000F", "ADDUSER": "pasco01", "EDITDATE": null, "EDITTENANT": "", "EDITUSER": ""}}, {"type": "Feature", "geometry": {"type": "Polygon", "coordinates": [[[141.45140802131257, 38.767681094157844], [141.4514342675713, 38.76762606413587], [141.45177399628992, 38.76758650165263], [141.4519448594135, 38.76756659583704], [141.45199754434654, 38.76753235431936], [141.45201545380326, 38.767520709207055], [141.45223266143455, 38.76748526232656], [141.45232190600137, 38.76746901242113], [141.4523447330264, 38.76745530430204], [141.4524400328717, 38.76739807138594], [141.45253239536015, 38.76734037468072], [141.45265234407978, 38.767303984616554], [141.45272839337113, 38.76729643034267], [141.45282085972022, 38.76725065253297], [141.4528925675357, 38.76726934066274], [141.4529685542385, 38.767237795867416], [141.45324422760584, 38.76722362965445], [141.45333577186852, 38.76713398479421], [141.4533788849629, 38.76704985260058], [141.453429767885, 38.7669599035614], [141.45343406337102, 38.76695230969237], [141.4534945722913, 38.766908130613196], [141.45359148377074, 38.76684850264958], [141.45364763379524, 38.76679730346631], [141.45373359749917, 38.766729084946064], [141.45375088323186, 38.76671536542634], [141.45382916415403, 38.76661388532128], [141.45390843655338, 38.766579859437556], [141.45391437043335, 38.76656361461406], [141.45393246541778, 38.76651407499003], [141.45370331795363, 38.76649885027952], [141.45365326142166, 38.76653851188452], [141.45362023467214, 38.76656108239372], [141.4536141969397, 38.766565208081246], [141.45358305882797, 38.76658648929279], [141.45341783884982, 38.76669939976019], [141.45324976099732, 38.76682266736808], [141.4532471669071, 38.766953868715945], [141.4532043492265, 38.767085715829374], [141.45315327729807, 38.76712779698859], [141.45305261383749, 38.76712917762841], [141.45298587956188, 38.767170089524896], [141.45284842295635, 38.76720288179018], [141.4528030195741, 38.767175545309904], [141.4525551061134, 38.76721538111095], [141.45253407619708, 38.76722877254684], [141.4523544105639, 38.767343172436895], [141.45219733431796, 38.767412291730956], [141.45207289634348, 38.76744563396148], [141.45199880652547, 38.767486100457106], [141.45195636996468, 38.76750927795584], [141.4518385063216, 38.7675428121628], [141.45177062824177, 38.76756212517896], [141.45166970647097, 38.76755245207758], [141.45160645438628, 38.76752524920153], [141.45157131076962, 38.76751013529539], [141.45137764608805, 38.76755178970833], [141.45136200739606, 38.767585765685205], [141.45133371765962, 38.7676472280398], [141.4513179421849, 38.76764321150546], [141.45125485527777, 38.76762714706925], [141.45122239240268, 38.76764039331251], [141.451136464481, 38.76767113548038], [141.45114700000644, 38.76772951060426], [141.4512485273153, 38.767714379457075], [141.45140802131257, 38.767681094157844]]]}, "properties": {"KEYCODE": "000205@B073@01@0002@0000@0000@0000", "小班": "2", "小班面積": 0.34, "林種": "人工林", "中樹種": "スギ", "林齢": 73, "齢級": 15, "所有形態": "個人", "ADDDATE": "2022-09-29", "ADDTENANT": "04000F", "ADDUSER": "pasco01", "EDITDATE": null, "EDITTENANT": "", "EDITUSER": ""}}, {"type": "Feature", "geometry": {"type": "Polygon", "coordinates": [[[141.45357276589667, 38.7665613919699], [141.45356125107674, 38.76653524979169], [141.45352837588484, 38.766460624255096], [141.45352132779453, 38.76644839693935], [141.45350986016985, 38.766428499474294], [141.45350749796387, 38.766424402148814], [141.4534784084276, 38.766373936395716], [141.4534602186259, 38.76635220524667], [141.45330136217186, 38.766330927558705], [141.453081342783, 38.76632553957249], [141.4528692617755, 38.766445845408725], [141.45269526384092, 38.766568926492184], [141.45243062451138, 38.76677293605852], [141.45200292004014, 38.76702092129988], [141.4519846911893, 38.76703740768227], [141.45192165568977, 38.767094413612625], [141.45150593695024, 38.76719411828452], [141.45128686089453, 38.767277167708265], [141.451416184534, 38.767307396998135], [141.45153855591883, 38.767375397592794], [141.45162970054315, 38.76750848769056], [141.45165567733932, 38.76751851950852], [141.45168232263848, 38.76752880904193], [141.45176824943704, 38.76753303902374], [141.45188133838323, 38.76750133013526], [141.4519361126761, 38.767485971049425], [141.45206214012376, 38.767420809227616], [141.4521781920665, 38.76738898887178], [141.4523369298928, 38.76732026530263], [141.45254960174455, 38.76718950158161], [141.45279125585506, 38.76714042700948], [141.45287325300157, 38.767168128072626], [141.45296107681156, 38.767153581586705], [141.45303748758877, 38.76710696080862], [141.45313614363542, 38.767097140480374], [141.4531610350812, 38.76707615287434], [141.45321024634003, 38.76696227164665], [141.45321017257646, 38.76681943594262], [141.4533999229189, 38.76667834101575], [141.45357276589667, 38.7665613919699]]]}, "properties": {"KEYCODE": "000205@B073@01@0003@0000@0000@0000", "小班": "3", "小班面積": 0.98, "林種": "人工林", "中樹種": "スギ", "林齢": 99, "齢級": 20, "所有形態": "個人", "ADDDATE": "2022-09-29", "ADDTENANT": "04000F", "ADDUSER": "pasco01", "EDITDATE": null, "EDITTENANT": "", "EDITUSER": ""}}, {"type": "Feature", "geometry": {"type": "Polygon", "coordinates": [[[141.45162970054315, 38.76750848769056], [141.45153855591883, 38.767375397592794], [141.451416184534, 38.767307396998135], [141.45128686089453, 38.767277167708265], [141.45110862630932, 38.767230841161265], [141.4509301553566, 38.76715360155174], [141.45082684068024, 38.767035920954605], [141.45076772939763, 38.76695995759422], [141.45067700354414, 38.7668898809483], [141.4506053360286, 38.7667701266974], [141.45057797125202, 38.766703529683234], [141.45029364246045, 38.766753231262584], [141.4502813199351, 38.76673164161615], [141.45025703103624, 38.76669560900163], [141.45025280999147, 38.7665622301849], [141.45036622760486, 38.766439590585996], [141.45055816179237, 38.76638327689317], [141.45060628758583, 38.76636227523004], [141.45060589132362, 38.76636236020477], [141.4503703272262, 38.76632211900005], [141.45023285348714, 38.76633563644162], [141.45018105516374, 38.76646589115929], [141.4501193640676, 38.76648335617159], [141.45004644518352, 38.76650399747693], [141.45003898834253, 38.76650610887122], [141.449959015905, 38.766584542502926], [141.44993091681818, 38.766612100328885], [141.4499256906154, 38.766633128549074], [141.44991374993182, 38.76663610051726], [141.44993393356572, 38.766679029554425], [141.4499463467716, 38.76674819836709], [141.44998850506806, 38.76685147919673], [141.45000199871228, 38.766884536430055], [141.4500621342315, 38.76703185337343], [141.45012400371127, 38.76702221978784], [141.45022155860673, 38.767007030317906], [141.45024474569976, 38.766996353102435], [141.45027717209044, 38.76698142175702], [141.45048345116308, 38.767037802271155], [141.4505712403148, 38.76706179693561], [141.45077997111125, 38.76716893543177], [141.4509329317029, 38.76725633428001], [141.45097662046265, 38.76732257917505], [141.45100416349206, 38.767499459384815], [141.45101594069538, 38.7675227572178], [141.4510921921244, 38.76751737858855], [141.45117210407935, 38.76751174182305], [141.45125091365674, 38.767591352130964], [141.45132234454312, 38.76761369489501], [141.45134548773132, 38.767533635660534], [141.4515683648974, 38.767484800738046], [141.45162970054315, 38.76750848769056]]]}, "properties": {"KEYCODE": "000205@B073@01@0004@0000@0000@0000", "小班": "4", "小班面積": 0.5, "林種": "人工林", "中樹種": "スギ", "林齢": 68, "齢級": 14, "所有形態": "個人", "ADDDATE": "2022-09-29", "ADDTENANT": "04000F", "ADDUSER": "pasco01", "EDITDATE": null, "EDITTENANT": "", "EDITUSER": ""}}, {"type": "Feature", "geometry": {"type": "Polygon", "coordinates": [[[141.45057797125202, 38.766703529683234], [141.4506378749357, 38.76658880026744], [141.4506638945919, 38.76649903868911], [141.4506729283306, 38.76641699466144], [141.45060628758583, 38.76636227523004], [141.45055816179237, 38.76638327689317], [141.45036622760486, 38.766439590585996], [141.45025280999147, 38.7665622301849], [141.45025703103624, 38.76669560900163], [141.4502813199351, 38.76673164161615], [141.45029364246045, 38.766753231262584], [141.45057797125202, 38.766703529683234]]]}, "properties": {"KEYCODE": "000205@B073@01@0005@0000@0000@0000", "小班": "5", "小班面積": 0.11, "林種": "人工林", "中樹種": "スギ", "林齢": 49, "齢級": 10, "所有形態": "個人", "ADDDATE": "2022-09-29", "ADDTENANT": "04000F", "ADDUSER": "pasco01", "EDITDATE": null, "EDITTENANT": "", "EDITUSER": ""}}, {"type": "Feature", "geometry": {"type": "MultiPolygon", "coordinates": [[[[141.4534602186259, 38.76635220524667], [141.45343692558438, 38.766324375118955], [141.45339541121112, 38.76628379406567], [141.4533613344405, 38.76626308501157], [141.45334524231848, 38.76625330563409], [141.45331654870455, 38.766243114728844], [141.45321067751695, 38.76622231889032], [141.4532123130171, 38.7660852533125], [141.45321213771462, 38.766064994126246], [141.4532120416799, 38.766053895670346], [141.45321167843994, 38.76601191702185], [141.45321123695194, 38.766012094136045], [141.4531862305005, 38.76602214015495], [141.45315460292267, 38.766030194279615], [141.45305832280434, 38.76605471085442], [141.4530096516779, 38.76606710300733], [141.4530062756396, 38.76606725063523], [141.45296559407205, 38.76606902756352], [141.45294252906007, 38.76607018947058], [141.45268811571, 38.76608300628008], [141.4526873751728, 38.766082001207565], [141.4526213422011, 38.766085215944706], [141.45254391839006, 38.76606047241233], [141.4525342704145, 38.766057488428515], [141.4524235426208, 38.76602324569453], [141.45237344277626, 38.766022784044026], [141.45236520998844, 38.76602270783084], [141.45236347272748, 38.76602447376789], [141.4523243269643, 38.7660642932325], [141.45226505541964, 38.76611903890609], [141.4521523589725, 38.76611412220444], [141.45203477334965, 38.76613813543289], [141.45198478972267, 38.766148342241856], [141.4519506775647, 38.766143602139294], [141.45182590422883, 38.76612626451], [141.4517420587239, 38.766061682835044], [141.45168878482895, 38.766020649883956], [141.45154061067095, 38.76603033362928], [141.45150433789274, 38.76598215759722], [141.4514473636427, 38.76599768306936], [141.45131116057578, 38.76606396199318], [141.45129210551187, 38.766073234707015], [141.4512666047822, 38.766085643261405], [141.45113623054124, 38.76614908399007], [141.4510356692086, 38.76621446788783], [141.4509087271523, 38.76629700350711], [141.45090757942125, 38.76629774920253], [141.45076285397437, 38.76632874501559], [141.45060628758583, 38.76636227523004], [141.4506729283306, 38.76641699466144], [141.4506638945919, 38.76649903868911], [141.4506378749357, 38.76658880026744], [141.45057797125202, 38.766703529683234], [141.4506053360286, 38.7667701266974], [141.45067700354414, 38.7668898809483], [141.45076772939763, 38.76695995759422], [141.45082684068024, 38.767035920954605], [141.4509301553566, 38.76715360155174], [141.45110862630932, 38.767230841161265], [141.45128686089453, 38.767277167708265], [141.45150593695024, 38.76719411828452], [141.45192165568977, 38.767094413612625], [141.4519846911893, 38.76703740768227], [141.45200292004014, 38.76702092129988], [141.45243062451138, 38.76677293605852], [141.45269526384092, 38.766568926492184], [141.4528692617755, 38.766445845408725], [141.453081342783, 38.76632553957249], [141.45330136217186, 38.766330927558705], [141.4534602186259, 38.76635220524667]], [[141.4534602186259, 38.76635220524667], [141.45343692558438, 38.766324375118955], [141.45339541121112, 38.76628379406567], [141.4533613344405, 38.76626308501157], [141.45334524231848, 38.76625330563409], [141.45331654870455, 38.766243114728844], [141.45321067751695, 38.76622231889032], [141.4532123130171, 38.7660852533125], [141.45321213771462, 38.766064994126246], [141.4532120416799, 38.766053895670346], [141.45321167843994, 38.76601191702185], [141.45321123695194, 38.766012094136045], [141.4531862305005, 38.76602214015495], [141.45315460292267, 38.766030194279615], [141.45305832280434, 38.76605471085442], [141.4530096516779, 38.76606710300733], [141.4530062756396, 38.76606725063523], [141.45296559407205, 38.76606902756352], [141.45294252906007, 38.76607018947058], [141.45268811571, 38.76608300628008], [141.4526873751728, 38.766082001207565], [141.4526213422011, 38.766085215944706], [141.45254391839006, 38.76606047241233], [141.4525342704145, 38.766057488428515], [141.4524235426208, 38.76602324569453], [141.45237344277626, 38.766022784044026], [141.45236520998844, 38.76602270783084], [141.45236347272748, 38.76602447376789], [141.4523243269643, 38.7660642932325], [141.45226505541964, 38.76611903890609], [141.4521523589725, 38.76611412220444], [141.45203477334965, 38.76613813543289], [141.45198478972267, 38.766148342241856], [141.4519506775647, 38.766143602139294], [141.45182590422883, 38.76612626451], [141.4517420587239, 38.766061682835044], [141.45168878482895, 38.766020649883956], [141.45154061067095, 38.76603033362928], [141.45150433789274, 38.76598215759722], [141.4514473636427, 38.76599768306936], [141.45131116057578, 38.76606396199318], [141.45129210551187, 38.766073234707015], [141.4512666047822, 38.766085643261405], [141.45113623054124, 38.76614908399007], [141.4510356692086, 38.76621446788783], [141.4509087271523, 38.76629700350711], [141.45090757942125, 38.76629774920253], [141.45076285397437, 38.76632874501559], [141.45060628758583, 38.76636227523004], [141.4506729283306, 38.76641699466144], [141.4506638945919, 38.76649903868911], [141.4506378749357, 38.76658880026744], [141.45057797125202, 38.766703529683234], [141.4506053360286, 38.7667701266974], [141.45067700354414, 38.7668898809483], [141.45076772939763, 38.76695995759422], [141.45082684068024, 38.767035920954605], [141.4509301553566, 38.76715360155174], [141.45110862630932, 38.767230841161265], [141.45128686089453, 38.767277167708265], [141.45150593695024, 38.76719411828452], [141.45192165568977, 38.767094413612625], [141.4519846911893, 38.76703740768227], [141.45200292004014, 38.76702092129988], [141.45243062451138, 38.76677293605852], [141.45269526384092, 38.766568926492184], [141.4528692617755, 38.766445845408725], [141.453081342783, 38.76632553957249], [141.45330136217186, 38.766330927558705], [141.4534602186259, 38.76635220524667]]], [[[141.4520160890338, 38.76658032090002], [141.45211073721234, 38.766610806851105], [141.45194069905344, 38.76666414597213], [141.45173715235612, 38.766715278394535], [141.4515375463719, 38.76680785758485], [141.4515219081948, 38.76682213112009], [141.45140988095238, 38.76689423175551], [141.4513282266089, 38.76695818619707], [141.4512493578596, 38.76699197396776], [141.45113646557343, 38.76696396751636], [141.45104790895215, 38.76693344858289], [141.45098054171433, 38.766888515976085], [141.45088879561692, 38.76684132929365], [141.45083967479442, 38.76679391643587], [141.45083605255076, 38.766727194037784], [141.45086879431136, 38.76667171990991], [141.45094121944305, 38.76656538714014], [141.45106828488497, 38.76647175547399], [141.45113967323314, 38.766450608115036], [141.45120802077213, 38.76643526230402], [141.45128166319316, 38.766501613599424], [141.4514007868905, 38.76654627234584], [141.45156218493432, 38.76655018622911], [141.45162862272625, 38.766487027428035], [141.45166159714745, 38.766427262709634], [141.45170119456216, 38.766429436067355], [141.45178691426815, 38.766483806170385], [141.45186654019983, 38.76653820665778], [141.4520160890338, 38.76658032090002]]]]}, "properties": {"KEYCODE": "000205@B073@01@0006@0000@0000@0000", "小班": "6", "小班面積": 1.64, "林種": "人工林", "中樹種": "スギ", "林齢": 63, "齢級": 13, "所有形態": "個人", "ADDDATE": "2022-09-29", "ADDTENANT": "04000F", "ADDUSER": "pasco01", "EDITDATE": null, "EDITTENANT": "", "EDITUSER": ""}}, {"type": "Feature", "geometry": {"type": "Polygon", "coordinates": [[[141.4520160890338, 38.76658032090002], [141.45186654019983, 38.76653820665778], [141.45178691426815, 38.766483806170385], [141.45170119456216, 38.766429436067355], [141.45166159714745, 38.766427262709634], [141.45162862272625, 38.766487027428035], [141.45156218493432, 38.76655018622911], [141.4514007868905, 38.76654627234584], [141.45128166319316, 38.766501613599424], [141.45120802077213, 38.76643526230402], [141.45113967323314, 38.766450608115036], [141.45106828488497, 38.76647175547399], [141.45094121944305, 38.76656538714014], [141.45086879431136, 38.76667171990991], [141.45083605255076, 38.766727194037784], [141.45083967479442, 38.76679391643587], [141.45088879561692, 38.76684132929365], [141.45098054171433, 38.766888515976085], [141.45104790895215, 38.76693344858289], [141.45113646557343, 38.76696396751636], [141.4512493578596, 38.76699197396776], [141.4513282266089, 38.76695818619707], [141.45140988095238, 38.76689423175551], [141.4515219081948, 38.76682213112009], [141.4515375463719, 38.76680785758485], [141.45173715235612, 38.766715278394535], [141.45194069905344, 38.76666414597213], [141.45211073721234, 38.766610806851105], [141.4520160890338, 38.76658032090002]]]}, "properties": {"KEYCODE": "000205@B073@01@0007@0000@0000@0000", "小班": "7", "小班面積": 0.36, "林種": "天然林", "中樹種": "マツ類", "林齢": 98, "齢級": 20, "所有形態": "個人", "ADDDATE": "2022-09-29", "ADDTENANT": "04000F", "ADDUSER": "pasco01", "EDITDATE": null, "EDITTENANT": "", "EDITUSER": ""}}, {"type": "Feature", "geometry": {"type": "Polygon", "coordinates": [[[141.45060628758583, 38.76636227523004], [141.45076285397437, 38.76632874501559], [141.45090757942125, 38.76629774920253], [141.4509087271523, 38.76629700350711], [141.4510356692086, 38.76621446788783], [141.45113623054124, 38.76614908399007], [141.4512666047822, 38.766085643261405], [141.45129210551187, 38.766073234707015], [141.45131116057578, 38.76606396199318], [141.4514473636427, 38.76599768306936], [141.45150433789274, 38.76598215759722], [141.45148093098973, 38.76594449716459], [141.4513975863155, 38.76592443367933], [141.4513467510657, 38.76589273891399], [141.4512986232508, 38.765840210239936], [141.45113949649618, 38.765869844841994], [141.4510217463956, 38.765888655280826], [141.45093494883656, 38.76593548278877], [141.4508003310827, 38.76597826563501], [141.45079956281785, 38.76597791204044], [141.4506893533489, 38.76592719484798], [141.4505423157303, 38.76597770056668], [141.45044868102124, 38.76599496056986], [141.45042875116218, 38.76600301165081], [141.45041366062947, 38.76602863516589], [141.4504060087576, 38.76604162856444], [141.45038999051621, 38.766068829027766], [141.45023285348714, 38.76633563644162], [141.4503703272262, 38.76632211900005], [141.45060589132362, 38.76636236020477], [141.45060628758583, 38.76636227523004]]]}, "properties": {"KEYCODE": "000205@B073@02@0001@0000@0000@0000", "小班": "1", "小班面積": 0.34, "林種": "人工林", "中樹種": "スギ", "林齢": 86, "齢級": 18, "所有形態": "個人", "ADDDATE": "2022-09-29", "ADDTENANT": "04000F", "ADDUSER": "pasco01", "EDITDATE": null, "EDITTENANT": "", "EDITUSER": ""}}, {"type": "Feature", "geometry": {"type": "Polygon", "coordinates": [[[141.44997184784208, 38.76552260998709], [141.44975362821114, 38.76552480614155], [141.44970985860732, 38.765523664924004], [141.4497111774555, 38.76553745780555], [141.44973228526317, 38.765757924053204], [141.4497900170999, 38.76576596180719], [141.4498158778923, 38.765759942589874], [141.44983881601905, 38.765732542641025], [141.44995759562923, 38.765545103834384], [141.44997184784208, 38.76552260998709]]]}, "properties": {"KEYCODE": "000205@B073@02@0002@0001@0000@0000", "小班": "2-1", "小班面積": 0.04, "林種": "人工林", "中樹種": "スギ", "林齢": 50, "齢級": 10, "所有形態": "個人", "ADDDATE": "2022-09-29", "ADDTENANT": "04000F", "ADDUSER": "pasco01", "EDITDATE": null, "EDITTENANT": "", "EDITUSER": ""}}, {"type": "Feature", "geometry": {"type": "Polygon", "coordinates": [[[141.4508081234332, 38.765076163102385], [141.45088840907457, 38.76501781167026], [141.4508955068491, 38.76494817138309], [141.450943420837, 38.76485453912061], [141.4509526876631, 38.76483642910286], [141.45097540567573, 38.76479012220609], [141.45101098089464, 38.76471759991615], [141.4509612939127, 38.76460675659003], [141.450929351634, 38.764620041444715], [141.45070667520625, 38.76467249656699], [141.45052710351712, 38.76477857076591], [141.45020486832297, 38.76494706188915], [141.45020767268116, 38.76496017396065], [141.45022919333056, 38.76506085738583], [141.45023273751337, 38.765077434880055], [141.45024250572544, 38.765123137737184], [141.45027933850878, 38.765118506432444], [141.4502793003699, 38.76511875437861], [141.45031610623994, 38.76511286916506], [141.4504060843709, 38.76511234008929], [141.45053014152148, 38.76507884758886], [141.4507054702789, 38.765101633021445], [141.4508081234332, 38.765076163102385]]]}, "properties": {"KEYCODE": "000205@B073@02@0005@0000@0000@0000", "小班": "5", "小班面積": 0.24, "林種": "人工林", "中樹種": "スギ", "林齢": 70, "齢級": 14, "所有形態": "個人", "ADDDATE": "2022-09-29", "ADDTENANT": "04000F", "ADDUSER": "pasco01", "EDITDATE": null, "EDITTENANT": "", "EDITUSER": ""}}, {"type": "Feature", "geometry": {"type": "Polygon", "coordinates": [[[141.4511679474778, 38.76526595297747], [141.45114173195682, 38.76512846255277], [141.45113594391862, 38.765102968224426], [141.4511357036525, 38.7651019271644], [141.45108050846218, 38.765116858376416], [141.4510769959973, 38.76511906160024], [141.45106347834619, 38.7651275428567], [141.45098336447467, 38.76517792062143], [141.45089978592847, 38.765249541612526], [141.45085290831926, 38.765248383912066], [141.4508381528527, 38.765257977074754], [141.4507937937322, 38.76528681559939], [141.45077070100695, 38.76530182660948], [141.4507733089795, 38.765434595043395], [141.4507785753156, 38.765538286712435], [141.4507848724359, 38.76564955842921], [141.45079614951433, 38.765821274284846], [141.45079619850958, 38.7658220190622], [141.45080721080757, 38.76583084185826], [141.45085729683643, 38.76587096594277], [141.4509156619289, 38.765903314819134], [141.45091672091382, 38.76590255337653], [141.4509778047294, 38.765858509488126], [141.45095990732858, 38.7658030551807], [141.45098601863072, 38.76569250409476], [141.45106896118085, 38.765487293400795], [141.45109824671536, 38.76539632887879], [141.45112585436752, 38.76535539064265], [141.45115420839107, 38.76527798041792], [141.4511679474778, 38.76526595297747]]]}, "properties": {"KEYCODE": "000205@B073@02@0006@0000@0000@0000", "小班": "6", "小班面積": 0.18, "林種": "人工林", "中樹種": "スギ", "林齢": 65, "齢級": 13, "所有形態": "個人", "ADDDATE": "2022-09-29", "ADDTENANT": "04000F", "ADDUSER": "pasco01", "EDITDATE": null, "EDITTENANT": "", "EDITUSER": ""}}, {"type": "Feature", "geometry": {"type": "Polygon", "coordinates": [[[141.4514010361082, 38.765776120811644], [141.4514063401492, 38.765652671711955], [141.45140673667993, 38.765643415671214], [141.4514007036794, 38.76558474286895], [141.4512874628753, 38.76555943655956], [141.4512586507098, 38.765552911495156], [141.45116957398932, 38.7655327376108], [141.45108102805804, 38.765526739963626], [141.4510130990971, 38.76569836991753], [141.45098691088162, 38.765801597178736], [141.45100469898998, 38.765853448499], [141.45113346177425, 38.76583856990795], [141.45117168604415, 38.76582980038492], [141.4512160670215, 38.765819618137506], [141.451309940575, 38.76579807973178], [141.45139426007935, 38.765871001457775], [141.45139821266525, 38.765825645962295], [141.45139928585664, 38.76581332782146], [141.4514010361082, 38.765776120811644]]]}, "properties": {"KEYCODE": "000205@B073@02@0006@0001@0000@0000", "小班": "6-1", "小班面積": 0.11, "林種": "人工林", "中樹種": "スギ", "林齢": 65, "齢級": 13, "所有形態": "個人", "ADDDATE": "2022-09-29", "ADDTENANT": "04000F", "ADDUSER": "pasco01", "EDITDATE": null, "EDITTENANT": "", "EDITUSER": ""}}, {"type": "Feature", "geometry": {"type": "Polygon", "coordinates": [[[141.45108102805804, 38.765526739963626], [141.45116957398932, 38.7655327376108], [141.4512586507098, 38.765552911495156], [141.4512874628753, 38.76555943655956], [141.4514007036794, 38.76558474286895], [141.45137865160189, 38.76537025212389], [141.45137483588087, 38.76523753513634], [141.45137709566842, 38.76512854339533], [141.45118264858664, 38.765285685839515], [141.45115017125372, 38.765361180953136], [141.45112506019277, 38.76540206996276], [141.45109358469333, 38.76549501000724], [141.45108102805804, 38.765526739963626]]]}, "properties": {"KEYCODE": "000205@B073@02@0007@0000@0000@0000", "小班": "7", "小班面積": 0.09, "林種": "天然林", "中樹種": "その他L", "林齢": 65, "齢級": 13, "所有形態": "個人", "ADDDATE": "2022-09-29", "ADDTENANT": "04000F", "ADDUSER": "pasco01", "EDITDATE": null, "EDITTENANT": "", "EDITUSER": ""}}, {"type": "Feature", "geometry": {"type": "Polygon", "coordinates": [[[141.45227498893436, 38.766042131369574], [141.4522747554873, 38.76604161549495], [141.4522401386691, 38.76596527180197], [141.4522326771873, 38.76593712966965], [141.45220672432586, 38.76583923493834], [141.4518938445756, 38.76585458388752], [141.4518068231714, 38.76591619773386], [141.45178196232348, 38.76593379844775], [141.45175037644918, 38.76595616171062], [141.45159581764162, 38.76587123269315], [141.45150415322493, 38.76582647214807], [141.4514010361082, 38.765776120811644], [141.45139928585664, 38.76581332782146], [141.45139821266525, 38.765825645962295], [141.45139426007935, 38.765871001457775], [141.45141139014015, 38.765893225918234], [141.45146160245326, 38.765906999840034], [141.4515034901244, 38.765917916904286], [141.45150413869285, 38.76591866751894], [141.45150579847993, 38.765919122698534], [141.45154572199743, 38.76596645150222], [141.4515479461546, 38.765969367630454], [141.45157756183943, 38.766003642093665], [141.45160687613793, 38.76600245910895], [141.4516869606299, 38.76599808142753], [141.4517064742466, 38.76599701513392], [141.45170909526757, 38.76599911565551], [141.45178686507734, 38.76606144574872], [141.45183392076976, 38.766099160250015], [141.451989145189, 38.76611850062682], [141.45204262300248, 38.76610783838701], [141.45209503708597, 38.76609738895908], [141.4521482564221, 38.76608678029101], [141.45215139244002, 38.766086154685226], [141.45218362186864, 38.766087146184894], [141.45224132085102, 38.76608892171389], [141.45227498893436, 38.766042131369574]]]}, "properties": {"KEYCODE": "000205@B073@02@0008@0000@0000@0000", "小班": "8", "小班面積": 0.15, "林種": "天然林", "中樹種": "その他L", "林齢": 78, "齢級": 16, "所有形態": "個人", "ADDDATE": "2022-09-29", "ADDTENANT": "04000F", "ADDUSER": "pasco01", "EDITDATE": null, "EDITTENANT": "", "EDITUSER": ""}}, {"type": "Feature", "geometry": {"type": "Polygon", "coordinates": [[[141.4509612939127, 38.76460675659003], [141.4509501966245, 38.764413336415544], [141.4506534226509, 38.76441047280799], [141.45066533161852, 38.76448131808756], [141.4504684094825, 38.76452236748458], [141.45044399697497, 38.764518928859154], [141.4504254466559, 38.76448403622094], [141.4504012696024, 38.76441428270285], [141.4503130755617, 38.764417712230376], [141.45021986387198, 38.76454961712656], [141.45015601372506, 38.7646074750648], [141.45007258078087, 38.76467370737892], [141.45000603284447, 38.76470144558869], [141.45000546865006, 38.76477105045367], [141.45002155605974, 38.76482609105174], [141.45006635971544, 38.76487655584883], [141.4501211493834, 38.764914625732445], [141.45018018951282, 38.76494518495681], [141.45020486832297, 38.76494706188915], [141.45052710351712, 38.76477857076591], [141.45070667520625, 38.76467249656699], [141.450929351634, 38.764620041444715], [141.4509612939127, 38.76460675659003]]]}, "properties": {"KEYCODE": "000205@B073@02@0011@0000@0000@0000", "小班": "11", "小班面積": 0.27, "林種": "人工林", "中樹種": "スギ", "林齢": 118, "齢級": 24, "所有形態": "個人", "ADDDATE": "2022-09-29", "ADDTENANT": "04000F", "ADDUSER": "pasco01", "EDITDATE": null, "EDITTENANT": "", "EDITUSER": ""}}, {"type": "Feature", "geometry": {"type": "Polygon", "coordinates": [[[141.45183039475484, 38.76488412941185], [141.45162667301187, 38.7649010719814], [141.45154972165543, 38.7649038204525], [141.45143980295546, 38.76490774501642], [141.45137681368436, 38.76492793013833], [141.45122864899267, 38.764975410284954], [141.45112711691968, 38.76500621962912], [141.45111252986348, 38.7650106462316], [141.45103823454065, 38.76503319090432], [141.45088840907457, 38.76501781167026], [141.4508081234332, 38.765076163102385], [141.45088566624784, 38.76511997721016], [141.45093023766114, 38.76511004090893], [141.45105472826694, 38.76508160766432], [141.4512633923889, 38.76502818993998], [141.45145881541268, 38.76497359053576], [141.45161719222563, 38.76494677024553], [141.4516897739142, 38.764941824153944], [141.45183039475484, 38.76488412941185]]]}, "properties": {"KEYCODE": "000205@B073@02@0012@0000@0000@0000", "小班": "12", "小班面積": 0.06, "林種": "人工林", "中樹種": "スギ", "林齢": 69, "齢級": 14, "所有形態": "個人", "ADDDATE": "2022-09-29", "ADDTENANT": "04000F", "ADDUSER": "pasco01", "EDITDATE": null, "EDITTENANT": "", "EDITUSER": ""}}, {"type": "Feature", "geometry": {"type": "Polygon", "coordinates": [[[141.45211458440295, 38.76507548775429], [141.4517773751169, 38.765042137839266], [141.45176222938636, 38.76509781191758], [141.45175762590512, 38.765168375981084], [141.45177234750128, 38.76519153204325], [141.45182069184042, 38.76519464555403], [141.4518831299907, 38.765172189263275], [141.45201541379606, 38.76511629155438], [141.45211458440295, 38.76507548775429]]]}, "properties": {"KEYCODE": "000205@B073@02@0019@0002@0000@0000", "小班": "19-2", "小班面積": 0.03, "林種": "人工林", "中樹種": "スギ", "林齢": 9, "齢級": 2, "所有形態": "共有", "ADDDATE": "2022-09-29", "ADDTENANT": "04000F", "ADDUSER": "pasco01", "EDITDATE": null, "EDITTENANT": "", "EDITUSER": ""}}, {"type": "Feature", "geometry": {"type": "Polygon", "coordinates": [[[141.45378950822018, 38.764994439674204], [141.4537761317117, 38.76495992010508], [141.4537563780343, 38.76490559318106], [141.45372225903415, 38.76480433585686], [141.45370096074083, 38.76473121644266], [141.45369111197945, 38.76467273878108], [141.45367980625787, 38.764618754383655], [141.45366993716718, 38.76456589838214], [141.45368148527268, 38.76454794540849], [141.45372331387372, 38.76449748163897], [141.4537579613601, 38.76444811812388], [141.45378827389644, 38.764403237017696], [141.45380705635773, 38.76437294036653], [141.45381868939054, 38.76433025749004], [141.45380883700736, 38.76427402307054], [141.45380193614787, 38.76419307957781], [141.4537964831082, 38.76410538973802], [141.45383394127228, 38.764075137178324], [141.4538670890943, 38.764042638148695], [141.4538945361221, 38.763997745199525], [141.45391048592202, 38.76395394931426], [141.4539249973624, 38.76391015295583], [141.4539366249981, 38.76387084843212], [141.45394688451734, 38.763815741446834], [141.45393249535456, 38.76382025023204], [141.45387069808402, 38.763829073743864], [141.45376724270417, 38.76384116517969], [141.45346840693642, 38.763859462654494], [141.45339933876593, 38.763896369212326], [141.45334029639926, 38.76393780717636], [141.45330998729685, 38.76398043592607], [141.45323765642934, 38.76412860974219], [141.4531842219259, 38.764211648024855], [141.45313084606113, 38.76428006452154], [141.45305456496177, 38.76432256761765], [141.4529582218917, 38.764353780761866], [141.45288773796688, 38.76438393784478], [141.45281432986798, 38.764428704807], [141.45273660467205, 38.76447457567047], [141.45269470937188, 38.76454415633443], [141.45265139422986, 38.76460923194697], [141.4525937385921, 38.764668643953605], [141.45253043822046, 38.76469657359585], [141.4524197504574, 38.76472437584623], [141.45231198074765, 38.7647341996868], [141.45224301473908, 38.764743006251386], [141.45215677789227, 38.76475738163266], [141.4520632062661, 38.76481782226392], [141.451991220501, 38.76486484241362], [141.4518906824943, 38.76490810827263], [141.45186187266336, 38.76493301630536], [141.45178661923927, 38.76493664512552], [141.45171538232475, 38.76494007967543], [141.45172535033188, 38.76495123310938], [141.45176993390004, 38.7650011146361], [141.4517777945605, 38.76501861337547], [141.45215160138554, 38.76506195859364], [141.45226290269488, 38.76501080227313], [141.45235410596194, 38.76495485145187], [141.45243683234864, 38.76492597216945], [141.45252798342062, 38.764862679233396], [141.4525596764993, 38.7648404214954], [141.45257006913292, 38.76482467292551], [141.45271377271771, 38.76471492176425], [141.45283980617967, 38.76459108407449], [141.45287589050986, 38.76457101015564], [141.45294941377497, 38.76454114327013], [141.45302753990592, 38.76454455784726], [141.45308865963273, 38.76455203547802], [141.45314159061004, 38.76457993464045], [141.4531731717035, 38.76459929846007], [141.4531975707364, 38.76462643000012], [141.45327658381032, 38.76474030686819], [141.45335659499028, 38.76486976378574], [141.45336223606947, 38.76489002190763], [141.45337252586623, 38.76490096718947], [141.45338937518724, 38.76490998940502], [141.453480429796, 38.76495874536019], [141.45357165290298, 38.764986278980224], [141.45360019684614, 38.76498309150053], [141.45362758635778, 38.7649914325262], [141.45369033340435, 38.76499543277661], [141.453754957659, 38.76498765740269], [141.45378950822018, 38.764994439674204]]]}, "properties": {"KEYCODE": "000205@B073@02@0019@0000@0000@0000", "小班": "19", "小班面積": 0.85, "林種": "人工林", "中樹種": "スギ", "林齢": 9, "齢級": 2, "所有形態": "共有", "ADDDATE": "2022-09-29", "ADDTENANT": "04000F", "ADDUSER": "pasco01", "EDITDATE": null, "EDITTENANT": "", "EDITUSER": ""}}, {"type": "Feature", "geometry": {"type": "Polygon", "coordinates": [[[141.45183039475484, 38.76488412941185], [141.4520304368689, 38.76470387455895], [141.45228799214533, 38.764627746001985], [141.45259040722627, 38.76451646970428], [141.4527721146929, 38.76433591432954], [141.45283008530015, 38.76437445346656], [141.45263478608453, 38.7645480900414], [141.45235892235277, 38.76464798271963], [141.45208828241164, 38.76473727064036], [141.4518906824943, 38.76490810827263], [141.451991220501, 38.76486484241362], [141.4520632062661, 38.76481782226392], [141.45215677789227, 38.76475738163266], [141.45224301473908, 38.764743006251386], [141.45231198074765, 38.7647341996868], [141.4524197504574, 38.76472437584623], [141.45253043822046, 38.76469657359585], [141.4525937385921, 38.764668643953605], [141.45265139422986, 38.76460923194697], [141.45269470937188, 38.76454415633443], [141.45273660467205, 38.76447457567047], [141.45281432986798, 38.764428704807], [141.45288773796688, 38.76438393784478], [141.4529582218917, 38.764353780761866], [141.45305456496177, 38.76432256761765], [141.45313084606113, 38.76428006452154], [141.4531842219259, 38.764211648024855], [141.45323765642934, 38.76412860974219], [141.45330998729685, 38.76398043592607], [141.45334029639926, 38.76393780717636], [141.45339933876593, 38.763896369212326], [141.45346840693642, 38.763859462654494], [141.45376724270417, 38.76384116517969], [141.45387069808402, 38.763829073743864], [141.45393249535456, 38.76382025023204], [141.45394688451734, 38.763815741446834], [141.45399289203894, 38.763801308117586], [141.45402883019563, 38.76379353177177], [141.45404403095466, 38.76379584110711], [141.45405897131675, 38.76379811038252], [141.454073487074, 38.76380316746401], [141.4541088020072, 38.76377605408952], [141.45409383382852, 38.76375769236382], [141.4540783066398, 38.763740284044395], [141.4540446620172, 38.763722586360764], [141.45400042698094, 38.76371209527388], [141.45395329196052, 38.76371830405872], [141.45388330352705, 38.76372225130951], [141.45383773089705, 38.76373322016517], [141.45379673419308, 38.76374535478736], [141.45375709806777, 38.763738413927236], [141.45370536527014, 38.76374107228554], [141.45367812050122, 38.76375909416258], [141.4536493523056, 38.763777124118675], [141.45358990728988, 38.763767905478744], [141.45354260367915, 38.7637550467471], [141.45346193070293, 38.76375547480856], [141.45340871687145, 38.76376290750467], [141.45334341890091, 38.76378113028164], [141.45328104151065, 38.76380323478258], [141.4532494751917, 38.76383168566708], [141.4532010033726, 38.76385935504254], [141.4531631461091, 38.76388219879328], [141.45313221262532, 38.76389110327512], [141.45308722074668, 38.76390405432115], [141.45303556110713, 38.763915054240194], [141.45295392860194, 38.763926827447094], [141.45286195844037, 38.76394325624099], [141.45267660779626, 38.76396073477862], [141.45259966706172, 38.76396805139638], [141.45254965057148, 38.76397280733246], [141.45228578624636, 38.76399789660047], [141.45204439410583, 38.764023092438485], [141.45186762142527, 38.76405071425604], [141.45171814857383, 38.76407503555051], [141.45163195291417, 38.76407930323679], [141.45156585745016, 38.76408586901623], [141.45152563462304, 38.76408800967649], [141.4514853801931, 38.764096890051086], [141.45148360226617, 38.76409794088369], [141.4514493979281, 38.76411814226843], [141.45140769377466, 38.764132641929606], [141.4511957571909, 38.76418201599744], [141.45100231363082, 38.76422708209083], [141.45094036392248, 38.76424193181697], [141.4509501966245, 38.764413336415544], [141.4509612939127, 38.76460675659003], [141.45101098089464, 38.76471759991615], [141.45097540567573, 38.76479012220609], [141.4509526876631, 38.76483642910286], [141.450943420837, 38.76485453912061], [141.4508955068491, 38.76494817138309], [141.45088840907457, 38.76501781167026], [141.45103823454065, 38.76503319090432], [141.45111252986348, 38.7650106462316], [141.45112711691968, 38.76500621962912], [141.45122864899267, 38.764975410284954], [141.45137681368436, 38.76492793013833], [141.45143980295546, 38.76490774501642], [141.45154972165543, 38.7649038204525], [141.45162667301187, 38.7649010719814], [141.45183039475484, 38.76488412941185]]]}, "properties": {"KEYCODE": "000205@B073@02@0020@0000@0000@0000", "小班": "20", "小班面積": 1.58, "林種": "人工林", "中樹種": "スギ", "林齢": 9, "齢級": 2, "所有形態": "共有", "ADDDATE": "2022-09-29", "ADDTENANT": "04000F", "ADDUSER": "pasco01", "EDITDATE": null, "EDITTENANT": "", "EDITUSER": ""}}, {"type": "Feature", "geometry": {"type": "Polygon", "coordinates": [[[141.45094036392248, 38.76424193181697], [141.45067311140963, 38.76430599255482], [141.450644366283, 38.76431265781906], [141.4506399874505, 38.7643306266834], [141.4506534226509, 38.76441047280799], [141.4509501966245, 38.764413336415544], [141.45094036392248, 38.76424193181697]]]}, "properties": {"KEYCODE": "000205@B073@02@0020@0001@0000@0000", "小班": "20-1", "小班面積": 0.04, "林種": "人工林", "中樹種": "スギ", "林齢": 9, "齢級": 2, "所有形態": "共有", "ADDDATE": "2022-09-29", "ADDTENANT": "04000F", "ADDUSER": "pasco01", "EDITDATE": null, "EDITTENANT": "", "EDITUSER": ""}}, {"type": "Feature", "geometry": {"type": "Polygon", "coordinates": [[[141.4506534226509, 38.76441047280799], [141.4506399874505, 38.7643306266834], [141.450644366283, 38.76431265781906], [141.45067311140963, 38.76430599255482], [141.45094036392248, 38.76424193181697], [141.45093586272128, 38.76416347363372], [141.45093582220736, 38.76416277836044], [141.4507736541799, 38.76420374371648], [141.45055841338683, 38.764220131766685], [141.4503218300011, 38.76423427355776], [141.45026145327392, 38.76429310419905], [141.45015666466622, 38.76442380440376], [141.4503130755617, 38.764417712230376], [141.4504012696024, 38.76441428270285], [141.4504254466559, 38.76448403622094], [141.45044399697497, 38.764518928859154], [141.4504684094825, 38.76452236748458], [141.45066533161852, 38.76448131808756], [141.4506534226509, 38.76441047280799]]]}, "properties": {"KEYCODE": "000205@B073@02@0021@0000@0000@0000", "小班": "21", "小班面積": 0.12, "林種": "人工林", "中樹種": "スギ", "林齢": 72, "齢級": 15, "所有形態": "共有", "ADDDATE": "2022-09-29", "ADDTENANT": "04000F", "ADDUSER": "pasco01", "EDITDATE": null, "EDITTENANT": "", "EDITUSER": ""}}, {"type": "Feature", "geometry": {"type": "Polygon", "coordinates": [[[141.45093586272128, 38.76416347363372], [141.45093910782418, 38.76412305335267], [141.45095001884806, 38.76398708105995], [141.45095449196643, 38.76393134185317], [141.45095143648723, 38.763910600582534], [141.45093123253199, 38.76377345668316], [141.45091506558092, 38.763663722659985], [141.4509123062174, 38.76366371471815], [141.4506811123029, 38.76364622551577], [141.45037285307222, 38.763631313881916], [141.45037099087716, 38.76362992913454], [141.45035087080785, 38.76363545961516], [141.45023998815606, 38.763644279970244], [141.45009475846237, 38.76362533765136], [141.45006731996892, 38.763621758158855], [141.45004020039255, 38.763627289484745], [141.45006483109324, 38.76375636433499], [141.45009555096058, 38.76385346326977], [141.45009674079944, 38.763855607416595], [141.45015617484722, 38.76396262856256], [141.45019791108191, 38.76406837012687], [141.45014225880146, 38.76420134788469], [141.45022140167382, 38.764215858844665], [141.4503218300011, 38.76423427355776], [141.45055841338683, 38.764220131766685], [141.4507736541799, 38.76420374371648], [141.45093582220736, 38.76416277836044], [141.45093586272128, 38.76416347363372]]]}, "properties": {"KEYCODE": "000205@B073@02@0023@0000@0000@0000", "小班": "23", "小班面積": 0.45, "林種": "人工林", "中樹種": "スギ", "林齢": 84, "齢級": 17, "所有形態": "共有", "ADDDATE": "2022-09-29", "ADDTENANT": "04000F", "ADDUSER": "pasco01", "EDITDATE": null, "EDITTENANT": "", "EDITUSER": ""}}, {"type": "Feature", "geometry": {"type": "Polygon", "coordinates": [[[141.45259966706172, 38.76396805139638], [141.45259239141765, 38.76380764316855], [141.45260262587354, 38.763754842709915], [141.4525896942118, 38.7637481320264], [141.45244932901082, 38.76367529631784], [141.4523769255513, 38.76363772531112], [141.4523009109889, 38.76364885479988], [141.45220368769503, 38.76367201352047], [141.45206227075548, 38.763689446731036], [141.45190019925116, 38.76367089130575], [141.4518684368563, 38.76381130011546], [141.451834893193, 38.76395958311307], [141.45181615217624, 38.76397863702081], [141.4517917567259, 38.763971828355], [141.4517358030445, 38.763953693103815], [141.45166263364695, 38.76392989131429], [141.45157655577697, 38.76389818578149], [141.45146609539438, 38.76385742005711], [141.4513929316436, 38.76383024963857], [141.45133416555493, 38.76379299415306], [141.451302639419, 38.763770431379626], [141.45126042295445, 38.763735918950104], [141.45117987283763, 38.76371536845296], [141.45108498719517, 38.763727312214385], [141.451038812754, 38.76373899756683], [141.4509844119005, 38.7637502498035], [141.45093123253199, 38.76377345668316], [141.45095143648723, 38.763910600582534], [141.45095449196643, 38.76393134185317], [141.45095001884806, 38.76398708105995], [141.45093910782418, 38.76412305335267], [141.45093586272128, 38.76416347363372], [141.45094036392248, 38.76424193181697], [141.45100231363082, 38.76422708209083], [141.4511957571909, 38.76418201599744], [141.45140769377466, 38.764132641929606], [141.4514493979281, 38.76411814226843], [141.45148360226617, 38.76409794088369], [141.4514853801931, 38.764096890051086], [141.45152563462304, 38.76408800967649], [141.45156585745016, 38.76408586901623], [141.45163195291417, 38.76407930323679], [141.45171814857383, 38.76407503555051], [141.45186762142527, 38.76405071425604], [141.45204439410583, 38.764023092438485], [141.45228578624636, 38.76399789660047], [141.45254965057148, 38.76397280733246], [141.45259966706172, 38.76396805139638]]]}, "properties": {"KEYCODE": "000205@B073@02@0024@0000@0000@0000", "小班": "24", "小班面積": 0.5, "林種": "天然林", "中樹種": "その他L", "林齢": 61, "齢級": 13, "所有形態": "共有", "ADDDATE": "2022-09-29", "ADDTENANT": "04000F", "ADDUSER": "pasco01", "EDITDATE": null, "EDITTENANT": "", "EDITUSER": ""}}, {"type": "Feature", "geometry": {"type": "Polygon", "coordinates": [[[141.45190019925116, 38.76367089130575], [141.45189313408193, 38.763670081860404], [141.45173619844624, 38.76365303504463], [141.4516095606426, 38.763619142355985], [141.45159228000014, 38.76368368257106], [141.45157287639492, 38.76370915879013], [141.45151639819352, 38.76372662038889], [141.45145249362528, 38.76372981869871], [141.4513935124291, 38.763722442412146], [141.45136742120042, 38.763731260461476], [141.45136254230133, 38.76373378623136], [141.45132424204854, 38.76375362455854], [141.451302639419, 38.763770431379626], [141.45133416555493, 38.76379299415306], [141.4513929316436, 38.76383024963857], [141.45146609539438, 38.76385742005711], [141.45157655577697, 38.76389818578149], [141.45166263364695, 38.76392989131429], [141.4517358030445, 38.763953693103815], [141.4517917567259, 38.763971828355], [141.45181615217624, 38.76397863702081], [141.451834893193, 38.76395958311307], [141.4518684368563, 38.76381130011546], [141.45190019925116, 38.76367089130575]]]}, "properties": {"KEYCODE": "000205@B073@02@0025@0000@0000@0000", "小班": "25", "小班面積": 0.12, "林種": "天然林", "中樹種": "その他L", "林齢": 108, "齢級": 22, "所有形態": "共有", "ADDDATE": "2022-09-29", "ADDTENANT": "04000F", "ADDUSER": "pasco01", "EDITDATE": null, "EDITTENANT": "", "EDITUSER": ""}}, {"type": "Feature", "geometry": {"type": "Polygon", "coordinates": [[[141.4523769255513, 38.76363772531112], [141.45243476036788, 38.76333054235148], [141.45237286939883, 38.76331810725485], [141.452281860006, 38.76330049395973], [141.45226090714263, 38.76329643919973], [141.4521862578016, 38.76328387967545], [141.45213889973175, 38.763272509833264], [141.45210445221505, 38.76326342204544], [141.4520439874287, 38.7633025984479], [141.4520036442953, 38.76333845843812], [141.45196040766402, 38.76338329939158], [141.45192281646015, 38.76345176783412], [141.4516097110967, 38.763444173313225], [141.45160060658938, 38.763469452715114], [141.45157147032603, 38.76355035185051], [141.4516095606426, 38.763619142355985], [141.45173619844624, 38.76365303504463], [141.45189313408193, 38.763670081860404], [141.45190019925116, 38.76367089130575], [141.45206227075548, 38.763689446731036], [141.45220368769503, 38.76367201352047], [141.4523009109889, 38.76364885479988], [141.4523769255513, 38.76363772531112]]]}, "properties": {"KEYCODE": "000205@B073@02@0027@0000@0000@0000", "小班": "27", "小班面積": 0.24, "林種": "人工林", "中樹種": "マツ類", "林齢": 63, "齢級": 13, "所有形態": "共有", "ADDDATE": "2022-09-29", "ADDTENANT": "04000F", "ADDUSER": "pasco01", "EDITDATE": null, "EDITTENANT": "", "EDITUSER": ""}}, {"type": "Feature", "geometry": {"type": "Polygon", "coordinates": [[[141.451302639419, 38.763770431379626], [141.45132424204854, 38.76375362455854], [141.45136254230133, 38.76373378623136], [141.45136742120042, 38.763731260461476], [141.4513935124291, 38.763722442412146], [141.45145249362528, 38.76372981869871], [141.45151639819352, 38.76372662038889], [141.45157287639492, 38.76370915879013], [141.45159228000014, 38.76368368257106], [141.4516095606426, 38.763619142355985], [141.45157147032603, 38.76355035185051], [141.4515306589444, 38.76350558535651], [141.45160448566568, 38.76342707412599], [141.45169293767788, 38.763333296458164], [141.4518154697895, 38.76327925504364], [141.4519232856495, 38.76321385098016], [141.45201324178717, 38.7631497584596], [141.45210445221505, 38.76326342204544], [141.45225901318375, 38.76311556122577], [141.4522986731045, 38.76307563364065], [141.45232315438878, 38.76305098715513], [141.4523499171299, 38.763024044823815], [141.4523719195652, 38.763001893409964], [141.45239843015855, 38.76297520375136], [141.45213408700423, 38.76299292862463], [141.4518984868371, 38.76300996025072], [141.4517560744483, 38.762946985766824], [141.45168621746174, 38.762916095368375], [141.4516789490843, 38.762912130264226], [141.4516116631901, 38.762875427185755], [141.45153860262664, 38.76281903231535], [141.4513821271098, 38.76277946752423], [141.45139622995939, 38.76283167523335], [141.45138236736847, 38.7628557383546], [141.4513573970026, 38.76289908341317], [141.45127700210097, 38.763038636629226], [141.45125358716726, 38.763091305766295], [141.45119638047902, 38.763219983298605], [141.45115889992775, 38.76330429397524], [141.45114271594406, 38.76332684953533], [141.45099007860787, 38.76353959796723], [141.45093238598648, 38.76355059910998], [141.45067447547967, 38.76359977912566], [141.45066897605923, 38.76359933250291], [141.45045444041213, 38.76358195846421], [141.4504635980586, 38.76360447741841], [141.45037099087716, 38.76362992913454], [141.45037285307222, 38.763631313881916], [141.4506811123029, 38.76364622551577], [141.4509123062174, 38.76366371471815], [141.45091506558092, 38.763663722659985], [141.45093123253199, 38.76377345668316], [141.4509844119005, 38.7637502498035], [141.451038812754, 38.76373899756683], [141.45108498719517, 38.763727312214385], [141.45117987283763, 38.76371536845296], [141.45126042295445, 38.763735918950104], [141.451302639419, 38.763770431379626]]]}, "properties": {"KEYCODE": "000205@B073@02@0028@0000@0000@0000", "小班": "28", "小班面積": 0.61, "林種": "伐採跡地", "中樹種": "", "林齢": null, "齢級": null, "所有形態": "共有", "ADDDATE": "2022-09-29", "ADDTENANT": "04000F", "ADDUSER": "pasco01", "EDITDATE": null, "EDITTENANT": "", "EDITUSER": ""}}, {"type": "Feature", "geometry": {"type": "Polygon", "coordinates": [[[141.45210445221505, 38.76326342204544], [141.45201324178717, 38.7631497584596], [141.4519232856495, 38.76321385098016], [141.4518154697895, 38.76327925504364], [141.45169293767788, 38.763333296458164], [141.45160448566568, 38.76342707412599], [141.4515306589444, 38.76350558535651], [141.45157147032603, 38.76355035185051], [141.45160060658938, 38.763469452715114], [141.4516097110967, 38.763444173313225], [141.45192281646015, 38.76345176783412], [141.45196040766402, 38.76338329939158], [141.4520036442953, 38.76333845843812], [141.4520439874287, 38.7633025984479], [141.45210445221505, 38.76326342204544]]]}, "properties": {"KEYCODE": "000205@B073@02@0029@0000@0000@0000", "小班": "29", "小班面積": 0.08, "林種": "人工林", "中樹種": "スギ", "林齢": 66, "齢級": 14, "所有形態": "共有", "ADDDATE": "2022-09-29", "ADDTENANT": "04000F", "ADDUSER": "pasco01", "EDITDATE": null, "EDITTENANT": "", "EDITUSER": ""}}, {"type": "Feature", "geometry": {"type": "MultiPolygon", "coordinates": [[[[141.45239843015855, 38.76297520375136], [141.4525636396276, 38.76296412058635], [141.45269869881807, 38.76293164856423], [141.4527906557173, 38.76289240491715], [141.45287113020584, 38.762838529439286], [141.45289350679997, 38.762799394157106], [141.45290244165076, 38.76276121119629], [141.452905475323, 38.76274211515386], [141.45289422119905, 38.76271395081099], [141.45289370885283, 38.76265071100925], [141.45282166014155, 38.76238871753256], [141.45247432312, 38.762516279077715], [141.45233911025883, 38.76258668905884], [141.45211258176857, 38.762493375228836], [141.45199897499634, 38.76246419138347], [141.4517691981423, 38.76240516305718], [141.451618502396, 38.76236645086797], [141.45161338307693, 38.762390306506774], [141.45146429886867, 38.762380329411], [141.45113141059315, 38.762304811960895], [141.4509272269938, 38.76230338567661], [141.45076230188894, 38.762388846162864], [141.45073127407528, 38.76240492430128], [141.4506465970658, 38.76238931138735], [141.4505719212596, 38.762375541069936], [141.45054001631595, 38.76238397072338], [141.45038531748273, 38.762442040048576], [141.45038288011222, 38.76244614656372], [141.45035838172714, 38.7624874330889], [141.4503507679774, 38.7625171035777], [141.45043852306748, 38.76250199179294], [141.45060888366518, 38.762541579115364], [141.45074347914485, 38.76251002980684], [141.45107911451893, 38.76253456234623], [141.45136449523065, 38.7627141867313], [141.4513821271098, 38.76277946752423], [141.45153860262664, 38.76281903231535], [141.4516116631901, 38.762875427185755], [141.4516789490843, 38.762912130264226], [141.45168621746174, 38.762916095368375], [141.4517560744483, 38.762946985766824], [141.4518984868371, 38.76300996025072], [141.45213408700423, 38.76299292862463], [141.45239843015855, 38.76297520375136]], [[141.45239843015855, 38.76297520375136], [141.4525636396276, 38.76296412058635], [141.45269869881807, 38.76293164856423], [141.4527906557173, 38.76289240491715], [141.45287113020584, 38.762838529439286], [141.45289350679997, 38.762799394157106], [141.45290244165076, 38.76276121119629], [141.452905475323, 38.76274211515386], [141.45289422119905, 38.76271395081099], [141.45289370885283, 38.76265071100925], [141.45282166014155, 38.76238871753256], [141.45247432312, 38.762516279077715], [141.45233911025883, 38.76258668905884], [141.45211258176857, 38.762493375228836], [141.45199897499634, 38.76246419138347], [141.4517691981423, 38.76240516305718], [141.451618502396, 38.76236645086797], [141.45161338307693, 38.762390306506774], [141.45146429886867, 38.762380329411], [141.45113141059315, 38.762304811960895], [141.4509272269938, 38.76230338567661], [141.45076230188894, 38.762388846162864], [141.45073127407528, 38.76240492430128], [141.4506465970658, 38.76238931138735], [141.4505719212596, 38.762375541069936], [141.45054001631595, 38.76238397072338], [141.45038531748273, 38.762442040048576], [141.45038288011222, 38.76244614656372], [141.45035838172714, 38.7624874330889], [141.4503507679774, 38.7625171035777], [141.45043852306748, 38.76250199179294], [141.45060888366518, 38.762541579115364], [141.45074347914485, 38.76251002980684], [141.45107911451893, 38.76253456234623], [141.45136449523065, 38.7627141867313], [141.4513821271098, 38.76277946752423], [141.45153860262664, 38.76281903231535], [141.4516116631901, 38.762875427185755], [141.4516789490843, 38.762912130264226], [141.45168621746174, 38.762916095368375], [141.4517560744483, 38.762946985766824], [141.4518984868371, 38.76300996025072], [141.45213408700423, 38.76299292862463], [141.45239843015855, 38.76297520375136]]], [[[141.45137191273542, 38.76241730944861], [141.45137573824465, 38.762417664891224], [141.45153418346345, 38.762432361001736], [141.4516820595165, 38.7624529929271], [141.45175867914372, 38.76246997293308], [141.45181554812464, 38.76248257277024], [141.45187387018478, 38.76255952361513], [141.45180663093942, 38.76256685323029], [141.4516816659156, 38.76256764145089], [141.45155957886996, 38.7625661873133], [141.45142889674753, 38.76255796056184], [141.451331324904, 38.7625250985161], [141.45126369146453, 38.762484190812465], [141.45125106282276, 38.76247655135981], [141.45118524104663, 38.76239993714037], [141.45137191273542, 38.76241730944861]]]]}, "properties": {"KEYCODE": "000205@B073@02@0034@0000@0000@0000", "小班": "34", "小班面積": 0.83, "林種": "人工林", "中樹種": "スギ", "林齢": 66, "齢級": 14, "所有形態": "共有", "ADDDATE": "2022-09-29", "ADDTENANT": "04000F", "ADDUSER": "pasco01", "EDITDATE": null, "EDITTENANT": "", "EDITUSER": ""}}, {"type": "Feature", "geometry": {"type": "Polygon", "coordinates": [[[141.4503507679774, 38.7625171035777], [141.4503273015476, 38.76253806505883], [141.4502759176485, 38.76254721547743], [141.45012688989522, 38.76257375308129], [141.45012465129125, 38.76257689188641], [141.45016899376358, 38.76257742182992], [141.45029404187133, 38.76259282469449], [141.4505278773957, 38.76259519279028], [141.45068001053082, 38.762611775620556], [141.45092099677052, 38.76265358218772], [141.45115316534577, 38.762718947211674], [141.45136529203606, 38.7627752106498], [141.4513821271098, 38.76277946752423], [141.45136449523065, 38.7627141867313], [141.45107911451893, 38.76253456234623], [141.45074347914485, 38.76251002980684], [141.45060888366518, 38.762541579115364], [141.45043852306748, 38.76250199179294], [141.4503507679774, 38.7625171035777]]]}, "properties": {"KEYCODE": "000205@B073@02@0034@0001@0000@0000", "小班": "34-1", "小班面積": 0.12, "林種": "人工林", "中樹種": "スギ", "林齢": 66, "齢級": 14, "所有形態": "共有", "ADDDATE": "2022-09-29", "ADDTENANT": "04000F", "ADDUSER": "pasco01", "EDITDATE": null, "EDITTENANT": "", "EDITUSER": ""}}, {"type": "Feature", "geometry": {"type": "Polygon", "coordinates": [[[141.45137191273542, 38.76241730944861], [141.45118524104663, 38.76239993714037], [141.45125106282276, 38.76247655135981], [141.45126369146453, 38.762484190812465], [141.451331324904, 38.7625250985161], [141.45142889674753, 38.76255796056184], [141.45155957886996, 38.7625661873133], [141.4516816659156, 38.76256764145089], [141.45180663093942, 38.76256685323029], [141.45187387018478, 38.76255952361513], [141.45181554812464, 38.76248257277024], [141.45175867914372, 38.76246997293308], [141.4516820595165, 38.7624529929271], [141.45153418346345, 38.762432361001736], [141.45137573824465, 38.762417664891224], [141.45137191273542, 38.76241730944861]]]}, "properties": {"KEYCODE": "000205@B073@02@0035@0000@0000@0000", "小班": "35", "小班面積": 0.07, "林種": "人工林", "中樹種": "スギ", "林齢": 78, "齢級": 16, "所有形態": "共有", "ADDDATE": "2022-09-29", "ADDTENANT": "04000F", "ADDUSER": "pasco01", "EDITDATE": null, "EDITTENANT": "", "EDITUSER": ""}}, {"type": "Feature", "geometry": {"type": "Polygon", "coordinates": [[[141.4513821271098, 38.76277946752423], [141.45136529203606, 38.7627752106498], [141.45115316534577, 38.762718947211674], [141.45092099677052, 38.76265358218772], [141.45068001053082, 38.762611775620556], [141.4505278773957, 38.76259519279028], [141.45029404187133, 38.76259282469449], [141.4503542291589, 38.76262586605294], [141.45041305146177, 38.76264737507826], [141.45045612666107, 38.76265199353902], [141.450490647588, 38.76263746908334], [141.45050547946158, 38.76263626825563], [141.4505308818755, 38.76263421161614], [141.4505839751597, 38.76264784098815], [141.45063128177603, 38.76267495029504], [141.45068148568373, 38.76269644164026], [141.45071761399922, 38.762707416445245], [141.4507187965133, 38.76270777596045], [141.45076756213723, 38.762729264956064], [141.4508206258651, 38.76275413749122], [141.4509241793097, 38.7627966610372], [141.4509253271206, 38.76279713244415], [141.45096130160474, 38.76278037496937], [141.45103736984575, 38.7627974412424], [141.45109189627337, 38.76281444925625], [141.45117799728956, 38.762839408264256], [141.45126695999622, 38.76286663043121], [141.4513573970026, 38.76289908341317], [141.45138236736847, 38.7628557383546], [141.45139622995939, 38.76283167523335], [141.4513821271098, 38.76277946752423]]]}, "properties": {"KEYCODE": "000205@B073@02@0036@0000@0000@0000", "小班": "36", "小班面積": 0.1, "林種": "人工林", "中樹種": "スギ", "林齢": 45, "齢級": 9, "所有形態": "個人", "ADDDATE": "2022-09-29", "ADDTENANT": "04000F", "ADDUSER": "pasco01", "EDITDATE": null, "EDITTENANT": "", "EDITUSER": ""}}, {"type": "Feature", "geometry": {"type": "Polygon", "coordinates": [[[141.45114271594406, 38.76332684953533], [141.45115889992775, 38.76330429397524], [141.45119638047902, 38.763219983298605], [141.45125358716726, 38.763091305766295], [141.45127700210097, 38.763038636629226], [141.4513573970026, 38.76289908341317], [141.45126695999622, 38.76286663043121], [141.45117799728956, 38.762839408264256], [141.45109189627337, 38.76281444925625], [141.45103736984575, 38.7627974412424], [141.45096130160474, 38.76278037496937], [141.4509253271206, 38.76279713244415], [141.45091940546277, 38.76284994601462], [141.45091200358766, 38.76291511951676], [141.45090311917107, 38.76299265116047], [141.45081564993887, 38.76294633095516], [141.45075969844555, 38.76292819431797], [141.4506936664876, 38.762916778391364], [141.45058454520802, 38.76290299452983], [141.45050124033247, 38.7628993993551], [141.45046102585513, 38.76289816126355], [141.4504222674466, 38.76289243804412], [141.45038355874837, 38.762870975990126], [141.45034293489098, 38.762911184591594], [141.4503359923372, 38.762918055397876], [141.45032584072126, 38.76294725279946], [141.45034296736912, 38.762979890843205], [141.45037731684167, 38.76301370911658], [141.45041029884064, 38.76303290413597], [141.45044471070983, 38.76305098259997], [141.4504791195696, 38.76307017907487], [141.45051205322753, 38.763097247203355], [141.45053064271414, 38.76312203163774], [141.45054693044528, 38.763150903853166], [141.45054778462182, 38.763152418243955], [141.45056770458459, 38.7632075547575], [141.45061487737632, 38.763390301725124], [141.45072077418337, 38.76338780457703], [141.45079838921055, 38.76337452984726], [141.45086308447688, 38.76335897200436], [141.4509421662824, 38.76333445532437], [141.450951755156, 38.763332902869834], [141.45102408363996, 38.763321193745995], [141.4511073927056, 38.76332254620759], [141.45114271594406, 38.76332684953533]]]}, "properties": {"KEYCODE": "000205@B073@02@0037@0000@0000@0000", "小班": "37", "小班面積": 0.35, "林種": "天然林", "中樹種": "その他L", "林齢": 81, "齢級": 17, "所有形態": "個人", "ADDDATE": "2022-09-29", "ADDTENANT": "04000F", "ADDUSER": "pasco01", "EDITDATE": null, "EDITTENANT": "", "EDITUSER": ""}}, {"type": "Feature", "geometry": {"type": "Polygon", "coordinates": [[[141.45114271594406, 38.76332684953533], [141.4511073927056, 38.76332254620759], [141.45102408363996, 38.763321193745995], [141.450951755156, 38.763332902869834], [141.4509421662824, 38.76333445532437], [141.45086308447688, 38.76335897200436], [141.45079838921055, 38.76337452984726], [141.45072077418337, 38.76338780457703], [141.45061487737632, 38.763390301725124], [141.45066897605923, 38.76359933250291], [141.45067447547967, 38.76359977912566], [141.45093238598648, 38.76355059910998], [141.45099007860787, 38.76353959796723], [141.45114271594406, 38.76332684953533]]]}, "properties": {"KEYCODE": "000205@B073@02@0038@0000@0000@0000", "小班": "38", "小班面積": 0.09, "林種": "人工林", "中樹種": "スギ", "林齢": 108, "齢級": 22, "所有形態": "個人", "ADDDATE": "2022-09-29", "ADDTENANT": "04000F", "ADDUSER": "pasco01", "EDITDATE": null, "EDITTENANT": "", "EDITUSER": ""}}, {"type": "Feature", "geometry": {"type": "Polygon", "coordinates": [[[141.45045444041213, 38.76358195846421], [141.45066897605923, 38.76359933250291], [141.45061487737632, 38.763390301725124], [141.45057569006647, 38.7633907888598], [141.45048093904018, 38.76337704612918], [141.4504177899496, 38.763362253603695], [141.45035322514292, 38.763340730757264], [141.45027576006345, 38.76331129317855], [141.45020547875845, 38.76328187258747], [141.4501452758796, 38.76324574028419], [141.45000974044578, 38.76340275638946], [141.4500136439635, 38.76340481685075], [141.450070024773, 38.763434574867645], [141.45006171249884, 38.76360114023784], [141.45009457382778, 38.76360389022405], [141.45024531819612, 38.763616503508196], [141.45034715413865, 38.763612209234026], [141.45034986181827, 38.763612094940946], [141.45035104886975, 38.76361204453066], [141.45045444041213, 38.76358195846421]]]}, "properties": {"KEYCODE": "000205@B073@02@0039@0000@0000@0000", "小班": "39", "小班面積": 0.16, "林種": "人工林", "中樹種": "スギ", "林齢": 68, "齢級": 14, "所有形態": "個人", "ADDDATE": "2022-09-29", "ADDTENANT": "04000F", "ADDUSER": "pasco01", "EDITDATE": null, "EDITTENANT": "", "EDITUSER": ""}}, {"type": "Feature", "geometry": {"type": "Polygon", "coordinates": [[[141.45061487737632, 38.763390301725124], [141.45056770458459, 38.7632075547575], [141.45054778462182, 38.763152418243955], [141.45054693044528, 38.763150903853166], [141.45053064271414, 38.76312203163774], [141.45051205322753, 38.763097247203355], [141.4504791195696, 38.76307017907487], [141.45044471070983, 38.76305098259997], [141.45041029884064, 38.76303290413597], [141.45037731684167, 38.76301370911658], [141.45034296736912, 38.762979890843205], [141.45032584072126, 38.76294725279946], [141.4503359923372, 38.762918055397876], [141.45034293489098, 38.762911184591594], [141.45038355874837, 38.762870975990126], [141.4503520376, 38.76284503548932], [141.45032508890463, 38.76274717976897], [141.45030207921718, 38.76263278541739], [141.45029404187133, 38.76259282469449], [141.45016899376358, 38.76257742182992], [141.45012465129125, 38.76257689188641], [141.45008619672873, 38.762630769878626], [141.45002730569414, 38.76271328689721], [141.44997204389225, 38.762781523638886], [141.449981671028, 38.762779208908604], [141.4499850778463, 38.76288693205062], [141.44998766136592, 38.7629686508219], [141.44999656554242, 38.76299463417662], [141.4499718105716, 38.76305161098199], [141.4498996290284, 38.76307583745569], [141.44990129141047, 38.76311631380937], [141.44990296414488, 38.76313285614744], [141.44990475605286, 38.763200683756864], [141.44990548639197, 38.763218428349695], [141.44990261929308, 38.7632596493093], [141.44990204091494, 38.76327560713268], [141.44998426589092, 38.7633801550212], [141.44999402172184, 38.763391980890106], [141.45000883998867, 38.7634022809658], [141.45000974044578, 38.76340275638946], [141.4501452758796, 38.76324574028419], [141.45020547875845, 38.76328187258747], [141.45027576006345, 38.76331129317855], [141.45035322514292, 38.763340730757264], [141.4504177899496, 38.763362253603695], [141.45048093904018, 38.76337704612918], [141.45057569006647, 38.7633907888598], [141.45061487737632, 38.763390301725124]]]}, "properties": {"KEYCODE": "000205@B073@02@0040@0000@0000@0000", "小班": "40", "小班面積": 0.33, "林種": "天然林", "中樹種": "その他L", "林齢": 67, "齢級": 14, "所有形態": "個人", "ADDDATE": "2022-09-29", "ADDTENANT": "04000F", "ADDUSER": "pasco01", "EDITDATE": null, "EDITTENANT": "", "EDITUSER": ""}}, {"type": "Feature", "geometry": {"type": "Polygon", "coordinates": [[[141.4509253271206, 38.76279713244415], [141.4509241793097, 38.7627966610372], [141.4508206258651, 38.76275413749122], [141.45076756213723, 38.762729264956064], [141.4507187965133, 38.76270777596045], [141.45071761399922, 38.762707416445245], [141.45068148568373, 38.76269644164026], [141.45063128177603, 38.76267495029504], [141.4505839751597, 38.76264784098815], [141.4505308818755, 38.76263421161614], [141.45050547946158, 38.76263626825563], [141.450490647588, 38.76263746908334], [141.45045612666107, 38.76265199353902], [141.45041305146177, 38.76264737507826], [141.4503542291589, 38.76262586605294], [141.45029404187133, 38.76259282469449], [141.45030207921718, 38.76263278541739], [141.45032508890463, 38.76274717976897], [141.4503520376, 38.76284503548932], [141.45038355874837, 38.762870975990126], [141.4504222674466, 38.76289243804412], [141.45046102585513, 38.76289816126355], [141.45050124033247, 38.7628993993551], [141.45058454520802, 38.76290299452983], [141.4506936664876, 38.762916778391364], [141.45075969844555, 38.76292819431797], [141.45081564993887, 38.76294633095516], [141.45090311917107, 38.76299265116047], [141.45091200358766, 38.76291511951676], [141.45091940546277, 38.76284994601462], [141.4509253271206, 38.76279713244415]]]}, "properties": {"KEYCODE": "000205@B073@02@0040@0001@0000@0000", "小班": "40-1", "小班面積": 0.14, "林種": "人工林", "中樹種": "スギ", "林齢": 46, "齢級": 10, "所有形態": "個人", "ADDDATE": "2022-09-29", "ADDTENANT": "04000F", "ADDUSER": "pasco01", "EDITDATE": null, "EDITTENANT": "", "EDITUSER": ""}}, {"type": "Feature", "geometry": {"type": "Polygon", "coordinates": [[[141.44997204389225, 38.762781523638886], [141.4498889989383, 38.762884059682825], [141.44988794463785, 38.762885361626076], [141.44988767481394, 38.76288569637897], [141.44989126950387, 38.76289987545288], [141.44989176461553, 38.76290004761383], [141.44989775447488, 38.76290213581164], [141.44995129728196, 38.76292079187043], [141.44998141049035, 38.76295040833418], [141.44998766136592, 38.7629686508219], [141.4499850778463, 38.76288693205062], [141.449981671028, 38.762779208908604], [141.44997204389225, 38.762781523638886]]]}, "properties": {"KEYCODE": "000205@B073@02@0041@0000@0000@0000", "小班": "41", "小班面積": 0.01, "林種": "人工林", "中樹種": "スギ", "林齢": 88, "齢級": 18, "所有形態": "個人", "ADDDATE": "2022-09-29", "ADDTENANT": "04000F", "ADDUSER": "pasco01", "EDITDATE": null, "EDITTENANT": "", "EDITUSER": ""}}, {"type": "Feature", "geometry": {"type": "Polygon", "coordinates": [[[141.45032099825448, 38.7624862160386], [141.45034301643562, 38.7624482020369], [141.45023870837286, 38.76245357870902], [141.45018010687892, 38.76245822669167], [141.4501388993065, 38.762466438667765], [141.45013481041954, 38.762461819757974], [141.45002482507454, 38.76247054327922], [141.44998367218312, 38.76249660876407], [141.44993616098262, 38.762557993865045], [141.44992372306268, 38.76256848999398], [141.45000568543745, 38.7625748421834], [141.45003435200184, 38.76255738572111], [141.45007670365618, 38.76254492815316], [141.4501320240577, 38.76254327588201], [141.4502640151803, 38.762517262427856], [141.45029589727326, 38.76251097889193], [141.45032099825448, 38.7624862160386]]]}, "properties": {"KEYCODE": "000205@B073@02@0042@0000@0000@0000", "小班": "42", "小班面積": 0.03, "林種": "天然林", "中樹種": "その他L", "林齢": 50, "齢級": 10, "所有形態": "個人", "ADDDATE": "2022-09-29", "ADDTENANT": "04000F", "ADDUSER": "pasco01", "EDITDATE": null, "EDITTENANT": "", "EDITUSER": ""}}, {"type": "Feature", "geometry": {"type": "Polygon", "coordinates": [[[141.45005746388136, 38.762061850447076], [141.45004745785803, 38.76202481447233], [141.45002892231608, 38.761982047890605], [141.45003339662634, 38.76193372842861], [141.45004077608576, 38.761876428873045], [141.45004810271223, 38.76183598526209], [141.45004253050485, 38.76178201616986], [141.45002996557994, 38.76174779456309], [141.4500297252009, 38.76174713818109], [141.45000543395872, 38.761712222595484], [141.4499969578555, 38.76166724079283], [141.45001007243923, 38.76161332625479], [141.45000016699464, 38.76157058620228], [141.44997083284767, 38.761513905566105], [141.44999747980643, 38.761497403899604], [141.45000450675275, 38.761446741263185], [141.44988482726083, 38.761509429610115], [141.449787986673, 38.761550345367574], [141.44968537674478, 38.7615806987943], [141.4497167882169, 38.76162581642372], [141.44973745252472, 38.761621548032444], [141.44978324574944, 38.7617348638072], [141.44982529858106, 38.76191506340578], [141.44983687961172, 38.761961851343784], [141.44985916443858, 38.76205189314346], [141.44988135051102, 38.762139143597835], [141.4499884444521, 38.76221445253905], [141.45003153484268, 38.76215389523537], [141.45007298525363, 38.76211817241573], [141.45006447720934, 38.762087804138915], [141.45005746388136, 38.762061850447076]]]}, "properties": {"KEYCODE": "000205@B073@02@0043@0000@0000@0000", "小班": "43", "小班面積": 0.15, "林種": "天然林", "中樹種": "クヌギ", "林齢": 61, "齢級": 13, "所有形態": "個人", "ADDDATE": "2022-09-29", "ADDTENANT": "04000F", "ADDUSER": "pasco01", "EDITDATE": null, "EDITTENANT": "", "EDITUSER": ""}}, {"type": "Feature", "geometry": {"type": "Polygon", "coordinates": [[[141.4503104841097, 38.762253904800524], [141.45045508888143, 38.76211471320998], [141.4506137276566, 38.76193080728321], [141.45073634760837, 38.761773774892774], [141.45086907336923, 38.7616089052808], [141.4510208937486, 38.76137549392921], [141.45094790232238, 38.7613762760438], [141.45066094127236, 38.761565636792696], [141.45037005410728, 38.76177840378659], [141.45005746388136, 38.762061850447076], [141.45006447720934, 38.762087804138915], [141.45007298525363, 38.76211817241573], [141.45003153484268, 38.76215389523537], [141.4499884444521, 38.76221445253905], [141.45008304742103, 38.762264920367635], [141.45008519978524, 38.76226606665458], [141.45015234444236, 38.762258721412046], [141.45017786015728, 38.762257944417335], [141.45022028012767, 38.7622566520765], [141.4503104841097, 38.762253904800524]]]}, "properties": {"KEYCODE": "000205@B073@02@0044@0000@0000@0000", "小班": "44", "小班面積": 0.28, "林種": "天然林", "中樹種": "その他L", "林齢": 61, "齢級": 13, "所有形態": "個人", "ADDDATE": "2022-09-29", "ADDTENANT": "04000F", "ADDUSER": "pasco01", "EDITDATE": null, "EDITTENANT": "", "EDITUSER": ""}}, {"type": "Feature", "geometry": {"type": "Polygon", "coordinates": [[[141.45094790232238, 38.7613762760438], [141.45091102463272, 38.761376670904085], [141.45082109255108, 38.761404695300214], [141.45071716620183, 38.761397838984166], [141.4505610825694, 38.761420582020136], [141.45036316450478, 38.761375213135615], [141.45019697274293, 38.76141081070688], [141.45010184869003, 38.76141504149695], [141.45006160703576, 38.76141683130279], [141.45000450675275, 38.761446741263185], [141.44999747980643, 38.761497403899604], [141.44997083284767, 38.761513905566105], [141.45000016699464, 38.76157058620228], [141.45001007243923, 38.76161332625479], [141.4499969578555, 38.76166724079283], [141.45000543395872, 38.761712222595484], [141.4500297252009, 38.76174713818109], [141.45002996557994, 38.76174779456309], [141.45004253050485, 38.76178201616986], [141.45004810271223, 38.76183598526209], [141.45004077608576, 38.761876428873045], [141.45003339662634, 38.76193372842861], [141.45002892231608, 38.761982047890605], [141.45004745785803, 38.76202481447233], [141.45005746388136, 38.762061850447076], [141.45037005410728, 38.76177840378659], [141.45066094127236, 38.761565636792696], [141.45094790232238, 38.7613762760438]]]}, "properties": {"KEYCODE": "000205@B073@02@0045@0000@0000@0000", "小班": "45", "小班面積": 0.28, "林種": "天然林", "中樹種": "その他L", "林齢": 82, "齢級": 17, "所有形態": "個人", "ADDDATE": "2022-09-29", "ADDTENANT": "04000F", "ADDUSER": "pasco01", "EDITDATE": null, "EDITTENANT": "", "EDITUSER": ""}}, {"type": "Feature", "geometry": {"type": "Polygon", "coordinates": [[[141.45115467608255, 38.761844390579355], [141.45108983947125, 38.76173876240551], [141.45109044946244, 38.76173824657458], [141.45115898732462, 38.76168050656989], [141.45129708433865, 38.761621308696036], [141.45147400710164, 38.7615475991825], [141.45157040445127, 38.76150290063395], [141.4515070514287, 38.76136881650872], [141.45146696333072, 38.7613781284245], [141.45133758860115, 38.7613796864309], [141.45119386432495, 38.76137977061856], [141.45106367591288, 38.76137503539621], [141.4510208937486, 38.76137549392921], [141.45086907336923, 38.7616089052808], [141.45073634760837, 38.761773774892774], [141.4506137276566, 38.76193080728321], [141.45045508888143, 38.76211471320998], [141.4503104841097, 38.762253904800524], [141.45036736616063, 38.76225217210367], [141.4503682598512, 38.762271770767775], [141.45047399839243, 38.762287158264776], [141.45052716282493, 38.762362507310804], [141.45057084706033, 38.762352492949816], [141.45062695994278, 38.76236324332636], [141.45060515789024, 38.76233430294438], [141.4507420339297, 38.762214402052095], [141.4509004815228, 38.762082197968994], [141.45101287413877, 38.7619813448257], [141.45111953253715, 38.761874854379144], [141.45115467608255, 38.761844390579355]]]}, "properties": {"KEYCODE": "000205@B073@02@0046@0000@0000@0000", "小班": "46", "小班面積": 0.4, "林種": "人工林", "中樹種": "スギ", "林齢": 74, "齢級": 15, "所有形態": "個人", "ADDDATE": "2022-09-29", "ADDTENANT": "04000F", "ADDUSER": "pasco01", "EDITDATE": null, "EDITTENANT": "", "EDITUSER": ""}}, {"type": "Feature", "geometry": {"type": "Polygon", "coordinates": [[[141.4518647894691, 38.76194430568652], [141.45170146898752, 38.76181910102506], [141.45132655571788, 38.761823706449846], [141.4512159540607, 38.76182340922483], [141.45116995969775, 38.76183114777568], [141.45115467608255, 38.761844390579355], [141.45111953253715, 38.761874854379144], [141.45101287413877, 38.7619813448257], [141.4509004815228, 38.762082197968994], [141.4507420339297, 38.762214402052095], [141.45060515789024, 38.76233430294438], [141.45062695994278, 38.76236324332636], [141.45072584156378, 38.762382187489955], [141.4509254211307, 38.76227809820804], [141.45113402492169, 38.76227319399579], [141.4514787228612, 38.76235319938015], [141.451618502396, 38.76236645086797], [141.4517691981423, 38.76240516305718], [141.45178893598052, 38.76228355549477], [141.45182398071475, 38.76211729265867], [141.4518647894691, 38.76194430568652]]]}, "properties": {"KEYCODE": "000205@B073@02@0047@0000@0000@0000", "小班": "47", "小班面積": 0.45, "林種": "天然林", "中樹種": "その他L", "林齢": 83, "齢級": 17, "所有形態": "個人", "ADDDATE": "2022-09-29", "ADDTENANT": "04000F", "ADDUSER": "pasco01", "EDITDATE": null, "EDITTENANT": "", "EDITUSER": ""}}, {"type": "Feature", "geometry": {"type": "Polygon", "coordinates": [[[141.45287225440688, 38.76237013695569], [141.45301639504532, 38.762311534744455], [141.45307403920643, 38.762282047456864], [141.45309756585027, 38.76227001203174], [141.4531704872981, 38.76223270954012], [141.4533604911399, 38.76215446569559], [141.45333846193657, 38.76197187923019], [141.4532479825907, 38.76196601778785], [141.4531747247629, 38.76196919006804], [141.45312786354205, 38.76198045646862], [141.45309699094219, 38.76201506122751], [141.45294633983733, 38.76196632990399], [141.4528789414815, 38.761932427212116], [141.45282157292968, 38.76190979461613], [141.4528017374562, 38.761907440315476], [141.45274402905994, 38.76190059398824], [141.45240091059944, 38.76184908904461], [141.45230887874985, 38.76187806263146], [141.45220820855275, 38.76191151426841], [141.45208173950746, 38.761930273737136], [141.45186752531083, 38.76194412904793], [141.4518647894691, 38.76194430568652], [141.45182398071475, 38.76211729265867], [141.45178893598052, 38.76228355549477], [141.4517691981423, 38.76240516305718], [141.45199897499634, 38.76246419138347], [141.45206279219929, 38.76242929179958], [141.45216495445987, 38.76237785962036], [141.45235923637134, 38.76227160678062], [141.4524714651545, 38.76221458144114], [141.45251383133305, 38.76220227966912], [141.45251748007115, 38.7622012207117], [141.45256633308324, 38.762196852933435], [141.45263240493915, 38.76219815149193], [141.4526998906827, 38.76220620911024], [141.4527532198175, 38.76221529936236], [141.45280672642886, 38.76222442018059], [141.45287225440688, 38.76237013695569]]]}, "properties": {"KEYCODE": "000205@B073@02@0049@0000@0000@0000", "小班": "49", "小班面積": 0.56, "林種": "天然林", "中樹種": "その他L", "林齢": 61, "齢級": 13, "所有形態": "個人", "ADDDATE": "2022-09-29", "ADDTENANT": "04000F", "ADDUSER": "pasco01", "EDITDATE": null, "EDITTENANT": "", "EDITUSER": ""}}, {"type": "Feature", "geometry": {"type": "Polygon", "coordinates": [[[141.45211401694795, 38.76126341757122], [141.4518304017004, 38.76129372110995], [141.45183031662785, 38.76129372966811], [141.451754470919, 38.76131134702181], [141.45167662593934, 38.761329428952266], [141.4515070514287, 38.76136881650872], [141.45157040445127, 38.76150290063395], [141.4520487495226, 38.76151520441183], [141.45198712479913, 38.76145905557126], [141.45200700963025, 38.76142836597635], [141.45201867704722, 38.761410380995], [141.45211401694795, 38.76126341757122]]]}, "properties": {"KEYCODE": "000205@B073@02@0056@0000@0000@0000", "小班": "56", "小班面積": 0.1, "林種": "人工林", "中樹種": "スギ", "林齢": 69, "齢級": 14, "所有形態": "個人", "ADDDATE": "2022-09-29", "ADDTENANT": "04000F", "ADDUSER": "pasco01", "EDITDATE": null, "EDITTENANT": "", "EDITUSER": ""}}, {"type": "Feature", "geometry": {"type": "Polygon", "coordinates": [[[141.45240091059944, 38.76184908904461], [141.4523935381002, 38.761650619525035], [141.45221479440306, 38.76166649477567], [141.4520487495226, 38.76151520441183], [141.45157040445127, 38.76150290063395], [141.45147400710164, 38.7615475991825], [141.45129708433865, 38.761621308696036], [141.45115898732462, 38.76168050656989], [141.45109044946244, 38.76173824657458], [141.45108983947125, 38.76173876240551], [141.45115467608255, 38.761844390579355], [141.45116995969775, 38.76183114777568], [141.4512159540607, 38.76182340922483], [141.45132655571788, 38.761823706449846], [141.45170146898752, 38.76181910102506], [141.4518647894691, 38.76194430568652], [141.45186752531083, 38.76194412904793], [141.45208173950746, 38.761930273737136], [141.45220820855275, 38.76191151426841], [141.45230887874985, 38.76187806263146], [141.45240091059944, 38.76184908904461]]]}, "properties": {"KEYCODE": "000205@B073@02@0057@0000@0000@0000", "小班": "57", "小班面積": 0.37, "林種": "人工林", "中樹種": "スギ", "林齢": 65, "齢級": 13, "所有形態": "個人", "ADDDATE": "2022-09-29", "ADDTENANT": "04000F", "ADDUSER": "pasco01", "EDITDATE": null, "EDITTENANT": "", "EDITUSER": ""}}, {"type": "Feature", "geometry": {"type": "Polygon", "coordinates": [[[141.44950457194082, 38.76138411827046], [141.44954979005146, 38.76137603942606], [141.44952019411747, 38.76121073152926], [141.44950438299225, 38.76121068785817], [141.44946416756952, 38.76121457999917], [141.449422192008, 38.76121864356463], [141.44936336542816, 38.76122363285913], [141.4493750001538, 38.761249012695835], [141.44938011168836, 38.76126539187871], [141.4494440924977, 38.76131813782845], [141.4494788670628, 38.761346806447634], [141.44950305742879, 38.76138502174024], [141.44950457194082, 38.76138411827046]]]}, "properties": {"KEYCODE": "000205@B073@02@0058@0000@0000@0000", "小班": "58", "小班面積": 0.02, "林種": "人工林", "中樹種": "スギ", "林齢": 94, "齢級": 19, "所有形態": "個人", "ADDDATE": "2022-09-29", "ADDTENANT": "04000F", "ADDUSER": "pasco01", "EDITDATE": null, "EDITTENANT": "", "EDITUSER": ""}}, {"type": "Feature", "geometry": {"type": "Polygon", "coordinates": [[[141.44950438299225, 38.76121068785817], [141.44950438660294, 38.76121057252509], [141.44950597291427, 38.761167978147704], [141.44950185650754, 38.761110640123405], [141.44948339845155, 38.76104764893771], [141.44946920220846, 38.76099815765534], [141.44943204844898, 38.76094073252049], [141.4493795878755, 38.76093655052909], [141.44933729887163, 38.76093317976185], [141.44933120345834, 38.76093418394819], [141.44933295124147, 38.76095813933725], [141.44932440206978, 38.76105436261128], [141.44930912104098, 38.76107970502848], [141.44933588046095, 38.76116367928504], [141.44936336542816, 38.76122363285913], [141.449422192008, 38.76121864356463], [141.44946416756952, 38.76121457999917], [141.44950438299225, 38.76121068785817]]]}, "properties": {"KEYCODE": "000205@B073@02@0059@0000@0000@0000", "小班": "59", "小班面積": 0.05, "林種": "人工林", "中樹種": "スギ", "林齢": 66, "齢級": 14, "所有形態": "個人", "ADDDATE": "2022-09-29", "ADDTENANT": "04000F", "ADDUSER": "pasco01", "EDITDATE": null, "EDITTENANT": "", "EDITUSER": ""}}, {"type": "Feature", "geometry": {"type": "Polygon", "coordinates": [[[141.45010184869003, 38.76141504149695], [141.450183360112, 38.761344039150735], [141.45013231626314, 38.76129448656243], [141.4500358957935, 38.76120088378576], [141.44996716342527, 38.76113887774558], [141.44995963360176, 38.76113217700523], [141.44990128161024, 38.761080253886426], [141.45007446516667, 38.76084468691879], [141.45016240949576, 38.76074713471398], [141.45016336664455, 38.760745912559], [141.45024320688975, 38.76064394455152], [141.45033392407052, 38.76054496228051], [141.45033980368913, 38.76053854572717], [141.4501685556527, 38.759938194030035], [141.45003632006433, 38.75995076466605], [141.44985507636693, 38.76008017528188], [141.44998168760182, 38.76024871182481], [141.44992910982486, 38.7602748447793], [141.44988019290227, 38.760297192674614], [141.44979461123134, 38.76034823812748], [141.44977011262517, 38.76036952926759], [141.44975614313506, 38.760392143236324], [141.44976497836578, 38.76039651911358], [141.44977861948018, 38.76040327592326], [141.44982882336083, 38.760423642435754], [141.4497684040658, 38.760450455409824], [141.44971225821845, 38.76048851686392], [141.44967765048952, 38.760527761098686], [141.44965882227336, 38.76057155449846], [141.44958357443852, 38.76073545217021], [141.4495300430789, 38.76084770523975], [141.4495957093343, 38.76096814958583], [141.44966690993542, 38.76115155229888], [141.44968815314755, 38.76124041136247], [141.44985418599143, 38.76141395537007], [141.4499992238753, 38.76139269136017], [141.45001226934824, 38.76139077840707], [141.45000450675275, 38.761446741263185], [141.45006160703576, 38.76141683130279], [141.45010184869003, 38.76141504149695]]]}, "properties": {"KEYCODE": "000205@B073@02@0060@0000@0000@0000", "小班": "60", "小班面積": 0.61, "林種": "天然林", "中樹種": "その他L", "林齢": 70, "齢級": 14, "所有形態": "個人", "ADDDATE": "2022-09-29", "ADDTENANT": "04000F", "ADDUSER": "pasco01", "EDITDATE": null, "EDITTENANT": "", "EDITUSER": ""}}, {"type": "Feature", "geometry": {"type": "MultiPolygon", "coordinates": [[[[141.44968537674478, 38.7615806987943], [141.449787986673, 38.761550345367574], [141.44988482726083, 38.761509429610115], [141.45000450675275, 38.761446741263185], [141.45001226934824, 38.76139077840707], [141.4499992238753, 38.76139269136017], [141.44985418599143, 38.76141395537007], [141.44968815314755, 38.76124041136247], [141.44966690993542, 38.76115155229888], [141.4495957093343, 38.76096814958583], [141.4495300430789, 38.76084770523975], [141.44958357443852, 38.76073545217021], [141.44965882227336, 38.76057155449846], [141.44967765048952, 38.760527761098686], [141.44971225821845, 38.76048851686392], [141.4497684040658, 38.760450455409824], [141.44982882336083, 38.760423642435754], [141.44977861948018, 38.76040327592326], [141.44976497836578, 38.76039651911358], [141.44975614313506, 38.760392143236324], [141.44972843450063, 38.7603784156449], [141.4496797227404, 38.76033781801851], [141.44957294380106, 38.76022157421422], [141.44952078413579, 38.76024563273161], [141.44936424229388, 38.760325511994886], [141.44930168182165, 38.76036948087126], [141.44930804265104, 38.76055528315218], [141.44931258846233, 38.7606291322585], [141.4493389664172, 38.7607288479983], [141.44933862280237, 38.760901811868806], [141.44933120345834, 38.76093418394819], [141.44933729887163, 38.76093317976185], [141.4493795878755, 38.76093655052909], [141.44943204844898, 38.76094073252049], [141.44946920220846, 38.76099815765534], [141.44948339845155, 38.76104764893771], [141.44950185650754, 38.761110640123405], [141.44950597291427, 38.761167978147704], [141.44950438660294, 38.76121057252509], [141.44950438299225, 38.76121068785817], [141.44952019411747, 38.76121073152926], [141.44954979005146, 38.76137603942606], [141.44950457194082, 38.76138411827046], [141.44963614567695, 38.76159526364417], [141.44968537674478, 38.7615806987943]], [[141.44968537674478, 38.7615806987943], [141.449787986673, 38.761550345367574], [141.44988482726083, 38.761509429610115], [141.45000450675275, 38.761446741263185], [141.45001226934824, 38.76139077840707], [141.4499992238753, 38.76139269136017], [141.44985418599143, 38.76141395537007], [141.44968815314755, 38.76124041136247], [141.44966690993542, 38.76115155229888], [141.4495957093343, 38.76096814958583], [141.4495300430789, 38.76084770523975], [141.44958357443852, 38.76073545217021], [141.44965882227336, 38.76057155449846], [141.44967765048952, 38.760527761098686], [141.44971225821845, 38.76048851686392], [141.4497684040658, 38.760450455409824], [141.44982882336083, 38.760423642435754], [141.44977861948018, 38.76040327592326], [141.44976497836578, 38.76039651911358], [141.44975614313506, 38.760392143236324], [141.44972843450063, 38.7603784156449], [141.4496797227404, 38.76033781801851], [141.44957294380106, 38.76022157421422], [141.44952078413579, 38.76024563273161], [141.44936424229388, 38.760325511994886], [141.44930168182165, 38.76036948087126], [141.44930804265104, 38.76055528315218], [141.44931258846233, 38.7606291322585], [141.4493389664172, 38.7607288479983], [141.44933862280237, 38.760901811868806], [141.44933120345834, 38.76093418394819], [141.44933729887163, 38.76093317976185], [141.4493795878755, 38.76093655052909], [141.44943204844898, 38.76094073252049], [141.44946920220846, 38.76099815765534], [141.44948339845155, 38.76104764893771], [141.44950185650754, 38.761110640123405], [141.44950597291427, 38.761167978147704], [141.44950438660294, 38.76121057252509], [141.44950438299225, 38.76121068785817], [141.44952019411747, 38.76121073152926], [141.44954979005146, 38.76137603942606], [141.44950457194082, 38.76138411827046], [141.44963614567695, 38.76159526364417], [141.44968537674478, 38.7615806987943]]], [[[141.44958868424746, 38.76049717739593], [141.44955821220336, 38.760590390188284], [141.44944906239652, 38.760582217951466], [141.4495025396643, 38.760486829879326], [141.44958868424746, 38.76049717739593]]]]}, "properties": {"KEYCODE": "000205@B073@02@0060@0001@0000@0000", "小班": "60-1", "小班面積": 0.34, "林種": "人工林", "中樹種": "スギ", "林齢": 41, "齢級": 9, "所有形態": "個人", "ADDDATE": "2022-09-29", "ADDTENANT": "04000F", "ADDUSER": "pasco01", "EDITDATE": null, "EDITTENANT": "", "EDITUSER": ""}}, {"type": "Feature", "geometry": {"type": "Polygon", "coordinates": [[[141.44958868424746, 38.76049717739593], [141.4495025396643, 38.760486829879326], [141.44944906239652, 38.760582217951466], [141.44955821220336, 38.760590390188284], [141.44958868424746, 38.76049717739593]]]}, "properties": {"KEYCODE": "000205@B073@02@0061@0000@0000@0000", "小班": "61", "小班面積": 0.01, "林種": "人工林", "中樹種": "スギ", "林齢": 94, "齢級": 19, "所有形態": "個人", "ADDDATE": "2022-09-29", "ADDTENANT": "04000F", "ADDUSER": "pasco01", "EDITDATE": null, "EDITTENANT": "", "EDITUSER": ""}}, {"type": "Feature", "geometry": {"type": "Polygon", "coordinates": [[[141.44985507636693, 38.76008017528188], [141.4498105315429, 38.7601119810642], [141.44957294380106, 38.76022157421422], [141.4496797227404, 38.76033781801851], [141.44972843450063, 38.7603784156449], [141.44975614313506, 38.760392143236324], [141.44977011262517, 38.76036952926759], [141.44979461123134, 38.76034823812748], [141.44988019290227, 38.760297192674614], [141.44992910982486, 38.7602748447793], [141.44998168760182, 38.76024871182481], [141.44985507636693, 38.76008017528188]]]}, "properties": {"KEYCODE": "000205@B073@02@0062@0000@0000@0000", "小班": "62", "小班面積": 0.07, "林種": "人工林", "中樹種": "スギ", "林齢": 100, "齢級": 20, "所有形態": "個人", "ADDDATE": "2022-09-29", "ADDTENANT": "04000F", "ADDUSER": "pasco01", "EDITDATE": null, "EDITTENANT": "", "EDITUSER": ""}}, {"type": "Feature", "geometry": {"type": "Polygon", "coordinates": [[[141.45094790232238, 38.7613762760438], [141.4510208937486, 38.76137549392921], [141.45107488582047, 38.76129248157535], [141.45111272441594, 38.76127836191787], [141.45117721204699, 38.761254296985655], [141.45125689216775, 38.761211781633655], [141.45132660193164, 38.761175658514034], [141.45139162050032, 38.761125259418364], [141.45144758115202, 38.761083249537464], [141.45150204578633, 38.76104482407869], [141.45161057441044, 38.76102437097265], [141.45163572621993, 38.7609956103119], [141.4516345298835, 38.76097591235545], [141.45163146846505, 38.76092555523708], [141.45172680549334, 38.76071651354146], [141.45170859234332, 38.760656515974155], [141.45169367984494, 38.76060739361328], [141.45164452032722, 38.76059639074446], [141.45163596738993, 38.76059447655234], [141.45161232490366, 38.76058918546326], [141.45160921651006, 38.76058831813213], [141.45149033859542, 38.760555138277624], [141.45137409280355, 38.76052335698067], [141.451282252753, 38.760498375289245], [141.4511789076024, 38.760473373263025], [141.45111840663432, 38.76045729684709], [141.45098660109542, 38.76042227401797], [141.45084042364724, 38.76039208817934], [141.45076196643876, 38.760375886626186], [141.45067974548581, 38.76025590513864], [141.4505701344197, 38.76010331454194], [141.45039811584218, 38.75999852218051], [141.4501685556527, 38.759938194030035], [141.45033980368913, 38.76053854572717], [141.45033392407052, 38.76054496228051], [141.45024320688975, 38.76064394455152], [141.45016336664455, 38.760745912559], [141.45016240949576, 38.76074713471398], [141.45007446516667, 38.76084468691879], [141.44990128161024, 38.761080253886426], [141.44995963360176, 38.76113217700523], [141.44996716342527, 38.76113887774558], [141.4500358957935, 38.76120088378576], [141.45013231626314, 38.76129448656243], [141.450183360112, 38.761344039150735], [141.45010184869003, 38.76141504149695], [141.45019697274293, 38.76141081070688], [141.45036316450478, 38.761375213135615], [141.4505610825694, 38.761420582020136], [141.45071716620183, 38.761397838984166], [141.45082109255108, 38.761404695300214], [141.45091102463272, 38.761376670904085], [141.45094790232238, 38.7613762760438]]]}, "properties": {"KEYCODE": "000205@B073@02@0063@0000@0000@0000", "小班": "63", "小班面積": 1.42, "林種": "天然林", "中樹種": "その他L", "林齢": 57, "齢級": 12, "所有形態": "個人", "ADDDATE": "2022-09-29", "ADDTENANT": "04000F", "ADDUSER": "pasco01", "EDITDATE": null, "EDITTENANT": "", "EDITUSER": ""}}, {"type": "Feature", "geometry": {"type": "Polygon", "coordinates": [[[141.4515070514287, 38.76136881650872], [141.45167662593934, 38.761329428952266], [141.451754470919, 38.76131134702181], [141.45183031662785, 38.76129372966811], [141.4518304017004, 38.76129372110995], [141.4518860586633, 38.761287721233664], [141.45182873128496, 38.76124536922921], [141.45177652817532, 38.761193206407896], [141.45177399877252, 38.7611833036862], [141.45176171020563, 38.76113519176788], [141.45177690972326, 38.7610609130731], [141.45181136149412, 38.76099637383455], [141.45189744345691, 38.760917257910634], [141.45196361363955, 38.76089210167022], [141.45195124271783, 38.7608789717984], [141.4519337332051, 38.7608603862999], [141.45189804449768, 38.760818011689615], [141.4518719281411, 38.76078700250032], [141.45182571625742, 38.7607321332449], [141.45172680549334, 38.76071651354146], [141.45163146846505, 38.76092555523708], [141.4516345298835, 38.76097591235545], [141.45163572621993, 38.7609956103119], [141.45161057441044, 38.76102437097265], [141.45150204578633, 38.76104482407869], [141.45144758115202, 38.761083249537464], [141.45139162050032, 38.761125259418364], [141.45132660193164, 38.761175658514034], [141.45125689216775, 38.761211781633655], [141.45117721204699, 38.761254296985655], [141.45111272441594, 38.76127836191787], [141.45107488582047, 38.76129248157535], [141.4510208937486, 38.76137549392921], [141.45106367591288, 38.76137503539621], [141.45119386432495, 38.76137977061856], [141.45133758860115, 38.7613796864309], [141.45146696333072, 38.7613781284245], [141.4515070514287, 38.76136881650872]]]}, "properties": {"KEYCODE": "000205@B073@02@0064@0000@0000@0000", "小班": "64", "小班面積": 0.24, "林種": "人工林", "中樹種": "スギ", "林齢": 68, "齢級": 14, "所有形態": "個人", "ADDDATE": "2022-09-29", "ADDTENANT": "04000F", "ADDUSER": "pasco01", "EDITDATE": null, "EDITTENANT": "", "EDITUSER": ""}}, {"type": "Feature", "geometry": {"type": "Polygon", "coordinates": [[[141.45211401694795, 38.76126341757122], [141.45226970490558, 38.761246782598036], [141.45228673196016, 38.76124346273672], [141.45228665304296, 38.761243251445315], [141.4522718509065, 38.7612461261961], [141.45221913730785, 38.76114049480293], [141.45219665386796, 38.76109544048279], [141.4521896346147, 38.76103983682861], [141.45218686052922, 38.76101786347396], [141.45218458336007, 38.76096083562687], [141.45198972115807, 38.76091981272358], [141.45196361363955, 38.76089210167022], [141.45189744345691, 38.760917257910634], [141.45181136149412, 38.76099637383455], [141.45177690972326, 38.7610609130731], [141.45176171020563, 38.76113519176788], [141.45177399877252, 38.7611833036862], [141.45177652817532, 38.761193206407896], [141.45182873128496, 38.76124536922921], [141.4518860586633, 38.761287721233664], [141.4518863908032, 38.76125515497553], [141.4518874429301, 38.76115204695667], [141.45188771880225, 38.76112495841185], [141.452019109206, 38.761114635171914], [141.4520309493911, 38.76115557384083], [141.45206363182578, 38.761268575243115], [141.4521142088509, 38.76126312196394], [141.45211401694795, 38.76126341757122]]]}, "properties": {"KEYCODE": "000205@B073@02@0066@0000@0000@0000", "小班": "66", "小班面積": 0.12, "林種": "人工林", "中樹種": "カラマツ", "林齢": 67, "齢級": 14, "所有形態": "個人", "ADDDATE": "2022-09-29", "ADDTENANT": "04000F", "ADDUSER": "pasco01", "EDITDATE": null, "EDITTENANT": "", "EDITUSER": ""}}, {"type": "Feature", "geometry": {"type": "Polygon", "coordinates": [[[141.4519578607951, 38.760655846456196], [141.4519509517942, 38.76065523258063], [141.4518993945597, 38.76065065505129], [141.4517903018426, 38.7606290082728], [141.45169367984494, 38.76060739361328], [141.45170859234332, 38.760656515974155], [141.45172680549334, 38.76071651354146], [141.45182571625742, 38.7607321332449], [141.4518719281411, 38.76078700250032], [141.45189804449768, 38.760818011689615], [141.4519337332051, 38.7608603862999], [141.45195124271783, 38.7608789717984], [141.45196361363955, 38.76089210167022], [141.45198972115807, 38.76091981272358], [141.45218458336007, 38.76096083562687], [141.45218324070495, 38.760927278245234], [141.4519578607951, 38.760655846456196]]]}, "properties": {"KEYCODE": "000205@B073@02@0067@0000@0000@0000", "小班": "67", "小班面積": 0.07, "林種": "人工林", "中樹種": "スギ", "林齢": 65, "齢級": 13, "所有形態": "個人", "ADDDATE": "2022-09-29", "ADDTENANT": "04000F", "ADDUSER": "pasco01", "EDITDATE": null, "EDITTENANT": "", "EDITUSER": ""}}, {"type": "Feature", "geometry": {"type": "Polygon", "coordinates": [[[141.45217381473827, 38.76055371428732], [141.45217593808047, 38.76038723912174], [141.45206963954809, 38.76043530046067], [141.4519891766717, 38.76044070740851], [141.4518728162212, 38.7604437646669], [141.4517837984103, 38.76043116379259], [141.4516948693147, 38.76039270771144], [141.45157148115456, 38.760351911342745], [141.45157002383158, 38.76035156950551], [141.4514552169253, 38.760324627469814], [141.4513719519984, 38.76031091388668], [141.45128147373396, 38.76030505000691], [141.451150902714, 38.76031189514899], [141.45104326800478, 38.76033129176384], [141.45096363651925, 38.76034651422443], [141.4510130333338, 38.76038187261564], [141.45111840663432, 38.76045729684709], [141.4511789076024, 38.760473373263025], [141.451282252753, 38.760498375289245], [141.45137409280355, 38.76052335698067], [141.45149033859542, 38.760555138277624], [141.45160921651006, 38.76058831813213], [141.45161232490366, 38.76058918546326], [141.45163596738993, 38.76059447655234], [141.45164452032722, 38.76059639074446], [141.45169367984494, 38.76060739361328], [141.4517903018426, 38.7606290082728], [141.4518993945597, 38.76065065505129], [141.4519509517942, 38.76065523258063], [141.4519578607951, 38.760655846456196], [141.45195916568, 38.760655190007355], [141.45210085127096, 38.76058388313237], [141.45217381473827, 38.76055371428732]]]}, "properties": {"KEYCODE": "000205@B073@02@0071@0000@0000@0000", "小班": "71", "小班面積": 0.22, "林種": "人工林", "中樹種": "スギ", "林齢": 75, "齢級": 15, "所有形態": "個人", "ADDDATE": "2022-09-29", "ADDTENANT": "04000F", "ADDUSER": "pasco01", "EDITDATE": null, "EDITTENANT": "", "EDITUSER": ""}}, {"type": "Feature", "geometry": {"type": "Polygon", "coordinates": [[[141.451150902714, 38.76031189514899], [141.45115222692084, 38.760290527123075], [141.45114717024742, 38.76027881434139], [141.45108693257808, 38.76028097955913], [141.45105226261245, 38.760296756318304], [141.45096940282107, 38.76028838349138], [141.45088745087125, 38.7602905561435], [141.45082741422914, 38.76027866626563], [141.45067974548581, 38.76025590513864], [141.45076196643876, 38.760375886626186], [141.45084042364724, 38.76039208817934], [141.45098660109542, 38.76042227401797], [141.45111840663432, 38.76045729684709], [141.4510130333338, 38.76038187261564], [141.45096363651925, 38.76034651422443], [141.45104326800478, 38.76033129176384], [141.451150902714, 38.76031189514899]]]}, "properties": {"KEYCODE": "000205@B073@02@0072@0000@0000@0000", "小班": "72", "小班面積": 0.04, "林種": "人工林", "中樹種": "スギ", "林齢": 71, "齢級": 15, "所有形態": "個人", "ADDDATE": "2022-09-29", "ADDTENANT": "04000F", "ADDUSER": "pasco01", "EDITDATE": null, "EDITTENANT": "", "EDITUSER": ""}}, {"type": "Feature", "geometry": {"type": "Polygon", "coordinates": [[[141.45217593808047, 38.76038723912174], [141.45219055280225, 38.76038493293686], [141.4520503105045, 38.760406664360985], [141.45191499307606, 38.76042763442565], [141.45169522897913, 38.76034278834125], [141.45152012592692, 38.76033311111172], [141.45141278807654, 38.76026926597152], [141.45114717024742, 38.76027881434139], [141.45115222692084, 38.760290527123075], [141.451150902714, 38.76031189514899], [141.45128147373396, 38.76030505000691], [141.4513719519984, 38.76031091388668], [141.4514552169253, 38.760324627469814], [141.45157002383158, 38.76035156950551], [141.45157148115456, 38.760351911342745], [141.4516948693147, 38.76039270771144], [141.4517837984103, 38.76043116379259], [141.4518728162212, 38.7604437646669], [141.4519891766717, 38.76044070740851], [141.45206963954809, 38.76043530046067], [141.45217593808047, 38.76038723912174]]]}, "properties": {"KEYCODE": "000205@B073@02@0073@0000@0000@0000", "小班": "73", "小班面積": 0.04, "林種": "人工林", "中樹種": "スギ", "林齢": 68, "齢級": 14, "所有形態": "個人", "ADDDATE": "2022-09-29", "ADDTENANT": "04000F", "ADDUSER": "pasco01", "EDITDATE": null, "EDITTENANT": "", "EDITUSER": ""}}, {"type": "Feature", "geometry": {"type": "Polygon", "coordinates": [[[141.45219055280225, 38.76038493293686], [141.45234182519792, 38.76037443739868], [141.4525483226001, 38.76025426382796], [141.45258909302356, 38.76025169920345], [141.45272236937393, 38.760243314712206], [141.4527581706943, 38.76024106194394], [141.45278735596892, 38.76024705675087], [141.452952670119, 38.76028101253693], [141.45313772992097, 38.76023633902586], [141.45307469491223, 38.760096259512245], [141.45305937362167, 38.76005038630199], [141.4530709401794, 38.75999192832007], [141.453137542288, 38.75993278481445], [141.4530484579219, 38.75984219692305], [141.45298839636425, 38.75976222885435], [141.45292832602945, 38.75968788326069], [141.4528481021379, 38.7596224803971], [141.45280142703984, 38.759583502086286], [141.45280084059533, 38.75958301150613], [141.4524641579399, 38.75956876677279], [141.4524604424496, 38.75956860987934], [141.45245978302617, 38.759556743231734], [141.4523474745584, 38.759557984019416], [141.45228497604663, 38.759492817516524], [141.45226140663473, 38.759468242596355], [141.45210155809497, 38.75945818004952], [141.45201109596366, 38.75939529834706], [141.451961059633, 38.759414450370414], [141.45186209699446, 38.759452328663514], [141.45181116263018, 38.75947182411008], [141.45180980540593, 38.7594714799443], [141.45165660882466, 38.75952025392222], [141.45143581683726, 38.759600665022234], [141.45128961880116, 38.75966064282804], [141.45114778780462, 38.75973071617639], [141.45110934382123, 38.759794899761594], [141.45108537695072, 38.75986939229086], [141.4510781656497, 38.7599626275841], [141.45109287290293, 38.760091571862624], [141.45109930059633, 38.76014793637041], [141.45110277459432, 38.760175997880914], [141.45114717024742, 38.76027881434139], [141.45141278807654, 38.76026926597152], [141.45152012592692, 38.76033311111172], [141.45169522897913, 38.76034278834125], [141.45191499307606, 38.76042763442565], [141.4520503105045, 38.760406664360985], [141.45219055280225, 38.76038493293686]]]}, "properties": {"KEYCODE": "000205@B073@02@0074@0000@0000@0000", "小班": "74", "小班面積": 1.44, "林種": "天然林", "中樹種": "その他L", "林齢": 58, "齢級": 12, "所有形態": "個人", "ADDDATE": "2022-09-29", "ADDTENANT": "04000F", "ADDUSER": "pasco01", "EDITDATE": null, "EDITTENANT": "", "EDITUSER": ""}}, {"type": "Feature", "geometry": {"type": "Polygon", "coordinates": [[[141.45270265522416, 38.75939171682184], [141.4526799848833, 38.75935922019087], [141.4526679477783, 38.75934196434284], [141.45265498285102, 38.75930628568258], [141.4525984601832, 38.759329620950886], [141.45249516284974, 38.75934476353382], [141.45228415100183, 38.75931098873095], [141.4521498487509, 38.75929058386868], [141.45205427576875, 38.759276062965505], [141.4519969550395, 38.759267353867486], [141.45197350738422, 38.75926379152881], [141.4515839600205, 38.75920460561903], [141.45119759090622, 38.75914057823617], [141.45121700806763, 38.759282923599905], [141.4513230928805, 38.759253570264235], [141.45140108702904, 38.7592675721177], [141.45148074606496, 38.75931731247414], [141.45156724900733, 38.759325584592865], [141.451637038014, 38.75938207967779], [141.45180092599801, 38.75943105980189], [141.4519654828916, 38.759360917631106], [141.45199548244045, 38.759348131054836], [141.4520177851951, 38.75933862391577], [141.45213106113815, 38.75941574413774], [141.45228749043832, 38.759431050820595], [141.45237857010497, 38.75949772268953], [141.45241186266554, 38.759522093835685], [141.45245766133053, 38.75951852605915], [141.45248087631091, 38.75951672022206], [141.4525444762669, 38.759491095289576], [141.45263698551085, 38.75945382087768], [141.45270265522416, 38.75939171682184]]]}, "properties": {"KEYCODE": "000205@B074@01@0001@0000@0000@0000", "小班": "1", "小班面積": 0.2, "林種": "人工林", "中樹種": "スギ", "林齢": 76, "齢級": 16, "所有形態": "個人", "ADDDATE": "2022-09-29", "ADDTENANT": "04000F", "ADDUSER": "pasco01", "EDITDATE": null, "EDITTENANT": "", "EDITUSER": ""}}, {"type": "Feature", "geometry": {"type": "Polygon", "coordinates": [[[141.44778454035242, 38.76172431650807], [141.44780516248704, 38.761689756223205], [141.447848949869, 38.761616374570664], [141.44798601659502, 38.761401494948316], [141.44803249909555, 38.76132309910648], [141.44804738109528, 38.76129799408697], [141.44805131779412, 38.76120134471862], [141.4480409951628, 38.76114215641833], [141.44803956684714, 38.761133929786695], [141.4480824467287, 38.76108103907535], [141.44811261682932, 38.761041029474384], [141.44812706068032, 38.76092812771308], [141.44817652391967, 38.7607421857772], [141.4479348444416, 38.76070501224341], [141.44791864580318, 38.76070256952046], [141.44785139254998, 38.76079370502426], [141.44782109829967, 38.7609454932664], [141.4477509201904, 38.761040563863524], [141.44765554023874, 38.7612399639327], [141.44761387546598, 38.761449261690444], [141.44756778861387, 38.76150515193168], [141.447503211565, 38.761562445608384], [141.44746913403998, 38.7616450886232], [141.44752388172805, 38.7617148199866], [141.44769486727563, 38.76173751928661], [141.44778454035242, 38.76172431650807]]]}, "properties": {"KEYCODE": "000205@B077@01@0001@0000@0000@0000", "小班": "1", "小班面積": 0.34, "林種": "人工林", "中樹種": "スギ", "林齢": 60, "齢級": 12, "所有形態": "共有", "ADDDATE": "2022-09-29", "ADDTENANT": "04000F", "ADDUSER": "pasco01", "EDITDATE": null, "EDITTENANT": "", "EDITUSER": ""}}, {"type": "Feature", "geometry": {"type": "Polygon", "coordinates": [[[141.4484517208906, 38.76052105281238], [141.44847904883244, 38.760491933628856], [141.44847922279146, 38.760490216515805], [141.4484804321605, 38.76044854393906], [141.44831692540373, 38.76047683559789], [141.44824502854436, 38.76049109570113], [141.44820386096413, 38.760639420569525], [141.44817652391967, 38.7607421857772], [141.44825260889414, 38.76075388898291], [141.44830782957666, 38.76067495066137], [141.44837019687785, 38.76060824123963], [141.4483743823611, 38.76060376430895], [141.4484517208906, 38.76052105281238]]]}, "properties": {"KEYCODE": "000205@B077@01@0002@0002@0000@0000", "小班": "2-2", "小班面積": 0.05, "林種": "人工林", "中樹種": "スギ", "林齢": 65, "齢級": 13, "所有形態": "個人", "ADDDATE": "2022-09-29", "ADDTENANT": "04000F", "ADDUSER": "pasco01", "EDITDATE": null, "EDITTENANT": "", "EDITUSER": ""}}, {"type": "Feature", "geometry": {"type": "Polygon", "coordinates": [[[141.44824502854436, 38.76049109570113], [141.44822066547803, 38.76049592742537], [141.44810429123578, 38.76050263862271], [141.44803440059724, 38.76049257839928], [141.44802224090006, 38.76056218753645], [141.44791864580318, 38.76070256952046], [141.4479348444416, 38.76070501224341], [141.44817652391967, 38.7607421857772], [141.44820386096413, 38.760639420569525], [141.44824502854436, 38.76049109570113]]]}, "properties": {"KEYCODE": "000205@B077@01@0002@0001@0000@0000", "小班": "2-1", "小班面積": 0.05, "林種": "人工林", "中樹種": "スギ", "林齢": 65, "齢級": 13, "所有形態": "個人", "ADDDATE": "2022-09-29", "ADDTENANT": "04000F", "ADDUSER": "pasco01", "EDITDATE": null, "EDITTENANT": "", "EDITUSER": ""}}, {"type": "Feature", "geometry": {"type": "Polygon", "coordinates": [[[141.44824502854436, 38.76049109570113], [141.44825837268846, 38.760443018813], [141.4482718697206, 38.76041155174844], [141.44830660778683, 38.7603305680562], [141.4483430872006, 38.76005634305386], [141.448293280632, 38.76031948514503], [141.44823531788018, 38.76036029776443], [141.44819938276876, 38.76038560005101], [141.44803846301068, 38.7604693284585], [141.44803440059724, 38.76049257839928], [141.44810429123578, 38.76050263862271], [141.44822066547803, 38.76049592742537], [141.44824502854436, 38.76049109570113]]]}, "properties": {"KEYCODE": "000205@B077@01@0003@0001@0000@0000", "小班": "3-1", "小班面積": 0.03, "林種": "人工林", "中樹種": "スギ", "林齢": 67, "齢級": 14, "所有形態": "個人", "ADDDATE": "2022-09-29", "ADDTENANT": "04000F", "ADDUSER": "pasco01", "EDITDATE": null, "EDITTENANT": "", "EDITUSER": ""}}, {"type": "Feature", "geometry": {"type": "Polygon", "coordinates": [[[141.4484804321605, 38.76044854393906], [141.44848479116112, 38.76029836047216], [141.44847496715116, 38.760204800581924], [141.4484439454621, 38.76009474882495], [141.4484014770164, 38.760029126183305], [141.4483430872006, 38.76005634305386], [141.44830660778683, 38.7603305680562], [141.4482718697206, 38.76041155174844], [141.44825837268846, 38.760443018813], [141.44824502854436, 38.76049109570113], [141.44831692540373, 38.76047683559789], [141.4484804321605, 38.76044854393906]]]}, "properties": {"KEYCODE": "000205@B077@01@0004@0001@0000@0000", "小班": "4-1", "小班面積": 0.07, "林種": "人工林", "中樹種": "スギ", "林齢": 72, "齢級": 15, "所有形態": "個人", "ADDDATE": "2022-09-29", "ADDTENANT": "04000F", "ADDUSER": "pasco01", "EDITDATE": null, "EDITTENANT": "", "EDITUSER": ""}}, {"type": "Feature", "geometry": {"type": "Polygon", "coordinates": [[[141.44782178102483, 38.75936357168417], [141.44778872873673, 38.75936018692647], [141.44773414226955, 38.759381536716184], [141.44769103965385, 38.759396150514924], [141.44768529769877, 38.759409649020164], [141.44771117511664, 38.75945801608496], [141.44774998857744, 38.75953226081047], [141.4477902437548, 38.75959750794914], [141.44782042529556, 38.75964475327327], [141.4478419893549, 38.75967850440218], [141.447863552669, 38.75969875027072], [141.44789803406684, 38.7597077580623], [141.4479900059767, 38.759726904855505], [141.4480604059224, 38.75973029943905], [141.4481006322406, 38.75973031308837], [141.44813080630132, 38.759720199528736], [141.4481509152048, 38.759702211063804], [141.44816527174217, 38.75968309160592], [141.4481595272433, 38.75966396887668], [141.44814515439543, 38.7596448464891], [141.4481250265673, 38.7596324660102], [141.4480948474056, 38.759617841122605], [141.4480488678267, 38.75959083189388], [141.4479726965402, 38.7595289457586], [141.44791233062116, 38.75946257110886], [141.44787064379526, 38.75941419622233], [141.44784045630053, 38.7593838246337], [141.44782178102483, 38.75936357168417]]]}, "properties": {"KEYCODE": "000205@B077@01@0005@0000@0000@0000", "小班": "5", "小班面積": 0.09, "林種": "天然林", "中樹種": "その他L", "林齢": 68, "齢級": 14, "所有形態": "個人", "ADDDATE": "2022-09-29", "ADDTENANT": "04000F", "ADDUSER": "pasco01", "EDITDATE": null, "EDITTENANT": "", "EDITUSER": ""}}, {"type": "Feature", "geometry": {"type": "Polygon", "coordinates": [[[141.4487569830658, 38.75984487664621], [141.4487029921552, 38.75984166455741], [141.44857540131125, 38.759925774978775], [141.4485983388998, 38.759950730542116], [141.4487503720327, 38.75999401974997], [141.44890812987396, 38.760038008330994], [141.4491139803995, 38.760017392683096], [141.44910575542997, 38.76000823791724], [141.44903960362637, 38.75999310910082], [141.44897948103986, 38.75998066017168], [141.44887569224633, 38.75996812587117], [141.4487365900965, 38.759948741455865], [141.4487569830658, 38.75984487664621]]]}, "properties": {"KEYCODE": "000205@B077@01@0012@0000@0000@0000", "小班": "12", "小班面積": 0.04, "林種": "人工林", "中樹種": "スギ", "林齢": 86, "齢級": 18, "所有形態": "個人", "ADDDATE": "2022-09-29", "ADDTENANT": "04000F", "ADDUSER": "pasco01", "EDITDATE": null, "EDITTENANT": "", "EDITUSER": ""}}, {"type": "Feature", "geometry": {"type": "Polygon", "coordinates": [[[141.44252730132692, 38.76337135891564], [141.44250774783654, 38.763323551455684], [141.4424550664383, 38.763287871467355], [141.44236715602042, 38.76327297840677], [141.44219396388377, 38.76322077323706], [141.44212805034505, 38.7632182922923], [141.44201973791397, 38.76326585409379], [141.4419196558403, 38.76338288657986], [141.4418824950755, 38.76344369200732], [141.44220406736937, 38.763415826537795], [141.4423861055678, 38.76344250119307], [141.44242308097665, 38.76344791925636], [141.44248941198072, 38.76339919212405], [141.44252730132692, 38.76337135891564]]]}, "properties": {"KEYCODE": "000205@B078@01@0001@0000@0000@0000", "小班": "1", "小班面積": 0.1, "林種": "人工林", "中樹種": "スギ", "林齢": 11, "齢級": 3, "所有形態": "共有", "ADDDATE": "2022-09-29", "ADDTENANT": "04000F", "ADDUSER": "pasco01", "EDITDATE": null, "EDITTENANT": "", "EDITUSER": ""}}, {"type": "Feature", "geometry": {"type": "Polygon", "coordinates": [[[141.44506413230806, 38.76322340770519], [141.44519895600195, 38.763007956636656], [141.44534102786025, 38.762765548836036], [141.44533633191065, 38.76262799838473], [141.44530128263185, 38.76244876948886], [141.44531550412955, 38.76242850606095], [141.4453542180226, 38.76238073630872], [141.44552825199764, 38.76224419845371], [141.44555657165395, 38.762221984595506], [141.44557120930529, 38.76220761528716], [141.44571509926928, 38.76206638104859], [141.44570025389257, 38.7620227827359], [141.44567347960356, 38.76194414910785], [141.44563375543638, 38.76182746751842], [141.4454744949506, 38.761903985581995], [141.44546514046797, 38.76191182007417], [141.44536767455554, 38.761993444910274], [141.44527613956922, 38.76204578848532], [141.44513910595856, 38.762083055014216], [141.44509559219415, 38.762107714941486], [141.44506569987715, 38.76211487762693], [141.4450036129, 38.76212975465748], [141.44490285396637, 38.762182641702026], [141.44484695386964, 38.762256564001085], [141.4447767689002, 38.762294813652076], [141.4446888261937, 38.762378534022496], [141.44453461525646, 38.76251728496231], [141.44446515624907, 38.76254356679826], [141.4442672084078, 38.76252309648496], [141.44410510155154, 38.7625063321987], [141.44386893941, 38.76244922437002], [141.44378979280765, 38.76243106140642], [141.44365055483655, 38.76243125703405], [141.44350465764123, 38.76245612662808], [141.44340930446586, 38.7624940654115], [141.4433655707782, 38.762531780653894], [141.44334220697854, 38.762551928500024], [141.4432523516358, 38.762611252638685], [141.4429325644339, 38.76274526185093], [141.44279057825787, 38.762775506492844], [141.44264737199816, 38.76284211457787], [141.44263326212797, 38.7628486772521], [141.44245039164431, 38.762915314386966], [141.44234245298946, 38.76298484006226], [141.442234864035, 38.76311313793781], [141.44209159313758, 38.76313043361354], [141.4419995480789, 38.76310829162081], [141.44194284426942, 38.7631029383165], [141.44184336194158, 38.76319411294951], [141.44187420990139, 38.76319261902167], [141.4420089244668, 38.76318261133456], [141.44220950106157, 38.763198142998775], [141.44221176995373, 38.763198931170095], [141.44235986532397, 38.76325035899198], [141.44247048215593, 38.76326842197254], [141.44253395878178, 38.76331110867127], [141.44255695158512, 38.763347952375895], [141.4426651922258, 38.76334284763585], [141.44288704718693, 38.76333238460715], [141.4431644031854, 38.76336222572567], [141.4431656918349, 38.76337302969176], [141.44330760835274, 38.76329799266615], [141.44341652824485, 38.76329605392037], [141.44357751217686, 38.76329318739985], [141.44391025157725, 38.76343262822612], [141.44399963200408, 38.76346548791712], [141.4441395953907, 38.76351694245046], [141.44418675979986, 38.76353933083954], [141.444295368705, 38.76359088418808], [141.4445500340505, 38.76362234781214], [141.44461024622316, 38.76362978688199], [141.44494447350084, 38.76363038970631], [141.44503245136252, 38.76338474287298], [141.44503810388193, 38.76335595775776], [141.44506413230806, 38.76322340770519]]]}, "properties": {"KEYCODE": "000205@B078@01@0003@0000@0000@0000", "小班": "3", "小班面積": 2.71, "林種": "人工林", "中樹種": "スギ", "林齢": 11, "齢級": 3, "所有形態": "共有", "ADDDATE": "2022-09-29", "ADDTENANT": "04000F", "ADDUSER": "pasco01", "EDITDATE": null, "EDITTENANT": "", "EDITUSER": ""}}, {"type": "Feature", "geometry": {"type": "Polygon", "coordinates": [[[141.4419425681515, 38.76221082796513], [141.44178475665854, 38.76212901897998], [141.4417560140047, 38.762115511096624], [141.44173876665016, 38.76209730648269], [141.44173876726862, 38.76209941186185], [141.44171864420687, 38.76208063393217], [141.44168496521308, 38.762066162547505], [141.44167269476264, 38.76214503095899], [141.4416918818643, 38.76224736240402], [141.44159310337093, 38.76223023705914], [141.4415848257967, 38.76228121651649], [141.44165375776396, 38.76237978461148], [141.4417201804833, 38.76242944914486], [141.44174167209442, 38.762371572141255], [141.44192629272743, 38.762384401802265], [141.4419425681515, 38.76221082796513]]]}, "properties": {"KEYCODE": "000205@B078@02@0001@0000@0000@0000", "小班": "1", "小班面積": 0.08, "林種": "人工林", "中樹種": "スギ", "林齢": 88, "齢級": 18, "所有形態": "個人", "ADDDATE": "2022-09-29", "ADDTENANT": "04000F", "ADDUSER": "pasco01", "EDITDATE": null, "EDITTENANT": "", "EDITUSER": ""}}, {"type": "Feature", "geometry": {"type": "Polygon", "coordinates": [[[141.44168496521308, 38.762066162547505], [141.44171013022444, 38.76190442431436], [141.44167722678606, 38.761925316072514], [141.44154031784885, 38.761911046767615], [141.44141932016456, 38.76189774856476], [141.4414286589024, 38.761953759728655], [141.44143800122944, 38.76200978528677], [141.44156871398744, 38.76216974302399], [141.44159310337093, 38.76223023705914], [141.4416918818643, 38.76224736240402], [141.44167269476264, 38.76214503095899], [141.44168496521308, 38.762066162547505]]]}, "properties": {"KEYCODE": "000205@B078@02@0001@0001@0000@0000", "小班": "1-1", "小班面積": 0.06, "林種": "人工林", "中樹種": "スギ", "林齢": 88, "齢級": 18, "所有形態": "個人", "ADDDATE": "2022-09-29", "ADDTENANT": "04000F", "ADDUSER": "pasco01", "EDITDATE": null, "EDITTENANT": "", "EDITUSER": ""}}, {"type": "Feature", "geometry": {"type": "Polygon", "coordinates": [[[141.4415772283375, 38.76327486852074], [141.44157464046094, 38.76327445676774], [141.4415102290249, 38.7632933187717], [141.44146780379384, 38.76330574209092], [141.44134202102998, 38.76333752497152], [141.44124607410808, 38.763361768835516], [141.44127854128362, 38.76348057161076], [141.44128574060616, 38.76354792079976], [141.441377200785, 38.763461653188564], [141.4414897115044, 38.763347663668675], [141.4415581939507, 38.763311036544074], [141.44161468109107, 38.763280824890764], [141.4415772283375, 38.76327486852074]]]}, "properties": {"KEYCODE": "000205@B078@02@0002@0000@0000@0000", "小班": "2", "小班面積": 0.04, "林種": "天然林", "中樹種": "クヌギ", "林齢": 65, "齢級": 13, "所有形態": "個人", "ADDDATE": "2022-09-29", "ADDTENANT": "04000F", "ADDUSER": "pasco01", "EDITDATE": null, "EDITTENANT": "", "EDITUSER": ""}}, {"type": "Feature", "geometry": {"type": "Polygon", "coordinates": [[[141.4418824950755, 38.76344369200732], [141.4419196558403, 38.76338288657986], [141.44201973791397, 38.76326585409379], [141.44212805034505, 38.7632182922923], [141.44200369919213, 38.763213611175125], [141.4418762600989, 38.76321588736768], [141.44178870758, 38.76324175732057], [141.44175319352817, 38.763252041184074], [141.44172272080132, 38.76328282108953], [141.44161583541154, 38.76330443123339], [141.4415467071869, 38.763341972552894], [141.44150770011154, 38.76336315547889], [141.44139991844744, 38.76347305739485], [141.44142757112797, 38.763474679272775], [141.44152158522735, 38.76348339720277], [141.4416074853598, 38.76347157192911], [141.44171798590097, 38.763463726605046], [141.44187433483498, 38.76344439935238], [141.4418824950755, 38.76344369200732]]]}, "properties": {"KEYCODE": "000205@B078@02@0003@0000@0000@0000", "小班": "3", "小班面積": 0.1, "林種": "人工林", "中樹種": "スギ", "林齢": 78, "齢級": 16, "所有形態": "個人", "ADDDATE": "2022-09-29", "ADDTENANT": "04000F", "ADDUSER": "pasco01", "EDITDATE": null, "EDITTENANT": "", "EDITUSER": ""}}, {"type": "Feature", "geometry": {"type": "Polygon", "coordinates": [[[141.44263946783468, 38.76282029206197], [141.44262070075771, 38.7627684769573], [141.44258763830229, 38.76267718275057], [141.4424892151906, 38.76276379841081], [141.4423549751825, 38.762840361999224], [141.44227921477116, 38.762903819105254], [141.4421728272129, 38.76300017408336], [141.44200459943963, 38.763058175780515], [141.44200660551022, 38.76308843526789], [141.44209373970293, 38.763109512755506], [141.44221883028064, 38.76309358204621], [141.44232386899026, 38.762968486626754], [141.44243584697838, 38.76289631832533], [141.44261877633664, 38.7628298430666], [141.44263946783468, 38.76282029206197]]]}, "properties": {"KEYCODE": "000205@B078@02@0003@0001@0000@0000", "小班": "3-1", "小班面積": 0.07, "林種": "人工林", "中樹種": "スギ", "林齢": 78, "齢級": 16, "所有形態": "個人", "ADDDATE": "2022-09-29", "ADDTENANT": "04000F", "ADDUSER": "pasco01", "EDITDATE": null, "EDITTENANT": "", "EDITUSER": ""}}, {"type": "Feature", "geometry": {"type": "Polygon", "coordinates": [[[141.44200459943963, 38.763058175780515], [141.4421728272129, 38.76300017408336], [141.44227921477116, 38.762903819105254], [141.4423549751825, 38.762840361999224], [141.4424892151906, 38.76276379841081], [141.44246988975377, 38.76271301681037], [141.4424445124361, 38.76267312248155], [141.4424055496342, 38.762651253700184], [141.44233379993048, 38.762620681971306], [141.44219303451823, 38.762600956114], [141.4420715908122, 38.7626207686586], [141.44194914637924, 38.76268532903819], [141.4418561759792, 38.76273434862067], [141.44183985486706, 38.762823189371495], [141.4418042689619, 38.76289408556748], [141.4417350104264, 38.76302137263068], [141.441694648719, 38.76313016710534], [141.44171069073565, 38.76315477702412], [141.44175250199484, 38.763199063390545], [141.44193901163916, 38.76304051752483], [141.44198662187418, 38.76304141373242], [141.44200459943963, 38.763058175780515]]]}, "properties": {"KEYCODE": "000205@B078@02@0004@0000@0000@0000", "小班": "4", "小班面積": 0.23, "林種": "天然林", "中樹種": "その他L", "林齢": 68, "齢級": 14, "所有形態": "個人", "ADDDATE": "2022-09-29", "ADDTENANT": "04000F", "ADDUSER": "pasco01", "EDITDATE": null, "EDITTENANT": "", "EDITUSER": ""}}, {"type": "Feature", "geometry": {"type": "Polygon", "coordinates": [[[141.44196346460456, 38.76198796482955], [141.44191889152222, 38.76198421408833], [141.44189058308865, 38.76183027037103], [141.44166619399394, 38.761819825094854], [141.4416747518043, 38.76185200542793], [141.44171013022444, 38.76190442431436], [141.44168496521308, 38.762066162547505], [141.44171864420687, 38.76208063393217], [141.44173876726862, 38.76209941186185], [141.44173876665016, 38.76209730648269], [141.4417560140047, 38.762115511096624], [141.44178475665854, 38.76212901897998], [141.4419425681515, 38.76221082796513], [141.44196346460456, 38.76198796482955]]]}, "properties": {"KEYCODE": "000205@B078@02@0005@0000@0000@0000", "小班": "5", "小班面積": 0.08, "林種": "人工林", "中樹種": "スギ", "林齢": 71, "齢級": 15, "所有形態": "個人", "ADDDATE": "2022-09-29", "ADDTENANT": "04000F", "ADDUSER": "pasco01", "EDITDATE": null, "EDITTENANT": "", "EDITUSER": ""}}, {"type": "Feature", "geometry": {"type": "Polygon", "coordinates": [[[141.4434193993832, 38.76097874008401], [141.44331325600078, 38.76080159419071], [141.443287038541, 38.76067514678754], [141.44344326350458, 38.76062310673225], [141.44340004686285, 38.76063465471334], [141.4432330366437, 38.76055105965333], [141.44310324244913, 38.7604558568101], [141.44295872561946, 38.760226393304585], [141.44281154141146, 38.75999475885641], [141.44268823761797, 38.76003749140355], [141.4426012880695, 38.760066937163884], [141.44259220744246, 38.76017627162611], [141.44253120750827, 38.76024308256759], [141.44246918033247, 38.7603110195391], [141.44238356244722, 38.76048418459325], [141.44238113571828, 38.760576358416586], [141.4424693767244, 38.76068872619455], [141.44240208370528, 38.760746355545635], [141.44230963753645, 38.7608025726878], [141.44223923824143, 38.760845383153175], [141.44219145232478, 38.76086047157147], [141.4421431588579, 38.7609715579798], [141.44204722684827, 38.76108329157302], [141.4420127466795, 38.76110015564618], [141.44199264972085, 38.76113725089658], [141.44197831549724, 38.76120135097835], [141.4419725974378, 38.76126656924092], [141.4419869941751, 38.761337420532286], [141.44204880474987, 38.76140378170019], [141.44208473798795, 38.76143753112287], [141.44212641335298, 38.7614577913116], [141.442196806351, 38.7614600633444], [141.44219742116067, 38.761459971854336], [141.4422276249731, 38.76145547671854], [141.44228279301333, 38.76140009620666], [141.44232737227205, 38.7613798407318], [141.44234716700603, 38.76134469923158], [141.4423521415856, 38.76128532079948], [141.44245224929224, 38.76124332480608], [141.44249342573093, 38.76125240560362], [141.4424847666406, 38.76130822760758], [141.4425214685357, 38.761356714171896], [141.44265347023185, 38.76149910382222], [141.44271962695794, 38.7615146686515], [141.44274732636964, 38.76149346139521], [141.4434193993832, 38.76097874008401]]]}, "properties": {"KEYCODE": "000205@B078@02@0006@0000@0000@0000", "小班": "6", "小班面積": 1.14, "林種": "天然林", "中樹種": "その他L", "林齢": 71, "齢級": 15, "所有形態": "個人", "ADDDATE": "2022-09-29", "ADDTENANT": "04000F", "ADDUSER": "pasco01", "EDITDATE": null, "EDITTENANT": "", "EDITUSER": ""}}, {"type": "Feature", "geometry": {"type": "Polygon", "coordinates": [[[141.4426099739531, 38.76238469206606], [141.44258224469905, 38.76240162291377], [141.44250484256386, 38.76242781526299], [141.44237156405265, 38.76236415198082], [141.44213244514742, 38.76238446690556], [141.44190476240973, 38.76246439141051], [141.44189291859962, 38.762508394037326], [141.44196546821902, 38.76251803147249], [141.44201580830634, 38.76252471789455], [141.44216341061875, 38.762498670117225], [141.44234895713532, 38.76257367558294], [141.44233379993048, 38.762620681971306], [141.4424055496342, 38.762651253700184], [141.4424445124361, 38.76267312248155], [141.44246988975377, 38.76271301681037], [141.4426099739531, 38.76238469206606]]]}, "properties": {"KEYCODE": "000205@B078@02@0007@0000@0000@0000", "小班": "7", "小班面積": 0.11, "林種": "人工林", "中樹種": "スギ", "林齢": 72, "齢級": 15, "所有形態": "個人", "ADDDATE": "2022-09-29", "ADDTENANT": "04000F", "ADDUSER": "pasco01", "EDITDATE": null, "EDITTENANT": "", "EDITUSER": ""}}, {"type": "Feature", "geometry": {"type": "Polygon", "coordinates": [[[141.44171013022444, 38.76190442431436], [141.4416747518043, 38.76185200542793], [141.44166619399394, 38.761819825094854], [141.44189058308865, 38.76183027037103], [141.44189108381514, 38.76183029388978], [141.4418185597953, 38.761566840107726], [141.44175057160413, 38.76131985977561], [141.44177266681265, 38.760955739663935], [141.4415594555202, 38.76077669814888], [141.44152880555347, 38.760596166777184], [141.44138765757796, 38.76066767158022], [141.44128849548173, 38.76056045522797], [141.44125860079774, 38.76059076985981], [141.44127359286188, 38.76063275449666], [141.44132457475354, 38.76067184925064], [141.4413474242472, 38.76078553998613], [141.44132030825872, 38.76089043667776], [141.44130084120465, 38.76108587818932], [141.44135490741667, 38.761169347396724], [141.4413953256961, 38.761231745466084], [141.44137786419623, 38.76125267392076], [141.44140566239383, 38.76129730359595], [141.44150956831524, 38.76141167164704], [141.4415394965644, 38.76147271345121], [141.44149625491352, 38.76156884733206], [141.44141701034744, 38.761670465751315], [141.44152423690846, 38.76171101550334], [141.44154037039533, 38.761737770899146], [141.44155298169332, 38.76175868522557], [141.44163346770964, 38.76180601359332], [141.44167722678606, 38.761925316072514], [141.44171013022444, 38.76190442431436]]]}, "properties": {"KEYCODE": "000205@B078@02@0008@0000@0000@0000", "小班": "8", "小班面積": 0.4, "林種": "人工林", "中樹種": "スギ", "林齢": 66, "齢級": 14, "所有形態": "個人", "ADDDATE": "2022-09-29", "ADDTENANT": "04000F", "ADDUSER": "pasco01", "EDITDATE": null, "EDITTENANT": "", "EDITUSER": ""}}, {"type": "Feature", "geometry": {"type": "Polygon", "coordinates": [[[141.44141701034744, 38.761670465751315], [141.44136847860233, 38.76172222218091], [141.44126585737203, 38.76180946676637], [141.44138119817168, 38.761827217933345], [141.44141254936645, 38.761885222666066], [141.44141932016456, 38.76189774856476], [141.44154031784885, 38.761911046767615], [141.44167722678606, 38.761925316072514], [141.44163346770964, 38.76180601359332], [141.44155298169332, 38.76175868522557], [141.44154037039533, 38.761737770899146], [141.44152423690846, 38.76171101550334], [141.44141701034744, 38.761670465751315]]]}, "properties": {"KEYCODE": "000205@B078@02@0008@0001@0000@0000", "小班": "8-1", "小班面積": 0.06, "林種": "人工林", "中樹種": "スギ", "林齢": 66, "齢級": 14, "所有形態": "個人", "ADDDATE": "2022-09-29", "ADDTENANT": "04000F", "ADDUSER": "pasco01", "EDITDATE": null, "EDITTENANT": "", "EDITUSER": ""}}, {"type": "Feature", "geometry": {"type": "Polygon", "coordinates": [[[141.44265347023185, 38.76149910382222], [141.4425214685357, 38.761356714171896], [141.4424847666406, 38.76130822760758], [141.44249342573093, 38.76125240560362], [141.44245224929224, 38.76124332480608], [141.4423521415856, 38.76128532079948], [141.44234716700603, 38.76134469923158], [141.44232737227205, 38.7613798407318], [141.44228279301333, 38.76140009620666], [141.4422276249731, 38.76145547671854], [141.44219742116067, 38.761459971854336], [141.442196806351, 38.7614600633444], [141.44212641335298, 38.7614577913116], [141.44208473798795, 38.76143753112287], [141.44204880474987, 38.76140378170019], [141.4419869941751, 38.761337420532286], [141.4419725974378, 38.76126656924092], [141.44197831549724, 38.76120135097835], [141.44199264972085, 38.76113725089658], [141.4420127466795, 38.76110015564618], [141.44204722684827, 38.76108329157302], [141.4421431588579, 38.7609715579798], [141.44219145232478, 38.76086047157147], [141.4420235232752, 38.76091349702476], [141.44177266681265, 38.760955739663935], [141.44175057160413, 38.76131985977561], [141.4418185597953, 38.761566840107726], [141.44189108381514, 38.76183029388978], [141.44189058308865, 38.76183027037103], [141.44191889152222, 38.76198421408833], [141.44196346460456, 38.76198796482955], [141.44197860368527, 38.761826522887766], [141.44217505187706, 38.76172037474581], [141.44231894063788, 38.7616426259592], [141.44252449124028, 38.761555650314456], [141.44265347023185, 38.76149910382222]]]}, "properties": {"KEYCODE": "000205@B078@02@0009@0000@0000@0000", "小班": "9", "小班面積": 0.38, "林種": "人工林", "中樹種": "スギ", "林齢": 60, "齢級": 12, "所有形態": "個人", "ADDDATE": "2022-09-29", "ADDTENANT": "04000F", "ADDUSER": "pasco01", "EDITDATE": null, "EDITTENANT": "", "EDITUSER": ""}}, {"type": "Feature", "geometry": {"type": "Polygon", "coordinates": [[[141.44246801657098, 38.75978148346954], [141.4423086062376, 38.75989019498015], [141.4421950570171, 38.75996229479227], [141.44206817238646, 38.76007736979957], [141.44214034598403, 38.76018509454224], [141.4422858300151, 38.760132810178426], [141.44258098321393, 38.760026737126594], [141.4425271092028, 38.7599097750317], [141.44246801657098, 38.75978148346954]]]}, "properties": {"KEYCODE": "000205@B078@02@0012@0000@0000@0000", "小班": "12", "小班面積": 0.1, "林種": "天然林", "中樹種": "その他L", "林齢": 73, "齢級": 15, "所有形態": "個人", "ADDDATE": "2022-09-29", "ADDTENANT": "04000F", "ADDUSER": "pasco01", "EDITDATE": null, "EDITTENANT": "", "EDITUSER": ""}}, {"type": "Feature", "geometry": {"type": "Polygon", "coordinates": [[[141.4415564987364, 38.758994380962335], [141.44147748883987, 38.75895384656065], [141.44124996709274, 38.75885029249237], [141.44113997878065, 38.758798325404385], [141.44110352013695, 38.75878109985396], [141.4410065932379, 38.758739006960944], [141.44084742299356, 38.758669881948556], [141.4408288381982, 38.75866181106088], [141.440814094389, 38.75865540757726], [141.44075928569563, 38.75863294491147], [141.44070320667748, 38.75873263891473], [141.44069414430234, 38.75874875070554], [141.44070097811007, 38.75885862397045], [141.44077866071743, 38.758860733762056], [141.44086226499172, 38.75889902856446], [141.44076134959263, 38.75904051556263], [141.44074570840488, 38.75924383888282], [141.44074501451993, 38.759243422673336], [141.4407400199339, 38.759305470506625], [141.44081461466288, 38.75941423484852], [141.4408921746973, 38.75945175474025], [141.44099856744572, 38.75950322363492], [141.44111465026518, 38.75953700709348], [141.44122905665228, 38.75941521519647], [141.44131784553966, 38.75942845593632], [141.44137916377196, 38.75940167777799], [141.44146558938226, 38.75925576119025], [141.4415026174694, 38.75914930116728], [141.4415564987364, 38.758994380962335]]]}, "properties": {"KEYCODE": "000205@B078@02@0018@0000@0000@0000", "小班": "18", "小班面積": 0.47, "林種": "人工林", "中樹種": "スギ", "林齢": 68, "齢級": 14, "所有形態": "共有", "ADDDATE": "2022-09-29", "ADDTENANT": "04000F", "ADDUSER": "pasco01", "EDITDATE": null, "EDITTENANT": "", "EDITUSER": ""}}, {"type": "Feature", "geometry": {"type": "Polygon", "coordinates": [[[141.44152880555347, 38.760596166777184], [141.44152834055177, 38.76059343769443], [141.44151049886412, 38.760488352373514], [141.44149539179318, 38.760449098065465], [141.44156023333508, 38.76033305017721], [141.44160840921532, 38.7602164583603], [141.44149360650144, 38.76015064205109], [141.44137853553678, 38.76000437742203], [141.44119540463961, 38.75988267991074], [141.44116407540005, 38.759861860177494], [141.441142923105, 38.75984780275746], [141.44107932627327, 38.759805539310825], [141.4410641502134, 38.759797447135114], [141.4410629201509, 38.759893893958825], [141.4410126463322, 38.75997483918447], [141.44103516588874, 38.760106693682445], [141.44110408928142, 38.76014897449733], [141.44111014362664, 38.76015370332528], [141.44123320191443, 38.76024979747498], [141.44129231033273, 38.76031100289839], [141.44133670816342, 38.760382365789106], [141.44137440333867, 38.760473339899306], [141.44128849548173, 38.76056045522797], [141.44138765757796, 38.76066767158022], [141.44152880555347, 38.760596166777184]]]}, "properties": {"KEYCODE": "000205@B078@02@0021@0001@0000@0000", "小班": "21-1", "小班面積": 0.21, "林種": "人工林", "中樹種": "スギ", "林齢": 71, "齢級": 15, "所有形態": "個人", "ADDDATE": "2022-09-29", "ADDTENANT": "04000F", "ADDUSER": "pasco01", "EDITDATE": null, "EDITTENANT": "", "EDITUSER": ""}}, {"type": "Feature", "geometry": {"type": "Polygon", "coordinates": [[[141.4445317979634, 38.76167716752152], [141.4444926629194, 38.76161204945565], [141.44439530842132, 38.761597404589175], [141.44436548503543, 38.76156905361024], [141.44430084911323, 38.76155795018389], [141.44423278773363, 38.761573561631245], [141.4441908844548, 38.76160276410782], [141.4440406998911, 38.76161079660033], [141.44389817228503, 38.761604866530824], [141.44383495796114, 38.76161759209717], [141.44367642175274, 38.761733786383346], [141.44354828661926, 38.76184505512264], [141.4434618866823, 38.76199519732718], [141.4434106947536, 38.76213276033528], [141.44342822088, 38.76218892228791], [141.44347949453893, 38.76220390942187], [141.44358434311553, 38.76220266654501], [141.44380223684567, 38.76220794481924], [141.4440547262901, 38.76225620540921], [141.44415091682157, 38.76225474870812], [141.44427583761475, 38.7621949820366], [141.44438566176393, 38.76218944851598], [141.44444856478893, 38.76217215045609], [141.4445121196182, 38.76205645094048], [141.4445678800104, 38.761883585572974], [141.44458802011692, 38.761817692681234], [141.4445317979634, 38.76167716752152]]]}, "properties": {"KEYCODE": "000205@B078@03@0001@0000@0000@0000", "小班": "1", "小班面積": 0.58, "林種": "人工林", "中樹種": "マツ類", "林齢": 61, "齢級": 13, "所有形態": "個人", "ADDDATE": "2022-09-29", "ADDTENANT": "04000F", "ADDUSER": "pasco01", "EDITDATE": null, "EDITTENANT": "", "EDITUSER": ""}}, {"type": "Feature", "geometry": {"type": "Polygon", "coordinates": [[[141.44335002348137, 38.76251397100642], [141.4433450525276, 38.7625082762933], [141.44342951667582, 38.76245068380929], [141.4434952800692, 38.76238751237805], [141.4435421862137, 38.76229065595063], [141.4436483551219, 38.76231202028768], [141.44359074690013, 38.76223541292849], [141.44358434311553, 38.76220266654501], [141.44347949453893, 38.76220390942187], [141.44342822088, 38.76218892228791], [141.4434106947536, 38.76213276033528], [141.4434618866823, 38.76199519732718], [141.44354828661926, 38.76184505512264], [141.44367642175274, 38.761733786383346], [141.44383495796114, 38.76161759209717], [141.44389817228503, 38.761604866530824], [141.4440406998911, 38.76161079660033], [141.4441908844548, 38.76160276410782], [141.44423278773363, 38.761573561631245], [141.44430084911323, 38.76155795018389], [141.44436548503543, 38.76156905361024], [141.44439530842132, 38.761597404589175], [141.4444926629194, 38.76161204945565], [141.4443755512135, 38.76147290834157], [141.44422383563918, 38.76131024552811], [141.44422015816397, 38.76130524408277], [141.4440892658036, 38.761127285929696], [141.4440168935116, 38.76102627059181], [141.44394773512786, 38.76099047014353], [141.44389313937367, 38.76099062112082], [141.4437695861093, 38.760990960170155], [141.4434427234201, 38.760960876185315], [141.4434193993832, 38.76097874008401], [141.44344064493077, 38.76101419727], [141.44341100603233, 38.761231899174696], [141.44324398339865, 38.761516029046874], [141.44308425143961, 38.76175653552622], [141.44297134446538, 38.762027562981785], [141.44288461100984, 38.76222522940018], [141.44262962646988, 38.76233862976344], [141.4426099739531, 38.76238469206606], [141.44246988975377, 38.76271301681037], [141.4424892151906, 38.76276379841081], [141.44258763830229, 38.76267718275057], [141.44262070075771, 38.7627684769573], [141.44263946783468, 38.76282029206197], [141.44278525485217, 38.76275299396032], [141.44292385237205, 38.76272613633081], [141.44319555572548, 38.7626116706279], [141.44322982456472, 38.76259723341086], [141.44323646759807, 38.76259443481268], [141.44332476211054, 38.76253558729536], [141.44335002348137, 38.76251397100642]]]}, "properties": {"KEYCODE": "000205@B078@03@0002@0000@0000@0000", "小班": "2", "小班面積": 1.22, "林種": "人工林", "中樹種": "スギ", "林齢": 48, "齢級": 10, "所有形態": "個人", "ADDDATE": "2022-09-29", "ADDTENANT": "04000F", "ADDUSER": "pasco01", "EDITDATE": null, "EDITTENANT": "", "EDITUSER": ""}}, {"type": "Feature", "geometry": {"type": "Polygon", "coordinates": [[[141.44472701679462, 38.76054515789765], [141.44483524834598, 38.7604950120513], [141.444929975064, 38.760464959979366], [141.44499199994956, 38.76045901564902], [141.44505562465542, 38.760490998539964], [141.44509710677283, 38.76050031645884], [141.44515909559692, 38.76048664348309], [141.44521881730978, 38.760433044034954], [141.44514251339368, 38.760255996730855], [141.44506200480697, 38.760097192803286], [141.4449701015407, 38.76002997899651], [141.44489399729392, 38.76000656396469], [141.4447677945666, 38.76005623361624], [141.44459880031408, 38.76013420050414], [141.4442844390642, 38.76031340979613], [141.44419869081506, 38.76038034375492], [141.44392553747298, 38.76053721982444], [141.44365146521744, 38.76056744375669], [141.44344326350458, 38.76062310673225], [141.443287038541, 38.76067514678754], [141.44331325600078, 38.76080159419071], [141.4434193993832, 38.76097874008401], [141.4434427234201, 38.760960876185315], [141.4437695861093, 38.760990960170155], [141.44389313937367, 38.76099062112082], [141.44394773512786, 38.76099047014353], [141.4440168935116, 38.76102627059181], [141.4441127635055, 38.76095177044628], [141.4442172896214, 38.76088174745384], [141.4443704567009, 38.76077447048854], [141.44448342667465, 38.76067179986194], [141.44458048247188, 38.76054893419229], [141.4446174880745, 38.76048022788374], [141.4446564567871, 38.760514987659256], [141.44469104354698, 38.76053513085998], [141.44472701679462, 38.76054515789765]]]}, "properties": {"KEYCODE": "000205@B078@03@0003@0000@0000@0000", "小班": "3", "小班面積": 0.78, "林種": "人工林", "中樹種": "スギ", "林齢": 46, "齢級": 10, "所有形態": "個人", "ADDDATE": "2022-09-29", "ADDTENANT": "04000F", "ADDUSER": "pasco01", "EDITDATE": null, "EDITTENANT": "", "EDITUSER": ""}}, {"type": "Feature", "geometry": {"type": "Polygon", "coordinates": [[[141.44480355103246, 38.7614413441918], [141.4448656431694, 38.761368088599], [141.44482952429652, 38.76125112389555], [141.44484020364644, 38.76107563479719], [141.4448252170835, 38.76103185422168], [141.44469363057908, 38.76088094512384], [141.4446189128889, 38.76082984999259], [141.44461603790904, 38.76077837909907], [141.44462774374395, 38.76072301757394], [141.44472701679462, 38.76054515789765], [141.44469104354698, 38.76053513085998], [141.4446564567871, 38.760514987659256], [141.4446174880745, 38.76048022788374], [141.44458048247188, 38.76054893419229], [141.44448342667465, 38.76067179986194], [141.4443704567009, 38.76077447048854], [141.4442172896214, 38.76088174745384], [141.4441127635055, 38.76095177044628], [141.4440168935116, 38.76102627059181], [141.4440892658036, 38.761127285929696], [141.44422015816397, 38.76130524408277], [141.44422383563918, 38.76131024552811], [141.4443755512135, 38.76147290834157], [141.4444926629194, 38.76161204945565], [141.4445317979634, 38.76167716752152], [141.44456474858535, 38.76165908549482], [141.44460340496607, 38.7616342349535], [141.44465634055095, 38.76159022073479], [141.44480355103246, 38.7614413441918]]]}, "properties": {"KEYCODE": "000205@B078@03@0004@0000@0000@0000", "小班": "4", "小班面積": 0.5, "林種": "人工林", "中樹種": "スギ", "林齢": 47, "齢級": 10, "所有形態": "個人", "ADDDATE": "2022-09-29", "ADDTENANT": "04000F", "ADDUSER": "pasco01", "EDITDATE": null, "EDITTENANT": "", "EDITUSER": ""}}, {"type": "Feature", "geometry": {"type": "Polygon", "coordinates": [[[141.4455721214824, 38.76182906694816], [141.4453601601166, 38.761709402706046], [141.4451170367133, 38.76155090792443], [141.44490405063942, 38.76142235461191], [141.4448656431694, 38.761368088599], [141.44480355103246, 38.7614413441918], [141.44485425116218, 38.76151993302986], [141.44490486186697, 38.76158277473732], [141.44499116942725, 38.76166321771088], [141.44499149071476, 38.761663517828005], [141.44511119315058, 38.76174865525929], [141.44523942748486, 38.76181691024638], [141.44533299355393, 38.76185150916003], [141.4454517184705, 38.7618853095805], [141.44545398083358, 38.7618897787637], [141.4454571602779, 38.761887112592014], [141.4455721214824, 38.76182906694816]]]}, "properties": {"KEYCODE": "000205@B078@03@0005@0000@0000@0000", "小班": "5", "小班面積": 0.12, "林種": "人工林", "中樹種": "スギ", "林齢": 61, "齢級": 13, "所有形態": "個人", "ADDDATE": "2022-09-29", "ADDTENANT": "04000F", "ADDUSER": "pasco01", "EDITDATE": null, "EDITTENANT": "", "EDITUSER": ""}}, {"type": "Feature", "geometry": {"type": "Polygon", "coordinates": [[[141.44545398083358, 38.7618897787637], [141.4454517184705, 38.7618853095805], [141.44533299355393, 38.76185150916003], [141.44523942748486, 38.76181691024638], [141.44511119315058, 38.76174865525929], [141.44499149071476, 38.761663517828005], [141.44499116942725, 38.76166321771088], [141.44490486186697, 38.76158277473732], [141.44485425116218, 38.76151993302986], [141.44480355103246, 38.7614413441918], [141.44465634055095, 38.76159022073479], [141.44460340496607, 38.7616342349535], [141.44456474858535, 38.76165908549482], [141.4445317979634, 38.76167716752152], [141.44458802011692, 38.761817692681234], [141.4445678800104, 38.761883585572974], [141.4445121196182, 38.76205645094048], [141.44444856478893, 38.76217215045609], [141.44438566176393, 38.76218944851598], [141.44427583761475, 38.7621949820366], [141.44415091682157, 38.76225474870812], [141.4440547262901, 38.76225620540921], [141.44380223684567, 38.76220794481924], [141.44358434311553, 38.76220266654501], [141.44359074690013, 38.76223541292849], [141.4436483551219, 38.76231202028768], [141.4435421862137, 38.76229065595063], [141.4434952800692, 38.76238751237805], [141.44342951667582, 38.76245068380929], [141.4433450525276, 38.7625082762933], [141.44335002348137, 38.76251397100642], [141.44339163377342, 38.762478365027945], [141.44350134712096, 38.762436387372254], [141.44364929816246, 38.762410840398374], [141.4437957772384, 38.76240971507005], [141.4438883102217, 38.76242839368169], [141.44411170254446, 38.762485784417684], [141.44445789860387, 38.76251828070337], [141.444518104296, 38.76249849763837], [141.44466593565437, 38.76236455481016], [141.4447555959305, 38.76227850117317], [141.44482428261665, 38.762241313415906], [141.44488458784232, 38.76216582755495], [141.44499728186986, 38.76210789613992], [141.4450757125768, 38.76208938676371], [141.44511743102242, 38.762067384860444], [141.4452605969467, 38.76202735655147], [141.44535012297098, 38.76197690637013], [141.44545398083358, 38.7618897787637]]]}, "properties": {"KEYCODE": "000205@B078@03@0005@0001@0000@0000", "小班": "5-1", "小班面積": 0.66, "林種": "人工林", "中樹種": "スギ", "林齢": 45, "齢級": 9, "所有形態": "個人", "ADDDATE": "2022-09-29", "ADDTENANT": "04000F", "ADDUSER": "pasco01", "EDITDATE": null, "EDITTENANT": "", "EDITUSER": ""}}, {"type": "Feature", "geometry": {"type": "Polygon", "coordinates": [[[141.43611259334799, 38.759306192504255], [141.43631448047753, 38.75921500794241], [141.43652413516196, 38.7590023607606], [141.43667733966424, 38.75884970670275], [141.43681334020425, 38.758654457017734], [141.43703477106956, 38.758490657521484], [141.43717029423306, 38.75837003074789], [141.4371675271887, 38.75808262451585], [141.43717206879685, 38.75778595537926], [141.43716910359385, 38.757773508660435], [141.4371566201313, 38.75772110340528], [141.43712688697045, 38.757596280773605], [141.43673881260568, 38.757686563233136], [141.4364005802956, 38.75777961424963], [141.43623517497636, 38.75782757519068], [141.43605670656675, 38.75784498194374], [141.4358921420304, 38.757893091215855], [141.43568787774385, 38.75802276440352], [141.43535607388603, 38.75819931897701], [141.43533294342072, 38.758217487480586], [141.43513311295993, 38.75837445640695], [141.43507975126255, 38.758438983649555], [141.4350081059598, 38.75852562098216], [141.43506253684464, 38.758611148022354], [141.43508299728478, 38.758643297317604], [141.4351455865677, 38.75878136106351], [141.43522118642363, 38.75889443009872], [141.43477761927926, 38.759158584638364], [141.434749703038, 38.759178809162], [141.43470601763815, 38.75918597981238], [141.43467000177773, 38.75918982273331], [141.43463562909406, 38.759296241734425], [141.43462554508832, 38.759329950026206], [141.4345596677669, 38.75955018847299], [141.4345242405062, 38.75974077416234], [141.43451434865614, 38.75986596790442], [141.4348873283137, 38.75975065365179], [141.43503025960993, 38.759688026682824], [141.43534107913635, 38.759525524240644], [141.43549742143622, 38.75944378547754], [141.43579573837366, 38.759368681381375], [141.4360457750661, 38.75931265413243], [141.43611259334799, 38.759306192504255]]]}, "properties": {"KEYCODE": "000205@B079@01@0001@0000@0000@0000", "小班": "1", "小班面積": 2.83, "林種": "伐採跡地", "中樹種": "", "林齢": null, "齢級": null, "所有形態": "個人", "ADDDATE": "2022-09-29", "ADDTENANT": "04000F", "ADDUSER": "pasco01", "EDITDATE": null, "EDITTENANT": "", "EDITUSER": ""}}, {"type": "Feature", "geometry": {"type": "Polygon", "coordinates": [[[141.43518162634803, 38.75974438010933], [141.43522767303648, 38.759726794525356], [141.4354631833569, 38.75960401788423], [141.43553690790418, 38.75956689339174], [141.43561210400756, 38.75950170840382], [141.4357543122544, 38.759470226299534], [141.43591894897156, 38.75939071897448], [141.43601468983235, 38.75937234804789], [141.43609297699098, 38.759341910420424], [141.43611259334799, 38.759306192504255], [141.4360457750661, 38.75931265413243], [141.43579573837366, 38.759368681381375], [141.43549742143622, 38.75944378547754], [141.43534107913635, 38.759525524240644], [141.43503025960993, 38.759688026682824], [141.4348873283137, 38.75975065365179], [141.43451434865614, 38.75986596790442], [141.43458634560199, 38.759924947407086], [141.43462528862113, 38.75995684854503], [141.43518162634803, 38.75974438010933]]]}, "properties": {"KEYCODE": "000205@B079@01@0001@0001@0000@0000", "小班": "1-1", "小班面積": 0.16, "林種": "人工林", "中樹種": "マツ類", "林齢": 66, "齢級": 14, "所有形態": "個人", "ADDDATE": "2022-09-29", "ADDTENANT": "04000F", "ADDUSER": "pasco01", "EDITDATE": null, "EDITTENANT": "", "EDITUSER": ""}}, {"type": "Feature", "geometry": {"type": "Polygon", "coordinates": [[[141.43302341547516, 38.76749104897613], [141.43293098386556, 38.76733659255476], [141.4328294718759, 38.767166959382585], [141.43272744855165, 38.7672164343473], [141.43266409829437, 38.76724276433054], [141.43269913552845, 38.76736393011445], [141.43270293945673, 38.767477485882], [141.43270382864065, 38.767494637881946], [141.4327118861638, 38.767650059639585], [141.43269192223275, 38.76765845922256], [141.43269804928437, 38.7676673286001], [141.4328760555776, 38.7675848129348], [141.43302341547516, 38.76749104897613]]]}, "properties": {"KEYCODE": "000205@B093@01@0001@0000@0000@0000", "小班": "1", "小班面積": 0.1, "林種": "人工林", "中樹種": "スギ", "林齢": 49, "齢級": 10, "所有形態": "個人", "ADDDATE": "2022-09-29", "ADDTENANT": "04000F", "ADDUSER": "pasco01", "EDITDATE": null, "EDITTENANT": "", "EDITUSER": ""}}, {"type": "Feature", "geometry": {"type": "Polygon", "coordinates": [[[141.4328294718759, 38.767166959382585], [141.43279903892616, 38.767116105252136], [141.4327292092271, 38.766976736159314], [141.43260047571817, 38.767007381543976], [141.4325905358339, 38.76700862348683], [141.43250860621723, 38.767018861444214], [141.43243110670088, 38.767031420753234], [141.43234792140728, 38.767056360362886], [141.43234477134584, 38.76705712154427], [141.4321517463537, 38.76709350217052], [141.43215168545242, 38.76709365022864], [141.43215180646115, 38.767094360411356], [141.4322632126202, 38.76709906877963], [141.4324771955569, 38.767064053489534], [141.4325576764886, 38.76711214483947], [141.4326079091235, 38.76716485064335], [141.43265256463826, 38.76720288248898], [141.43266409829437, 38.76724276433054], [141.43272744855165, 38.7672164343473], [141.4328294718759, 38.767166959382585]]]}, "properties": {"KEYCODE": "000205@B093@01@0002@0000@0000@0000", "小班": "2", "小班面積": 0.06, "林種": "人工林", "中樹種": "マツ類", "林齢": 49, "齢級": 10, "所有形態": "個人", "ADDDATE": "2022-09-29", "ADDTENANT": "04000F", "ADDUSER": "pasco01", "EDITDATE": null, "EDITTENANT": "", "EDITUSER": ""}}, {"type": "Feature", "geometry": {"type": "Polygon", "coordinates": [[[141.4327292092271, 38.766976736159314], [141.43271341068524, 38.76694520402753], [141.43257117841435, 38.7667112126027], [141.43254704025347, 38.766671501676285], [141.43249632391115, 38.76670124783747], [141.43227387517442, 38.766770954801935], [141.4321477191045, 38.766787105563004], [141.43215426119605, 38.76680875017697], [141.43217653254274, 38.76688243973327], [141.43217667809637, 38.76688292006314], [141.43214834840967, 38.76698077581711], [141.432143964025, 38.76704821192869], [141.43215124609338, 38.76709106061733], [141.4321517463537, 38.76709350217052], [141.43234477134584, 38.76705712154427], [141.43234792140728, 38.767056360362886], [141.43243110670088, 38.767031420753234], [141.43250860621723, 38.767018861444214], [141.4325905358339, 38.76700862348683], [141.43260047571817, 38.767007381543976], [141.4327292092271, 38.766976736159314]]]}, "properties": {"KEYCODE": "000205@B093@01@0003@0000@0000@0000", "小班": "3", "小班面積": 0.15, "林種": "人工林", "中樹種": "マツ類", "林齢": 47, "齢級": 10, "所有形態": "個人", "ADDDATE": "2022-09-29", "ADDTENANT": "04000F", "ADDUSER": "pasco01", "EDITDATE": null, "EDITTENANT": "", "EDITUSER": ""}}, {"type": "Feature", "geometry": {"type": "Polygon", "coordinates": [[[141.43320744125427, 38.76691435171412], [141.4331209549043, 38.76691193525423], [141.43307802053354, 38.76687497131818], [141.43306135155302, 38.76677494537957], [141.43296510993747, 38.76662574809465], [141.43296537083788, 38.76651133363737], [141.4330086407323, 38.76629754017167], [141.43298116361044, 38.76621568477712], [141.4330147901657, 38.76615925882607], [141.43298595089772, 38.766060248450394], [141.43292465586572, 38.766011937339094], [141.43267995437463, 38.765985423379384], [141.43248042298092, 38.76597214477467], [141.43237321365407, 38.765939594687914], [141.43237621235318, 38.76589844554435], [141.4324015541093, 38.76577018014901], [141.43239300375618, 38.76562148689516], [141.43238012487313, 38.76553764933582], [141.43243092031588, 38.76549543808969], [141.43254895677242, 38.765484344815256], [141.43264447392488, 38.76540500729656], [141.43253183334565, 38.7652902338603], [141.43243853999192, 38.765195173534146], [141.43222375299294, 38.76502515099044], [141.4322024200126, 38.76509627212985], [141.43216711255985, 38.76520877521943], [141.43205025867903, 38.76541157884522], [141.43195316517958, 38.76559704439647], [141.43187986940112, 38.765715646393545], [141.43185311940738, 38.76580327970474], [141.43179007087502, 38.76588531515936], [141.43166875086527, 38.76607140090182], [141.43171359831948, 38.766091225130694], [141.43170981344042, 38.76618790919137], [141.43170364760448, 38.76623305376644], [141.43176623609048, 38.76626009607101], [141.43181069035995, 38.766250607288576], [141.43202448088238, 38.76620509843657], [141.43236309133323, 38.766132301165754], [141.43248308046762, 38.766274754780135], [141.43260325600218, 38.76645318888657], [141.4326991699895, 38.766658656888985], [141.43270509051956, 38.76669236488333], [141.43257117841435, 38.7667112126027], [141.43271341068524, 38.76694520402753], [141.4327292092271, 38.766976736159314], [141.43279903892616, 38.767116105252136], [141.4328294718759, 38.767166959382585], [141.43293098386556, 38.76733659255476], [141.43302341547516, 38.76749104897613], [141.4331088183991, 38.76742569256474], [141.4331713714956, 38.76737782253551], [141.4333284988125, 38.76727234873551], [141.43320744125427, 38.76691435171412]]]}, "properties": {"KEYCODE": "000205@B093@01@0004@0000@0000@0000", "小班": "4", "小班面積": 1.16, "林種": "人工林", "中樹種": "マツ類", "林齢": 60, "齢級": 12, "所有形態": "個人", "ADDDATE": "2022-09-29", "ADDTENANT": "04000F", "ADDUSER": "pasco01", "EDITDATE": null, "EDITTENANT": "", "EDITUSER": ""}}, {"type": "Feature", "geometry": {"type": "Polygon", "coordinates": [[[141.43257117841435, 38.7667112126027], [141.43270509051956, 38.76669236488333], [141.4326991699895, 38.766658656888985], [141.43260325600218, 38.76645318888657], [141.43248308046762, 38.766274754780135], [141.43236309133323, 38.766132301165754], [141.43202448088238, 38.76620509843657], [141.43181069035995, 38.766250607288576], [141.43176623609048, 38.76626009607101], [141.43191280384963, 38.766323422274034], [141.43177985869534, 38.7664904696739], [141.43175549609194, 38.76652108146079], [141.43172340263519, 38.76655964174375], [141.4317463216075, 38.76657716383963], [141.4318704515103, 38.76666422993065], [141.4319470540006, 38.766686471591036], [141.43199621906265, 38.766700747530365], [141.43204972669764, 38.76671995069698], [141.4321477191045, 38.766787105563004], [141.43227387517442, 38.766770954801935], [141.43249632391115, 38.76670124783747], [141.43254704025347, 38.766671501676285], [141.43257117841435, 38.7667112126027]]]}, "properties": {"KEYCODE": "000205@B093@01@0005@0000@0000@0000", "小班": "5", "小班面積": 0.4, "林種": "天然林", "中樹種": "マツ類", "林齢": 54, "齢級": 11, "所有形態": "個人", "ADDDATE": "2022-09-29", "ADDTENANT": "04000F", "ADDUSER": "pasco01", "EDITDATE": null, "EDITTENANT": "", "EDITUSER": ""}}, {"type": "Feature", "geometry": {"type": "Polygon", "coordinates": [[[141.43262631512502, 38.764686868707116], [141.43230958035554, 38.76482006747911], [141.4321079682932, 38.764931373194585], [141.43213856082494, 38.764957713466906], [141.43222375299294, 38.76502515099044], [141.43243853999192, 38.765195173534146], [141.43253183334565, 38.7652902338603], [141.43253525806927, 38.765287651466124], [141.4325981751661, 38.76523353669033], [141.4326195392116, 38.76519863474081], [141.43262649707225, 38.76515814996256], [141.43261195819466, 38.76512445911862], [141.4325756889191, 38.76505710618859], [141.43255678408062, 38.76501443782116], [141.4325421596655, 38.76496500974196], [141.4325477396986, 38.76493464813525], [141.43257760212174, 38.764878360514246], [141.43260574541492, 38.764769254353524], [141.43262631512502, 38.764686868707116]]]}, "properties": {"KEYCODE": "000205@B093@01@0006@0000@0000@0000", "小班": "6", "小班面積": 0.15, "林種": "人工林", "中樹種": "マツ類", "林齢": 60, "齢級": 12, "所有形態": "個人", "ADDDATE": "2022-09-29", "ADDTENANT": "04000F", "ADDUSER": "pasco01", "EDITDATE": null, "EDITTENANT": "", "EDITUSER": ""}}, {"type": "Feature", "geometry": {"type": "Polygon", "coordinates": [[[141.43321625380295, 38.76455355813115], [141.43311302224126, 38.76449177600202], [141.43299388186443, 38.76451622310821], [141.432713722159, 38.76465400282957], [141.43262631512502, 38.764686868707116], [141.43260574541492, 38.764769254353524], [141.43257760212174, 38.764878360514246], [141.4325477396986, 38.76493464813525], [141.4325421596655, 38.76496500974196], [141.43255678408062, 38.76501443782116], [141.4325756889191, 38.76505710618859], [141.43261195819466, 38.76512445911862], [141.43262649707225, 38.76515814996256], [141.4326195392116, 38.76519863474081], [141.4325981751661, 38.76523353669033], [141.43253525806927, 38.765287651466124], [141.43253183334565, 38.7652902338603], [141.43264447392488, 38.76540500729656], [141.43270272996378, 38.76543731090129], [141.43271268564808, 38.76542546808512], [141.43278974160862, 38.7653297226014], [141.43301395358267, 38.765168276893384], [141.43313769152616, 38.76496551175011], [141.43317321045353, 38.76484424161303], [141.43319333791374, 38.76477549042148], [141.4332730630214, 38.7646978523352], [141.43321625380295, 38.76455355813115]]]}, "properties": {"KEYCODE": "000205@B093@01@0006@0001@0000@0000", "小班": "6-1", "小班面積": 0.39, "林種": "人工林", "中樹種": "マツ類", "林齢": 60, "齢級": 12, "所有形態": "個人", "ADDDATE": "2022-09-29", "ADDTENANT": "04000F", "ADDUSER": "pasco01", "EDITDATE": null, "EDITTENANT": "", "EDITUSER": ""}}, {"type": "Feature", "geometry": {"type": "Polygon", "coordinates": [[[141.43311725647936, 38.765754151090036], [141.43309658335104, 38.765762850775694], [141.4330779580943, 38.765773018311066], [141.43306946077647, 38.765794395008804], [141.43306378582528, 38.76580790145553], [141.43305098694933, 38.765833786660686], [141.43303524045209, 38.765842822313], [141.43298358128064, 38.76585194312586], [141.43295488444792, 38.76585763984295], [141.43294344871535, 38.76586890559388], [141.43294125266627, 38.765910501078864], [141.4329459793202, 38.765940557573394], [141.43297354825938, 38.76596067716647], [141.43312060538173, 38.76596269012476], [141.4331459524234, 38.76590709039783], [141.4331650801972, 38.7658651332419], [141.43311725647936, 38.765754151090036]]]}, "properties": {"KEYCODE": "000205@B093@01@0007@0000@0000@0000", "小班": "7", "小班面積": 0.03, "林種": "人工林", "中樹種": "スギ", "林齢": 78, "齢級": 16, "所有形態": "個人", "ADDDATE": "2022-09-29", "ADDTENANT": "04000F", "ADDUSER": "pasco01", "EDITDATE": null, "EDITTENANT": "", "EDITUSER": ""}}, {"type": "Feature", "geometry": {"type": "Polygon", "coordinates": [[[141.43404009693177, 38.76404672869926], [141.43377408588682, 38.76396176500189], [141.4336040125217, 38.76392981103188], [141.43353919299565, 38.76392665566878], [141.43346624412425, 38.763923104178694], [141.43334800615048, 38.76411741182516], [141.43346091985498, 38.764158399219326], [141.4334763253986, 38.76417368481289], [141.43373638034956, 38.76443171121431], [141.4338251587047, 38.764478532981826], [141.43387899581506, 38.764508766840535], [141.4339568855555, 38.76446020856905], [141.43408377585607, 38.76438615002197], [141.43407713625595, 38.764320396584225], [141.43402339513216, 38.76430160363817], [141.43395651422225, 38.764313388667965], [141.43380029979932, 38.76427319358689], [141.43376812711438, 38.76418013196565], [141.43377443028209, 38.7640926482891], [141.43385325631252, 38.76405315274275], [141.43404009693177, 38.76404672869926]]]}, "properties": {"KEYCODE": "000205@B093@01@0008@0000@0000@0000", "小班": "8", "小班面積": 0.19, "林種": "天然林", "中樹種": "その他L", "林齢": 66, "齢級": 14, "所有形態": "個人", "ADDDATE": "2022-09-29", "ADDTENANT": "04000F", "ADDUSER": "pasco01", "EDITDATE": null, "EDITTENANT": "", "EDITUSER": ""}}, {"type": "Feature", "geometry": {"type": "Polygon", "coordinates": [[[141.4317281593823, 38.765684014583215], [141.43186037601458, 38.76549135772478], [141.43204575124244, 38.76522815892187], [141.4320688801362, 38.76489771975979], [141.4321079682932, 38.764931373194585], [141.43230958035554, 38.76482006747911], [141.43262631512502, 38.764686868707116], [141.432713722159, 38.76465400282957], [141.43299388186443, 38.76451622310821], [141.43311302224126, 38.76449177600202], [141.43321625380295, 38.76455355813115], [141.4332251306162, 38.76455072791578], [141.43342156025446, 38.76448278334313], [141.43343231251632, 38.76434448731209], [141.43344453497718, 38.76428555222848], [141.43345471045922, 38.76423651853624], [141.4334763253986, 38.76417368481289], [141.43346091985498, 38.764158399219326], [141.43334800615048, 38.76411741182516], [141.43346624412425, 38.763923104178694], [141.43340506356506, 38.763907511272464], [141.4331409724682, 38.76384020184476], [141.43312019422913, 38.763834905831004], [141.43294392815437, 38.76378998011563], [141.4328743078928, 38.76384082680454], [141.43253317636822, 38.763939103065674], [141.432027750215, 38.76399694660357], [141.43183532825952, 38.76402851555812], [141.43174127156863, 38.764067134584984], [141.43161984398995, 38.764109231450014], [141.43142006339943, 38.76415228951748], [141.43134169214287, 38.76419598826078], [141.43128984273807, 38.7642577510687], [141.43128120640182, 38.76431738559584], [141.4312966013761, 38.76436840357525], [141.43136791969746, 38.76437149449638], [141.43161126674875, 38.764305844390286], [141.43162614921602, 38.76424227880915], [141.43164760723377, 38.76422535833633], [141.43169497863062, 38.76421962038974], [141.43201101835234, 38.764249768300665], [141.43214961429229, 38.764221885617225], [141.43228098734005, 38.764204050485745], [141.43231047627035, 38.76423536298504], [141.4323177252037, 38.7643375823772], [141.43213502803727, 38.764443636307625], [141.43202351440794, 38.76454288847828], [141.43196241233346, 38.7645539283599], [141.43191655490403, 38.76453128059347], [141.43178788481393, 38.76451641534698], [141.43178777929893, 38.764517283445386], [141.43176450646527, 38.76470844646333], [141.4317611048563, 38.76473638789831], [141.43176940340985, 38.764819569720245], [141.43177351256293, 38.764860764443966], [141.43174502092202, 38.76496152273215], [141.43171810958506, 38.76505669100067], [141.4317016350353, 38.76511494947917], [141.43169673445405, 38.76513577704163], [141.43164142755577, 38.76537081344015], [141.43157278606404, 38.76549727151675], [141.43156005205898, 38.765514998662134], [141.43142046665366, 38.76570930998973], [141.43151189845074, 38.76581909129672], [141.43157395544964, 38.76589360346587], [141.43167206603246, 38.76578896726335], [141.4317281593823, 38.765684014583215]]]}, "properties": {"KEYCODE": "000205@B093@01@0011@0000@0000@0000", "小班": "11", "小班面積": 1.48, "林種": "天然林", "中樹種": "その他L", "林齢": 89, "齢級": 18, "所有形態": "個人", "ADDDATE": "2022-09-29", "ADDTENANT": "04000F", "ADDUSER": "pasco01", "EDITDATE": null, "EDITTENANT": "", "EDITUSER": ""}}, {"type": "Feature", "geometry": {"type": "Polygon", "coordinates": [[[141.43487067582788, 38.7660176177739], [141.4347751165586, 38.76595262381239], [141.43474405886423, 38.76592244163068], [141.43463856194344, 38.76597776219978], [141.43463822283212, 38.76597794051904], [141.43437661195676, 38.76635528191017], [141.43406400252667, 38.76661919244009], [141.43390278113142, 38.76674607361315], [141.4339889237561, 38.76675431551946], [141.4340423655515, 38.766723059225875], [141.43428059854443, 38.76659828638597], [141.434451471147, 38.766435481587166], [141.43479942270494, 38.76609144310618], [141.43487521815052, 38.76612346977387], [141.4348798893234, 38.76612544300667], [141.43487067582788, 38.7660176177739]]]}, "properties": {"KEYCODE": "000205@B093@02@0001@0003@0000@0000", "小班": "1-3", "小班面積": 0.15, "林種": "人工林", "中樹種": "マツ類", "林齢": 56, "齢級": 12, "所有形態": "共有", "ADDDATE": "2022-09-29", "ADDTENANT": "04000F", "ADDUSER": "pasco01", "EDITDATE": null, "EDITTENANT": "", "EDITUSER": ""}}, {"type": "Feature", "geometry": {"type": "Polygon", "coordinates": [[[141.43463856194344, 38.76597776219978], [141.43452088274506, 38.765909859341434], [141.4344057075274, 38.76586182254117], [141.43437848264492, 38.765874250700364], [141.43435563059256, 38.76589904361438], [141.43435296040897, 38.76593614701758], [141.43434346665813, 38.76604184239347], [141.43432530388796, 38.76613743831489], [141.43430406821471, 38.76619594324563], [141.4342869620872, 38.76621847239085], [141.4342367547525, 38.766232090745845], [141.4341936710884, 38.76623332124506], [141.43415630316022, 38.76623004491886], [141.43411885865183, 38.76621214841905], [141.4340842311872, 38.76618301142807], [141.43406816715157, 38.76613359095305], [141.4340549191754, 38.76607404710637], [141.43403591879675, 38.766013398601636], [141.43403006475592, 38.76599317666524], [141.43399697636042, 38.765984265743036], [141.43396546259044, 38.76600121129282], [141.4339325910206, 38.766030515023694], [141.4338037445745, 38.76611290587343], [141.4337363367717, 38.76613218889653], [141.43369034298323, 38.76612668648798], [141.43363566151135, 38.766108841435845], [141.4335866360709, 38.76607523775731], [141.4335345854002, 38.76601017337132], [141.4334852797718, 38.76592374375409], [141.43346499635277, 38.76589119061561], [141.4334561999902, 38.76585748931454], [141.43345456597476, 38.76582039902182], [141.4334672840992, 38.7657821449568], [141.4334956397336, 38.7657123794129], [141.43352540132565, 38.76563586707721], [141.43358108539556, 38.76557277190377], [141.43362542700356, 38.76553893193125], [141.43371563740726, 38.76548474844424], [141.4337743664139, 38.765454248883955], [141.4338373686047, 38.76541587157073], [141.43388734391755, 38.76535953523597], [141.4339516983494, 38.765305412349385], [141.43402467852025, 38.76525351534014], [141.43408910933434, 38.765214013443654], [141.43415637159694, 38.76516774928351], [141.43421644426002, 38.76512038692518], [141.43427507314482, 38.76506964460953], [141.43431640323956, 38.76500883907677], [141.43443998141285, 38.76501639176783], [141.434529144658, 38.76503640050057], [141.43458958618854, 38.76505647674402], [141.4346385232593, 38.76507546711216], [141.4347145231781, 38.76505166193143], [141.43471645556536, 38.76504951417443], [141.4348473298597, 38.76490406212643], [141.4349457474809, 38.76477341287507], [141.4350581824292, 38.76457865694787], [141.43516060515776, 38.76439066410089], [141.43516797947368, 38.764377332581795], [141.43511327980534, 38.764365287341796], [141.43511746897144, 38.764382905217445], [141.43503400627017, 38.7643550199213], [141.43497495093956, 38.764325937768454], [141.43496225806427, 38.76436981343361], [141.43494795782144, 38.76438109412703], [141.43491930476486, 38.76439465587853], [141.4349006128354, 38.76439132870156], [141.43480317185694, 38.764456104254265], [141.4344741789073, 38.76446898140258], [141.4343659406027, 38.764487671192725], [141.4342631028842, 38.764568290089734], [141.43415991110354, 38.764751881649595], [141.4340185210489, 38.764882277238115], [141.43374154888497, 38.765115704131304], [141.43376118055187, 38.7651322877791], [141.4335626206335, 38.76528098170018], [141.43355151069417, 38.76528111803401], [141.43342019112146, 38.76528273017681], [141.43332913471215, 38.76528384719983], [141.43329913984294, 38.76541069346055], [141.4331381768182, 38.7656053823285], [141.43312087323056, 38.76567307397677], [141.43315180162267, 38.76575648639118], [141.43319187648555, 38.765864572296316], [141.4331750737775, 38.76590660491011], [141.4331266391211, 38.766027770140774], [141.43321305990978, 38.766158253062706], [141.43329130192458, 38.76627638705011], [141.43345513142444, 38.76652374494372], [141.4335651090316, 38.766599764905976], [141.43361279735296, 38.76662344043481], [141.4337137321469, 38.766673550237556], [141.43390278113142, 38.76674607361315], [141.43406400252667, 38.76661919244009], [141.43437661195676, 38.76635528191017], [141.43463822283212, 38.76597794051904], [141.43463856194344, 38.76597776219978]]]}, "properties": {"KEYCODE": "000205@B093@02@0001@0000@0000@0000", "小班": "1", "小班面積": 1.47, "林種": "人工林", "中樹種": "マツ類", "林齢": 56, "齢級": 12, "所有形態": "共有", "ADDDATE": "2022-09-29", "ADDTENANT": "04000F", "ADDUSER": "pasco01", "EDITDATE": null, "EDITTENANT": "", "EDITUSER": ""}}, {"type": "Feature", "geometry": {"type": "Polygon", "coordinates": [[[141.43560152545444, 38.76287666345557], [141.43582847660937, 38.76256671331888], [141.4358612253315, 38.76252198642005], [141.4361577511325, 38.76236791851255], [141.43616880981824, 38.762236751169944], [141.43584068306316, 38.76225725101414], [141.4355433274422, 38.762260324914294], [141.43553671483815, 38.76228402539842], [141.43551562432353, 38.7623034221441], [141.43548431932368, 38.762316222932974], [141.43546589264284, 38.762326597033244], [141.43545780821333, 38.76234918799005], [141.43525274616871, 38.76224223366675], [141.4351401783573, 38.76221492533709], [141.43506742798857, 38.76225248419062], [141.43505592320145, 38.76230433205663], [141.4350065137691, 38.76253100561625], [141.43495144518897, 38.76268026406444], [141.43484314579527, 38.763045901321654], [141.43471845435067, 38.76336660076986], [141.43465789803653, 38.76359494499696], [141.4348113782522, 38.76380176020056], [141.43485524659087, 38.76396652452309], [141.43488169265206, 38.76380908563052], [141.4349663115492, 38.763784135936525], [141.43499860146912, 38.76391332776251], [141.43502641785528, 38.76400993035183], [141.43504417559495, 38.764107683804184], [141.43506690972427, 38.76419567119834], [141.4350677153716, 38.76415760620806], [141.43520060188763, 38.763888573573745], [141.43533459382476, 38.76361838194465], [141.43537471893478, 38.76350763593194], [141.43554178020455, 38.763078734886314], [141.43560152545444, 38.76287666345557]]]}, "properties": {"KEYCODE": "000205@B093@02@0001@0002@0000@0000", "小班": "1-2", "小班面積": 1.19, "林種": "人工林", "中樹種": "マツ類", "林齢": 56, "齢級": 12, "所有形態": "共有", "ADDDATE": "2022-09-29", "ADDTENANT": "04000F", "ADDUSER": "pasco01", "EDITDATE": null, "EDITTENANT": "", "EDITUSER": ""}}, {"type": "Feature", "geometry": {"type": "Polygon", "coordinates": [[[141.4344057075274, 38.76586182254117], [141.43443854104018, 38.76582239286075], [141.43446143609364, 38.76580547349444], [141.43449433463402, 38.7657806559119], [141.43451863443855, 38.76575699064598], [141.43452711768953, 38.76573111036339], [141.43451542416884, 38.765695170917176], [141.4345052832856, 38.76567833137677], [141.43448053245442, 38.7656165683879], [141.43445575635283, 38.7655491830635], [141.43443827181628, 38.765503139271964], [141.43444388674436, 38.76547839895888], [141.4344523762235, 38.7654547699746], [141.43447516950857, 38.76541874323406], [141.43450940542948, 38.76537368566045], [141.43455057283833, 38.765282528971746], [141.4346003323803, 38.765186851539305], [141.43466742541375, 38.76510799372514], [141.4347145231781, 38.76505166193143], [141.4346385232593, 38.76507546711216], [141.43458958618854, 38.76505647674402], [141.434529144658, 38.76503640050057], [141.43443998141285, 38.76501639176783], [141.43431640323956, 38.76500883907677], [141.43427507314482, 38.76506964460953], [141.43421644426002, 38.76512038692518], [141.43415637159694, 38.76516774928351], [141.43408910933434, 38.765214013443654], [141.43402467852025, 38.76525351534014], [141.4339516983494, 38.765305412349385], [141.43388734391755, 38.76535953523597], [141.4338373686047, 38.76541587157073], [141.4337743664139, 38.765454248883955], [141.43371563740726, 38.76548474844424], [141.43362542700356, 38.76553893193125], [141.43358108539556, 38.76557277190377], [141.43352540132565, 38.76563586707721], [141.4334956397336, 38.7657123794129], [141.4334672840992, 38.7657821449568], [141.43345456597476, 38.76582039902182], [141.4334561999902, 38.76585748931454], [141.43346499635277, 38.76589119061561], [141.4334852797718, 38.76592374375409], [141.4335345854002, 38.76601017337132], [141.4335866360709, 38.76607523775731], [141.43363566151135, 38.766108841435845], [141.43369034298323, 38.76612668648798], [141.4337363367717, 38.76613218889653], [141.4338037445745, 38.76611290587343], [141.4339325910206, 38.766030515023694], [141.43396546259044, 38.76600121129282], [141.43399697636042, 38.765984265743036], [141.43403006475592, 38.76599317666524], [141.43403591879675, 38.766013398601636], [141.4340549191754, 38.76607404710637], [141.43406816715157, 38.76613359095305], [141.4340842311872, 38.76618301142807], [141.43411885865183, 38.76621214841905], [141.43415630316022, 38.76623004491886], [141.4341936710884, 38.76623332124506], [141.4342367547525, 38.766232090745845], [141.4342869620872, 38.76621847239085], [141.43430406821471, 38.76619594324563], [141.43432530388796, 38.76613743831489], [141.43434346665813, 38.76604184239347], [141.43435296040897, 38.76593614701758], [141.43435563059256, 38.76589904361438], [141.43437848264492, 38.765874250700364], [141.4344057075274, 38.76586182254117]]]}, "properties": {"KEYCODE": "000205@B093@02@0002@0000@0000@0000", "小班": "2", "小班面積": 0.79, "林種": "人工林", "中樹種": "マツ類", "林齢": 55, "齢級": 11, "所有形態": "共有", "ADDDATE": "2022-09-29", "ADDTENANT": "04000F", "ADDUSER": "pasco01", "EDITDATE": null, "EDITTENANT": "", "EDITUSER": ""}}, {"type": "Feature", "geometry": {"type": "Polygon", "coordinates": [[[141.4347751165586, 38.76595262381239], [141.43487067582788, 38.7660176177739], [141.43504761777314, 38.76598713071352], [141.43506025745245, 38.76598278911164], [141.4351465115257, 38.76595316245489], [141.4351903479965, 38.76592007043082], [141.43521340222208, 38.765902665419006], [141.43508906355692, 38.765917373972435], [141.43494472762305, 38.765928208798215], [141.4347751165586, 38.76595262381239]]]}, "properties": {"KEYCODE": "000205@B093@02@0003@0001@0000@0000", "小班": "3-1", "小班面積": 0.03, "林種": "人工林", "中樹種": "スギ", "林齢": 52, "齢級": 11, "所有形態": "共有", "ADDDATE": "2022-09-29", "ADDTENANT": "04000F", "ADDUSER": "pasco01", "EDITDATE": null, "EDITTENANT": "", "EDITUSER": ""}}, {"type": "Feature", "geometry": {"type": "Polygon", "coordinates": [[[141.43474405886423, 38.76592244163068], [141.43467538367938, 38.76584826430205], [141.43475299102602, 38.76569660541915], [141.43481812128118, 38.76560486587742], [141.43499535287867, 38.7653871632908], [141.4351656563989, 38.765200982239826], [141.43522383229185, 38.76513762030262], [141.43533954599846, 38.764989773736254], [141.43544333815044, 38.76496651861343], [141.43536302410885, 38.764615071383524], [141.4353339473055, 38.76441388103986], [141.43516797947368, 38.764377332581795], [141.43516060515776, 38.76439066410089], [141.4350581824292, 38.76457865694787], [141.4349457474809, 38.76477341287507], [141.4348473298597, 38.76490406212643], [141.43471645556536, 38.76504951417443], [141.4347145231781, 38.76505166193143], [141.43466742541375, 38.76510799372514], [141.4346003323803, 38.765186851539305], [141.43455057283833, 38.765282528971746], [141.43450940542948, 38.76537368566045], [141.43447516950857, 38.76541874323406], [141.4344523762235, 38.7654547699746], [141.43444388674436, 38.76547839895888], [141.43443827181628, 38.765503139271964], [141.43445575635283, 38.7655491830635], [141.43448053245442, 38.7656165683879], [141.4345052832856, 38.76567833137677], [141.43451542416884, 38.765695170917176], [141.43452711768953, 38.76573111036339], [141.43451863443855, 38.76575699064598], [141.43449433463402, 38.7657806559119], [141.43446143609364, 38.76580547349444], [141.43443854104018, 38.76582239286075], [141.4344057075274, 38.76586182254117], [141.43452088274506, 38.765909859341434], [141.43463856194344, 38.76597776219978], [141.43474405886423, 38.76592244163068]]]}, "properties": {"KEYCODE": "000205@B093@02@0003@0000@0000@0000", "小班": "3", "小班面積": 0.62, "林種": "人工林", "中樹種": "スギ", "林齢": 52, "齢級": 11, "所有形態": "共有", "ADDDATE": "2022-09-29", "ADDTENANT": "04000F", "ADDUSER": "pasco01", "EDITDATE": null, "EDITTENANT": "", "EDITUSER": ""}}, {"type": "Feature", "geometry": {"type": "Polygon", "coordinates": [[[141.43374154888497, 38.765115704131304], [141.4340185210489, 38.764882277238115], [141.43415991110354, 38.764751881649595], [141.4342631028842, 38.764568290089734], [141.4343659406027, 38.764487671192725], [141.4344741789073, 38.76446898140258], [141.43450720795414, 38.76442605613371], [141.4345714415029, 38.76434945719378], [141.43462975064963, 38.76424139264713], [141.43465526359685, 38.76417725398419], [141.43467205755078, 38.764094024348815], [141.43467173422866, 38.76403219876244], [141.43465704049, 38.76397041017404], [141.43462345708465, 38.7639011828107], [141.43462218195197, 38.76389855516535], [141.43455114754528, 38.76377732912208], [141.43443682364435, 38.763620244088806], [141.43465789803653, 38.76359494499696], [141.43471845435067, 38.76336660076986], [141.43484314579527, 38.763045901321654], [141.43463043926664, 38.76288333180915], [141.43485914146927, 38.76229792252672], [141.43500066454908, 38.76230253637027], [141.43500845192887, 38.762302789072066], [141.43505592320145, 38.76230433205663], [141.43506742798857, 38.76225248419062], [141.4351401783573, 38.76221492533709], [141.43525274616871, 38.76224223366675], [141.43545780821333, 38.76234918799005], [141.43546589264284, 38.762326597033244], [141.43548431932368, 38.762316222932974], [141.43551562432353, 38.7623034221441], [141.43553671483815, 38.76228402539842], [141.4355433274422, 38.762260324914294], [141.43556636528604, 38.762201558190135], [141.43558529082142, 38.76215184048225], [141.43560996882385, 38.762102038174504], [141.43562636038007, 38.76206584598531], [141.43564999506182, 38.762032922738875], [141.43566374489268, 38.76200688008573], [141.43566193287904, 38.76199116887061], [141.43564997123207, 38.76197109559263], [141.43562810182215, 38.76195791113471], [141.43560784113097, 38.76195144804104], [141.4354987984163, 38.76195745216581], [141.43539143985066, 38.761973545604455], [141.4353776873835, 38.76193889699342], [141.43535661527773, 38.76189871767347], [141.4353125792254, 38.761858864731366], [141.4352586364263, 38.76182588163856], [141.43520486549866, 38.76179965522147], [141.43514557537588, 38.76178360934242], [141.4350734846378, 38.761772242800824], [141.43495983986554, 38.76176594502052], [141.43482931334097, 38.761774491510536], [141.43473361797913, 38.761798290005885], [141.43463798747715, 38.76182434031772], [141.43456394772466, 38.761852342531554], [141.43450160345262, 38.761889176341356], [141.43450271688968, 38.76192931163058], [141.43452126247712, 38.76196258705746], [141.4346645574913, 38.7620780513789], [141.43472875159438, 38.76216042291312], [141.43454323470516, 38.76218646895531], [141.43433234159787, 38.76227097339961], [141.43432676859908, 38.76241344558244], [141.4343268249729, 38.7625831281637], [141.43425791287046, 38.76264283410697], [141.43423314440824, 38.76273878294508], [141.43422760925148, 38.76284106796245], [141.43414994923242, 38.76283789246367], [141.4340396948058, 38.76275979965875], [141.43394809603598, 38.76272809146568], [141.43387230410676, 38.762729911534116], [141.4337570596381, 38.762819173839226], [141.4337087000591, 38.76293383544639], [141.43369660360057, 38.7630161318337], [141.433717950615, 38.76305678210192], [141.433826528973, 38.7631527611022], [141.43382040588656, 38.76318497149327], [141.43378854754158, 38.7631980061999], [141.43363325786052, 38.763195228249174], [141.43355300648426, 38.763209942048356], [141.43351772367296, 38.76325016784817], [141.4334801313387, 38.763341892327865], [141.43346518114453, 38.76341061700014], [141.43348131731443, 38.76348347209501], [141.4336237962665, 38.763592148229186], [141.43381828393186, 38.76364843503664], [141.43405574643714, 38.763699988985], [141.4342805275951, 38.76377827132661], [141.4344406908068, 38.763926184826204], [141.4344447759931, 38.76397764973914], [141.43440193160353, 38.763986802417826], [141.43434986418413, 38.76398671882624], [141.43428171229576, 38.764089610480966], [141.43404009693177, 38.76404672869926], [141.43385325631252, 38.76405315274275], [141.43377443028209, 38.7640926482891], [141.43376812711438, 38.76418013196565], [141.43380029979932, 38.76427319358689], [141.43395651422225, 38.764313388667965], [141.43402339513216, 38.76430160363817], [141.43407713625595, 38.764320396584225], [141.43408377585607, 38.76438615002197], [141.4339568855555, 38.76446020856905], [141.43387899581506, 38.764508766840535], [141.4338251587047, 38.764478532981826], [141.43373638034956, 38.76443171121431], [141.43370160819592, 38.76469276083554], [141.43353665959262, 38.76500886579343], [141.43348356035472, 38.76506880086591], [141.43337975088673, 38.765185975819065], [141.43328515120555, 38.76527237041175], [141.4333083785376, 38.76525526938567], [141.43342606416806, 38.765259092176805], [141.43354259765442, 38.76526287752341], [141.43363046181628, 38.765197881044415], [141.43374154888497, 38.765115704131304]]]}, "properties": {"KEYCODE": "000205@B093@02@0004@0000@0000@0000", "小班": "4", "小班面積": 2.31, "林種": "人工林", "中樹種": "スギ", "林齢": 99, "齢級": 20, "所有形態": "共有", "ADDDATE": "2022-09-29", "ADDTENANT": "04000F", "ADDUSER": "pasco01", "EDITDATE": null, "EDITTENANT": "", "EDITUSER": ""}}, {"type": "Feature", "geometry": {"type": "Polygon", "coordinates": [[[141.43381828393186, 38.76364843503664], [141.43389746556144, 38.76375876483185], [141.43398151590387, 38.76389681699499], [141.43404009693177, 38.76404672869926], [141.43428171229576, 38.764089610480966], [141.43434986418413, 38.76398671882624], [141.43440193160353, 38.763986802417826], [141.4344447759931, 38.76397764973914], [141.4344406908068, 38.763926184826204], [141.4342805275951, 38.76377827132661], [141.43405574643714, 38.763699988985], [141.43381828393186, 38.76364843503664]]]}, "properties": {"KEYCODE": "000205@B093@02@0005@0000@0000@0000", "小班": "5", "小班面積": 0.14, "林種": "天然林", "中樹種": "マツ類", "林齢": 98, "齢級": 20, "所有形態": "共有", "ADDDATE": "2022-09-29", "ADDTENANT": "04000F", "ADDUSER": "pasco01", "EDITDATE": null, "EDITTENANT": "", "EDITUSER": ""}}, {"type": "Feature", "geometry": {"type": "Polygon", "coordinates": [[[141.43497495093956, 38.764325937768454], [141.43495679611888, 38.764260095010755], [141.43490372860109, 38.764168749350155], [141.4348889390583, 38.764090096606395], [141.43487570964294, 38.764032796857016], [141.43485524659087, 38.76396652452309], [141.4348113782522, 38.76380176020056], [141.43465789803653, 38.76359494499696], [141.43443682364435, 38.763620244088806], [141.43455114754528, 38.76377732912208], [141.43462218195197, 38.76389855516535], [141.43462345708465, 38.7639011828107], [141.43465704049, 38.76397041017404], [141.43467173422866, 38.76403219876244], [141.43467205755078, 38.764094024348815], [141.43465526359685, 38.76417725398419], [141.43462975064963, 38.76424139264713], [141.4345714415029, 38.76434945719378], [141.43450720795414, 38.76442605613371], [141.4344741789073, 38.76446898140258], [141.43480317185694, 38.764456104254265], [141.4349006128354, 38.76439132870156], [141.43491930476486, 38.76439465587853], [141.43494795782144, 38.76438109412703], [141.43496225806427, 38.76436981343361], [141.43497495093956, 38.764325937768454]]]}, "properties": {"KEYCODE": "000205@B093@02@0006@0000@0000@0000", "小班": "6", "小班面積": 0.23, "林種": "人工林", "中樹種": "スギ", "林齢": 71, "齢級": 15, "所有形態": "共有", "ADDDATE": "2022-09-29", "ADDTENANT": "04000F", "ADDUSER": "pasco01", "EDITDATE": null, "EDITTENANT": "", "EDITUSER": ""}}, {"type": "Feature", "geometry": {"type": "Polygon", "coordinates": [[[141.43505592320145, 38.76230433205663], [141.43500845192887, 38.762302789072066], [141.43500066454908, 38.76230253637027], [141.43485914146927, 38.76229792252672], [141.43463043926664, 38.76288333180915], [141.43484314579527, 38.763045901321654], [141.43495144518897, 38.76268026406444], [141.4350065137691, 38.76253100561625], [141.43505592320145, 38.76230433205663]]]}, "properties": {"KEYCODE": "000205@B093@02@0007@0000@0000@0000", "小班": "7", "小班面積": 0.16, "林種": "人工林", "中樹種": "スギ", "林齢": 68, "齢級": 14, "所有形態": "共有", "ADDDATE": "2022-09-29", "ADDTENANT": "04000F", "ADDUSER": "pasco01", "EDITDATE": null, "EDITTENANT": "", "EDITUSER": ""}}, {"type": "Feature", "geometry": {"type": "Polygon", "coordinates": [[[141.43381828393186, 38.76364843503664], [141.4336237962665, 38.763592148229186], [141.43348131731443, 38.76348347209501], [141.43346518114453, 38.76341061700014], [141.4334801313387, 38.763341892327865], [141.43351772367296, 38.76325016784817], [141.43355300648426, 38.763209942048356], [141.43363325786052, 38.763195228249174], [141.43378854754158, 38.7631980061999], [141.43382040588656, 38.76318497149327], [141.433826528973, 38.7631527611022], [141.433717950615, 38.76305678210192], [141.43369660360057, 38.7630161318337], [141.4337087000591, 38.76293383544639], [141.4337570596381, 38.762819173839226], [141.43387230410676, 38.762729911534116], [141.43394809603598, 38.76272809146568], [141.4340396948058, 38.76275979965875], [141.43414994923242, 38.76283789246367], [141.43422760925148, 38.76284106796245], [141.43423314440824, 38.76273878294508], [141.43425791287046, 38.76264283410697], [141.4343268249729, 38.7625831281637], [141.43432676859908, 38.76241344558244], [141.4341289497161, 38.76250704719763], [141.43396847247652, 38.762603961054296], [141.43383952219432, 38.76268283903135], [141.4337349713523, 38.762758303276534], [141.4337340987621, 38.76275907982279], [141.43360329145335, 38.76287539280297], [141.43350175162354, 38.76298344462811], [141.433433186748, 38.76308020015513], [141.4333761397217, 38.76318368112159], [141.4333491828849, 38.76326799788462], [141.43335788796696, 38.763344428946944], [141.43337270777272, 38.76341180258686], [141.43341774680928, 38.76354545098602], [141.43346142511257, 38.763699332257765], [141.43353919299565, 38.76392665566878], [141.4336040125217, 38.76392981103188], [141.43377408588682, 38.76396176500189], [141.43404009693177, 38.76404672869926], [141.43398151590387, 38.76389681699499], [141.43389746556144, 38.76375876483185], [141.43381828393186, 38.76364843503664]]]}, "properties": {"KEYCODE": "000205@B093@02@0008@0000@0000@0000", "小班": "8", "小班面積": 0.4, "林種": "天然林", "中樹種": "その他L", "林齢": 65, "齢級": 13, "所有形態": "共有", "ADDDATE": "2022-09-29", "ADDTENANT": "04000F", "ADDUSER": "pasco01", "EDITDATE": null, "EDITTENANT": "", "EDITUSER": ""}}, {"type": "Feature", "geometry": {"type": "Polygon", "coordinates": [[[141.43294392815437, 38.76378998011563], [141.4329096053156, 38.763781232867835], [141.43270690771377, 38.76384704929147], [141.43257058537057, 38.76389131269212], [141.43222367057805, 38.763909831180094], [141.432027750215, 38.76399694660357], [141.43253317636822, 38.763939103065674], [141.4328743078928, 38.76384082680454], [141.43294392815437, 38.76378998011563]]]}, "properties": {"KEYCODE": "000205@B093@03@0001@0001@0000@0000", "小班": "1-1", "小班面積": 0.04, "林種": "人工林", "中樹種": "スギ", "林齢": 37, "齢級": 8, "所有形態": "共有", "ADDDATE": "2022-09-29", "ADDTENANT": "04000F", "ADDUSER": "pasco01", "EDITDATE": null, "EDITTENANT": "", "EDITUSER": ""}}, {"type": "Feature", "geometry": {"type": "Polygon", "coordinates": [[[141.43222367057805, 38.763909831180094], [141.43257058537057, 38.76389131269212], [141.43270690771377, 38.76384704929147], [141.4329096053156, 38.763781232867835], [141.43294392815437, 38.76378998011563], [141.4330349361748, 38.76375842703956], [141.4330989875603, 38.763702697173436], [141.4331247265528, 38.763665005136566], [141.4331114947005, 38.76362991486095], [141.43314410761604, 38.763588360559126], [141.43323331713276, 38.763503115337414], [141.43330074220808, 38.763506783617004], [141.43331897228, 38.763502399992106], [141.43330008094583, 38.76331871967359], [141.4332515920707, 38.76330895786641], [141.43318170492364, 38.763361517803716], [141.4330803730247, 38.76336728190719], [141.4329532269484, 38.76336257036613], [141.43282335663696, 38.76339601188838], [141.43271950689615, 38.763446599822196], [141.43262182613537, 38.76354758521807], [141.43247690259727, 38.76365164331799], [141.4323733316629, 38.763681015329425], [141.43220820895493, 38.76370402885045], [141.43198361959412, 38.76371519101739], [141.43182874581993, 38.76376246475805], [141.43175487316591, 38.7637816383055], [141.4314223613404, 38.76386794119782], [141.43196439413336, 38.763923671018205], [141.43222367057805, 38.763909831180094]]]}, "properties": {"KEYCODE": "000205@B093@03@0001@0002@0000@0000", "小班": "1-2", "小班面積": 0.43, "林種": "人工林", "中樹種": "ヒノキ類", "林齢": 37, "齢級": 8, "所有形態": "共有", "ADDDATE": "2022-09-29", "ADDTENANT": "04000F", "ADDUSER": "pasco01", "EDITDATE": null, "EDITTENANT": "", "EDITUSER": ""}}, {"type": "Feature", "geometry": {"type": "Polygon", "coordinates": [[[141.43262182613537, 38.76354758521807], [141.4324610335973, 38.76355957070534], [141.43233284546025, 38.76348489611793], [141.43228797925173, 38.76347091088571], [141.432254713393, 38.76346125263221], [141.4322185596542, 38.76345162718453], [141.43216526714912, 38.7634456219326], [141.43207478947056, 38.76344686923967], [141.43183836846424, 38.76347261230057], [141.43153920610138, 38.76351832446025], [141.4313962882296, 38.76354951498639], [141.43136206266317, 38.763560104415134], [141.43133836190782, 38.76359078391192], [141.43128108660437, 38.76371971429994], [141.43148573307013, 38.76368654047009], [141.4316674785773, 38.76365706096023], [141.4317654477799, 38.763643878441385], [141.43175487316591, 38.7637816383055], [141.43182874581993, 38.76376246475805], [141.43198361959412, 38.76371519101739], [141.43220820895493, 38.76370402885045], [141.4323733316629, 38.763681015329425], [141.43247690259727, 38.76365164331799], [141.43262182613537, 38.76354758521807]]]}, "properties": {"KEYCODE": "000205@B093@03@0002@0000@0000@0000", "小班": "2", "小班面積": 0.24, "林種": "天然林", "中樹種": "マツ類", "林齢": 89, "齢級": 18, "所有形態": "共有", "ADDDATE": "2022-09-29", "ADDTENANT": "04000F", "ADDUSER": "pasco01", "EDITDATE": null, "EDITTENANT": "", "EDITUSER": ""}}, {"type": "Feature", "geometry": {"type": "Polygon", "coordinates": [[[141.4341289497161, 38.76250704719763], [141.43401539773419, 38.762468028555254], [141.43381996472385, 38.762405530762756], [141.43363161611913, 38.76233844675493], [141.433505581541, 38.76229409538606], [141.43332757397906, 38.76223617300151], [141.43320454626758, 38.76220046433738], [141.43297937438896, 38.7621319565638], [141.43287271516155, 38.762334716901215], [141.43269473498606, 38.762429808906866], [141.43270279422134, 38.762460632115776], [141.4326856018363, 38.762471842683354], [141.43231157826023, 38.76271572506061], [141.4320871990947, 38.762891692695106], [141.43202630573265, 38.76300768087017], [141.43200867410542, 38.7630412645199], [141.4318901119667, 38.76311168182243], [141.4316659269326, 38.76309898300061], [141.4316025720156, 38.763081100301086], [141.431418142026, 38.763126259945125], [141.43129046559807, 38.763226966199134], [141.43118056906752, 38.763350040587156], [141.43112953807147, 38.76346046258745], [141.43106086905246, 38.763717297518845], [141.43106379469108, 38.76375033715583], [141.43128108660437, 38.76371971429994], [141.43133836190782, 38.76359078391192], [141.43136206266317, 38.763560104415134], [141.4313962882296, 38.76354951498639], [141.43153920610138, 38.76351832446025], [141.43183836846424, 38.76347261230057], [141.43207478947056, 38.76344686923967], [141.43216526714912, 38.7634456219326], [141.4322185596542, 38.76345162718453], [141.432254713393, 38.76346125263221], [141.43228797925173, 38.76347091088571], [141.43233284546025, 38.76348489611793], [141.4324610335973, 38.76355957070534], [141.43262182613537, 38.76354758521807], [141.43271950689615, 38.763446599822196], [141.43282335663696, 38.76339601188838], [141.4329532269484, 38.76336257036613], [141.4330803730247, 38.76336728190719], [141.43318170492364, 38.763361517803716], [141.4332515920707, 38.76330895786641], [141.43330008094583, 38.76331871967359], [141.43331897228, 38.763502399992106], [141.43330074220808, 38.763506783617004], [141.43323331713276, 38.763503115337414], [141.43314410761604, 38.763588360559126], [141.4331114947005, 38.76362991486095], [141.4331247265528, 38.763665005136566], [141.4330989875603, 38.763702697173436], [141.4330349361748, 38.76375842703956], [141.43294392815437, 38.76378998011563], [141.43312019422913, 38.763834905831004], [141.4331409724682, 38.76384020184476], [141.43340506356506, 38.763907511272464], [141.43346624412425, 38.763923104178694], [141.43353919299565, 38.76392665566878], [141.43346142511257, 38.763699332257765], [141.43341774680928, 38.76354545098602], [141.43337270777272, 38.76341180258686], [141.43335788796696, 38.763344428946944], [141.4333491828849, 38.76326799788462], [141.4333761397217, 38.76318368112159], [141.433433186748, 38.76308020015513], [141.43350175162354, 38.76298344462811], [141.43360329145335, 38.76287539280297], [141.4337340987621, 38.76275907982279], [141.4337349713523, 38.762758303276534], [141.43383952219432, 38.76268283903135], [141.43396847247652, 38.762603961054296], [141.4341289497161, 38.76250704719763]]]}, "properties": {"KEYCODE": "000205@B093@03@0003@0000@0000@0000", "小班": "3", "小班面積": 2.04, "林種": "天然林", "中樹種": "その他L", "林齢": 89, "齢級": 18, "所有形態": "共有", "ADDDATE": "2022-09-29", "ADDTENANT": "04000F", "ADDUSER": "pasco01", "EDITDATE": null, "EDITTENANT": "", "EDITUSER": ""}}, {"type": "Feature", "geometry": {"type": "Polygon", "coordinates": [[[141.43409261380825, 38.76118105068741], [141.4340435734464, 38.761172735264154], [141.43395928635877, 38.761193015970214], [141.4338765021095, 38.76121551319486], [141.43379430292936, 38.76124480998681], [141.4337171628737, 38.761281782454994], [141.43364233251762, 38.76132526546365], [141.43356139397144, 38.76138145533557], [141.43348683353923, 38.761443450177964], [141.4334266194709, 38.761509479380365], [141.43338750761217, 38.7615561031211], [141.4333485442544, 38.76160947376303], [141.43332525076758, 38.7616570072567], [141.43331344960714, 38.761704381753404], [141.43331443056843, 38.761745952857176], [141.43337994018262, 38.76178214680347], [141.43342924756473, 38.76180169524831], [141.433475519881, 38.761814546714554], [141.43353459505641, 38.7618215946404], [141.43360360863508, 38.76182401406606], [141.43365352276, 38.761808712820454], [141.43368892894233, 38.7617868735319], [141.43374628887645, 38.761782705054316], [141.4337965009652, 38.76177976154618], [141.43382660347237, 38.76177710241436], [141.43382558969603, 38.76173439726227], [141.4338250039794, 38.761709679811254], [141.43383306676154, 38.761685962960655], [141.4338471907102, 38.761675656268004], [141.43388144737787, 38.76166618305727], [141.43392306312705, 38.76166449085857], [141.43406510510712, 38.76165690510321], [141.43411678770127, 38.76165507100504], [141.43423436150474, 38.76164557479764], [141.43433180362388, 38.761635235154365], [141.4344077941781, 38.761628565171975], [141.43444651263715, 38.76162578049117], [141.43447215208565, 38.76161644151466], [141.43449039768797, 38.761598203719316], [141.43447650350348, 38.76149723210157], [141.4344717393866, 38.76141749167767], [141.43448788648936, 38.761371175781115], [141.43448253707416, 38.76132741096188], [141.4344716068289, 38.761290468467884], [141.434453166988, 38.76124014942032], [141.4344239378378, 38.76121919185635], [141.43438196974037, 38.76120628169316], [141.4343142881427, 38.76119935141908], [141.43424375235995, 38.761193579011156], [141.43417614506296, 38.761190017609145], [141.43409261380825, 38.76118105068741]]]}, "properties": {"KEYCODE": "000205@B093@03@0008@0000@0000@0000", "小班": "8", "小班面積": 0.49, "林種": "天然林", "中樹種": "マツ類", "林齢": 91, "齢級": 19, "所有形態": "共有", "ADDDATE": "2022-09-29", "ADDTENANT": "04000F", "ADDUSER": "pasco01", "EDITDATE": null, "EDITTENANT": "", "EDITUSER": ""}}, {"type": "Feature", "geometry": {"type": "Polygon", "coordinates": [[[141.43538698662277, 38.76034493700081], [141.43549083453152, 38.76029447732704], [141.4356806016353, 38.76027506006715], [141.4357469511287, 38.76024434275519], [141.43586689990835, 38.76017632516768], [141.4358688661325, 38.760175210538506], [141.43598633886504, 38.760100524580594], [141.43610798630644, 38.760020159375685], [141.43620255199804, 38.75995651824679], [141.43624006156486, 38.759800877723656], [141.4364025142557, 38.75957025911821], [141.43641887070703, 38.75948817826812], [141.4365188376938, 38.7593570403328], [141.43664683930865, 38.75921464961181], [141.43674101048651, 38.759053786747494], [141.43686812308334, 38.758867024244296], [141.43696957441455, 38.75873199810912], [141.43701116903858, 38.758673243341214], [141.43705242368353, 38.758614976795734], [141.43706994766438, 38.758580904642464], [141.43710726059984, 38.75850833425781], [141.43717029423306, 38.75837003074789], [141.43703477106956, 38.758490657521484], [141.43681334020425, 38.758654457017734], [141.43667733966424, 38.75884970670275], [141.43652413516196, 38.7590023607606], [141.43631448047753, 38.75921500794241], [141.43611259334799, 38.759306192504255], [141.43609297699098, 38.759341910420424], [141.43601468983235, 38.75937234804789], [141.43591894897156, 38.75939071897448], [141.4357543122544, 38.759470226299534], [141.43561210400756, 38.75950170840382], [141.43553690790418, 38.75956689339174], [141.43572684313293, 38.75965858216265], [141.43588870480318, 38.75973119482894], [141.4358468224653, 38.75985512027372], [141.43564802727727, 38.75989118415455], [141.43543818872195, 38.75991729387937], [141.43527917528385, 38.760025938832], [141.43509924424006, 38.76012140761762], [141.43495264704475, 38.76014397106879], [141.43498967631785, 38.76016717211379], [141.43514306241428, 38.76026327784007], [141.43515166981172, 38.76037886025209], [141.43536440140278, 38.76035591088006], [141.43538698662277, 38.76034493700081]]]}, "properties": {"KEYCODE": "000205@B093@03@0009@0000@0000@0000", "小班": "9", "小班面積": 0.85, "林種": "天然林", "中樹種": "その他L", "林齢": 80, "齢級": 16, "所有形態": "共有", "ADDDATE": "2022-09-29", "ADDTENANT": "04000F", "ADDUSER": "pasco01", "EDITDATE": null, "EDITTENANT": "", "EDITUSER": ""}}, {"type": "Feature", "geometry": {"type": "MultiPolygon", "coordinates": [[[[141.43616880981824, 38.762236751169944], [141.4361829996465, 38.76206842122382], [141.43619004807002, 38.76198481909476], [141.43634193644576, 38.76157514802811], [141.43646110100866, 38.761498521365965], [141.43658308063388, 38.7614200854772], [141.43694676041665, 38.76109095006375], [141.43743018645043, 38.76091112101269], [141.43759343757606, 38.76084710663053], [141.43775766775363, 38.76052135997915], [141.43779380123678, 38.7604754799026], [141.43789492728496, 38.76035530047223], [141.43802579089336, 38.75994543859509], [141.4380448480455, 38.75987436686441], [141.43807439860075, 38.75976416016233], [141.43808739964197, 38.75971567177521], [141.43815548392976, 38.759590636089136], [141.43818133645294, 38.7595250345172], [141.43821763080464, 38.75927885824036], [141.43822388807715, 38.75913142196848], [141.43831854397982, 38.75895522215656], [141.43810411308272, 38.75882080171344], [141.43780427137304, 38.75863412044783], [141.4375704618061, 38.7585673571031], [141.43717029423306, 38.75837003074789], [141.43710726059984, 38.75850833425781], [141.43706994766438, 38.758580904642464], [141.43705242368353, 38.758614976795734], [141.43701116903858, 38.758673243341214], [141.43696957441455, 38.75873199810912], [141.43686812308334, 38.758867024244296], [141.43674101048651, 38.759053786747494], [141.43664683930865, 38.75921464961181], [141.4365188376938, 38.7593570403328], [141.43641887070703, 38.75948817826812], [141.4364025142557, 38.75957025911821], [141.43624006156486, 38.759800877723656], [141.43620255199804, 38.75995651824679], [141.43610798630644, 38.760020159375685], [141.43598633886504, 38.760100524580594], [141.4358688661325, 38.760175210538506], [141.43586689990835, 38.76017632516768], [141.4357469511287, 38.76024434275519], [141.4356806016353, 38.76027506006715], [141.43549083453152, 38.76029447732704], [141.43538698662277, 38.76034493700081], [141.43539623041622, 38.76040351850744], [141.43541641563715, 38.760531413200546], [141.43552414243916, 38.760481218198585], [141.43561358171283, 38.76043614520889], [141.43569895269007, 38.76040124616513], [141.4357558956554, 38.76037910606642], [141.43586121651785, 38.760337175320856], [141.43595488498772, 38.760288674898135], [141.4360299333235, 38.76024267579678], [141.4361220134716, 38.760187444761335], [141.43623794097644, 38.7601082800805], [141.43632968992182, 38.76003957325156], [141.4364140784253, 38.75996309359868], [141.43649107291876, 38.759877724205126], [141.43656204883573, 38.75978119674861], [141.43662715589613, 38.75967913203038], [141.4366696818445, 38.75959423771784], [141.4367015983893, 38.75948588488535], [141.436748086463, 38.759386331500096], [141.43677683069856, 38.75932635488612], [141.43680933375688, 38.7592427284687], [141.436848769318, 38.75914888616966], [141.4368980471185, 38.75904591294499], [141.43694623871633, 38.758957565879356], [141.43699323962676, 38.758879359974294], [141.43702669279088, 38.758836178623454], [141.43705905996066, 38.75880763335398], [141.4371039394741, 38.75878369907032], [141.4371643789813, 38.75876571135108], [141.4372241031324, 38.75875035790051], [141.43728611297715, 38.7587494158856], [141.43733509852805, 38.75875547710836], [141.4373639868833, 38.758761823250765], [141.43740598649413, 38.75877584929393], [141.43742938876758, 38.758793511946514], [141.43744563322767, 38.75881240076709], [141.43746512687815, 38.75884697443297], [141.43748346248367, 38.758892807119544], [141.43749052726685, 38.75894891417336], [141.43749058623686, 38.75901185917131], [141.43748044529906, 38.759063351603196], [141.43768875430547, 38.759129390227095], [141.4376580426217, 38.759227611079176], [141.43763074669144, 38.759288688517444], [141.4375909912535, 38.75936904548045], [141.4375360498391, 38.75945373404098], [141.43747062259095, 38.75956404407827], [141.437387400399, 38.759689968406676], [141.4373026757266, 38.75981253921138], [141.4371547490588, 38.75999667998699], [141.4370543020897, 38.760122846207395], [141.43692136642446, 38.76039205881077], [141.4368491488542, 38.760492544197234], [141.43675349725052, 38.76055787161276], [141.4366758870968, 38.760596410604464], [141.4365541581684, 38.760601806427324], [141.43641543859246, 38.760613963597216], [141.43595984848565, 38.76067977946888], [141.43580447489785, 38.760731381728796], [141.43566457680907, 38.760769283453776], [141.4354609416726, 38.760813548451516], [141.43519169807772, 38.76084948077397], [141.4349612941876, 38.76090249526315], [141.43474718374043, 38.76097070458082], [141.4346556094995, 38.7610287427103], [141.43447949089864, 38.76097750506622], [141.43416066827783, 38.76093949618134], [141.43377781194047, 38.76089576140888], [141.43351351469636, 38.7610194509318], [141.43339420554207, 38.76108802677894], [141.43328816388677, 38.761285893413074], [141.43322796134407, 38.76133791359325], [141.43303580731887, 38.761644590171514], [141.43301840366212, 38.7617689664502], [141.43307047087083, 38.76195877837256], [141.43305208964478, 38.76199372187147], [141.43318433670711, 38.76199764768235], [141.4332681147276, 38.76198830066285], [141.43326846300175, 38.76198825653331], [141.43337843167012, 38.7619608905013], [141.43350268536557, 38.761929945645704], [141.43363562935485, 38.761902253287026], [141.43375725245963, 38.761881466609914], [141.4338834764267, 38.76187297945958], [141.4340155834768, 38.76186475562868], [141.43402262170378, 38.76186431765921], [141.43415602474153, 38.76185573025609], [141.43420197702514, 38.76185509763621], [141.43423644612713, 38.761854623134305], [141.43436019969016, 38.76186302186555], [141.43445698256807, 38.76188529867569], [141.43448394094372, 38.76188764107787], [141.43450160345262, 38.761889176341356], [141.43456394772466, 38.761852342531554], [141.43463798747715, 38.76182434031772], [141.43473361797913, 38.761798290005885], [141.43482931334097, 38.761774491510536], [141.43495983986554, 38.76176594502052], [141.4350734846378, 38.761772242800824], [141.43514557537588, 38.76178360934242], [141.43520486549866, 38.76179965522147], [141.4352586364263, 38.76182588163856], [141.4353125792254, 38.761858864731366], [141.43535661527773, 38.76189871767347], [141.4353776873835, 38.76193889699342], [141.43539143985066, 38.761973545604455], [141.4354987984163, 38.76195745216581], [141.43560784113097, 38.76195144804104], [141.43562810182215, 38.76195791113471], [141.43564997123207, 38.76197109559263], [141.43566193287904, 38.76199116887061], [141.43566374489268, 38.76200688008573], [141.43564999506182, 38.762032922738875], [141.43562636038007, 38.76206584598531], [141.43560996882385, 38.762102038174504], [141.43558529082142, 38.76215184048225], [141.43556636528604, 38.762201558190135], [141.4355433274422, 38.762260324914294], [141.43584068306316, 38.76225725101414], [141.43616880981824, 38.762236751169944]], [[141.43616880981824, 38.762236751169944], [141.4361829996465, 38.76206842122382], [141.43619004807002, 38.76198481909476], [141.43634193644576, 38.76157514802811], [141.43646110100866, 38.761498521365965], [141.43658308063388, 38.7614200854772], [141.43694676041665, 38.76109095006375], [141.43743018645043, 38.76091112101269], [141.43759343757606, 38.76084710663053], [141.43775766775363, 38.76052135997915], [141.43779380123678, 38.7604754799026], [141.43789492728496, 38.76035530047223], [141.43802579089336, 38.75994543859509], [141.4380448480455, 38.75987436686441], [141.43807439860075, 38.75976416016233], [141.43808739964197, 38.75971567177521], [141.43815548392976, 38.759590636089136], [141.43818133645294, 38.7595250345172], [141.43821763080464, 38.75927885824036], [141.43822388807715, 38.75913142196848], [141.43831854397982, 38.75895522215656], [141.43810411308272, 38.75882080171344], [141.43780427137304, 38.75863412044783], [141.4375704618061, 38.7585673571031], [141.43717029423306, 38.75837003074789], [141.43710726059984, 38.75850833425781], [141.43706994766438, 38.758580904642464], [141.43705242368353, 38.758614976795734], [141.43701116903858, 38.758673243341214], [141.43696957441455, 38.75873199810912], [141.43686812308334, 38.758867024244296], [141.43674101048651, 38.759053786747494], [141.43664683930865, 38.75921464961181], [141.4365188376938, 38.7593570403328], [141.43641887070703, 38.75948817826812], [141.4364025142557, 38.75957025911821], [141.43624006156486, 38.759800877723656], [141.43620255199804, 38.75995651824679], [141.43610798630644, 38.760020159375685], [141.43598633886504, 38.760100524580594], [141.4358688661325, 38.760175210538506], [141.43586689990835, 38.76017632516768], [141.4357469511287, 38.76024434275519], [141.4356806016353, 38.76027506006715], [141.43549083453152, 38.76029447732704], [141.43538698662277, 38.76034493700081], [141.43539623041622, 38.76040351850744], [141.43541641563715, 38.760531413200546], [141.43552414243916, 38.760481218198585], [141.43561358171283, 38.76043614520889], [141.43569895269007, 38.76040124616513], [141.4357558956554, 38.76037910606642], [141.43586121651785, 38.760337175320856], [141.43595488498772, 38.760288674898135], [141.4360299333235, 38.76024267579678], [141.4361220134716, 38.760187444761335], [141.43623794097644, 38.7601082800805], [141.43632968992182, 38.76003957325156], [141.4364140784253, 38.75996309359868], [141.43649107291876, 38.759877724205126], [141.43656204883573, 38.75978119674861], [141.43662715589613, 38.75967913203038], [141.4366696818445, 38.75959423771784], [141.4367015983893, 38.75948588488535], [141.436748086463, 38.759386331500096], [141.43677683069856, 38.75932635488612], [141.43680933375688, 38.7592427284687], [141.436848769318, 38.75914888616966], [141.4368980471185, 38.75904591294499], [141.43694623871633, 38.758957565879356], [141.43699323962676, 38.758879359974294], [141.43702669279088, 38.758836178623454], [141.43705905996066, 38.75880763335398], [141.4371039394741, 38.75878369907032], [141.4371643789813, 38.75876571135108], [141.4372241031324, 38.75875035790051], [141.43728611297715, 38.7587494158856], [141.43733509852805, 38.75875547710836], [141.4373639868833, 38.758761823250765], [141.43740598649413, 38.75877584929393], [141.43742938876758, 38.758793511946514], [141.43744563322767, 38.75881240076709], [141.43746512687815, 38.75884697443297], [141.43748346248367, 38.758892807119544], [141.43749052726685, 38.75894891417336], [141.43749058623686, 38.75901185917131], [141.43748044529906, 38.759063351603196], [141.43768875430547, 38.759129390227095], [141.4376580426217, 38.759227611079176], [141.43763074669144, 38.759288688517444], [141.4375909912535, 38.75936904548045], [141.4375360498391, 38.75945373404098], [141.43747062259095, 38.75956404407827], [141.437387400399, 38.759689968406676], [141.4373026757266, 38.75981253921138], [141.4371547490588, 38.75999667998699], [141.4370543020897, 38.760122846207395], [141.43692136642446, 38.76039205881077], [141.4368491488542, 38.760492544197234], [141.43675349725052, 38.76055787161276], [141.4366758870968, 38.760596410604464], [141.4365541581684, 38.760601806427324], [141.43641543859246, 38.760613963597216], [141.43595984848565, 38.76067977946888], [141.43580447489785, 38.760731381728796], [141.43566457680907, 38.760769283453776], [141.4354609416726, 38.760813548451516], [141.43519169807772, 38.76084948077397], [141.4349612941876, 38.76090249526315], [141.43474718374043, 38.76097070458082], [141.4346556094995, 38.7610287427103], [141.43447949089864, 38.76097750506622], [141.43416066827783, 38.76093949618134], [141.43377781194047, 38.76089576140888], [141.43351351469636, 38.7610194509318], [141.43339420554207, 38.76108802677894], [141.43328816388677, 38.761285893413074], [141.43322796134407, 38.76133791359325], [141.43303580731887, 38.761644590171514], [141.43301840366212, 38.7617689664502], [141.43307047087083, 38.76195877837256], [141.43305208964478, 38.76199372187147], [141.43318433670711, 38.76199764768235], [141.4332681147276, 38.76198830066285], [141.43326846300175, 38.76198825653331], [141.43337843167012, 38.7619608905013], [141.43350268536557, 38.761929945645704], [141.43363562935485, 38.761902253287026], [141.43375725245963, 38.761881466609914], [141.4338834764267, 38.76187297945958], [141.4340155834768, 38.76186475562868], [141.43402262170378, 38.76186431765921], [141.43415602474153, 38.76185573025609], [141.43420197702514, 38.76185509763621], [141.43423644612713, 38.761854623134305], [141.43436019969016, 38.76186302186555], [141.43445698256807, 38.76188529867569], [141.43448394094372, 38.76188764107787], [141.43450160345262, 38.761889176341356], [141.43456394772466, 38.761852342531554], [141.43463798747715, 38.76182434031772], [141.43473361797913, 38.761798290005885], [141.43482931334097, 38.761774491510536], [141.43495983986554, 38.76176594502052], [141.4350734846378, 38.761772242800824], [141.43514557537588, 38.76178360934242], [141.43520486549866, 38.76179965522147], [141.4352586364263, 38.76182588163856], [141.4353125792254, 38.761858864731366], [141.43535661527773, 38.76189871767347], [141.4353776873835, 38.76193889699342], [141.43539143985066, 38.761973545604455], [141.4354987984163, 38.76195745216581], [141.43560784113097, 38.76195144804104], [141.43562810182215, 38.76195791113471], [141.43564997123207, 38.76197109559263], [141.43566193287904, 38.76199116887061], [141.43566374489268, 38.76200688008573], [141.43564999506182, 38.762032922738875], [141.43562636038007, 38.76206584598531], [141.43560996882385, 38.762102038174504], [141.43558529082142, 38.76215184048225], [141.43556636528604, 38.762201558190135], [141.4355433274422, 38.762260324914294], [141.43584068306316, 38.76225725101414], [141.43616880981824, 38.762236751169944]]], [[[141.43409261380825, 38.76118105068741], [141.43417614506296, 38.761190017609145], [141.43424375235995, 38.761193579011156], [141.4343142881427, 38.76119935141908], [141.43438196974037, 38.76120628169316], [141.4344239378378, 38.76121919185635], [141.434453166988, 38.76124014942032], [141.4344716068289, 38.761290468467884], [141.43448253707416, 38.76132741096188], [141.43448788648936, 38.761371175781115], [141.4344717393866, 38.76141749167767], [141.43447650350348, 38.76149723210157], [141.43449039768797, 38.761598203719316], [141.43447215208565, 38.76161644151466], [141.43444651263715, 38.76162578049117], [141.4344077941781, 38.761628565171975], [141.43433180362388, 38.761635235154365], [141.43423436150474, 38.76164557479764], [141.43411678770127, 38.76165507100504], [141.43406510510712, 38.76165690510321], [141.43392306312705, 38.76166449085857], [141.43388144737787, 38.76166618305727], [141.4338471907102, 38.761675656268004], [141.43383306676154, 38.761685962960655], [141.4338250039794, 38.761709679811254], [141.43382558969603, 38.76173439726227], [141.43382660347237, 38.76177710241436], [141.4337965009652, 38.76177976154618], [141.43374628887645, 38.761782705054316], [141.43368892894233, 38.7617868735319], [141.43365352276, 38.761808712820454], [141.43360360863508, 38.76182401406606], [141.43353459505641, 38.7618215946404], [141.433475519881, 38.761814546714554], [141.43342924756473, 38.76180169524831], [141.43337994018262, 38.76178214680347], [141.43331443056843, 38.761745952857176], [141.43331344960714, 38.761704381753404], [141.43332525076758, 38.7616570072567], [141.4333485442544, 38.76160947376303], [141.43338750761217, 38.7615561031211], [141.4334266194709, 38.761509479380365], [141.43348683353923, 38.761443450177964], [141.43356139397144, 38.76138145533557], [141.43364233251762, 38.76132526546365], [141.4337171628737, 38.761281782454994], [141.43379430292936, 38.76124480998681], [141.4338765021095, 38.76121551319486], [141.43395928635877, 38.761193015970214], [141.4340435734464, 38.761172735264154], [141.43409261380825, 38.76118105068741]]]]}, "properties": {"KEYCODE": "000205@B093@03@0010@0000@0000@0000", "小班": "10", "小班面積": 5.43, "林種": "人工林", "中樹種": "スギ", "林齢": 53, "齢級": 11, "所有形態": "共有", "ADDDATE": "2022-09-29", "ADDTENANT": "04000F", "ADDUSER": "pasco01", "EDITDATE": null, "EDITTENANT": "", "EDITUSER": ""}}, {"type": "Feature", "geometry": {"type": "Polygon", "coordinates": [[[141.43748044529906, 38.759063351603196], [141.4374790440379, 38.759070466881525], [141.4374038880675, 38.75923337618446], [141.43732726229177, 38.7593951750244], [141.4372441625761, 38.759586287139086], [141.43715458269898, 38.75974714379096], [141.4370682812681, 38.75986411992687], [141.43697203012803, 38.759985723912756], [141.43686527611138, 38.76008836423075], [141.4367570952468, 38.760191029834495], [141.43665169277128, 38.76029027562582], [141.43654044227142, 38.76038511010707], [141.43647643865162, 38.76042274632117], [141.43643275769716, 38.76044842190581], [141.43631355872031, 38.760510775901245], [141.43621422486038, 38.7605627292201], [141.43608223336165, 38.76063087773268], [141.43595984848565, 38.76067977946888], [141.43641543859246, 38.760613963597216], [141.4365541581684, 38.760601806427324], [141.4366758870968, 38.760596410604464], [141.43675349725052, 38.76055787161276], [141.4368491488542, 38.760492544197234], [141.43692136642446, 38.76039205881077], [141.4370543020897, 38.760122846207395], [141.4371547490588, 38.75999667998699], [141.4373026757266, 38.75981253921138], [141.437387400399, 38.759689968406676], [141.43747062259095, 38.75956404407827], [141.4375360498391, 38.75945373404098], [141.4375909912535, 38.75936904548045], [141.43763074669144, 38.759288688517444], [141.4376580426217, 38.759227611079176], [141.43768875430547, 38.759129390227095], [141.43748044529906, 38.759063351603196]]]}, "properties": {"KEYCODE": "000205@B093@03@0011@0000@0000@0000", "小班": "11", "小班面積": 0.41, "林種": "人工林", "中樹種": "スギ", "林齢": 71, "齢級": 15, "所有形態": "共有", "ADDDATE": "2022-09-29", "ADDTENANT": "04000F", "ADDUSER": "pasco01", "EDITDATE": null, "EDITTENANT": "", "EDITUSER": ""}}, {"type": "Feature", "geometry": {"type": "Polygon", "coordinates": [[[141.43595984848565, 38.76067977946888], [141.43608223336165, 38.76063087773268], [141.43621422486038, 38.7605627292201], [141.43631355872031, 38.760510775901245], [141.43643275769716, 38.76044842190581], [141.43647643865162, 38.76042274632117], [141.43654044227142, 38.76038511010707], [141.43665169277128, 38.76029027562582], [141.4367570952468, 38.760191029834495], [141.43686527611138, 38.76008836423075], [141.43697203012803, 38.759985723912756], [141.4370682812681, 38.75986411992687], [141.43715458269898, 38.75974714379096], [141.4372441625761, 38.759586287139086], [141.43732726229177, 38.7593951750244], [141.4374038880675, 38.75923337618446], [141.4374790440379, 38.759070466881525], [141.43748044529906, 38.759063351603196], [141.43749058623686, 38.75901185917131], [141.43749052726685, 38.75894891417336], [141.43748346248367, 38.758892807119544], [141.43746512687815, 38.75884697443297], [141.43744563322767, 38.75881240076709], [141.43742938876758, 38.758793511946514], [141.43740598649413, 38.75877584929393], [141.4373639868833, 38.758761823250765], [141.43733509852805, 38.75875547710836], [141.43728611297715, 38.7587494158856], [141.4372241031324, 38.75875035790051], [141.4371643789813, 38.75876571135108], [141.4371039394741, 38.75878369907032], [141.43705905996066, 38.75880763335398], [141.43702669279088, 38.758836178623454], [141.43699323962676, 38.758879359974294], [141.43694623871633, 38.758957565879356], [141.4368980471185, 38.75904591294499], [141.436848769318, 38.75914888616966], [141.43680933375688, 38.7592427284687], [141.43677683069856, 38.75932635488612], [141.436748086463, 38.759386331500096], [141.4367015983893, 38.75948588488535], [141.4366696818445, 38.75959423771784], [141.43662715589613, 38.75967913203038], [141.43656204883573, 38.75978119674861], [141.43649107291876, 38.759877724205126], [141.4364140784253, 38.75996309359868], [141.43632968992182, 38.76003957325156], [141.43623794097644, 38.7601082800805], [141.4361220134716, 38.760187444761335], [141.4360299333235, 38.76024267579678], [141.43595488498772, 38.760288674898135], [141.43586121651785, 38.760337175320856], [141.4357558956554, 38.76037910606642], [141.43569895269007, 38.76040124616513], [141.43561358171283, 38.76043614520889], [141.43552414243916, 38.760481218198585], [141.43541641563715, 38.760531413200546], [141.43539623041622, 38.76040351850744], [141.43538698662277, 38.76034493700081], [141.43536440140278, 38.76035591088006], [141.43515166981172, 38.76037886025209], [141.4351543077738, 38.760414294049625], [141.43516286610938, 38.760529236176474], [141.43518871854542, 38.76069338963656], [141.43518966009927, 38.76074274463423], [141.43519169807772, 38.76084948077397], [141.4354609416726, 38.760813548451516], [141.43566457680907, 38.760769283453776], [141.43580447489785, 38.760731381728796], [141.43595984848565, 38.76067977946888]]]}, "properties": {"KEYCODE": "000205@B093@03@0012@0000@0000@0000", "小班": "12", "小班面積": 1.28, "林種": "人工林", "中樹種": "スギ", "林齢": 62, "齢級": 13, "所有形態": "共有", "ADDDATE": "2022-09-29", "ADDTENANT": "04000F", "ADDUSER": "pasco01", "EDITDATE": null, "EDITTENANT": "", "EDITUSER": ""}}, {"type": "Feature", "geometry": {"type": "Polygon", "coordinates": [[[141.43553690790418, 38.75956689339174], [141.4354631833569, 38.75960401788423], [141.43522767303648, 38.759726794525356], [141.43518162634803, 38.75974438010933], [141.435197894868, 38.75980905333132], [141.4352123943825, 38.759875167176546], [141.43522710160562, 38.75993285661276], [141.4352298120933, 38.759943500202745], [141.43525556005895, 38.75999934811203], [141.43527917528385, 38.760025938832], [141.43543818872195, 38.75991729387937], [141.43564802727727, 38.75989118415455], [141.4358468224653, 38.75985512027372], [141.43588870480318, 38.75973119482894], [141.43572684313293, 38.75965858216265], [141.43553690790418, 38.75956689339174]]]}, "properties": {"KEYCODE": "000205@B093@03@0013@0000@0000@0000", "小班": "13", "小班面積": 0.18, "林種": "人工林", "中樹種": "スギ", "林齢": 72, "齢級": 15, "所有形態": "共有", "ADDDATE": "2022-09-29", "ADDTENANT": "04000F", "ADDUSER": "pasco01", "EDITDATE": null, "EDITTENANT": "", "EDITUSER": ""}}, {"type": "Feature", "geometry": {"type": "Polygon", "coordinates": [[[141.43527917528385, 38.760025938832], [141.43525556005895, 38.75999934811203], [141.4352298120933, 38.759943500202745], [141.43522710160562, 38.75993285661276], [141.4352123943825, 38.759875167176546], [141.435197894868, 38.75980905333132], [141.43518162634803, 38.75974438010933], [141.43462528862113, 38.75995684854503], [141.43474077975984, 38.76005145877492], [141.4348908386972, 38.76011698227088], [141.43495264704475, 38.76014397106879], [141.43509924424006, 38.76012140761762], [141.43527917528385, 38.760025938832]]]}, "properties": {"KEYCODE": "000205@B093@03@0014@0000@0000@0000", "小班": "14", "小班面積": 0.14, "林種": "人工林", "中樹種": "スギ", "林齢": 67, "齢級": 14, "所有形態": "共有", "ADDDATE": "2022-09-29", "ADDTENANT": "04000F", "ADDUSER": "pasco01", "EDITDATE": null, "EDITTENANT": "", "EDITUSER": ""}}, {"type": "Feature", "geometry": {"type": "Polygon", "coordinates": [[[141.43246399419797, 38.76235117295271], [141.43247311641, 38.76233162189333], [141.43257909170123, 38.76226473335752], [141.43252759306608, 38.76218818377942], [141.43245774990635, 38.76214892872113], [141.4323736723834, 38.762015281806136], [141.43229505934397, 38.76199062099296], [141.43226536677417, 38.76198782903861], [141.43217061603832, 38.76203419873793], [141.432093733595, 38.76203280525425], [141.43201496775558, 38.76208197308756], [141.43195312120537, 38.76214674684116], [141.43194218296094, 38.762204009467204], [141.43186177293532, 38.762236004717636], [141.43172737287367, 38.76222797316226], [141.43167277779057, 38.76226731621511], [141.43162252208253, 38.76230353255806], [141.43159150326056, 38.76232588569543], [141.43153971982915, 38.762402255344576], [141.4314924556058, 38.76247195866897], [141.4314487754101, 38.76251862585835], [141.43134171766147, 38.7626330075952], [141.43117576413397, 38.76276346330829], [141.43117280565573, 38.762765789227316], [141.4310726512608, 38.76293247088392], [141.43099493114659, 38.763013263874], [141.4310890381336, 38.76296437772812], [141.4312216561095, 38.76287107786456], [141.4312648157055, 38.76284071415286], [141.43129482169022, 38.76283717869771], [141.43136457240504, 38.7628289606492], [141.4314982305049, 38.76275708825523], [141.431550984852, 38.76274570125731], [141.43170512899937, 38.762648228546965], [141.4317922566109, 38.76263312495559], [141.43188326092618, 38.76260138000113], [141.43192847193055, 38.76256168041234], [141.43209126079535, 38.76247022591694], [141.4322916188665, 38.76241881248211], [141.43231726547836, 38.76240874872372], [141.43246399419797, 38.76235117295271]]]}, "properties": {"KEYCODE": "000205@B093@04@0003@0000@0000@0000", "小班": "3", "小班面積": 0.45, "林種": "人工林", "中樹種": "スギ", "林齢": 75, "齢級": 15, "所有形態": "個人", "ADDDATE": "2022-09-29", "ADDTENANT": "04000F", "ADDUSER": "pasco01", "EDITDATE": null, "EDITTENANT": "", "EDITUSER": ""}}, {"type": "Feature", "geometry": {"type": "Polygon", "coordinates": [[[141.43252759306608, 38.76218818377942], [141.43262002686362, 38.762089459557856], [141.43270691348192, 38.76199462312785], [141.43273090178855, 38.76191441086376], [141.43276867343744, 38.761750981931385], [141.43286933064468, 38.761594177202284], [141.43267167294238, 38.76153396363313], [141.43247589521286, 38.7614805715513], [141.43230586937227, 38.761805745915375], [141.43195698000608, 38.762064062181985], [141.4319438726947, 38.76207338326982], [141.4317945309384, 38.76217957756426], [141.43172737287367, 38.76222797316226], [141.43186177293532, 38.762236004717636], [141.43194218296094, 38.762204009467204], [141.43195312120537, 38.76214674684116], [141.43201496775558, 38.76208197308756], [141.432093733595, 38.76203280525425], [141.43217061603832, 38.76203419873793], [141.43226536677417, 38.76198782903861], [141.43229505934397, 38.76199062099296], [141.4323736723834, 38.762015281806136], [141.43245774990635, 38.76214892872113], [141.43252759306608, 38.76218818377942]]]}, "properties": {"KEYCODE": "000205@B093@04@0004@0000@0000@0000", "小班": "4", "小班面積": 0.29, "林種": "天然林", "中樹種": "その他L", "林齢": 73, "齢級": 15, "所有形態": "個人", "ADDDATE": "2022-09-29", "ADDTENANT": "04000F", "ADDUSER": "pasco01", "EDITDATE": null, "EDITTENANT": "", "EDITUSER": ""}}, {"type": "Feature", "geometry": {"type": "Polygon", "coordinates": [[[141.43301840366212, 38.7617689664502], [141.43303580731887, 38.761644590171514], [141.43286933064468, 38.761594177202284], [141.43276867343744, 38.761750981931385], [141.43273090178855, 38.76191441086376], [141.43270691348192, 38.76199462312785], [141.43262002686362, 38.762089459557856], [141.43252759306608, 38.76218818377942], [141.43257909170123, 38.76226473335752], [141.43265946897182, 38.76221400104371], [141.43275686123806, 38.7621372051112], [141.43284009928433, 38.76201351823032], [141.43287232355902, 38.76190427300744], [141.43291479016065, 38.76186385018355], [141.43294134132694, 38.76183857730328], [141.43301840366212, 38.7617689664502]]]}, "properties": {"KEYCODE": "000205@B093@04@0005@0000@0000@0000", "小班": "5", "小班面積": 0.11, "林種": "人工林", "中樹種": "スギ", "林齢": 66, "齢級": 14, "所有形態": "個人", "ADDDATE": "2022-09-29", "ADDTENANT": "04000F", "ADDUSER": "pasco01", "EDITDATE": null, "EDITTENANT": "", "EDITUSER": ""}}, {"type": "Feature", "geometry": {"type": "Polygon", "coordinates": [[[141.43270279422134, 38.762460632115776], [141.43268901109866, 38.762456149691474], [141.4324499192622, 38.76237838895755], [141.43244109948532, 38.76238278276947], [141.43232994863095, 38.76243815188054], [141.43230728094426, 38.76244944360561], [141.4321112997763, 38.76249726711451], [141.43197915985215, 38.76257030359246], [141.43195049771296, 38.762594878963874], [141.432087975759, 38.76269590071119], [141.43209004676388, 38.762725207807954], [141.43199820638137, 38.76275150681288], [141.43195985283526, 38.762774501212625], [141.43200512865656, 38.762847068536566], [141.4320871990947, 38.762891692695106], [141.43231157826023, 38.76271572506061], [141.4326856018363, 38.762471842683354], [141.43270279422134, 38.762460632115776]]]}, "properties": {"KEYCODE": "000205@B093@04@0006@0000@0000@0000", "小班": "6", "小班面積": 0.17, "林種": "人工林", "中樹種": "スギ", "林齢": 62, "齢級": 13, "所有形態": "個人", "ADDDATE": "2022-09-29", "ADDTENANT": "04000F", "ADDUSER": "pasco01", "EDITDATE": null, "EDITTENANT": "", "EDITUSER": ""}}, {"type": "Feature", "geometry": {"type": "Polygon", "coordinates": [[[141.43297937438896, 38.7621319565638], [141.43305208964478, 38.76199372187147], [141.43307047087083, 38.76195877837256], [141.43301840366212, 38.7617689664502], [141.43294134132694, 38.76183857730328], [141.43291479016065, 38.76186385018355], [141.43287232355902, 38.76190427300744], [141.43284009928433, 38.76201351823032], [141.43275686123806, 38.7621372051112], [141.43265946897182, 38.76221400104371], [141.43257909170123, 38.76226473335752], [141.43247311641, 38.76233162189333], [141.43246399419797, 38.76235117295271], [141.43269473498606, 38.762429808906866], [141.43287271516155, 38.762334716901215], [141.43297937438896, 38.7621319565638]]]}, "properties": {"KEYCODE": "000205@B093@04@0008@0000@0000@0000", "小班": "8", "小班面積": 0.14, "林種": "人工林", "中樹種": "スギ", "林齢": 62, "齢級": 13, "所有形態": "個人", "ADDDATE": "2022-09-29", "ADDTENANT": "04000F", "ADDUSER": "pasco01", "EDITDATE": null, "EDITTENANT": "", "EDITUSER": ""}}, {"type": "Feature", "geometry": {"type": "Polygon", "coordinates": [[[141.43519169807772, 38.76084948077397], [141.43518966009927, 38.76074274463423], [141.43518871854542, 38.76069338963656], [141.43516286610938, 38.760529236176474], [141.4351543077738, 38.760414294049625], [141.43515166981172, 38.76037886025209], [141.43514306241428, 38.76026327784007], [141.43486038085425, 38.76032639902743], [141.43457592921249, 38.76036786219457], [141.43428054626622, 38.760453209249995], [141.43394510198638, 38.76044292458057], [141.4335906949166, 38.760503969834936], [141.43315516676404, 38.76071733869082], [141.4327627688681, 38.761029258485785], [141.43260711752194, 38.761212829526954], [141.43247589521286, 38.7614805715513], [141.43267167294238, 38.76153396363313], [141.43286933064468, 38.761594177202284], [141.43303580731887, 38.761644590171514], [141.43322796134407, 38.76133791359325], [141.43328816388677, 38.761285893413074], [141.43339420554207, 38.76108802677894], [141.43351351469636, 38.7610194509318], [141.43377781194047, 38.76089576140888], [141.43416066827783, 38.76093949618134], [141.43447949089864, 38.76097750506622], [141.4346556094995, 38.7610287427103], [141.43474718374043, 38.76097070458082], [141.4349612941876, 38.76090249526315], [141.43519169807772, 38.76084948077397]]]}, "properties": {"KEYCODE": "000205@B093@04@0009@0000@0000@0000", "小班": "9", "小班面積": 1.42, "林種": "人工林", "中樹種": "スギ", "林齢": 72, "齢級": 15, "所有形態": "個人", "ADDDATE": "2022-09-29", "ADDTENANT": "04000F", "ADDUSER": "pasco01", "EDITDATE": null, "EDITTENANT": "", "EDITUSER": ""}}, {"type": "Feature", "geometry": {"type": "Polygon", "coordinates": [[[141.43247589521286, 38.7614805715513], [141.43260711752194, 38.761212829526954], [141.4327627688681, 38.761029258485785], [141.43315516676404, 38.76071733869082], [141.4335906949166, 38.760503969834936], [141.43394510198638, 38.76044292458057], [141.43428054626622, 38.760453209249995], [141.43457592921249, 38.76036786219457], [141.43486038085425, 38.76032639902743], [141.43514306241428, 38.76026327784007], [141.43498967631785, 38.76016717211379], [141.43495264704475, 38.76014397106879], [141.4348908386972, 38.76011698227088], [141.43479653315242, 38.76013817098915], [141.43457446831607, 38.76016482766061], [141.43450294426603, 38.76016978290101], [141.43447188755408, 38.76033675622966], [141.43431068805984, 38.76036517319726], [141.43418567913204, 38.76037868783866], [141.43395365060525, 38.76037272912343], [141.43379297565048, 38.76038070595592], [141.4336442823065, 38.76040149206815], [141.43349125586292, 38.76045018824187], [141.4334004088431, 38.760507861303225], [141.43325871718505, 38.760601549865775], [141.4331467452928, 38.76064502950321], [141.43299470818437, 38.76070301625046], [141.43288019989794, 38.760770821907975], [141.43276031774582, 38.760851526051304], [141.43266263002016, 38.76096501052085], [141.43255429969508, 38.76111644817591], [141.43249016342168, 38.76120115717586], [141.43240417906893, 38.76129455911614], [141.43229360331003, 38.761395952699004], [141.43221189225937, 38.76145429242212], [141.43214256190635, 38.76157335180813], [141.43208211967357, 38.76166304700749], [141.43186542426665, 38.76201759192206], [141.4318650074517, 38.76201879764747], [141.43195698000608, 38.762064062181985], [141.43230586937227, 38.761805745915375], [141.43247589521286, 38.7614805715513]]]}, "properties": {"KEYCODE": "000205@B093@04@0012@0000@0000@0000", "小班": "12", "小班面積": 0.5, "林種": "天然林", "中樹種": "マツ類", "林齢": 113, "齢級": 23, "所有形態": "個人", "ADDDATE": "2022-09-29", "ADDTENANT": "04000F", "ADDUSER": "pasco01", "EDITDATE": "2025-01-16", "EDITTENANT": "04000F", "EDITUSER": "sinrins02"}}, {"type": "Feature", "geometry": {"type": "Polygon", "coordinates": [[[141.43450294426603, 38.76016978290101], [141.43439230380054, 38.7601774491435], [141.43426466563432, 38.76018707022261], [141.4341297302234, 38.760192295384385], [141.43403611417185, 38.76019502788311], [141.43391504422635, 38.76007280176296], [141.43389276952615, 38.760075263940564], [141.4337507933394, 38.76008621036838], [141.4337417954592, 38.76008633316581], [141.43369158519806, 38.76008701900394], [141.43369047269053, 38.76008703462812], [141.43342893047006, 38.76008501020547], [141.43337401181836, 38.76013185023911], [141.43337042047432, 38.760134013699194], [141.43328617779744, 38.760184760947695], [141.4332126598757, 38.760235236878245], [141.43313848580974, 38.760287889080274], [141.43313354110475, 38.76029140000497], [141.4330172992166, 38.76035819398533], [141.43287851887186, 38.760443275349196], [141.432738235352, 38.76052613905441], [141.4326010744656, 38.760619067558075], [141.43246984542793, 38.7607197933407], [141.43236550114636, 38.76080328316808], [141.43229814921355, 38.76087164565367], [141.43223065001712, 38.76093328009542], [141.43211630198488, 38.76101915336618], [141.43197622130492, 38.76110987088969], [141.43183859848116, 38.76118370196015], [141.43172944944712, 38.76124589982543], [141.43160598379086, 38.761310540216506], [141.43146281792238, 38.7613560139262], [141.4312721134603, 38.761440214053756], [141.43101475176488, 38.76172295989388], [141.43111462306953, 38.76175422358898], [141.43139922452872, 38.76182078495767], [141.43156648233355, 38.761870550083245], [141.43168367271144, 38.761929553180494], [141.43186542426665, 38.76201759192206], [141.43208211967357, 38.76166304700749], [141.43214256190635, 38.76157335180813], [141.43221189225937, 38.76145429242212], [141.43229360331003, 38.761395952699004], [141.43240417906893, 38.76129455911614], [141.43249016342168, 38.76120115717586], [141.43255429969508, 38.76111644817591], [141.43266263002016, 38.76096501052085], [141.43276031774582, 38.760851526051304], [141.43288019989794, 38.760770821907975], [141.43299470818437, 38.76070301625046], [141.4331467452928, 38.76064502950321], [141.43325871718505, 38.760601549865775], [141.4334004088431, 38.760507861303225], [141.43349125586292, 38.76045018824187], [141.4336442823065, 38.76040149206815], [141.43379297565048, 38.76038070595592], [141.43395365060525, 38.76037272912343], [141.43418567913204, 38.76037868783866], [141.43431068805984, 38.76036517319726], [141.43447188755408, 38.76033675622966], [141.43450294426603, 38.76016978290101]]]}, "properties": {"KEYCODE": "000205@B093@04@0013@0000@0000@0000", "小班": "13", "小班面積": 1.34, "林種": "天然林", "中樹種": "その他L", "林齢": 52, "齢級": 11, "所有形態": "個人", "ADDDATE": "2022-09-29", "ADDTENANT": "04000F", "ADDUSER": "pasco01", "EDITDATE": null, "EDITTENANT": "", "EDITUSER": ""}}, {"type": "Feature", "geometry": {"type": "Polygon", "coordinates": [[[141.43450294426603, 38.76016978290101], [141.43457446831607, 38.76016482766061], [141.43479653315242, 38.76013817098915], [141.4348908386972, 38.76011698227088], [141.43474077975984, 38.76005145877492], [141.43462528862113, 38.75995684854503], [141.43458634560199, 38.759924947407086], [141.43455107090432, 38.759965058179155], [141.43453838551272, 38.75997534855015], [141.43449425558742, 38.75999281859988], [141.43441866129788, 38.76001634318112], [141.43429113015003, 38.76003045828663], [141.43415649427658, 38.76004804307292], [141.4341531464418, 38.760048369288064], [141.43400884003236, 38.76006243248014], [141.43391504422635, 38.76007280176296], [141.43403611417185, 38.76019502788311], [141.4341297302234, 38.760192295384385], [141.43426466563432, 38.76018707022261], [141.43439230380054, 38.7601774491435], [141.43450294426603, 38.76016978290101]]]}, "properties": {"KEYCODE": "000205@B093@04@0014@0000@0000@0000", "小班": "14", "小班面積": 0.13, "林種": "人工林", "中樹種": "ヒノキ類", "林齢": 123, "齢級": 25, "所有形態": "個人", "ADDDATE": "2022-09-29", "ADDTENANT": "04000F", "ADDUSER": "pasco01", "EDITDATE": null, "EDITTENANT": "", "EDITUSER": ""}}, {"type": "Feature", "geometry": {"type": "Polygon", "coordinates": [[[141.43386213431594, 38.75954049707975], [141.43417525888918, 38.75939961809791], [141.43431374263346, 38.75935957589682], [141.43462554508832, 38.759329950026206], [141.43463562909406, 38.759296241734425], [141.43467000177773, 38.75918982273331], [141.4345258744185, 38.7590947272855], [141.4343135596729, 38.75902113521967], [141.43423961654403, 38.75896277904957], [141.43413877888065, 38.758883197330825], [141.43413957901006, 38.75876084670063], [141.43413978026024, 38.75873009552456], [141.4340373228219, 38.758742449045656], [141.4340258700275, 38.75879256415942], [141.43393997559537, 38.75889597750179], [141.43386606607064, 38.759012916453415], [141.43382390497896, 38.759103948366885], [141.43377275864785, 38.75919537506784], [141.43361296554198, 38.75929800471848], [141.43352458832774, 38.759350759843], [141.43347075663536, 38.75945394602591], [141.433414524824, 38.75949464153566], [141.43338347152337, 38.759517750278526], [141.4335705625516, 38.75960580855288], [141.43367759882494, 38.75962742707033], [141.43386213431594, 38.75954049707975]]]}, "properties": {"KEYCODE": "000205@B093@04@0016@0000@0000@0000", "小班": "16", "小班面積": 0.47, "林種": "人工林", "中樹種": "ヒノキ類", "林齢": 39, "齢級": 8, "所有形態": "個人", "ADDDATE": "2022-09-29", "ADDTENANT": "04000F", "ADDUSER": "pasco01", "EDITDATE": null, "EDITTENANT": "", "EDITUSER": ""}}, {"type": "Feature", "geometry": {"type": "Polygon", "coordinates": [[[141.43342893047006, 38.76008501020547], [141.4335693697203, 38.75997148752601], [141.43366855056067, 38.759874907058254], [141.433717441177, 38.75981987180741], [141.43374620310615, 38.759760310254755], [141.43373472723718, 38.75973781988533], [141.43375486276793, 38.75969511328142], [141.43380087239458, 38.75964794046202], [141.43384111543693, 38.75961425657407], [141.43387911250497, 38.75957069242094], [141.43386213431594, 38.75954049707975], [141.43367759882494, 38.75962742707033], [141.4334057028277, 38.75982805100546], [141.43327547960862, 38.75998222424123], [141.43319293285543, 38.76001315841636], [141.43311079843838, 38.75994779230192], [141.43322422162603, 38.75982326193036], [141.43308786998156, 38.759760938889315], [141.43293156359917, 38.759908982583774], [141.4328467593301, 38.759989841100364], [141.4327830962785, 38.76003825722573], [141.4327375218176, 38.76007291402661], [141.4325262601767, 38.76019748427831], [141.43237968340205, 38.76028164917509], [141.43231931359847, 38.760327679724035], [141.43226468534766, 38.76038046363381], [141.43214681423606, 38.76050176093613], [141.43204904527056, 38.76062307136286], [141.43196019412386, 38.76073759736286], [141.43209017151307, 38.76083164142157], [141.43223065001712, 38.76093328009542], [141.43229814921355, 38.76087164565367], [141.43236550114636, 38.76080328316808], [141.43246984542793, 38.7607197933407], [141.4326010744656, 38.760619067558075], [141.432738235352, 38.76052613905441], [141.43287851887186, 38.760443275349196], [141.4330172992166, 38.76035819398533], [141.43313354110475, 38.76029140000497], [141.43313848580974, 38.760287889080274], [141.4332126598757, 38.760235236878245], [141.43328617779744, 38.760184760947695], [141.43337042047432, 38.760134013699194], [141.43337401181836, 38.76013185023911], [141.43342893047006, 38.76008501020547]]]}, "properties": {"KEYCODE": "000205@B093@04@0017@0000@0000@0000", "小班": "17", "小班面積": 0.67, "林種": "人工林", "中樹種": "スギ", "林齢": 66, "齢級": 14, "所有形態": "個人", "ADDDATE": "2022-09-29", "ADDTENANT": "04000F", "ADDUSER": "pasco01", "EDITDATE": null, "EDITTENANT": "", "EDITUSER": ""}}, {"type": "Feature", "geometry": {"type": "Polygon", "coordinates": [[[141.43223065001712, 38.76093328009542], [141.43209017151307, 38.76083164142157], [141.43196019412386, 38.76073759736286], [141.43188082506288, 38.76083987666402], [141.4318147254886, 38.7608791525785], [141.43177447447994, 38.760916214150505], [141.43174570850306, 38.760971270774974], [141.43172843945194, 38.761018466810356], [141.43171834824201, 38.761066797254294], [141.43152871288686, 38.761071093154385], [141.4315747457744, 38.7609823269315], [141.43161213698696, 38.76091266779053], [141.43161791608517, 38.76087444040437], [141.43160931116802, 38.76084295324391], [141.431602191432, 38.76073839706989], [141.43160800014277, 38.76064845835092], [141.43162528215336, 38.76058214534299], [141.43163681283238, 38.76052706886494], [141.43166556809854, 38.760484381560936], [141.43169433265908, 38.76044281130775], [141.43172166889758, 38.76037763598865], [141.43176480214402, 38.760306848307934], [141.43179932638384, 38.76024955500481], [141.43182808774316, 38.760203489284294], [141.4318510891358, 38.76017877715873], [141.4318884430144, 38.76015858607749], [141.43195166903124, 38.76013503638735], [141.43202494189484, 38.76012275130222], [141.43209822405979, 38.760111582328356], [141.4321714882404, 38.76011616188882], [141.43222318848015, 38.760133085105636], [141.4322705823194, 38.76015224746138], [141.43231941427115, 38.76017703210008], [141.4323624812841, 38.76022654060642], [141.43237968340205, 38.76028164917509], [141.4325262601767, 38.76019748427831], [141.4327375218176, 38.76007291402661], [141.4327830962785, 38.76003825722573], [141.43258094575765, 38.76005363781844], [141.43248613674368, 38.7600580337332], [141.43237840548252, 38.76003768614446], [141.43234249602259, 38.76001853794807], [141.4322261886609, 38.75993409067864], [141.43218887283186, 38.759885705793614], [141.43218170510036, 38.759848598751134], [141.43220472125742, 38.75981040012992], [141.43236854515467, 38.75972063269685], [141.43250076521633, 38.75964656833205], [141.43257405878165, 38.759605047958146], [141.4326473417757, 38.759562411387584], [141.43273932950856, 38.759504038466545], [141.43286868833835, 38.759397375174345], [141.43305841519265, 38.75923793406448], [141.4330929177922, 38.7592098564061], [141.43310011543352, 38.759181756692236], [141.43310302994664, 38.75911880543362], [141.43310450612634, 38.75905584353715], [141.4331160227428, 38.75902550546518], [141.4331275352339, 38.758991789068666], [141.433163470748, 38.7589603437089], [141.43322239427346, 38.75892331194261], [141.43327411596565, 38.75891662311497], [141.43331002199216, 38.75893127559682], [141.4333904102984, 38.75902017643915], [141.4334707852353, 38.75913493288809], [141.43352102693194, 38.75919907065539], [141.43359280505555, 38.7592778444974], [141.43361296554198, 38.75929800471848], [141.43377275864785, 38.75919537506784], [141.43382390497896, 38.759103948366885], [141.43386606607064, 38.759012916453415], [141.43393997559537, 38.75889597750179], [141.4340258700275, 38.75879256415942], [141.4340373228219, 38.758742449045656], [141.43413978026024, 38.75873009552456], [141.4341407345218, 38.75858413622727], [141.43420283477107, 38.758499446672815], [141.43425862020624, 38.75842336784349], [141.4342621193696, 38.758418594945894], [141.43429203180287, 38.75837780191988], [141.43410229704307, 38.75821539153711], [141.43402223663955, 38.75814803431804], [141.4339474533215, 38.75808511654864], [141.43370318458992, 38.75792290463968], [141.43364082314778, 38.75782686012803], [141.43357504180747, 38.757892556773754], [141.43345154055316, 38.75797596669493], [141.43342836976353, 38.75806795772347], [141.43336657580318, 38.75810162598747], [141.43336031861188, 38.75810598058906], [141.4333018978853, 38.758146634135386], [141.4332936079188, 38.758152399153886], [141.43328753029562, 38.75815662670493], [141.4332372169188, 38.75821616364151], [141.43320843735162, 38.758279094510414], [141.43318105803309, 38.75840498152351], [141.43314651373638, 38.75851737390023], [141.43310556089912, 38.758680254501854], [141.43294608941758, 38.758940648486984], [141.43287727535045, 38.75901179537091], [141.43272041454443, 38.759147750772826], [141.43254866755342, 38.75927155807904], [141.4324763060103, 38.759334923891096], [141.4323698802665, 38.75938624004573], [141.43229284567715, 38.75945742871409], [141.43211458394433, 38.759546297045866], [141.43205470336173, 38.75952895712779], [141.43197501624732, 38.759573436921016], [141.43172260758087, 38.75987637502536], [141.43149986185966, 38.76017683647129], [141.43144652167825, 38.760274955289624], [141.4314125040011, 38.76035147993497], [141.43132944034153, 38.760731883033436], [141.43126816665912, 38.7609769237235], [141.43123017187986, 38.76108846829278], [141.43141820255923, 38.761207450984394], [141.43144862336834, 38.76121826727354], [141.4314858954872, 38.761214391887364], [141.43152427439892, 38.76119699745122], [141.4315995188577, 38.76115887307884], [141.43172944944712, 38.76124589982543], [141.43183859848116, 38.76118370196015], [141.43197622130492, 38.76110987088969], [141.43211630198488, 38.76101915336618], [141.43223065001712, 38.76093328009542]]]}, "properties": {"KEYCODE": "000205@B093@04@0021@0000@0000@0000", "小班": "21", "小班面積": 2.07, "林種": "天然林", "中樹種": "その他L", "林齢": 70, "齢級": 14, "所有形態": "個人", "ADDDATE": "2022-09-29", "ADDTENANT": "04000F", "ADDUSER": "pasco01", "EDITDATE": null, "EDITTENANT": "", "EDITUSER": ""}}, {"type": "Feature", "geometry": {"type": "Polygon", "coordinates": [[[141.4327830962785, 38.76003825722573], [141.4328467593301, 38.759989841100364], [141.43293156359917, 38.759908982583774], [141.43308786998156, 38.759760938889315], [141.43322422162603, 38.75982326193036], [141.43311079843838, 38.75994779230192], [141.43319293285543, 38.76001315841636], [141.43327547960862, 38.75998222424123], [141.4334057028277, 38.75982805100546], [141.43367759882494, 38.75962742707033], [141.4335705625516, 38.75960580855288], [141.43338347152337, 38.759517750278526], [141.433414524824, 38.75949464153566], [141.43347075663536, 38.75945394602591], [141.43352458832774, 38.759350759843], [141.43361296554198, 38.75929800471848], [141.43359280505555, 38.7592778444974], [141.43352102693194, 38.75919907065539], [141.4334707852353, 38.75913493288809], [141.4333904102984, 38.75902017643915], [141.43331002199216, 38.75893127559682], [141.43327411596565, 38.75891662311497], [141.43322239427346, 38.75892331194261], [141.433163470748, 38.7589603437089], [141.4331275352339, 38.758991789068666], [141.4331160227428, 38.75902550546518], [141.43310450612634, 38.75905584353715], [141.43310302994664, 38.75911880543362], [141.43310011543352, 38.759181756692236], [141.4330929177922, 38.7592098564061], [141.43305841519265, 38.75923793406448], [141.43286868833835, 38.759397375174345], [141.43273932950856, 38.759504038466545], [141.4326473417757, 38.759562411387584], [141.43257405878165, 38.759605047958146], [141.43250076521633, 38.75964656833205], [141.43236854515467, 38.75972063269685], [141.43220472125742, 38.75981040012992], [141.43218170510036, 38.759848598751134], [141.43218887283186, 38.759885705793614], [141.4322261886609, 38.75993409067864], [141.43234249602259, 38.76001853794807], [141.43237840548252, 38.76003768614446], [141.43248613674368, 38.7600580337332], [141.43258094575765, 38.76005363781844], [141.4327830962785, 38.76003825722573]]]}, "properties": {"KEYCODE": "000205@B093@04@0023@0000@0000@0000", "小班": "23", "小班面積": 0.75, "林種": "天然林", "中樹種": "マツ類", "林齢": 113, "齢級": 23, "所有形態": "個人", "ADDDATE": "2022-09-29", "ADDTENANT": "04000F", "ADDUSER": "pasco01", "EDITDATE": "2025-01-16", "EDITTENANT": "04000F", "EDITUSER": "sinrins02"}}, {"type": "Feature", "geometry": {"type": "Polygon", "coordinates": [[[141.43703442301032, 38.76864180914253], [141.43696164580092, 38.768521159448596], [141.43689907938648, 38.76857518554303], [141.43690387540656, 38.76858157060919], [141.43696488255213, 38.76867119951502], [141.43700720648027, 38.768758663656534], [141.43703538873018, 38.76874519842467], [141.437039769735, 38.768694555674074], [141.43703442301032, 38.76864180914253]]]}, "properties": {"KEYCODE": "000205@B094@01@0001@0000@0000@0000", "小班": "1", "小班面積": 0.02, "林種": "人工林", "中樹種": "スギ", "林齢": 69, "齢級": 14, "所有形態": "個人", "ADDDATE": "2022-09-29", "ADDTENANT": "04000F", "ADDUSER": "pasco01", "EDITDATE": null, "EDITTENANT": "", "EDITUSER": ""}}, {"type": "Feature", "geometry": {"type": "Polygon", "coordinates": [[[141.437963413231, 38.76861182424604], [141.4380049030803, 38.76852877274173], [141.43799778138, 38.76849663068938], [141.437827033301, 38.768523538872806], [141.4377112653936, 38.76854936071398], [141.43725393643348, 38.76878710665502], [141.43748296552872, 38.768924398799236], [141.4375761855261, 38.76897391989117], [141.43757725824685, 38.768898235066345], [141.43757772406533, 38.76886546728223], [141.4376348299428, 38.76882153831162], [141.4378257688194, 38.76867464902573], [141.437875184394, 38.76863663441755], [141.437963413231, 38.76861182424604]]]}, "properties": {"KEYCODE": "000205@B094@01@0002@0001@0000@0000", "小班": "2-1", "小班面積": 0.13, "林種": "人工林", "中樹種": "スギ", "林齢": 49, "齢級": 10, "所有形態": "個人", "ADDDATE": "2022-09-29", "ADDTENANT": "04000F", "ADDUSER": "pasco01", "EDITDATE": null, "EDITTENANT": "", "EDITUSER": ""}}, {"type": "Feature", "geometry": {"type": "Polygon", "coordinates": [[[141.4374351296867, 38.76922768659479], [141.43752208589297, 38.769188323148136], [141.43753183812694, 38.76918390882072], [141.43757347454738, 38.76916506225692], [141.4375761855261, 38.76897391989117], [141.43748296552872, 38.768924398799236], [141.43725393643348, 38.76878710665502], [141.43723397414098, 38.768798677235885], [141.43723605072393, 38.768802164662546], [141.43723765427995, 38.768803732934565], [141.43725640801748, 38.76883635275802], [141.43729412512295, 38.76889969854154], [141.43732672614814, 38.768954457340726], [141.43733623335856, 38.76898881320347], [141.4373560141265, 38.76908071438251], [141.43737733978023, 38.769172540906254], [141.43741041381054, 38.7692197775044], [141.4374121315726, 38.76922110464592], [141.4374276236323, 38.76923209110591], [141.4374284861042, 38.769232702856826], [141.4374351296867, 38.76922768659479]]]}, "properties": {"KEYCODE": "000205@B094@01@0002@0002@0000@0000", "小班": "2-2", "小班面積": 0.08, "林種": "人工林", "中樹種": "ヒノキ類", "林齢": 33, "齢級": 7, "所有形態": "個人", "ADDDATE": "2022-09-29", "ADDTENANT": "04000F", "ADDUSER": "pasco01", "EDITDATE": null, "EDITTENANT": "", "EDITUSER": ""}}, {"type": "Feature", "geometry": {"type": "Polygon", "coordinates": [[[141.43832800038038, 38.76856018407263], [141.43845747684188, 38.76850329821995], [141.43843752186046, 38.768475788351154], [141.438323366602, 38.76836047439204], [141.43823860026217, 38.768332623393405], [141.4381547356037, 38.76834736355924], [141.43807999303928, 38.76829888243689], [141.43801913110144, 38.768392753892954], [141.43807339237, 38.76841869265103], [141.4380557640016, 38.76849446314761], [141.43808967336128, 38.768577655170056], [141.43832800038038, 38.76856018407263]]]}, "properties": {"KEYCODE": "000205@B094@01@0002@0003@0000@0000", "小班": "2-3", "小班面積": 0.08, "林種": "人工林", "中樹種": "ヒノキ類", "林齢": 33, "齢級": 7, "所有形態": "個人", "ADDDATE": "2022-09-29", "ADDTENANT": "04000F", "ADDUSER": "pasco01", "EDITDATE": null, "EDITTENANT": "", "EDITUSER": ""}}, {"type": "Feature", "geometry": {"type": "Polygon", "coordinates": [[[141.43685879282702, 38.76792709400666], [141.43693586567005, 38.76816568417268], [141.43706807499242, 38.76823680225286], [141.43712396150713, 38.76809560529466], [141.43715004548793, 38.767955976679794], [141.43691261435922, 38.767947779784485], [141.43685879282702, 38.76792709400666]]]}, "properties": {"KEYCODE": "000205@B094@01@0004@0000@0000@0000", "小班": "4", "小班面積": 0.06, "林種": "人工林", "中樹種": "スギ", "林齢": 85, "齢級": 17, "所有形態": "個人", "ADDDATE": "2022-09-29", "ADDTENANT": "04000F", "ADDUSER": "pasco01", "EDITDATE": null, "EDITTENANT": "", "EDITUSER": ""}}, {"type": "Feature", "geometry": {"type": "Polygon", "coordinates": [[[141.4398870163008, 38.76769628388309], [141.4398810177415, 38.76768937635722], [141.43984849680672, 38.76767155524977], [141.43971921091062, 38.76760070532246], [141.43944397647235, 38.767486100139436], [141.4391327464795, 38.767360402639085], [141.43887187443963, 38.767245739670706], [141.43880671976763, 38.76720236061737], [141.4388138248383, 38.76744815787299], [141.43902850984819, 38.76750732495343], [141.4392397625082, 38.767586481269525], [141.43933262874, 38.76763056773592], [141.43946162815988, 38.76769180707777], [141.4395310087708, 38.76770046515095], [141.43961566765893, 38.767699471068084], [141.4398870163008, 38.76769628388309]]]}, "properties": {"KEYCODE": "000205@B094@01@0005@0000@0000@0000", "小班": "5", "小班面積": 0.17, "林種": "人工林", "中樹種": "スギ", "林齢": 71, "齢級": 15, "所有形態": "個人", "ADDDATE": "2022-09-29", "ADDTENANT": "04000F", "ADDUSER": "pasco01", "EDITDATE": null, "EDITTENANT": "", "EDITUSER": ""}}, {"type": "Feature", "geometry": {"type": "Polygon", "coordinates": [[[141.43880671976763, 38.76720236061737], [141.43876322973432, 38.767173404268775], [141.43863940932218, 38.76709096549818], [141.43859836237115, 38.76704729660529], [141.43855215008776, 38.76702694156221], [141.43843372569597, 38.767022402551426], [141.4383024627531, 38.76705397360166], [141.4381998612571, 38.76709324293145], [141.43815296501086, 38.76716100736289], [141.4381359608692, 38.76719141031946], [141.4381260883769, 38.76721616382223], [141.43812543214415, 38.76722075995739], [141.43829891440114, 38.767234980853615], [141.43876828770078, 38.76743556239221], [141.4387685879729, 38.76743569056494], [141.4388138248383, 38.76744815787299], [141.43880671976763, 38.76720236061737]]]}, "properties": {"KEYCODE": "000205@B094@01@0005@0001@0000@0000", "小班": "5-1", "小班面積": 0.16, "林種": "人工林", "中樹種": "スギ", "林齢": 13, "齢級": 3, "所有形態": "個人", "ADDDATE": "2022-09-29", "ADDTENANT": "04000F", "ADDUSER": "pasco01", "EDITDATE": null, "EDITTENANT": "", "EDITUSER": ""}}, {"type": "Feature", "geometry": {"type": "Polygon", "coordinates": [[[141.43896530745468, 38.76677453400121], [141.43885141783076, 38.7668374477076], [141.43884577389272, 38.76690650767807], [141.4388209457874, 38.76708632520695], [141.43880671976763, 38.76720236061737], [141.43887187443963, 38.767245739670706], [141.4391327464795, 38.767360402639085], [141.43944397647235, 38.767486100139436], [141.43971921091062, 38.76760070532246], [141.43984849680672, 38.76767155524977], [141.4398810177415, 38.76768937635722], [141.4398870163008, 38.76769628388309], [141.44005255887276, 38.767694339062295], [141.4401905200218, 38.76769271830263], [141.44041918056166, 38.76770494504147], [141.44026624294082, 38.76758260206587], [141.43938207954224, 38.767087113180494], [141.4392029777144, 38.766992666300524], [141.43910865118178, 38.766925742513315], [141.4390640925966, 38.76688186586098], [141.43902528878442, 38.766837987295425], [141.43896530745468, 38.76677453400121]]]}, "properties": {"KEYCODE": "000205@B094@01@0006@0000@0000@0000", "小班": "6", "小班面積": 0.49, "林種": "人工林", "中樹種": "スギ", "林齢": 83, "齢級": 17, "所有形態": "個人", "ADDDATE": "2022-09-29", "ADDTENANT": "04000F", "ADDUSER": "pasco01", "EDITDATE": null, "EDITTENANT": "", "EDITUSER": ""}}, {"type": "Feature", "geometry": {"type": "Polygon", "coordinates": [[[141.43880671976763, 38.76720236061737], [141.4388209457874, 38.76708632520695], [141.43884577389272, 38.76690650767807], [141.43885141783076, 38.7668374477076], [141.4387779458382, 38.766878035075514], [141.43869751588653, 38.7667776114244], [141.43855637628639, 38.7668289940473], [141.43853327062024, 38.76679693478827], [141.43845718649578, 38.76679680712437], [141.43840041421174, 38.76677385357145], [141.43826475769023, 38.76681898230343], [141.43814024895758, 38.76686149916647], [141.4380864624285, 38.7667741604849], [141.43753203132454, 38.767014400918036], [141.43778254707695, 38.76711716743673], [141.4379705516251, 38.767190752663595], [141.43806580184682, 38.767215872174845], [141.43812543214415, 38.76722075995739], [141.4381260883769, 38.76721616382223], [141.4381359608692, 38.76719141031946], [141.43815296501086, 38.76716100736289], [141.4381998612571, 38.76709324293145], [141.4383024627531, 38.76705397360166], [141.43843372569597, 38.767022402551426], [141.43855215008776, 38.76702694156221], [141.43859836237115, 38.76704729660529], [141.43863940932218, 38.76709096549818], [141.43876322973432, 38.767173404268775], [141.43880671976763, 38.76720236061737]]]}, "properties": {"KEYCODE": "000205@B094@01@0006@0001@0000@0000", "小班": "6-1", "小班面積": 0.33, "林種": "人工林", "中樹種": "スギ", "林齢": 13, "齢級": 3, "所有形態": "個人", "ADDDATE": "2022-09-29", "ADDTENANT": "04000F", "ADDUSER": "pasco01", "EDITDATE": null, "EDITTENANT": "", "EDITUSER": ""}}, {"type": "Feature", "geometry": {"type": "Polygon", "coordinates": [[[141.4405894312112, 38.767448396927996], [141.4403498412818, 38.76722059017838], [141.4403648701034, 38.767142824744404], [141.44035641330163, 38.76713751107263], [141.44027410888543, 38.767082480605644], [141.4402351298068, 38.76705210680162], [141.44017621421088, 38.76702508961627], [141.44005118965563, 38.76696544301426], [141.4399055030276, 38.76689954592994], [141.43986113662118, 38.76693604782848], [141.43978301907867, 38.766969227588696], [141.4397205210824, 38.766959421353384], [141.43964610184105, 38.76689008753328], [141.43950975582428, 38.76687828050643], [141.43945016143638, 38.7668517736749], [141.43939499797358, 38.76680915483389], [141.43929461558238, 38.76681980584083], [141.43914449807127, 38.76672555092505], [141.43911001812003, 38.766734540351806], [141.43906116650578, 38.76674239705984], [141.43903145232773, 38.766737993450434], [141.43896530745468, 38.76677453400121], [141.43902528878442, 38.766837987295425], [141.4390640925966, 38.76688186586098], [141.43910865118178, 38.766925742513315], [141.4392029777144, 38.766992666300524], [141.43938207954224, 38.767087113180494], [141.44026624294082, 38.76758260206587], [141.44041918056166, 38.76770494504147], [141.44048817261393, 38.76761058776309], [141.44054523578149, 38.76751918607862], [141.4405894312112, 38.767448396927996]]]}, "properties": {"KEYCODE": "000205@B094@01@0007@0000@0000@0000", "小班": "7", "小班面積": 0.53, "林種": "人工林", "中樹種": "スギ", "林齢": 69, "齢級": 14, "所有形態": "個人", "ADDDATE": "2022-09-29", "ADDTENANT": "04000F", "ADDUSER": "pasco01", "EDITDATE": null, "EDITTENANT": "", "EDITUSER": ""}}, {"type": "Feature", "geometry": {"type": "Polygon", "coordinates": [[[141.43885141783076, 38.7668374477076], [141.43896530745468, 38.76677453400121], [141.43903145232773, 38.766737993450434], [141.43906116650578, 38.76674239705984], [141.43911001812003, 38.766734540351806], [141.43914449807127, 38.76672555092505], [141.43908698939427, 38.766626553755344], [141.43906919498082, 38.76653553712498], [141.43891519744403, 38.766416558158], [141.43884159164384, 38.7663531780904], [141.43881536696986, 38.76631219640758], [141.4388559826095, 38.76629275738122], [141.4388498107953, 38.76628792544871], [141.4387837009222, 38.76623053977113], [141.43875498206484, 38.76620214021915], [141.43866783457705, 38.766105467504296], [141.43857025730938, 38.7661564317252], [141.4387006177821, 38.766305866572004], [141.43880996924668, 38.766431217593855], [141.43885174802904, 38.766474094346876], [141.43883937854304, 38.76652808303353], [141.43883611670245, 38.76660586930366], [141.43880109177135, 38.766618450610494], [141.43880707267164, 38.76667802254042], [141.43870841909737, 38.766715812421964], [141.43869751588653, 38.7667776114244], [141.4387779458382, 38.766878035075514], [141.43885141783076, 38.7668374477076]]]}, "properties": {"KEYCODE": "000205@B094@01@0008@0000@0000@0000", "小班": "8", "小班面積": 0.14, "林種": "人工林", "中樹種": "スギ", "林齢": 62, "齢級": 13, "所有形態": "個人", "ADDDATE": "2022-09-29", "ADDTENANT": "04000F", "ADDUSER": "pasco01", "EDITDATE": null, "EDITTENANT": "", "EDITUSER": ""}}, {"type": "Feature", "geometry": {"type": "Polygon", "coordinates": [[[141.4399055030276, 38.76689954592994], [141.43984713373328, 38.76687314465369], [141.43968318438073, 38.766784670253145], [141.43974383707908, 38.76674656321748], [141.43973212981993, 38.76667289869087], [141.43970454035684, 38.766600175111506], [141.4395849434885, 38.766498896721416], [141.4394930709674, 38.76650708756746], [141.43930945266055, 38.766522135068], [141.43928979397694, 38.7665017381307], [141.43927660864182, 38.76645461064034], [141.43919048432224, 38.76642311694988], [141.43901533751225, 38.7663773063608], [141.43890496353845, 38.76628634691935], [141.4388559826095, 38.76629275738122], [141.43881536696986, 38.76631219640758], [141.43884159164384, 38.7663531780904], [141.43891519744403, 38.766416558158], [141.43906919498082, 38.76653553712498], [141.43908698939427, 38.766626553755344], [141.43914449807127, 38.76672555092505], [141.43929461558238, 38.76681980584083], [141.43939499797358, 38.76680915483389], [141.43945016143638, 38.7668517736749], [141.43950975582428, 38.76687828050643], [141.43964610184105, 38.76689008753328], [141.4397205210824, 38.766959421353384], [141.43978301907867, 38.766969227588696], [141.43986113662118, 38.76693604782848], [141.4399055030276, 38.76689954592994]]]}, "properties": {"KEYCODE": "000205@B094@01@0008@0001@0000@0000", "小班": "8-1", "小班面積": 0.25, "林種": "天然林", "中樹種": "その他L", "林齢": 69, "齢級": 14, "所有形態": "個人", "ADDDATE": "2022-09-29", "ADDTENANT": "04000F", "ADDUSER": "pasco01", "EDITDATE": null, "EDITTENANT": "", "EDITUSER": ""}}, {"type": "Feature", "geometry": {"type": "Polygon", "coordinates": [[[141.4411325716195, 38.767248468739055], [141.44113198566103, 38.76724789791917], [141.44111246858873, 38.76727357208655], [141.44053473667148, 38.76694630771249], [141.44041884831245, 38.7668805105055], [141.4404175356326, 38.76688896317129], [141.4403498412818, 38.76722059017838], [141.4405894312112, 38.767448396927996], [141.44107809724417, 38.767319371905856], [141.4411325716195, 38.767248468739055]]]}, "properties": {"KEYCODE": "000205@B094@01@0009@0001@0000@0000", "小班": "9-1", "小班面積": 0.22, "林種": "人工林", "中樹種": "スギ", "林齢": 101, "齢級": 21, "所有形態": "個人", "ADDDATE": "2022-09-29", "ADDTENANT": "04000F", "ADDUSER": "pasco01", "EDITDATE": null, "EDITTENANT": "", "EDITUSER": ""}}, {"type": "Feature", "geometry": {"type": "Polygon", "coordinates": [[[141.44041884831245, 38.7668805105055], [141.44043222213372, 38.76679431141149], [141.44023165977092, 38.766617256017774], [141.44016046196893, 38.76654216712147], [141.44001398880806, 38.76645192318006], [141.43990083678602, 38.76654619587821], [141.43973212981993, 38.76667289869087], [141.43974383707908, 38.76674656321748], [141.43968318438073, 38.766784670253145], [141.43984713373328, 38.76687314465369], [141.4399055030276, 38.76689954592994], [141.44005118965563, 38.76696544301426], [141.44017621421088, 38.76702508961627], [141.4402351298068, 38.76705210680162], [141.44027410888543, 38.767082480605644], [141.44035641330163, 38.76713751107263], [141.4403648701034, 38.767142824744404], [141.4403498412818, 38.76722059017838], [141.4404175356326, 38.76688896317129], [141.44041884831245, 38.7668805105055]]]}, "properties": {"KEYCODE": "000205@B094@01@0009@0000@0000@0000", "小班": "9", "小班面積": 0.26, "林種": "人工林", "中樹種": "スギ", "林齢": 101, "齢級": 21, "所有形態": "個人", "ADDDATE": "2022-09-29", "ADDTENANT": "04000F", "ADDUSER": "pasco01", "EDITDATE": null, "EDITTENANT": "", "EDITUSER": ""}}, {"type": "Feature", "geometry": {"type": "Polygon", "coordinates": [[[141.44001398880806, 38.76645192318006], [141.43998515691902, 38.766434159531805], [141.43974591059632, 38.76626942105017], [141.43970019190405, 38.766228781248], [141.43958965375583, 38.76629349268078], [141.43942889640357, 38.76645683718421], [141.4394930709674, 38.76650708756746], [141.4395849434885, 38.766498896721416], [141.43970454035684, 38.766600175111506], [141.43973212981993, 38.76667289869087], [141.43990083678602, 38.76654619587821], [141.44001398880806, 38.76645192318006]]]}, "properties": {"KEYCODE": "000205@B094@01@0010@0000@0000@0000", "小班": "10", "小班面積": 0.12, "林種": "人工林", "中樹種": "スギ", "林齢": 71, "齢級": 15, "所有形態": "個人", "ADDDATE": "2022-09-29", "ADDTENANT": "04000F", "ADDUSER": "pasco01", "EDITDATE": null, "EDITTENANT": "", "EDITUSER": ""}}, {"type": "Feature", "geometry": {"type": "Polygon", "coordinates": [[[141.4394930709674, 38.76650708756746], [141.43942889640357, 38.76645683718421], [141.43958965375583, 38.76629349268078], [141.43970019190405, 38.766228781248], [141.43958618756895, 38.76612744050309], [141.43945637003412, 38.76612871560904], [141.43938989355803, 38.76612936844437], [141.43934021961914, 38.766144160984524], [141.43915167606886, 38.766200305372514], [141.4390168146074, 38.76616371648105], [141.4388137525126, 38.76604017546515], [141.43881522433048, 38.76603650752195], [141.4388552474889, 38.76593678149393], [141.43882129081263, 38.76588511116144], [141.43848889586351, 38.76606316400818], [141.43854785473357, 38.766130749831774], [141.43857025730938, 38.7661564317252], [141.43866783457705, 38.766105467504296], [141.43875498206484, 38.76620214021915], [141.4387837009222, 38.76623053977113], [141.4388498107953, 38.76628792544871], [141.4388559826095, 38.76629275738122], [141.43890496353845, 38.76628634691935], [141.43901533751225, 38.7663773063608], [141.43919048432224, 38.76642311694988], [141.43927660864182, 38.76645461064034], [141.43928979397694, 38.7665017381307], [141.43930945266055, 38.766522135068], [141.4394930709674, 38.76650708756746]]]}, "properties": {"KEYCODE": "000205@B094@01@0011@0000@0000@0000", "小班": "11", "小班面積": 0.26, "林種": "人工林", "中樹種": "スギ", "林齢": 68, "齢級": 14, "所有形態": "個人", "ADDDATE": "2022-09-29", "ADDTENANT": "04000F", "ADDUSER": "pasco01", "EDITDATE": null, "EDITTENANT": "", "EDITUSER": ""}}, {"type": "Feature", "geometry": {"type": "Polygon", "coordinates": [[[141.4411325716195, 38.767248468739055], [141.4413382113658, 38.76698080948404], [141.44110011539323, 38.766894598432735], [141.4410768767661, 38.76673930757806], [141.44096099002124, 38.76657305711426], [141.4408727262854, 38.76650486810834], [141.4406919856223, 38.7664457406205], [141.44057555248227, 38.766358628621624], [141.44034664376045, 38.766241781250024], [141.44015784951827, 38.7661662481006], [141.44005990925612, 38.76603375089604], [141.4398869786458, 38.765933795591685], [141.43980489240653, 38.76579599792879], [141.43977437700653, 38.76575182164255], [141.43971675292812, 38.765742109028096], [141.43954837274282, 38.76559639048856], [141.43935093717255, 38.76557882270225], [141.4392113553465, 38.76559813804675], [141.4390598438387, 38.765682602597835], [141.4390901642689, 38.76569166516884], [141.43921149452243, 38.76572793043744], [141.43921211170405, 38.765728114623286], [141.43921809121633, 38.76573647091722], [141.43926354368637, 38.765799987707155], [141.4392970942241, 38.76584687088245], [141.43932565446323, 38.76593840193272], [141.4393295966145, 38.765951034500944], [141.43936631312138, 38.76597387358734], [141.43938541636297, 38.76598575727575], [141.43947855542746, 38.766043693421224], [141.439583541939, 38.76612538217814], [141.43958618756895, 38.76612744050309], [141.43970019190405, 38.766228781248], [141.43974591059632, 38.76626942105017], [141.43998515691902, 38.766434159531805], [141.44001398880806, 38.76645192318006], [141.44016046196893, 38.76654216712147], [141.44023165977092, 38.766617256017774], [141.44043222213372, 38.76679431141149], [141.44041884831245, 38.7668805105055], [141.44053473667148, 38.76694630771249], [141.44111246858873, 38.76727357208655], [141.44113198566103, 38.76724789791917], [141.4411325716195, 38.767248468739055]]]}, "properties": {"KEYCODE": "000205@B094@02@0001@0000@0000@0000", "小班": "1", "小班面積": 0.96, "林種": "人工林", "中樹種": "スギ", "林齢": 60, "齢級": 12, "所有形態": "個人", "ADDDATE": "2022-09-29", "ADDTENANT": "04000F", "ADDUSER": "pasco01", "EDITDATE": null, "EDITTENANT": "", "EDITUSER": ""}}, {"type": "Feature", "geometry": {"type": "Polygon", "coordinates": [[[141.44064126001857, 38.766079119271026], [141.4405991257006, 38.765849557966924], [141.44047405226, 38.76573682707879], [141.44026490964924, 38.76584647965231], [141.4401326130858, 38.76569426744044], [141.44022263732614, 38.7656459717365], [141.44019160080006, 38.76560889818332], [141.4396916160078, 38.76501165587304], [141.43965630662947, 38.76503008299051], [141.43957074130014, 38.76507574885719], [141.43935011429602, 38.76519072057466], [141.4393487845911, 38.765191595027005], [141.4392024839182, 38.76528783621673], [141.4390655041657, 38.76535571662514], [141.43899509138063, 38.76539360362599], [141.43889889690948, 38.76550156030977], [141.43882980622462, 38.765606043205615], [141.43891354630773, 38.765637128807235], [141.43893767852083, 38.76564608744684], [141.4390598438387, 38.765682602597835], [141.4392113553465, 38.76559813804675], [141.43935093717255, 38.76557882270225], [141.43954837274282, 38.76559639048856], [141.43971675292812, 38.765742109028096], [141.43977437700653, 38.76575182164255], [141.43980489240653, 38.76579599792879], [141.4398869786458, 38.765933795591685], [141.44005990925612, 38.76603375089604], [141.44015784951827, 38.7661662481006], [141.44034664376045, 38.766241781250024], [141.44041773285923, 38.766223534744896], [141.4404539558322, 38.76618889653526], [141.44049379455754, 38.7661022905814], [141.44064126001857, 38.766079119271026]]]}, "properties": {"KEYCODE": "000205@B094@02@0002@0000@0000@0000", "小班": "2", "小班面積": 0.77, "林種": "天然林", "中樹種": "その他L", "林齢": 64, "齢級": 13, "所有形態": "個人", "ADDDATE": "2022-09-29", "ADDTENANT": "04000F", "ADDUSER": "pasco01", "EDITDATE": null, "EDITTENANT": "", "EDITUSER": ""}}, {"type": "Feature", "geometry": {"type": "Polygon", "coordinates": [[[141.44034532000103, 38.7655829479602], [141.4404111753843, 38.765524000278205], [141.44040707661213, 38.76547891848042], [141.44037250339218, 38.765440960651986], [141.4403943893612, 38.765418798580775], [141.44047431209466, 38.76540713851515], [141.4404601593234, 38.76539432929835], [141.44038255106184, 38.76533243673136], [141.4402718874575, 38.76524804936404], [141.44016122677795, 38.76516927442353], [141.44005776543253, 38.76511187617502], [141.4400175220732, 38.76507474405994], [141.43992787987045, 38.76506725447565], [141.43990720839588, 38.765053060119946], [141.43991217877962, 38.76501072489425], [141.43992401792647, 38.76497073777619], [141.44004364099357, 38.764956876481236], [141.440126202976, 38.764949295700035], [141.44005584835404, 38.76490276777838], [141.4400521617091, 38.76490251394627], [141.43999307297193, 38.7648984513464], [141.43982321236584, 38.76494196304683], [141.43981731675532, 38.76494351794685], [141.43971976504275, 38.76499640279615], [141.44021834469186, 38.76559171176511], [141.44025105734602, 38.76563077027831], [141.44034532000103, 38.7655829479602]]]}, "properties": {"KEYCODE": "000205@B094@02@0002@0003@0000@0000", "小班": "2-3", "小班面積": 0.19, "林種": "天然林", "中樹種": "その他L", "林齢": 64, "齢級": 13, "所有形態": "個人", "ADDDATE": "2022-09-29", "ADDTENANT": "04000F", "ADDUSER": "pasco01", "EDITDATE": null, "EDITTENANT": "", "EDITUSER": ""}}, {"type": "Feature", "geometry": {"type": "Polygon", "coordinates": [[[141.44153833180786, 38.76667044484668], [141.44142688457495, 38.7665241066458], [141.44138818686608, 38.76641275432455], [141.44136875487624, 38.76627555971806], [141.4412722178841, 38.766236970464966], [141.44113830239084, 38.76624243447301], [141.44101974967478, 38.76619251819103], [141.44092785035517, 38.76612625530919], [141.4407484642686, 38.766083328781164], [141.44064126001857, 38.766079119271026], [141.44049379455754, 38.7661022905814], [141.4404539558322, 38.76618889653526], [141.44041773285923, 38.766223534744896], [141.44034664376045, 38.766241781250024], [141.44057555248227, 38.766358628621624], [141.4406919856223, 38.7664457406205], [141.4408727262854, 38.76650486810834], [141.44096099002124, 38.76657305711426], [141.4410768767661, 38.76673930757806], [141.44110011539323, 38.766894598432735], [141.4413382113658, 38.76698080948404], [141.44136767225837, 38.766942464775596], [141.44138557980878, 38.76691915566747], [141.4415382743512, 38.766670454154585], [141.44153833180786, 38.76667044484668]]]}, "properties": {"KEYCODE": "000205@B094@02@0002@0001@0000@0000", "小班": "2-1", "小班面積": 0.46, "林種": "人工林", "中樹種": "マツ類", "林齢": 58, "齢級": 12, "所有形態": "個人", "ADDDATE": "2022-09-29", "ADDTENANT": "04000F", "ADDUSER": "pasco01", "EDITDATE": null, "EDITTENANT": "", "EDITUSER": ""}}, {"type": "Feature", "geometry": {"type": "Polygon", "coordinates": [[[141.4400175220732, 38.76507474405994], [141.44005776543253, 38.76511187617502], [141.44016122677795, 38.76516927442353], [141.4402718874575, 38.76524804936404], [141.44038255106184, 38.76533243673136], [141.4404601593234, 38.76539432929835], [141.44047431209466, 38.76540713851515], [141.44054171505817, 38.76537929948103], [141.44055884718026, 38.765335113679754], [141.44062281396876, 38.7652636884444], [141.4405520458799, 38.76518515252814], [141.4403941223172, 38.76511786916479], [141.44025767355126, 38.7650935492591], [141.44022399356595, 38.76507108026275], [141.44007265004458, 38.76508557127591], [141.4400175220732, 38.76507474405994]]]}, "properties": {"KEYCODE": "000205@B094@02@0002@0002@0000@0000", "小班": "2-2", "小班面積": 0.09, "林種": "人工林", "中樹種": "スギ", "林齢": 39, "齢級": 8, "所有形態": "個人", "ADDDATE": "2022-09-29", "ADDTENANT": "04000F", "ADDUSER": "pasco01", "EDITDATE": null, "EDITTENANT": "", "EDITUSER": ""}}, {"type": "Feature", "geometry": {"type": "Polygon", "coordinates": [[[141.44103006758922, 38.76539809441294], [141.44098306081355, 38.7651223167423], [141.4406626218247, 38.76500073413863], [141.44041444255828, 38.764919777580126], [141.440407618815, 38.764925595841035], [141.4403906946491, 38.76491203074788], [141.44035719853383, 38.76488518250528], [141.4403239495908, 38.76488329394773], [141.44031365521212, 38.76488270957961], [141.4402591014391, 38.76487961093881], [141.44020198150383, 38.76491765486069], [141.44011174322958, 38.76490660999355], [141.44005584835404, 38.76490276777838], [141.440126202976, 38.764949295700035], [141.44004364099357, 38.764956876481236], [141.43992401792647, 38.76497073777619], [141.43991217877962, 38.76501072489425], [141.43990720839588, 38.765053060119946], [141.43992787987045, 38.76506725447565], [141.4400175220732, 38.76507474405994], [141.44007265004458, 38.76508557127591], [141.44022399356595, 38.76507108026275], [141.44025767355126, 38.7650935492591], [141.4403941223172, 38.76511786916479], [141.4405520458799, 38.76518515252814], [141.44062281396876, 38.7652636884444], [141.44055884718026, 38.765335113679754], [141.44054171505817, 38.76537929948103], [141.44047431209466, 38.76540713851515], [141.4403943893612, 38.765418798580775], [141.44037250339218, 38.765440960651986], [141.44040707661213, 38.76547891848042], [141.4404111753843, 38.765524000278205], [141.44034532000103, 38.7655829479602], [141.44047405226, 38.76573682707879], [141.4405991257006, 38.765849557966924], [141.44064126001857, 38.766079119271026], [141.4407484642686, 38.766083328781164], [141.44080950399433, 38.766018671738664], [141.44088277023303, 38.76598608407066], [141.44111407146096, 38.765909674242685], [141.44104216838952, 38.765724070094606], [141.44098688729815, 38.76560708679652], [141.44102260307145, 38.76552303449562], [141.44103006758922, 38.76539809441294]]]}, "properties": {"KEYCODE": "000205@B094@02@0003@0001@0000@0000", "小班": "3-1", "小班面積": 0.59, "林種": "人工林", "中樹種": "スギ", "林齢": 33, "齢級": 7, "所有形態": "個人", "ADDDATE": "2022-09-29", "ADDTENANT": "04000F", "ADDUSER": "pasco01", "EDITDATE": null, "EDITTENANT": "", "EDITUSER": ""}}, {"type": "Feature", "geometry": {"type": "Polygon", "coordinates": [[[141.4412722178841, 38.766236970464966], [141.44131979719785, 38.76607357711063], [141.44133713885157, 38.7659514820032], [141.441315414736, 38.76583202972649], [141.44126383823667, 38.76567909797581], [141.44118033391632, 38.76559753683901], [141.44116013408484, 38.76536976792901], [141.44109674608734, 38.765362470627004], [141.44103006758922, 38.76539809441294], [141.44102260307145, 38.76552303449562], [141.44098688729815, 38.76560708679652], [141.44104216838952, 38.765724070094606], [141.44111407146096, 38.765909674242685], [141.44088277023303, 38.76598608407066], [141.44080950399433, 38.766018671738664], [141.4407484642686, 38.766083328781164], [141.44092785035517, 38.76612625530919], [141.44101974967478, 38.76619251819103], [141.44113830239084, 38.76624243447301], [141.4412722178841, 38.766236970464966]]]}, "properties": {"KEYCODE": "000205@B094@02@0003@0002@0000@0000", "小班": "3-2", "小班面積": 0.23, "林種": "人工林", "中樹種": "スギ", "林齢": 25, "齢級": 5, "所有形態": "個人", "ADDDATE": "2022-09-29", "ADDTENANT": "04000F", "ADDUSER": "pasco01", "EDITDATE": null, "EDITTENANT": "", "EDITUSER": ""}}, {"type": "Feature", "geometry": {"type": "Polygon", "coordinates": [[[141.4425616915044, 38.766424176307474], [141.4426177526468, 38.7663855827141], [141.4426756104725, 38.76628319308378], [141.44277966619777, 38.766099049970435], [141.44285018286433, 38.7659742584637], [141.44286379978826, 38.76593173478971], [141.44290672301557, 38.7657976890586], [141.4427935036721, 38.76577067441951], [141.4427338025766, 38.76573165644611], [141.44258209247755, 38.765721006065455], [141.44241582783414, 38.76564559695132], [141.44236055819124, 38.76559058470474], [141.44227001198885, 38.76511052057491], [141.44226104626603, 38.765081060417224], [141.44219898728076, 38.764921154928665], [141.44211959786168, 38.7648939192437], [141.4419488850173, 38.76486811133173], [141.44174297850324, 38.764856788917655], [141.44158932034725, 38.76492166994516], [141.44150214300683, 38.76492692895545], [141.4413832971067, 38.76491396007671], [141.4411427482209, 38.764874452284005], [141.4409371487324, 38.76486336468834], [141.4407375155653, 38.764793234681655], [141.44064570746593, 38.76474617536929], [141.4404691058332, 38.76472275622508], [141.44040745843955, 38.76473543576515], [141.44031188324996, 38.76477406956188], [141.44026812778057, 38.764853032834964], [141.4403342980314, 38.76486146747724], [141.4403758319858, 38.764866761610634], [141.44038209133163, 38.76487201282423], [141.44042663917062, 38.76490938011092], [141.44041444255828, 38.764919777580126], [141.4406626218247, 38.76500073413863], [141.44098306081355, 38.7651223167423], [141.44109370407037, 38.76515946984697], [141.44120003773193, 38.765187628246075], [141.44129631178333, 38.76520340568485], [141.44139113377904, 38.765207939375834], [141.44147878330452, 38.76522708581959], [141.4415520759198, 38.76525073028364], [141.44164404515104, 38.76530699784209], [141.44169722331085, 38.765344135037665], [141.441748965189, 38.765399260560095], [141.44179639551783, 38.765465633601266], [141.44184095622984, 38.765528635115146], [141.441874024475, 38.765582632590004], [141.44191139756808, 38.765636634666215], [141.4419674487473, 38.76570863835523], [141.44199619982862, 38.765744632357034], [141.4420350090009, 38.765779519025656], [141.44211691704677, 38.76581216410209], [141.44223474212617, 38.76585606241368], [141.44234395060363, 38.76589884335623], [141.44236695215463, 38.765939334739805], [141.44238133390058, 38.76597983590242], [141.4423684164979, 38.766010200160814], [141.44234544781, 38.76606304806392], [141.44232392477593, 38.76616426714619], [141.44231102381022, 38.76625762066854], [141.4423096246566, 38.766359968207375], [141.4423146485116, 38.766533892251225], [141.44248288502746, 38.76647842878249], [141.4425616915044, 38.766424176307474]]]}, "properties": {"KEYCODE": "000205@B094@02@0004@0000@0000@0000", "小班": "4", "小班面積": 1.16, "林種": "人工林", "中樹種": "スギ", "林齢": 65, "齢級": 13, "所有形態": "個人", "ADDDATE": "2022-09-29", "ADDTENANT": "04000F", "ADDUSER": "pasco01", "EDITDATE": null, "EDITTENANT": "", "EDITUSER": ""}}, {"type": "Feature", "geometry": {"type": "Polygon", "coordinates": [[[141.4435159568764, 38.76548931261717], [141.4433225393769, 38.7651396235822], [141.44317542073566, 38.76492433973904], [141.44313953973725, 38.76465826062858], [141.44304184042207, 38.76467872956554], [141.44290105281195, 38.76473154440919], [141.442732972922, 38.76480909570294], [141.44264990267308, 38.76483993386206], [141.44265683851643, 38.76486531182721], [141.4425835614042, 38.76487203609528], [141.44251907228272, 38.76487296773181], [141.4425649034883, 38.764920394062635], [141.44261378702737, 38.76503175868605], [141.4426526123772, 38.76512849210839], [141.4427302352725, 38.76523762398747], [141.44278496568694, 38.7653124359438], [141.442972086343, 38.76546885193466], [141.44311383429775, 38.76552531902399], [141.44313765628436, 38.76557861483793], [141.44340184688915, 38.76555198866443], [141.4435159568764, 38.76548931261717]]]}, "properties": {"KEYCODE": "000205@B094@02@0005@0000@0000@0000", "小班": "5", "小班面積": 0.47, "林種": "人工林", "中樹種": "スギ", "林齢": 61, "齢級": 13, "所有形態": "個人", "ADDDATE": "2022-09-29", "ADDTENANT": "04000F", "ADDUSER": "pasco01", "EDITDATE": null, "EDITTENANT": "", "EDITUSER": ""}}, {"type": "Feature", "geometry": {"type": "Polygon", "coordinates": [[[141.44313765628436, 38.76557861483793], [141.44311383429775, 38.76552531902399], [141.442972086343, 38.76546885193466], [141.44278496568694, 38.7653124359438], [141.4427302352725, 38.76523762398747], [141.4426526123772, 38.76512849210839], [141.44261378702737, 38.76503175868605], [141.4425649034883, 38.764920394062635], [141.44251907228272, 38.76487296773181], [141.44243126163798, 38.76487423618679], [141.44229476989815, 38.76486519168193], [141.4420289528144, 38.76484261357055], [141.44191084541941, 38.76482663150624], [141.44190394719266, 38.764825698066716], [141.44176887473444, 38.76479528543966], [141.44163237632267, 38.764763744955346], [141.44148724516322, 38.76473445641278], [141.4413205774636, 38.7647152796098], [141.44125130365651, 38.7647164507488], [141.4414887245272, 38.7648615544776], [141.44158932034725, 38.76492166994516], [141.44174297850324, 38.764856788917655], [141.4419488850173, 38.76486811133173], [141.44211959786168, 38.7648939192437], [141.44219898728076, 38.764921154928665], [141.44226104626603, 38.765081060417224], [141.44227001198885, 38.76511052057491], [141.44236055819124, 38.76559058470474], [141.44241582783414, 38.76564559695132], [141.44258209247755, 38.765721006065455], [141.4427338025766, 38.76573165644611], [141.4427935036721, 38.76577067441951], [141.44290672301557, 38.7657976890586], [141.4429715105086, 38.76559535978331], [141.44313765628436, 38.76557861483793]]]}, "properties": {"KEYCODE": "000205@B094@02@0006@0000@0000@0000", "小班": "6", "小班面積": 0.48, "林種": "天然林", "中樹種": "その他L", "林齢": 68, "齢級": 14, "所有形態": "個人", "ADDDATE": "2022-09-29", "ADDTENANT": "04000F", "ADDUSER": "pasco01", "EDITDATE": null, "EDITTENANT": "", "EDITUSER": ""}}, {"type": "Feature", "geometry": {"type": "Polygon", "coordinates": [[[141.44158932034725, 38.76492166994516], [141.4414887245272, 38.7648615544776], [141.44125130365651, 38.7647164507488], [141.4413205774636, 38.7647152796098], [141.44148724516322, 38.76473445641278], [141.44163237632267, 38.764763744955346], [141.44176887473444, 38.76479528543966], [141.44190394719266, 38.764825698066716], [141.44191084541941, 38.76482663150624], [141.4420289528144, 38.76484261357055], [141.44229476989815, 38.76486519168193], [141.44243126163798, 38.76487423618679], [141.44251907228272, 38.76487296773181], [141.44249817376493, 38.76485134177019], [141.44248010088734, 38.76483263978309], [141.44261655522865, 38.76471795684942], [141.44274141714345, 38.76466752445988], [141.44264153060115, 38.76452121537395], [141.4426672016379, 38.764389505558775], [141.4426265740114, 38.764275370008924], [141.44249717095443, 38.764322010673794], [141.44242855241183, 38.76430830899242], [141.44244997185677, 38.76410606721778], [141.4423558001557, 38.76405888552762], [141.44231863581425, 38.763984710645104], [141.44232825187015, 38.76368337203439], [141.4423861055678, 38.76344250119307], [141.44220406736937, 38.763415826537795], [141.4418824950755, 38.76344369200732], [141.44187433483498, 38.76344439935238], [141.44171798590097, 38.763463726605046], [141.4416074853598, 38.76347157192911], [141.44152158522735, 38.76348339720277], [141.44142757112797, 38.763474679272775], [141.44139991844744, 38.76347305739485], [141.44128471523226, 38.763580178026], [141.44126055302235, 38.76361970867115], [141.44117305198196, 38.763675464949216], [141.44114999531178, 38.76369015676559], [141.4411170017496, 38.76371139116974], [141.44123967044604, 38.76378362446674], [141.44127678828687, 38.763791443025326], [141.44135765936144, 38.76388185916507], [141.44135111956408, 38.76388559134313], [141.4411964924643, 38.76397385862022], [141.4411823959763, 38.76398190481659], [141.4410908260252, 38.764036211938574], [141.441336866946, 38.764115632274724], [141.4416779844321, 38.764221120021496], [141.4419962406764, 38.764323150189334], [141.4420401188609, 38.76438132011501], [141.44202541868742, 38.76444277435717], [141.4419520445079, 38.76449166672495], [141.4419019981423, 38.764518500894866], [141.44163329167628, 38.764515133101916], [141.44149161121115, 38.76450216425552], [141.44132335422393, 38.764445342095385], [141.44123712291375, 38.76437895445218], [141.4411853857952, 38.76432832411037], [141.4411272220782, 38.76425556795527], [141.44103114753392, 38.764235211006685], [141.44090086960333, 38.764241626079745], [141.44079458916903, 38.76437318604626], [141.44073714697475, 38.7644507710998], [141.44069263419647, 38.76451823589707], [141.44065241507658, 38.76455196703512], [141.44058490228753, 38.76461155139173], [141.4404886694383, 38.76470262599506], [141.4404691058332, 38.76472275622508], [141.44064570746593, 38.76474617536929], [141.4407375155653, 38.764793234681655], [141.4409371487324, 38.76486336468834], [141.4411427482209, 38.764874452284005], [141.4413832971067, 38.76491396007671], [141.44150214300683, 38.76492692895545], [141.44158932034725, 38.76492166994516]]]}, "properties": {"KEYCODE": "000205@B094@02@0008@0000@0000@0000", "小班": "8", "小班面積": 1.74, "林種": "天然林", "中樹種": "その他L", "林齢": 61, "齢級": 13, "所有形態": "個人", "ADDDATE": "2022-09-29", "ADDTENANT": "04000F", "ADDUSER": "pasco01", "EDITDATE": null, "EDITTENANT": "", "EDITUSER": ""}}, {"type": "Feature", "geometry": {"type": "Polygon", "coordinates": [[[141.441336866946, 38.764115632274724], [141.4412873537558, 38.76418102153425], [141.44126437726558, 38.76421250105461], [141.4411853857952, 38.76432832411037], [141.44123712291375, 38.76437895445218], [141.44132335422393, 38.764445342095385], [141.44149161121115, 38.76450216425552], [141.44163329167628, 38.764515133101916], [141.4419019981423, 38.764518500894866], [141.4419520445079, 38.76449166672495], [141.44202541868742, 38.76444277435717], [141.4420401188609, 38.76438132011501], [141.4419962406764, 38.764323150189334], [141.4416779844321, 38.764221120021496], [141.441336866946, 38.764115632274724]]]}, "properties": {"KEYCODE": "000205@B094@02@0009@0000@0000@0000", "小班": "9", "小班面積": 0.22, "林種": "人工林", "中樹種": "スギ", "林齢": 61, "齢級": 13, "所有形態": "個人", "ADDDATE": "2022-09-29", "ADDTENANT": "04000F", "ADDUSER": "pasco01", "EDITDATE": null, "EDITTENANT": "", "EDITUSER": ""}}, {"type": "Feature", "geometry": {"type": "Polygon", "coordinates": [[[141.4426265740114, 38.764275370008924], [141.44264371141915, 38.76426919335032], [141.44275146390999, 38.76423548779228], [141.44283335171448, 38.76420627732954], [141.4428850634662, 38.764186043910584], [141.442916664582, 38.7641579334673], [141.44293676669187, 38.76412532448484], [141.44293678186543, 38.764125214497014], [141.44289489738196, 38.76403609251641], [141.4427111391911, 38.76375247736925], [141.44268767123395, 38.76375990594825], [141.44257971688424, 38.763590912072665], [141.44253501987785, 38.763403691296084], [141.44252730132692, 38.76337135891564], [141.44248941198072, 38.76339919212405], [141.44242308097665, 38.76344791925636], [141.4423861055678, 38.76344250119307], [141.44232825187015, 38.76368337203439], [141.44231863581425, 38.763984710645104], [141.4423558001557, 38.76405888552762], [141.44244997185677, 38.76410606721778], [141.44242855241183, 38.76430830899242], [141.44249717095443, 38.764322010673794], [141.4426265740114, 38.764275370008924]]]}, "properties": {"KEYCODE": "000205@B094@02@0010@0000@0000@0000", "小班": "10", "小班面積": 0.32, "林種": "人工林", "中樹種": "スギ", "林齢": 103, "齢級": 21, "所有形態": "個人", "ADDDATE": "2022-09-29", "ADDTENANT": "04000F", "ADDUSER": "pasco01", "EDITDATE": null, "EDITTENANT": "", "EDITUSER": ""}}, {"type": "Feature", "geometry": {"type": "Polygon", "coordinates": [[[141.44314169438397, 38.7639454971155], [141.44309839496094, 38.76380614441531], [141.4430321206274, 38.763709954306506], [141.44277919805958, 38.76350389916333], [141.44266817211883, 38.76337433355041], [141.4425686445313, 38.7633821793317], [141.44257361205655, 38.76340749729905], [141.44260893827988, 38.76358756158531], [141.4427111391911, 38.76375247736925], [141.44289489738196, 38.76403609251641], [141.44293678186543, 38.764125214497014], [141.44294106691046, 38.764093833943306], [141.44296405516346, 38.76406910170504], [141.44304879865902, 38.76401176840555], [141.44314169438397, 38.7639454971155]]]}, "properties": {"KEYCODE": "000205@B094@02@0010@0002@0000@0000", "小班": "10-2", "小班面積": 0.18, "林種": "人工林", "中樹種": "スギ", "林齢": 103, "齢級": 21, "所有形態": "個人", "ADDDATE": "2022-09-29", "ADDTENANT": "04000F", "ADDUSER": "pasco01", "EDITDATE": null, "EDITTENANT": "", "EDITUSER": ""}}, {"type": "Feature", "geometry": {"type": "Polygon", "coordinates": [[[141.44378194176892, 38.76505064043102], [141.44365578868135, 38.76490803874499], [141.443646675797, 38.76473169916326], [141.4436429953962, 38.76445852060045], [141.44349247699856, 38.76432133147355], [141.4432974344284, 38.7641197428204], [141.44325100761947, 38.76403059962961], [141.44316269123814, 38.76402748483358], [141.44314169438397, 38.7639454971155], [141.44304879865902, 38.76401176840555], [141.44296405516346, 38.76406910170504], [141.44294106691046, 38.764093833943306], [141.44293678186543, 38.764125214497014], [141.44302142655786, 38.76430532138639], [141.4431311928023, 38.76459635803798], [141.44313953973725, 38.76465826062858], [141.44317542073566, 38.76492433973904], [141.4433225393769, 38.7651396235822], [141.4435159568764, 38.76548931261717], [141.44364169755687, 38.76540282645047], [141.44371904953934, 38.765349623116485], [141.44378194176892, 38.76505064043102]]]}, "properties": {"KEYCODE": "000205@B094@02@0010@0001@0000@0000", "小班": "10-1", "小班面積": 0.61, "林種": "人工林", "中樹種": "スギ", "林齢": 54, "齢級": 11, "所有形態": "個人", "ADDDATE": "2022-09-29", "ADDTENANT": "04000F", "ADDUSER": "pasco01", "EDITDATE": null, "EDITTENANT": "", "EDITUSER": ""}}, {"type": "Feature", "geometry": {"type": "Polygon", "coordinates": [[[141.44313953973725, 38.76465826062858], [141.4431311928023, 38.76459635803798], [141.44302142655786, 38.76430532138639], [141.44293678186543, 38.764125214497014], [141.44293676669187, 38.76412532448484], [141.442916664582, 38.7641579334673], [141.4428850634662, 38.764186043910584], [141.44283335171448, 38.76420627732954], [141.44275146390999, 38.76423548779228], [141.44264371141915, 38.76426919335032], [141.4426265740114, 38.764275370008924], [141.4426672016379, 38.764389505558775], [141.44264153060115, 38.76452121537395], [141.44274141714345, 38.76466752445988], [141.44261655522865, 38.76471795684942], [141.44248010088734, 38.76483263978309], [141.44249817376493, 38.76485134177019], [141.44251907228272, 38.76487296773181], [141.4425835614042, 38.76487203609528], [141.44265683851643, 38.76486531182721], [141.44264990267308, 38.76483993386206], [141.442732972922, 38.76480909570294], [141.44290105281195, 38.76473154440919], [141.44304184042207, 38.76467872956554], [141.44313953973725, 38.76465826062858]]]}, "properties": {"KEYCODE": "000205@B094@02@0010@0003@0000@0000", "小班": "10-3", "小班面積": 0.23, "林種": "人工林", "中樹種": "スギ", "林齢": 54, "齢級": 11, "所有形態": "個人", "ADDDATE": "2022-09-29", "ADDTENANT": "04000F", "ADDUSER": "pasco01", "EDITDATE": null, "EDITTENANT": "", "EDITUSER": ""}}, {"type": "Feature", "geometry": {"type": "Polygon", "coordinates": [[[141.44381864470614, 38.76500223396454], [141.4438698330188, 38.76493472320885], [141.4439374431466, 38.764895891173026], [141.4440138497021, 38.764852007789194], [141.44417639147477, 38.764797969818936], [141.44393668256578, 38.764644374605794], [141.44381495769935, 38.76447219893186], [141.44374767536448, 38.76425802486065], [141.44335725638297, 38.76399429057931], [141.44332170778293, 38.763752540105166], [141.4432164252978, 38.763544523405336], [141.4431606116901, 38.76338871368059], [141.44288730199005, 38.76335705867817], [141.44270504333875, 38.76337142693554], [141.44266817211883, 38.76337433355041], [141.44277919805958, 38.76350389916333], [141.4430321206274, 38.763709954306506], [141.44309839496094, 38.76380614441531], [141.44314169438397, 38.7639454971155], [141.44316269123814, 38.76402748483358], [141.44325100761947, 38.76403059962961], [141.4432974344284, 38.7641197428204], [141.44349247699856, 38.76432133147355], [141.4436429953962, 38.76445852060045], [141.443646675797, 38.76473169916326], [141.44365578868135, 38.76490803874499], [141.44378194176892, 38.76505064043102], [141.44381864470614, 38.76500223396454]]]}, "properties": {"KEYCODE": "000205@B094@02@0011@0000@0000@0000", "小班": "11", "小班面積": 0.46, "林種": "天然林", "中樹種": "マツ類", "林齢": 54, "齢級": 11, "所有形態": "個人", "ADDDATE": "2022-09-29", "ADDTENANT": "04000F", "ADDUSER": "pasco01", "EDITDATE": null, "EDITTENANT": "", "EDITUSER": ""}}, {"type": "Feature", "geometry": {"type": "Polygon", "coordinates": [[[141.44478596169841, 38.764468350095065], [141.44463054961616, 38.76418309423526], [141.44450920421218, 38.764091245205044], [141.4442516413214, 38.76387711313044], [141.44417066102133, 38.763806028184945], [141.4441090299334, 38.76361731636835], [141.4440317371936, 38.76351833488821], [141.44399963200408, 38.76346548791712], [141.44391025157725, 38.76343262822612], [141.44357751217686, 38.76329318739985], [141.44341652824485, 38.76329605392037], [141.44330760835274, 38.76329799266615], [141.4431656918349, 38.76337302969176], [141.4431606116901, 38.76338871368059], [141.4432164252978, 38.763544523405336], [141.44332170778293, 38.763752540105166], [141.44335725638297, 38.76399429057931], [141.44374767536448, 38.76425802486065], [141.44381495769935, 38.76447219893186], [141.44393668256578, 38.764644374605794], [141.44417639147477, 38.764797969818936], [141.44440605300696, 38.76472161700534], [141.44457667667507, 38.764617825081956], [141.44478596169841, 38.764468350095065]]]}, "properties": {"KEYCODE": "000205@B094@02@0012@0000@0000@0000", "小班": "12", "小班面積": 1.17, "林種": "人工林", "中樹種": "スギ", "林齢": 69, "齢級": 14, "所有形態": "個人", "ADDDATE": "2022-09-29", "ADDTENANT": "04000F", "ADDUSER": "pasco01", "EDITDATE": null, "EDITTENANT": "", "EDITUSER": ""}}, {"type": "Feature", "geometry": {"type": "Polygon", "coordinates": [[[141.44484189120627, 38.764428403881794], [141.44481497502508, 38.76433516739465], [141.4447853214078, 38.764279809653566], [141.44474582229265, 38.76420607118645], [141.44474011863116, 38.764132345106894], [141.4448368435402, 38.76387073394206], [141.44488959156354, 38.76375294396998], [141.44494447350084, 38.76363038970631], [141.44461024622316, 38.76362978688199], [141.4445500340505, 38.76362234781214], [141.444295368705, 38.76359088418808], [141.44418675979986, 38.76353933083954], [141.4441395953907, 38.76351694245046], [141.44399963200408, 38.76346548791712], [141.4440317371936, 38.76351833488821], [141.4441090299334, 38.76361731636835], [141.44417066102133, 38.763806028184945], [141.4442516413214, 38.76387711313044], [141.44450920421218, 38.764091245205044], [141.44463054961616, 38.76418309423526], [141.44478596169841, 38.764468350095065], [141.44484189120627, 38.764428403881794]]]}, "properties": {"KEYCODE": "000205@B094@02@0013@0000@0000@0000", "小班": "13", "小班面積": 0.33, "林種": "人工林", "中樹種": "スギ", "林齢": 66, "齢級": 14, "所有形態": "個人", "ADDDATE": "2022-09-29", "ADDTENANT": "04000F", "ADDUSER": "pasco01", "EDITDATE": null, "EDITTENANT": "", "EDITUSER": ""}}, {"type": "Feature", "geometry": {"type": "Polygon", "coordinates": [[[141.4411170017496, 38.76371139116974], [141.44110381000164, 38.763743342294916], [141.44105904076565, 38.76380476359367], [141.44105209343627, 38.76381172936947], [141.44101452146148, 38.763849399979364], [141.44091338832152, 38.763966119049584], [141.4410908260252, 38.764036211938574], [141.4411823959763, 38.76398190481659], [141.4411964924643, 38.76397385862022], [141.44135111956408, 38.76388559134313], [141.44135765936144, 38.76388185916507], [141.44127678828687, 38.763791443025326], [141.44123967044604, 38.76378362446674], [141.4411170017496, 38.76371139116974]]]}, "properties": {"KEYCODE": "000205@B094@02@0015@0000@0000@0000", "小班": "15", "小班面積": 0.07, "林種": "人工林", "中樹種": "カラマツ", "林齢": 73, "齢級": 15, "所有形態": "個人", "ADDDATE": "2022-09-29", "ADDTENANT": "04000F", "ADDUSER": "pasco01", "EDITDATE": null, "EDITTENANT": "", "EDITUSER": ""}}, {"type": "Feature", "geometry": {"type": "Polygon", "coordinates": [[[141.4404691058332, 38.76472275622508], [141.4404886694383, 38.76470262599506], [141.44058490228753, 38.76461155139173], [141.44065241507658, 38.76455196703512], [141.44069263419647, 38.76451823589707], [141.44073714697475, 38.7644507710998], [141.44079458916903, 38.76437318604626], [141.44090086960333, 38.764241626079745], [141.44080920361037, 38.76421736139023], [141.4407266253798, 38.764157770518224], [141.44069575132403, 38.76418596307911], [141.44055918943175, 38.76433123859562], [141.44043236805962, 38.76446504006084], [141.44027185238016, 38.76463121419956], [141.44026018090923, 38.76469870647929], [141.44026812778057, 38.764853032834964], [141.44031188324996, 38.76477406956188], [141.44040745843955, 38.76473543576515], [141.4404691058332, 38.76472275622508]]]}, "properties": {"KEYCODE": "000205@B094@02@0016@0001@0000@0000", "小班": "16-1", "小班面積": 0.15, "林種": "人工林", "中樹種": "スギ", "林齢": 76, "齢級": 16, "所有形態": "個人", "ADDDATE": "2022-09-29", "ADDTENANT": "04000F", "ADDUSER": "pasco01", "EDITDATE": null, "EDITTENANT": "", "EDITUSER": ""}}, {"type": "Feature", "geometry": {"type": "Polygon", "coordinates": [[[141.441336866946, 38.764115632274724], [141.4410908260252, 38.764036211938574], [141.44091338832152, 38.763966119049584], [141.44082578325035, 38.764067225549155], [141.4407266253798, 38.764157770518224], [141.44080920361037, 38.76421736139023], [141.44090086960333, 38.764241626079745], [141.44103114753392, 38.764235211006685], [141.4411272220782, 38.76425556795527], [141.4411853857952, 38.76432832411037], [141.44126437726558, 38.76421250105461], [141.4412873537558, 38.76418102153425], [141.441336866946, 38.764115632274724]]]}, "properties": {"KEYCODE": "000205@B094@02@0017@0000@0000@0000", "小班": "17", "小班面積": 0.11, "林種": "人工林", "中樹種": "スギ", "林齢": 66, "齢級": 14, "所有形態": "個人", "ADDDATE": "2022-09-29", "ADDTENANT": "04000F", "ADDUSER": "pasco01", "EDITDATE": null, "EDITTENANT": "", "EDITUSER": ""}}, {"type": "Feature", "geometry": {"type": "Polygon", "coordinates": [[[141.43953410066499, 38.76330456682534], [141.43945600998154, 38.76332442476246], [141.43960105704613, 38.76376179554376], [141.43965547119313, 38.763755025959554], [141.4396769212053, 38.76375235705321], [141.43975231214, 38.76366254348341], [141.439776945751, 38.76362721876336], [141.43982709511542, 38.763555305284264], [141.43972580157956, 38.76341983056787], [141.43959134627744, 38.76339693013944], [141.43953410066499, 38.76330456682534]]]}, "properties": {"KEYCODE": "000205@B094@03@0001@0000@0000@0000", "小班": "1", "小班面積": 0.09, "林種": "人工林", "中樹種": "スギ", "林齢": 82, "齢級": 17, "所有形態": "個人", "ADDDATE": "2022-09-29", "ADDTENANT": "04000F", "ADDUSER": "pasco01", "EDITDATE": null, "EDITTENANT": "", "EDITUSER": ""}}, {"type": "Feature", "geometry": {"type": "Polygon", "coordinates": [[[141.43953410066499, 38.76330456682534], [141.43969227769347, 38.763254854965915], [141.4396567956401, 38.76306609607558], [141.43960762671824, 38.763031938000466], [141.43957106762178, 38.76296756167708], [141.43954997138405, 38.762930284122106], [141.439550389097, 38.76289656160468], [141.43955980042796, 38.76287060406545], [141.43940472296185, 38.76298344222458], [141.43933499830385, 38.76302647986742], [141.43936940634262, 38.76309680609162], [141.43944557071475, 38.76329294951741], [141.43945600998154, 38.76332442476246], [141.43953410066499, 38.76330456682534]]]}, "properties": {"KEYCODE": "000205@B094@03@0002@0000@0000@0000", "小班": "2", "小班面積": 0.09, "林種": "人工林", "中樹種": "スギ", "林齢": 72, "齢級": 15, "所有形態": "個人", "ADDDATE": "2022-09-29", "ADDTENANT": "04000F", "ADDUSER": "pasco01", "EDITDATE": null, "EDITTENANT": "", "EDITUSER": ""}}, {"type": "Feature", "geometry": {"type": "Polygon", "coordinates": [[[141.43984374895732, 38.762958771394274], [141.43973807365953, 38.76280334125093], [141.43973541126897, 38.76279942447666], [141.43971673093247, 38.76278208104479], [141.43970444438537, 38.76277067374289], [141.43955980042796, 38.76287060406545], [141.439550389097, 38.76289656160468], [141.43954997138405, 38.762930284122106], [141.43957106762178, 38.76296756167708], [141.43960762671824, 38.763031938000466], [141.4396915721744, 38.76297272299314], [141.43973556884225, 38.762955213842034], [141.439800320913, 38.76296202824255], [141.43984374895732, 38.762958771394274]]]}, "properties": {"KEYCODE": "000205@B094@03@0003@0000@0000@0000", "小班": "3", "小班面積": 0.04, "林種": "人工林", "中樹種": "スギ", "林齢": 58, "齢級": 12, "所有形態": "個人", "ADDDATE": "2022-09-29", "ADDTENANT": "04000F", "ADDUSER": "pasco01", "EDITDATE": null, "EDITTENANT": "", "EDITUSER": ""}}, {"type": "Feature", "geometry": {"type": "Polygon", "coordinates": [[[141.44004208748416, 38.76316818923348], [141.43992463411362, 38.763071834169985], [141.43991555682769, 38.76306438766888], [141.43990813937543, 38.763053476735074], [141.43986713375773, 38.76299316497877], [141.439775340179, 38.763102994150344], [141.43987527241225, 38.76326555037247], [141.43998940003127, 38.76330285853226], [141.44003272134336, 38.76319212948045], [141.44004208748416, 38.76316818923348]]]}, "properties": {"KEYCODE": "000205@B094@03@0003@0001@0000@0000", "小班": "3-1", "小班面積": 0.05, "林種": "天然林", "中樹種": "クヌギ", "林齢": 67, "齢級": 14, "所有形態": "個人", "ADDDATE": "2022-09-29", "ADDTENANT": "04000F", "ADDUSER": "pasco01", "EDITDATE": null, "EDITTENANT": "", "EDITUSER": ""}}, {"type": "Feature", "geometry": {"type": "Polygon", "coordinates": [[[141.44060767436326, 38.762775259841554], [141.440557412668, 38.76274578797163], [141.4405040200841, 38.762823442879835], [141.44040589714388, 38.762952460170574], [141.44023034671113, 38.76318328103232], [141.44047199841316, 38.76298717769433], [141.44049367238955, 38.762959371715915], [141.44060767436326, 38.762775259841554]]]}, "properties": {"KEYCODE": "000205@B094@03@0004@0000@0000@0000", "小班": "4", "小班面積": 0.03, "林種": "人工林", "中樹種": "スギ", "林齢": 68, "齢級": 14, "所有形態": "個人", "ADDDATE": "2022-09-29", "ADDTENANT": "04000F", "ADDUSER": "pasco01", "EDITDATE": null, "EDITTENANT": "", "EDITUSER": ""}}, {"type": "Feature", "geometry": {"type": "Polygon", "coordinates": [[[141.4407314952848, 38.76249259790394], [141.44057914180982, 38.76271418533521], [141.440557412668, 38.76274578797163], [141.44060767436326, 38.762775259841554], [141.44062754125576, 38.76274319300344], [141.44071634633937, 38.762589157554466], [141.44076390069523, 38.76250668249191], [141.4407314952848, 38.76249259790394]]]}, "properties": {"KEYCODE": "000205@B094@03@0005@0000@0000@0000", "小班": "5", "小班面積": 0.02, "林種": "人工林", "中樹種": "スギ", "林齢": 71, "齢級": 15, "所有形態": "個人", "ADDDATE": "2022-09-29", "ADDTENANT": "04000F", "ADDUSER": "pasco01", "EDITDATE": null, "EDITTENANT": "", "EDITUSER": ""}}, {"type": "Feature", "geometry": {"type": "Polygon", "coordinates": [[[141.43955980042796, 38.76287060406545], [141.43970444438537, 38.76277067374289], [141.43953779470965, 38.76261594981828], [141.43939059136025, 38.76247927957317], [141.43938989873192, 38.762479558837335], [141.4392768918198, 38.76252518390989], [141.43935011024544, 38.76264236157274], [141.43934836826102, 38.762727531836994], [141.43940783947477, 38.76268058433464], [141.43942519106378, 38.76269688156523], [141.43933544472563, 38.76276133721449], [141.43931080889996, 38.76278714034046], [141.43931079449078, 38.76278720527933], [141.43929547215956, 38.76285791998254], [141.4392822916074, 38.76291875521878], [141.43933499830385, 38.76302647986742], [141.43940472296185, 38.76298344222458], [141.43955980042796, 38.76287060406545]]]}, "properties": {"KEYCODE": "000205@B094@03@0006@0001@0000@0000", "小班": "6-1", "小班面積": 0.12, "林種": "人工林", "中樹種": "スギ", "林齢": 80, "齢級": 16, "所有形態": "個人", "ADDDATE": "2022-09-29", "ADDTENANT": "04000F", "ADDUSER": "pasco01", "EDITDATE": null, "EDITTENANT": "", "EDITUSER": ""}}, {"type": "Feature", "geometry": {"type": "Polygon", "coordinates": [[[141.43938989873192, 38.762479558837335], [141.43920214786036, 38.76239167554488], [141.43916249084128, 38.762228785581286], [141.43908362619482, 38.761986171742045], [141.4389959020713, 38.76169862314973], [141.43895346591574, 38.76155260317016], [141.4389287020583, 38.76148971413959], [141.43887238932578, 38.761433656053775], [141.43879451514445, 38.76137652045795], [141.43872385491963, 38.76132612214678], [141.43868765932154, 38.761273383156414], [141.43867596208938, 38.76123293966591], [141.4386743595036, 38.76120259693772], [141.43867844741303, 38.761162116736706], [141.43868642915535, 38.76104293342032], [141.43868175491988, 38.760974381780244], [141.4386526902944, 38.760910380736036], [141.43859627228449, 38.760836331353424], [141.438513799168, 38.76072638209772], [141.43830984314926, 38.76074563596177], [141.43834150200854, 38.760886623752725], [141.4383561573194, 38.760962232676235], [141.43840262823142, 38.76120198866629], [141.43855467638357, 38.761440892579024], [141.43869795271712, 38.76178406582069], [141.43889311521247, 38.76215202383206], [141.43912836540323, 38.76244343220552], [141.4392768918198, 38.76252518390989], [141.43938989873192, 38.762479558837335]]]}, "properties": {"KEYCODE": "000205@B094@03@0006@0000@0000@0000", "小班": "6", "小班面積": 0.47, "林種": "人工林", "中樹種": "スギ", "林齢": 80, "齢級": 16, "所有形態": "個人", "ADDDATE": "2022-09-29", "ADDTENANT": "04000F", "ADDUSER": "pasco01", "EDITDATE": null, "EDITTENANT": "", "EDITUSER": ""}}, {"type": "Feature", "geometry": {"type": "Polygon", "coordinates": [[[141.44023034671113, 38.76318328103232], [141.44040589714388, 38.762952460170574], [141.4405040200841, 38.762823442879835], [141.440557412668, 38.76274578797163], [141.44057914180982, 38.76271418533521], [141.4407314952848, 38.76249259790394], [141.44063924296194, 38.76245264529493], [141.44048853997367, 38.7626872094774], [141.4402794839902, 38.762911986519065], [141.4401261466483, 38.763105033729495], [141.44006683098073, 38.76317970930909], [141.4400529902265, 38.7632146897814], [141.44001036164062, 38.763322430592865], [141.4400110621775, 38.763323084606974], [141.44002395625705, 38.76331952582402], [141.4401212817605, 38.76329266862672], [141.44019882454492, 38.76322472623449], [141.44023034671113, 38.76318328103232]]]}, "properties": {"KEYCODE": "000205@B094@03@0007@0001@0000@0000", "小班": "7-1", "小班面積": 0.12, "林種": "人工林", "中樹種": "スギ", "林齢": 66, "齢級": 14, "所有形態": "個人", "ADDDATE": "2022-09-29", "ADDTENANT": "04000F", "ADDUSER": "pasco01", "EDITDATE": null, "EDITTENANT": "", "EDITUSER": ""}}, {"type": "Feature", "geometry": {"type": "Polygon", "coordinates": [[[141.44081435207656, 38.76202764262137], [141.44077857586373, 38.761976142637664], [141.44069191834606, 38.76188756782074], [141.44062551225207, 38.761824788336085], [141.4405605853709, 38.761772118135426], [141.44046693832897, 38.76171953402628], [141.44031857440433, 38.76164347751164], [141.44016440023512, 38.76155507362891], [141.44000732532623, 38.761461053125835], [141.4398789909941, 38.76136809135936], [141.43986286458423, 38.761307427948815], [141.43981940237182, 38.76123897043164], [141.43977892925417, 38.76119073140611], [141.4396409259507, 38.76095867777867], [141.43957037349082, 38.76089587864809], [141.4395001146845, 38.76086763974627], [141.43941338501483, 38.760871664248945], [141.43909303469516, 38.761149824739654], [141.43909805472808, 38.76120342968211], [141.43917630761558, 38.76132045166389], [141.43936070563709, 38.76148214260732], [141.4394836848506, 38.76162452137341], [141.4397730316432, 38.761819668766385], [141.440045000867, 38.76193982176717], [141.4401782038045, 38.76203089952237], [141.44038639568433, 38.762169259220634], [141.44064841597663, 38.76235111495643], [141.44066415675618, 38.76230916605423], [141.44069145372475, 38.76223630428224], [141.44074488744522, 38.762101685724765], [141.44081435207656, 38.76202764262137]]]}, "properties": {"KEYCODE": "000205@B094@03@0008@0000@0000@0000", "小班": "8", "小班面積": 0.83, "林種": "人工林", "中樹種": "スギ", "林齢": 31, "齢級": 7, "所有形態": "個人", "ADDDATE": "2022-09-29", "ADDTENANT": "04000F", "ADDUSER": "pasco01", "EDITDATE": null, "EDITTENANT": "", "EDITUSER": ""}}, {"type": "Feature", "geometry": {"type": "Polygon", "coordinates": [[[141.44120945855357, 38.761354404664715], [141.44116004973222, 38.7612675003981], [141.44117138604898, 38.76138038617405], [141.44115207798805, 38.761528169676396], [141.4411214579288, 38.76164732762198], [141.4410693173802, 38.76179048909178], [141.4411282485948, 38.761806254551814], [141.4411540522287, 38.76172562574251], [141.4412086035746, 38.7616021812122], [141.44123267829625, 38.76152800274684], [141.44123414571715, 38.76142294219443], [141.44120945855357, 38.761354404664715]]]}, "properties": {"KEYCODE": "000205@B094@03@0018@0001@0000@0000", "小班": "18-1", "小班面積": 0.04, "林種": "人工林", "中樹種": "スギ", "林齢": 76, "齢級": 16, "所有形態": "個人", "ADDDATE": "2022-09-29", "ADDTENANT": "04000F", "ADDUSER": "pasco01", "EDITDATE": null, "EDITTENANT": "", "EDITUSER": ""}}, {"type": "Feature", "geometry": {"type": "Polygon", "coordinates": [[[141.43988553562383, 38.75930082694139], [141.4394849705875, 38.75942635413557], [141.43893682391422, 38.759461111435925], [141.43860658003308, 38.75948204980157], [141.43815548392976, 38.759590636089136], [141.43808739964197, 38.75971567177521], [141.43807439860075, 38.75976416016233], [141.4380448480455, 38.75987436686441], [141.43802579089336, 38.75994543859509], [141.43819489058745, 38.759973211976394], [141.43867171688538, 38.76005152636604], [141.43896591412656, 38.76016050747216], [141.4393139961948, 38.76028944790159], [141.43975215341626, 38.76026318017101], [141.4399192098458, 38.76025316475376], [141.4405845952563, 38.76027879944603], [141.4406710239178, 38.76031211578603], [141.44085746791265, 38.76033342227624], [141.44085794810925, 38.760333468428385], [141.44084136152196, 38.760236240354836], [141.44079136447343, 38.75980972092111], [141.4407895760657, 38.759792983544685], [141.4407687941891, 38.75959852511936], [141.44072467065772, 38.759469809822086], [141.4406780216576, 38.75937570186233], [141.44063369945914, 38.7592941041847], [141.4402512492696, 38.759231172465476], [141.44018201974674, 38.75923137877248], [141.43988553562383, 38.75930082694139]]]}, "properties": {"KEYCODE": "000205@B094@03@0011@0001@0000@0000", "小班": "11-1", "小班面積": 2.07, "林種": "伐採跡地", "中樹種": "", "林齢": null, "齢級": null, "所有形態": "個人", "ADDDATE": "2022-09-29", "ADDTENANT": "04000F", "ADDUSER": "pasco01", "EDITDATE": null, "EDITTENANT": "", "EDITUSER": ""}}, {"type": "Feature", "geometry": {"type": "Polygon", "coordinates": [[[141.43988553562383, 38.75930082694139], [141.4398744946025, 38.759280992551965], [141.44018140467125, 38.75920766149116], [141.440254522888, 38.75921013766682], [141.44027595889042, 38.75916672049894], [141.44029710154527, 38.75902483289614], [141.4402999866075, 38.75900547126727], [141.4402794302367, 38.75883486806431], [141.44016041944064, 38.75852037212289], [141.44011606577698, 38.758430441149194], [141.44004860775718, 38.758293666604814], [141.43993320663586, 38.757921485578684], [141.4399120142528, 38.75784713865747], [141.43989380297498, 38.75778325002907], [141.43988377189865, 38.75774935648166], [141.43986915464166, 38.75769996436626], [141.43957766077042, 38.75769080106633], [141.43933850074148, 38.75767144689666], [141.4391800871024, 38.7576846733968], [141.43892815204725, 38.75778195099823], [141.4384613226719, 38.758058942607924], [141.4381132563724, 38.758112806639026], [141.43792075650677, 38.75820317999555], [141.4378800034479, 38.75823459677825], [141.43779941174193, 38.75829672557895], [141.43769871722193, 38.75839708401123], [141.43765757537463, 38.75843808821471], [141.4375704618061, 38.7585673571031], [141.43780427137304, 38.75863412044783], [141.43810411308272, 38.75882080171344], [141.43831854397982, 38.75895522215656], [141.43822388807715, 38.75913142196848], [141.43821763080464, 38.75927885824036], [141.43818133645294, 38.7595250345172], [141.43815548392976, 38.759590636089136], [141.43860658003308, 38.75948204980157], [141.43893682391422, 38.759461111435925], [141.4394849705875, 38.75942635413557], [141.43988553562383, 38.75930082694139]]]}, "properties": {"KEYCODE": "000205@B094@03@0011@0000@0000@0000", "小班": "11", "小班面積": 3.25, "林種": "伐採跡地", "中樹種": "", "林齢": null, "齢級": null, "所有形態": "個人", "ADDDATE": "2022-09-29", "ADDTENANT": "04000F", "ADDUSER": "pasco01", "EDITDATE": null, "EDITTENANT": "", "EDITUSER": ""}}, {"type": "Feature", "geometry": {"type": "Polygon", "coordinates": [[[141.44096907815927, 38.759537074791304], [141.44077424789546, 38.75943685882438], [141.44082304921105, 38.75956224351906], [141.44084813542804, 38.75978205587342], [141.4408667620972, 38.759945255539044], [141.44089448030425, 38.7602044510689], [141.44093731882998, 38.760339479203445], [141.44095166377116, 38.7603846924392], [141.44105611216565, 38.76084950481541], [141.44110995067317, 38.760688199559326], [141.44113940274846, 38.76062265070557], [141.4412417872434, 38.76055921800696], [141.44126307645988, 38.760532970618776], [141.44130870882935, 38.76047670863359], [141.44129397926713, 38.76040870489281], [141.4412625944032, 38.76034949038966], [141.44121366777944, 38.76029222294682], [141.4411033377242, 38.7601980553643], [141.4410943716976, 38.76019040296867], [141.44099144248395, 38.76015156918328], [141.4409586950233, 38.759961480174965], [141.44099822034997, 38.759880311577575], [141.44102049575153, 38.759762242049874], [141.44103844605226, 38.75974430386396], [141.44110126461686, 38.75968152743746], [141.44111841165972, 38.759664391605824], [141.44111629002072, 38.759617736460555], [141.44097473963959, 38.759539986769376], [141.44096907815927, 38.759537074791304]]]}, "properties": {"KEYCODE": "000205@B078@02@0021@0000@0000@0000", "小班": "21", "小班面積": 0.25, "林種": "人工林", "中樹種": "スギ", "林齢": 71, "齢級": 15, "所有形態": "個人", "ADDDATE": "2022-09-29", "ADDTENANT": "04000F", "ADDUSER": "pasco01", "EDITDATE": null, "EDITTENANT": "", "EDITUSER": ""}}, {"type": "Feature", "geometry": {"type": "Polygon", "coordinates": [[[141.44125860079774, 38.76059076985981], [141.44121278870205, 38.760614332206686], [141.44115225096454, 38.76069526780184], [141.4411119508026, 38.76086010624348], [141.4411221140553, 38.76089711606114], [141.44117923902493, 38.76097809740204], [141.4412250404099, 38.76106431773243], [141.4412491782764, 38.76117322615444], [141.44125065588068, 38.76117989497398], [141.44140566239383, 38.76129730359595], [141.44137786419623, 38.76125267392076], [141.4413953256961, 38.761231745466084], [141.44135490741667, 38.761169347396724], [141.44130084120465, 38.76108587818932], [141.44132030825872, 38.76089043667776], [141.4413474242472, 38.76078553998613], [141.44132457475354, 38.76067184925064], [141.44127359286188, 38.76063275449666], [141.44125860079774, 38.76059076985981]]]}, "properties": {"KEYCODE": "000205@B094@03@0017@0000@0000@0000", "小班": "17", "小班面積": 0.09, "林種": "人工林", "中樹種": "スギ", "林齢": 71, "齢級": 15, "所有形態": "個人", "ADDDATE": "2022-09-29", "ADDTENANT": "04000F", "ADDUSER": "pasco01", "EDITDATE": null, "EDITTENANT": "", "EDITUSER": ""}}, {"type": "Feature", "geometry": {"type": "Polygon", "coordinates": [[[141.4411553441413, 38.761011068161956], [141.44109682644793, 38.76098442680386], [141.4411731306338, 38.76117601623643], [141.44118330838185, 38.7612015693375], [141.44125349919955, 38.76132935605506], [141.44128499470017, 38.761415119237405], [141.44129259793004, 38.761498907613145], [141.44127959554072, 38.76157346092695], [141.44119847521813, 38.76176188981709], [141.44119101663384, 38.761822630651665], [141.4413284102132, 38.76170407045751], [141.4413657242153, 38.76165648947437], [141.44145351633742, 38.76153569168909], [141.44147934823818, 38.76149911623666], [141.44146588393122, 38.76143381762955], [141.44131410811175, 38.761281032306435], [141.44120804499784, 38.76119850378374], [141.44120406823473, 38.76117488147687], [141.44118825799382, 38.76108095029618], [141.4411553441413, 38.761011068161956]]]}, "properties": {"KEYCODE": "000205@B094@03@0018@0000@0000@0000", "小班": "18", "小班面積": 0.08, "林種": "人工林", "中樹種": "スギ", "林齢": 76, "齢級": 16, "所有形態": "個人", "ADDDATE": "2022-09-29", "ADDTENANT": "04000F", "ADDUSER": "pasco01", "EDITDATE": null, "EDITTENANT": "", "EDITUSER": ""}}, {"type": "Feature", "geometry": {"type": "Polygon", "coordinates": [[[141.43534138791287, 38.76677546478588], [141.4352647405115, 38.76669624785895], [141.43533840997165, 38.76664772212734], [141.4354784989675, 38.76655544566015], [141.43555248707378, 38.766525010737844], [141.4356698236776, 38.76650991706065], [141.43542878115807, 38.76645836056529], [141.43533576246693, 38.766524929058754], [141.4352837885361, 38.766576178154445], [141.43518339353807, 38.76661330557397], [141.43507799763492, 38.76667963579916], [141.4350030254898, 38.76677941793739], [141.43500231005098, 38.7668030195486], [141.4350428219217, 38.76683367730157], [141.43506129847603, 38.766866358378294], [141.43504872848038, 38.76689216604198], [141.43500326496687, 38.766916713330275], [141.4349247720775, 38.76692355244414], [141.4347689074033, 38.76694933361486], [141.43470490040102, 38.76701327846195], [141.4346378878066, 38.76707573965505], [141.43473933599074, 38.76708006536771], [141.43484336213862, 38.7670747012591], [141.4349191251211, 38.76704587019761], [141.43511714739407, 38.766939779893576], [141.43525300412952, 38.766847000271234], [141.43534138791287, 38.76677546478588]]]}, "properties": {"KEYCODE": "000205@B094@04@0001@0000@0000@0000", "小班": "1", "小班面積": 0.14, "林種": "人工林", "中樹種": "スギ", "林齢": 71, "齢級": 15, "所有形態": "個人", "ADDDATE": "2022-09-29", "ADDTENANT": "04000F", "ADDUSER": "pasco01", "EDITDATE": null, "EDITTENANT": "", "EDITUSER": ""}}, {"type": "Feature", "geometry": {"type": "Polygon", "coordinates": [[[141.43567060761845, 38.76650981662517], [141.4356698236776, 38.76650991706065], [141.43555248707378, 38.766525010737844], [141.4354784989675, 38.76655544566015], [141.43533840997165, 38.76664772212734], [141.4352647405115, 38.76669624785895], [141.43534138791287, 38.76677546478588], [141.43540817952098, 38.76673432570465], [141.43553229397432, 38.76665787903225], [141.43563685034295, 38.7665692151424], [141.43566339451397, 38.766531934627665], [141.43567036756525, 38.76651055388996], [141.43567060761845, 38.76650981662517]]]}, "properties": {"KEYCODE": "000205@B094@04@0002@0000@0000@0000", "小班": "2", "小班面積": 0.04, "林種": "人工林", "中樹種": "スギ", "林齢": 61, "齢級": 13, "所有形態": "個人", "ADDDATE": "2022-09-29", "ADDTENANT": "04000F", "ADDUSER": "pasco01", "EDITDATE": null, "EDITTENANT": "", "EDITUSER": ""}}, {"type": "Feature", "geometry": {"type": "Polygon", "coordinates": [[[141.4346378878066, 38.76707573965505], [141.43470490040102, 38.76701327846195], [141.4347689074033, 38.76694933361486], [141.4349247720775, 38.76692355244414], [141.43500326496687, 38.766916713330275], [141.43504872848038, 38.76689216604198], [141.43506129847603, 38.766866358378294], [141.4350428219217, 38.76683367730157], [141.43500231005098, 38.7668030195486], [141.4350030254898, 38.76677941793739], [141.43507799763492, 38.76667963579916], [141.43518339353807, 38.76661330557397], [141.4352837885361, 38.766576178154445], [141.43533576246693, 38.766524929058754], [141.43542878115807, 38.76645836056529], [141.4356698236776, 38.76650991706065], [141.43567060761845, 38.76650981662517], [141.43566731805174, 38.76648672573422], [141.43564066812002, 38.7664512058245], [141.43563062391436, 38.76641716788472], [141.43562078935597, 38.766351949038636], [141.43563400153266, 38.76629060237117], [141.43563314789327, 38.76615047503052], [141.4353972172669, 38.766088694037485], [141.43540414422276, 38.76614698652152], [141.43540541106182, 38.766157655550046], [141.43532918306056, 38.76625370747842], [141.4351142232134, 38.766524565465176], [141.4349518661472, 38.76664476932075], [141.43456398660854, 38.76679595277991], [141.43437570118758, 38.76696676611167], [141.4342840621722, 38.766983732645166], [141.4343257598399, 38.76716151619538], [141.43435962095185, 38.76711570295468], [141.4343954463996, 38.76708869019695], [141.43449984770157, 38.76707591914422], [141.4346122624423, 38.76707464718058], [141.4346378878066, 38.76707573965505]]]}, "properties": {"KEYCODE": "000205@B094@04@0003@0000@0000@0000", "小班": "3", "小班面積": 0.33, "林種": "天然林", "中樹種": "クヌギ", "林齢": 69, "齢級": 14, "所有形態": "個人", "ADDDATE": "2022-09-29", "ADDTENANT": "04000F", "ADDUSER": "pasco01", "EDITDATE": null, "EDITTENANT": "", "EDITUSER": ""}}, {"type": "Feature", "geometry": {"type": "Polygon", "coordinates": [[[141.43615647752668, 38.765680492179385], [141.43608824930027, 38.76563400765818], [141.436015699698, 38.76558457964783], [141.43599220143943, 38.76561920042682], [141.4359302576427, 38.76563882680545], [141.43588944634456, 38.76567336115217], [141.43585350726295, 38.76584309316297], [141.43578144719677, 38.765939729300726], [141.43571469144285, 38.76598857733494], [141.43562788424015, 38.766038069197634], [141.43563314789327, 38.76615047503052], [141.43563400153266, 38.76629060237117], [141.43568617002134, 38.766172497020236], [141.43574012276102, 38.76612441588678], [141.435741187233, 38.766123466266805], [141.43593968141047, 38.76599594895059], [141.43596781618135, 38.76597133569503], [141.43597752497098, 38.765921718628874], [141.4359635225797, 38.76585215197732], [141.43597937831726, 38.76580963826967], [141.43599336738689, 38.76578747990075], [141.43600004566096, 38.765776901439864], [141.43608762246575, 38.76572731524212], [141.43615647752668, 38.765680492179385]]]}, "properties": {"KEYCODE": "000205@B094@04@0004@0001@0000@0000", "小班": "4-1", "小班面積": 0.1, "林種": "人工林", "中樹種": "スギ", "林齢": 69, "齢級": 14, "所有形態": "個人", "ADDDATE": "2022-09-29", "ADDTENANT": "04000F", "ADDUSER": "pasco01", "EDITDATE": null, "EDITTENANT": "", "EDITUSER": ""}}, {"type": "Feature", "geometry": {"type": "Polygon", "coordinates": [[[141.43617390193717, 38.76530874883779], [141.4361726045694, 38.76524892737279], [141.43615663981768, 38.76518396450043], [141.43609059709578, 38.76513609664628], [141.43595983664724, 38.76514463210431], [141.43595531531236, 38.76531148868045], [141.4359951763608, 38.765490803651424], [141.436015699698, 38.76558457964783], [141.43608824930027, 38.76563400765818], [141.43615647752668, 38.765680492179385], [141.43621200485669, 38.765618323584356], [141.43623717589236, 38.76557793293625], [141.4362563016818, 38.76554252836693], [141.43626634322624, 38.765487360070296], [141.43626890487386, 38.765471797481176], [141.43625243412498, 38.76544353051552], [141.43617390193717, 38.76530874883779]]]}, "properties": {"KEYCODE": "000205@B094@04@0004@0002@0000@0000", "小班": "4-2", "小班面積": 0.11, "林種": "天然林", "中樹種": "その他L", "林齢": 42, "齢級": 9, "所有形態": "個人", "ADDDATE": "2022-09-29", "ADDTENANT": "04000F", "ADDUSER": "pasco01", "EDITDATE": null, "EDITTENANT": "", "EDITUSER": ""}}, {"type": "Feature", "geometry": {"type": "Polygon", "coordinates": [[[141.4363890442573, 38.765039146470855], [141.43632143800218, 38.76503464849022], [141.43626181657646, 38.765170864458966], [141.43622375948124, 38.76524015009134], [141.4361726045694, 38.76524892737279], [141.43617390193717, 38.76530874883779], [141.43620476658757, 38.76530501309992], [141.43635832040235, 38.76531960364988], [141.43636933213494, 38.76532065042553], [141.43636805445183, 38.76530802472749], [141.4363567435419, 38.765196248307134], [141.4363890442573, 38.765039146470855]]]}, "properties": {"KEYCODE": "000205@B094@04@0005@0001@0000@0000", "小班": "5-1", "小班面積": 0.04, "林種": "人工林", "中樹種": "スギ", "林齢": 58, "齢級": 12, "所有形態": "個人", "ADDDATE": "2022-09-29", "ADDTENANT": "04000F", "ADDUSER": "pasco01", "EDITDATE": null, "EDITTENANT": "", "EDITUSER": ""}}, {"type": "Feature", "geometry": {"type": "Polygon", "coordinates": [[[141.43713846628557, 38.76510491609373], [141.43710579432414, 38.764929825584325], [141.43692443196224, 38.76487897012716], [141.4368582684831, 38.76474795290676], [141.4368444727528, 38.76459917895771], [141.43692029473564, 38.764438446859415], [141.43696937910923, 38.76436960403637], [141.43703690705823, 38.76427489143902], [141.43709462465895, 38.764132856131], [141.4370431914531, 38.764006361051216], [141.4370288166271, 38.764009289323276], [141.43689365462527, 38.76400893424036], [141.43681334745108, 38.764008718297674], [141.43663333946245, 38.76399063249631], [141.43662795436398, 38.76399009092992], [141.4364870608381, 38.76396908951353], [141.43634473440008, 38.76394585210132], [141.43629878385644, 38.763948215269004], [141.43620974815886, 38.76395406279356], [141.43613352449242, 38.76394793259207], [141.43630042557956, 38.76410869061541], [141.4363744832514, 38.76422629731754], [141.43639040823612, 38.76430964125341], [141.4363797146803, 38.76448608366138], [141.43634599850046, 38.76464000095574], [141.43632110495602, 38.764756926284946], [141.43634292627485, 38.764817595908006], [141.4363723702673, 38.76487941807504], [141.43640950487574, 38.764950734678756], [141.4363890442573, 38.765039146470855], [141.4363567435419, 38.765196248307134], [141.43636805445183, 38.76530802472749], [141.43636933213494, 38.76532065042553], [141.43635832040235, 38.76531960364988], [141.43620476658757, 38.76530501309992], [141.43628203401133, 38.765442504854725], [141.43628613087236, 38.76544979715066], [141.4362974494751, 38.76546993853106], [141.4363159751864, 38.76541656427678], [141.43635424933657, 38.76538591489944], [141.4363955512143, 38.7653528391034], [141.43650308797726, 38.76528367234316], [141.4366360621903, 38.76521128412629], [141.43676655437747, 38.765195349379844], [141.43687530583267, 38.76517209440829], [141.437065861805, 38.76512723685721], [141.43713846628557, 38.76510491609373]]]}, "properties": {"KEYCODE": "000205@B094@04@0006@0000@0000@0000", "小班": "6", "小班面積": 0.78, "林種": "人工林", "中樹種": "スギ", "林齢": 61, "齢級": 13, "所有形態": "個人", "ADDDATE": "2022-09-29", "ADDTENANT": "04000F", "ADDUSER": "pasco01", "EDITDATE": null, "EDITTENANT": "", "EDITUSER": ""}}, {"type": "Feature", "geometry": {"type": "Polygon", "coordinates": [[[141.4361577511325, 38.76236791851255], [141.4358612253315, 38.76252198642005], [141.43582847660937, 38.76256671331888], [141.43560152545444, 38.76287666345557], [141.43560408403005, 38.76304360161849], [141.43557437826445, 38.76327639540625], [141.43556693646156, 38.76340514946805], [141.43557116667782, 38.7634737755717], [141.43559942307564, 38.763648110048536], [141.435645491345, 38.76373518521042], [141.43567723426966, 38.76376208439071], [141.4357031754747, 38.76377775232559], [141.4357679985958, 38.763811308839394], [141.43593652295007, 38.763898563434275], [141.43602888742979, 38.763939214657405], [141.43602705598664, 38.76390506952211], [141.43603692508503, 38.76386907307979], [141.43604681960227, 38.76383869806525], [141.43610533149274, 38.76376885744182], [141.43614810702758, 38.763709169012834], [141.43644783935505, 38.76342620057532], [141.4365173269291, 38.76336267690998], [141.4365334485272, 38.763288701722665], [141.43652341311397, 38.76318149071951], [141.43650071812615, 38.763017138460036], [141.43639634559847, 38.76273402696139], [141.43631269464026, 38.76256164689895], [141.4361577511325, 38.76236791851255]]]}, "properties": {"KEYCODE": "000205@B094@04@0007@0000@0000@0000", "小班": "7", "小班面積": 1.0, "林種": "人工林", "中樹種": "スギ", "林齢": 78, "齢級": 16, "所有形態": "個人", "ADDDATE": "2022-09-29", "ADDTENANT": "04000F", "ADDUSER": "pasco01", "EDITDATE": null, "EDITTENANT": "", "EDITUSER": ""}}, {"type": "Feature", "geometry": {"type": "Polygon", "coordinates": [[[141.43602892702202, 38.76393940724389], [141.43602888742979, 38.763939214657405], [141.43593652295007, 38.763898563434275], [141.4357679985958, 38.763811308839394], [141.43567925747158, 38.763873665532934], [141.43564093786813, 38.76393142274022], [141.43558683879195, 38.76403432020883], [141.43525002615124, 38.764228999090946], [141.43533635935802, 38.76429039070034], [141.4353339473055, 38.76441388103986], [141.4354215548248, 38.764350976403215], [141.43555492452396, 38.764255212852774], [141.4358503590855, 38.76404161148608], [141.4359323668194, 38.7639320908005], [141.43602892702202, 38.76393940724389]]]}, "properties": {"KEYCODE": "000205@B094@04@0008@0000@0000@0000", "小班": "8", "小班面積": 0.14, "林種": "人工林", "中樹種": "スギ", "林齢": 65, "齢級": 13, "所有形態": "個人", "ADDDATE": "2022-09-29", "ADDTENANT": "04000F", "ADDUSER": "pasco01", "EDITDATE": null, "EDITTENANT": "", "EDITUSER": ""}}, {"type": "Feature", "geometry": {"type": "Polygon", "coordinates": [[[141.4357679985958, 38.763811308839394], [141.4357031754747, 38.76377775232559], [141.43567723426966, 38.76376208439071], [141.435645491345, 38.76373518521042], [141.43559942307564, 38.763648110048536], [141.43557116667782, 38.7634737755717], [141.43556693646156, 38.76340514946805], [141.43557437826445, 38.76327639540625], [141.43560408403005, 38.76304360161849], [141.43560152545444, 38.76287666345557], [141.43554178020455, 38.763078734886314], [141.43537471893478, 38.76350763593194], [141.43533459382476, 38.76361838194465], [141.43520060188763, 38.763888573573745], [141.4350677153716, 38.76415760620806], [141.43506690972427, 38.76419567119834], [141.43506355567482, 38.7643543371686], [141.43511327980534, 38.764365287341796], [141.43516797947368, 38.764377332581795], [141.4353339473055, 38.76441388103986], [141.43533635935802, 38.76429039070034], [141.43525002615124, 38.764228999090946], [141.43558683879195, 38.76403432020883], [141.43564093786813, 38.76393142274022], [141.43567925747158, 38.763873665532934], [141.4357679985958, 38.763811308839394]]]}, "properties": {"KEYCODE": "000205@B094@04@0009@0000@0000@0000", "小班": "9", "小班面積": 0.35, "林種": "人工林", "中樹種": "マツ類", "林齢": 63, "齢級": 13, "所有形態": "個人", "ADDDATE": "2022-09-29", "ADDTENANT": "04000F", "ADDUSER": "pasco01", "EDITDATE": null, "EDITTENANT": "", "EDITUSER": ""}}, {"type": "Feature", "geometry": {"type": "Polygon", "coordinates": [[[141.4370431914531, 38.764006361051216], [141.4370048411101, 38.763912043062895], [141.43710579745985, 38.76388023363918], [141.43731819329147, 38.763876766900324], [141.4374252981574, 38.7634155788007], [141.43738921336094, 38.76337749725244], [141.43735054778807, 38.76326900367469], [141.43734705095977, 38.763143167265596], [141.43735959818574, 38.7630079669595], [141.43730008243296, 38.76289121363227], [141.43725025592462, 38.762784219110216], [141.43717009128548, 38.762664498562216], [141.4370608233979, 38.76255923083781], [141.43692148608855, 38.762470637938634], [141.43668955160706, 38.76234646114035], [141.4366207475814, 38.76221540239793], [141.43652618083624, 38.76212054645463], [141.43642946859558, 38.76206002455968], [141.43619004807002, 38.76198481909476], [141.4361829996465, 38.76206842122382], [141.43616880981824, 38.762236751169944], [141.4361577511325, 38.76236791851255], [141.43631269464026, 38.76256164689895], [141.43639634559847, 38.76273402696139], [141.43650071812615, 38.763017138460036], [141.43652341311397, 38.76318149071951], [141.4365334485272, 38.763288701722665], [141.4365173269291, 38.76336267690998], [141.43644783935505, 38.76342620057532], [141.43614810702758, 38.763709169012834], [141.43610533149274, 38.76376885744182], [141.43604681960227, 38.76383869806525], [141.43603692508503, 38.76386907307979], [141.43602705598664, 38.76390506952211], [141.43602888742979, 38.763939214657405], [141.43602892702202, 38.76393940724389], [141.43605371099585, 38.76394128482292], [141.43613285047908, 38.763947282021434], [141.43613275071453, 38.76394786991693], [141.43613352449242, 38.76394793259207], [141.43620974815886, 38.76395406279356], [141.43629878385644, 38.763948215269004], [141.43634473440008, 38.76394585210132], [141.4364870608381, 38.76396908951353], [141.43662795436398, 38.76399009092992], [141.43663333946245, 38.76399063249631], [141.43681334745108, 38.764008718297674], [141.43689365462527, 38.76400893424036], [141.4370288166271, 38.764009289323276], [141.4370431914531, 38.764006361051216]]]}, "properties": {"KEYCODE": "000205@B094@04@0010@0000@0000@0000", "小班": "10", "小班面積": 1.56, "林種": "天然林", "中樹種": "その他L", "林齢": 65, "齢級": 13, "所有形態": "個人", "ADDDATE": "2022-09-29", "ADDTENANT": "04000F", "ADDUSER": "pasco01", "EDITDATE": null, "EDITTENANT": "", "EDITUSER": ""}}, {"type": "Feature", "geometry": {"type": "Polygon", "coordinates": [[[141.43692148608855, 38.762470637938634], [141.43703352325798, 38.762470347587026], [141.43708093637153, 38.762472481033534], [141.43711107923795, 38.76246790104795], [141.43712533866906, 38.76244763030601], [141.43714092341992, 38.76240712680764], [141.43714339447357, 38.762332925652444], [141.43715165336613, 38.76226433507533], [141.4371643011974, 38.762212585605155], [141.43718402744747, 38.76214059347395], [141.43711056275993, 38.76210144279552], [141.43704289786055, 38.76207463945805], [141.43698819426237, 38.76205116640076], [141.4369449644681, 38.76202655209261], [141.43693769060945, 38.76200858084132], [141.4369118193865, 38.76200527304132], [141.43688473056062, 38.76204469178633], [141.43686912886577, 38.76208182600748], [141.43685504367838, 38.76213357386047], [141.43685535285016, 38.76219090408112], [141.43685702119237, 38.76223474184231], [141.43686735208865, 38.762286425778434], [141.43688785118684, 38.76235831824903], [141.43690537141086, 38.76241110107912], [141.43692148608855, 38.762470637938634]]]}, "properties": {"KEYCODE": "000205@B094@04@0011@0000@0000@0000", "小班": "11", "小班面積": 0.11, "林種": "人工林", "中樹種": "スギ", "林齢": 60, "齢級": 12, "所有形態": "個人", "ADDDATE": "2022-09-29", "ADDTENANT": "04000F", "ADDUSER": "pasco01", "EDITDATE": null, "EDITTENANT": "", "EDITUSER": ""}}, {"type": "Feature", "geometry": {"type": "MultiPolygon", "coordinates": [[[[141.4380201289713, 38.7632205806535], [141.43788910069478, 38.76315943392442], [141.43783255475245, 38.76309679915558], [141.4377961744086, 38.76282620828112], [141.43778895128258, 38.76269181016134], [141.43775875282248, 38.76257659911605], [141.43768112794615, 38.76246926204441], [141.43745036485515, 38.762271962572264], [141.43744064032438, 38.7620455107669], [141.43721918193052, 38.76199999082956], [141.43714155135385, 38.76198669835345], [141.43711276981736, 38.76197665885819], [141.43708540753903, 38.7619643588955], [141.43706945537758, 38.761935171339786], [141.43703743728116, 38.761857689805986], [141.43699248731411, 38.76177912191246], [141.43696785605425, 38.761739835131145], [141.43693892788488, 38.76170281465521], [141.43691584682966, 38.76168377189304], [141.43691197784824, 38.76168206756697], [141.43686257036444, 38.761660299512535], [141.43675170365574, 38.76161224272672], [141.43646110100866, 38.761498521365965], [141.43634193644576, 38.76157514802811], [141.43619004807002, 38.76198481909476], [141.43642946859558, 38.76206002455968], [141.43652618083624, 38.76212054645463], [141.4366207475814, 38.76221540239793], [141.43668955160706, 38.76234646114035], [141.43692148608855, 38.762470637938634], [141.4370608233979, 38.76255923083781], [141.43717009128548, 38.762664498562216], [141.43725025592462, 38.762784219110216], [141.43730008243296, 38.76289121363227], [141.43735959818574, 38.7630079669595], [141.43734705095977, 38.763143167265596], [141.43735054778807, 38.76326900367469], [141.43738921336094, 38.76337749725244], [141.4374252981574, 38.7634155788007], [141.43744970217116, 38.763412668911414], [141.43754114534843, 38.76340176390952], [141.4376450993434, 38.76339532563229], [141.43768693191484, 38.76343055128546], [141.4377506085684, 38.763484173668694], [141.43782257260335, 38.76354477560002], [141.43782344207048, 38.76354336030787], [141.43796587541829, 38.7633115233981], [141.4380201289713, 38.7632205806535]], [[141.4380201289713, 38.7632205806535], [141.43788910069478, 38.76315943392442], [141.43783255475245, 38.76309679915558], [141.4377961744086, 38.76282620828112], [141.43778895128258, 38.76269181016134], [141.43775875282248, 38.76257659911605], [141.43768112794615, 38.76246926204441], [141.43745036485515, 38.762271962572264], [141.43744064032438, 38.7620455107669], [141.43721918193052, 38.76199999082956], [141.43714155135385, 38.76198669835345], [141.43711276981736, 38.76197665885819], [141.43708540753903, 38.7619643588955], [141.43706945537758, 38.761935171339786], [141.43703743728116, 38.761857689805986], [141.43699248731411, 38.76177912191246], [141.43696785605425, 38.761739835131145], [141.43693892788488, 38.76170281465521], [141.43691584682966, 38.76168377189304], [141.43691197784824, 38.76168206756697], [141.43686257036444, 38.761660299512535], [141.43675170365574, 38.76161224272672], [141.43646110100866, 38.761498521365965], [141.43634193644576, 38.76157514802811], [141.43619004807002, 38.76198481909476], [141.43642946859558, 38.76206002455968], [141.43652618083624, 38.76212054645463], [141.4366207475814, 38.76221540239793], [141.43668955160706, 38.76234646114035], [141.43692148608855, 38.762470637938634], [141.4370608233979, 38.76255923083781], [141.43717009128548, 38.762664498562216], [141.43725025592462, 38.762784219110216], [141.43730008243296, 38.76289121363227], [141.43735959818574, 38.7630079669595], [141.43734705095977, 38.763143167265596], [141.43735054778807, 38.76326900367469], [141.43738921336094, 38.76337749725244], [141.4374252981574, 38.7634155788007], [141.43744970217116, 38.763412668911414], [141.43754114534843, 38.76340176390952], [141.4376450993434, 38.76339532563229], [141.43768693191484, 38.76343055128546], [141.4377506085684, 38.763484173668694], [141.43782257260335, 38.76354477560002], [141.43782344207048, 38.76354336030787], [141.43796587541829, 38.7633115233981], [141.4380201289713, 38.7632205806535]]], [[[141.43692148608855, 38.762470637938634], [141.43690537141086, 38.76241110107912], [141.43688785118684, 38.76235831824903], [141.43686735208865, 38.762286425778434], [141.43685702119237, 38.76223474184231], [141.43685535285016, 38.76219090408112], [141.43685504367838, 38.76213357386047], [141.43686912886577, 38.76208182600748], [141.43688473056062, 38.76204469178633], [141.4369118193865, 38.76200527304132], [141.43693769060945, 38.76200858084132], [141.4369449644681, 38.76202655209261], [141.43698819426237, 38.76205116640076], [141.43704289786055, 38.76207463945805], [141.43711056275993, 38.76210144279552], [141.43718402744747, 38.76214059347395], [141.4371643011974, 38.762212585605155], [141.43715165336613, 38.76226433507533], [141.43714339447357, 38.762332925652444], [141.43714092341992, 38.76240712680764], [141.43712533866906, 38.76244763030601], [141.43711107923795, 38.76246790104795], [141.43708093637153, 38.762472481033534], [141.43703352325798, 38.762470347587026], [141.43692148608855, 38.762470637938634]]]]}, "properties": {"KEYCODE": "000205@B094@04@0012@0000@0000@0000", "小班": "12", "小班面積": 1.12, "林種": "人工林", "中樹種": "スギ", "林齢": 93, "齢級": 19, "所有形態": "個人", "ADDDATE": "2022-09-29", "ADDTENANT": "04000F", "ADDUSER": "pasco01", "EDITDATE": null, "EDITTENANT": "", "EDITUSER": ""}}, {"type": "Feature", "geometry": {"type": "Polygon", "coordinates": [[[141.43799170559882, 38.76167762098575], [141.43792681188182, 38.761530321324464], [141.43789573650994, 38.76145978822519], [141.43779370915604, 38.761182393645846], [141.43767039369177, 38.760938953723155], [141.43759343757606, 38.76084710663053], [141.43743018645043, 38.76091112101269], [141.43694676041665, 38.76109095006375], [141.43658308063388, 38.7614200854772], [141.43646110100866, 38.761498521365965], [141.43675170365574, 38.76161224272672], [141.43686257036444, 38.761660299512535], [141.43691197784824, 38.76168206756697], [141.43691584682966, 38.76168377189304], [141.43693892788488, 38.76170281465521], [141.43696785605425, 38.761739835131145], [141.43699248731411, 38.76177912191246], [141.43703743728116, 38.761857689805986], [141.43706945537758, 38.761935171339786], [141.43708540753903, 38.7619643588955], [141.43711276981736, 38.76197665885819], [141.43714155135385, 38.76198669835345], [141.43721918193052, 38.76199999082956], [141.43744064032438, 38.7620455107669], [141.4375354369931, 38.761989847477786], [141.43739215474187, 38.76170418573834], [141.43740645367373, 38.761666927549896], [141.43750464527733, 38.76161398004156], [141.43769794594292, 38.7615757963912], [141.43799170559882, 38.76167762098575]]]}, "properties": {"KEYCODE": "000205@B094@04@0013@0000@0000@0000", "小班": "13", "小班面積": 0.87, "林種": "人工林", "中樹種": "スギ", "林齢": 67, "齢級": 14, "所有形態": "個人", "ADDDATE": "2022-09-29", "ADDTENANT": "04000F", "ADDUSER": "pasco01", "EDITDATE": null, "EDITTENANT": "", "EDITUSER": ""}}, {"type": "Feature", "geometry": {"type": "Polygon", "coordinates": [[[141.43830984314926, 38.76074563596177], [141.43779380123678, 38.7604754799026], [141.43775766775363, 38.76052135997915], [141.43795875414995, 38.760676699368496], [141.43805504231838, 38.76073857895035], [141.4382663103479, 38.76089156334505], [141.4383561573194, 38.760962232676235], [141.43834150200854, 38.760886623752725], [141.43830984314926, 38.76074563596177]]]}, "properties": {"KEYCODE": "000205@B094@04@0014@0000@0000@0000", "小班": "14", "小班面積": 0.07, "林種": "人工林", "中樹種": "スギ", "林齢": 88, "齢級": 18, "所有形態": "個人", "ADDDATE": "2022-09-29", "ADDTENANT": "04000F", "ADDUSER": "pasco01", "EDITDATE": null, "EDITTENANT": "", "EDITUSER": ""}}, {"type": "Feature", "geometry": {"type": "Polygon", "coordinates": [[[141.43935011024544, 38.76264236157274], [141.4392768918198, 38.76252518390989], [141.43912836540323, 38.76244343220552], [141.43889311521247, 38.76215202383206], [141.43869795271712, 38.76178406582069], [141.43855467638357, 38.761440892579024], [141.43840262823142, 38.76120198866629], [141.4383561573194, 38.760962232676235], [141.4382663103479, 38.76089156334505], [141.43805504231838, 38.76073857895035], [141.43795875414995, 38.760676699368496], [141.43775766775363, 38.76052135997915], [141.43759343757606, 38.76084710663053], [141.43767039369177, 38.760938953723155], [141.43779370915604, 38.761182393645846], [141.43789573650994, 38.76145978822519], [141.43792681188182, 38.761530321324464], [141.4380933348162, 38.761572591792564], [141.4382273363442, 38.76165055698356], [141.4383660629797, 38.761747090152895], [141.43844449496316, 38.76184179030675], [141.43852817344953, 38.76203408921553], [141.4384913959247, 38.76209611771348], [141.4384978541232, 38.76213994236049], [141.4385718589489, 38.76225111291297], [141.4385955761153, 38.76231963800115], [141.43857174499726, 38.762381735512136], [141.43851748747517, 38.762445896851055], [141.43852284919873, 38.762504029718734], [141.43855246093142, 38.762549641656726], [141.43863927100298, 38.762674467321155], [141.4387258493704, 38.762682776469475], [141.43880261971722, 38.76269014448156], [141.43891742948912, 38.76265858604847], [141.4391655827337, 38.76270806524226], [141.4391881584471, 38.76269581321807], [141.43928775025512, 38.76276555742409], [141.43929469341452, 38.7627568656661], [141.43932047351464, 38.76272459542002], [141.4393193769777, 38.76264800734712], [141.43935011024544, 38.76264236157274]]]}, "properties": {"KEYCODE": "000205@B094@04@0015@0000@0000@0000", "小班": "15", "小班面積": 1.03, "林種": "人工林", "中樹種": "スギ", "林齢": 71, "齢級": 15, "所有形態": "個人", "ADDDATE": "2022-09-29", "ADDTENANT": "04000F", "ADDUSER": "pasco01", "EDITDATE": null, "EDITTENANT": "", "EDITUSER": ""}}, {"type": "Feature", "geometry": {"type": "Polygon", "coordinates": [[[141.43792681188182, 38.761530321324464], [141.43799170559882, 38.76167762098575], [141.43806749475945, 38.761882017675056], [141.43812985464453, 38.76199201634613], [141.43817341863692, 38.76208070797586], [141.43825758531804, 38.762240116612595], [141.4383678654025, 38.76244779308713], [141.43841890334082, 38.76259042732264], [141.43845641569294, 38.76265691797466], [141.43863927100298, 38.762674467321155], [141.43855246093142, 38.762549641656726], [141.43852284919873, 38.762504029718734], [141.43851748747517, 38.762445896851055], [141.43857174499726, 38.762381735512136], [141.4385955761153, 38.76231963800115], [141.4385718589489, 38.76225111291297], [141.4384978541232, 38.76213994236049], [141.4384913959247, 38.76209611771348], [141.43852817344953, 38.76203408921553], [141.43844449496316, 38.76184179030675], [141.4383660629797, 38.761747090152895], [141.4382273363442, 38.76165055698356], [141.4380933348162, 38.761572591792564], [141.43792681188182, 38.761530321324464]]]}, "properties": {"KEYCODE": "000205@B094@04@0017@0000@0000@0000", "小班": "17", "小班面積": 0.3, "林種": "天然林", "中樹種": "その他L", "林齢": 70, "齢級": 14, "所有形態": "個人", "ADDDATE": "2022-09-29", "ADDTENANT": "04000F", "ADDUSER": "pasco01", "EDITDATE": null, "EDITTENANT": "", "EDITUSER": ""}}, {"type": "Feature", "geometry": {"type": "Polygon", "coordinates": [[[141.43872500086235, 38.764240004231844], [141.43872067849617, 38.76422524660509], [141.43871736482134, 38.764142076408085], [141.43871398108286, 38.76404652833201], [141.43862336566025, 38.76381336060366], [141.43864599444524, 38.76368095298404], [141.43871542345966, 38.76368273841114], [141.43874904318372, 38.76370297575523], [141.43875078707066, 38.76367772285734], [141.43875323521783, 38.763596784044076], [141.4387628505976, 38.763515816211616], [141.43877968399784, 38.7634393343607], [141.43880243094142, 38.76339543322492], [141.43885385623383, 38.763342464691185], [141.43890117659228, 38.763326607084814], [141.4389801091808, 38.76331403606606], [141.43902174832579, 38.763309432951566], [141.4391620524694, 38.763491178542886], [141.43928216969556, 38.76365723690114], [141.43939202257977, 38.76378509742852], [141.43941512958182, 38.76380976922368], [141.43945215340307, 38.76382145727533], [141.4394567178221, 38.76381339945963], [141.43957327102595, 38.76376060635317], [141.43941535055077, 38.763303241253666], [141.43934561737694, 38.76310969506465], [141.43924938436072, 38.76291879068564], [141.4392611554238, 38.76285102049383], [141.4392728968925, 38.762783427028154], [141.4391655827337, 38.76270806524226], [141.43891742948912, 38.76265858604847], [141.43880261971722, 38.76269014448156], [141.4387258493704, 38.762682776469475], [141.43863927100298, 38.762674467321155], [141.43845641569294, 38.76265691797466], [141.43824829359738, 38.76263694328636], [141.43811673497783, 38.7627767667335], [141.4381204112623, 38.762945106235655], [141.43808214988468, 38.76311661765529], [141.4380201289713, 38.7632205806535], [141.43796587541829, 38.7633115233981], [141.43782344207048, 38.76354336030787], [141.43782257260335, 38.76354477560002], [141.43788050162618, 38.76369532116352], [141.4379621547444, 38.76384810880622], [141.43799108959843, 38.76390225130966], [141.43802231015243, 38.763903820400095], [141.4380491091103, 38.76390516731687], [141.4380519957663, 38.764014863777916], [141.43805248048713, 38.764033301605934], [141.43807623966254, 38.76409029515775], [141.43807656134535, 38.76409050790535], [141.43817303209516, 38.764154099890376], [141.43812361758796, 38.764214895466054], [141.4381711742389, 38.76434292722126], [141.43826145707718, 38.76444658493839], [141.4383042576745, 38.7644692009879], [141.43842016840367, 38.76440823226856], [141.43852961787746, 38.764376548816486], [141.43862503944456, 38.76429843392631], [141.43872032656495, 38.76424392299437], [141.43872500086235, 38.764240004231844]]]}, "properties": {"KEYCODE": "000205@B094@04@0019@0000@0000@0000", "小班": "19", "小班面積": 1.64, "林種": "人工林", "中樹種": "スギ", "林齢": 116, "齢級": 24, "所有形態": "個人", "ADDDATE": "2022-09-29", "ADDTENANT": "04000F", "ADDUSER": "pasco01", "EDITDATE": null, "EDITTENANT": "", "EDITUSER": ""}}, {"type": "Feature", "geometry": {"type": "Polygon", "coordinates": [[[141.439103949131, 38.76400102720377], [141.43909864142927, 38.7639904530294], [141.4390754379166, 38.763948916995275], [141.43906229030523, 38.76390849008945], [141.4390620672124, 38.76386577190059], [141.4390661826857, 38.76382978700727], [141.43907433550945, 38.763816898049846], [141.43891939415806, 38.76377845905162], [141.4388294011171, 38.76375879669701], [141.43874904318372, 38.76370297575523], [141.43871542345966, 38.76368273841114], [141.43864599444524, 38.76368095298404], [141.43862336566025, 38.76381336060366], [141.43871398108286, 38.76404652833201], [141.43871736482134, 38.764142076408085], [141.43872067849617, 38.76422524660509], [141.43872500086235, 38.764240004231844], [141.43892886889327, 38.76406910582738], [141.439103949131, 38.76400102720377]]]}, "properties": {"KEYCODE": "000205@B094@04@0020@0000@0000@0000", "小班": "20", "小班面積": 0.14, "林種": "人工林", "中樹種": "マツ類", "林齢": 51, "齢級": 11, "所有形態": "個人", "ADDDATE": "2022-09-29", "ADDTENANT": "04000F", "ADDUSER": "pasco01", "EDITDATE": null, "EDITTENANT": "", "EDITUSER": ""}}, {"type": "Feature", "geometry": {"type": "Polygon", "coordinates": [[[141.43945215340307, 38.76382145727533], [141.43941512958182, 38.76380976922368], [141.43939202257977, 38.76378509742852], [141.43928216969556, 38.76365723690114], [141.43909182317398, 38.76378924916295], [141.43907433550945, 38.763816898049846], [141.4390661826857, 38.76382978700727], [141.4390620672124, 38.76386577190059], [141.43906229030523, 38.76390849008945], [141.4390754379166, 38.763948916995275], [141.43909864142927, 38.7639904530294], [141.439103949131, 38.76400102720377], [141.43913348754782, 38.76398954179791], [141.43941716079817, 38.76388325246779], [141.43945215340307, 38.76382145727533]]]}, "properties": {"KEYCODE": "000205@B094@04@0020@0001@0000@0000", "小班": "20-1", "小班面積": 0.08, "林種": "人工林", "中樹種": "マツ類", "林齢": 50, "齢級": 10, "所有形態": "個人", "ADDDATE": "2022-09-29", "ADDTENANT": "04000F", "ADDUSER": "pasco01", "EDITDATE": null, "EDITTENANT": "", "EDITUSER": ""}}, {"type": "Feature", "geometry": {"type": "Polygon", "coordinates": [[[141.43928216969556, 38.76365723690114], [141.4391620524694, 38.763491178542886], [141.43902174832579, 38.763309432951566], [141.4389801091808, 38.76331403606606], [141.43890117659228, 38.763326607084814], [141.43885385623383, 38.763342464691185], [141.43880243094142, 38.76339543322492], [141.43877968399784, 38.7634393343607], [141.4387628505976, 38.763515816211616], [141.43875323521783, 38.763596784044076], [141.43875078707066, 38.76367772285734], [141.43874904318372, 38.76370297575523], [141.4388294011171, 38.76375879669701], [141.43891939415806, 38.76377845905162], [141.43907433550945, 38.763816898049846], [141.43909182317398, 38.76378924916295], [141.43928216969556, 38.76365723690114]]]}, "properties": {"KEYCODE": "000205@B094@04@0020@0002@0000@0000", "小班": "20-2", "小班面積": 0.18, "林種": "人工林", "中樹種": "スギ", "林齢": 50, "齢級": 10, "所有形態": "個人", "ADDDATE": "2022-09-29", "ADDTENANT": "04000F", "ADDUSER": "pasco01", "EDITDATE": null, "EDITTENANT": "", "EDITUSER": ""}}, {"type": "Feature", "geometry": {"type": "Polygon", "coordinates": [[[141.43812361758796, 38.764214895466054], [141.43817303209516, 38.764154099890376], [141.43807656134535, 38.76409050790535], [141.43807623966254, 38.76409029515775], [141.43805248048713, 38.764033301605934], [141.4380519957663, 38.764014863777916], [141.4380491091103, 38.76390516731687], [141.43802231015243, 38.763903820400095], [141.43799108959843, 38.76390225130966], [141.43798362207443, 38.76400727076065], [141.43797304102765, 38.764186485672184], [141.4380279174144, 38.764223381535345], [141.43805831517187, 38.76421879187808], [141.43809517572703, 38.76421659216904], [141.43812361758796, 38.764214895466054]]]}, "properties": {"KEYCODE": "000205@B094@04@0021@0000@0000@0000", "小班": "21", "小班面積": 0.04, "林種": "人工林", "中樹種": "スギ", "林齢": 78, "齢級": 16, "所有形態": "個人", "ADDDATE": "2022-09-29", "ADDTENANT": "04000F", "ADDUSER": "pasco01", "EDITDATE": null, "EDITTENANT": "", "EDITUSER": ""}}, {"type": "Feature", "geometry": {"type": "Polygon", "coordinates": [[[141.43798362207443, 38.76400727076065], [141.43799108959843, 38.76390225130966], [141.4379621547444, 38.76384810880622], [141.43788050162618, 38.76369532116352], [141.43782257260335, 38.76354477560002], [141.4377506085684, 38.763484173668694], [141.43768693191484, 38.76343055128546], [141.43768981425208, 38.76343477147012], [141.43752971986376, 38.76349311386329], [141.43761287060312, 38.76353776908002], [141.4376758937447, 38.763571614919144], [141.4378674017538, 38.76402879063886], [141.43790274119127, 38.76402224665444], [141.43798362207443, 38.76400727076065]]]}, "properties": {"KEYCODE": "000205@B094@04@0022@0000@0000@0000", "小班": "22", "小班面積": 0.09, "林種": "天然林", "中樹種": "クヌギ", "林齢": 61, "齢級": 13, "所有形態": "個人", "ADDDATE": "2022-09-29", "ADDTENANT": "04000F", "ADDUSER": "pasco01", "EDITDATE": null, "EDITTENANT": "", "EDITUSER": ""}}, {"type": "Feature", "geometry": {"type": "Polygon", "coordinates": [[[141.43728188940366, 38.76498863401418], [141.43726270168824, 38.76494208683976], [141.4372370160678, 38.76488284364953], [141.43722557210688, 38.76485645082414], [141.4372253757144, 38.76485540320199], [141.43722280462777, 38.764849342680705], [141.43719696216883, 38.76470404629846], [141.43718709140788, 38.76465146274974], [141.437228259133, 38.76463792316861], [141.43736417445993, 38.76459264654946], [141.43728124429146, 38.764475870110395], [141.43748317381855, 38.76438817340414], [141.43749594295235, 38.76427915906134], [141.4374914261621, 38.76425305116835], [141.43746462072244, 38.76410835349644], [141.4374408640137, 38.764028942937465], [141.4374193496258, 38.763936521827596], [141.43741647734788, 38.76392612597728], [141.4374028483636, 38.76387680687352], [141.43740311006945, 38.76387550193175], [141.4374026149561, 38.76387368919541], [141.4374358113431, 38.76370360598009], [141.43747345847964, 38.76351361617989], [141.4374755448458, 38.76351391440114], [141.43747577340562, 38.76351277269171], [141.4374845693442, 38.763468866445685], [141.43752971986376, 38.76349311386329], [141.43768981425208, 38.76343477147012], [141.43768693191484, 38.76343055128546], [141.4376450993434, 38.76339532563229], [141.43754114534843, 38.76340176390952], [141.43744970217116, 38.763412668911414], [141.4374252981574, 38.7634155788007], [141.43731819329147, 38.763876766900324], [141.43710579745985, 38.76388023363918], [141.4370048411101, 38.763912043062895], [141.4370431914531, 38.764006361051216], [141.43709462465895, 38.764132856131], [141.43703690705823, 38.76427489143902], [141.43696937910923, 38.76436960403637], [141.43692029473564, 38.764438446859415], [141.4368444727528, 38.76459917895771], [141.4368582684831, 38.76474795290676], [141.43692443196224, 38.76487897012716], [141.43710579432414, 38.764929825584325], [141.43713846628557, 38.76510491609373], [141.43717780522064, 38.7651115082747], [141.43717716512467, 38.76510915034703], [141.43716078817673, 38.76504876716852], [141.43714839817588, 38.76500392267434], [141.43728188940366, 38.76498863401418]]]}, "properties": {"KEYCODE": "000205@B094@04@0024@0000@0000@0000", "小班": "24", "小班面積": 0.47, "林種": "天然林", "中樹種": "その他L", "林齢": 88, "齢級": 18, "所有形態": "個人", "ADDDATE": "2022-09-29", "ADDTENANT": "04000F", "ADDUSER": "pasco01", "EDITDATE": null, "EDITTENANT": "", "EDITUSER": ""}}, {"type": "Feature", "geometry": {"type": "Polygon", "coordinates": [[[141.43755160940972, 38.764974457215466], [141.4375384250512, 38.76492249983209], [141.43749034201207, 38.764882055154445], [141.43726270168824, 38.76494208683976], [141.43728188940366, 38.76498863401418], [141.4373051363097, 38.76510610085269], [141.43733654797907, 38.76514610924479], [141.43735145255474, 38.76514771057855], [141.43737508357103, 38.76522337048036], [141.43739619030234, 38.76523506036081], [141.43743131354023, 38.765230230229186], [141.43744761521322, 38.765213699308525], [141.43745019208572, 38.76519437899954], [141.4374285380542, 38.765155993159254], [141.43743030056808, 38.76511010168317], [141.43745947407473, 38.76504952634612], [141.43755160940972, 38.764974457215466]]]}, "properties": {"KEYCODE": "000205@B094@04@0025@0000@0000@0000", "小班": "25", "小班面積": 0.06, "林種": "竹林", "中樹種": "タケ", "林齢": null, "齢級": null, "所有形態": "個人", "ADDDATE": "2022-09-29", "ADDTENANT": "04000F", "ADDUSER": "pasco01", "EDITDATE": null, "EDITTENANT": "", "EDITUSER": ""}}, {"type": "Feature", "geometry": {"type": "Polygon", "coordinates": [[[141.43755160940972, 38.764974457215466], [141.43745947407473, 38.76504952634612], [141.43743030056808, 38.76511010168317], [141.4374285380542, 38.765155993159254], [141.43745019208572, 38.76519437899954], [141.43744761521322, 38.765213699308525], [141.43743131354023, 38.765230230229186], [141.43739619030234, 38.76523506036081], [141.43737508357103, 38.76522337048036], [141.43735145255474, 38.76514771057855], [141.43733654797907, 38.76514610924479], [141.4373051363097, 38.76510610085269], [141.43728188940366, 38.76498863401418], [141.43714839817588, 38.76500392267434], [141.43716078817673, 38.76504876716852], [141.43717716512467, 38.76510915034703], [141.43717780522064, 38.7651115082747], [141.4371917136843, 38.7651138390914], [141.437286422159, 38.76522015032938], [141.4373293150447, 38.76526829749922], [141.43738824730528, 38.76528257835489], [141.4374007680665, 38.7652780848642], [141.43744308442334, 38.76526289874924], [141.43750343749466, 38.76523143398026], [141.43756401337671, 38.76518546368723], [141.4375669119232, 38.765144393309114], [141.43757296601592, 38.76505861702985], [141.43756413913857, 38.76502383332552], [141.43755160940972, 38.764974457215466]]]}, "properties": {"KEYCODE": "000205@B094@04@0026@0000@0000@0000", "小班": "26", "小班面積": 0.06, "林種": "人工林", "中樹種": "スギ", "林齢": 88, "齢級": 18, "所有形態": "個人", "ADDDATE": "2022-09-29", "ADDTENANT": "04000F", "ADDUSER": "pasco01", "EDITDATE": null, "EDITTENANT": "", "EDITUSER": ""}}, {"type": "Feature", "geometry": {"type": "Polygon", "coordinates": [[[141.44398381969512, 38.77131958872089], [141.4439515924203, 38.77126525508579], [141.4438500699394, 38.7711488788261], [141.4437718236665, 38.77106721830357], [141.44373813199803, 38.77105734305027], [141.4437365376595, 38.77105890451102], [141.44366209969834, 38.771155526295345], [141.443430145726, 38.77137325899019], [141.4436408563399, 38.771379057850304], [141.4437386252812, 38.771390960612095], [141.44378329241505, 38.77133861715635], [141.44383798455306, 38.771325221726535], [141.44398381969512, 38.77131958872089]]]}, "properties": {"KEYCODE": "000205@B095@01@0001@0000@0000@0000", "小班": "1", "小班面積": 0.09, "林種": "天然林", "中樹種": "その他L", "林齢": 41, "齢級": 9, "所有形態": "個人", "ADDDATE": "2022-09-29", "ADDTENANT": "04000F", "ADDUSER": "pasco01", "EDITDATE": null, "EDITTENANT": "", "EDITUSER": ""}}, {"type": "Feature", "geometry": {"type": "Polygon", "coordinates": [[[141.44422655809794, 38.77180143388458], [141.4441820700319, 38.77153190406318], [141.44417489032335, 38.7715068157799], [141.44416491610383, 38.771471965648466], [141.44413618909473, 38.77137158912633], [141.44412932372154, 38.771347596480204], [141.44410456600238, 38.77128259155129], [141.4440728749618, 38.77128764449092], [141.4440586208214, 38.77131215110379], [141.44398381969512, 38.77131958872089], [141.44383798455306, 38.771325221726535], [141.44378329241505, 38.77133861715635], [141.4437386252812, 38.771390960612095], [141.443694664771, 38.7714585758436], [141.4436923810631, 38.771461888629624], [141.4436620278257, 38.77150591686342], [141.4436263811128, 38.77153754405917], [141.4436269037976, 38.77156647249676], [141.4436822207158, 38.771626370250445], [141.44381732938123, 38.77167035680705], [141.44382990894576, 38.77171736797888], [141.44396882338356, 38.771761334478676], [141.4441179198232, 38.77174425648029], [141.44412067803168, 38.77181224030384], [141.44422655809794, 38.77180143388458]]]}, "properties": {"KEYCODE": "000205@B095@01@0001@0001@0000@0000", "小班": "1-1", "小班面積": 0.2, "林種": "人工林", "中樹種": "スギ", "林齢": 41, "齢級": 9, "所有形態": "個人", "ADDDATE": "2022-09-29", "ADDTENANT": "04000F", "ADDUSER": "pasco01", "EDITDATE": null, "EDITTENANT": "", "EDITUSER": ""}}, {"type": "Feature", "geometry": {"type": "Polygon", "coordinates": [[[141.44412067803168, 38.77181224030384], [141.4441179198232, 38.77174425648029], [141.44396882338356, 38.771761334478676], [141.44382990894576, 38.77171736797888], [141.44381732938123, 38.77167035680705], [141.4436822207158, 38.771626370250445], [141.4436269037976, 38.77156647249676], [141.4436263811128, 38.77153754405917], [141.4436620278257, 38.77150591686342], [141.4436923810631, 38.771461888629624], [141.443694664771, 38.7714585758436], [141.4437386252812, 38.771390960612095], [141.4436408563399, 38.771379057850304], [141.443430145726, 38.77137325899019], [141.44340131193897, 38.771400326285246], [141.4432549173643, 38.77156894411958], [141.44321476408803, 38.77158247962138], [141.44321627288534, 38.77162033343328], [141.44314496821644, 38.771721392529706], [141.4431889517131, 38.77177006060469], [141.4434988378561, 38.771807192205046], [141.44377195216813, 38.771839916914686], [141.44393807319193, 38.77183087804647], [141.44412067803168, 38.77181224030384]]]}, "properties": {"KEYCODE": "000205@B095@01@0001@0002@0000@0000", "小班": "1-2", "小班面積": 0.23, "林種": "天然林", "中樹種": "その他L", "林齢": 75, "齢級": 15, "所有形態": "個人", "ADDDATE": "2022-09-29", "ADDTENANT": "04000F", "ADDUSER": "pasco01", "EDITDATE": null, "EDITTENANT": "", "EDITUSER": ""}}, {"type": "Feature", "geometry": {"type": "Polygon", "coordinates": [[[141.44438346810261, 38.771722804673175], [141.44431222031656, 38.7716197649593], [141.44423213401674, 38.771489800568986], [141.44421817601446, 38.77145984057365], [141.44416491610383, 38.771471965648466], [141.44417489032335, 38.7715068157799], [141.4441820700319, 38.77153190406318], [141.44422655809794, 38.77180143388458], [141.44435645825027, 38.77182524279144], [141.44438346810261, 38.771722804673175]]]}, "properties": {"KEYCODE": "000205@B095@01@0001@0003@0000@0000", "小班": "1-3", "小班面積": 0.04, "林種": "人工林", "中樹種": "スギ", "林齢": 64, "齢級": 13, "所有形態": "個人", "ADDDATE": "2022-09-29", "ADDTENANT": "04000F", "ADDUSER": "pasco01", "EDITDATE": null, "EDITTENANT": "", "EDITUSER": ""}}, {"type": "Feature", "geometry": {"type": "Polygon", "coordinates": [[[141.44410456600238, 38.77128259155129], [141.44405929549066, 38.77116372962303], [141.44405669284598, 38.77115689736338], [141.44403052982688, 38.7710104683478], [141.44400438080544, 38.770944493198165], [141.4439715140914, 38.77086157137129], [141.44392238729145, 38.7708937051209], [141.4438706477803, 38.770927547972974], [141.4437555658528, 38.77104026752208], [141.44373813199803, 38.77105734305027], [141.4437718236665, 38.77106721830357], [141.4438500699394, 38.7711488788261], [141.4439515924203, 38.77126525508579], [141.44398381969512, 38.77131958872089], [141.4440586208214, 38.77131215110379], [141.4440728749618, 38.77128764449092], [141.44410456600238, 38.77128259155129]]]}, "properties": {"KEYCODE": "000205@B095@01@0001@0004@0000@0000", "小班": "1-4", "小班面積": 0.08, "林種": "天然林", "中樹種": "その他L", "林齢": 75, "齢級": 15, "所有形態": "個人", "ADDDATE": "2022-09-29", "ADDTENANT": "04000F", "ADDUSER": "pasco01", "EDITDATE": null, "EDITTENANT": "", "EDITUSER": ""}}, {"type": "Feature", "geometry": {"type": "Polygon", "coordinates": [[[141.44468816389892, 38.77174071455398], [141.44458183919843, 38.77173985539601], [141.44452864964686, 38.7717344849946], [141.44445521082804, 38.77171348281625], [141.44438888749383, 38.77168345251149], [141.44438346810261, 38.771722804673175], [141.44435645825027, 38.77182524279144], [141.4444667931109, 38.77184546562337], [141.44459517254543, 38.77181593334362], [141.44462019236866, 38.771810177327424], [141.44468816389892, 38.77174071455398]]]}, "properties": {"KEYCODE": "000205@B095@01@0002@0000@0000@0000", "小班": "2", "小班面積": 0.03, "林種": "人工林", "中樹種": "スギ", "林齢": 81, "齢級": 17, "所有形態": "個人", "ADDDATE": "2022-09-29", "ADDTENANT": "04000F", "ADDUSER": "pasco01", "EDITDATE": null, "EDITTENANT": "", "EDITUSER": ""}}, {"type": "Feature", "geometry": {"type": "Polygon", "coordinates": [[[141.44494450790634, 38.771526141796016], [141.44468871040252, 38.771466338589605], [141.4445706992131, 38.77143992105551], [141.4446031544722, 38.771371230552255], [141.444665637131, 38.771285545349514], [141.44472103608712, 38.77121113036163], [141.44476798743298, 38.77115698541427], [141.4447130433899, 38.77111454455995], [141.4446163678869, 38.77106218695068], [141.44451392079716, 38.77100760721924], [141.4444751658616, 38.77110997346494], [141.4444843504974, 38.77115936085142], [141.44452119140655, 38.77119492270024], [141.44445564116145, 38.77127392395222], [141.4441736293795, 38.77136422686999], [141.44421817601446, 38.77145984057365], [141.44423213401674, 38.771489800568986], [141.44431222031656, 38.7716197649593], [141.44438346810261, 38.771722804673175], [141.44438888749383, 38.77168345251149], [141.44445521082804, 38.77171348281625], [141.44452864964686, 38.7717344849946], [141.44458183919843, 38.77173985539601], [141.44468816389892, 38.77174071455398], [141.4448361032826, 38.77162668976752], [141.4449414175421, 38.77152891469042], [141.44494450790634, 38.771526141796016]]]}, "properties": {"KEYCODE": "000205@B095@01@0003@0000@0000@0000", "小班": "3", "小班面積": 0.25, "林種": "人工林", "中樹種": "スギ", "林齢": 66, "齢級": 14, "所有形態": "個人", "ADDDATE": "2022-09-29", "ADDTENANT": "04000F", "ADDUSER": "pasco01", "EDITDATE": null, "EDITTENANT": "", "EDITUSER": ""}}, {"type": "Feature", "geometry": {"type": "Polygon", "coordinates": [[[141.44493848072128, 38.77092623494876], [141.44492075630833, 38.77092434033931], [141.4447088512765, 38.77090168898126], [141.4446947511405, 38.770900251948795], [141.44446953375882, 38.77087730132928], [141.4442524473228, 38.77087964349197], [141.44418652530018, 38.77087443858535], [141.4441883257613, 38.770901095507945], [141.44428762663367, 38.7709416939512], [141.4443434664731, 38.770973580006356], [141.44432341763323, 38.77103267957706], [141.4444751658616, 38.77110997346494], [141.44451392079716, 38.77100760721924], [141.4446163678869, 38.77106218695068], [141.4447130433899, 38.77111454455995], [141.44476798743298, 38.77115698541427], [141.44472103608712, 38.77121113036163], [141.444665637131, 38.771285545349514], [141.4446031544722, 38.771371230552255], [141.4445706992131, 38.77143992105551], [141.44468871040252, 38.771466338589605], [141.44494450790634, 38.771526141796016], [141.44497068807817, 38.771502653730536], [141.44505475367922, 38.771427232714075], [141.44509834715467, 38.77138025737375], [141.4451301628401, 38.771288218115174], [141.4451700301432, 38.771170137023354], [141.4450953715432, 38.771151789344316], [141.44505273788533, 38.77112922900504], [141.4450209470491, 38.77109522645845], [141.4450003938686, 38.7710732424149], [141.44498454677304, 38.771046602264896], [141.44496927880684, 38.77102093744785], [141.44493848072128, 38.77092623494876]]]}, "properties": {"KEYCODE": "000205@B095@01@0004@0000@0000@0000", "小班": "4", "小班面積": 0.29, "林種": "人工林", "中樹種": "スギ", "林齢": 85, "齢級": 17, "所有形態": "個人", "ADDDATE": "2022-09-29", "ADDTENANT": "04000F", "ADDUSER": "pasco01", "EDITDATE": null, "EDITTENANT": "", "EDITUSER": ""}}, {"type": "Feature", "geometry": {"type": "Polygon", "coordinates": [[[141.4442166062261, 38.770298775014076], [141.44417708946366, 38.77036633207431], [141.44416941025307, 38.770384671982946], [141.4441157943822, 38.770512719076116], [141.4440950641332, 38.77056222679755], [141.44402556806023, 38.770724110466865], [141.44399997423122, 38.7708441796397], [141.4439715140914, 38.77086157137129], [141.44406913101076, 38.77086516935219], [141.44418652530018, 38.77087443858535], [141.4442524473228, 38.77087964349197], [141.44446953375882, 38.77087730132928], [141.4446947511405, 38.770900251948795], [141.4447088512765, 38.77090168898126], [141.44492075630833, 38.77092434033931], [141.44493848072128, 38.77092623494876], [141.4449640649129, 38.77092920012053], [141.4449935472482, 38.77101266639685], [141.44501769186212, 38.77105309447606], [141.4450230155529, 38.77106200704078], [141.44503628728904, 38.77107652928594], [141.44507017694744, 38.77111360638939], [141.44505027788995, 38.77105947699278], [141.44508498111423, 38.770987548501374], [141.44509505892916, 38.77088479433626], [141.44506436671756, 38.770751299007365], [141.44504985588776, 38.77072494736208], [141.44502439004756, 38.77067869834714], [141.44496732394913, 38.770622213935525], [141.44485241693053, 38.770524942578376], [141.44472032713125, 38.77044495897852], [141.4446432700071, 38.77039087625028], [141.44448406269439, 38.77027244911121], [141.44449819653576, 38.77024979890502], [141.4444343110056, 38.770239628592925], [141.44435883101067, 38.77024087007461], [141.44428751036472, 38.77021707205668], [141.44427801467188, 38.770197968779726], [141.4442166062261, 38.770298775014076]]]}, "properties": {"KEYCODE": "000205@B095@01@0008@0000@0000@0000", "小班": "8", "小班面積": 0.49, "林種": "伐採跡地", "中樹種": "", "林齢": null, "齢級": null, "所有形態": "個人", "ADDDATE": "2022-09-29", "ADDTENANT": "04000F", "ADDUSER": "pasco01", "EDITDATE": null, "EDITTENANT": "", "EDITUSER": ""}}, {"type": "Feature", "geometry": {"type": "Polygon", "coordinates": [[[141.4439715140914, 38.77086157137129], [141.44399997423122, 38.7708441796397], [141.44402556806023, 38.770724110466865], [141.4439900688446, 38.77073801470402], [141.44395439662455, 38.77074391092522], [141.44387397179142, 38.77074427794166], [141.44373309912862, 38.77073144728138], [141.44370060309544, 38.770796768437656], [141.44366665246304, 38.770858718844444], [141.44361555947032, 38.77093198474234], [141.44360534040842, 38.7709435866084], [141.4437555658528, 38.77104026752208], [141.4438706477803, 38.770927547972974], [141.44392238729145, 38.7708937051209], [141.4439715140914, 38.77086157137129]]]}, "properties": {"KEYCODE": "000205@B095@01@0010@0000@0000@0000", "小班": "10", "小班面積": 0.07, "林種": "天然林", "中樹種": "マツ類", "林齢": 83, "齢級": 17, "所有形態": "個人", "ADDDATE": "2022-09-29", "ADDTENANT": "04000F", "ADDUSER": "pasco01", "EDITDATE": null, "EDITTENANT": "", "EDITUSER": ""}}, {"type": "Feature", "geometry": {"type": "Polygon", "coordinates": [[[141.44314496821644, 38.771721392529706], [141.44321627288534, 38.77162033343328], [141.44321476408803, 38.77158247962138], [141.4431195457332, 38.771614577875674], [141.443045240436, 38.77162556000884], [141.44314137444948, 38.77172222298279], [141.44314496821644, 38.771721392529706]]]}, "properties": {"KEYCODE": "000205@B095@01@0011@0001@0000@0000", "小班": "11-1", "小班面積": 0.02, "林種": "人工林", "中樹種": "スギ", "林齢": 72, "齢級": 15, "所有形態": "個人", "ADDDATE": "2022-09-29", "ADDTENANT": "04000F", "ADDUSER": "pasco01", "EDITDATE": null, "EDITTENANT": "", "EDITUSER": ""}}, {"type": "Feature", "geometry": {"type": "Polygon", "coordinates": [[[141.443045240436, 38.77162556000884], [141.4431195457332, 38.771614577875674], [141.44321476408803, 38.77158247962138], [141.44318113186463, 38.771528787332755], [141.44317009280476, 38.771305023421704], [141.4431305110047, 38.771156693976216], [141.44295402792633, 38.771179984665444], [141.44295412746033, 38.77118099764712], [141.44296188638552, 38.77125972465761], [141.44298026590326, 38.77139671625504], [141.44299109488912, 38.771488791942865], [141.4429816036839, 38.77152035457089], [141.44295688071972, 38.771602499619526], [141.44299751825616, 38.7716505798235], [141.443045240436, 38.77162556000884]]]}, "properties": {"KEYCODE": "000205@B095@01@0011@0000@0000@0000", "小班": "11", "小班面積": 0.09, "林種": "人工林", "中樹種": "スギ", "林齢": 72, "齢級": 15, "所有形態": "個人", "ADDDATE": "2022-09-29", "ADDTENANT": "04000F", "ADDUSER": "pasco01", "EDITDATE": null, "EDITTENANT": "", "EDITUSER": ""}}, {"type": "Feature", "geometry": {"type": "Polygon", "coordinates": [[[141.4431305110047, 38.771156693976216], [141.4431265579378, 38.770903374522916], [141.4431547393686, 38.77078023351604], [141.44323907613474, 38.77070828530824], [141.4432639264566, 38.77062306028362], [141.44339009351845, 38.77059595435596], [141.44344856859612, 38.77047295603769], [141.44336879437864, 38.77047198689325], [141.44324731176627, 38.77047051104801], [141.44298471585412, 38.77046638572194], [141.44293312116127, 38.77046493324896], [141.44295409511244, 38.77050359453857], [141.44282587023824, 38.77062777438868], [141.4426502920879, 38.770758922523335], [141.4425789227614, 38.770812058798576], [141.4425289804599, 38.77085161594309], [141.4424918970811, 38.77088212417332], [141.44246768556903, 38.77090807887367], [141.44243940151839, 38.77095989140936], [141.44248000962165, 38.77100689539083], [141.4425407620974, 38.77104156838064], [141.4425464087878, 38.77104479115808], [141.44273091800497, 38.77112370930965], [141.44296188638552, 38.77125972465761], [141.44295412746033, 38.77118099764712], [141.44295402792633, 38.771179984665444], [141.4431305110047, 38.771156693976216]]]}, "properties": {"KEYCODE": "000205@B095@01@0012@0000@0000@0000", "小班": "12", "小班面積": 0.37, "林種": "人工林", "中樹種": "スギ", "林齢": 49, "齢級": 10, "所有形態": "個人", "ADDDATE": "2022-09-29", "ADDTENANT": "04000F", "ADDUSER": "pasco01", "EDITDATE": null, "EDITTENANT": "", "EDITUSER": ""}}, {"type": "Feature", "geometry": {"type": "Polygon", "coordinates": [[[141.443430145726, 38.77137325899019], [141.44366209969834, 38.771155526295345], [141.4437365376595, 38.77105890451102], [141.44373813199803, 38.77105734305027], [141.4437555658528, 38.77104026752208], [141.44360534040842, 38.7709435866084], [141.44361555947032, 38.77093198474234], [141.44366665246304, 38.770858718844444], [141.44370060309544, 38.770796768437656], [141.44373309912862, 38.77073144728138], [141.44387397179142, 38.77074427794166], [141.44395439662455, 38.77074391092522], [141.4439900688446, 38.77073801470402], [141.44402556806023, 38.770724110466865], [141.4440950641332, 38.77056222679755], [141.4441157943822, 38.770512719076116], [141.44416941025307, 38.770384671982946], [141.44417708946366, 38.77036633207431], [141.4442166062261, 38.770298775014076], [141.44402424677475, 38.77036250024925], [141.44377491737905, 38.770439126192464], [141.44344856859612, 38.77047295603769], [141.44339009351845, 38.77059595435596], [141.4432639264566, 38.77062306028362], [141.44323907613474, 38.77070828530824], [141.4431547393686, 38.77078023351604], [141.4431265579378, 38.770903374522916], [141.4431305110047, 38.771156693976216], [141.44317009280476, 38.771305023421704], [141.44318113186463, 38.771528787332755], [141.44321476408803, 38.77158247962138], [141.4432549173643, 38.77156894411958], [141.44340131193897, 38.771400326285246], [141.443430145726, 38.77137325899019]]]}, "properties": {"KEYCODE": "000205@B095@01@0012@0001@0000@0000", "小班": "12-1", "小班面積": 0.57, "林種": "人工林", "中樹種": "マツ類", "林齢": 49, "齢級": 10, "所有形態": "個人", "ADDDATE": "2022-09-29", "ADDTENANT": "04000F", "ADDUSER": "pasco01", "EDITDATE": null, "EDITTENANT": "", "EDITUSER": ""}}, {"type": "Feature", "geometry": {"type": "Polygon", "coordinates": [[[141.44299751825616, 38.7716505798235], [141.44295688071972, 38.771602499619526], [141.4429816036839, 38.77152035457089], [141.44299109488912, 38.771488791942865], [141.44298026590326, 38.77139671625504], [141.44296188638552, 38.77125972465761], [141.44273091800497, 38.77112370930965], [141.4425464087878, 38.77104479115808], [141.4425407620974, 38.77104156838064], [141.44248000962165, 38.77100689539083], [141.44243940151839, 38.77095989140936], [141.44246768556903, 38.77090807887367], [141.4424918970811, 38.77088212417332], [141.4425289804599, 38.77085161594309], [141.4425789227614, 38.770812058798576], [141.4426502920879, 38.770758922523335], [141.44282587023824, 38.77062777438868], [141.44295409511244, 38.77050359453857], [141.44293312116127, 38.77046493324896], [141.44278926861313, 38.77046088264843], [141.4427258676194, 38.770493184926615], [141.44259904139406, 38.77055780121767], [141.4423926577133, 38.77061558794498], [141.44222315161, 38.77070262326227], [141.44209083769877, 38.77078687906048], [141.44213913961138, 38.7708398421118], [141.44222480591918, 38.77093377393518], [141.44223966390007, 38.770948555800004], [141.442340923842, 38.77104928368288], [141.44239412697922, 38.77110220757208], [141.44245042550594, 38.77115820805786], [141.44267264404124, 38.771342380689966], [141.44279611495895, 38.77148186935278], [141.4428244377753, 38.77151386629206], [141.44284913761769, 38.771541770459145], [141.44287237340808, 38.77156802101616], [141.44287574214312, 38.771573337613674], [141.4429344539052, 38.77166602931586], [141.4429177616325, 38.77169239533029], [141.44299751825616, 38.7716505798235]]]}, "properties": {"KEYCODE": "000205@B095@01@0012@0002@0000@0000", "小班": "12-2", "小班面積": 0.35, "林種": "人工林", "中樹種": "スギ", "林齢": 48, "齢級": 10, "所有形態": "個人", "ADDDATE": "2022-09-29", "ADDTENANT": "04000F", "ADDUSER": "pasco01", "EDITDATE": null, "EDITTENANT": "", "EDITUSER": ""}}, {"type": "Feature", "geometry": {"type": "Polygon", "coordinates": [[[141.44293312116127, 38.77046493324896], [141.44298471585412, 38.77046638572194], [141.44324731176627, 38.77047051104801], [141.44336879437864, 38.77047198689325], [141.443309560155, 38.77042059219909], [141.4432714712879, 38.77039228413156], [141.44317727987274, 38.77039694498267], [141.44309972079412, 38.77039730552037], [141.4429236431024, 38.77039648173206], [141.4428009851207, 38.77040602943471], [141.4427267722953, 38.77042909181351], [141.4427258676194, 38.770493184926615], [141.44278926861313, 38.77046088264843], [141.44293312116127, 38.77046493324896]]]}, "properties": {"KEYCODE": "000205@B095@01@0012@0003@0000@0000", "小班": "12-3", "小班面積": 0.04, "林種": "人工林", "中樹種": "ヒノキ類", "林齢": 50, "齢級": 10, "所有形態": "個人", "ADDDATE": "2022-09-29", "ADDTENANT": "04000F", "ADDUSER": "pasco01", "EDITDATE": null, "EDITTENANT": "", "EDITUSER": ""}}, {"type": "Feature", "geometry": {"type": "Polygon", "coordinates": [[[141.44043623378772, 38.76838348443755], [141.44048178051685, 38.76854264593114], [141.44053521921126, 38.768687681884835], [141.44067002226794, 38.76875608873381], [141.44070958993072, 38.76877160274367], [141.4407923391603, 38.76880404705729], [141.44079584538167, 38.76880511981127], [141.44095290568595, 38.768853193770774], [141.441117124071, 38.768879863884514], [141.44115151097657, 38.76888544894971], [141.44135787953493, 38.768919888601275], [141.4415577509485, 38.76896582372356], [141.44156663021235, 38.76896786487654], [141.44171098482266, 38.769036130719414], [141.44174095467486, 38.76906305275986], [141.44179417454293, 38.769110858902465], [141.44187642117507, 38.76924658218648], [141.44199235101487, 38.76946819111034], [141.44202430186436, 38.769529268107874], [141.44208050064015, 38.76966944395868], [141.44209718137353, 38.76975818301478], [141.4421084867357, 38.769818330597474], [141.4421067252509, 38.76982175504633], [141.44196154588008, 38.77010425456806], [141.4419187644527, 38.77016975582729], [141.4418803353597, 38.77022336068027], [141.4418786567904, 38.77026675176949], [141.44187629718033, 38.77032777681793], [141.44194647464585, 38.77058413794937], [141.44199215935095, 38.770678799762635], [141.44209083769877, 38.770786879060466], [141.44222315161, 38.770702623262245], [141.4423926577133, 38.77061558794499], [141.44259904139406, 38.77055780121767], [141.4427258676194, 38.77049318492659], [141.44272677229526, 38.7704290918135], [141.44280098512067, 38.770406029434675], [141.44292364310238, 38.770396481732014], [141.4430997207941, 38.770397305520355], [141.44317727987274, 38.770396944982636], [141.44327147128786, 38.770392284131574], [141.443309560155, 38.77042059219907], [141.44336879437864, 38.77047198689323], [141.44344856859612, 38.77047295603767], [141.44342551943208, 38.77044090198498], [141.44333347434187, 38.77031289213996], [141.44347099352436, 38.7701969324765], [141.44354497158253, 38.770153123360004], [141.44367871515135, 38.770123542457654], [141.44372431459374, 38.77009993523291], [141.44367175003032, 38.77006917409829], [141.44354271034913, 38.76990795801094], [141.44356674527904, 38.769895265105546], [141.44376129495888, 38.76981169158766], [141.44369301805463, 38.76970746388009], [141.4436512273942, 38.76965133146235], [141.4435487260675, 38.7695780387638], [141.44352359872784, 38.76953137773651], [141.44341635603942, 38.76951882064252], [141.4433143144252, 38.76942784086728], [141.4432229714166, 38.769463470290844], [141.44315432133604, 38.76939908155791], [141.44314821287114, 38.769250637764735], [141.4429357010617, 38.76895565090604], [141.44288838533953, 38.76887082665077], [141.4427844350741, 38.76877173032495], [141.44272137995745, 38.768708843664335], [141.44269867203, 38.768658359070486], [141.44261291715742, 38.768631148831034], [141.4425294939559, 38.7685695934551], [141.4424161864375, 38.76853108537969], [141.44231666685238, 38.76845490219964], [141.44226068815385, 38.768398626981245], [141.44216017249974, 38.7683649708673], [141.44199161854573, 38.768399605139784], [141.44160000076187, 38.768355194066025], [141.44147094398076, 38.76834014513448], [141.44124541443034, 38.76820096875493], [141.441199433627, 38.7682029150987], [141.4411374333874, 38.76820553932215], [141.4408165876724, 38.768205919169205], [141.44067218211788, 38.76820599399801], [141.44049331154, 38.76821009450015], [141.44040761715092, 38.768211584683314], [141.44043579262907, 38.76838194080164], [141.44043623378772, 38.76838348443755], [141.44043623378772, 38.76838348443755]]]}, "properties": {"KEYCODE": "000205@B095@01@0013@0000@0000@0000", "小班": "13", "小班面積": 3.49, "林種": "人工林", "中樹種": "スギ", "林齢": 3, "齢級": 1, "所有形態": "個人", "ADDDATE": "2022-09-29", "ADDTENANT": "04000F", "ADDUSER": "pasco01", "EDITDATE": "2025-05-13", "EDITTENANT": "04000F", "EDITUSER": "ksbrs02"}}, {"type": "Feature", "geometry": {"type": "Polygon", "coordinates": [[[141.441199433627, 38.76820291509871], [141.4412287455839, 38.768079018171875], [141.44122911304044, 38.76807729916402], [141.44126330058427, 38.76791706648769], [141.44127972014917, 38.767820361505976], [141.44129045381618, 38.767730424756415], [141.44131345208984, 38.76773256635621], [141.44140151359463, 38.76778497156434], [141.4414722603845, 38.767828457899164], [141.4414953159795, 38.76783734683234], [141.44153990595862, 38.76784388048281], [141.44158451188886, 38.76785378246163], [141.44164076592503, 38.76788161547577], [141.44162444422193, 38.76781877324611], [141.44159366572794, 38.76774588114812], [141.441525433107, 38.7676596796065], [141.44139162960278, 38.7675123100022], [141.44138625378005, 38.7675063893923], [141.4412096774186, 38.76732337495172], [141.4411325716195, 38.767248468739055], [141.44107809724417, 38.767319371905856], [141.4405894312112, 38.767448396927996], [141.44054523578149, 38.76751918607862], [141.44048817261393, 38.76761058776309], [141.44041918056166, 38.76770494504147], [141.44041512959402, 38.767992755468676], [141.44040761715095, 38.76821158468333], [141.44049331154, 38.76821009450016], [141.44067218211788, 38.76820599399801], [141.4408165876724, 38.768205919169226], [141.4411374333874, 38.76820553932215], [141.441199433627, 38.76820291509871]]]}, "properties": {"KEYCODE": "000205@B095@02@0001@0000@0000@0000", "小班": "1", "小班面積": 0.73, "林種": "人工林", "中樹種": "スギ", "林齢": 32, "齢級": 7, "所有形態": "個人", "ADDDATE": "2022-09-29", "ADDTENANT": "04000F", "ADDUSER": "pasco01", "EDITDATE": null, "EDITTENANT": "", "EDITUSER": ""}}, {"type": "Feature", "geometry": {"type": "Polygon", "coordinates": [[[141.442312082542, 38.768163507059754], [141.44217682094038, 38.768085880274064], [141.44194906370083, 38.767989177608], [141.44185819164824, 38.76794465222098], [141.44182189891575, 38.76789876154803], [141.4417761579266, 38.76792593629898], [141.44164076592503, 38.76788161547577], [141.44158451188886, 38.76785378246163], [141.44153990595862, 38.76784388048281], [141.4414953159795, 38.76783734683234], [141.4414722603845, 38.767828457899164], [141.44140151359463, 38.76778497156434], [141.44131345208984, 38.76773256635621], [141.44129045381618, 38.767730424756415], [141.44127972014917, 38.767820361505976], [141.44126330058427, 38.76791706648769], [141.44122911304044, 38.76807729916402], [141.4412287455839, 38.768079018171875], [141.441199433627, 38.76820291509871], [141.44124541443037, 38.768200968754954], [141.44147094398076, 38.76834014513448], [141.44160000076187, 38.76835519406601], [141.44199161854573, 38.768399605139784], [141.44216017249977, 38.7683649708673], [141.44226068815388, 38.76839862698126], [141.4422814884754, 38.768373663049694], [141.44234050059254, 38.76843211161474], [141.442312082542, 38.768163507059754]]]}, "properties": {"KEYCODE": "000205@B095@02@0001@0001@0000@0000", "小班": "1-1", "小班面積": 0.44, "林種": "人工林", "中樹種": "スギ", "林齢": 31, "齢級": 7, "所有形態": "個人", "ADDDATE": "2022-09-29", "ADDTENANT": "04000F", "ADDUSER": "pasco01", "EDITDATE": null, "EDITTENANT": "", "EDITUSER": ""}}, {"type": "Feature", "geometry": {"type": "Polygon", "coordinates": [[[141.44229692311774, 38.76767746932411], [141.44229636070133, 38.76761117574497], [141.44232008525665, 38.767527927889596], [141.44235350363053, 38.76740192731867], [141.44238225462374, 38.767234383981936], [141.44240531237762, 38.76707138376341], [141.44241756318021, 38.76699887032325], [141.44242763244512, 38.76693924287342], [141.4424045990631, 38.76681777064535], [141.44235858534634, 38.76668390479357], [141.4423146485116, 38.766533892251225], [141.44228050247497, 38.76654514931437], [141.4420591616611, 38.76661811231082], [141.44205811195624, 38.766618217776866], [141.44153833180786, 38.76667044484668], [141.4415382743512, 38.766670454154585], [141.44138557980878, 38.76691915566747], [141.44136767225837, 38.766942464775596], [141.4413382113658, 38.76698080948404], [141.4411325716195, 38.767248468739055], [141.4412096774186, 38.76732337495172], [141.44138625378005, 38.7675063893923], [141.44139162960278, 38.7675123100022], [141.441525433107, 38.7676596796065], [141.44159366572794, 38.76774588114812], [141.44162444422193, 38.76781877324611], [141.44164076592503, 38.76788161547577], [141.4417761579266, 38.76792593629898], [141.44182189891575, 38.76789876154803], [141.44185819164824, 38.76794465222098], [141.44194906370083, 38.767989177608], [141.44217682094038, 38.768085880274064], [141.442312082542, 38.768163507059754], [141.44230646215516, 38.7681291043246], [141.44228671133587, 38.768001101558774], [141.44227827572178, 38.767851707653854], [141.44229692311774, 38.76767746932411]]]}, "properties": {"KEYCODE": "000205@B095@02@0002@0000@0000@0000", "小班": "2", "小班面積": 1.25, "林種": "人工林", "中樹種": "スギ", "林齢": 67, "齢級": 14, "所有形態": "個人", "ADDDATE": "2022-09-29", "ADDTENANT": "04000F", "ADDUSER": "pasco01", "EDITDATE": null, "EDITTENANT": "", "EDITUSER": ""}}, {"type": "Feature", "geometry": {"type": "Polygon", "coordinates": [[[141.4431116132368, 38.768905140137086], [141.4428732808323, 38.76857591349808], [141.44288138446117, 38.76851520529922], [141.44288170768124, 38.76851424236384], [141.4429108122383, 38.7684274231426], [141.44293029652468, 38.76835317826505], [141.44293121213286, 38.76829025622779], [141.44290922292714, 38.76823755173299], [141.4428150335049, 38.76819640381594], [141.4427192218718, 38.76820763031944], [141.44262769749795, 38.76818593929287], [141.44250212841047, 38.76811104700649], [141.44243176568676, 38.76802392198206], [141.4424171707227, 38.76791888038038], [141.44243346738656, 38.767794371708376], [141.44238121750553, 38.767772475796704], [141.44235148533883, 38.76768874524285], [141.44229692311774, 38.76767746932411], [141.44227827572178, 38.767851707653854], [141.44228671133587, 38.768001101558774], [141.44230646215516, 38.7681291043246], [141.442312082542, 38.768163507059754], [141.44234050059254, 38.76843211161474], [141.44244674758468, 38.768507773233], [141.4425536772025, 38.76853648581437], [141.4426392099228, 38.76860523729607], [141.44272754446405, 38.768634037649974], [141.4427595262122, 38.76869790615144], [141.44280584713246, 38.76874293432935], [141.44292033883403, 38.76884480444977], [141.44295962912662, 38.768918527446225], [141.44298954267248, 38.768907958022275], [141.44305696843534, 38.768897534334315], [141.4431116132368, 38.768905140137086]]]}, "properties": {"KEYCODE": "000205@B095@02@0003@0000@0000@0000", "小班": "3", "小班面積": 0.33, "林種": "人工林", "中樹種": "スギ", "林齢": 103, "齢級": 21, "所有形態": "個人", "ADDDATE": "2022-09-29", "ADDTENANT": "04000F", "ADDUSER": "pasco01", "EDITDATE": null, "EDITTENANT": "", "EDITUSER": ""}}, {"type": "Feature", "geometry": {"type": "Polygon", "coordinates": [[[141.44241756318021, 38.76699887032325], [141.44240531237762, 38.76707138376341], [141.44238225462374, 38.767234383981936], [141.44235350363053, 38.76740192731867], [141.44232008525665, 38.767527927889596], [141.44229636070133, 38.76761117574497], [141.44250629390737, 38.76765812619425], [141.44259552415662, 38.767661280851144], [141.44260244064338, 38.76762549837388], [141.44262498325548, 38.76757257968251], [141.4426390284739, 38.767535443838256], [141.44264579133903, 38.7674848515236], [141.44263963010067, 38.76743544278951], [141.4426220212937, 38.76739169727065], [141.44261163188574, 38.76735130236171], [141.4426141370358, 38.767307470001185], [141.4426195360138, 38.76726699188388], [141.442619098373, 38.76721418488], [141.44260140374476, 38.76716034082376], [141.44255755857634, 38.767070589361005], [141.44241756318021, 38.76699887032325]]]}, "properties": {"KEYCODE": "000205@B095@02@0003@0001@0000@0000", "小班": "3-1", "小班面積": 0.15, "林種": "人工林", "中樹種": "スギ", "林齢": 49, "齢級": 10, "所有形態": "個人", "ADDDATE": "2022-09-29", "ADDTENANT": "04000F", "ADDUSER": "pasco01", "EDITDATE": null, "EDITTENANT": "", "EDITUSER": ""}}, {"type": "Feature", "geometry": {"type": "Polygon", "coordinates": [[[141.44335339738012, 38.769412813637466], [141.4433594982324, 38.769346684403295], [141.44335618439408, 38.76929389153403], [141.44342275210764, 38.76919768667333], [141.4433991671585, 38.76914536988525], [141.44330243035688, 38.76908390078102], [141.4431636492044, 38.76894422851434], [141.4431116132368, 38.768905140137086], [141.44305696843534, 38.768897534334315], [141.44298954267248, 38.768907958022275], [141.44295962912662, 38.768918527446225], [141.44297174671354, 38.76894126486311], [141.44319944247943, 38.7692314787884], [141.44320921834048, 38.76938625471541], [141.4432283665869, 38.769426757900376], [141.44331178723897, 38.76938377351477], [141.44335339738012, 38.769412813637466]]]}, "properties": {"KEYCODE": "000205@B095@02@0004@0000@0000@0000", "小班": "4", "小班面積": 0.1, "林種": "人工林", "中樹種": "スギ", "林齢": 81, "齢級": 17, "所有形態": "個人", "ADDDATE": "2022-09-29", "ADDTENANT": "04000F", "ADDUSER": "pasco01", "EDITDATE": null, "EDITTENANT": "", "EDITUSER": ""}}, {"type": "Feature", "geometry": {"type": "Polygon", "coordinates": [[[141.44426048178835, 38.77000155475509], [141.44421761640822, 38.76993147337977], [141.4441933589578, 38.76990294917163], [141.44415669502078, 38.769859838629664], [141.44410894246974, 38.769818495013276], [141.44407716284113, 38.76979729198318], [141.44401961243375, 38.7697851973688], [141.4439809175283, 38.76979661563031], [141.44383759829404, 38.76985809065052], [141.44390954968418, 38.76988344779367], [141.44393610458508, 38.76994633530976], [141.44395304145183, 38.769974399627124], [141.44403982303356, 38.77000165755924], [141.4442058196162, 38.77000416837717], [141.44423547830863, 38.77000861689901], [141.44426048178835, 38.77000155475509]]]}, "properties": {"KEYCODE": "000205@B095@02@0005@0000@0000@0000", "小班": "5", "小班面積": 0.06, "林種": "人工林", "中樹種": "スギ", "林齢": 115, "齢級": 23, "所有形態": "個人", "ADDDATE": "2022-09-29", "ADDTENANT": "04000F", "ADDUSER": "pasco01", "EDITDATE": null, "EDITTENANT": "", "EDITUSER": ""}}, {"type": "Feature", "geometry": {"type": "Polygon", "coordinates": [[[141.4443713641054, 38.76958932610913], [141.4443024343319, 38.76950847125146], [141.44421247708598, 38.7694704104224], [141.4441437044534, 38.769399851818356], [141.44410889878282, 38.7693018907749], [141.44404083177497, 38.76921418448536], [141.44407014313342, 38.76920222966076], [141.44413536924657, 38.76929145526661], [141.44417131715952, 38.76939111301415], [141.44423391509378, 38.76945414541179], [141.44433499291344, 38.769496751634605], [141.4443903161346, 38.76956897501871], [141.44441481583905, 38.76957410271323], [141.44431428575783, 38.76946810438523], [141.44402958628189, 38.7690907807902], [141.4439207527381, 38.76913061020877], [141.443924154927, 38.76921815442859], [141.44392442022283, 38.76922497728356], [141.443932458388, 38.76932718539008], [141.44388133536037, 38.769346412597905], [141.4437663895944, 38.76925619701457], [141.44353282729276, 38.76928816586163], [141.4433594982324, 38.769346684403295], [141.44335339738012, 38.769412813637466], [141.44345250841144, 38.76949532589846], [141.44354886628707, 38.769506696563624], [141.4435758652581, 38.76956232968498], [141.4436231190168, 38.769589082612285], [141.44368508261064, 38.76962416400335], [141.44372901096884, 38.76970158228019], [141.4437983907331, 38.769801533988385], [141.443823655166, 38.769853176158165], [141.44383759829404, 38.76985809065052], [141.4439809175283, 38.76979661563031], [141.44401961243375, 38.7697851973688], [141.44407716284113, 38.76979729198318], [141.44410894246974, 38.769818495013276], [141.44415669502078, 38.769859838629664], [141.4441933589578, 38.76990294917163], [141.44434211598477, 38.76974091229285], [141.4444300124181, 38.769693972229696], [141.4443713641054, 38.76958932610913]]]}, "properties": {"KEYCODE": "000205@B095@02@0006@0000@0000@0000", "小班": "6", "小班面積": 0.41, "林種": "人工林", "中樹種": "スギ", "林齢": 107, "齢級": 22, "所有形態": "個人", "ADDDATE": "2022-09-29", "ADDTENANT": "04000F", "ADDUSER": "pasco01", "EDITDATE": null, "EDITTENANT": "", "EDITUSER": ""}}, {"type": "Feature", "geometry": {"type": "Polygon", "coordinates": [[[141.4443713641054, 38.76958932610913], [141.4444300124181, 38.769693972229696], [141.44434211598477, 38.76974091229285], [141.4441933589578, 38.76990294917163], [141.44421761640822, 38.76993147337977], [141.44426048178835, 38.77000155475509], [141.44433202637873, 38.76998134675902], [141.44435007530325, 38.769984079391484], [141.4444548095286, 38.76999993248495], [141.44450581987985, 38.77000765393198], [141.44451005253543, 38.769898293509755], [141.4445119203791, 38.76985002938297], [141.4445127956281, 38.769847814923295], [141.44454637813226, 38.769762823229776], [141.44459517769323, 38.7696908481741], [141.44458637437117, 38.76966522786606], [141.44456917699986, 38.76961744452394], [141.4445133777, 38.769614876912684], [141.44449833249487, 38.7696141844282], [141.44444245486423, 38.76960324432267], [141.4443713641054, 38.76958932610913]]]}, "properties": {"KEYCODE": "000205@B095@02@0007@0000@0000@0000", "小班": "7", "小班面積": 0.09, "林種": "天然林", "中樹種": "その他L", "林齢": 138, "齢級": 28, "所有形態": "個人", "ADDDATE": "2022-09-29", "ADDTENANT": "04000F", "ADDUSER": "pasco01", "EDITDATE": null, "EDITTENANT": "", "EDITUSER": ""}}, {"type": "Feature", "geometry": {"type": "Polygon", "coordinates": [[[141.4446972820081, 38.76963443011218], [141.44469442150918, 38.76963352076253], [141.44465225937188, 38.76953920733337], [141.44465169625556, 38.769487923522], [141.4446511071463, 38.76943359393756], [141.4446525068596, 38.76941692015421], [141.44462072568317, 38.76944232391349], [141.44459514890227, 38.76953644481986], [141.444598879157, 38.76958115448957], [141.44460322451263, 38.76960489723584], [141.44462412021954, 38.76965319275422], [141.44468916963402, 38.769636510360634], [141.4446972820081, 38.76963443011218]]]}, "properties": {"KEYCODE": "000205@B095@02@0007@0001@0000@0000", "小班": "7-1", "小班面積": 0.02, "林種": "天然林", "中樹種": "その他L", "林齢": 138, "齢級": 28, "所有形態": "個人", "ADDDATE": "2022-09-29", "ADDTENANT": "04000F", "ADDUSER": "pasco01", "EDITDATE": null, "EDITTENANT": "", "EDITUSER": ""}}, {"type": "Feature", "geometry": {"type": "Polygon", "coordinates": [[[141.44402958628189, 38.7690907807902], [141.44395288938617, 38.769007446513015], [141.4438902788386, 38.76884187473027], [141.44387191345058, 38.768723266706786], [141.44389468022828, 38.76860801943821], [141.4439291232845, 38.76854701320799], [141.44391469209296, 38.76849628651337], [141.443801808688, 38.7685355667169], [141.44372173169296, 38.76867828593756], [141.44368821717828, 38.768806967516994], [141.44370728256797, 38.76885407458326], [141.443751177582, 38.76894937480186], [141.44379338536007, 38.769015467954546], [141.44383260160186, 38.769068099404414], [141.44387747872784, 38.769108341959516], [141.4439207527381, 38.76913061020877], [141.44402958628189, 38.7690907807902]]]}, "properties": {"KEYCODE": "000205@B095@02@0008@0000@0000@0000", "小班": "8", "小班面積": 0.1, "林種": "人工林", "中樹種": "スギ", "林齢": 71, "齢級": 15, "所有形態": "個人", "ADDDATE": "2022-09-29", "ADDTENANT": "04000F", "ADDUSER": "pasco01", "EDITDATE": null, "EDITTENANT": "", "EDITUSER": ""}}, {"type": "Feature", "geometry": {"type": "Polygon", "coordinates": [[[141.4439207527381, 38.76913061020877], [141.44387747872784, 38.769108341959516], [141.44383260160186, 38.769068099404414], [141.44379338536007, 38.769015467954546], [141.443751177582, 38.76894937480186], [141.44370728256797, 38.76885407458326], [141.44351679556348, 38.76892012251489], [141.44359711848045, 38.769065930179934], [141.4437106640433, 38.769094522466595], [141.4437456769876, 38.76911263397574], [141.44379988883952, 38.76916770960643], [141.443924154927, 38.76921815442859], [141.4439207527381, 38.76913061020877]]]}, "properties": {"KEYCODE": "000205@B095@02@0009@0000@0000@0000", "小班": "9", "小班面積": 0.06, "林種": "人工林", "中樹種": "スギ", "林齢": 60, "齢級": 12, "所有形態": "個人", "ADDDATE": "2022-09-29", "ADDTENANT": "04000F", "ADDUSER": "pasco01", "EDITDATE": null, "EDITTENANT": "", "EDITUSER": ""}}, {"type": "Feature", "geometry": {"type": "Polygon", "coordinates": [[[141.44322295460393, 38.76803062195972], [141.44309274639184, 38.767855807962924], [141.44307534654703, 38.76783679176161], [141.44305513878612, 38.76782451895473], [141.44303208308247, 38.767815639339254], [141.44301197868333, 38.76781686132002], [141.4429989197712, 38.76782032940092], [141.44299477958447, 38.76782142846239], [141.44298336271748, 38.7678293527876], [141.44297342881316, 38.76784399902559], [141.44295502088937, 38.76787554511837], [141.44293673606987, 38.76792169399506], [141.44292976870145, 38.767949317393466], [141.44274896870087, 38.76794646933062], [141.4427181524519, 38.76797451886714], [141.44272579385998, 38.76801380828385], [141.4427967370021, 38.76808566181804], [141.4428150335049, 38.76819640381594], [141.44290922292714, 38.76823755173299], [141.44295621473958, 38.76818565679939], [141.44308896791182, 38.768114885835864], [141.44316432084494, 38.768060861791696], [141.44322295460393, 38.76803062195972]]]}, "properties": {"KEYCODE": "000205@B095@02@0011@0000@0000@0000", "小班": "11", "小班面積": 0.11, "林種": "人工林", "中樹種": "スギ", "林齢": 68, "齢級": 14, "所有形態": "個人", "ADDDATE": "2022-09-29", "ADDTENANT": "04000F", "ADDUSER": "pasco01", "EDITDATE": null, "EDITTENANT": "", "EDITUSER": ""}}, {"type": "Feature", "geometry": {"type": "Polygon", "coordinates": [[[141.44352762741264, 38.76798638083472], [141.4435229804562, 38.767945955130564], [141.44364396675846, 38.76789791947297], [141.44364610793676, 38.767897069563176], [141.4436719906395, 38.76790143885236], [141.4436907428959, 38.7679103408153], [141.4437297700619, 38.767939378987315], [141.44377041633481, 38.767989751676566], [141.4438693157299, 38.76796457771867], [141.4439379577523, 38.76792942584507], [141.44397513781726, 38.76790902462859], [141.44399657528862, 38.767895444313716], [141.44388512196494, 38.76779484042456], [141.44368817926426, 38.767604738038045], [141.44355239550723, 38.76751435986135], [141.4434934672947, 38.76750901893778], [141.44345805096805, 38.767567608538016], [141.44336228389827, 38.76762422488372], [141.44332510144022, 38.76764448357811], [141.4433165234239, 38.76764915712188], [141.4432792507198, 38.76765719840033], [141.44322038736948, 38.76766083887592], [141.44328199352225, 38.76781336150109], [141.44321899753393, 38.76783724852725], [141.44309274639184, 38.767855807962924], [141.44322295460393, 38.76803062195972], [141.44335924987337, 38.7679976317521], [141.44348814290979, 38.768009830840185], [141.44352762741264, 38.76798638083472]]]}, "properties": {"KEYCODE": "000205@B095@02@0012@0000@0000@0000", "小班": "12", "小班面積": 0.25, "林種": "人工林", "中樹種": "スギ", "林齢": 67, "齢級": 14, "所有形態": "個人", "ADDDATE": "2022-09-29", "ADDTENANT": "04000F", "ADDUSER": "pasco01", "EDITDATE": null, "EDITTENANT": "", "EDITUSER": ""}}, {"type": "Feature", "geometry": {"type": "Polygon", "coordinates": [[[141.44377041633481, 38.767989751676566], [141.4437297700619, 38.767939378987315], [141.4436907428959, 38.7679103408153], [141.4436719906395, 38.76790143885236], [141.44364610793676, 38.767897069563176], [141.44364396675846, 38.76789791947297], [141.4435229804562, 38.767945955130564], [141.44352762741264, 38.76798638083472], [141.44354088655038, 38.76802451835765], [141.4435236051333, 38.76809831580723], [141.44355964721572, 38.76814746847748], [141.44363997609278, 38.76819371784233], [141.44365873801667, 38.76820374587186], [141.44381086460265, 38.768173243604856], [141.44381360672384, 38.7681726932521], [141.44380278675158, 38.76808173374606], [141.44379232109927, 38.7680323475634], [141.44377041633481, 38.767989751676566]]]}, "properties": {"KEYCODE": "000205@B095@02@0013@0000@0000@0000", "小班": "13", "小班面積": 0.07, "林種": "人工林", "中樹種": "スギ", "林齢": 78, "齢級": 16, "所有形態": "個人", "ADDDATE": "2022-09-29", "ADDTENANT": "04000F", "ADDUSER": "pasco01", "EDITDATE": null, "EDITTENANT": "", "EDITUSER": ""}}, {"type": "Feature", "geometry": {"type": "Polygon", "coordinates": [[[141.44399657528862, 38.767895444313716], [141.44397513781726, 38.76790902462859], [141.4439379577523, 38.76792942584507], [141.4438693157299, 38.76796457771867], [141.44377041633481, 38.767989751676566], [141.44379232109927, 38.7680323475634], [141.44380278675158, 38.76808173374606], [141.44381360672384, 38.7681726932521], [141.44381086460265, 38.768173243604856], [141.44365873801667, 38.76820374587186], [141.44369765554708, 38.768264736492775], [141.4437840054364, 38.76832220733019], [141.4438582058426, 38.768352259018606], [141.44398856008843, 38.768310082106495], [141.4440714895349, 38.768264757427986], [141.44413426720735, 38.768213907445805], [141.44416828318856, 38.76815981139897], [141.44418081575432, 38.768112567186435], [141.44399657528862, 38.767895444313716]]]}, "properties": {"KEYCODE": "000205@B095@02@0014@0000@0000@0000", "小班": "14", "小班面積": 0.13, "林種": "人工林", "中樹種": "スギ", "林齢": 123, "齢級": 25, "所有形態": "個人", "ADDDATE": "2022-09-29", "ADDTENANT": "04000F", "ADDUSER": "pasco01", "EDITDATE": null, "EDITTENANT": "", "EDITUSER": ""}}, {"type": "Feature", "geometry": {"type": "Polygon", "coordinates": [[[141.44476043884995, 38.768308090681444], [141.4447596319529, 38.76828730236139], [141.44477104524626, 38.768279243649744], [141.44477674940717, 38.76826373381465], [141.44480325201852, 38.768169226929906], [141.4447955453755, 38.768107467094715], [141.4447705553986, 38.76803904911152], [141.44469783293152, 38.76793152273372], [141.44459767559218, 38.767806139113624], [141.44429651126973, 38.767797041900984], [141.44417367844693, 38.76785274544984], [141.44404780507972, 38.76787077782238], [141.44399657528862, 38.767895444313716], [141.44418081575432, 38.768112567186435], [141.44416828318856, 38.76815981139897], [141.44413426720735, 38.768213907445805], [141.4440714895349, 38.768264757427986], [141.44398856008843, 38.768310082106495], [141.4438582058426, 38.768352259018606], [141.44390657555275, 38.76846775989218], [141.44391469209296, 38.76849628651337], [141.4439291232845, 38.76854701320799], [141.44389468022828, 38.76860801943821], [141.44387191345058, 38.768723266706786], [141.4438902788386, 38.76884187473027], [141.44395288938617, 38.769007446513015], [141.44402958628189, 38.7690907807902], [141.44431428575783, 38.76946810438523], [141.4444441145965, 38.76936413858056], [141.44449678775467, 38.76930771068395], [141.44452770988107, 38.76922667609553], [141.44455658296215, 38.76907260896273], [141.4446107753754, 38.76885551016183], [141.44468053103836, 38.76860912216748], [141.44471104214142, 38.7684786407225], [141.4447374298942, 38.76837065804303], [141.44476043884995, 38.768308090681444]]]}, "properties": {"KEYCODE": "000205@B095@02@0015@0000@0000@0000", "小班": "15", "小班面積": 0.99, "林種": "天然林", "中樹種": "その他L", "林齢": 62, "齢級": 13, "所有形態": "個人", "ADDDATE": "2022-09-29", "ADDTENANT": "04000F", "ADDUSER": "pasco01", "EDITDATE": null, "EDITTENANT": "", "EDITUSER": ""}}, {"type": "Feature", "geometry": {"type": "Polygon", "coordinates": [[[141.44339150788196, 38.76610708212851], [141.44347416440064, 38.76601726521198], [141.4435799412959, 38.76599669067564], [141.44388949169868, 38.76602272413188], [141.44400874448525, 38.76601161293231], [141.44414955946579, 38.765958437162425], [141.44432840124193, 38.765937480075365], [141.4443705926524, 38.7658867276602], [141.4443993149479, 38.76582746376927], [141.4443209865888, 38.76578210803655], [141.44431327340885, 38.76573447594027], [141.44432061138332, 38.765595234694324], [141.4442918299413, 38.76550480782282], [141.44429635676127, 38.765316853903904], [141.44415909814327, 38.765220422004155], [141.44399150073548, 38.76513167359739], [141.44381864470614, 38.76500223396454], [141.44378194176892, 38.76505064043102], [141.44371904953934, 38.765349623116485], [141.44364169755687, 38.76540282645047], [141.4435159568764, 38.76548931261717], [141.44340184688915, 38.76555198866443], [141.44313765628436, 38.76557861483793], [141.4429715105086, 38.76559535978331], [141.44290672301557, 38.7657976890586], [141.44286379978826, 38.76593173478971], [141.44285018286433, 38.7659742584637], [141.44277966619777, 38.766099049970435], [141.44287234527008, 38.76617128743535], [141.44293450053877, 38.76617668391623], [141.44306374393344, 38.76612309413732], [141.4431881213801, 38.76614175218755], [141.44339150788196, 38.76610708212851]]]}, "properties": {"KEYCODE": "000205@B095@02@0016@0000@0000@0000", "小班": "16", "小班面積": 0.94, "林種": "天然林", "中樹種": "その他L", "林齢": 80, "齢級": 16, "所有形態": "個人", "ADDDATE": "2022-09-29", "ADDTENANT": "04000F", "ADDUSER": "pasco01", "EDITDATE": null, "EDITTENANT": "", "EDITUSER": ""}}, {"type": "Feature", "geometry": {"type": "Polygon", "coordinates": [[[141.4429228704221, 38.7676386183427], [141.4429480019222, 38.767553109897676], [141.44294451638652, 38.76748009381112], [141.44294253612864, 38.7674149346436], [141.4429436409899, 38.76737560502298], [141.44294769789303, 38.767345250888845], [141.4429588692158, 38.76730699487371], [141.44311223900482, 38.76709842337362], [141.44302968159056, 38.76706812561059], [141.44302965466898, 38.76696193871631], [141.44302962455092, 38.76686632738784], [141.4430324820707, 38.76682471927724], [141.4430209714934, 38.76679322113643], [141.4430037255849, 38.7667718428837], [141.44292755097183, 38.766709962571284], [141.4425616915044, 38.766424176307474], [141.44248288502746, 38.76647842878249], [141.4423146485116, 38.766533892251225], [141.44235858534634, 38.76668390479357], [141.4424045990631, 38.76681777064535], [141.44242763244512, 38.76693924287342], [141.44241756318021, 38.76699887032325], [141.44255755857634, 38.767070589361005], [141.44260140374476, 38.76716034082376], [141.442619098373, 38.76721418488], [141.4426195360138, 38.76726699188388], [141.4426141370358, 38.767307470001185], [141.44261163188574, 38.76735130236171], [141.4426220212937, 38.76739169727065], [141.44263963010067, 38.76743544278951], [141.44264579133903, 38.7674848515236], [141.4426390284739, 38.767535443838256], [141.44262498325548, 38.76757257968251], [141.44260244064338, 38.76762549837388], [141.44259552415662, 38.767661280851144], [141.44262859917694, 38.76766245075402], [141.44265722779699, 38.767649959306986], [141.44271455725925, 38.76763509301214], [141.44277632712803, 38.767634806964594], [141.4429228704221, 38.7676386183427]]]}, "properties": {"KEYCODE": "000205@B095@02@0016@0001@0000@0000", "小班": "16-1", "小班面積": 0.51, "林種": "人工林", "中樹種": "スギ", "林齢": 58, "齢級": 12, "所有形態": "個人", "ADDDATE": "2022-09-29", "ADDTENANT": "04000F", "ADDUSER": "pasco01", "EDITDATE": null, "EDITTENANT": "", "EDITUSER": ""}}, {"type": "Feature", "geometry": {"type": "Polygon", "coordinates": [[[141.44366447562118, 38.766237806803666], [141.44339150788196, 38.76610708212851], [141.4431881213801, 38.76614175218755], [141.44306374393344, 38.76612309413732], [141.44293450053877, 38.76617668391623], [141.44287234527008, 38.76617128743535], [141.44277966619777, 38.766099049970435], [141.4426756104725, 38.76628319308378], [141.4426177526468, 38.7663855827141], [141.4425616915044, 38.766424176307474], [141.44292755097183, 38.766709962571284], [141.4430037255849, 38.7667718428837], [141.44316315129785, 38.76658406829564], [141.4432191698688, 38.766536848612624], [141.44331540539645, 38.766457022997585], [141.44344037792035, 38.766368209560916], [141.4435682267958, 38.76628613764975], [141.44366447562118, 38.766237806803666]]]}, "properties": {"KEYCODE": "000205@B095@02@0016@0002@0000@0000", "小班": "16-2", "小班面積": 0.37, "林種": "人工林", "中樹種": "スギ", "林齢": 51, "齢級": 11, "所有形態": "個人", "ADDDATE": "2022-09-29", "ADDTENANT": "04000F", "ADDUSER": "pasco01", "EDITDATE": null, "EDITTENANT": "", "EDITUSER": ""}}, {"type": "Feature", "geometry": {"type": "Polygon", "coordinates": [[[141.44399002377287, 38.76711570946692], [141.44401832024232, 38.76706295953905], [141.4439294735584, 38.76702385754132], [141.44386057068508, 38.76700116371266], [141.4437739094463, 38.76697678874391], [141.44363308830188, 38.766920507727214], [141.4438355471727, 38.76652804235126], [141.443783816909, 38.76651115960269], [141.44375651813206, 38.766499897812785], [141.44372920414744, 38.766470644415286], [141.4437047606168, 38.76642565548427], [141.44368032354754, 38.76637615395427], [141.44366880836668, 38.766321044464405], [141.44366447562118, 38.766237806803666], [141.4435682267958, 38.76628613764975], [141.44344037792035, 38.766368209560916], [141.44331540539645, 38.766457022997585], [141.4432191698688, 38.766536848612624], [141.44316315129785, 38.76658406829564], [141.4430037255849, 38.7667718428837], [141.4430209714934, 38.76679322113643], [141.4430324820707, 38.76682471927724], [141.44302962455092, 38.76686632738784], [141.44302965466898, 38.76696193871631], [141.44302968159056, 38.76706812561059], [141.44311223900482, 38.76709842337362], [141.44326613681207, 38.76712131284436], [141.44334084436454, 38.767124337319736], [141.44337531859037, 38.76712417540049], [141.44338861466014, 38.767126277144854], [141.44340984068185, 38.767129633875385], [141.44344156260527, 38.76714408973398], [141.44348782691398, 38.76717983878134], [141.44355314888577, 38.76723239711732], [141.44355724244886, 38.767235691020176], [141.44363081884975, 38.76727354873018], [141.44370001445367, 38.76730356540122], [141.44370637510565, 38.76730674205496], [141.44374905994522, 38.76732806481742], [141.44399002377287, 38.76711570946692]]]}, "properties": {"KEYCODE": "000205@B095@02@0016@0003@0000@0000", "小班": "16-3", "小班面積": 0.55, "林種": "人工林", "中樹種": "スギ", "林齢": 52, "齢級": 11, "所有形態": "個人", "ADDDATE": "2022-09-29", "ADDTENANT": "04000F", "ADDUSER": "pasco01", "EDITDATE": null, "EDITTENANT": "", "EDITUSER": ""}}, {"type": "Feature", "geometry": {"type": "Polygon", "coordinates": [[[141.44355239550723, 38.76751435986135], [141.44364154249814, 38.76752518163092], [141.4437401391281, 38.76749776704744], [141.44384144859842, 38.76748865691069], [141.44389513798572, 38.767447604859406], [141.44384685386132, 38.767394988349416], [141.44384585611158, 38.76739389988065], [141.44374905994522, 38.76732806481742], [141.44370637510565, 38.76730674205496], [141.44370001445367, 38.76730356540122], [141.44363081884975, 38.76727354873018], [141.44355724244886, 38.767235691020176], [141.44355314888577, 38.76723239711732], [141.44348782691398, 38.76717983878134], [141.44344156260527, 38.76714408973398], [141.44340984068185, 38.767129633875385], [141.44338861466014, 38.767126277144854], [141.44337531859037, 38.76712417540049], [141.44334084436454, 38.767124337319736], [141.44326613681207, 38.76712131284436], [141.44311223900482, 38.76709842337362], [141.4429588692158, 38.76730699487371], [141.44294769789303, 38.767345250888845], [141.4429436409899, 38.76737560502298], [141.44294253612864, 38.7674149346436], [141.44294451638652, 38.76748009381112], [141.4429480019222, 38.767553109897676], [141.4429228704221, 38.7676386183427], [141.4430938133342, 38.76764007704252], [141.44322038736948, 38.76766083887592], [141.4432792507198, 38.76765719840033], [141.4433165234239, 38.76764915712188], [141.44332510144022, 38.76764448357811], [141.44336228389827, 38.76762422488372], [141.44345805096805, 38.767567608538016], [141.4434934672947, 38.76750901893778], [141.44355239550723, 38.76751435986135]]]}, "properties": {"KEYCODE": "000205@B095@02@0016@0004@0000@0000", "小班": "16-4", "小班面積": 0.34, "林種": "人工林", "中樹種": "スギ", "林齢": 50, "齢級": 10, "所有形態": "個人", "ADDDATE": "2022-09-29", "ADDTENANT": "04000F", "ADDUSER": "pasco01", "EDITDATE": null, "EDITTENANT": "", "EDITUSER": ""}}, {"type": "Feature", "geometry": {"type": "Polygon", "coordinates": [[[141.4428150335049, 38.76819640381594], [141.4427967370021, 38.76808566181804], [141.44272579385998, 38.76801380828385], [141.4427181524519, 38.76797451886714], [141.44274896870087, 38.76794646933062], [141.44292976870145, 38.767949317393466], [141.44293673606987, 38.76792169399506], [141.44295502088937, 38.76787554511837], [141.44297342881316, 38.76784399902559], [141.44298336271748, 38.7678293527876], [141.44299477958447, 38.76782142846239], [141.4429989197712, 38.76782032940092], [141.44301197868333, 38.76781686132002], [141.44303208308247, 38.767815639339254], [141.44305513878612, 38.76782451895473], [141.44307534654703, 38.76783679176161], [141.44309274639184, 38.767855807962924], [141.44321899753393, 38.76783724852725], [141.44328199352225, 38.76781336150109], [141.44322038736948, 38.76766083887592], [141.4430938133342, 38.76764007704252], [141.4429228704221, 38.7676386183427], [141.44277632712803, 38.767634806964594], [141.44271455725925, 38.76763509301214], [141.44265722779699, 38.767649959306986], [141.44262859917694, 38.76766245075402], [141.44259552415662, 38.767661280851144], [141.44250629390737, 38.76765812619425], [141.44229636070133, 38.76761117574497], [141.44229692311774, 38.76767746932411], [141.44235148533883, 38.76768874524285], [141.44238121750553, 38.767772475796704], [141.44243346738656, 38.767794371708376], [141.4424171707227, 38.76791888038038], [141.44243176568676, 38.76802392198206], [141.44250212841047, 38.76811104700649], [141.44262769749795, 38.76818593929287], [141.4427192218718, 38.76820763031944], [141.4428150335049, 38.76819640381594]]]}, "properties": {"KEYCODE": "000205@B095@02@0016@0005@0000@0000", "小班": "16-5", "小班面積": 0.29, "林種": "天然林", "中樹種": "その他L", "林齢": 80, "齢級": 16, "所有形態": "個人", "ADDDATE": "2022-09-29", "ADDTENANT": "04000F", "ADDUSER": "pasco01", "EDITDATE": null, "EDITTENANT": "", "EDITUSER": ""}}, {"type": "Feature", "geometry": {"type": "Polygon", "coordinates": [[[141.44459767559218, 38.767806139113624], [141.44462649260137, 38.76771880295363], [141.44454021103897, 38.767669198046974], [141.44426208159055, 38.76761559071904], [141.44411961632386, 38.76751121856694], [141.4439810536207, 38.76743614351677], [141.4439307588057, 38.7674292550206], [141.44389513798572, 38.767447604859406], [141.44384144859842, 38.76748865691069], [141.4437401391281, 38.76749776704744], [141.44364154249814, 38.76752518163092], [141.44355239550723, 38.76751435986135], [141.44368817926426, 38.767604738038045], [141.44388512196494, 38.76779484042456], [141.44399657528862, 38.767895444313716], [141.44404780507972, 38.76787077782238], [141.44417367844693, 38.76785274544984], [141.44429651126973, 38.767797041900984], [141.44459767559218, 38.767806139113624]]]}, "properties": {"KEYCODE": "000205@B095@02@0016@0006@0000@0000", "小班": "16-6", "小班面積": 0.23, "林種": "天然林", "中樹種": "その他L", "林齢": 80, "齢級": 16, "所有形態": "個人", "ADDDATE": "2022-09-29", "ADDTENANT": "04000F", "ADDUSER": "pasco01", "EDITDATE": null, "EDITTENANT": "", "EDITUSER": ""}}, {"type": "Feature", "geometry": {"type": "Polygon", "coordinates": [[[141.44492588716363, 38.76729475520248], [141.44492583587126, 38.76729427349464], [141.4449267043708, 38.76729369958731], [141.44493655987225, 38.76728097789494], [141.4449478441108, 38.7672562074272], [141.4449591007336, 38.76722806867452], [141.4449744709086, 38.767176313178844], [141.44500410557515, 38.767113257936025], [141.44505965925197, 38.76705750838034], [141.44516620112879, 38.7670096989989], [141.4452542764803, 38.766978499523944], [141.44528013711417, 38.766972769594865], [141.44528906775764, 38.76688035366172], [141.44515172460564, 38.76679501336733], [141.44497066677263, 38.76670947736795], [141.4448226530875, 38.766639695042905], [141.44475943261142, 38.766626179110666], [141.44468759527425, 38.76661828562935], [141.4446243700277, 38.766627264878856], [141.4445654734596, 38.766648617706316], [141.44445197339004, 38.76666432907102], [141.44434565101477, 38.76666879482571], [141.44424938281256, 38.76666089366102], [141.4441358645353, 38.766627109902096], [141.44406976549755, 38.76660122139846], [141.44400654141364, 38.76657646286715], [141.44394043666668, 38.76655394364948], [141.4438355471727, 38.76652804235126], [141.44363308830188, 38.766920507727214], [141.4437739094463, 38.76697678874391], [141.44386057068508, 38.76700116371266], [141.4439294735584, 38.76702385754132], [141.44401832024232, 38.76706295953905], [141.44399002377287, 38.76711570946692], [141.44409080930933, 38.76714333565088], [141.44417413855652, 38.76714519653363], [141.44427704405032, 38.7671544981807], [141.4442805126965, 38.767154811576475], [141.44429902641755, 38.767135624933815], [141.44431191017773, 38.76713107114979], [141.44432482465191, 38.76712876942931], [141.4443377658835, 38.767130954000756], [141.44435361259764, 38.76713650081828], [141.4444141514206, 38.76716205787294], [141.44452790716784, 38.76719523651738], [141.44464025343143, 38.76723179175208], [141.44471934336153, 38.76724266620391], [141.4447681877053, 38.767243563822525], [141.44479552130272, 38.767247933381476], [141.44481283510754, 38.76725683368218], [141.44482308079617, 38.76728038339934], [141.44487067862656, 38.76730375569732], [141.44489225963252, 38.76730702922062], [141.44491376199878, 38.767302439281295], [141.44492520083782, 38.76729564076538], [141.44492588716363, 38.76729475520248]]]}, "properties": {"KEYCODE": "000205@B095@02@0017@0000@0000@0000", "小班": "17", "小班面積": 0.72, "林種": "人工林", "中樹種": "スギ", "林齢": 61, "齢級": 13, "所有形態": "個人", "ADDDATE": "2022-09-29", "ADDTENANT": "04000F", "ADDUSER": "pasco01", "EDITDATE": null, "EDITTENANT": "", "EDITUSER": ""}}, {"type": "Feature", "geometry": {"type": "Polygon", "coordinates": [[[141.44476043884995, 38.768308090681444], [141.4447374298942, 38.76837065804303], [141.44471104214142, 38.7684786407225], [141.44468053103836, 38.76860912216748], [141.4446107753754, 38.76885551016183], [141.44455658296215, 38.76907260896273], [141.44452770988107, 38.76922667609553], [141.44449678775467, 38.76930771068395], [141.4444441145965, 38.76936413858056], [141.44431428575783, 38.76946810438523], [141.44441481583905, 38.76957410271323], [141.44449824305255, 38.769591563552645], [141.44452658913718, 38.76958879553082], [141.44456735768875, 38.7695848148008], [141.44456633491112, 38.76953103702753], [141.44457721979546, 38.76949191211188], [141.44460320212997, 38.76939852151103], [141.44462073972628, 38.76937695257046], [141.44465282236766, 38.769301389290604], [141.44464014399105, 38.76914936737815], [141.44463281586397, 38.76909568564393], [141.4446483339272, 38.76901817298996], [141.44478558772383, 38.768941762222674], [141.44479557167182, 38.76890213389492], [141.44473407265556, 38.768738655824905], [141.44477973389635, 38.7686685078885], [141.44477248781078, 38.768619050903546], [141.44476043884995, 38.768308090681444]]]}, "properties": {"KEYCODE": "000205@B095@02@0018@0000@0000@0000", "小班": "18", "小班面積": 0.16, "林種": "人工林", "中樹種": "スギ", "林齢": 129, "齢級": 26, "所有形態": "個人", "ADDDATE": "2022-09-29", "ADDTENANT": "04000F", "ADDUSER": "pasco01", "EDITDATE": null, "EDITTENANT": "", "EDITUSER": ""}}, {"type": "Feature", "geometry": {"type": "Polygon", "coordinates": [[[141.44504679777947, 38.76854048670139], [141.44499629513047, 38.76853011511306], [141.4448337062873, 38.7684357238269], [141.44480654780062, 38.768285841610854], [141.44480182560594, 38.76861967218078], [141.44480785695362, 38.768672414758704], [141.44476727934693, 38.76873820283], [141.4448379655762, 38.76890351567328], [141.44482148886362, 38.76894244014641], [141.44485369883932, 38.768913245845546], [141.44489629447415, 38.76886803252097], [141.44489709241614, 38.76886674007304], [141.44494851934823, 38.768783445845706], [141.44500762729544, 38.768671840568366], [141.44503607716436, 38.76857643246641], [141.44504679777947, 38.76854048670139]]]}, "properties": {"KEYCODE": "000205@B095@02@0018@0002@0000@0000", "小班": "18-2", "小班面積": 0.08, "林種": "人工林", "中樹種": "スギ", "林齢": 129, "齢級": 26, "所有形態": "個人", "ADDDATE": "2022-09-29", "ADDTENANT": "04000F", "ADDUSER": "pasco01", "EDITDATE": null, "EDITTENANT": "", "EDITUSER": ""}}, {"type": "Feature", "geometry": {"type": "Polygon", "coordinates": [[[141.44514637238663, 38.76826437783905], [141.4451065300634, 38.76825720450675], [141.4449129773915, 38.76822235666481], [141.44480654780062, 38.768285841610854], [141.4448337062873, 38.7684357238269], [141.44499629513047, 38.76853011511306], [141.44504679777947, 38.76854048670139], [141.4450942928851, 38.768550241585736], [141.4451365257876, 38.76839537013994], [141.4451375065753, 38.76839177405833], [141.44514406630776, 38.76829752194229], [141.44514637238663, 38.76826437783905]]]}, "properties": {"KEYCODE": "000205@B095@02@0018@0001@0000@0000", "小班": "18-1", "小班面積": 0.08, "林種": "人工林", "中樹種": "スギ", "林齢": 129, "齢級": 26, "所有形態": "個人", "ADDDATE": "2022-09-29", "ADDTENANT": "04000F", "ADDUSER": "pasco01", "EDITDATE": null, "EDITTENANT": "", "EDITUSER": ""}}, {"type": "Feature", "geometry": {"type": "Polygon", "coordinates": [[[141.44498838158535, 38.76809012131434], [141.4448758620515, 38.767921707657706], [141.44477420739852, 38.76778959336638], [141.44469828782127, 38.767814665902755], [141.44459767559218, 38.767806139113624], [141.44469783293152, 38.76793152273372], [141.4447705553986, 38.76803904911152], [141.4447955453755, 38.768107467094715], [141.44480325201852, 38.768169226929906], [141.44477674940717, 38.76826373381465], [141.44477104524626, 38.768279243649744], [141.44489930801794, 38.76818868986221], [141.44497372675232, 38.76816448990473], [141.44498838158535, 38.76809012131434]]]}, "properties": {"KEYCODE": "000205@B095@02@0018@0003@0000@0000", "小班": "18-3", "小班面積": 0.08, "林種": "人工林", "中樹種": "スギ", "林齢": 129, "齢級": 26, "所有形態": "個人", "ADDDATE": "2022-09-29", "ADDTENANT": "04000F", "ADDUSER": "pasco01", "EDITDATE": null, "EDITTENANT": "", "EDITUSER": ""}}, {"type": "Feature", "geometry": {"type": "Polygon", "coordinates": [[[141.4449129773915, 38.76822235666481], [141.4451065300634, 38.76825720450675], [141.44514637238663, 38.76826437783905], [141.44512669059682, 38.768153275005446], [141.44519277186757, 38.76798853105968], [141.44519287552976, 38.76798827286243], [141.44520462532807, 38.767778204868854], [141.44512208855534, 38.767933761203444], [141.44511984968014, 38.76804887964347], [141.44502934317816, 38.76809321770737], [141.44502103540484, 38.7681374822761], [141.44501448425362, 38.76817238461026], [141.4449129773915, 38.76822235666481]]]}, "properties": {"KEYCODE": "000205@B095@02@0019@0001@0000@0000", "小班": "19-1", "小班面積": 0.04, "林種": "人工林", "中樹種": "スギ", "林齢": 80, "齢級": 16, "所有形態": "個人", "ADDDATE": "2022-09-29", "ADDTENANT": "04000F", "ADDUSER": "pasco01", "EDITDATE": null, "EDITTENANT": "", "EDITUSER": ""}}, {"type": "Feature", "geometry": {"type": "Polygon", "coordinates": [[[141.4449442153994, 38.767469099550105], [141.44489979562616, 38.767521598934984], [141.44477420739852, 38.76778959336638], [141.4448758620515, 38.767921707657706], [141.44498838158535, 38.76809012131434], [141.4449916153574, 38.76807370368748], [141.44507153809226, 38.76804184432387], [141.4450807039317, 38.767905104301555], [141.44516348082416, 38.76777765450858], [141.44508031700963, 38.76758895697137], [141.44495084712426, 38.76753218481121], [141.4449442153994, 38.767469099550105]]]}, "properties": {"KEYCODE": "000205@B095@02@0019@0000@0000@0000", "小班": "19", "小班面積": 0.13, "林種": "人工林", "中樹種": "スギ", "林齢": 80, "齢級": 16, "所有形態": "個人", "ADDDATE": "2022-09-29", "ADDTENANT": "04000F", "ADDUSER": "pasco01", "EDITDATE": null, "EDITTENANT": "", "EDITUSER": ""}}, {"type": "Feature", "geometry": {"type": "Polygon", "coordinates": [[[141.44477420739852, 38.76778959336638], [141.44489979562616, 38.767521598934984], [141.4448278435559, 38.76733429477406], [141.44475102197748, 38.76742228933135], [141.44473817466536, 38.76743246452741], [141.44472383331384, 38.76743477375781], [141.44470514817655, 38.76743373637977], [141.44423446004936, 38.76731569813868], [141.44420560917942, 38.767302349098486], [141.4441983653316, 38.76729451768414], [141.44419398515035, 38.767285549693796], [141.4441966809955, 38.76726419351513], [141.4442165073502, 38.76723038758618], [141.4442805126965, 38.767154811576475], [141.44427704405032, 38.7671544981807], [141.44417413855652, 38.76714519653363], [141.44409080930933, 38.76714333565088], [141.44399002377287, 38.76711570946692], [141.44374905994522, 38.76732806481742], [141.44384585611158, 38.76739389988065], [141.44384685386132, 38.767394988349416], [141.44389513798572, 38.767447604859406], [141.4439307588057, 38.7674292550206], [141.4439810536207, 38.76743614351677], [141.44411961632386, 38.76751121856694], [141.44426208159055, 38.76761559071904], [141.44454021103897, 38.767669198046974], [141.44462649260137, 38.76771880295363], [141.44459767559218, 38.767806139113624], [141.44469828782127, 38.767814665902755], [141.44477420739852, 38.76778959336638]]]}, "properties": {"KEYCODE": "000205@B095@02@0020@0000@0000@0000", "小班": "20", "小班面積": 0.33, "林種": "人工林", "中樹種": "スギ", "林齢": 66, "齢級": 14, "所有形態": "個人", "ADDDATE": "2022-09-29", "ADDTENANT": "04000F", "ADDUSER": "pasco01", "EDITDATE": null, "EDITTENANT": "", "EDITUSER": ""}}, {"type": "Feature", "geometry": {"type": "Polygon", "coordinates": [[[141.4449442153994, 38.767469099550105], [141.44492588716363, 38.76729475520248], [141.44492520083782, 38.76729564076538], [141.44491376199878, 38.767302439281295], [141.44489225963252, 38.76730702922062], [141.44487067862656, 38.76730375569732], [141.44482308079617, 38.76728038339934], [141.4448278435559, 38.76733429477406], [141.44489979562616, 38.767521598934984], [141.4449442153994, 38.767469099550105]]]}, "properties": {"KEYCODE": "000205@B095@02@0021@0002@0000@0000", "小班": "21-2", "小班面積": 0.02, "林種": "人工林", "中樹種": "スギ", "林齢": 50, "齢級": 10, "所有形態": "個人", "ADDDATE": "2022-09-29", "ADDTENANT": "04000F", "ADDUSER": "pasco01", "EDITDATE": null, "EDITTENANT": "", "EDITUSER": ""}}, {"type": "Feature", "geometry": {"type": "Polygon", "coordinates": [[[141.44528013711417, 38.766972769594865], [141.4452542764803, 38.766978499523944], [141.44516620112879, 38.7670096989989], [141.44505965925197, 38.76705750838034], [141.44500410557515, 38.767113257936025], [141.4449744709086, 38.767176313178844], [141.4449591007336, 38.76722806867452], [141.4449478441108, 38.7672562074272], [141.44493655987225, 38.76728097789494], [141.4449267043708, 38.76729369958731], [141.44522272859825, 38.7670981542638], [141.44527713444495, 38.767003834496826], [141.44528013711417, 38.766972769594865]]]}, "properties": {"KEYCODE": "000205@B095@02@0021@0000@0000@0000", "小班": "21", "小班面積": 0.04, "林種": "人工林", "中樹種": "スギ", "林齢": 50, "齢級": 10, "所有形態": "個人", "ADDDATE": "2022-09-29", "ADDTENANT": "04000F", "ADDUSER": "pasco01", "EDITDATE": null, "EDITTENANT": "", "EDITUSER": ""}}, {"type": "Feature", "geometry": {"type": "Polygon", "coordinates": [[[141.4448278435559, 38.76733429477406], [141.44482308079617, 38.76728038339934], [141.44481283510754, 38.76725683368218], [141.44479552130272, 38.767247933381476], [141.4447681877053, 38.767243563822525], [141.44471934336153, 38.76724266620391], [141.44464025343143, 38.76723179175208], [141.44452790716784, 38.76719523651738], [141.4444141514206, 38.76716205787294], [141.44435361259764, 38.76713650081828], [141.4443377658835, 38.767130954000756], [141.44432482465191, 38.76712876942931], [141.44431191017773, 38.76713107114979], [141.44429902641755, 38.767135624933815], [141.4442805126965, 38.767154811576475], [141.4442165073502, 38.76723038758618], [141.4441966809955, 38.76726419351513], [141.44419398515035, 38.767285549693796], [141.4441983653316, 38.76729451768414], [141.44420560917942, 38.767302349098486], [141.44423446004936, 38.76731569813868], [141.44470514817655, 38.76743373637977], [141.44472383331384, 38.76743477375781], [141.44473817466536, 38.76743246452741], [141.44475102197748, 38.76742228933135], [141.4448278435559, 38.76733429477406]]]}, "properties": {"KEYCODE": "000205@B095@02@0021@0001@0000@0000", "小班": "21-1", "小班面積": 0.11, "林種": "人工林", "中樹種": "スギ", "林齢": 66, "齢級": 14, "所有形態": "個人", "ADDDATE": "2022-09-29", "ADDTENANT": "04000F", "ADDUSER": "pasco01", "EDITDATE": null, "EDITTENANT": "", "EDITUSER": ""}}, {"type": "Feature", "geometry": {"type": "Polygon", "coordinates": [[[141.44540743857902, 38.76665450044974], [141.44538730645718, 38.766637619594164], [141.44532550994177, 38.766571242181634], [141.4452507649945, 38.766486860670646], [141.44520477900966, 38.76643511195082], [141.44515159335202, 38.766374364971654], [141.445102725523, 38.766311360257525], [141.44505529157817, 38.76624498859724], [141.44498341538613, 38.76613924079296], [141.4449388349985, 38.76603912481471], [141.44490863295187, 38.76594914066874], [141.44487842204958, 38.76581753632509], [141.44484964300744, 38.76567693269156], [141.44483093102906, 38.76559032980206], [141.4448151210468, 38.76554307973616], [141.44479067594162, 38.76549808292649], [141.44476624755265, 38.76547108491391], [141.44472600448947, 38.76545870098822], [141.44454928703885, 38.76548113944681], [141.444522000213, 38.76549012888683], [141.44450763653518, 38.765511492039955], [141.44443720895805, 38.76544736645497], [141.44429635676127, 38.765316853903904], [141.4442918299413, 38.76550480782282], [141.44432061138332, 38.765595234694324], [141.44431327340885, 38.76573447594027], [141.4443209865888, 38.76578210803655], [141.4443993149479, 38.76582746376927], [141.4443705926524, 38.7658867276602], [141.44432840124193, 38.765937480075365], [141.44414955946579, 38.765958437162425], [141.44400874448525, 38.76601161293231], [141.44388949169868, 38.76602272413188], [141.4435799412959, 38.76599669067564], [141.44347416440064, 38.76601726521198], [141.44339150788196, 38.76610708212851], [141.44366447562118, 38.766237806803666], [141.44366880836668, 38.766321044464405], [141.44368032354754, 38.76637615395427], [141.4437047606168, 38.76642565548427], [141.44372920414744, 38.766470644415286], [141.44375651813206, 38.766499897812785], [141.443783816909, 38.76651115960269], [141.4438355471727, 38.76652804235126], [141.44394043666668, 38.76655394364948], [141.44400654141364, 38.76657646286715], [141.44406976549755, 38.76660122139846], [141.4441358645353, 38.766627109902096], [141.44424938281256, 38.76666089366102], [141.44434565101477, 38.76666879482571], [141.44445197339004, 38.76666432907102], [141.4445654734596, 38.766648617706316], [141.4446243700277, 38.766627264878856], [141.44468759527425, 38.76661828562935], [141.44475943261142, 38.766626179110666], [141.4448226530875, 38.766639695042905], [141.44497066677263, 38.76670947736795], [141.44515172460564, 38.76679501336733], [141.44528906775764, 38.76688035366172], [141.44530161011338, 38.76675058322196], [141.44540743857902, 38.76665450044974]]]}, "properties": {"KEYCODE": "000205@B095@02@0022@0000@0000@0000", "小班": "22", "小班面積": 1.25, "林種": "人工林", "中樹種": "スギ", "林齢": 97, "齢級": 20, "所有形態": "個人", "ADDDATE": "2022-09-29", "ADDTENANT": "04000F", "ADDUSER": "pasco01", "EDITDATE": null, "EDITTENANT": "", "EDITUSER": ""}}, {"type": "Feature", "geometry": {"type": "Polygon", "coordinates": [[[141.44589303006356, 38.766349381608784], [141.44583729078747, 38.76611142428778], [141.44583002575564, 38.765831006194546], [141.4458877800892, 38.76569583932821], [141.44594844361936, 38.76555386266682], [141.44601402208275, 38.76540038016028], [141.44611549820954, 38.765293155714836], [141.44612095608744, 38.765287388427154], [141.44614189525373, 38.76521273356169], [141.4461651078508, 38.7651299740723], [141.44613970069148, 38.76512957666517], [141.44608653986444, 38.76514193632609], [141.44604201631606, 38.765164412727685], [141.4460118504491, 38.76518803005095], [141.44597737932816, 38.765226255349845], [141.4459184987563, 38.765334210471394], [141.44586106487384, 38.76544329400283], [141.44580792635446, 38.76551751666298], [141.44578063514436, 38.765548992643524], [141.44574041444528, 38.7655512304018], [141.44570736040274, 38.76554109830809], [141.44569011293055, 38.76551972946585], [141.44557942814237, 38.765356610335246], [141.44554349171878, 38.76528911558188], [141.44548741367146, 38.76518337540567], [141.4454514817856, 38.76514736581862], [141.44540406297068, 38.765105741667504], [141.4453451354541, 38.76507197947283], [141.4452775951798, 38.76504159473707], [141.44524023782006, 38.76503145711315], [141.44518753775247, 38.765064092998166], [141.44501327470562, 38.76517197687792], [141.44503196444595, 38.76521135608316], [141.44514406518925, 38.76530586642206], [141.44527772678686, 38.76542287521308], [141.44533233660286, 38.76547125447257], [141.4453725810398, 38.76550951175462], [141.4454113879815, 38.765553388196864], [141.44544589271857, 38.76561075546901], [141.44553645172954, 38.765767125265626], [141.4456011502725, 38.765891990292864], [141.4456572306296, 38.7660370902858], [141.445681688915, 38.76614169875052], [141.44570327221695, 38.76623843047266], [141.4457176777165, 38.76636103733122], [141.44571770690345, 38.76643189129651], [141.4457173365721, 38.76643433735215], [141.44589303006356, 38.766349381608784]]]}, "properties": {"KEYCODE": "000205@B095@02@0022@0001@0000@0000", "小班": "22-1", "小班面積": 0.45, "林種": "人工林", "中樹種": "スギ", "林齢": 97, "齢級": 20, "所有形態": "個人", "ADDDATE": "2022-09-29", "ADDTENANT": "04000F", "ADDUSER": "pasco01", "EDITDATE": null, "EDITTENANT": "", "EDITUSER": ""}}, {"type": "Feature", "geometry": {"type": "Polygon", "coordinates": [[[141.4457173365721, 38.76643433735215], [141.44571770690345, 38.76643189129651], [141.4457176777165, 38.76636103733122], [141.44570327221695, 38.76623843047266], [141.445681688915, 38.76614169875052], [141.4456572306296, 38.7660370902858], [141.4456011502725, 38.765891990292864], [141.44553645172954, 38.765767125265626], [141.44544589271857, 38.76561075546901], [141.4454113879815, 38.765553388196864], [141.4453725810398, 38.76550951175462], [141.44533233660286, 38.76547125447257], [141.44527772678686, 38.76542287521308], [141.44514406518925, 38.76530586642206], [141.44503196444595, 38.76521135608316], [141.44501327470562, 38.76517197687792], [141.44518753775247, 38.765064092998166], [141.44504332624888, 38.764791826686285], [141.44494315152912, 38.76460316662428], [141.44484189120627, 38.764428403881794], [141.44478596169841, 38.764468350095065], [141.44457667667507, 38.764617825081956], [141.44440605300696, 38.76472161700534], [141.44417639147477, 38.764797969818936], [141.4440138497021, 38.764852007789194], [141.4439374431466, 38.764895891173026], [141.4438698330188, 38.76493472320885], [141.44381864470614, 38.76500223396454], [141.44399150073548, 38.76513167359739], [141.44415909814327, 38.765220422004155], [141.44429635676127, 38.765316853903904], [141.44443720895805, 38.76544736645497], [141.44450763653518, 38.765511492039955], [141.444522000213, 38.76549012888683], [141.44454928703885, 38.76548113944681], [141.44472600448947, 38.76545870098822], [141.44476624755265, 38.76547108491391], [141.44479067594162, 38.76549808292649], [141.4448151210468, 38.76554307973616], [141.44483093102906, 38.76559032980206], [141.44484964300744, 38.76567693269156], [141.44487842204958, 38.76581753632509], [141.44490863295187, 38.76594914066874], [141.4449388349985, 38.76603912481471], [141.44498341538613, 38.76613924079296], [141.44505529157817, 38.76624498859724], [141.445102725523, 38.766311360257525], [141.44515159335202, 38.766374364971654], [141.44520477900966, 38.76643511195082], [141.4452507649945, 38.766486860670646], [141.44532550994177, 38.766571242181634], [141.44538730645718, 38.766637619594164], [141.44540743857902, 38.76665450044974], [141.44557311918211, 38.76650407407531], [141.4457173365721, 38.76643433735215]]]}, "properties": {"KEYCODE": "000205@B095@02@0023@0000@0000@0000", "小班": "23", "小班面積": 1.47, "林種": "人工林", "中樹種": "スギ", "林齢": 63, "齢級": 13, "所有形態": "個人", "ADDDATE": "2022-09-29", "ADDTENANT": "04000F", "ADDUSER": "pasco01", "EDITDATE": null, "EDITTENANT": "", "EDITUSER": ""}}, {"type": "Feature", "geometry": {"type": "Polygon", "coordinates": [[[141.4461651078508, 38.7651299740723], [141.44618550203168, 38.765057264374725], [141.44620994059616, 38.76497013453273], [141.4462200907309, 38.76493394478885], [141.44626775380573, 38.76476064278823], [141.44596706339098, 38.76471021990285], [141.4457255185674, 38.76464904503512], [141.44566149530513, 38.764605500800215], [141.44560286563737, 38.76456562462898], [141.44554368974372, 38.76452537741947], [141.44535982430224, 38.76448380933029], [141.44493961930252, 38.764425829482676], [141.44484189120627, 38.764428403881794], [141.44494315152912, 38.76460316662428], [141.44504332624888, 38.764791826686285], [141.44518753775247, 38.765064092998166], [141.44524023782006, 38.76503145711315], [141.4452775951798, 38.76504159473707], [141.4453451354541, 38.76507197947283], [141.44540406297068, 38.765105741667504], [141.4454514817856, 38.76514736581862], [141.44548741367146, 38.76518337540567], [141.44554349171878, 38.76528911558188], [141.44557942814237, 38.765356610335246], [141.44569011293055, 38.76551972946585], [141.44570736040274, 38.76554109830809], [141.44574041444528, 38.7655512304018], [141.44578063514436, 38.765548992643524], [141.44580792635446, 38.76551751666298], [141.44586106487384, 38.76544329400283], [141.4459184987563, 38.765334210471394], [141.44597737932816, 38.765226255349845], [141.4460118504491, 38.76518803005095], [141.44604201631606, 38.765164412727685], [141.44608653986444, 38.76514193632609], [141.44613970069148, 38.76512957666517], [141.4461651078508, 38.7651299740723]]]}, "properties": {"KEYCODE": "000205@B095@02@0024@0000@0000@0000", "小班": "24", "小班面積": 0.75, "林種": "人工林", "中樹種": "スギ", "林齢": 60, "齢級": 12, "所有形態": "個人", "ADDDATE": "2022-09-29", "ADDTENANT": "04000F", "ADDUSER": "pasco01", "EDITDATE": null, "EDITTENANT": "", "EDITUSER": ""}}, {"type": "Feature", "geometry": {"type": "Polygon", "coordinates": [[[141.44537196564096, 38.7698156047029], [141.4451316193754, 38.76968101703293], [141.44512672247097, 38.76967827423255], [141.44502714357236, 38.76957464899221], [141.44493308911356, 38.76966003567012], [141.44490561916888, 38.76968953941662], [141.44495067048067, 38.76974197868861], [141.4449643786783, 38.7697967296964], [141.4449939551118, 38.76982604841941], [141.44518314279912, 38.769823589688734], [141.44525249830332, 38.76988946900227], [141.44528326416636, 38.76990309062691], [141.44535870293348, 38.769830671268096], [141.44537196564096, 38.7698156047029]]]}, "properties": {"KEYCODE": "000205@B095@03@0001@0000@0000@0000", "小班": "1", "小班面積": 0.07, "林種": "天然林", "中樹種": "その他L", "林齢": 69, "齢級": 14, "所有形態": "個人", "ADDDATE": "2022-09-29", "ADDTENANT": "04000F", "ADDUSER": "pasco01", "EDITDATE": null, "EDITTENANT": "", "EDITUSER": ""}}, {"type": "Feature", "geometry": {"type": "Polygon", "coordinates": [[[141.44493308911356, 38.76966003567012], [141.44488207913656, 38.769598420476164], [141.44481812603885, 38.76950155089091], [141.44478285629484, 38.76950638941561], [141.44465169625556, 38.769487923522], [141.44465225937188, 38.76953920733337], [141.44469442150918, 38.76963352076253], [141.4446972820081, 38.76963443011218], [141.44474801618662, 38.76962141892047], [141.44486150430552, 38.76968342798887], [141.44490561916888, 38.76968953941662], [141.44493308911356, 38.76966003567012]]]}, "properties": {"KEYCODE": "000205@B095@03@0001@0001@0000@0000", "小班": "1-1", "小班面積": 0.04, "林種": "天然林", "中樹種": "その他L", "林齢": 69, "齢級": 14, "所有形態": "個人", "ADDDATE": "2022-09-29", "ADDTENANT": "04000F", "ADDUSER": "pasco01", "EDITDATE": null, "EDITTENANT": "", "EDITUSER": ""}}, {"type": "Feature", "geometry": {"type": "Polygon", "coordinates": [[[141.44537196564096, 38.7698156047029], [141.44535870293348, 38.769830671268096], [141.44528326416636, 38.76990309062691], [141.44531069401663, 38.76991523603659], [141.44539012783562, 38.769922901052375], [141.4454878671514, 38.76994769514663], [141.44555151744524, 38.7700192167057], [141.44564881010643, 38.77001193232155], [141.4455436713323, 38.76991175463546], [141.4454874578307, 38.769880276504715], [141.44537196564096, 38.7698156047029]]]}, "properties": {"KEYCODE": "000205@B095@03@0002@0000@0000@0000", "小班": "2", "小班面積": 0.03, "林種": "天然林", "中樹種": "クヌギ", "林齢": 75, "齢級": 15, "所有形態": "個人", "ADDDATE": "2022-09-29", "ADDTENANT": "04000F", "ADDUSER": "pasco01", "EDITDATE": null, "EDITTENANT": "", "EDITUSER": ""}}, {"type": "Feature", "geometry": {"type": "Polygon", "coordinates": [[[141.44674760856108, 38.76930737541504], [141.4466911109341, 38.76925145731061], [141.44660866574327, 38.769182180908935], [141.44654757726576, 38.76909257552612], [141.4455154216076, 38.769164792006976], [141.445314121498, 38.769178811851745], [141.44531076397067, 38.76932041598278], [141.4453113443389, 38.76938834544196], [141.4452423189465, 38.769434472059935], [141.4452245523638, 38.76949320219478], [141.4452618631343, 38.76958382194421], [141.44532853370893, 38.769582757541265], [141.44536396565798, 38.769560404705004], [141.44538082574257, 38.7695023946036], [141.4454355304313, 38.7694906668091], [141.44550224924035, 38.769513703559404], [141.4455666926999, 38.76955433755937], [141.4455626523001, 38.76961585616385], [141.44549665665485, 38.76966183012407], [141.44535597845504, 38.7697682421637], [141.44548986971895, 38.76984161840447], [141.44556981150856, 38.7698854288385], [141.4456878916242, 38.76999150799112], [141.44569625055195, 38.769999017253454], [141.44576895481927, 38.769885553009445], [141.4458131129662, 38.769708695863784], [141.44589604903794, 38.76958026188369], [141.44598222729678, 38.76951044706042], [141.44601370581205, 38.7694530755443], [141.4460323143215, 38.769279212566], [141.44608412598043, 38.76924962237726], [141.4461740395303, 38.76929634675214], [141.44649949473157, 38.769328963627316], [141.44662270781197, 38.76931759113929], [141.44674760856108, 38.76930737541504]]]}, "properties": {"KEYCODE": "000205@B095@03@0003@0000@0000@0000", "小班": "3", "小班面積": 0.52, "林種": "人工林", "中樹種": "スギ", "林齢": 133, "齢級": 27, "所有形態": "個人", "ADDDATE": "2022-09-29", "ADDTENANT": "04000F", "ADDUSER": "pasco01", "EDITDATE": null, "EDITTENANT": "", "EDITUSER": ""}}, {"type": "Feature", "geometry": {"type": "Polygon", "coordinates": [[[141.44654757726576, 38.76909257552612], [141.44650975899128, 38.76903545032671], [141.44647110476316, 38.76899170230867], [141.4464662533791, 38.768986211611335], [141.44641104379895, 38.76891118774498], [141.44622705528684, 38.768724409093664], [141.44600884035407, 38.768566999305214], [141.44591867492565, 38.768605615615336], [141.44585567841506, 38.768630630174236], [141.44578844427855, 38.768663522665854], [141.44573279208728, 38.768706480434304], [141.44568444197344, 38.768765129455296], [141.44565179604731, 38.76881247109213], [141.44561353291184, 38.76887444467156], [141.44555829034724, 38.76896684104674], [141.4455343225397, 38.76901975874295], [141.44540740924393, 38.76908583888164], [141.445314121498, 38.769178811851745], [141.4455154216076, 38.769164792006976], [141.44654757726576, 38.76909257552612]]]}, "properties": {"KEYCODE": "000205@B095@03@0004@0000@0000@0000", "小班": "4", "小班面積": 0.38, "林種": "天然林", "中樹種": "マツ類", "林齢": 113, "齢級": 23, "所有形態": "個人", "ADDDATE": "2022-09-29", "ADDTENANT": "04000F", "ADDUSER": "pasco01", "EDITDATE": null, "EDITTENANT": "", "EDITUSER": ""}}, {"type": "Feature", "geometry": {"type": "Polygon", "coordinates": [[[141.44697055106792, 38.76882993346309], [141.44692615362013, 38.768845869971905], [141.44689192767737, 38.76887524749512], [141.4468634725464, 38.76890796404236], [141.44683776906467, 38.76892606271411], [141.4468119704332, 38.76893291877452], [141.4467804009578, 38.768936435791524], [141.44669843291305, 38.7689244616463], [141.44659624587328, 38.76890021531277], [141.4465228755549, 38.768887078826], [141.44647833555499, 38.76888503325052], [141.44644963139734, 38.768888544154926], [141.44641104379895, 38.76891118774498], [141.4464662533791, 38.768986211611335], [141.44647110476316, 38.76899170230867], [141.44650975899128, 38.76903545032671], [141.44654757726576, 38.76909257552612], [141.44660866574327, 38.769182180908935], [141.4466911109341, 38.76925145731061], [141.44674760856108, 38.76930737541504], [141.44689145507184, 38.76923466086789], [141.44699521233719, 38.76919121124254], [141.447020143447, 38.769115996575934], [141.44711316424738, 38.76915302565317], [141.44711657763708, 38.76911464693885], [141.44711280076413, 38.76900679512962], [141.44709198011242, 38.76892150101693], [141.44706412049047, 38.768854216615075], [141.44704086182784, 38.768821744555325], [141.44697055106792, 38.76882993346309]]]}, "properties": {"KEYCODE": "000205@B095@03@0005@0000@0000@0000", "小班": "5", "小班面積": 0.19, "林種": "人工林", "中樹種": "スギ", "林齢": 78, "齢級": 16, "所有形態": "個人", "ADDDATE": "2022-09-29", "ADDTENANT": "04000F", "ADDUSER": "pasco01", "EDITDATE": null, "EDITTENANT": "", "EDITUSER": ""}}, {"type": "Feature", "geometry": {"type": "Polygon", "coordinates": [[[141.44789006055964, 38.76868407131345], [141.44777586061159, 38.768598089034995], [141.44766869847592, 38.768664885793974], [141.44756150532888, 38.768729431293735], [141.4474872522987, 38.76878258662453], [141.44736459558573, 38.768886527132395], [141.44750977181934, 38.76889820469996], [141.4476088156416, 38.76888988156992], [141.4476818489014, 38.76886369530584], [141.447734760129, 38.768835363455445], [141.4477775081333, 38.76879471579595], [141.44780871534317, 38.768747372124594], [141.44784143509526, 38.768710147394465], [141.44789006055964, 38.76868407131345]]]}, "properties": {"KEYCODE": "000205@B095@03@0006@0000@0000@0000", "小班": "6", "小班面積": 0.07, "林種": "人工林", "中樹種": "スギ", "林齢": 143, "齢級": 29, "所有形態": "個人", "ADDDATE": "2022-09-29", "ADDTENANT": "04000F", "ADDUSER": "pasco01", "EDITDATE": null, "EDITTENANT": "", "EDITUSER": ""}}, {"type": "Feature", "geometry": {"type": "Polygon", "coordinates": [[[141.44697055106792, 38.76882993346309], [141.44715043472954, 38.7686976391155], [141.44729872714268, 38.76858235348782], [141.44730455594765, 38.76857782202178], [141.44741282256743, 38.76847056983637], [141.44749664227936, 38.76836006768184], [141.44759167445477, 38.768249690318186], [141.4475976528283, 38.768242745468115], [141.44745938498696, 38.7681359436732], [141.44740073449037, 38.76818403234266], [141.4472037668439, 38.7682222512964], [141.44707895360742, 38.768295368981306], [141.4469560440988, 38.768306501617324], [141.44683227449866, 38.76850165441274], [141.44675200484264, 38.768514470183845], [141.44672075878063, 38.768563259708806], [141.44665027161642, 38.768580791577634], [141.44661428522164, 38.76850279848941], [141.4466793789738, 38.76842427406934], [141.44663031465797, 38.76838353384696], [141.44642371669187, 38.76831769518147], [141.44627305013248, 38.76838599453154], [141.4461683844288, 38.76841289172773], [141.4460817917189, 38.768434082434766], [141.44601285948556, 38.768490935919196], [141.44600884035407, 38.768566999305214], [141.44622705528684, 38.768724409093664], [141.44641104379895, 38.76891118774498], [141.44644963139734, 38.768888544154926], [141.44647833555499, 38.76888503325052], [141.4465228755549, 38.768887078826], [141.44659624587328, 38.76890021531277], [141.44669843291305, 38.7689244616463], [141.4467804009578, 38.768936435791524], [141.4468119704332, 38.76893291877452], [141.44683776906467, 38.76892606271411], [141.4468634725464, 38.76890796404236], [141.44689192767737, 38.76887524749512], [141.44692615362013, 38.768845869971905], [141.44697055106792, 38.76882993346309]]]}, "properties": {"KEYCODE": "000205@B095@03@0007@0000@0000@0000", "小班": "7", "小班面積": 0.6, "林種": "人工林", "中樹種": "スギ", "林齢": 60, "齢級": 12, "所有形態": "個人", "ADDDATE": "2022-09-29", "ADDTENANT": "04000F", "ADDUSER": "pasco01", "EDITDATE": null, "EDITTENANT": "", "EDITUSER": ""}}, {"type": "Feature", "geometry": {"type": "Polygon", "coordinates": [[[141.44832770716812, 38.76845843772276], [141.44829023207984, 38.768442887357644], [141.44825774564976, 38.76844170064672], [141.44820832995148, 38.76843989579464], [141.44806033564782, 38.76843497257017], [141.4478204696337, 38.76843609161979], [141.44777586061159, 38.768598089034995], [141.44789006055964, 38.76868407131345], [141.44800041749937, 38.76865434718457], [141.44807175533836, 38.768624541710174], [141.44807840007866, 38.76862176535179], [141.44808200164888, 38.768620259939524], [141.4481563583093, 38.76858059000693], [141.44821491650302, 38.768539868023865], [141.44832770716812, 38.76845843772276]]]}, "properties": {"KEYCODE": "000205@B095@03@0008@0001@0000@0000", "小班": "8-1", "小班面積": 0.09, "林種": "人工林", "中樹種": "スギ", "林齢": 58, "齢級": 12, "所有形態": "個人", "ADDDATE": "2022-09-29", "ADDTENANT": "04000F", "ADDUSER": "pasco01", "EDITDATE": null, "EDITTENANT": "", "EDITUSER": ""}}, {"type": "Feature", "geometry": {"type": "Polygon", "coordinates": [[[141.44828676030232, 38.7683721146008], [141.44803808596345, 38.76834967712806], [141.44802117457482, 38.76821717400034], [141.44799900812794, 38.76814424732803], [141.447998731535, 38.768110538382984], [141.44801147366925, 38.76808801218304], [141.44821669094026, 38.76806570593087], [141.4482013411513, 38.76794892414616], [141.448196194876, 38.76784781821637], [141.4481797142654, 38.7677669968919], [141.44801175291522, 38.76775284361932], [141.4478429037852, 38.76766148579853], [141.4477931111538, 38.76760668609508], [141.44778848008863, 38.76756718299269], [141.44765742912415, 38.76758392036036], [141.4475555661953, 38.76755125523559], [141.44751332145867, 38.76763630324282], [141.44759409534984, 38.767725363247216], [141.44769164251485, 38.7677391521528], [141.4478901368022, 38.76773715544313], [141.4479403194871, 38.767766447956475], [141.44789094656474, 38.76783154193181], [141.4478071716562, 38.76786153881174], [141.4476413942102, 38.76784429518443], [141.44759905684577, 38.767877888474366], [141.44760089560938, 38.767950340092455], [141.44745938498696, 38.7681359436732], [141.4475976528283, 38.768242745468115], [141.4478204696337, 38.76843609161979], [141.44806033564782, 38.76843497257017], [141.44820832995148, 38.76843989579464], [141.44825774564976, 38.76844170064672], [141.44829023207984, 38.768442887357644], [141.44828676030232, 38.7683721146008]]]}, "properties": {"KEYCODE": "000205@B095@03@0009@0000@0000@0000", "小班": "9", "小班面積": 0.38, "林種": "人工林", "中樹種": "スギ", "林齢": 78, "齢級": 16, "所有形態": "個人", "ADDDATE": "2022-09-29", "ADDTENANT": "04000F", "ADDUSER": "pasco01", "EDITDATE": null, "EDITTENANT": "", "EDITUSER": ""}}, {"type": "Feature", "geometry": {"type": "Polygon", "coordinates": [[[141.44825941046756, 38.76819246971226], [141.44802117457482, 38.76821717400034], [141.44803808596345, 38.76834967712806], [141.44828676030232, 38.7683721146008], [141.44827976382336, 38.76822158658954], [141.44825941046756, 38.76819246971226]]]}, "properties": {"KEYCODE": "000205@B095@03@0010@0000@0000@0000", "小班": "10", "小班面積": 0.04, "林種": "人工林", "中樹種": "ヒノキ類", "林齢": 88, "齢級": 18, "所有形態": "個人", "ADDDATE": "2022-09-29", "ADDTENANT": "04000F", "ADDUSER": "pasco01", "EDITDATE": null, "EDITTENANT": "", "EDITUSER": ""}}, {"type": "Feature", "geometry": {"type": "Polygon", "coordinates": [[[141.44825941046756, 38.76819246971226], [141.44823593078286, 38.76813415342018], [141.44821669094026, 38.76806570593087], [141.44801147366925, 38.76808801218304], [141.447998731535, 38.768110538382984], [141.44799900812794, 38.76814424732803], [141.44802117457482, 38.76821717400034], [141.44825941046756, 38.76819246971226]]]}, "properties": {"KEYCODE": "000205@B095@03@0011@0000@0000@0000", "小班": "11", "小班面積": 0.03, "林種": "人工林", "中樹種": "スギ", "林齢": 153, "齢級": 31, "所有形態": "個人", "ADDDATE": "2022-09-29", "ADDTENANT": "04000F", "ADDUSER": "pasco01", "EDITDATE": null, "EDITTENANT": "", "EDITUSER": ""}}, {"type": "Feature", "geometry": {"type": "Polygon", "coordinates": [[[141.44858563238327, 38.76837980910043], [141.44861052854893, 38.768346704568614], [141.4486264997974, 38.768278260964784], [141.44861462882142, 38.768219855707315], [141.4486061898472, 38.76815239645502], [141.4485870348636, 38.76804309322416], [141.4485722689891, 38.76796783854004], [141.4484555511795, 38.767712023585176], [141.4484038721854, 38.767603504092996], [141.4484134798912, 38.76750422950745], [141.44847142218794, 38.76738359538313], [141.4484808585768, 38.767363948656445], [141.44852753893588, 38.76729883526921], [141.4484516266442, 38.76728286475197], [141.44834401705575, 38.767302738032], [141.44829122159655, 38.76732375342456], [141.44825145176148, 38.76737258821319], [141.4481760420564, 38.76741946546519], [141.44814363410802, 38.76747469744597], [141.44815370503753, 38.76757723692043], [141.4481455077204, 38.767627837988435], [141.4481517691793, 38.76768847908942], [141.4481797142654, 38.7677669968919], [141.448196194876, 38.76784781821637], [141.4482013411513, 38.76794892414616], [141.44821669094026, 38.76806570593087], [141.44823593078286, 38.76813415342018], [141.44825941046756, 38.76819246971226], [141.44827976382336, 38.76822158658954], [141.44828676030232, 38.7683721146008], [141.44829023207984, 38.768442887357644], [141.44832770716812, 38.76845843772276], [141.44837221018756, 38.76845486123615], [141.44858563238327, 38.76837980910043]]]}, "properties": {"KEYCODE": "000205@B095@03@0013@0000@0000@0000", "小班": "13", "小班面積": 0.34, "林種": "人工林", "中樹種": "スギ", "林齢": 73, "齢級": 15, "所有形態": "個人", "ADDDATE": "2022-09-29", "ADDTENANT": "04000F", "ADDUSER": "pasco01", "EDITDATE": null, "EDITTENANT": "", "EDITUSER": ""}}, {"type": "Feature", "geometry": {"type": "Polygon", "coordinates": [[[141.44892888570968, 38.76757062409497], [141.44884847577427, 38.76752342385215], [141.44865977523543, 38.76752560485706], [141.4486832337239, 38.76759818226943], [141.44852824038225, 38.76763389148495], [141.44853962425634, 38.7676582438791], [141.44855449797666, 38.76769006159466], [141.44868690375588, 38.767919451831894], [141.44871870060794, 38.76787361560125], [141.44892888570968, 38.76757062409497]]]}, "properties": {"KEYCODE": "000205@B095@03@0014@0000@0000@0000", "小班": "14", "小班面積": 0.08, "林種": "人工林", "中樹種": "スギ", "林齢": 98, "齢級": 20, "所有形態": "個人", "ADDDATE": "2022-09-29", "ADDTENANT": "04000F", "ADDUSER": "pasco01", "EDITDATE": null, "EDITTENANT": "", "EDITUSER": ""}}, {"type": "Feature", "geometry": {"type": "Polygon", "coordinates": [[[141.44904750322885, 38.76732983099885], [141.44901056808146, 38.76732604093673], [141.44895146585824, 38.76730047960292], [141.44881324394285, 38.76723547234053], [141.44865322612404, 38.767337212788945], [141.448602173643, 38.767377336031174], [141.44857060942593, 38.767402142434506], [141.44855400849198, 38.76743557266184], [141.4486082678097, 38.76748410535932], [141.44865977523543, 38.76752560485706], [141.44884847577427, 38.76752342385215], [141.44892888570968, 38.76757062409497], [141.449027932934, 38.767427841919826], [141.44903302347103, 38.767393536238885], [141.44904750322885, 38.76732983099885]]]}, "properties": {"KEYCODE": "000205@B095@03@0015@0000@0000@0000", "小班": "15", "小班面積": 0.1, "林種": "人工林", "中樹種": "スギ", "林齢": 71, "齢級": 15, "所有形態": "個人", "ADDDATE": "2022-09-29", "ADDTENANT": "04000F", "ADDUSER": "pasco01", "EDITDATE": null, "EDITTENANT": "", "EDITUSER": ""}}, {"type": "Feature", "geometry": {"type": "Polygon", "coordinates": [[[141.44865977523543, 38.76752560485706], [141.4486082678097, 38.76748410535932], [141.44855400849198, 38.76743557266184], [141.44850384814293, 38.767536582319124], [141.4485094361171, 38.76759366933138], [141.44851247695968, 38.76760017306644], [141.44852824038225, 38.76763389148495], [141.4486832337239, 38.76759818226943], [141.44865977523543, 38.76752560485706]]]}, "properties": {"KEYCODE": "000205@B095@03@0016@0000@0000@0000", "小班": "16", "小班面積": 0.03, "林種": "竹林", "中樹種": "タケ", "林齢": null, "齢級": null, "所有形態": "個人", "ADDDATE": "2022-09-29", "ADDTENANT": "04000F", "ADDUSER": "pasco01", "EDITDATE": null, "EDITTENANT": "", "EDITUSER": ""}}, {"type": "Feature", "geometry": {"type": "Polygon", "coordinates": [[[141.44908577201807, 38.76716145664515], [141.4490213709587, 38.76714113130756], [141.44896773179042, 38.7671213780682], [141.4489412780164, 38.76715406746723], [141.44881324394285, 38.76723547234053], [141.44895146585824, 38.76730047960292], [141.44901056808146, 38.76732604093673], [141.44904750322885, 38.76732983099885], [141.44907910597718, 38.767190785104695], [141.44908577201807, 38.76716145664515]]]}, "properties": {"KEYCODE": "000205@B095@03@0017@0001@0000@0000", "小班": "17-1", "小班面積": 0.04, "林種": "人工林", "中樹種": "スギ", "林齢": 45, "齢級": 9, "所有形態": "個人", "ADDDATE": "2022-09-29", "ADDTENANT": "04000F", "ADDUSER": "pasco01", "EDITDATE": null, "EDITTENANT": "", "EDITUSER": ""}}, {"type": "Feature", "geometry": {"type": "Polygon", "coordinates": [[[141.44878444129503, 38.76680124005678], [141.4486101330086, 38.76678541026738], [141.44848921847688, 38.76676079389601], [141.44840842824158, 38.76674434632512], [141.44830690625858, 38.76670612426448], [141.44808518637504, 38.76663234204507], [141.44801345322765, 38.76660847097278], [141.44770975894278, 38.76650536633676], [141.44755728738133, 38.76656186076165], [141.44766252155694, 38.76665436241544], [141.44792089043824, 38.766850765669645], [141.44810797327142, 38.76690258021131], [141.448327255978, 38.766910722841224], [141.44885277178142, 38.766948000970686], [141.44881611768693, 38.76700649690481], [141.44891825890502, 38.76702014978778], [141.44894604696486, 38.76698994522713], [141.44900636281793, 38.76687691715604], [141.44878444129503, 38.76680124005678]]]}, "properties": {"KEYCODE": "000205@B095@03@0018@0000@0000@0000", "小班": "18", "小班面積": 0.26, "林種": "人工林", "中樹種": "スギ", "林齢": 116, "齢級": 24, "所有形態": "個人", "ADDDATE": "2022-09-29", "ADDTENANT": "04000F", "ADDUSER": "pasco01", "EDITDATE": null, "EDITTENANT": "", "EDITUSER": ""}}, {"type": "Feature", "geometry": {"type": "Polygon", "coordinates": [[[141.44891825890502, 38.76702014978778], [141.44881611768693, 38.76700649690481], [141.44885277178142, 38.766948000970686], [141.448327255978, 38.766910722841224], [141.44810797327142, 38.76690258021131], [141.44792089043824, 38.766850765669645], [141.44766252155694, 38.76665436241544], [141.44755728738133, 38.76656186076165], [141.44752662649978, 38.76664196688524], [141.4475727366932, 38.7667290604564], [141.44760475487465, 38.766804962442194], [141.44764027077937, 38.76686322462304], [141.44767476864774, 38.766911591361215], [141.4477221952745, 38.7669430984348], [141.4477753596149, 38.766963358341734], [141.44782565163516, 38.76699486832651], [141.44793709176514, 38.76702610900082], [141.44799409750078, 38.767042097306714], [141.44795568251882, 38.76708602853429], [141.44792155121525, 38.76712776607817], [141.44789887098403, 38.76716269573252], [141.44788067331996, 38.76722008712728], [141.44788981722385, 38.76722065435467], [141.44806606357125, 38.7672315795844], [141.44814501231644, 38.76722446979272], [141.44819942607793, 38.76720511169793], [141.4482452424649, 38.76718692492399], [141.4482968670329, 38.767176572341306], [141.4483658726306, 38.76718410913702], [141.44842348994746, 38.767202949835465], [141.44846318025895, 38.76722568481351], [141.44846823145912, 38.76722857801275], [141.44850010883397, 38.76726101254082], [141.44852753893588, 38.76729883526921], [141.4485549521698, 38.76726059593527], [141.44886352865421, 38.76707964003074], [141.44891825890502, 38.76702014978778]]]}, "properties": {"KEYCODE": "000205@B095@03@0019@0000@0000@0000", "小班": "19", "小班面積": 0.34, "林種": "人工林", "中樹種": "ヒノキ類", "林齢": 60, "齢級": 12, "所有形態": "個人", "ADDDATE": "2022-09-29", "ADDTENANT": "04000F", "ADDUSER": "pasco01", "EDITDATE": null, "EDITTENANT": "", "EDITUSER": ""}}, {"type": "Feature", "geometry": {"type": "Polygon", "coordinates": [[[141.44765199847234, 38.767357108400034], [141.4477761483118, 38.76725989838028], [141.44774057929246, 38.767143826409054], [141.44775370163077, 38.76707642039574], [141.44782565163516, 38.76699486832651], [141.4477753596149, 38.766963358341734], [141.4477221952745, 38.7669430984348], [141.44767476864774, 38.766911591361215], [141.44764027077937, 38.76686322462304], [141.44760475487465, 38.766804962442194], [141.4475727366932, 38.7667290604564], [141.44743822605645, 38.7670450229897], [141.44741182021832, 38.767150366777095], [141.44740795666368, 38.76720318824431], [141.44739108812934, 38.7672329783174], [141.4473421007805, 38.767310986102125], [141.44732416889715, 38.76735017082766], [141.44735176905937, 38.767444417485144], [141.44753052361517, 38.76741296779132], [141.4475975685866, 38.76742024327463], [141.44767946469568, 38.767384297032194], [141.44765199847234, 38.767357108400034]]]}, "properties": {"KEYCODE": "000205@B095@03@0020@0000@0000@0000", "小班": "20", "小班面積": 0.19, "林種": "人工林", "中樹種": "ヒノキ類", "林齢": 89, "齢級": 18, "所有形態": "個人", "ADDDATE": "2022-09-29", "ADDTENANT": "04000F", "ADDUSER": "pasco01", "EDITDATE": null, "EDITTENANT": "", "EDITUSER": ""}}, {"type": "Feature", "geometry": {"type": "Polygon", "coordinates": [[[141.44852753893588, 38.76729883526921], [141.44850010883397, 38.76726101254082], [141.44846823145912, 38.76722857801275], [141.44846318025895, 38.76722568481351], [141.44842348994746, 38.767202949835465], [141.4483658726306, 38.76718410913702], [141.4482968670329, 38.767176572341306], [141.4482452424649, 38.76718692492399], [141.44819942607793, 38.76720511169793], [141.44814501231644, 38.76722446979272], [141.44806606357125, 38.7672315795844], [141.44788981722385, 38.76722065435467], [141.44788067331996, 38.76722008712728], [141.44789887098403, 38.76716269573252], [141.44792155121525, 38.76712776607817], [141.44795568251882, 38.76708602853429], [141.44799409750078, 38.767042097306714], [141.44793709176514, 38.76702610900082], [141.44782565163516, 38.76699486832651], [141.44775370163077, 38.76707642039574], [141.44774057929246, 38.767143826409054], [141.4477761483118, 38.76725989838028], [141.44765199847234, 38.767357108400034], [141.44769798546272, 38.76736026212792], [141.4477479321403, 38.76749261868743], [141.44778848008863, 38.76756718299269], [141.4477931111538, 38.76760668609508], [141.4478429037852, 38.76766148579853], [141.44801175291522, 38.76775284361932], [141.4481797142654, 38.7677669968919], [141.4481517691793, 38.76768847908942], [141.4481455077204, 38.767627837988435], [141.44815370503753, 38.76757723692043], [141.44814363410802, 38.76747469744597], [141.4481760420564, 38.76741946546519], [141.44825145176148, 38.76737258821319], [141.44829122159655, 38.76732375342456], [141.44834401705575, 38.767302738032], [141.4484516266442, 38.76728286475197], [141.44852753893588, 38.76729883526921]]]}, "properties": {"KEYCODE": "000205@B095@03@0021@0000@0000@0000", "小班": "21", "小班面積": 0.28, "林種": "竹林", "中樹種": "タケ", "林齢": null, "齢級": null, "所有形態": "個人", "ADDDATE": "2022-09-29", "ADDTENANT": "04000F", "ADDUSER": "pasco01", "EDITDATE": null, "EDITTENANT": "", "EDITUSER": ""}}, {"type": "Feature", "geometry": {"type": "Polygon", "coordinates": [[[141.44735176905937, 38.767444417485144], [141.44732416889715, 38.76735017082766], [141.4473421007805, 38.767310986102125], [141.44739108812934, 38.7672329783174], [141.44740795666368, 38.76720318824431], [141.44732661634723, 38.76714877210244], [141.44730873327995, 38.767104769280174], [141.44740220817215, 38.76699880288194], [141.44742011234268, 38.7669564003086], [141.44738825246824, 38.76688029203909], [141.44730766550413, 38.76689144140837], [141.44720987982154, 38.76693843558561], [141.44718844486644, 38.76701303646677], [141.44708015180285, 38.767077366596055], [141.44693543601454, 38.76706620857906], [141.44683818476022, 38.76708899722659], [141.44685689681933, 38.76709452866329], [141.446878554781, 38.767106784191135], [141.4469045806009, 38.767128007667836], [141.44696238994547, 38.76716931537823], [141.44685519051035, 38.76720607051809], [141.44689401730878, 38.76729584849738], [141.446881348494, 38.76732749750807], [141.44680925686268, 38.7673529035669], [141.44670828778172, 38.767383825037335], [141.44663558063345, 38.76751530501578], [141.44663452884157, 38.76756758558133], [141.44673296337248, 38.767624172818905], [141.44678978764992, 38.76757635172017], [141.44690454371548, 38.767638115240985], [141.44690970719594, 38.7676417610621], [141.44700569493375, 38.76770955447209], [141.44704024644287, 38.76771838194746], [141.4470776150654, 38.7677215820743], [141.4471221284107, 38.76771912221294], [141.44717801012547, 38.76770313522176], [141.44726946877537, 38.76764765549398], [141.4473395490096, 38.76761136885973], [141.44738196054507, 38.7675567647156], [141.44738765763526, 38.76751096957008], [141.44735176905937, 38.767444417485144]]]}, "properties": {"KEYCODE": "000205@B095@03@0022@0000@0000@0000", "小班": "22", "小班面積": 0.37, "林種": "天然林", "中樹種": "マツ類", "林齢": 78, "齢級": 16, "所有形態": "個人", "ADDDATE": "2022-09-29", "ADDTENANT": "04000F", "ADDUSER": "pasco01", "EDITDATE": null, "EDITTENANT": "", "EDITUSER": ""}}, {"type": "Feature", "geometry": {"type": "Polygon", "coordinates": [[[141.44663452884157, 38.76756758558133], [141.44663558063345, 38.76751530501578], [141.44670828778172, 38.767383825037335], [141.44680925686268, 38.7673529035669], [141.446881348494, 38.76732749750807], [141.44689401730878, 38.76729584849738], [141.44685519051035, 38.76720607051809], [141.44696238994547, 38.76716931537823], [141.4469045806009, 38.767128007667836], [141.446878554781, 38.767106784191135], [141.44685689681933, 38.76709452866329], [141.44683818476022, 38.76708899722659], [141.4468195370339, 38.76709245543168], [141.44679808299674, 38.76710266702198], [141.4467781219792, 38.76712073554252], [141.44674839268296, 38.76717255762759], [141.44673427938233, 38.767202963769], [141.4467186537714, 38.76722326175064], [141.44669868305866, 38.76724020419564], [141.44667437148752, 38.767252673975925], [141.44663998269112, 38.76726295431693], [141.44660848896712, 38.76727657887574], [141.4465870818171, 38.767292411735355], [141.44655293148563, 38.76733189675534], [141.44650035754015, 38.76739955826659], [141.44643640237922, 38.767480748665506], [141.44629671876592, 38.76761061491921], [141.44618695566874, 38.767711126267976], [141.44629841019315, 38.76781285406043], [141.4464710064806, 38.76766822973899], [141.4465939017566, 38.76759237864977], [141.44663452884157, 38.76756758558133]]]}, "properties": {"KEYCODE": "000205@B095@03@0023@0000@0000@0000", "小班": "23", "小班面積": 0.15, "林種": "人工林", "中樹種": "スギ", "林齢": 62, "齢級": 13, "所有形態": "個人", "ADDDATE": "2022-09-29", "ADDTENANT": "04000F", "ADDUSER": "pasco01", "EDITDATE": null, "EDITTENANT": "", "EDITUSER": ""}}, {"type": "Feature", "geometry": {"type": "Polygon", "coordinates": [[[141.44673296337248, 38.767624172818905], [141.44663452884157, 38.76756758558133], [141.4465939017566, 38.76759237864977], [141.4464710064806, 38.76766822973899], [141.44629841019315, 38.76781285406043], [141.44617149899452, 38.76792242819135], [141.44624611344847, 38.76798210916771], [141.44634434214544, 38.767894129286496], [141.44644576460146, 38.76779157868966], [141.44673296337248, 38.767624172818905]]]}, "properties": {"KEYCODE": "000205@B095@03@0024@0000@0000@0000", "小班": "24", "小班面積": 0.06, "林種": "人工林", "中樹種": "スギ", "林齢": 76, "齢級": 16, "所有形態": "個人", "ADDDATE": "2022-09-29", "ADDTENANT": "04000F", "ADDUSER": "pasco01", "EDITDATE": null, "EDITTENANT": "", "EDITUSER": ""}}, {"type": "Feature", "geometry": {"type": "Polygon", "coordinates": [[[141.44624611344847, 38.76798210916771], [141.44617149899452, 38.76792242819135], [141.44609439010432, 38.767976714723474], [141.44610466995144, 38.768004464994824], [141.44607900198721, 38.768100420931844], [141.44603449188628, 38.768129257537474], [141.44589195321245, 38.76812356873825], [141.44577354029528, 38.76816208884372], [141.4456003237394, 38.76815541991571], [141.4455302823058, 38.76819506562423], [141.4457434136936, 38.76838508544724], [141.4458323883413, 38.76842174757029], [141.44587223165604, 38.76837774649654], [141.44588063053604, 38.76835186495352], [141.44586892565013, 38.76832607976645], [141.44584286966483, 38.76830147878543], [141.44580389913622, 38.76827918779216], [141.4460301716253, 38.76819836313235], [141.4461318510947, 38.76816193768891], [141.44613599133518, 38.76816004122851], [141.44623344505908, 38.76811539651191], [141.44633490313916, 38.76805312642014], [141.44624611344847, 38.76798210916771]]]}, "properties": {"KEYCODE": "000205@B095@03@0025@0000@0000@0000", "小班": "25", "小班面積": 0.11, "林種": "天然林", "中樹種": "その他L", "林齢": 60, "齢級": 12, "所有形態": "個人", "ADDDATE": "2022-09-29", "ADDTENANT": "04000F", "ADDUSER": "pasco01", "EDITDATE": null, "EDITTENANT": "", "EDITUSER": ""}}, {"type": "Feature", "geometry": {"type": "Polygon", "coordinates": [[[141.4458323883413, 38.76842174757029], [141.4457434136936, 38.76838508544724], [141.4455302823058, 38.76819506562423], [141.44552060810196, 38.76819870724571], [141.44547586632476, 38.768215548601326], [141.44542862171343, 38.76823374177027], [141.44533261659578, 38.76826228112892], [141.4452509259275, 38.76828400590541], [141.44518803498195, 38.768292678309386], [141.44518007223033, 38.76839834394075], [141.44517271988664, 38.76842795324335], [141.44527734559364, 38.768464755473204], [141.44555210064289, 38.7685505569293], [141.4456983424968, 38.76856194738835], [141.44583982278192, 38.768550479113536], [141.44591531968007, 38.768513614502936], [141.44592689402523, 38.7684785146235], [141.44591292980343, 38.76844783954163], [141.4458323883413, 38.76842174757029]]]}, "properties": {"KEYCODE": "000205@B095@03@0026@0000@0000@0000", "小班": "26", "小班面積": 0.16, "林種": "人工林", "中樹種": "スギ", "林齢": 143, "齢級": 29, "所有形態": "個人", "ADDDATE": "2022-09-29", "ADDTENANT": "04000F", "ADDUSER": "pasco01", "EDITDATE": null, "EDITTENANT": "", "EDITUSER": ""}}, {"type": "Feature", "geometry": {"type": "Polygon", "coordinates": [[[141.44481812603885, 38.76950155089091], [141.44479534213133, 38.76946703808869], [141.44465587150208, 38.76937698863047], [141.4446557685203, 38.76937692250326], [141.44462869974816, 38.76941298256576], [141.44462072568317, 38.76944232391349], [141.4446525068596, 38.76941692015421], [141.4446511071463, 38.76943359393756], [141.44465169625556, 38.769487923522], [141.44478285629484, 38.76950638941561], [141.44481812603885, 38.76950155089091]]]}, "properties": {"KEYCODE": "000205@B095@03@0027@0001@0000@0000", "小班": "27-1", "小班面積": 0.02, "林種": "人工林", "中樹種": "スギ", "林齢": 60, "齢級": 12, "所有形態": "個人", "ADDDATE": "2022-09-29", "ADDTENANT": "04000F", "ADDUSER": "pasco01", "EDITDATE": null, "EDITTENANT": "", "EDITUSER": ""}}, {"type": "Feature", "geometry": {"type": "Polygon", "coordinates": [[[141.44502714357236, 38.76957464899221], [141.44499973632756, 38.76954612882337], [141.4449907019768, 38.769536726672065], [141.44495491152674, 38.76947573274795], [141.44489720129675, 38.7693773801008], [141.44488217391753, 38.769207996848756], [141.44487289424282, 38.76910340254209], [141.4449344490913, 38.76896740642267], [141.445024605439, 38.76869327126754], [141.4450772374576, 38.76858524575012], [141.4450942928851, 38.768550241585736], [141.44504679777947, 38.76854048670139], [141.44503607716436, 38.76857643246641], [141.44500762729544, 38.768671840568366], [141.44494851934823, 38.768783445845706], [141.44489709241614, 38.76886674007304], [141.44489629447415, 38.76886803252097], [141.44485369883932, 38.768913245845546], [141.44482148886362, 38.76894244014641], [141.44481894747173, 38.768948443460104], [141.44480216994305, 38.76895995001912], [141.44469028605224, 38.76903668304937], [141.44466966404065, 38.7690932496897], [141.4446769164386, 38.7691488417042], [141.444683614293, 38.769275906013235], [141.44468541693817, 38.769310083552064], [141.44465590175878, 38.76937662361182], [141.4446557685203, 38.76937692250326], [141.44465587150208, 38.76937698863047], [141.44479534213133, 38.76946703808869], [141.44481812603885, 38.76950155089091], [141.44488207913656, 38.769598420476164], [141.44493308911356, 38.76966003567012], [141.44502714357236, 38.76957464899221]]]}, "properties": {"KEYCODE": "000205@B095@03@0027@0000@0000@0000", "小班": "27", "小班面積": 0.15, "林種": "人工林", "中樹種": "スギ", "林齢": 60, "齢級": 12, "所有形態": "個人", "ADDDATE": "2022-09-29", "ADDTENANT": "04000F", "ADDUSER": "pasco01", "EDITDATE": null, "EDITTENANT": "", "EDITUSER": ""}}, {"type": "Feature", "geometry": {"type": "Polygon", "coordinates": [[[141.445314121498, 38.769178811851745], [141.44540740924393, 38.76908583888164], [141.4455343225397, 38.76901975874295], [141.44555829034724, 38.76896684104674], [141.44561353291184, 38.76887444467156], [141.44565179604731, 38.76881247109213], [141.44568444197344, 38.768765129455296], [141.44573279208728, 38.768706480434304], [141.44578844427855, 38.768663522665854], [141.44585567841506, 38.768630630174236], [141.44591867492565, 38.768605615615336], [141.44600884035407, 38.768566999305214], [141.44601285948556, 38.768490935919196], [141.4460817917189, 38.768434082434766], [141.4461683844288, 38.76841289172773], [141.44627305013248, 38.76838599453154], [141.44642371669187, 38.76831769518147], [141.44663031465797, 38.76838353384696], [141.4466793789738, 38.76842427406934], [141.44661428522164, 38.76850279848941], [141.44665027161642, 38.768580791577634], [141.44672075878063, 38.768563259708806], [141.44675200484264, 38.768514470183845], [141.44683227449866, 38.76850165441274], [141.4469560440988, 38.768306501617324], [141.44707895360742, 38.768295368981306], [141.4472037668439, 38.7682222512964], [141.44740073449037, 38.76818403234266], [141.44745938498696, 38.7681359436732], [141.44760089560938, 38.767950340092455], [141.44759905684577, 38.767877888474366], [141.4476413942102, 38.76784429518443], [141.4478071716562, 38.76786153881174], [141.44789094656474, 38.76783154193181], [141.4479403194871, 38.767766447956475], [141.4478901368022, 38.76773715544313], [141.44769164251485, 38.7677391521528], [141.44759409534984, 38.767725363247216], [141.44751332145867, 38.76763630324282], [141.4475555661953, 38.76755125523559], [141.44765742912415, 38.76758392036036], [141.44778848008863, 38.76756718299269], [141.4477479321403, 38.76749261868743], [141.44769798546272, 38.76736026212792], [141.44765199847234, 38.767357108400034], [141.44767946469568, 38.767384297032194], [141.4475975685866, 38.76742024327463], [141.44753052361517, 38.76741296779132], [141.44735176905937, 38.767444417485144], [141.44738765763526, 38.76751096957008], [141.44738196054507, 38.7675567647156], [141.4473395490096, 38.76761136885973], [141.44726946877537, 38.76764765549398], [141.44717801012547, 38.76770313522176], [141.4471221284107, 38.76771912221294], [141.4470776150654, 38.7677215820743], [141.44704024644287, 38.76771838194746], [141.44700569493375, 38.76770955447209], [141.44690970719594, 38.7676417610621], [141.44690454371548, 38.767638115240985], [141.44678978764992, 38.76757635172017], [141.44673296337248, 38.767624172818905], [141.44644576460146, 38.76779157868966], [141.44634434214544, 38.767894129286496], [141.44624611344847, 38.76798210916771], [141.44633490313916, 38.76805312642014], [141.44623344505908, 38.76811539651191], [141.44613599133518, 38.76816004122851], [141.4461318510947, 38.76816193768891], [141.4460301716253, 38.76819836313235], [141.44580389913622, 38.76827918779216], [141.44584286966483, 38.76830147878543], [141.44586892565013, 38.76832607976645], [141.44588063053604, 38.76835186495352], [141.44587223165604, 38.76837774649654], [141.4458323883413, 38.76842174757029], [141.44591292980343, 38.76844783954163], [141.44592689402523, 38.7684785146235], [141.44591531968007, 38.768513614502936], [141.44583982278192, 38.768550479113536], [141.4456983424968, 38.76856194738835], [141.44555210064289, 38.7685505569293], [141.44527734559364, 38.768464755473204], [141.44517271988664, 38.76842795324335], [141.44517168863007, 38.76843210724031], [141.44513823212287, 38.76856685822499], [141.4451239095889, 38.768595243665764], [141.44510123929487, 38.76864017350101], [141.4450664213155, 38.768709178334426], [141.44497545724903, 38.768980344811126], [141.44496065701873, 38.769015604718355], [141.44492311557562, 38.769105040625526], [141.44493792739115, 38.76936399597585], [141.44502399438304, 38.76951244461916], [141.44515431598396, 38.76965772463192], [141.44535597845504, 38.7697682421637], [141.44549665665485, 38.76966183012407], [141.4455626523001, 38.76961585616385], [141.4455666926999, 38.76955433755937], [141.44550224924035, 38.769513703559404], [141.4454355304313, 38.7694906668091], [141.44538082574257, 38.7695023946036], [141.44536396565798, 38.769560404705004], [141.44532853370893, 38.769582757541265], [141.4452618631343, 38.76958382194421], [141.4452245523638, 38.76949320219478], [141.4452423189465, 38.769434472059935], [141.4453113443389, 38.76938834544196], [141.44531076397067, 38.76932041598278], [141.445314121498, 38.769178811851745]]]}, "properties": {"KEYCODE": "000205@B095@03@0028@0000@0000@0000", "小班": "28", "小班面積": 1.57, "林種": "天然林", "中樹種": "その他L", "林齢": 80, "齢級": 16, "所有形態": "個人", "ADDDATE": "2022-09-29", "ADDTENANT": "04000F", "ADDUSER": "pasco01", "EDITDATE": null, "EDITTENANT": "", "EDITUSER": ""}}, {"type": "Feature", "geometry": {"type": "Polygon", "coordinates": [[[141.44542862171343, 38.76823374177027], [141.4453937448628, 38.76818670967921], [141.4453630891126, 38.768127304270806], [141.44534252691045, 38.768073466652154], [141.44532508034933, 38.7680477114748], [141.44530482224525, 38.768030944781934], [141.445270195953, 38.76801200919917], [141.44523521966372, 38.76800140326593], [141.4451805161922, 38.76815406529456], [141.4451936113099, 38.76821869865991], [141.44518803498195, 38.768292678309386], [141.4452509259275, 38.76828400590541], [141.44533261659578, 38.76826228112892], [141.44542862171343, 38.76823374177027]]]}, "properties": {"KEYCODE": "000205@B095@03@0030@0000@0000@0000", "小班": "30", "小班面積": 0.05, "林種": "人工林", "中樹種": "スギ", "林齢": 60, "齢級": 12, "所有形態": "個人", "ADDDATE": "2022-09-29", "ADDTENANT": "04000F", "ADDUSER": "pasco01", "EDITDATE": null, "EDITTENANT": "", "EDITUSER": ""}}, {"type": "Feature", "geometry": {"type": "Polygon", "coordinates": [[[141.44571223224503, 38.766843714200924], [141.4455710838725, 38.76675858172299], [141.44561148403886, 38.766728793858604], [141.44576087913904, 38.76663660680082], [141.44592034072326, 38.76655389100153], [141.44592615020727, 38.76655087680329], [141.44596423806982, 38.766411933759485], [141.4459047125529, 38.76639290544949], [141.44570816405098, 38.76649502253349], [141.44562411537467, 38.766538689396334], [141.4454572028324, 38.76668809077494], [141.4453762375358, 38.76676056168932], [141.4453657605441, 38.76692800826053], [141.4453641255573, 38.76695415885395], [141.44536225153766, 38.766984117860844], [141.44535997854507, 38.767020445547786], [141.44528975950996, 38.76712256878031], [141.4452334240809, 38.767161146165414], [141.4449986595074, 38.76732191007769], [141.44500767167216, 38.76740273221642], [141.44501943292784, 38.76750821354403], [141.44508469946655, 38.76753457612525], [141.4451368797025, 38.767555652282645], [141.4452500763038, 38.76777921013918], [141.44523844539603, 38.767992403602825], [141.44523521966372, 38.76800140326593], [141.445270195953, 38.76801200919917], [141.44527153435268, 38.76786775257879], [141.44529818272875, 38.767774371828025], [141.4453133714553, 38.76768778883263], [141.44530583117339, 38.767636118125075], [141.44530689999928, 38.76758329334247], [141.44533655371393, 38.767509013730525], [141.44538886427736, 38.767388570066984], [141.44540580579337, 38.767345806180295], [141.44541695840712, 38.76729743393666], [141.44541964999797, 38.767271582311416], [141.44542814948593, 38.767253565040015], [141.44545238375136, 38.76722650150294], [141.44549662055445, 38.76718363067849], [141.44552800508458, 38.76715316935366], [141.4455536219097, 38.76711823378233], [141.4455847725401, 38.76705475694363], [141.44559720003457, 38.766995350205825], [141.44561729454776, 38.76695261481337], [141.44563883837012, 38.766917755514356], [141.44567043741938, 38.766877275127605], [141.44570059831636, 38.766850288593524], [141.44571223224503, 38.766843714200924]]]}, "properties": {"KEYCODE": "000205@B095@03@0031@0000@0000@0000", "小班": "31", "小班面積": 0.35, "林種": "人工林", "中樹種": "スギ", "林齢": 75, "齢級": 15, "所有形態": "個人", "ADDDATE": "2022-09-29", "ADDTENANT": "04000F", "ADDUSER": "pasco01", "EDITDATE": null, "EDITTENANT": "", "EDITUSER": ""}}, {"type": "Feature", "geometry": {"type": "Polygon", "coordinates": [[[141.44642661819347, 38.76658507735825], [141.44614682795847, 38.76647030195256], [141.44596423806982, 38.766411933759485], [141.44592615020727, 38.76655087680329], [141.44592034072326, 38.76655389100153], [141.44576087913904, 38.76663660680082], [141.44561148403886, 38.766728793858604], [141.4455710838725, 38.76675858172299], [141.44571223224503, 38.766843714200924], [141.44572645542596, 38.76683567580698], [141.44580116081423, 38.76681545575458], [141.4459046012579, 38.76678736352081], [141.44599224249623, 38.76676602150426], [141.44607843957414, 38.76674804731383], [141.44613590602532, 38.76673456599518], [141.44617613215027, 38.76672333628585], [141.44619480393533, 38.76670534669836], [141.446196565524, 38.76656248510254], [141.44642661819347, 38.76658507735825]]]}, "properties": {"KEYCODE": "000205@B095@03@0032@0000@0000@0000", "小班": "32", "小班面積": 0.14, "林種": "人工林", "中樹種": "スギ", "林齢": 78, "齢級": 16, "所有形態": "個人", "ADDDATE": "2022-09-29", "ADDTENANT": "04000F", "ADDUSER": "pasco01", "EDITDATE": null, "EDITTENANT": "", "EDITUSER": ""}}, {"type": "Feature", "geometry": {"type": "Polygon", "coordinates": [[[141.4455302823058, 38.76819506562423], [141.4456003237394, 38.76815541991571], [141.44577354029528, 38.76816208884372], [141.44589195321245, 38.76812356873825], [141.44603449188628, 38.768129257537474], [141.44607900198721, 38.768100420931844], [141.44610466995144, 38.768004464994824], [141.44609439010432, 38.767976714723474], [141.44617149899452, 38.76792242819135], [141.44629841019315, 38.76781285406043], [141.44618695566874, 38.767711126267976], [141.44629671876592, 38.76761061491921], [141.44643640237922, 38.767480748665506], [141.44650035754015, 38.76739955826659], [141.44655293148563, 38.76733189675534], [141.4465870818171, 38.767292411735355], [141.44660848896712, 38.76727657887574], [141.44663998269112, 38.76726295431693], [141.44667437148752, 38.767252673975925], [141.44669868305866, 38.76724020419564], [141.4467186537714, 38.76722326175064], [141.44673427938233, 38.767202963769], [141.44674839268296, 38.76717255762759], [141.4467781219792, 38.76712073554252], [141.44679808299674, 38.76710266702198], [141.4468195370339, 38.76709245543168], [141.44683818476022, 38.76708899722659], [141.44693543601454, 38.76706620857906], [141.44708015180285, 38.767077366596055], [141.44718844486644, 38.76701303646677], [141.44720987982154, 38.76693843558561], [141.44730766550413, 38.76689144140837], [141.44738825246824, 38.76688029203909], [141.44742011234268, 38.7669564003086], [141.44740220817215, 38.76699880288194], [141.44730873327995, 38.767104769280174], [141.44732661634723, 38.76714877210244], [141.44740795666368, 38.76720318824431], [141.44741182021832, 38.767150366777095], [141.44743822605645, 38.7670450229897], [141.4475727366932, 38.7667290604564], [141.44752662649978, 38.76664196688524], [141.44755728738133, 38.76656186076165], [141.4473084571089, 38.76665405900259], [141.44720004513982, 38.766664421143574], [141.4470132571672, 38.76663304208988], [141.44697753466767, 38.766630114375104], [141.44690208469123, 38.76662393129359], [141.4468110638619, 38.76661647225413], [141.44674630117362, 38.76661116449447], [141.44663035084045, 38.76660270643612], [141.44654445174768, 38.766596441018905], [141.446536216708, 38.76659584008897], [141.4464661002927, 38.76659072512573], [141.44646209147058, 38.76659962893352], [141.44642661819347, 38.76658507735825], [141.446196565524, 38.76656248510254], [141.44619480393533, 38.76670534669836], [141.44617613215027, 38.76672333628585], [141.44613590602532, 38.76673456599518], [141.44607843957414, 38.76674804731383], [141.44599224249623, 38.76676602150426], [141.4459046012579, 38.76678736352081], [141.44580116081423, 38.76681545575458], [141.44572645542596, 38.76683567580698], [141.44571223224503, 38.766843714200924], [141.44570059831636, 38.766850288593524], [141.44567043741938, 38.766877275127605], [141.44563883837012, 38.766917755514356], [141.44561729454776, 38.76695261481337], [141.44559720003457, 38.766995350205825], [141.4455847725401, 38.76705475694363], [141.4455536219097, 38.76711823378233], [141.44552800508458, 38.76715316935366], [141.44549662055445, 38.76718363067849], [141.44545238375136, 38.76722650150294], [141.44542814948593, 38.767253565040015], [141.44541964999797, 38.767271582311416], [141.44541695840712, 38.76729743393666], [141.44540580579337, 38.767345806180295], [141.44538886427736, 38.767388570066984], [141.44533655371393, 38.767509013730525], [141.44530689999928, 38.76758329334247], [141.44530583117339, 38.767636118125075], [141.4453133714553, 38.76768778883263], [141.44529818272875, 38.767774371828025], [141.44527153435268, 38.76786775257879], [141.445270195953, 38.76801200919917], [141.44530482224525, 38.768030944781934], [141.44532508034933, 38.7680477114748], [141.44534252691045, 38.768073466652154], [141.4453630891126, 38.768127304270806], [141.4453937448628, 38.76818670967921], [141.44542862171343, 38.76823374177027], [141.44547586632476, 38.768215548601326], [141.44552060810196, 38.76819870724571], [141.4455302823058, 38.76819506562423]]]}, "properties": {"KEYCODE": "000205@B095@03@0033@0000@0000@0000", "小班": "33", "小班面積": 1.78, "林種": "人工林", "中樹種": "スギ", "林齢": 72, "齢級": 15, "所有形態": "個人", "ADDDATE": "2022-09-29", "ADDTENANT": "04000F", "ADDUSER": "pasco01", "EDITDATE": null, "EDITTENANT": "", "EDITUSER": ""}}, {"type": "Feature", "geometry": {"type": "Polygon", "coordinates": [[[141.44605359609488, 38.765632116840955], [141.4459823808692, 38.765697137154675], [141.44594663291304, 38.76569857407011], [141.4458877800892, 38.76569583932821], [141.44583002575564, 38.765831006194546], [141.44583729078747, 38.76611142428778], [141.44589303006356, 38.766349381608784], [141.4459224456358, 38.766375488385414], [141.44596997269804, 38.76639101836122], [141.44615604930576, 38.76645182138765], [141.4464709178327, 38.76658085312266], [141.44646692469829, 38.766589035235285], [141.4464661002927, 38.76659072512573], [141.446536216708, 38.76659584008897], [141.44654445174768, 38.766596441018905], [141.44644905909936, 38.76650746686349], [141.4463944420426, 38.76646245660539], [141.44634557771565, 38.76642420075265], [141.4462938393403, 38.766371329494625], [141.44625071336284, 38.76629483675034], [141.44621333535773, 38.76622171831174], [141.44618600666246, 38.766139602226026], [141.44616585505895, 38.76603274608814], [141.44613995790334, 38.76593488392867], [141.4461040059988, 38.76582128187068], [141.4460766745517, 38.765727913647], [141.44605552509145, 38.76564414082175], [141.44605509394154, 38.765642434093], [141.44605359609488, 38.765632116840955]]]}, "properties": {"KEYCODE": "000205@B095@04@0001@0000@0000@0000", "小班": "1", "小班面積": 0.25, "林種": "人工林", "中樹種": "スギ", "林齢": 89, "齢級": 18, "所有形態": "個人", "ADDDATE": "2022-09-29", "ADDTENANT": "04000F", "ADDUSER": "pasco01", "EDITDATE": null, "EDITTENANT": "", "EDITUSER": ""}}, {"type": "Feature", "geometry": {"type": "Polygon", "coordinates": [[[141.44677730833294, 38.76654183230286], [141.44668179883973, 38.76644904728407], [141.44646561686713, 38.766235773306825], [141.44634954426468, 38.76619157098572], [141.44629798978812, 38.7661441689682], [141.446255467134, 38.76601377008901], [141.44631549957668, 38.765913343815306], [141.44628800744425, 38.76583149166638], [141.44622734083853, 38.765715489557884], [141.4461855782451, 38.76567375679083], [141.44630375325136, 38.76553679451927], [141.44635091974737, 38.765498409747764], [141.4464605429913, 38.76550069504828], [141.4465248714886, 38.76548510639347], [141.44651480177527, 38.765417620373086], [141.44650328918806, 38.76538724869504], [141.4464960966376, 38.765366998377644], [141.44651190397062, 38.7653490147553], [141.44654062834206, 38.76532652197096], [141.44658229386621, 38.76531416836649], [141.4466549592145, 38.76529968813538], [141.44652464950343, 38.76522216107593], [141.44635701155465, 38.76525205904698], [141.44632442572, 38.76528655388156], [141.4462777241002, 38.76540292808898], [141.4462134171329, 38.76538296645908], [141.44611806027768, 38.7655064515072], [141.446122300747, 38.76557507712108], [141.44605359609488, 38.765632116840955], [141.44605509394154, 38.765642434093], [141.44605552509145, 38.76564414082175], [141.4460766745517, 38.765727913647], [141.4461040059988, 38.76582128187068], [141.44613995790334, 38.76593488392867], [141.44616585505895, 38.76603274608814], [141.44618600666246, 38.766139602226026], [141.44621333535773, 38.76622171831174], [141.44625071336284, 38.76629483675034], [141.4462938393403, 38.766371329494625], [141.44634557771565, 38.76642420075265], [141.4463944420426, 38.76646245660539], [141.44644905909936, 38.76650746686349], [141.44654445174768, 38.766596441018905], [141.44663035084045, 38.76660270643612], [141.44677730833294, 38.76654183230286]]]}, "properties": {"KEYCODE": "000205@B095@04@0002@0000@0000@0000", "小班": "2", "小班面積": 0.28, "林種": "人工林", "中樹種": "スギ", "林齢": 62, "齢級": 13, "所有形態": "個人", "ADDDATE": "2022-09-29", "ADDTENANT": "04000F", "ADDUSER": "pasco01", "EDITDATE": null, "EDITTENANT": "", "EDITUSER": ""}}, {"type": "Feature", "geometry": {"type": "Polygon", "coordinates": [[[141.446879611908, 38.766032304926306], [141.44666722016663, 38.765792721626646], [141.4470479276846, 38.7656562193318], [141.44700568885983, 38.765396807223894], [141.44716974973952, 38.765409255443394], [141.44724068186306, 38.76544415994996], [141.44728799486444, 38.76542293599302], [141.4472374697975, 38.76535359950322], [141.4470919922065, 38.765288576027196], [141.44707671748628, 38.76521142741052], [141.44698380884984, 38.76516996349305], [141.44681738467222, 38.76507644637678], [141.44678615739912, 38.76498507981627], [141.44681524221508, 38.76492367831626], [141.44668656593277, 38.764873983074985], [141.44664620302692, 38.764902170238194], [141.44661619315025, 38.76495297937644], [141.44664721745025, 38.76496784072981], [141.4466813013314, 38.76498416798352], [141.4466430166634, 38.76500834158287], [141.44664587435216, 38.76507466815876], [141.4466540683984, 38.765264855378355], [141.44665556114725, 38.765299567860914], [141.4466549592145, 38.76529968813538], [141.44658229386621, 38.76531416836649], [141.44654062834206, 38.76532652197096], [141.44651190397062, 38.7653490147553], [141.4464960966376, 38.765366998377644], [141.44650328918806, 38.76538724869504], [141.44651480177527, 38.765417620373086], [141.4465248714886, 38.76548510639347], [141.4464605429913, 38.76550069504828], [141.44635091974737, 38.765498409747764], [141.44630375325136, 38.76553679451927], [141.4461855782451, 38.76567375679083], [141.44622734083853, 38.765715489557884], [141.44628800744425, 38.76583149166638], [141.44631549957668, 38.765913343815306], [141.446255467134, 38.76601377008901], [141.44629798978812, 38.7661441689682], [141.44634954426468, 38.76619157098572], [141.44646561686713, 38.766235773306825], [141.44668179883973, 38.76644904728407], [141.44677730833294, 38.76654183230286], [141.44681979939114, 38.766513869962075], [141.4469076154561, 38.7664225938388], [141.44691101263587, 38.766285994739924], [141.44689133628822, 38.76622817619871], [141.4469420602847, 38.76617856904588], [141.44689138026928, 38.7661266348257], [141.44687666079233, 38.7660726631856], [141.446879611908, 38.766032304926306]]]}, "properties": {"KEYCODE": "000205@B095@04@0003@0000@0000@0000", "小班": "3", "小班面積": 0.73, "林種": "人工林", "中樹種": "マツ類", "林齢": 59, "齢級": 12, "所有形態": "個人", "ADDDATE": "2022-09-29", "ADDTENANT": "04000F", "ADDUSER": "pasco01", "EDITDATE": null, "EDITTENANT": "", "EDITUSER": ""}}, {"type": "Feature", "geometry": {"type": "Polygon", "coordinates": [[[141.44605359609488, 38.765632116840955], [141.446122300747, 38.76557507712108], [141.44611806027768, 38.7655064515072], [141.4462134171329, 38.76538296645908], [141.4462777241002, 38.76540292808898], [141.44632442572, 38.76528655388156], [141.44635701155465, 38.76525205904698], [141.44652464950343, 38.76522216107593], [141.4466549592145, 38.76529968813538], [141.44665556114725, 38.765299567860914], [141.4466540683984, 38.765264855378355], [141.44664587435216, 38.76507466815876], [141.4466430166634, 38.76500834158287], [141.4466813013314, 38.76498416798352], [141.44664721745025, 38.76496784072981], [141.44661619315025, 38.76495297937644], [141.44664620302692, 38.764902170238194], [141.44668656593277, 38.764873983074985], [141.44661989922747, 38.76484823591839], [141.44635435096362, 38.764782182957674], [141.44626775380573, 38.76476064278823], [141.4462200907309, 38.76493394478885], [141.44620994059616, 38.76497013453273], [141.44618550203168, 38.765057264374725], [141.4461651078508, 38.7651299740723], [141.44614189525373, 38.76521273356169], [141.44612095608744, 38.765287388427154], [141.44611549820954, 38.765293155714836], [141.44601402208275, 38.76540038016028], [141.44594844361936, 38.76555386266682], [141.4458877800892, 38.76569583932821], [141.44594663291304, 38.76569857407011], [141.4459823808692, 38.765697137154675], [141.44605359609488, 38.765632116840955]]]}, "properties": {"KEYCODE": "000205@B095@04@0004@0000@0000@0000", "小班": "4", "小班面積": 0.28, "林種": "天然林", "中樹種": "その他L", "林齢": 88, "齢級": 18, "所有形態": "個人", "ADDDATE": "2022-09-29", "ADDTENANT": "04000F", "ADDUSER": "pasco01", "EDITDATE": null, "EDITTENANT": "", "EDITUSER": ""}}, {"type": "Feature", "geometry": {"type": "Polygon", "coordinates": [[[141.44755728738133, 38.76656186076165], [141.44770975894278, 38.76650536633676], [141.44801345322765, 38.76660847097278], [141.44808518637504, 38.76663234204507], [141.44817036140057, 38.766618177049104], [141.4481179712009, 38.76654423280783], [141.44795616932134, 38.76652863715087], [141.44792946259443, 38.766503034656395], [141.4480457252843, 38.766427339434514], [141.4482526713939, 38.76638191530016], [141.44823205550045, 38.766320138015374], [141.44825347361447, 38.76626249268072], [141.44820377256568, 38.76621841865414], [141.44807738971406, 38.76617903890286], [141.44798239595605, 38.7661788232066], [141.44784290743965, 38.76620887526428], [141.44770758862305, 38.76622439640016], [141.44761968923495, 38.76618932821384], [141.44748049579027, 38.76626751015036], [141.44734642574724, 38.76639693016207], [141.44723697269097, 38.76641466708789], [141.44719042708056, 38.766383447074055], [141.44719190716663, 38.766271886568994], [141.4471396160742, 38.76610836854595], [141.4471274008276, 38.76606318278125], [141.4470414144819, 38.76601079800879], [141.4469815434614, 38.765989580194066], [141.446879611908, 38.766032304926306], [141.44687666079233, 38.7660726631856], [141.44689138026928, 38.7661266348257], [141.4469420602847, 38.76617856904588], [141.44689133628822, 38.76622817619871], [141.44691101263587, 38.766285994739924], [141.4469076154561, 38.7664225938388], [141.44681979939114, 38.766513869962075], [141.44677730833294, 38.76654183230286], [141.44663035084045, 38.76660270643612], [141.44674630117362, 38.76661116449447], [141.4468110638619, 38.76661647225413], [141.44690208469123, 38.76662393129359], [141.44697753466767, 38.766630114375104], [141.4470132571672, 38.76663304208988], [141.44720004513982, 38.766664421143574], [141.4473084571089, 38.76665405900259], [141.44755728738133, 38.76656186076165]]]}, "properties": {"KEYCODE": "000205@B095@04@0005@0000@0000@0000", "小班": "5", "小班面積": 0.49, "林種": "天然林", "中樹種": "その他L", "林齢": 78, "齢級": 16, "所有形態": "個人", "ADDDATE": "2022-09-29", "ADDTENANT": "04000F", "ADDUSER": "pasco01", "EDITDATE": null, "EDITTENANT": "", "EDITUSER": ""}}, {"type": "Feature", "geometry": {"type": "Polygon", "coordinates": [[[141.44864863556802, 38.766032327361856], [141.44864430976273, 38.76599745865782], [141.44861987219522, 38.76596033640095], [141.44856237394723, 38.765889460646925], [141.4484991411959, 38.765814083568664], [141.4484071454151, 38.765715083332985], [141.44828641904954, 38.765607073040854], [141.4482289359889, 38.7655553229379], [141.44818294247722, 38.765520440092466], [141.4481153976464, 38.76547094103628], [141.4481142130491, 38.76547101303232], [141.44797833990435, 38.765479292435316], [141.4480191435658, 38.765510275676014], [141.44807232137185, 38.76554965227713], [141.44811831927856, 38.76559577825378], [141.44815137448757, 38.76563965790943], [141.4481498198159, 38.765714330973395], [141.44810249256597, 38.76573388690413], [141.4480647698069, 38.76570190642019], [141.44802278637735, 38.765599155471854], [141.4479633720981, 38.76559374728204], [141.44793793896852, 38.76561032768064], [141.44793743752865, 38.7656582414653], [141.44797359064592, 38.7657202632249], [141.4479028462859, 38.765762179796596], [141.4478309979962, 38.76573966685318], [141.44774765876352, 38.765708151317185], [141.44767437744102, 38.76569014035206], [141.4475709257849, 38.76567773919085], [141.44747465666543, 38.76567095778768], [141.44746287279418, 38.765670604396576], [141.44748372795135, 38.76561462249434], [141.44753803815433, 38.76556277193741], [141.4473797857526, 38.765530341701734], [141.4472911167739, 38.76549759799796], [141.44727919582198, 38.765493195806236], [141.44712113072612, 38.76544028970012], [141.44700568885983, 38.765396807223894], [141.4470479276846, 38.7656562193318], [141.4470882092218, 38.76581594196362], [141.4471025887717, 38.76588005398355], [141.44717443177868, 38.76587107317877], [141.4473123481478, 38.76583512303961], [141.44737986975068, 38.765816020785365], [141.44744740097016, 38.76579804455441], [141.44751061359784, 38.76578906294495], [141.44757526492438, 38.76578683131829], [141.4476657998115, 38.765816101973485], [141.4477735715068, 38.765866750157286], [141.4479086483642, 38.765932020254986], [141.4480494679348, 38.76598379979003], [141.44816586668153, 38.76601644749196], [141.44826788015433, 38.76604234201763], [141.44837133652413, 38.76605923797659], [141.4484747907061, 38.76607051320132], [141.44855956589922, 38.766062669771685], [141.44861990783807, 38.76605706389477], [141.44864863556802, 38.766032327361856]]]}, "properties": {"KEYCODE": "000205@B095@04@0006@0000@0000@0000", "小班": "6", "小班面積": 0.45, "林種": "人工林", "中樹種": "スギ", "林齢": 62, "齢級": 13, "所有形態": "個人", "ADDDATE": "2022-09-29", "ADDTENANT": "04000F", "ADDUSER": "pasco01", "EDITDATE": null, "EDITTENANT": "", "EDITUSER": ""}}, {"type": "Feature", "geometry": {"type": "Polygon", "coordinates": [[[141.44797833990435, 38.765479292435316], [141.44794799047844, 38.76539789533669], [141.44788670008126, 38.7653867763194], [141.44778201070545, 38.76542737132015], [141.44766856164915, 38.76548656250365], [141.4475996234428, 38.76557539227212], [141.44753803815433, 38.76556277193741], [141.44748372795135, 38.76561462249434], [141.44746287279418, 38.765670604396576], [141.44747465666543, 38.76567095778768], [141.4475709257849, 38.76567773919085], [141.44767437744102, 38.76569014035206], [141.44774765876352, 38.765708151317185], [141.4478309979962, 38.76573966685318], [141.4479028462859, 38.765762179796596], [141.44797359064592, 38.7657202632249], [141.44793743752865, 38.7656582414653], [141.44793793896852, 38.76561032768064], [141.4479633720981, 38.76559374728204], [141.44802278637735, 38.765599155471854], [141.4480647698069, 38.76570190642019], [141.44810249256597, 38.76573388690413], [141.4481498198159, 38.765714330973395], [141.44815137448757, 38.76563965790943], [141.44811831927856, 38.76559577825378], [141.44807232137185, 38.76554965227713], [141.4480191435658, 38.765510275676014], [141.44797833990435, 38.765479292435316]]]}, "properties": {"KEYCODE": "000205@B095@04@0006@0001@0000@0000", "小班": "6-1", "小班面積": 0.13, "林種": "人工林", "中樹種": "マツ類", "林齢": 62, "齢級": 13, "所有形態": "個人", "ADDDATE": "2022-09-29", "ADDTENANT": "04000F", "ADDUSER": "pasco01", "EDITDATE": null, "EDITTENANT": "", "EDITUSER": ""}}, {"type": "Feature", "geometry": {"type": "Polygon", "coordinates": [[[141.4470414144819, 38.76601079800879], [141.44706670825263, 38.76599026723245], [141.44708825391788, 38.765959902195355], [141.44709829906088, 38.765919418389565], [141.4471025887717, 38.76588005398355], [141.4470882092218, 38.76581594196362], [141.4470479276846, 38.7656562193318], [141.44666722016663, 38.765792721626646], [141.446879611908, 38.766032304926306], [141.4469815434614, 38.765989580194066], [141.4470414144819, 38.76601079800879]]]}, "properties": {"KEYCODE": "000205@B095@04@0007@0000@0000@0000", "小班": "7", "小班面積": 0.1, "林種": "人工林", "中樹種": "スギ", "林齢": 59, "齢級": 12, "所有形態": "個人", "ADDDATE": "2022-09-29", "ADDTENANT": "04000F", "ADDUSER": "pasco01", "EDITDATE": null, "EDITTENANT": "", "EDITUSER": ""}}, {"type": "Feature", "geometry": {"type": "Polygon", "coordinates": [[[141.44766856164915, 38.76548656250365], [141.44757659390112, 38.76542017368724], [141.447455865179, 38.76532228854661], [141.4473725151371, 38.76524916066939], [141.44727629853935, 38.76516089328914], [141.44727571647147, 38.76516078013183], [141.4472225443882, 38.765078344175656], [141.44711173596139, 38.76504147162], [141.44707290618274, 38.765026045079416], [141.4468452864285, 38.76493561506572], [141.44681524221508, 38.76492367831626], [141.44678615739912, 38.76498507981627], [141.44681738467222, 38.76507644637678], [141.44698380884984, 38.76516996349305], [141.44707671748628, 38.76521142741052], [141.4470919922065, 38.765288576027196], [141.4472374697975, 38.76535359950322], [141.44728799486444, 38.76542293599302], [141.44724068186306, 38.76544415994996], [141.44716974973952, 38.765409255443394], [141.44700568885983, 38.765396807223894], [141.44712113072612, 38.76544028970012], [141.44727919582198, 38.765493195806236], [141.4472911167739, 38.76549759799796], [141.4473797857526, 38.765530341701734], [141.44753803815433, 38.76556277193741], [141.4475996234428, 38.76557539227212], [141.44766856164915, 38.76548656250365]]]}, "properties": {"KEYCODE": "000205@B095@04@0008@0000@0000@0000", "小班": "8", "小班面積": 0.19, "林種": "人工林", "中樹種": "スギ", "林齢": 66, "齢級": 14, "所有形態": "個人", "ADDDATE": "2022-09-29", "ADDTENANT": "04000F", "ADDUSER": "pasco01", "EDITDATE": null, "EDITTENANT": "", "EDITUSER": ""}}, {"type": "Feature", "geometry": {"type": "Polygon", "coordinates": [[[141.44797833990435, 38.765479292435316], [141.4481142130491, 38.76547101303232], [141.4481153976464, 38.76547094103628], [141.44811013971287, 38.76523422552442], [141.44811088612929, 38.76518014295195], [141.4479962571675, 38.76516879463903], [141.44788204471584, 38.76515462063307], [141.44767947960509, 38.765207614687725], [141.44767056220405, 38.765209948020306], [141.44755720531646, 38.76519893132509], [141.4475424211847, 38.765193286563814], [141.44747393347035, 38.765167135057766], [141.44731935977205, 38.76511056046125], [141.4472225443882, 38.765078344175656], [141.44727571647147, 38.76516078013183], [141.44727629853935, 38.76516089328914], [141.4473725151371, 38.76524916066939], [141.447455865179, 38.76532228854661], [141.44757659390112, 38.76542017368724], [141.44766856164915, 38.76548656250365], [141.44778201070545, 38.76542737132015], [141.44788670008126, 38.7653867763194], [141.44794799047844, 38.76539789533669], [141.44797833990435, 38.765479292435316]]]}, "properties": {"KEYCODE": "000205@B095@04@0009@0000@0000@0000", "小班": "9", "小班面積": 0.18, "林種": "人工林", "中樹種": "スギ", "林齢": 109, "齢級": 22, "所有形態": "個人", "ADDDATE": "2022-09-29", "ADDTENANT": "04000F", "ADDUSER": "pasco01", "EDITDATE": null, "EDITTENANT": "", "EDITUSER": ""}}, {"type": "Feature", "geometry": {"type": "Polygon", "coordinates": [[[141.44906717665367, 38.766046561665604], [141.44896856327443, 38.76595586601331], [141.4487747617119, 38.76586260492268], [141.44875426932109, 38.76585274357769], [141.44857707588585, 38.76565344460308], [141.44857667170626, 38.7656523395366], [141.4485754132401, 38.76564890205772], [141.44849505184163, 38.76542938350275], [141.448475700581, 38.76529845085687], [141.44848186135192, 38.76522568054585], [141.44848368227215, 38.76520416670949], [141.44836350046862, 38.76522008369991], [141.44834767575725, 38.765222179560986], [141.44821442917336, 38.76519039453381], [141.44811088612929, 38.76518014295195], [141.44811013971287, 38.76523422552442], [141.4481153976464, 38.76547094103628], [141.44818294247722, 38.765520440092466], [141.4482289359889, 38.7655553229379], [141.44828641904954, 38.765607073040854], [141.4484071454151, 38.765715083332985], [141.4484991411959, 38.765814083568664], [141.44856237394723, 38.765889460646925], [141.44861987219522, 38.76596033640095], [141.44864430976273, 38.76599745865782], [141.44864863556802, 38.766032327361856], [141.4487322195644, 38.766182126943995], [141.44881884761972, 38.766195593136175], [141.44881486736617, 38.766116844763424], [141.44893704440705, 38.76608281160773], [141.44896017342953, 38.76607636913556], [141.44906717665367, 38.766046561665604]]]}, "properties": {"KEYCODE": "000205@B095@04@0010@0000@0000@0000", "小班": "10", "小班面積": 0.29, "林種": "人工林", "中樹種": "スギ", "林齢": 69, "齢級": 14, "所有形態": "個人", "ADDDATE": "2022-09-29", "ADDTENANT": "04000F", "ADDUSER": "pasco01", "EDITDATE": null, "EDITTENANT": "", "EDITUSER": ""}}, {"type": "Feature", "geometry": {"type": "Polygon", "coordinates": [[[141.44823205550045, 38.766320138015374], [141.44827659212112, 38.76632465138471], [141.44839460701803, 38.766329678067805], [141.44836850067674, 38.76617283623615], [141.4484518334606, 38.766160487915855], [141.4484673093079, 38.76615981908481], [141.44850354997277, 38.76615825177911], [141.4485638984028, 38.76616277100163], [141.44868028671993, 38.76617404912833], [141.44873182780043, 38.76618206594446], [141.4487322195644, 38.766182126943995], [141.44864863556802, 38.766032327361856], [141.44861990783807, 38.76605706389477], [141.44855956589922, 38.766062669771685], [141.4484747907061, 38.76607051320132], [141.44837133652413, 38.76605923797659], [141.44826788015433, 38.76604234201763], [141.44816586668153, 38.76601644749196], [141.4480494679348, 38.76598379979003], [141.4479086483642, 38.765932020254986], [141.4477735715068, 38.765866750157286], [141.4476657998115, 38.765816101973485], [141.44757526492438, 38.76578683131829], [141.44751061359784, 38.76578906294495], [141.44744740097016, 38.76579804455441], [141.44737986975068, 38.765816020785365], [141.4473123481478, 38.76583512303961], [141.44717443177868, 38.76587107317877], [141.4471025887717, 38.76588005398355], [141.44709829906088, 38.765919418389565], [141.44708825391788, 38.765959902195355], [141.44706670825263, 38.76599026723245], [141.4470414144819, 38.76601079800879], [141.4471274008276, 38.76606318278125], [141.4471396160742, 38.76610836854595], [141.44719190716663, 38.766271886568994], [141.44719042708056, 38.766383447074055], [141.44723697269097, 38.76641466708789], [141.44734642574724, 38.76639693016207], [141.44748049579027, 38.76626751015036], [141.44761968923495, 38.76618932821384], [141.44770758862305, 38.76622439640016], [141.44784290743965, 38.76620887526428], [141.44798239595605, 38.7661788232066], [141.44807738971406, 38.76617903890286], [141.44820377256568, 38.76621841865414], [141.44825347361447, 38.76626249268072], [141.44823205550045, 38.766320138015374]]]}, "properties": {"KEYCODE": "000205@B095@04@0011@0000@0000@0000", "小班": "11", "小班面積": 0.47, "林種": "人工林", "中樹種": "スギ", "林齢": 88, "齢級": 18, "所有形態": "個人", "ADDDATE": "2022-09-29", "ADDTENANT": "04000F", "ADDUSER": "pasco01", "EDITDATE": null, "EDITTENANT": "", "EDITUSER": ""}}, {"type": "Feature", "geometry": {"type": "Polygon", "coordinates": [[[141.4488198717888, 38.76636903972983], [141.44882340246122, 38.7663227343014], [141.44882041276506, 38.766226552993665], [141.44881884761972, 38.766195593136175], [141.4487322195644, 38.766182126943995], [141.44873182780043, 38.76618206594446], [141.44868028671993, 38.76617404912833], [141.4485638984028, 38.76616277100163], [141.44850354997277, 38.76615825177911], [141.4484673093079, 38.76615981908481], [141.4484518334606, 38.766160487915855], [141.44836850067674, 38.76617283623615], [141.44839460701803, 38.766329678067805], [141.44827659212112, 38.76632465138471], [141.44823205550045, 38.766320138015374], [141.4482526713939, 38.76638191530016], [141.4480457252843, 38.766427339434514], [141.44792946259443, 38.766503034656395], [141.44795616932134, 38.76652863715087], [141.4481179712009, 38.76654423280783], [141.44817036140057, 38.766618177049104], [141.44808518637504, 38.76663234204507], [141.44830690625858, 38.76670612426448], [141.44840842824158, 38.76674434632512], [141.44848921847688, 38.76676079389601], [141.4486101330086, 38.76678541026738], [141.44878444129503, 38.76680124005678], [141.44878690767555, 38.7667704805912], [141.4488044283508, 38.76655202067347], [141.4488121394503, 38.7664704765361], [141.4488198717888, 38.76636903972983]]]}, "properties": {"KEYCODE": "000205@B095@04@0012@0000@0000@0000", "小班": "12", "小班面積": 0.35, "林種": "人工林", "中樹種": "スギ", "林齢": 73, "齢級": 15, "所有形態": "個人", "ADDDATE": "2022-09-29", "ADDTENANT": "04000F", "ADDUSER": "pasco01", "EDITDATE": null, "EDITTENANT": "", "EDITUSER": ""}}, {"type": "Feature", "geometry": {"type": "Polygon", "coordinates": [[[141.44914991968682, 38.76625638448084], [141.44914912823313, 38.76625654540589], [141.44882340246122, 38.7663227343014], [141.4488198717888, 38.76636903972983], [141.44893645790643, 38.76633084868016], [141.4490383137842, 38.76630471785461], [141.44913589730842, 38.76628759042487], [141.44915861362523, 38.76628533832632], [141.4491588844281, 38.76628458015171], [141.44914991968682, 38.76625638448084]]]}, "properties": {"KEYCODE": "000205@B095@04@0013@0000@0000@0000", "小班": "13", "小班面積": 0.02, "林種": "人工林", "中樹種": "スギ", "林齢": 103, "齢級": 21, "所有形態": "個人", "ADDDATE": "2022-09-29", "ADDTENANT": "04000F", "ADDUSER": "pasco01", "EDITDATE": null, "EDITTENANT": "", "EDITUSER": ""}}, {"type": "Feature", "geometry": {"type": "Polygon", "coordinates": [[[141.44914991968682, 38.76625638448084], [141.44914873331808, 38.76625196826205], [141.44913696409543, 38.766208219083786], [141.44898696988628, 38.76621763080765], [141.44890196376844, 38.76622218481196], [141.44882041276506, 38.766226552993665], [141.44882340246122, 38.7663227343014], [141.44914912823313, 38.76625654540589], [141.44914991968682, 38.76625638448084]]]}, "properties": {"KEYCODE": "000205@B095@04@0014@0000@0000@0000", "小班": "14", "小班面積": 0.03, "林種": "人工林", "中樹種": "スギ", "林齢": 98, "齢級": 20, "所有形態": "個人", "ADDDATE": "2022-09-29", "ADDTENANT": "04000F", "ADDUSER": "pasco01", "EDITDATE": null, "EDITTENANT": "", "EDITUSER": ""}}, {"type": "Feature", "geometry": {"type": "Polygon", "coordinates": [[[141.44913696409543, 38.766208219083786], [141.44912386953374, 38.766177886637095], [141.44906717665367, 38.766046561665604], [141.44896017342953, 38.76607636913556], [141.44893704440705, 38.76608281160773], [141.44881486736617, 38.766116844763424], [141.44881884761972, 38.766195593136175], [141.44882041276506, 38.766226552993665], [141.44890196376844, 38.76622218481196], [141.44898696988628, 38.76621763080765], [141.44913696409543, 38.766208219083786]]]}, "properties": {"KEYCODE": "000205@B095@04@0015@0001@0000@0000", "小班": "15-1", "小班面積": 0.04, "林種": "人工林", "中樹種": "スギ", "林齢": 67, "齢級": 14, "所有形態": "個人", "ADDDATE": "2022-09-29", "ADDTENANT": "04000F", "ADDUSER": "pasco01", "EDITDATE": null, "EDITTENANT": "", "EDITUSER": ""}}, {"type": "Feature", "geometry": {"type": "Polygon", "coordinates": [[[141.44932445354283, 38.76586098294076], [141.4493307830916, 38.765810211444], [141.44923921815564, 38.76586197267422], [141.44917729579666, 38.765887037417784], [141.44910363652343, 38.76590811896897], [141.4491158940206, 38.765927020830325], [141.44919863323167, 38.76605461668606], [141.44924128507577, 38.76612098573073], [141.44925965043774, 38.7661570011306], [141.4492914618667, 38.76621938679085], [141.44930350289462, 38.76615020253386], [141.44930516225898, 38.76613173995427], [141.44931031333763, 38.76607452339722], [141.44931315351272, 38.766042968263164], [141.44932445354283, 38.76586098294076]]]}, "properties": {"KEYCODE": "000205@B095@04@0015@0000@0000@0000", "小班": "15", "小班面積": 0.05, "林種": "人工林", "中樹種": "スギ", "林齢": 67, "齢級": 14, "所有形態": "個人", "ADDDATE": "2022-09-29", "ADDTENANT": "04000F", "ADDUSER": "pasco01", "EDITDATE": null, "EDITTENANT": "", "EDITUSER": ""}}, {"type": "Feature", "geometry": {"type": "Polygon", "coordinates": [[[141.44896129551748, 38.76574966529782], [141.44885217333854, 38.765803606968454], [141.44902563682558, 38.765899484952904], [141.44904748882263, 38.765886117741374], [141.44896129551748, 38.76574966529782]]]}, "properties": {"KEYCODE": "000205@B095@04@0017@0000@0000@0000", "小班": "17", "小班面積": 0.02, "林種": "人工林", "中樹種": "スギ", "林齢": 89, "齢級": 18, "所有形態": "個人", "ADDDATE": "2022-09-29", "ADDTENANT": "04000F", "ADDUSER": "pasco01", "EDITDATE": null, "EDITTENANT": "", "EDITUSER": ""}}, {"type": "Feature", "geometry": {"type": "Polygon", "coordinates": [[[141.44896129551748, 38.76574966529782], [141.44894440007343, 38.7657229149688], [141.44878248006472, 38.76540486157449], [141.44870502155763, 38.76523424441308], [141.448646421693, 38.76508944292393], [141.44864555759153, 38.765087306957625], [141.44864310068348, 38.76506919848281], [141.44862625660295, 38.764966535207535], [141.44860249272136, 38.765037020747776], [141.44858112711316, 38.76522839584472], [141.4485724305826, 38.76530628845794], [141.44857222325695, 38.76530814087891], [141.44858440375128, 38.765445525594984], [141.44866220130226, 38.76562494274338], [141.44885217333854, 38.765803606968454], [141.44896129551748, 38.76574966529782]]]}, "properties": {"KEYCODE": "000205@B095@04@0017@0001@0000@0000", "小班": "17-1", "小班面積": 0.12, "林種": "人工林", "中樹種": "スギ", "林齢": 46, "齢級": 10, "所有形態": "個人", "ADDDATE": "2022-09-29", "ADDTENANT": "04000F", "ADDUSER": "pasco01", "EDITDATE": null, "EDITTENANT": "", "EDITUSER": ""}}, {"type": "Feature", "geometry": {"type": "Polygon", "coordinates": [[[141.4492903836231, 38.76546778877587], [141.44916415233925, 38.76536604075927], [141.44906240400616, 38.765412423141825], [141.44880950430462, 38.76539631396027], [141.44896933975107, 38.765711468422104], [141.44907421228572, 38.76586518441019], [141.44915152384786, 38.76584329985922], [141.44920939641776, 38.765823670819785], [141.44930961407573, 38.765758467772535], [141.4493389095906, 38.76575430441012], [141.4493479206344, 38.7656848433239], [141.44936147825072, 38.76561821409445], [141.44936539301455, 38.76553820341499], [141.4492903836231, 38.76546778877587]]]}, "properties": {"KEYCODE": "000205@B095@04@0018@0000@0000@0000", "小班": "18", "小班面積": 0.17, "林種": "人工林", "中樹種": "スギ", "林齢": 66, "齢級": 14, "所有形態": "個人", "ADDDATE": "2022-09-29", "ADDTENANT": "04000F", "ADDUSER": "pasco01", "EDITDATE": null, "EDITTENANT": "", "EDITUSER": ""}}, {"type": "Feature", "geometry": {"type": "Polygon", "coordinates": [[[141.44836350046862, 38.76522008369991], [141.44823491398301, 38.76514872778948], [141.44803962222989, 38.76506179935012], [141.44800538134072, 38.76500977824055], [141.44801947904514, 38.764949637230785], [141.4480017172853, 38.76492203637142], [141.44794424966796, 38.76491639361018], [141.4478522955627, 38.764924246409315], [141.44779052429212, 38.76493885028908], [141.44776178706192, 38.76494783910087], [141.44773880220143, 38.764951204037786], [141.4477158114499, 38.76495119877014], [141.4476942605869, 38.764943321155926], [141.44766263830692, 38.76491631651868], [141.44764682750244, 38.76490956186429], [141.44761521666658, 38.76490281007142], [141.44759797345336, 38.76489943226897], [141.44756349507608, 38.764901667500574], [141.44753187892528, 38.7649050318116], [141.44750459053563, 38.76490840039915], [141.44744354396548, 38.76488902230417], [141.44734325645575, 38.76491028680216], [141.44707290618274, 38.765026045079416], [141.44711173596139, 38.76504147162], [141.4472225443882, 38.765078344175656], [141.44731935977205, 38.76511056046125], [141.44747393347035, 38.765167135057766], [141.4475424211847, 38.765193286563814], [141.44755720531646, 38.76519893132509], [141.44767056220405, 38.765209948020306], [141.44767947960509, 38.765207614687725], [141.44788204471584, 38.76515462063307], [141.4479962571675, 38.76516879463903], [141.44811088612929, 38.76518014295195], [141.44821442917336, 38.76519039453381], [141.44834767575725, 38.765222179560986], [141.44836350046862, 38.76522008369991]]]}, "properties": {"KEYCODE": "000205@B095@05@0001@0000@0000@0000", "小班": "1", "小班面積": 0.22, "林種": "人工林", "中樹種": "スギ", "林齢": 104, "齢級": 21, "所有形態": "個人", "ADDDATE": "2022-09-29", "ADDTENANT": "04000F", "ADDUSER": "pasco01", "EDITDATE": null, "EDITTENANT": "", "EDITUSER": ""}}, {"type": "Feature", "geometry": {"type": "Polygon", "coordinates": [[[141.44848368227213, 38.765204166709474], [141.44851724069818, 38.76505994671991], [141.44853693313806, 38.7649652946222], [141.4485626406328, 38.76481535924933], [141.4485764915854, 38.76469438684565], [141.4485001660443, 38.76469308591713], [141.4483893258819, 38.76470037188194], [141.44836074066865, 38.76460091985973], [141.44834760543978, 38.76444473853889], [141.44834377999257, 38.7643342194076], [141.4483579978068, 38.76419429035257], [141.44832837631384, 38.76409070867875], [141.4482698665563, 38.76399172939], [141.44817598947802, 38.76387847683377], [141.448165368224, 38.76387103459494], [141.44814507072303, 38.763889572687496], [141.44810197695332, 38.76392442959855], [141.44808044267648, 38.763954794770065], [141.44806177835787, 38.76400315364468], [141.4480287387045, 38.76402563256394], [141.4479985651125, 38.76404137755949], [141.44773781996207, 38.764069873453934], [141.44772534520644, 38.76406406571005], [141.4477082307187, 38.76419124735302], [141.44776254053508, 38.7643833714168], [141.44776249405768, 38.76438342627123], [141.44802811163072, 38.764906945945256], [141.44801062415445, 38.764935877189984], [141.44801947904514, 38.76494963723079], [141.4480053813407, 38.76500977824057], [141.44803962222989, 38.765061799350114], [141.448234913983, 38.76514872778948], [141.44836350046862, 38.765220083699916], [141.44848368227213, 38.765204166709474], [141.44848368227213, 38.765204166709474]]]}, "properties": {"KEYCODE": "000205@B095@05@0002@0000@0000@0000", "小班": "2", "小班面積": 0.12, "林種": "人工林", "中樹種": "スギ", "林齢": 4, "齢級": 1, "所有形態": "個人", "ADDDATE": "2022-09-29", "ADDTENANT": "04000F", "ADDUSER": "pasco01", "EDITDATE": "2025-05-13", "EDITTENANT": "04000F", "EDITUSER": "ksbrs02"}}, {"type": "Feature", "geometry": {"type": "Polygon", "coordinates": [[[141.44857649158544, 38.76469438684565], [141.4485821746305, 38.764655778099396], [141.44858601478273, 38.76462968881831], [141.44857536744613, 38.764420251802854], [141.44856182340575, 38.76433308987407], [141.44851636683828, 38.76418243899576], [141.44850213547016, 38.764108485927025], [141.44849114643154, 38.764051384064466], [141.44849160855495, 38.76393903157458], [141.44851026721332, 38.76379235847582], [141.44849156729484, 38.763627341676035], [141.44838830054442, 38.76360116473448], [141.4483188733421, 38.763612340752424], [141.44821024861045, 38.763586633281996], [141.44819294941416, 38.76358769274649], [141.44808338549768, 38.76359439963809], [141.44795765339083, 38.76363072715002], [141.4479565731566, 38.76368574751678], [141.44795611580085, 38.763709022628525], [141.44801834153768, 38.76376776678267], [141.44809605517412, 38.7638224655209], [141.448165368224, 38.763871034594956], [141.44817598947802, 38.763878476833774], [141.44826986655633, 38.76399172939003], [141.44832837631384, 38.764090708678786], [141.4483579978068, 38.764194290352584], [141.44834377999257, 38.76433421940762], [141.44834760543978, 38.7644447385389], [141.44836074066868, 38.764600919859745], [141.44838932588192, 38.76470037188193], [141.4485001660443, 38.76469308591716], [141.44857649158544, 38.76469438684565]]]}, "properties": {"KEYCODE": "000205@B095@05@0002@0003@0000@0000", "小班": "2-3", "小班面積": 0.3, "林種": "人工林", "中樹種": "スギ", "林齢": 66, "齢級": 14, "所有形態": "個人", "ADDDATE": "2022-09-29", "ADDTENANT": "04000F", "ADDUSER": "pasco01", "EDITDATE": null, "EDITTENANT": "", "EDITUSER": ""}}, {"type": "Feature", "geometry": {"type": "Polygon", "coordinates": [[[141.44776249405768, 38.76438342627123], [141.44776249405768, 38.76438342627123], [141.44776254053508, 38.7643833714168], [141.44770602506088, 38.764183444690346], [141.44758727510788, 38.76411065437467], [141.4474851145438, 38.764126446017926], [141.4474600650391, 38.76418759766085], [141.44738848055158, 38.76421848423571], [141.44721994082354, 38.764162163044944], [141.44699988121627, 38.76420431730545], [141.44689055273813, 38.76423635488727], [141.44675648536492, 38.764365773343904], [141.44663572915772, 38.76445655016928], [141.44669541074308, 38.76454692782696], [141.44669637419128, 38.76454817590956], [141.446430146532, 38.7646451761519], [141.44633049635732, 38.76465929237662], [141.44646702697344, 38.76475380755304], [141.44635435096362, 38.76478218295766], [141.44661989922747, 38.76484823591839], [141.44668656593277, 38.764873983074985], [141.44668656593277, 38.764873983074985], [141.44681524221505, 38.76492367831626], [141.4468452864285, 38.764935615065724], [141.4470729061827, 38.76502604507942], [141.44734325645575, 38.76491028680216], [141.44744354396548, 38.764889022304175], [141.44750459053566, 38.76490840039912], [141.44753187892528, 38.764905031811615], [141.44756349507608, 38.76490166750056], [141.44759797345336, 38.76489943226896], [141.44761521666655, 38.76490281007139], [141.44764682750244, 38.764909561864265], [141.44766263830692, 38.764916316518686], [141.44769426058687, 38.764943321155904], [141.4477158114499, 38.76495119877011], [141.44773880220143, 38.764951204037786], [141.44776178706192, 38.76494783910087], [141.44779052429212, 38.76493885028906], [141.4478522955627, 38.764924246409315], [141.44794424966793, 38.76491639361017], [141.4480017172853, 38.764922036371416], [141.44801062415445, 38.764935877189984], [141.44802811163072, 38.764906945945256], [141.44776249405768, 38.76438342627123], [141.44776249405768, 38.76438342627123]]]}, "properties": {"KEYCODE": "000205@B095@05@0002@0001@0000@0000", "小班": "2-1", "小班面積": 0.65, "林種": "人工林", "中樹種": "マツ類", "林齢": 48, "齢級": 10, "所有形態": "個人", "ADDDATE": "2022-09-29", "ADDTENANT": "04000F", "ADDUSER": "pasco01", "EDITDATE": "2025-05-13", "EDITTENANT": "04000F", "EDITUSER": "ksbrs02"}}, {"type": "Feature", "geometry": {"type": "Polygon", "coordinates": [[[141.44663572915772, 38.76445655016928], [141.44650859214929, 38.76444676690944], [141.44640372460898, 38.76451084783097], [141.44635632930806, 38.76456369852644], [141.4463432672319, 38.7646120277415], [141.44633049635732, 38.76465929237662], [141.446430146532, 38.764645176151944], [141.44669637419128, 38.76454817590959], [141.4466954107431, 38.76454692782696], [141.44663572915772, 38.76445655016928]]]}, "properties": {"KEYCODE": "000205@B095@05@0002@0002@0000@0000", "小班": "2-2", "小班面積": 0.05, "林種": "人工林", "中樹種": "スギ", "林齢": 48, "齢級": 10, "所有形態": "個人", "ADDDATE": "2022-09-29", "ADDTENANT": "04000F", "ADDUSER": "pasco01", "EDITDATE": null, "EDITTENANT": "", "EDITUSER": ""}}, {"type": "Feature", "geometry": {"type": "Polygon", "coordinates": [[[141.44658615407744, 38.761926683937425], [141.4464267069847, 38.761892282981], [141.44623659466873, 38.76182455109383], [141.4461411844153, 38.76178559235179], [141.44609010749707, 38.76172905896551], [141.44596397984293, 38.76168656746042], [141.44587691897877, 38.76163361894435], [141.44566749692308, 38.76180056852331], [141.44574258571333, 38.761887469639824], [141.44587000235163, 38.76196899743791], [141.44596197728237, 38.762027513829494], [141.44603457923833, 38.76206506347081], [141.4460381412746, 38.76206690693949], [141.44605403563716, 38.76207302895361], [141.44612579928278, 38.762100671330685], [141.4461648292784, 38.76211146566893], [141.4461990842961, 38.76212093459669], [141.44620288807, 38.76212198220696], [141.44625970361002, 38.76213762643994], [141.44630541234648, 38.76215021361451], [141.4464103169094, 38.76218511345302], [141.44648359856265, 38.76221437645729], [141.44656407812138, 38.762260511371736], [141.4466244302229, 38.762314518425136], [141.44668911025215, 38.76237527653292], [141.44677822092837, 38.76244840173696], [141.4468529458699, 38.76249566573936], [141.4468299934199, 38.76261600919622], [141.44679120874304, 38.76264748268994], [141.44676391792643, 38.76266659868723], [141.44672225357203, 38.762665466016095], [141.446664769984, 38.76264294901707], [141.44659867561387, 38.762615935780246], [141.44646934346292, 38.76256640857216], [141.446223613231, 38.76246173641325], [141.446092870719, 38.762411243219184], [141.44596637674502, 38.76236238524805], [141.44583187825455, 38.76231100965559], [141.4457221259367, 38.762411381842654], [141.44569860364322, 38.762508757155196], [141.44572985285924, 38.76260298426537], [141.44586180338652, 38.762795842011386], [141.44592607811572, 38.76290705795087], [141.44579806684786, 38.76293990774071], [141.44570742230647, 38.7630204718898], [141.44561841044035, 38.76314965299416], [141.44559459331452, 38.763212705881614], [141.44559714152663, 38.76337839333346], [141.4456786512164, 38.76340234977003], [141.44590327504065, 38.76339842319234], [141.44595097202102, 38.76339758942097], [141.44631671150287, 38.763382204408586], [141.44633048570898, 38.763381624965646], [141.44639550800787, 38.7633788893543], [141.44654501341864, 38.76340887497841], [141.44665794145425, 38.76343152385276], [141.44685194512383, 38.76343988097815], [141.44703586581414, 38.76343841089538], [141.44731266703192, 38.76334285010419], [141.44722870839377, 38.76331523738602], [141.4472252686301, 38.7632898052914], [141.4472734153535, 38.763305199612596], [141.44734723863655, 38.763328803871815], [141.44738476591843, 38.763292734963244], [141.44742547228213, 38.76325360982425], [141.44756021377486, 38.76319850602006], [141.44762028366523, 38.76315486648838], [141.44765615613224, 38.76302276952939], [141.4476616422797, 38.76286949918253], [141.44772026976628, 38.76277176896908], [141.44761508722732, 38.76268707034591], [141.44747241003608, 38.762578731265826], [141.44738425339472, 38.76245484179183], [141.44730799299657, 38.76234766974909], [141.44716060097372, 38.7621938600582], [141.44710678575797, 38.762144197283796], [141.44699213459742, 38.76207418747382], [141.4470073523676, 38.76205611678325], [141.44680917316907, 38.762003175770985], [141.44663749952124, 38.761942744071376], [141.44660093599836, 38.761929873007986], [141.44658615407744, 38.761926683937425], [141.44658615407744, 38.761926683937425]]]}, "properties": {"KEYCODE": "000205@B095@05@0003@0000@0000@0000", "小班": "3", "小班面積": 2.0, "林種": "人工林", "中樹種": "スギ", "林齢": 4, "齢級": 1, "所有形態": "個人", "ADDDATE": "2022-09-29", "ADDTENANT": "04000F", "ADDUSER": "pasco01", "EDITDATE": "2025-05-13", "EDITTENANT": "04000F", "EDITUSER": "ksbrs02"}}, {"type": "Feature", "geometry": {"type": "Polygon", "coordinates": [[[141.4449572211936, 38.764080719606866], [141.44495072349147, 38.76408174016694], [141.44474011863116, 38.76413234510689], [141.44474582229262, 38.76420607118646], [141.4447853214078, 38.764279809653566], [141.44481497502508, 38.76433516739463], [141.44484189120624, 38.76442840388179], [141.44493961930252, 38.76442582948266], [141.44535982430224, 38.764483809330294], [141.44554368974372, 38.76452537741946], [141.44560286563737, 38.76456562462899], [141.44568109710175, 38.76434876771661], [141.44582623513625, 38.76424616427067], [141.44527953460315, 38.764246524876874], [141.4449572211936, 38.764080719606866], [141.4449572211936, 38.764080719606866]]]}, "properties": {"KEYCODE": "000205@B095@05@0006@0000@0000@0000", "小班": "6", "小班面積": 0.25, "林種": "人工林", "中樹種": "スギ", "林齢": 58, "齢級": 12, "所有形態": "個人", "ADDDATE": "2022-09-29", "ADDTENANT": "04000F", "ADDUSER": "pasco01", "EDITDATE": "2025-05-13", "EDITTENANT": "04000F", "EDITUSER": "ksbrs02"}}, {"type": "Feature", "geometry": {"type": "Polygon", "coordinates": [[[141.44633049635732, 38.76465929237662], [141.44608532691964, 38.76462410182851], [141.4459496431306, 38.764564746223535], [141.4458967982194, 38.76450876979319], [141.44592615967426, 38.764223162421935], [141.4459007634157, 38.76422951978225], [141.44584184963236, 38.7642351257776], [141.44568109710175, 38.76434876771662], [141.44560286563737, 38.76456562462898], [141.44566149530513, 38.764605500800215], [141.4457255185674, 38.76464904503512], [141.44596706339098, 38.76471021990285], [141.44626775380573, 38.76476064278823], [141.44635435096362, 38.764782182957674], [141.44646702697344, 38.76475380755303], [141.44633049635732, 38.76465929237662]]]}, "properties": {"KEYCODE": "000205@B095@05@0006@0001@0000@0000", "小班": "6-1", "小班面積": 0.16, "林種": "人工林", "中樹種": "マツ類", "林齢": 46, "齢級": 10, "所有形態": "個人", "ADDDATE": "2022-09-29", "ADDTENANT": "04000F", "ADDUSER": "pasco01", "EDITDATE": null, "EDITTENANT": "", "EDITUSER": ""}}, {"type": "Feature", "geometry": {"type": "Polygon", "coordinates": [[[141.44641031690944, 38.76218511345302], [141.44630541234648, 38.76215021361452], [141.44625970361002, 38.76213762643995], [141.44612238220344, 38.76223766430117], [141.4459994123523, 38.76226934014468], [141.44591934237303, 38.76227591291871], [141.44583187825458, 38.7623110096556], [141.44596637674505, 38.76236238524807], [141.446092870719, 38.762411243219205], [141.446223613231, 38.76246173641326], [141.44646934346292, 38.7625664085722], [141.4465986756139, 38.76261593578023], [141.44666476998404, 38.762642949017085], [141.44672225357206, 38.76266546601609], [141.44676391792643, 38.76266659868721], [141.44679120874306, 38.762647482689935], [141.4468299934199, 38.76261600919622], [141.4468529458699, 38.76249566573937], [141.44677822092834, 38.76244840173696], [141.44668911025215, 38.76237527653292], [141.4466244302229, 38.762314518425136], [141.44656407812138, 38.762260511371736], [141.44648359856265, 38.76221437645729], [141.44641031690944, 38.76218511345302]]]}, "properties": {"KEYCODE": "000205@B095@05@0009@0000@0000@0000", "小班": "9", "小班面積": 0.24, "林種": "天然林", "中樹種": "マツ類", "林齢": 70, "齢級": 14, "所有形態": "個人", "ADDDATE": "2022-09-29", "ADDTENANT": "04000F", "ADDUSER": "pasco01", "EDITDATE": null, "EDITTENANT": "", "EDITUSER": ""}}, {"type": "Feature", "geometry": {"type": "Polygon", "coordinates": [[[141.44625970361002, 38.76213762643995], [141.44620288807, 38.76212198220697], [141.4461990842961, 38.76212093459671], [141.44616482927842, 38.762111465668916], [141.4461257992828, 38.762100671330685], [141.44605403563716, 38.7620730289536], [141.4460381412746, 38.762066906939516], [141.44603457923833, 38.762065063470835], [141.44596197728237, 38.762027513829494], [141.44587000235165, 38.7619689974379], [141.44574258571336, 38.76188746963983], [141.44566749692308, 38.76180056852331], [141.44564681364017, 38.76181705778198], [141.44563375543638, 38.76182746751842], [141.44567347960356, 38.76194414910785], [141.44570025389257, 38.7620227827359], [141.44571509926928, 38.76206638104859], [141.44557120930529, 38.76220761528716], [141.44570583025666, 38.762262862569045], [141.44583187825458, 38.7623110096556], [141.44591934237303, 38.76227591291871], [141.4459994123523, 38.76226934014468], [141.44612238220344, 38.76223766430117], [141.44625970361002, 38.76213762643995]]]}, "properties": {"KEYCODE": "000205@B095@05@0009@0001@0000@0000", "小班": "9-1", "小班面積": 0.15, "林種": "人工林", "中樹種": "スギ", "林齢": 59, "齢級": 12, "所有形態": "個人", "ADDDATE": "2022-09-29", "ADDTENANT": "04000F", "ADDUSER": "pasco01", "EDITDATE": null, "EDITTENANT": "", "EDITUSER": ""}}, {"type": "Feature", "geometry": {"type": "Polygon", "coordinates": [[[141.44803404293907, 38.763010100043516], [141.4479824884209, 38.7631741999461], [141.44817010235855, 38.763272394010826], [141.44817462223577, 38.76325792355155], [141.44822262916819, 38.76319132490772], [141.44820737385942, 38.76314575252953], [141.44813493526487, 38.76310631422436], [141.4480456576377, 38.763019352365596], [141.44803404293907, 38.763010100043516]]]}, "properties": {"KEYCODE": "000205@B095@05@0014@0000@0000@0000", "小班": "14", "小班面積": 0.03, "林種": "人工林", "中樹種": "スギ", "林齢": 4, "齢級": 1, "所有形態": "個人", "ADDDATE": "2022-09-29", "ADDTENANT": "04000F", "ADDUSER": "pasco01", "EDITDATE": "2024-05-27", "EDITTENANT": "04000F", "EDITUSER": "ksbrs02"}}, {"type": "Feature", "geometry": {"type": "Polygon", "coordinates": [[[141.44752388172805, 38.7617148199866], [141.44746913403998, 38.7616450886232], [141.44743985382803, 38.76171609844191], [141.44741851359484, 38.76176785233499], [141.44738817423055, 38.76180846533914], [141.44743559487694, 38.76185687060851], [141.4475643903457, 38.76181232674718], [141.44752388172805, 38.7617148199866]]]}, "properties": {"KEYCODE": "000205@B095@06@0001@0001@0000@0000", "小班": "1-1", "小班面積": 0.02, "林種": "人工林", "中樹種": "カラマツ", "林齢": 15, "齢級": 3, "所有形態": "個人", "ADDDATE": "2022-09-29", "ADDTENANT": "04000F", "ADDUSER": "pasco01", "EDITDATE": null, "EDITTENANT": "", "EDITUSER": ""}}, {"type": "Feature", "geometry": {"type": "Polygon", "coordinates": [[[141.44576252039258, 38.76051060906319], [141.44550569407, 38.76071842252986], [141.4453999391593, 38.76088296919836], [141.44536913404957, 38.760983242035664], [141.44538570903973, 38.76121293561968], [141.445367545679, 38.76136748850357], [141.44535598805777, 38.761440011293466], [141.4453843526314, 38.76148181455616], [141.44563245494737, 38.76179417920301], [141.4458608146299, 38.76161664947656], [141.4458774439264, 38.761606193071586], [141.44590071298336, 38.761606575619666], [141.4459806513261, 38.76162048981079], [141.44613741575625, 38.76167591061894], [141.44624060429675, 38.76172161228568], [141.4465358822546, 38.761752792867995], [141.44666094970506, 38.76173858724203], [141.4466823404568, 38.761722511204376], [141.44673381427995, 38.7616425662789], [141.44676621281278, 38.761617991106746], [141.44687316710048, 38.761616997290304], [141.44698211445927, 38.76166600136811], [141.44707334124004, 38.76171220653642], [141.44724728029442, 38.76182608456611], [141.44732786113337, 38.76184375117404], [141.44716223062454, 38.7616883706302], [141.44707277518157, 38.761550751834484], [141.44697882889798, 38.76130790545022], [141.44683399342847, 38.761167451112236], [141.44670673631427, 38.76103462497831], [141.44665340500825, 38.760951293143584], [141.44656180344157, 38.760867873794005], [141.44641325057322, 38.76073249242191], [141.44621243158232, 38.76067446517674], [141.4461317764301, 38.76068828432588], [141.44606539066436, 38.760671362281], [141.4458862546424, 38.76059910383699], [141.4458496587754, 38.76057293104496], [141.44576252039258, 38.76051060906319]]]}, "properties": {"KEYCODE": "000205@B095@06@0001@0000@0000@0000", "小班": "1", "小班面積": 1.42, "林種": "人工林", "中樹種": "カラマツ", "林齢": 15, "齢級": 3, "所有形態": "個人", "ADDDATE": "2022-09-29", "ADDTENANT": "04000F", "ADDUSER": "pasco01", "EDITDATE": null, "EDITTENANT": "", "EDITUSER": ""}}, {"type": "Feature", "geometry": {"type": "Polygon", "coordinates": [[[141.44670276152695, 38.76173563812693], [141.44667201568134, 38.76175824967526], [141.44653760893175, 38.761772909712626], [141.4462331179043, 38.761740804485164], [141.44612202743536, 38.76169275688027], [141.44597243800504, 38.76163945157276], [141.44590203604395, 38.76162795493658], [141.44590081466418, 38.76162775503382], [141.4458769189788, 38.76163361894437], [141.44596397984293, 38.761686567460444], [141.44609010749707, 38.7617290589655], [141.44614118441527, 38.761785592351785], [141.44623659466876, 38.761824551093845], [141.44642670698474, 38.76189228298102], [141.44658615407744, 38.761926683937425], [141.44660093599836, 38.761929873008], [141.44663749952124, 38.76194274407136], [141.446674971942, 38.76177199256828], [141.44670276152695, 38.76173563812693]]]}, "properties": {"KEYCODE": "000205@B095@06@0002@0000@0000@0000", "小班": "2", "小班面積": 0.08, "林種": "人工林", "中樹種": "スギ", "林齢": 66, "齢級": 14, "所有形態": "個人", "ADDDATE": "2022-09-29", "ADDTENANT": "04000F", "ADDUSER": "pasco01", "EDITDATE": null, "EDITTENANT": "", "EDITUSER": ""}}, {"type": "Feature", "geometry": {"type": "Polygon", "coordinates": [[[141.44804739578942, 38.76259041023093], [141.4479523058757, 38.76257561408487], [141.44777588688206, 38.76245211693968], [141.44761879600878, 38.7623456808128], [141.4474668108282, 38.76219559650985], [141.44737647576767, 38.76199227250478], [141.44738487985785, 38.76190713290246], [141.44743559487694, 38.76185687060851], [141.44738817423055, 38.76180846533914], [141.44734507112315, 38.76186616501943], [141.44723576928516, 38.76184568535116], [141.44705608626413, 38.761728855516964], [141.446967837551, 38.761682409477366], [141.44686482829604, 38.7616375363322], [141.4467763619789, 38.76163687456713], [141.44675501976508, 38.76165323865246], [141.44670276152695, 38.76173563812693], [141.446674971942, 38.76177199256828], [141.44663749952124, 38.76194274407136], [141.44680917316907, 38.762003175770985], [141.4470073523676, 38.76205611678328], [141.447124668474, 38.76212694140324], [141.44719068571686, 38.76217990040725], [141.4473384388529, 38.76233690632585], [141.4475067905392, 38.76256655074359], [141.44763684307014, 38.762671965179145], [141.44773437787657, 38.76275180295131], [141.44785922219117, 38.762837242035474], [141.44791913540587, 38.76277378447745], [141.44798089484968, 38.76269619031161], [141.44798321625203, 38.762692497965], [141.44804739578942, 38.76259041023093]]]}, "properties": {"KEYCODE": "000205@B095@06@0003@0000@0000@0000", "小班": "3", "小班面積": 0.44, "林種": "人工林", "中樹種": "スギ", "林齢": 54, "齢級": 11, "所有形態": "個人", "ADDDATE": "2022-09-29", "ADDTENANT": "04000F", "ADDUSER": "pasco01", "EDITDATE": null, "EDITTENANT": "", "EDITUSER": ""}}, {"type": "Feature", "geometry": {"type": "Polygon", "coordinates": [[[141.44877818443464, 38.76242169601738], [141.4487135543478, 38.762346600231155], [141.4486876767587, 38.762304981089876], [141.44867329780507, 38.7622611113401], [141.44863158830995, 38.762141882713095], [141.44860138959172, 38.76204177344035], [141.44851950631488, 38.76208448326201], [141.44843896075872, 38.76214309842063], [141.44847584074893, 38.76225938590198], [141.4484828699235, 38.76239861761275], [141.44852605988387, 38.76261375723392], [141.44857897996226, 38.76272383779072], [141.44859738432083, 38.762786109573454], [141.44856466634252, 38.762871289847034], [141.4483945526329, 38.76295424730935], [141.44825886844401, 38.76317596144919], [141.44828679548075, 38.763204315091755], [141.44835993842105, 38.76320594912447], [141.44839149118525, 38.76319529311537], [141.44843351486105, 38.763179402772224], [141.44843755078068, 38.76317973648306], [141.44843784220694, 38.76317963855406], [141.4485504435416, 38.76318878453228], [141.44859517724058, 38.763109279688734], [141.44863828750755, 38.762939901511075], [141.44866330727254, 38.76283459080429], [141.44868209425323, 38.76269087189844], [141.4486958606635, 38.76265939346817], [141.4487471764927, 38.762511273598406], [141.4487778257861, 38.76242280870421], [141.44877818443464, 38.76242169601738]]]}, "properties": {"KEYCODE": "000205@B095@06@0004@0001@0000@0000", "小班": "4-1", "小班面積": 0.22, "林種": "人工林", "中樹種": "スギ", "林齢": 73, "齢級": 15, "所有形態": "個人", "ADDDATE": "2022-09-29", "ADDTENANT": "04000F", "ADDUSER": "pasco01", "EDITDATE": null, "EDITTENANT": "", "EDITUSER": ""}}, {"type": "Feature", "geometry": {"type": "Polygon", "coordinates": [[[141.44843896075872, 38.76214309842063], [141.4484376182968, 38.762144075745034], [141.4483442503941, 38.762201413288075], [141.44835000483823, 38.76224190507675], [141.44835434291699, 38.76229701586558], [141.44836011043535, 38.76236449737124], [141.44837305399278, 38.76242749161484], [141.4483788158228, 38.76246347800685], [141.4483644569637, 38.762483724509956], [141.44832567534357, 38.76252082906257], [141.448300929465, 38.76255634625645], [141.44824809000244, 38.76252530930071], [141.44822337781437, 38.762494368490486], [141.44814348526364, 38.7625562178094], [141.44812535528266, 38.762570253559495], [141.44810344007539, 38.76259090824148], [141.44804739578942, 38.76259041023093], [141.44798321625203, 38.762692497965], [141.44798089484968, 38.76269619031161], [141.44791913540587, 38.76277378447745], [141.44785922219117, 38.762837242035474], [141.44795734780402, 38.76291909720943], [141.44807376603066, 38.76300167319571], [141.44816238317387, 38.763086755646135], [141.44822651313243, 38.76312340884945], [141.44825886844401, 38.76317596144919], [141.4483945526329, 38.76295424730935], [141.44856466634252, 38.762871289847034], [141.44859738432083, 38.762786109573454], [141.44857897996226, 38.76272383779072], [141.44852605988387, 38.76261375723392], [141.4484828699235, 38.76239861761275], [141.44847584074893, 38.76225938590198], [141.44843896075872, 38.76214309842063]]]}, "properties": {"KEYCODE": "000205@B095@06@0004@0000@0000@0000", "小班": "4", "小班面積": 0.32, "林種": "人工林", "中樹種": "スギ", "林齢": 73, "齢級": 15, "所有形態": "個人", "ADDDATE": "2022-09-29", "ADDTENANT": "04000F", "ADDUSER": "pasco01", "EDITDATE": null, "EDITTENANT": "", "EDITUSER": ""}}, {"type": "Feature", "geometry": {"type": "Polygon", "coordinates": [[[141.44814348526364, 38.7625562178094], [141.44808531639, 38.76251878095804], [141.44794987252268, 38.762294234544946], [141.44794170765593, 38.76228069835295], [141.44789448656508, 38.76220586281101], [141.44780706899027, 38.76212980796738], [141.4476702113502, 38.76203971219085], [141.4476514982164, 38.76198760932856], [141.44766666135024, 38.761945340009945], [141.44773043805833, 38.76192712749568], [141.4478297840483, 38.76193020788679], [141.44790161942316, 38.76188861443148], [141.44786998443874, 38.761828989541634], [141.44783694181805, 38.761826730865096], [141.447804690806, 38.76182017527247], [141.4477981426347, 38.761818844848314], [141.44773916364562, 38.761800362316585], [141.44774693382365, 38.761787339632754], [141.44778454035242, 38.76172431650807], [141.44769486727563, 38.76173751928661], [141.44752388172805, 38.7617148199866], [141.4475643903457, 38.76181232674718], [141.44743559487694, 38.76185687060851], [141.44738487985785, 38.76190713290246], [141.44737647576767, 38.76199227250478], [141.4474668108282, 38.76219559650985], [141.44761879600878, 38.7623456808128], [141.44777588688206, 38.76245211693968], [141.4479523058757, 38.76257561408487], [141.44804739578942, 38.76259041023093], [141.44810344007539, 38.76259090824148], [141.44812535528266, 38.762570253559495], [141.44814348526364, 38.7625562178094]]]}, "properties": {"KEYCODE": "000205@B095@06@0005@0000@0000@0000", "小班": "5", "小班面積": 0.27, "林種": "人工林", "中樹種": "スギ", "林齢": 41, "齢級": 9, "所有形態": "個人", "ADDDATE": "2022-09-29", "ADDTENANT": "04000F", "ADDUSER": "pasco01", "EDITDATE": null, "EDITTENANT": "", "EDITUSER": ""}}, {"type": "Feature", "geometry": {"type": "Polygon", "coordinates": [[[141.44802283380108, 38.761826178595996], [141.44795759813744, 38.761731169570126], [141.44792312153984, 38.76176039558628], [141.44789191013618, 38.76177362532207], [141.4478886461479, 38.761775009135675], [141.44784985293575, 38.76178512290446], [141.44781681322058, 38.76178735965243], [141.44774693382365, 38.761787339632754], [141.44773916364562, 38.761800362316585], [141.4477981426347, 38.761818844848314], [141.447804690806, 38.76182017527247], [141.44783694181805, 38.761826730865096], [141.44786998443874, 38.761828989541634], [141.44790161942316, 38.76188861443148], [141.4478297840483, 38.76193020788679], [141.4478930293187, 38.761995459309986], [141.4479036153697, 38.76199226043918], [141.44794310531984, 38.761980326792816], [141.4479533288579, 38.76188752001151], [141.44802283380108, 38.761826178595996]]]}, "properties": {"KEYCODE": "000205@B095@06@0005@0001@0000@0000", "小班": "5-1", "小班面積": 0.03, "林種": "人工林", "中樹種": "スギ", "林齢": 40, "齢級": 8, "所有形態": "個人", "ADDDATE": "2022-09-29", "ADDTENANT": "04000F", "ADDUSER": "pasco01", "EDITDATE": null, "EDITTENANT": "", "EDITUSER": ""}}, {"type": "Feature", "geometry": {"type": "Polygon", "coordinates": [[[141.44830832612752, 38.76220140411773], [141.44815883758412, 38.76201240260714], [141.44809942956906, 38.761933086257045], [141.44808014837145, 38.76190734201335], [141.448027908422, 38.76195470002523], [141.44806532875376, 38.76199002174029], [141.4480778994779, 38.76204661445037], [141.44813357641394, 38.762138043093195], [141.44816607483168, 38.76215074857532], [141.44817737567695, 38.76223660888642], [141.44830832612752, 38.76220140411773]]]}, "properties": {"KEYCODE": "000205@B095@06@0005@0002@0000@0000", "小班": "5-2", "小班面積": 0.03, "林種": "人工林", "中樹種": "ヒノキ類", "林齢": 40, "齢級": 8, "所有形態": "個人", "ADDDATE": "2022-09-29", "ADDTENANT": "04000F", "ADDUSER": "pasco01", "EDITDATE": null, "EDITTENANT": "", "EDITUSER": ""}}, {"type": "Feature", "geometry": {"type": "Polygon", "coordinates": [[[141.44822337781437, 38.762494368490486], [141.448212148827, 38.76248031060633], [141.44820086463486, 38.762461964771376], [141.44819496207288, 38.76239750195308], [141.44819552428933, 38.762341672595205], [141.44818201395793, 38.7622716093193], [141.44818191404462, 38.76227109543625], [141.44817892906357, 38.762248410492376], [141.44817737567695, 38.76223660888642], [141.44816607483168, 38.76215074857532], [141.44813357641394, 38.762138043093195], [141.4480778994779, 38.76204661445037], [141.44806532875376, 38.76199002174029], [141.448027908422, 38.76195470002523], [141.44808014837145, 38.76190734201335], [141.44806109999448, 38.761881910051926], [141.44802283380108, 38.761826178595996], [141.4479533288579, 38.76188752001151], [141.44794310531984, 38.761980326792816], [141.4479036153697, 38.76199226043918], [141.4478930293187, 38.761995459309986], [141.4478297840483, 38.76193020788679], [141.44773043805833, 38.76192712749568], [141.44766666135024, 38.761945340009945], [141.4476514982164, 38.76198760932856], [141.4476702113502, 38.76203971219085], [141.44780706899027, 38.76212980796738], [141.44789448656508, 38.76220586281101], [141.44794170765593, 38.76228069835295], [141.44794987252268, 38.762294234544946], [141.44798259671657, 38.76228268781075], [141.44799293652386, 38.76221040991935], [141.44803026476842, 38.76219662727235], [141.44809119719764, 38.76227282035519], [141.44817072791687, 38.76238753045268], [141.44808531639, 38.76251878095804], [141.44814348526364, 38.7625562178094], [141.44822337781437, 38.762494368490486]]]}, "properties": {"KEYCODE": "000205@B095@06@0005@0003@0000@0000", "小班": "5-3", "小班面積": 0.13, "林種": "天然林", "中樹種": "その他L", "林齢": 41, "齢級": 9, "所有形態": "個人", "ADDDATE": "2022-09-29", "ADDTENANT": "04000F", "ADDUSER": "pasco01", "EDITDATE": null, "EDITTENANT": "", "EDITUSER": ""}}, {"type": "Feature", "geometry": {"type": "Polygon", "coordinates": [[[141.4483442503941, 38.762201413288075], [141.44830832612752, 38.76220140411773], [141.44817737567695, 38.76223660888642], [141.44817892906357, 38.762248410492376], [141.44818191404462, 38.76227109543625], [141.44818201395793, 38.7622716093193], [141.44819552428933, 38.762341672595205], [141.44819496207288, 38.76239750195308], [141.44820086463486, 38.762461964771376], [141.448212148827, 38.76248031060633], [141.44822337781437, 38.762494368490486], [141.44824809000244, 38.76252530930071], [141.448300929465, 38.76255634625645], [141.44832567534357, 38.76252082906257], [141.4483644569637, 38.762483724509956], [141.4483788158228, 38.76246347800685], [141.44837305399278, 38.76242749161484], [141.44836011043535, 38.76236449737124], [141.44835434291699, 38.76229701586558], [141.44835000483823, 38.76224190507675], [141.4483442503941, 38.762201413288075]]]}, "properties": {"KEYCODE": "000205@B095@06@0005@0004@0000@0000", "小班": "5-4", "小班面積": 0.05, "林種": "人工林", "中樹種": "スギ", "林齢": 40, "齢級": 8, "所有形態": "個人", "ADDDATE": "2022-09-29", "ADDTENANT": "04000F", "ADDUSER": "pasco01", "EDITDATE": null, "EDITTENANT": "", "EDITUSER": ""}}, {"type": "Feature", "geometry": {"type": "Polygon", "coordinates": [[[141.44794987252268, 38.762294234544946], [141.44808531639, 38.76251878095804], [141.44817072791687, 38.76238753045268], [141.44809119719764, 38.76227282035519], [141.44803026476842, 38.76219662727235], [141.44799293652386, 38.76221040991935], [141.44798259671657, 38.76228268781075], [141.44794987252268, 38.762294234544946]]]}, "properties": {"KEYCODE": "000205@B095@06@0005@0005@0000@0000", "小班": "5-5", "小班面積": 0.04, "林種": "人工林", "中樹種": "ヒノキ類", "林齢": 40, "齢級": 8, "所有形態": "個人", "ADDDATE": "2022-09-29", "ADDTENANT": "04000F", "ADDUSER": "pasco01", "EDITDATE": null, "EDITTENANT": "", "EDITUSER": ""}}, {"type": "Feature", "geometry": {"type": "Polygon", "coordinates": [[[141.44843896075872, 38.76214309842063], [141.44839382362775, 38.76200077538937], [141.44825224169, 38.7616608574852], [141.44819321562474, 38.76167724621363], [141.44811994454582, 38.76168959547311], [141.4481179798316, 38.761689661662736], [141.4480538586315, 38.761691825927976], [141.44790155218817, 38.76168841160519], [141.44780516248704, 38.761689756223205], [141.44778454035242, 38.76172431650807], [141.44774693382365, 38.761787339632754], [141.44781681322058, 38.76178735965243], [141.44784985293575, 38.76178512290446], [141.4478886461479, 38.761775009135675], [141.44789191013618, 38.76177362532207], [141.44792312153984, 38.76176039558628], [141.44795759813744, 38.761731169570126], [141.44802283380108, 38.761826178595996], [141.44806109999448, 38.761881910051926], [141.44808014837145, 38.76190734201335], [141.44809942956906, 38.761933086257045], [141.44815883758412, 38.76201240260714], [141.44830832612752, 38.76220140411773], [141.4483442503941, 38.762201413288075], [141.4484376182968, 38.762144075745034], [141.44843896075872, 38.76214309842063]]]}, "properties": {"KEYCODE": "000205@B095@06@0006@0000@0000@0000", "小班": "6", "小班面積": 0.14, "林種": "人工林", "中樹種": "スギ", "林齢": 83, "齢級": 17, "所有形態": "個人", "ADDDATE": "2022-09-29", "ADDTENANT": "04000F", "ADDUSER": "pasco01", "EDITDATE": null, "EDITTENANT": "", "EDITUSER": ""}}, {"type": "Feature", "geometry": {"type": "Polygon", "coordinates": [[[141.44860138959172, 38.76204177344035], [141.44858413596873, 38.76199677557945], [141.4485539338551, 38.76193940457104], [141.44852375308113, 38.76189778011294], [141.44848351462906, 38.761856155429186], [141.44841883587742, 38.76180102887347], [141.4483455392645, 38.76173239732829], [141.44826978156934, 38.76165598777999], [141.44825224169, 38.7616608574852], [141.44839382362775, 38.76200077538937], [141.44843896075872, 38.76214309842063], [141.44851950631488, 38.76208448326201], [141.44860138959172, 38.76204177344035]]]}, "properties": {"KEYCODE": "000205@B095@06@0006@0001@0000@0000", "小班": "6-1", "小班面積": 0.06, "林種": "人工林", "中樹種": "スギ", "林齢": 83, "齢級": 17, "所有形態": "個人", "ADDDATE": "2022-09-29", "ADDTENANT": "04000F", "ADDUSER": "pasco01", "EDITDATE": null, "EDITTENANT": "", "EDITUSER": ""}}, {"type": "Feature", "geometry": {"type": "Polygon", "coordinates": [[[141.44825224169, 38.7616608574852], [141.4482296271911, 38.76160656265053], [141.44810002129807, 38.761341193317755], [141.44810629254968, 38.76109046039404], [141.44811261682932, 38.761041029474384], [141.4480824467287, 38.76108103907535], [141.44803956684714, 38.761133929786695], [141.4480409951628, 38.76114215641833], [141.44805131779412, 38.76120134471862], [141.44804738109528, 38.76129799408697], [141.44803249909555, 38.76132309910648], [141.44798601659502, 38.761401494948316], [141.447848949869, 38.761616374570664], [141.44780516248704, 38.761689756223205], [141.44790155218817, 38.76168841160519], [141.4480538586315, 38.761691825927976], [141.4481179798316, 38.761689661662736], [141.44811994454582, 38.76168959547311], [141.44819321562474, 38.76167724621363], [141.44825224169, 38.7616608574852]]]}, "properties": {"KEYCODE": "000205@B095@06@0007@0001@0000@0000", "小班": "7-1", "小班面積": 0.11, "林種": "人工林", "中樹種": "スギ", "林齢": 65, "齢級": 13, "所有形態": "個人", "ADDDATE": "2022-09-29", "ADDTENANT": "04000F", "ADDUSER": "pasco01", "EDITDATE": null, "EDITTENANT": "", "EDITUSER": ""}}, {"type": "Feature", "geometry": {"type": "Polygon", "coordinates": [[[141.44826978156934, 38.76165598777999], [141.44837423399466, 38.76162331151022], [141.44842358232822, 38.76161071321892], [141.44841085145418, 38.76156229426744], [141.4483677799928, 38.761362180799715], [141.44833708517461, 38.76120982147771], [141.44833902618578, 38.76117187384514], [141.44834655409113, 38.761024746665626], [141.44839404828076, 38.76091187636291], [141.44839841265727, 38.760819129189066], [141.44839838611685, 38.760758400265054], [141.44840074144008, 38.760725695436015], [141.4484145750467, 38.76064148842398], [141.44842276271672, 38.76060206828957], [141.4484517208906, 38.76052105281238], [141.4483743823611, 38.76060376430895], [141.44837019687785, 38.76060824123963], [141.44830782957666, 38.76067495066137], [141.44825260889414, 38.76075388898291], [141.44817652391967, 38.7607421857772], [141.44812706068032, 38.76092812771308], [141.44811261682932, 38.761041029474384], [141.44810629254968, 38.76109046039404], [141.44810002129807, 38.761341193317755], [141.4482296271911, 38.76160656265053], [141.44825224169, 38.7616608574852], [141.44826978156934, 38.76165598777999]]]}, "properties": {"KEYCODE": "000205@B095@06@0007@0000@0000@0000", "小班": "7", "小班面積": 0.22, "林種": "人工林", "中樹種": "スギ", "林齢": 65, "齢級": 13, "所有形態": "個人", "ADDDATE": "2022-09-29", "ADDTENANT": "04000F", "ADDUSER": "pasco01", "EDITDATE": null, "EDITTENANT": "", "EDITUSER": ""}}, {"type": "Feature", "geometry": {"type": "Polygon", "coordinates": [[[141.44842358232822, 38.76161071321892], [141.44837423399466, 38.76162331151022], [141.44826978156934, 38.76165598777999], [141.4483455392645, 38.76173239732829], [141.44841883587742, 38.76180102887347], [141.44848351462906, 38.761856155429186], [141.44852375308113, 38.76189778011294], [141.4485539338551, 38.76193940457104], [141.44858413596873, 38.76199677557945], [141.44860138959172, 38.76204177344035], [141.44863158830995, 38.762141882713095], [141.44867329780507, 38.7622611113401], [141.4486876767587, 38.762304981089876], [141.4487135543478, 38.762346600231155], [141.44877818443464, 38.76242169601738], [141.4488014648418, 38.76234956252722], [141.4487833233882, 38.76222011897115], [141.44873732910074, 38.76210722728745], [141.44869021840097, 38.762034476147036], [141.44859152551754, 38.76193368152956], [141.44848808656477, 38.76181077691719], [141.4484459579351, 38.76171918885039], [141.448428764851, 38.76163042446474], [141.44842358232822, 38.76161071321892]]]}, "properties": {"KEYCODE": "000205@B095@06@0008@0000@0000@0000", "小班": "8", "小班面積": 0.07, "林種": "人工林", "中樹種": "スギ", "林齢": 71, "齢級": 15, "所有形態": "個人", "ADDDATE": "2022-09-29", "ADDTENANT": "04000F", "ADDUSER": "pasco01", "EDITDATE": null, "EDITTENANT": "", "EDITUSER": ""}}, {"type": "Feature", "geometry": {"type": "Polygon", "coordinates": [[[141.44847904883244, 38.760491933628856], [141.4484517208906, 38.76052105281238], [141.44842276271672, 38.76060206828957], [141.4484145750467, 38.76064148842398], [141.44840074144008, 38.760725695436015], [141.44839838611685, 38.760758400265054], [141.44839841265727, 38.760819129189066], [141.44839404828076, 38.76091187636291], [141.44841206873807, 38.76086905227196], [141.44845715716318, 38.76070770864637], [141.44847904883244, 38.760491933628856]]]}, "properties": {"KEYCODE": "000205@B095@06@0010@0000@0000@0000", "小班": "10", "小班面積": 0.02, "林種": "人工林", "中樹種": "スギ", "林齢": 73, "齢級": 15, "所有形態": "個人", "ADDDATE": "2022-09-29", "ADDTENANT": "04000F", "ADDUSER": "pasco01", "EDITDATE": null, "EDITTENANT": "", "EDITUSER": ""}}, {"type": "Feature", "geometry": {"type": "Polygon", "coordinates": [[[141.44081246813852, 38.77356951386181], [141.4409631051032, 38.77344537198454], [141.44097254186715, 38.77342231510695], [141.44106373315861, 38.77319950504599], [141.44109989134975, 38.773111157780434], [141.4411231459132, 38.7730543375689], [141.44096896476836, 38.773000699451146], [141.44087968570764, 38.7729696405795], [141.44044442071106, 38.77265967221576], [141.44029745852066, 38.772925387152405], [141.44030029041892, 38.77305856895035], [141.4402259096568, 38.773185817575076], [141.44020177016594, 38.773227114474146], [141.44024014249933, 38.77327416956436], [141.44036441886212, 38.77342656451525], [141.44048199621372, 38.77357074468692], [141.4405554409105, 38.77356656135748], [141.4406331157912, 38.77356587847758], [141.4406823044024, 38.773568328234084], [141.44071910721314, 38.77357016126892], [141.44081246813852, 38.77356951386181]]]}, "properties": {"KEYCODE": "000205@B096@01@0001@0000@0000@0000", "小班": "1", "小班面積": 0.5, "林種": "伐採跡地", "中樹種": "", "林齢": null, "齢級": null, "所有形態": "任意団体", "ADDDATE": "2022-09-29", "ADDTENANT": "04000F", "ADDUSER": "pasco01", "EDITDATE": null, "EDITTENANT": "", "EDITUSER": ""}}, {"type": "Feature", "geometry": {"type": "Polygon", "coordinates": [[[141.44116244468754, 38.773066894284504], [141.4411231459132, 38.7730543375689], [141.44109989134975, 38.773111157780434], [141.44106373315861, 38.77319950504599], [141.44097254186715, 38.77342231510695], [141.4409631051032, 38.77344537198454], [141.44081246813852, 38.77356951386181], [141.44096991567073, 38.773568398059716], [141.441138342408, 38.77360569832593], [141.44116927835415, 38.77361254995492], [141.44119225445397, 38.77359450095474], [141.4414207320788, 38.77341501016109], [141.4414376651103, 38.773401707810045], [141.44171217205954, 38.77318605486932], [141.44163966946846, 38.77316967572553], [141.44117702479244, 38.77307155262757], [141.44116244468754, 38.773066894284504]]]}, "properties": {"KEYCODE": "000205@B096@01@0003@0000@0000@0000", "小班": "3", "小班面積": 0.23, "林種": "人工林", "中樹種": "スギ", "林齢": 71, "齢級": 15, "所有形態": "任意団体", "ADDDATE": "2022-09-29", "ADDTENANT": "04000F", "ADDUSER": "pasco01", "EDITDATE": null, "EDITTENANT": "", "EDITUSER": ""}}, {"type": "Feature", "geometry": {"type": "Polygon", "coordinates": [[[141.4416406401583, 38.77265134394785], [141.44147331388186, 38.77279979126199], [141.44137677891914, 38.77288543480664], [141.44135644172704, 38.772908206992014], [141.44134597108945, 38.77291383797126], [141.4412800950854, 38.772975801507684], [141.44120869108647, 38.773042721624684], [141.44165532685793, 38.773143450418054], [141.44184706544647, 38.77297342556743], [141.4419600800666, 38.77287320951468], [141.4416406401583, 38.77265134394785]]]}, "properties": {"KEYCODE": "000205@B096@01@0003@0001@0000@0000", "小班": "3-1", "小班面積": 0.19, "林種": "人工林", "中樹種": "スギ", "林齢": 71, "齢級": 15, "所有形態": "任意団体", "ADDDATE": "2022-09-29", "ADDTENANT": "04000F", "ADDUSER": "pasco01", "EDITDATE": null, "EDITTENANT": "", "EDITUSER": ""}}, {"type": "Feature", "geometry": {"type": "Polygon", "coordinates": [[[141.44251540259214, 38.77225215562253], [141.4424830616304, 38.77222483174951], [141.44238588587822, 38.77205990786673], [141.44228007424397, 38.77196988200445], [141.44224636504254, 38.77194443453888], [141.44225906087885, 38.77191576514804], [141.4424063645065, 38.7718720918009], [141.4424959165473, 38.77184670555945], [141.44262122872738, 38.77180661498994], [141.44261218679833, 38.771728002758586], [141.44245026590195, 38.77173943764084], [141.44240767751984, 38.77160508831721], [141.44192002763205, 38.77208857219185], [141.4420038993344, 38.77218487292856], [141.44214438444638, 38.7723318690463], [141.4421972221503, 38.77237298065031], [141.4424345037137, 38.772268430228884], [141.44251540259214, 38.77225215562253]]]}, "properties": {"KEYCODE": "000205@B096@01@0011@0000@0000@0000", "小班": "11", "小班面積": 0.22, "林種": "天然林", "中樹種": "クヌギ", "林齢": 71, "齢級": 15, "所有形態": "個人", "ADDDATE": "2022-09-29", "ADDTENANT": "04000F", "ADDUSER": "pasco01", "EDITDATE": null, "EDITTENANT": "", "EDITUSER": ""}}, {"type": "Feature", "geometry": {"type": "Polygon", "coordinates": [[[141.4421921839551, 38.77128349808963], [141.44213302348325, 38.771251185966996], [141.44205199766517, 38.77118077196123], [141.44201001737585, 38.77114276675818], [141.44197650419846, 38.77108561858371], [141.44168583112307, 38.77136447808217], [141.44148091569463, 38.77159351377637], [141.44187990944238, 38.77135824792578], [141.44201380313672, 38.7713132160855], [141.4421921839551, 38.77128349808963]]]}, "properties": {"KEYCODE": "000205@B096@01@0011@0001@0000@0000", "小班": "11-1", "小班面積": 0.08, "林種": "人工林", "中樹種": "マツ類", "林齢": 58, "齢級": 12, "所有形態": "個人", "ADDDATE": "2022-09-29", "ADDTENANT": "04000F", "ADDUSER": "pasco01", "EDITDATE": null, "EDITTENANT": "", "EDITUSER": ""}}, {"type": "Feature", "geometry": {"type": "Polygon", "coordinates": [[[141.44278306877436, 38.77185287956455], [141.44278053377946, 38.77180516365604], [141.44284826888455, 38.77169959552717], [141.4429344539052, 38.77166602931586], [141.44287574214312, 38.771573337613674], [141.44287237340808, 38.77156802101616], [141.44284913761769, 38.771541770459145], [141.4428244377753, 38.77151386629206], [141.44279611495895, 38.77148186935278], [141.44267264404124, 38.771342380689966], [141.442497966899, 38.771515568405725], [141.44240767751984, 38.77160508831721], [141.44245026590195, 38.77173943764084], [141.44261218679833, 38.771728002758586], [141.44262122872738, 38.77180661498994], [141.4424959165473, 38.77184670555945], [141.4424063645065, 38.7718720918009], [141.44225906087885, 38.77191576514804], [141.44224636504254, 38.77194443453888], [141.44228007424397, 38.77196988200445], [141.44238588587822, 38.77205990786673], [141.4424830616304, 38.77222483174951], [141.44251540259214, 38.77225215562253], [141.4425798202055, 38.77223919566633], [141.44275112449375, 38.77218459149906], [141.44271921446216, 38.772101205793525], [141.44270782490992, 38.77207144033243], [141.44276011848845, 38.77204047435145], [141.44275136074685, 38.77196715157676], [141.4427461046841, 38.7719231525132], [141.44278306877436, 38.77185287956455]]]}, "properties": {"KEYCODE": "000205@B096@01@0012@0000@0000@0000", "小班": "12", "小班面積": 0.28, "林種": "人工林", "中樹種": "スギ", "林齢": 72, "齢級": 15, "所有形態": "個人", "ADDDATE": "2022-09-29", "ADDTENANT": "04000F", "ADDUSER": "pasco01", "EDITDATE": null, "EDITTENANT": "", "EDITUSER": ""}}, {"type": "Feature", "geometry": {"type": "Polygon", "coordinates": [[[141.4429177616325, 38.77169239533029], [141.4429344539052, 38.77166602931586], [141.44284826888455, 38.77169959552717], [141.44278053377946, 38.77180516365604], [141.44278306877436, 38.77185287956455], [141.4427997894336, 38.77185675177908], [141.44282218088654, 38.77186193674318], [141.44289818497316, 38.771878801395374], [141.442915089964, 38.7718044078538], [141.4429161934686, 38.77175815223079], [141.4429177616325, 38.77169239533029]]]}, "properties": {"KEYCODE": "000205@B096@01@0013@0000@0000@0000", "小班": "13", "小班面積": 0.02, "林種": "人工林", "中樹種": "スギ", "林齢": 55, "齢級": 11, "所有形態": "個人", "ADDDATE": "2022-09-29", "ADDTENANT": "04000F", "ADDUSER": "pasco01", "EDITDATE": null, "EDITTENANT": "", "EDITUSER": ""}}, {"type": "Feature", "geometry": {"type": "Polygon", "coordinates": [[[141.44239412697922, 38.77110220757208], [141.442340923842, 38.77104928368288], [141.44223966390007, 38.770948555800004], [141.44221512784503, 38.77093851258676], [141.44210324113368, 38.770907826464054], [141.44199067347228, 38.77091765679035], [141.441876070354, 38.77092765886612], [141.44197650419846, 38.77108561858371], [141.44201001737585, 38.77114276675818], [141.44205199766517, 38.77118077196123], [141.44213302348325, 38.771251185966996], [141.4421921839551, 38.77128349808963], [141.4422719469741, 38.7712022366877], [141.44234749642217, 38.77113446638897], [141.44239412697922, 38.77110220757208]]]}, "properties": {"KEYCODE": "000205@B096@01@0015@0000@0000@0000", "小班": "15", "小班面積": 0.11, "林種": "天然林", "中樹種": "マツ類", "林齢": 93, "齢級": 19, "所有形態": "個人", "ADDDATE": "2022-09-29", "ADDTENANT": "04000F", "ADDUSER": "pasco01", "EDITDATE": null, "EDITTENANT": "", "EDITUSER": ""}}, {"type": "Feature", "geometry": {"type": "Polygon", "coordinates": [[[141.44197650419846, 38.77108561858371], [141.441876070354, 38.77092765886612], [141.44184027993515, 38.77094243062344], [141.44174741571206, 38.77100128274032], [141.44166039739582, 38.77107247357046], [141.44158913952094, 38.771140212083125], [141.44148366372866, 38.77123732734833], [141.44168583112307, 38.77136447808217], [141.44197650419846, 38.77108561858371]]]}, "properties": {"KEYCODE": "000205@B096@01@0016@0000@0000@0000", "小班": "16", "小班面積": 0.1, "林種": "人工林", "中樹種": "スギ", "林齢": 58, "齢級": 12, "所有形態": "個人", "ADDDATE": "2022-09-29", "ADDTENANT": "04000F", "ADDUSER": "pasco01", "EDITDATE": null, "EDITTENANT": "", "EDITUSER": ""}}, {"type": "Feature", "geometry": {"type": "Polygon", "coordinates": [[[141.44148091569463, 38.77159351377637], [141.44139848985702, 38.771527602045246], [141.44138936041145, 38.77152134151496], [141.44125342601927, 38.771428130027736], [141.4411820505143, 38.771359376911654], [141.44116264149378, 38.77131478562079], [141.44106606439814, 38.77124934093673], [141.44096973893832, 38.77127227214256], [141.44095432734812, 38.77127536394364], [141.44091237770508, 38.7712837783293], [141.44088723490972, 38.77140393366799], [141.44088984358112, 38.77149616580327], [141.44090130234167, 38.77152387976135], [141.44095759053195, 38.77166001334997], [141.4409709785246, 38.77169239198628], [141.44103630913634, 38.77174854348426], [141.44111878842492, 38.771780079045065], [141.44114250830037, 38.77176729278339], [141.44119590719532, 38.77173850730925], [141.44121799036915, 38.77173030246066], [141.44129046749347, 38.771715394110906], [141.44133185976722, 38.771720602138274], [141.44134599285843, 38.771722114178424], [141.44134196839696, 38.77163981182238], [141.44143765554446, 38.77163856804443], [141.44148091569463, 38.77159351377637]]]}, "properties": {"KEYCODE": "000205@B096@01@0017@0000@0000@0000", "小班": "17", "小班面積": 0.18, "林種": "人工林", "中樹種": "スギ", "林齢": 62, "齢級": 13, "所有形態": "個人", "ADDDATE": "2022-09-29", "ADDTENANT": "04000F", "ADDUSER": "pasco01", "EDITDATE": null, "EDITTENANT": "", "EDITUSER": ""}}, {"type": "Feature", "geometry": {"type": "Polygon", "coordinates": [[[141.44106606439814, 38.77124934093673], [141.44116264149378, 38.77131478562079], [141.44123843041956, 38.7712822792172], [141.4412300699918, 38.771187507667655], [141.44117282017083, 38.77116873630165], [141.44108718766074, 38.77121387387573], [141.44106606439814, 38.77124934093673]]]}, "properties": {"KEYCODE": "000205@B096@01@0019@0000@0000@0000", "小班": "19", "小班面積": 0.02, "林種": "人工林", "中樹種": "カラマツ", "林齢": 71, "齢級": 15, "所有形態": "個人", "ADDDATE": "2022-09-29", "ADDTENANT": "04000F", "ADDUSER": "pasco01", "EDITDATE": null, "EDITTENANT": "", "EDITUSER": ""}}, {"type": "Feature", "geometry": {"type": "Polygon", "coordinates": [[[141.44168583112307, 38.77136447808217], [141.44148366372866, 38.77123732734833], [141.44158913952094, 38.771140212083125], [141.44166039739582, 38.77107247357046], [141.44174741571206, 38.77100128274032], [141.44184027993515, 38.77094243062344], [141.44166914141485, 38.770917376830006], [141.44148388872273, 38.77092160397646], [141.44132610114076, 38.770947046246356], [141.4411610935839, 38.77096803131459], [141.4410062379025, 38.771001331681006], [141.44098839292462, 38.770928381225545], [141.44098786979828, 38.7708665838097], [141.44099880440143, 38.770800240389164], [141.44100393968202, 38.77072718846492], [141.44099088955653, 38.77051093646342], [141.44084059345485, 38.77058119442975], [141.44068473948556, 38.77067731860502], [141.44058380521608, 38.770935681346984], [141.4405953906387, 38.77110906945202], [141.44073653140245, 38.771107624298836], [141.44082631043767, 38.77113862123899], [141.44091237770508, 38.7712837783293], [141.44095432734812, 38.77127536394364], [141.44096973893832, 38.77127227214256], [141.44106606439814, 38.77124934093673], [141.44108718766074, 38.77121387387573], [141.44117282017083, 38.77116873630165], [141.4412300699918, 38.771187507667655], [141.44123843041956, 38.7712822792172], [141.44116264149378, 38.77131478562079], [141.4411820505143, 38.771359376911654], [141.44125342601927, 38.771428130027736], [141.44138936041145, 38.77152134151496], [141.44139848985702, 38.771527602045246], [141.44148091569463, 38.77159351377637], [141.44168583112307, 38.77136447808217]]]}, "properties": {"KEYCODE": "000205@B096@01@0020@0000@0000@0000", "小班": "20", "小班面積": 0.49, "林種": "人工林", "中樹種": "スギ", "林齢": 68, "齢級": 14, "所有形態": "個人", "ADDDATE": "2022-09-29", "ADDTENANT": "04000F", "ADDUSER": "pasco01", "EDITDATE": null, "EDITTENANT": "", "EDITUSER": ""}}, {"type": "Feature", "geometry": {"type": "Polygon", "coordinates": [[[141.44184027993515, 38.77094243062344], [141.441876070354, 38.77092765886612], [141.44199067347228, 38.77091765679035], [141.44210324113368, 38.770907826464054], [141.44221512784503, 38.77093851258676], [141.44223966390007, 38.770948555800004], [141.44222480591918, 38.77093377393518], [141.44213913961138, 38.7708398421118], [141.44209083769877, 38.77078687906048], [141.44199215935095, 38.77067879976262], [141.44194647464585, 38.77058413794939], [141.44187629718033, 38.77032777681793], [141.4418786567904, 38.77026675176951], [141.44175639504323, 38.77030112573667], [141.44155267819596, 38.77033565504333], [141.4415001648922, 38.77029457837663], [141.44139755904104, 38.77022088884882], [141.44112340871015, 38.76998574570635], [141.44105909571974, 38.77002981834936], [141.4410219583404, 38.770058055255376], [141.44096323051468, 38.77008076663345], [141.44088301812226, 38.77011030039809], [141.44080282272995, 38.77014320334751], [141.44078203517768, 38.770237232765275], [141.44068473948556, 38.77067731860502], [141.44084059345485, 38.77058119442975], [141.44099088955653, 38.77051093646342], [141.44100393968202, 38.77072718846492], [141.44099880440143, 38.770800240389164], [141.44098786979828, 38.7708665838097], [141.44098839292462, 38.770928381225545], [141.4410062379025, 38.771001331681006], [141.4411610935839, 38.77096803131459], [141.44132610114076, 38.770947046246356], [141.44148388872273, 38.77092160397646], [141.44166914141485, 38.770917376830006], [141.44184027993515, 38.77094243062344]]]}, "properties": {"KEYCODE": "000205@B096@01@0021@0000@0000@0000", "小班": "21", "小班面積": 0.82, "林種": "人工林", "中樹種": "スギ", "林齢": 66, "齢級": 14, "所有形態": "個人", "ADDDATE": "2022-09-29", "ADDTENANT": "04000F", "ADDUSER": "pasco01", "EDITDATE": null, "EDITTENANT": "", "EDITUSER": ""}}, {"type": "Feature", "geometry": {"type": "Polygon", "coordinates": [[[141.4418786567904, 38.77026675176951], [141.4418803353597, 38.770223360680276], [141.4419187644527, 38.770169755827304], [141.44196154588008, 38.770104254568075], [141.4421067252509, 38.76982175504636], [141.4421084867357, 38.76981833059749], [141.4420971813735, 38.769758183014794], [141.44208050064015, 38.76966944395869], [141.44202430186436, 38.7695292681079], [141.44199235101487, 38.76946819111035], [141.4418764211751, 38.76924658218648], [141.44179417454293, 38.76911085890246], [141.44174095467486, 38.76906305275986], [141.44167748824347, 38.769168994464174], [141.44160934942477, 38.769276004582096], [141.44156576771465, 38.76940200464671], [141.44153099922548, 38.76955493958237], [141.44150021027053, 38.76966291740723], [141.4414722034272, 38.76975852053626], [141.4414452997995, 38.76981030764151], [141.44139684303133, 38.7698621807529], [141.44130242624487, 38.76991424789187], [141.44122657309478, 38.76995162398415], [141.44112340871015, 38.76998574570635], [141.44139755904104, 38.77022088884882], [141.4415001648922, 38.77029457837663], [141.44155267819596, 38.77033565504333], [141.44175639504323, 38.77030112573667], [141.4418786567904, 38.77026675176951]]]}, "properties": {"KEYCODE": "000205@B096@01@0022@0000@0000@0000", "小班": "22", "小班面積": 0.61, "林種": "人工林", "中樹種": "スギ", "林齢": 65, "齢級": 13, "所有形態": "個人", "ADDDATE": "2022-09-29", "ADDTENANT": "04000F", "ADDUSER": "pasco01", "EDITDATE": null, "EDITTENANT": "", "EDITUSER": ""}}, {"type": "Feature", "geometry": {"type": "Polygon", "coordinates": [[[141.44174095467486, 38.76906305275986], [141.44171098482266, 38.76903613071939], [141.44156663021235, 38.76896786487656], [141.441322528304, 38.7693797372172], [141.44128288055668, 38.76944663274389], [141.44127036284289, 38.769493437830526], [141.4412431177976, 38.769595306238536], [141.4412439547514, 38.76960050002007], [141.44124634180352, 38.7696153234593], [141.44125538548786, 38.76967143969823], [141.4412655725587, 38.7697029574954], [141.44125243188117, 38.76972477333066], [141.4414722034272, 38.76975852053626], [141.44150021027053, 38.76966291740723], [141.44153099922548, 38.76955493958237], [141.44156576771465, 38.76940200464671], [141.44160934942477, 38.769276004582096], [141.44167748824347, 38.769168994464174], [141.44174095467486, 38.76906305275986]]]}, "properties": {"KEYCODE": "000205@B096@01@0023@0000@0000@0000", "小班": "23", "小班面積": 0.18, "林種": "人工林", "中樹種": "スギ", "林齢": 84, "齢級": 17, "所有形態": "個人", "ADDDATE": "2022-09-29", "ADDTENANT": "04000F", "ADDUSER": "pasco01", "EDITDATE": null, "EDITTENANT": "", "EDITUSER": ""}}, {"type": "Feature", "geometry": {"type": "Polygon", "coordinates": [[[141.44112340871015, 38.76998574570635], [141.44122657309478, 38.76995162398415], [141.44130242624487, 38.76991424789187], [141.44139684303133, 38.7698621807529], [141.4414452997995, 38.76981030764151], [141.4414722034272, 38.76975852053626], [141.44125243188117, 38.76972477333066], [141.4412655725587, 38.7697029574954], [141.44125538548786, 38.76967143969823], [141.44112839136835, 38.7697505677109], [141.44094188276208, 38.769808384553144], [141.44091859499002, 38.76981560373322], [141.44078286522893, 38.76986886719012], [141.4406447979015, 38.769987123825096], [141.44057314568062, 38.77007484731906], [141.4406416486981, 38.77009738478802], [141.44080282272995, 38.77014320334751], [141.44088301812226, 38.77011030039809], [141.44096323051468, 38.77008076663345], [141.4410219583404, 38.770058055255376], [141.44105909571974, 38.77002981834936], [141.44112340871015, 38.76998574570635]]]}, "properties": {"KEYCODE": "000205@B096@01@0023@0001@0000@0000", "小班": "23-1", "小班面積": 0.18, "林種": "人工林", "中樹種": "スギ", "林齢": 54, "齢級": 11, "所有形態": "個人", "ADDDATE": "2022-09-29", "ADDTENANT": "04000F", "ADDUSER": "pasco01", "EDITDATE": null, "EDITTENANT": "", "EDITUSER": ""}}, {"type": "Feature", "geometry": {"type": "Polygon", "coordinates": [[[141.44078203517768, 38.770237232765275], [141.44080282272995, 38.77014320334751], [141.4406416486981, 38.77009738478802], [141.44057314568062, 38.77007484731906], [141.44048449103735, 38.77018338677132], [141.44047154025978, 38.77019791243148], [141.44041852989082, 38.770257367257955], [141.44027862987116, 38.77041427304274], [141.44066716924777, 38.77025644031251], [141.44078203517768, 38.770237232765275]]]}, "properties": {"KEYCODE": "000205@B096@01@0024@0000@0000@0000", "小班": "24", "小班面積": 0.07, "林種": "人工林", "中樹種": "スギ", "林齢": 74, "齢級": 15, "所有形態": "個人", "ADDDATE": "2022-09-29", "ADDTENANT": "04000F", "ADDUSER": "pasco01", "EDITDATE": null, "EDITTENANT": "", "EDITUSER": ""}}, {"type": "Feature", "geometry": {"type": "Polygon", "coordinates": [[[141.43983915126387, 38.77183997746417], [141.43980112891538, 38.77165663652609], [141.4397812766709, 38.771363077428106], [141.43976962280712, 38.77076547321486], [141.43980954562534, 38.77073380247571], [141.44000287763131, 38.77069656798326], [141.44018859650714, 38.77062314161693], [141.44025712209532, 38.770718371989304], [141.44047694632155, 38.77086459867061], [141.44058380521608, 38.770935681346984], [141.44068473948556, 38.77067731860502], [141.44078203517768, 38.770237232765275], [141.44066716924777, 38.77025644031251], [141.44027862987116, 38.77041427304274], [141.44013926832906, 38.77046963566762], [141.44007501994145, 38.770466709811686], [141.4399240755717, 38.770459836679855], [141.4398748218296, 38.77045759413933], [141.4397076848648, 38.770489588071364], [141.4397283130962, 38.77052092029685], [141.4396843168524, 38.77053902582308], [141.43956550517197, 38.77053129993727], [141.43940729077917, 38.77054463387174], [141.43936937399633, 38.77056151587533], [141.43936605644677, 38.770619335973045], [141.4394957470208, 38.77065322513568], [141.43958313746384, 38.77065598712338], [141.43957993761066, 38.77065930458232], [141.43953446033387, 38.770723520771625], [141.43950484723396, 38.77079666446113], [141.43944081253673, 38.77090796096814], [141.43943801876983, 38.77097490796517], [141.43943864054077, 38.77103220133108], [141.43946260393443, 38.771054439839524], [141.43954775908114, 38.7710426757867], [141.43958609974453, 38.77107584766571], [141.4395524471462, 38.7711469339647], [141.43953968958704, 38.77125843389444], [141.43940497324755, 38.77135030622998], [141.43935483747939, 38.771401388106156], [141.43946342916107, 38.771400126777095], [141.4395554187842, 38.77140761351943], [141.43962590737289, 38.77142234227431], [141.43963454898184, 38.77142414787139], [141.43960768146857, 38.77148043069776], [141.43959509173445, 38.77152542247558], [141.43959120463103, 38.77158160410338], [141.43959611342672, 38.77166135152022], [141.43961111787297, 38.771745551012486], [141.43963317673445, 38.771814387970196], [141.43964347804678, 38.77184653322594], [141.43983915126387, 38.77183997746417]]]}, "properties": {"KEYCODE": "000205@B096@01@0025@0000@0000@0000", "小班": "25", "小班面積": 0.66, "林種": "天然林", "中樹種": "その他L", "林齢": 60, "齢級": 12, "所有形態": "個人", "ADDDATE": "2022-09-29", "ADDTENANT": "04000F", "ADDUSER": "pasco01", "EDITDATE": null, "EDITTENANT": "", "EDITUSER": ""}}, {"type": "Feature", "geometry": {"type": "Polygon", "coordinates": [[[141.4397076848648, 38.770489588071364], [141.439671406765, 38.7704965320627], [141.43944188797022, 38.77047109228852], [141.43935637012592, 38.77050193178446], [141.43932838350315, 38.770489718494524], [141.43929263502886, 38.770474118456725], [141.43924887671005, 38.77051002056609], [141.43932367946783, 38.77063951402256], [141.43932243535355, 38.77065949410217], [141.4393079766607, 38.77089191666493], [141.4393478112118, 38.77113472513823], [141.43935073823167, 38.77124577705586], [141.43935483747939, 38.771401388106156], [141.43940497324755, 38.77135030622998], [141.43953968958704, 38.77125843389444], [141.4395524471462, 38.7711469339647], [141.43958609974453, 38.77107584766571], [141.43954775908114, 38.7710426757867], [141.43946260393443, 38.771054439839524], [141.43943864054077, 38.77103220133108], [141.43943801876983, 38.77097490796517], [141.43944081253673, 38.77090796096814], [141.43950484723396, 38.77079666446113], [141.43953446033387, 38.770723520771625], [141.43957993761066, 38.77065930458232], [141.43958313746384, 38.77065598712338], [141.4394957470208, 38.77065322513568], [141.43936605644677, 38.770619335973045], [141.43936937399633, 38.77056151587533], [141.43940729077917, 38.77054463387174], [141.43956550517197, 38.77053129993727], [141.4396843168524, 38.77053902582308], [141.4397283130962, 38.77052092029685], [141.4397076848648, 38.770489588071364]]]}, "properties": {"KEYCODE": "000205@B096@01@0026@0000@0000@0000", "小班": "26", "小班面積": 0.16, "林種": "人工林", "中樹種": "スギ", "林齢": 74, "齢級": 15, "所有形態": "個人", "ADDDATE": "2022-09-29", "ADDTENANT": "04000F", "ADDUSER": "pasco01", "EDITDATE": null, "EDITTENANT": "", "EDITUSER": ""}}, {"type": "Feature", "geometry": {"type": "Polygon", "coordinates": [[[141.43963317673445, 38.771814387970196], [141.43961111787297, 38.771745551012486], [141.43959611342672, 38.77166135152022], [141.43959120463103, 38.77158160410338], [141.43959509173445, 38.77152542247558], [141.43960768146857, 38.77148043069776], [141.43963454898184, 38.77142414787139], [141.43962590737289, 38.77142234227431], [141.4395554187842, 38.77140761351943], [141.43946342916107, 38.771400126777095], [141.43935483747939, 38.771401388106156], [141.439355090185, 38.771410989379405], [141.43935518680726, 38.771414656400424], [141.43935542533114, 38.77141510110401], [141.43941827286238, 38.771531580054585], [141.4394395965891, 38.77157109960739], [141.4394980557514, 38.7718257869344], [141.43963317673445, 38.771814387970196]]]}, "properties": {"KEYCODE": "000205@B096@01@0027@0000@0000@0000", "小班": "27", "小班面積": 0.07, "林種": "天然林", "中樹種": "その他L", "林齢": 66, "齢級": 14, "所有形態": "個人", "ADDDATE": "2022-09-29", "ADDTENANT": "04000F", "ADDUSER": "pasco01", "EDITDATE": null, "EDITTENANT": "", "EDITUSER": ""}}, {"type": "Feature", "geometry": {"type": "Polygon", "coordinates": [[[141.43964347804678, 38.77184653322594], [141.43963317673445, 38.771814387970196], [141.4394980557514, 38.7718257869344], [141.43950550209456, 38.77185822988936], [141.43951636574297, 38.771905562139914], [141.4395309577667, 38.772072790667096], [141.43954437881274, 38.77210886924839], [141.43973601127863, 38.7721157857997], [141.4397450734761, 38.771984308893416], [141.43964347804678, 38.77184653322594]]]}, "properties": {"KEYCODE": "000205@B096@01@0028@0000@0000@0000", "小班": "28", "小班面積": 0.06, "林種": "人工林", "中樹種": "スギ", "林齢": 67, "齢級": 14, "所有形態": "個人", "ADDDATE": "2022-09-29", "ADDTENANT": "04000F", "ADDUSER": "pasco01", "EDITDATE": null, "EDITTENANT": "", "EDITUSER": ""}}, {"type": "Feature", "geometry": {"type": "Polygon", "coordinates": [[[141.4398287378574, 38.772412000006206], [141.43973601127863, 38.7721157857997], [141.43954437881274, 38.77210886924839], [141.43961326015463, 38.77229404564676], [141.4396644944119, 38.772398769522304], [141.43963594815472, 38.77245648446177], [141.4396461974213, 38.772474177913274], [141.4398287378574, 38.772412000006206]]]}, "properties": {"KEYCODE": "000205@B096@01@0029@0000@0000@0000", "小班": "29", "小班面積": 0.06, "林種": "人工林", "中樹種": "ヒノキ類", "林齢": 67, "齢級": 14, "所有形態": "個人", "ADDDATE": "2022-09-29", "ADDTENANT": "04000F", "ADDUSER": "pasco01", "EDITDATE": null, "EDITTENANT": "", "EDITUSER": ""}}, {"type": "Feature", "geometry": {"type": "Polygon", "coordinates": [[[141.4399552629115, 38.77261821190094], [141.4399044925751, 38.7725532519157], [141.43986385508506, 38.77249724821607], [141.4398287378574, 38.772412000006206], [141.4396461974213, 38.772474177913274], [141.439696654295, 38.7725612762966], [141.43974492045209, 38.77262530433307], [141.43974112896686, 38.772688557441775], [141.43964209476886, 38.772778817875626], [141.43957468481608, 38.772805739307806], [141.43971952116118, 38.77291280816246], [141.43989551171177, 38.77285396769869], [141.43990709140664, 38.77284393745482], [141.43993972283246, 38.77280251005187], [141.43995033638032, 38.772783169620986], [141.43998358202336, 38.772711549309214], [141.4399552629115, 38.77261821190094]]]}, "properties": {"KEYCODE": "000205@B096@01@0030@0000@0000@0000", "小班": "30", "小班面積": 0.11, "林種": "天然林", "中樹種": "その他L", "林齢": 71, "齢級": 15, "所有形態": "個人", "ADDDATE": "2022-09-29", "ADDTENANT": "04000F", "ADDUSER": "pasco01", "EDITDATE": null, "EDITTENANT": "", "EDITUSER": ""}}, {"type": "Feature", "geometry": {"type": "Polygon", "coordinates": [[[141.43971952116118, 38.77291280816246], [141.43957468481608, 38.772805739307806], [141.43952663279973, 38.7728249297608], [141.43948574371464, 38.77287107819725], [141.43949866239979, 38.77291944301229], [141.4394906987032, 38.77295206948998], [141.43949209340258, 38.77298904376959], [141.43945398218102, 38.77303028595635], [141.4394332235677, 38.77310519176488], [141.43942042489925, 38.773151377373864], [141.4394059062035, 38.77319136207001], [141.43941262211806, 38.77321934490378], [141.43942769432357, 38.7732298071457], [141.43944744308206, 38.77324212799094], [141.4395087710817, 38.773246032381685], [141.4395769518168, 38.773207063899875], [141.43959938211958, 38.77315903734211], [141.43959538341352, 38.773118298243], [141.43955041969878, 38.77309421917995], [141.43951749416976, 38.77308938372125], [141.43952074841485, 38.77304217194535], [141.43957069975409, 38.77297978660475], [141.43965075926832, 38.772934470953764], [141.43971952116118, 38.77291280816246]]]}, "properties": {"KEYCODE": "000205@B096@01@0031@0000@0000@0000", "小班": "31", "小班面積": 0.06, "林種": "天然林", "中樹種": "その他L", "林齢": 56, "齢級": 12, "所有形態": "個人", "ADDDATE": "2022-09-29", "ADDTENANT": "04000F", "ADDUSER": "pasco01", "EDITDATE": null, "EDITTENANT": "", "EDITUSER": ""}}, {"type": "Feature", "geometry": {"type": "Polygon", "coordinates": [[[141.43983915126387, 38.77183997746417], [141.43964347804678, 38.77184653322594], [141.4397450734761, 38.771984308893416], [141.43973601127863, 38.7721157857997], [141.4398287378574, 38.772412000006206], [141.43986385508506, 38.77249724821607], [141.4399044925751, 38.7725532519157], [141.4399552629115, 38.77261821190094], [141.4399195802958, 38.772314042386014], [141.43985676087166, 38.77207372909646], [141.43985747272455, 38.77195272511583], [141.43983915126387, 38.77183997746417]]]}, "properties": {"KEYCODE": "000205@B096@01@0032@0000@0000@0000", "小班": "32", "小班面積": 0.09, "林種": "人工林", "中樹種": "クヌギ", "林齢": 65, "齢級": 13, "所有形態": "個人", "ADDDATE": "2022-09-29", "ADDTENANT": "04000F", "ADDUSER": "pasco01", "EDITDATE": null, "EDITTENANT": "", "EDITUSER": ""}}, {"type": "Feature", "geometry": {"type": "Polygon", "coordinates": [[[141.44020177016594, 38.773227114474146], [141.4402259096568, 38.773185817575076], [141.44030029041892, 38.77305856895035], [141.44029745852066, 38.772925387152405], [141.44044442071106, 38.77265967221576], [141.440456349631, 38.77262650255828], [141.44044209829977, 38.77256490169528], [141.44024600631494, 38.772512623551364], [141.4400846657632, 38.77281722771872], [141.43999107552912, 38.77298361236904], [141.43991600183176, 38.77303548787678], [141.4397493521384, 38.77320415958735], [141.43975403027034, 38.77326899664985], [141.43995027606988, 38.773340589878295], [141.44020177016594, 38.773227114474146]]]}, "properties": {"KEYCODE": "000205@B096@01@0033@0000@0000@0000", "小班": "33", "小班面積": 0.25, "林種": "人工林", "中樹種": "クヌギ", "林齢": 70, "齢級": 14, "所有形態": "個人", "ADDDATE": "2022-09-29", "ADDTENANT": "04000F", "ADDUSER": "pasco01", "EDITDATE": null, "EDITTENANT": "", "EDITUSER": ""}}, {"type": "Feature", "geometry": {"type": "Polygon", "coordinates": [[[141.44111878842492, 38.771780079045065], [141.44103630913634, 38.77174854348426], [141.4409709785246, 38.77169239198628], [141.44095759053195, 38.77166001334997], [141.44090130234167, 38.77152387976135], [141.44088984358112, 38.77149616580327], [141.44088723490972, 38.77140393366799], [141.44091237770508, 38.7712837783293], [141.44082631043767, 38.77113862123899], [141.44073653140245, 38.771107624298836], [141.4405953906387, 38.77110906945202], [141.44063364677086, 38.771163833949565], [141.44063561150472, 38.771207034014516], [141.4406500782741, 38.77152518550917], [141.4406519950141, 38.77156733718498], [141.44066376295714, 38.771826137660646], [141.4406309234895, 38.77198679278388], [141.44046037023836, 38.772227336258176], [141.4403542981357, 38.77237693671531], [141.44022078591615, 38.77250781764478], [141.44024600631494, 38.772512623551364], [141.4404867863916, 38.7723072313521], [141.44055140177272, 38.772233662339005], [141.44063001824256, 38.77211347157225], [141.44069931155843, 38.77198225726974], [141.44074342600703, 38.772000406150305], [141.44072940229066, 38.7720199382498], [141.44093315808428, 38.772058165112], [141.44094704272908, 38.77206077036995], [141.44096595943145, 38.77199672687788], [141.44097345103276, 38.771937031019135], [141.4410577154583, 38.77182752217372], [141.44111878842492, 38.771780079045065]]]}, "properties": {"KEYCODE": "000205@B096@01@0034@0000@0000@0000", "小班": "34", "小班面積": 0.3, "林種": "天然林", "中樹種": "その他L", "林齢": 69, "齢級": 14, "所有形態": "個人", "ADDDATE": "2022-09-29", "ADDTENANT": "04000F", "ADDUSER": "pasco01", "EDITDATE": null, "EDITTENANT": "", "EDITUSER": ""}}, {"type": "Feature", "geometry": {"type": "Polygon", "coordinates": [[[141.44048199621372, 38.77357074468692], [141.44036441886212, 38.77342656451525], [141.44024014249933, 38.77327416956436], [141.44020177016594, 38.773227114474146], [141.43995027606988, 38.773340589878295], [141.43994717773415, 38.77350767139488], [141.44002155812183, 38.77355376578411], [141.4403375826969, 38.77365724239159], [141.4403880180599, 38.77359497131061], [141.44045737305427, 38.77357398968155], [141.44048199621372, 38.77357074468692]]]}, "properties": {"KEYCODE": "000205@B096@01@0035@0000@0000@0000", "小班": "35", "小班面積": 0.13, "林種": "人工林", "中樹種": "スギ", "林齢": 73, "齢級": 15, "所有形態": "個人", "ADDDATE": "2022-09-29", "ADDTENANT": "04000F", "ADDUSER": "pasco01", "EDITDATE": null, "EDITTENANT": "", "EDITUSER": ""}}, {"type": "Feature", "geometry": {"type": "Polygon", "coordinates": [[[141.43836037134523, 38.77167637415451], [141.43819294985764, 38.77166555531493], [141.43823646470156, 38.77148226930217], [141.43821107750244, 38.771360359864666], [141.4381679929141, 38.771306236668735], [141.43824301719664, 38.771166816758104], [141.4381693627841, 38.771167150212435], [141.4380481702598, 38.77118462488865], [141.43802445839754, 38.77118804393173], [141.43793992889184, 38.77120349368356], [141.43796680834006, 38.7713252900605], [141.43795339057118, 38.77154618557813], [141.437960093892, 38.771666825080864], [141.43793022100914, 38.77173928503318], [141.43794424421768, 38.77179595052227], [141.4381417864732, 38.77185550422913], [141.43815751042519, 38.77186157232948], [141.43823072962073, 38.77180280942704], [141.43829628302458, 38.77174184024131], [141.43836037134523, 38.77167637415451]]]}, "properties": {"KEYCODE": "000205@B096@02@0001@0000@0000@0000", "小班": "1", "小班面積": 0.18, "林種": "人工林", "中樹種": "スギ", "林齢": 68, "齢級": 14, "所有形態": "個人", "ADDDATE": "2022-09-29", "ADDTENANT": "04000F", "ADDUSER": "pasco01", "EDITDATE": null, "EDITTENANT": "", "EDITUSER": ""}}, {"type": "Feature", "geometry": {"type": "Polygon", "coordinates": [[[141.43856355641506, 38.77175409410747], [141.43844983406441, 38.77172540496258], [141.43836037134523, 38.77167637415451], [141.43829628302458, 38.77174184024131], [141.43823072962073, 38.77180280942704], [141.43815751042519, 38.77186157232948], [141.43830821642703, 38.77191973211309], [141.43849553939486, 38.77198463534922], [141.4385056003838, 38.77198635259985], [141.43852895764766, 38.771910432594886], [141.43856355641506, 38.77175409410747]]]}, "properties": {"KEYCODE": "000205@B096@02@0002@0000@0000@0000", "小班": "2", "小班面積": 0.07, "林種": "人工林", "中樹種": "スギ", "林齢": 62, "齢級": 13, "所有形態": "個人", "ADDDATE": "2022-09-29", "ADDTENANT": "04000F", "ADDUSER": "pasco01", "EDITDATE": null, "EDITTENANT": "", "EDITUSER": ""}}, {"type": "Feature", "geometry": {"type": "Polygon", "coordinates": [[[141.43906549505257, 38.7717258705744], [141.43898327726203, 38.7716528813701], [141.43889483172333, 38.771563715567616], [141.4389366110775, 38.7714633877116], [141.43890743299926, 38.771221140100295], [141.43880028241438, 38.77120920261808], [141.43852421276216, 38.77117564374808], [141.43832016871738, 38.77116646785732], [141.43824301719664, 38.771166816758104], [141.4381679929141, 38.771306236668735], [141.43821107750244, 38.771360359864666], [141.43823646470156, 38.77148226930217], [141.43819294985764, 38.77166555531493], [141.43836037134523, 38.77167637415451], [141.43844983406441, 38.77172540496258], [141.43856355641506, 38.77175409410747], [141.43906549505257, 38.7717258705744]]]}, "properties": {"KEYCODE": "000205@B096@02@0003@0000@0000@0000", "小班": "3", "小班面積": 0.38, "林種": "天然林", "中樹種": "その他L", "林齢": 69, "齢級": 14, "所有形態": "個人", "ADDDATE": "2022-09-29", "ADDTENANT": "04000F", "ADDUSER": "pasco01", "EDITDATE": null, "EDITTENANT": "", "EDITUSER": ""}}, {"type": "Feature", "geometry": {"type": "Polygon", "coordinates": [[[141.4394123188238, 38.77225019295046], [141.43930615417133, 38.77209450487911], [141.43930504265037, 38.77209207463674], [141.43924616020814, 38.7719633238821], [141.43918436683688, 38.77178945000833], [141.43906549505257, 38.7717258705744], [141.43856355641506, 38.77175409410747], [141.43852895764766, 38.771910432594886], [141.4385056003838, 38.77198635259985], [141.43856258962293, 38.771996080786366], [141.4388236168455, 38.77209579053406], [141.439087918947, 38.77215673545829], [141.43930482873208, 38.77225272688619], [141.439353168743, 38.77228352359216], [141.4394123188238, 38.77225019295046]]]}, "properties": {"KEYCODE": "000205@B096@02@0004@0000@0000@0000", "小班": "4", "小班面積": 0.27, "林種": "人工林", "中樹種": "スギ", "林齢": 68, "齢級": 14, "所有形態": "個人", "ADDDATE": "2022-09-29", "ADDTENANT": "04000F", "ADDUSER": "pasco01", "EDITDATE": null, "EDITTENANT": "", "EDITUSER": ""}}, {"type": "Feature", "geometry": {"type": "Polygon", "coordinates": [[[141.4396644944119, 38.772398769522304], [141.4395825033392, 38.77236496466866], [141.43952630342065, 38.77222528677142], [141.4394123188238, 38.77225019295046], [141.439353168743, 38.77228352359216], [141.43945964094792, 38.77235135526841], [141.43956314898853, 38.77241852024872], [141.4395909474371, 38.772433016405564], [141.43963594815472, 38.77245648446177], [141.4396644944119, 38.772398769522304]]]}, "properties": {"KEYCODE": "000205@B096@02@0005@0000@0000@0000", "小班": "5", "小班面積": 0.03, "林種": "天然林", "中樹種": "その他L", "林齢": 72, "齢級": 15, "所有形態": "個人", "ADDDATE": "2022-09-29", "ADDTENANT": "04000F", "ADDUSER": "pasco01", "EDITDATE": null, "EDITTENANT": "", "EDITUSER": ""}}, {"type": "Feature", "geometry": {"type": "Polygon", "coordinates": [[[141.43954437881274, 38.77210886924839], [141.4395309577667, 38.772072790667096], [141.43951636574297, 38.771905562139914], [141.43950550209456, 38.77185822988936], [141.4394980557514, 38.7718257869344], [141.4394395965891, 38.77157109960739], [141.43941827286238, 38.771531580054585], [141.43935542533114, 38.77141510110401], [141.43935518680726, 38.771414656400424], [141.439355090185, 38.771410989379405], [141.43935483747939, 38.771401388106156], [141.43935073823167, 38.77124577705586], [141.4393478112118, 38.77113472513823], [141.4393079766607, 38.77089191666493], [141.43932243535355, 38.77065949410217], [141.43905013864446, 38.77068784677426], [141.43894678874395, 38.77069619307967], [141.43892648439538, 38.77069782530051], [141.43885517023406, 38.770906045407386], [141.43876427414037, 38.77095895530712], [141.43879147767507, 38.77100744080987], [141.43889891607375, 38.771038347747556], [141.43890743299926, 38.771221140100295], [141.4389366110775, 38.7714633877116], [141.43889483172333, 38.771563715567616], [141.43898327726203, 38.7716528813701], [141.43906549505257, 38.7717258705744], [141.43918436683688, 38.77178945000833], [141.43924616020814, 38.7719633238821], [141.43930504265037, 38.77209207463674], [141.43930615417133, 38.77209450487911], [141.4394123188238, 38.77225019295046], [141.43952630342065, 38.77222528677142], [141.4395825033392, 38.77236496466866], [141.4396644944119, 38.772398769522304], [141.43961326015463, 38.77229404564676], [141.43954437881274, 38.77210886924839]]]}, "properties": {"KEYCODE": "000205@B096@02@0006@0000@0000@0000", "小班": "6", "小班面積": 0.6, "林種": "人工林", "中樹種": "スギ", "林齢": 73, "齢級": 15, "所有形態": "個人", "ADDDATE": "2022-09-29", "ADDTENANT": "04000F", "ADDUSER": "pasco01", "EDITDATE": null, "EDITTENANT": "", "EDITUSER": ""}}, {"type": "Feature", "geometry": {"type": "Polygon", "coordinates": [[[141.43892648439538, 38.77069782530051], [141.4388383721668, 38.770503778813335], [141.4387687474696, 38.770191409994325], [141.43869234485004, 38.76983826500557], [141.43878657476074, 38.76970696856276], [141.43890418872755, 38.769645338326384], [141.43900430211747, 38.7695304065181], [141.4390458383039, 38.76940147659353], [141.43901379211212, 38.76921545302187], [141.43891411798867, 38.769251347481344], [141.43879148980196, 38.76929733632693], [141.4385695126465, 38.76938058147313], [141.43847576519724, 38.76945905966972], [141.4384522180262, 38.76947877054285], [141.4384873789123, 38.76948469742469], [141.43853007744372, 38.76958339585766], [141.43853280152786, 38.769805971856], [141.43830976427995, 38.7699294674553], [141.43824736771157, 38.769997223844356], [141.43826947528623, 38.77009126232912], [141.4382429399302, 38.77019389482608], [141.43826970924076, 38.77029923066294], [141.4383267795336, 38.77031626566996], [141.438419419269, 38.770360429680224], [141.4383734165885, 38.77041131947729], [141.43852567139777, 38.770593473073305], [141.4385185085799, 38.77064654555112], [141.43847158794497, 38.770678967391255], [141.4384549999131, 38.77075911265922], [141.43845609140453, 38.770761357430736], [141.4383173471573, 38.77089250294901], [141.43820940329252, 38.770909747049494], [141.43816376743212, 38.77100413522885], [141.43818689833043, 38.77103917454756], [141.4383067845606, 38.77108384266247], [141.43830777671454, 38.771111248901], [141.43824301719664, 38.771166816758104], [141.43832016871738, 38.77116646785732], [141.43852421276216, 38.77117564374808], [141.43880028241438, 38.77120920261808], [141.43890743299926, 38.771221140100295], [141.43889891607375, 38.771038347747556], [141.43879147767507, 38.77100744080987], [141.43876427414037, 38.77095895530712], [141.43885517023406, 38.770906045407386], [141.43892648439538, 38.77069782530051]]]}, "properties": {"KEYCODE": "000205@B096@02@0007@0000@0000@0000", "小班": "7", "小班面積": 0.84, "林種": "天然林", "中樹種": "その他L", "林齢": 61, "齢級": 13, "所有形態": "個人", "ADDDATE": "2022-09-29", "ADDTENANT": "04000F", "ADDUSER": "pasco01", "EDITDATE": null, "EDITTENANT": "", "EDITUSER": ""}}, {"type": "Feature", "geometry": {"type": "Polygon", "coordinates": [[[141.43824301719664, 38.771166816758104], [141.43830777671454, 38.771111248901], [141.4383067845606, 38.77108384266247], [141.43818689833043, 38.77103917454756], [141.43816376743212, 38.77100413522885], [141.43820940329252, 38.770909747049494], [141.4383173471573, 38.77089250294901], [141.43845609140453, 38.770761357430736], [141.4384549999131, 38.77075911265922], [141.43847158794497, 38.770678967391255], [141.4385185085799, 38.77064654555112], [141.43852567139777, 38.770593473073305], [141.4383734165885, 38.77041131947729], [141.438419419269, 38.770360429680224], [141.4383267795336, 38.77031626566996], [141.43826970924076, 38.77029923066294], [141.4382429399302, 38.77019389482608], [141.43826947528623, 38.77009126232912], [141.43824736771157, 38.769997223844356], [141.43830976427995, 38.7699294674553], [141.43853280152786, 38.769805971856], [141.43853007744372, 38.76958339585766], [141.4384873789123, 38.76948469742469], [141.4384522180262, 38.76947877054285], [141.43840316168874, 38.76951983754779], [141.43836106615672, 38.76954195701363], [141.4380803614331, 38.76968945942144], [141.4380612572092, 38.76969949689183], [141.43807345726788, 38.76981013513168], [141.4380023399611, 38.769908276689215], [141.43805747482486, 38.77007885421818], [141.43805589994727, 38.77028759857128], [141.43807492217005, 38.77038300348697], [141.43806836436877, 38.77044589250956], [141.43809890431316, 38.770624245816826], [141.43807672654557, 38.770767088560085], [141.43794202373277, 38.77096019754794], [141.43791676112195, 38.77109277615878], [141.43791752628013, 38.771098352312194], [141.43793992889184, 38.77120349368356], [141.43802445839754, 38.77118804393173], [141.4380481702598, 38.77118462488865], [141.4381693627841, 38.771167150212435], [141.43824301719664, 38.771166816758104]]]}, "properties": {"KEYCODE": "000205@B096@02@0008@0000@0000@0000", "小班": "8", "小班面積": 0.52, "林種": "人工林", "中樹種": "スギ", "林齢": 66, "齢級": 14, "所有形態": "個人", "ADDDATE": "2022-09-29", "ADDTENANT": "04000F", "ADDUSER": "pasco01", "EDITDATE": null, "EDITTENANT": "", "EDITUSER": ""}}, {"type": "Feature", "geometry": {"type": "Polygon", "coordinates": [[[141.43911574376935, 38.769607800070396], [141.43918565342975, 38.769493896718544], [141.43918630808602, 38.76946463061496], [141.43918714788563, 38.76942705013822], [141.43918720149904, 38.76942468142038], [141.43918801544748, 38.76938839835905], [141.43919062196292, 38.76927194390709], [141.43919165093357, 38.76922598146816], [141.43901379211212, 38.76921545302187], [141.4390458383039, 38.76940147659353], [141.43900430211747, 38.7695304065181], [141.43890418872755, 38.769645338326384], [141.43878657476074, 38.76970696856276], [141.43869234485004, 38.76983826500557], [141.43889107334988, 38.76987849084859], [141.4389103163515, 38.76977503293504], [141.4389534625931, 38.76961192124428], [141.43910051786085, 38.769608186192805], [141.43911574376935, 38.769607800070396]]]}, "properties": {"KEYCODE": "000205@B096@02@0009@0000@0000@0000", "小班": "9", "小班面積": 0.1, "林種": "人工林", "中樹種": "スギ", "林齢": 63, "齢級": 13, "所有形態": "個人", "ADDDATE": "2022-09-29", "ADDTENANT": "04000F", "ADDUSER": "pasco01", "EDITDATE": null, "EDITTENANT": "", "EDITUSER": ""}}, {"type": "Feature", "geometry": {"type": "Polygon", "coordinates": [[[141.43905013864446, 38.77068784677426], [141.43904941889411, 38.77060246416397], [141.43905723138403, 38.7705069212395], [141.43907505494383, 38.77040572289141], [141.4390870401297, 38.770293312594625], [141.43909317774327, 38.770169688596035], [141.43910089628102, 38.77006291205128], [141.43908548292762, 38.76993827363582], [141.43905996676864, 38.76980693180271], [141.4390605702344, 38.76970805689943], [141.43907592416787, 38.76965517706], [141.43911574376935, 38.769607800070396], [141.43910051786085, 38.769608186192805], [141.4389534625931, 38.76961192124428], [141.4389103163515, 38.76977503293504], [141.43889107334988, 38.76987849084859], [141.43869234485004, 38.76983826500557], [141.4387687474696, 38.770191409994325], [141.4388383721668, 38.770503778813335], [141.43892648439538, 38.77069782530051], [141.43894678874395, 38.77069619307967], [141.43905013864446, 38.77068784677426]]]}, "properties": {"KEYCODE": "000205@B096@02@0010@0000@0000@0000", "小班": "10", "小班面積": 0.27, "林種": "人工林", "中樹種": "スギ", "林齢": 65, "齢級": 13, "所有形態": "個人", "ADDDATE": "2022-09-29", "ADDTENANT": "04000F", "ADDUSER": "pasco01", "EDITDATE": null, "EDITTENANT": "", "EDITUSER": ""}}, {"type": "Feature", "geometry": {"type": "Polygon", "coordinates": [[[141.43932243535355, 38.77065949410217], [141.43932367946783, 38.77063951402256], [141.43924887671005, 38.77051002056609], [141.43929263502886, 38.770474118456725], [141.43929067699514, 38.770380057687454], [141.43916489984707, 38.77030551246809], [141.43914057269927, 38.77019260391304], [141.4392565970864, 38.76999456610822], [141.43925740479065, 38.76999318986529], [141.43924537130255, 38.769805876148816], [141.43924491312075, 38.769803814585245], [141.43922105678024, 38.769696358485305], [141.4391848944736, 38.76953355242637], [141.43918477721613, 38.769533022409995], [141.43918565342975, 38.769493896718544], [141.43911574376935, 38.769607800070396], [141.43907592416787, 38.76965517706], [141.4390605702344, 38.76970805689943], [141.43905996676864, 38.76980693180271], [141.43908548292762, 38.76993827363582], [141.43910089628102, 38.77006291205128], [141.43909317774327, 38.770169688596035], [141.4390870401297, 38.770293312594625], [141.43907505494383, 38.77040572289141], [141.43905723138403, 38.7705069212395], [141.43904941889411, 38.77060246416397], [141.43905013864446, 38.77068784677426], [141.43932243535355, 38.77065949410217]]]}, "properties": {"KEYCODE": "000205@B096@02@0011@0000@0000@0000", "小班": "11", "小班面積": 0.17, "林種": "人工林", "中樹種": "スギ", "林齢": 75, "齢級": 15, "所有形態": "個人", "ADDDATE": "2022-09-29", "ADDTENANT": "04000F", "ADDUSER": "pasco01", "EDITDATE": null, "EDITTENANT": "", "EDITUSER": ""}}, {"type": "Feature", "geometry": {"type": "Polygon", "coordinates": [[[141.43918714788563, 38.76942705013822], [141.43918630808602, 38.76946463061496], [141.43918565342975, 38.769493896718544], [141.43918477721613, 38.769533022409995], [141.4391848944736, 38.76953355242637], [141.43922105678024, 38.769696358485305], [141.43924491312075, 38.769803814585245], [141.43924537130255, 38.769805876148816], [141.43925740479065, 38.76999318986529], [141.43933744323235, 38.76995649694206], [141.4394278538854, 38.76990734401913], [141.43945441480568, 38.76980780928139], [141.43941776473784, 38.76968643595789], [141.43938387370608, 38.769611912610976], [141.43934880293605, 38.76953341163468], [141.43930534695028, 38.76948527808158], [141.4392649242281, 38.76945847897853], [141.4392202257818, 38.769440441561606], [141.43918714788563, 38.76942705013822]]]}, "properties": {"KEYCODE": "000205@B096@02@0017@0000@0000@0000", "小班": "17", "小班面積": 0.09, "林種": "人工林", "中樹種": "カラマツ", "林齢": 72, "齢級": 15, "所有形態": "個人", "ADDDATE": "2022-09-29", "ADDTENANT": "04000F", "ADDUSER": "pasco01", "EDITDATE": null, "EDITTENANT": "", "EDITUSER": ""}}, {"type": "Feature", "geometry": {"type": "Polygon", "coordinates": [[[141.43803951270093, 38.769708393079], [141.43798403561064, 38.769672408472715], [141.43780801235766, 38.7695582321076], [141.43775815550043, 38.76947570717116], [141.4377409776793, 38.76934664170116], [141.43774043697974, 38.76934256887055], [141.437730589281, 38.769268571134916], [141.4377303030149, 38.769266421289686], [141.43765015761863, 38.769017236906244], [141.43768680969876, 38.768922656616944], [141.437823846997, 38.7688175464562], [141.43791896621335, 38.76872409338782], [141.43797523421608, 38.768675824492504], [141.43806507452283, 38.768719761846846], [141.43801395519571, 38.7688315790657], [141.43801903546304, 38.76889234214698], [141.4380604114848, 38.768841323266436], [141.4381499727602, 38.76873088725965], [141.43820274470662, 38.7686886218616], [141.43823925376844, 38.76865938099964], [141.43826352861774, 38.76863224847105], [141.4382973986752, 38.76859438892019], [141.43832800038038, 38.76856018407263], [141.43808967336128, 38.768577655170056], [141.43808325157974, 38.76857812623166], [141.437963413231, 38.76861182424604], [141.437875184394, 38.76863663441755], [141.4378257688194, 38.76867464902573], [141.4376348299428, 38.76882153831162], [141.43757772406533, 38.76886546728223], [141.43757725824685, 38.768898235066345], [141.4375761855261, 38.76897391989117], [141.43757347454738, 38.76916506225692], [141.43753183812694, 38.76918390882072], [141.43752208589297, 38.769188323148136], [141.4374351296867, 38.76922768659479], [141.43756642857744, 38.76933518673994], [141.43758632521926, 38.769364931262814], [141.4376288025828, 38.76942843069582], [141.43763875957922, 38.76956517937149], [141.43779833706097, 38.76971263164177], [141.43798478581758, 38.76989146681204], [141.43804856040396, 38.76980412889312], [141.43803951270093, 38.769708393079]]]}, "properties": {"KEYCODE": "000205@B096@02@0024@0000@0000@0000", "小班": "24", "小班面積": 0.24, "林種": "天然林", "中樹種": "その他L", "林齢": 31, "齢級": 7, "所有形態": "個人", "ADDDATE": "2022-09-29", "ADDTENANT": "04000F", "ADDUSER": "pasco01", "EDITDATE": null, "EDITTENANT": "", "EDITUSER": ""}}, {"type": "Feature", "geometry": {"type": "Polygon", "coordinates": [[[141.43801903546304, 38.76889234214698], [141.43801395519571, 38.7688315790657], [141.43806507452283, 38.768719761846846], [141.43797523421608, 38.768675824492504], [141.43791896621335, 38.76872409338782], [141.437823846997, 38.7688175464562], [141.43768680969876, 38.768922656616944], [141.43765015761863, 38.769017236906244], [141.4377303030149, 38.769266421289686], [141.43774535426164, 38.7692461617124], [141.4377795369829, 38.76920014944323], [141.43786746870322, 38.76906410167021], [141.43789513829074, 38.76903312107479], [141.43800088033592, 38.76891472860451], [141.43801903546304, 38.76889234214698]]]}, "properties": {"KEYCODE": "000205@B096@02@0025@0000@0000@0000", "小班": "25", "小班面積": 0.11, "林種": "人工林", "中樹種": "スギ", "林齢": 39, "齢級": 8, "所有形態": "個人", "ADDDATE": "2022-09-29", "ADDTENANT": "04000F", "ADDUSER": "pasco01", "EDITDATE": null, "EDITTENANT": "", "EDITUSER": ""}}, {"type": "Feature", "geometry": {"type": "Polygon", "coordinates": [[[141.43585418176983, 38.77203825505851], [141.43584912147998, 38.772035492892606], [141.43573373839288, 38.77197250738693], [141.43568027399442, 38.77193741041619], [141.4356209126255, 38.771898442056866], [141.43553166356165, 38.771839854042376], [141.4354182736771, 38.77189603756423], [141.43535992145516, 38.771925354022166], [141.43550578254144, 38.7720353624633], [141.43554946390938, 38.772068673009855], [141.4356413986985, 38.77213814342797], [141.43564105319558, 38.77213865961664], [141.43570425066653, 38.7721940791588], [141.43579198754088, 38.77210388027862], [141.43585407340342, 38.77203836912926], [141.43585418176983, 38.77203825505851]]]}, "properties": {"KEYCODE": "000205@B096@03@0001@0000@0000@0000", "小班": "1", "小班面積": 0.08, "林種": "天然林", "中樹種": "その他L", "林齢": 74, "齢級": 15, "所有形態": "個人", "ADDDATE": "2022-09-29", "ADDTENANT": "04000F", "ADDUSER": "pasco01", "EDITDATE": null, "EDITTENANT": "", "EDITUSER": ""}}, {"type": "Feature", "geometry": {"type": "Polygon", "coordinates": [[[141.43553166356165, 38.771839854042376], [141.4356209126255, 38.771898442056866], [141.43568027399442, 38.77193741041619], [141.43573373839288, 38.77197250738693], [141.43584912147998, 38.772035492892606], [141.43585418176983, 38.77203825505851], [141.43585975442736, 38.77202901022655], [141.43592838373047, 38.77195845275174], [141.43594421730327, 38.77194104970388], [141.4360179453117, 38.7718662154878], [141.43602167258837, 38.771865239521816], [141.43618127338186, 38.77180181444159], [141.4362806501879, 38.77175872573892], [141.43645907270923, 38.771693499592494], [141.43655032764448, 38.77166170468763], [141.436946815672, 38.77160219883489], [141.43693989648037, 38.77161960372585], [141.43710520073947, 38.77163089385237], [141.4372221041773, 38.77165478504743], [141.43739459441, 38.77169135263521], [141.437541857559, 38.77171951896543], [141.43766661443877, 38.7717344232779], [141.43786426796999, 38.77177871220471], [141.43786749118166, 38.771778146890334], [141.43788572393305, 38.771726010879966], [141.4379072103921, 38.771664792381564], [141.43790282433437, 38.77154872641733], [141.43791427211406, 38.77132892216374], [141.43788277010225, 38.77120699653483], [141.43786062969565, 38.77110073398999], [141.4374296998259, 38.77100537061955], [141.4373940336749, 38.77103362669655], [141.43730233694174, 38.771231790068775], [141.43727961240313, 38.77126223145427], [141.4372495808726, 38.77127922427268], [141.4371922020383, 38.77128735038914], [141.43696665372414, 38.77128275976499], [141.43670389430966, 38.77129519845191], [141.4364313336245, 38.77133689487646], [141.43623939881365, 38.77140068620288], [141.43607622414748, 38.7714688432514], [141.4359675925063, 38.7715322585337], [141.43586907378125, 38.77160236924238], [141.43577061269147, 38.77167921822646], [141.4356421874408, 38.77177979784132], [141.43553352813979, 38.77183893003164], [141.43553166356165, 38.771839854042376]]]}, "properties": {"KEYCODE": "000205@B096@03@0002@0000@0000@0000", "小班": "2", "小班面積": 0.95, "林種": "人工林", "中樹種": "スギ", "林齢": 57, "齢級": 12, "所有形態": "個人", "ADDDATE": "2022-09-29", "ADDTENANT": "04000F", "ADDUSER": "pasco01", "EDITDATE": null, "EDITTENANT": "", "EDITUSER": ""}}, {"type": "Feature", "geometry": {"type": "Polygon", "coordinates": [[[141.432881264476, 38.77340649120082], [141.43293401814753, 38.77335026630254], [141.43295363951273, 38.77332935598292], [141.43299645588772, 38.773283732359616], [141.43289161664399, 38.77293063320204], [141.4327592620392, 38.77290306923061], [141.4326628931144, 38.77288659971319], [141.43253780934052, 38.772872494433265], [141.43246211985957, 38.772870652774415], [141.43243131579362, 38.77296610319992], [141.4322921641627, 38.77307527094737], [141.4320893021964, 38.77321217632275], [141.4318764381075, 38.77324544466987], [141.4314521729418, 38.77312247776559], [141.4309385567845, 38.77287363446153], [141.43017102364988, 38.77284656965206], [141.4293162317022, 38.7727615464269], [141.4287508354964, 38.772624528219374], [141.42865209463045, 38.772674345945944], [141.4285248021829, 38.772747867270084], [141.42834649341387, 38.77286426930404], [141.428178855227, 38.772976471760146], [141.42834739831187, 38.77297374353945], [141.428475915632, 38.77297166214554], [141.4288350949177, 38.77300023215499], [141.42886251053417, 38.773002413149925], [141.4290746479397, 38.77298532316496], [141.42931023992065, 38.77304580593138], [141.42950835696084, 38.773046275629355], [141.42962730774684, 38.773046557956945], [141.42980170898053, 38.773066676746716], [141.43015865166544, 38.77302587297212], [141.43044212050975, 38.773033982563625], [141.4305137517675, 38.77303603185046], [141.43095059127378, 38.773056839132344], [141.4313717181595, 38.77324390330796], [141.431734469196, 38.77333355887475], [141.4317545755591, 38.773356327711326], [141.4318317945145, 38.773443770839414], [141.43222062295374, 38.77338319411367], [141.43242460350854, 38.77348055283446], [141.43260924900923, 38.773478266543655], [141.43273880452395, 38.773476662517204], [141.432881264476, 38.77340649120082]]]}, "properties": {"KEYCODE": "000205@B098@01@0001@0000@0000@0000", "小班": "1", "小班面積": 1.18, "林種": "人工林", "中樹種": "スギ", "林齢": 112, "齢級": 23, "所有形態": "個人", "ADDDATE": "2022-09-29", "ADDTENANT": "04000F", "ADDUSER": "pasco01", "EDITDATE": null, "EDITTENANT": "", "EDITUSER": ""}}, {"type": "Feature", "geometry": {"type": "Polygon", "coordinates": [[[141.43335891513286, 38.773035685881176], [141.43328585974174, 38.77301558010821], [141.43318662939507, 38.773008427399084], [141.43318237340753, 38.773008120418815], [141.43314212551886, 38.77300491261715], [141.43312482309952, 38.77299599251963], [141.4331102953288, 38.77297470788298], [141.43309716929915, 38.77294779359808], [141.43298815153284, 38.77294588187419], [141.43289161664399, 38.77293063320204], [141.43299645588772, 38.773283732359616], [141.43306826047467, 38.77320721890801], [141.43320922827797, 38.77314448718817], [141.43323091311072, 38.77312153832744], [141.43325391437085, 38.773095006172994], [141.43333285007773, 38.77305805185571], [141.43335891513286, 38.773035685881176]]]}, "properties": {"KEYCODE": "000205@B098@01@0001@0001@0000@0000", "小班": "1-1", "小班面積": 0.08, "林種": "人工林", "中樹種": "スギ", "林齢": 40, "齢級": 8, "所有形態": "個人", "ADDDATE": "2022-09-29", "ADDTENANT": "04000F", "ADDUSER": "pasco01", "EDITDATE": null, "EDITTENANT": "", "EDITUSER": ""}}, {"type": "Feature", "geometry": {"type": "Polygon", "coordinates": [[[141.433409512399, 38.77294687494561], [141.43321565645596, 38.77294509090609], [141.4332149325112, 38.77294508110867], [141.43309716929915, 38.77294779359808], [141.4331102953288, 38.77297470788298], [141.43312482309952, 38.77299599251963], [141.43314212551886, 38.77300491261715], [141.43318237340753, 38.773008120418815], [141.43318662939507, 38.773008427399084], [141.43328585974174, 38.77301558010821], [141.43335891513286, 38.773035685881176], [141.43340156617063, 38.7729990871694], [141.433409512399, 38.77294687494561]]]}, "properties": {"KEYCODE": "000205@B098@01@0001@0002@0000@0000", "小班": "1-2", "小班面積": 0.02, "林種": "人工林", "中樹種": "スギ", "林齢": 45, "齢級": 9, "所有形態": "個人", "ADDDATE": "2022-09-29", "ADDTENANT": "04000F", "ADDUSER": "pasco01", "EDITDATE": null, "EDITTENANT": "", "EDITUSER": ""}}, {"type": "Feature", "geometry": {"type": "Polygon", "coordinates": [[[141.428178855227, 38.772976471760146], [141.42834649341387, 38.77286426930404], [141.4285248021829, 38.772747867270084], [141.42865209463045, 38.772674345945944], [141.4287508354964, 38.772624528219374], [141.42886942302624, 38.77254093401277], [141.42895652000402, 38.7724720585609], [141.4290463498102, 38.77238296215243], [141.42910190355883, 38.77232094999071], [141.42913879788463, 38.772261267136415], [141.42916425201884, 38.77220836323424], [141.42946726592857, 38.772198186586316], [141.42977616237482, 38.77220483568376], [141.42994135262362, 38.77220530782691], [141.43005193618694, 38.772201508165324], [141.4302027835539, 38.772204278368136], [141.4304612659803, 38.77219315630529], [141.4305474021032, 38.77218607661887], [141.43059045141504, 38.77218028912733], [141.43062782185203, 38.77218351251581], [141.43065950614508, 38.772193493701224], [141.43068990591482, 38.77222483343545], [141.43073952574423, 38.77232686684472], [141.43076850702212, 38.77236045702425], [141.43078876808406, 38.772380595544035], [141.4312241350511, 38.77243239815424], [141.43180788695597, 38.7725116444375], [141.43206165426662, 38.77263667643792], [141.4322771033661, 38.772902425049814], [141.4323310595056, 38.77288566223643], [141.4324185595858, 38.7728695923082], [141.43246211985957, 38.772870652774415], [141.43253780934052, 38.772872494433265], [141.4326628931144, 38.77288659971319], [141.4327592620392, 38.77290306923061], [141.43289161664399, 38.77293063320204], [141.43298815153284, 38.77294588187419], [141.43309716929915, 38.77294779359808], [141.4332149325112, 38.77294508110867], [141.43321565645596, 38.77294509090609], [141.433409512399, 38.77294687494561], [141.43342300087798, 38.77285825813826], [141.43342119760757, 38.77277970080437], [141.43337506025873, 38.77269575855743], [141.43338792844665, 38.772637634648056], [141.43328871130726, 38.77263007385283], [141.43334542100524, 38.77248928175214], [141.43311936909305, 38.7724776143141], [141.43281225101154, 38.77245894526462], [141.43280941279556, 38.77248461716457], [141.43280845978686, 38.772544133931966], [141.43280461110913, 38.77260142323706], [141.4325999539424, 38.772581954155456], [141.432479777015, 38.7725813784385], [141.43239784123926, 38.77257609582889], [141.43239899177397, 38.77254015343711], [141.43243041577395, 38.77244206293127], [141.4323290744553, 38.77244177608349], [141.43191165284307, 38.77237970832995], [141.43175902515978, 38.7723415895234], [141.43162588003824, 38.77234140635203], [141.43125982300796, 38.77234090137746], [141.43095329111614, 38.772286713162096], [141.43090316905239, 38.77218824092677], [141.4308659850517, 38.77211274007663], [141.43079616163226, 38.77197096183911], [141.4307752752905, 38.771827425310725], [141.43076417727283, 38.77175116404935], [141.43076172180437, 38.77158150748353], [141.43076061893998, 38.77150530233022], [141.4301525792762, 38.77163177773358], [141.4297986465423, 38.77172654564667], [141.42962267846877, 38.77183630984114], [141.42936994540474, 38.771983779256615], [141.42905412933322, 38.772085500881055], [141.42834231239715, 38.772359757089326], [141.4274827322709, 38.772837726263525], [141.42773536538658, 38.77291616139203], [141.42798717232034, 38.77297957333212], [141.428178855227, 38.772976471760146]]]}, "properties": {"KEYCODE": "000205@B098@01@0004@0000@0000@0000", "小班": "4", "小班面積": 2.03, "林種": "人工林", "中樹種": "スギ", "林齢": 63, "齢級": 13, "所有形態": "個人", "ADDDATE": "2022-09-29", "ADDTENANT": "04000F", "ADDUSER": "pasco01", "EDITDATE": null, "EDITTENANT": "", "EDITUSER": ""}}, {"type": "Feature", "geometry": {"type": "Polygon", "coordinates": [[[141.43281225101154, 38.77245894526462], [141.43270837462944, 38.77245263038223], [141.43264412114388, 38.77244872390764], [141.43253964261157, 38.77244237232384], [141.43243041577395, 38.77244206293127], [141.43239899177397, 38.77254015343711], [141.43239784123926, 38.77257609582889], [141.432479777015, 38.7725813784385], [141.4325999539424, 38.772581954155456], [141.43280461110913, 38.77260142323706], [141.43280845978686, 38.772544133931966], [141.43280941279556, 38.77248461716457], [141.43281225101154, 38.77245894526462]]]}, "properties": {"KEYCODE": "000205@B098@01@0006@0000@0000@0000", "小班": "6", "小班面積": 0.06, "林種": "人工林", "中樹種": "スギ", "林齢": 71, "齢級": 15, "所有形態": "個人", "ADDDATE": "2022-09-29", "ADDTENANT": "04000F", "ADDUSER": "pasco01", "EDITDATE": null, "EDITTENANT": "", "EDITUSER": ""}}, {"type": "Feature", "geometry": {"type": "Polygon", "coordinates": [[[141.43346038578105, 38.7724952148094], [141.43334542100524, 38.77248928175214], [141.43328871130726, 38.77263007385283], [141.43338792844665, 38.772637634648056], [141.43347324582814, 38.772574156805284], [141.43348675905025, 38.772556628169156], [141.43346038578105, 38.7724952148094]]]}, "properties": {"KEYCODE": "000205@B098@01@0007@0000@0000@0000", "小班": "7", "小班面積": 0.02, "林種": "人工林", "中樹種": "スギ", "林齢": 66, "齢級": 14, "所有形態": "個人", "ADDDATE": "2022-09-29", "ADDTENANT": "04000F", "ADDUSER": "pasco01", "EDITDATE": null, "EDITTENANT": "", "EDITUSER": ""}}, {"type": "Feature", "geometry": {"type": "Polygon", "coordinates": [[[141.43306750186775, 38.77198144514789], [141.43294725363282, 38.772050034292434], [141.43271563573285, 38.772265142295076], [141.43261812359953, 38.772185522617626], [141.4324793046204, 38.77222804015977], [141.4323110675685, 38.7722826793369], [141.43213927921187, 38.77227569398068], [141.43157575879437, 38.77216516688693], [141.43136968076863, 38.77217367104492], [141.43132067955563, 38.772212536621474], [141.43143377525172, 38.77230134328765], [141.43162588003824, 38.77234140635203], [141.43175902515978, 38.7723415895234], [141.43191165284307, 38.77237970832995], [141.4323290744553, 38.77244177608349], [141.43243041577395, 38.77244206293127], [141.43253964261157, 38.77244237232384], [141.43264412114388, 38.77244872390764], [141.43270837462944, 38.77245263038223], [141.43281225101154, 38.77245894526462], [141.43311936909305, 38.7724776143141], [141.43334542100524, 38.77248928175214], [141.43346038578105, 38.7724952148094], [141.43347574095068, 38.77242283054612], [141.43353082633982, 38.772386818374585], [141.43362708855162, 38.77232388330115], [141.4336770323942, 38.77229286137224], [141.43371667342453, 38.772245685342156], [141.4337836630137, 38.772181323956644], [141.43380981591247, 38.77207642601092], [141.43381264383856, 38.77206508189064], [141.4338073851252, 38.77195806968377], [141.4336714410381, 38.77191274161354], [141.43363827736724, 38.77196656896253], [141.4334849131658, 38.77191746533438], [141.43321676046406, 38.77193471571608], [141.43306750186775, 38.77198144514789]]]}, "properties": {"KEYCODE": "000205@B098@01@0008@0000@0000@0000", "小班": "8", "小班面積": 0.67, "林種": "人工林", "中樹種": "スギ", "林齢": 76, "齢級": 16, "所有形態": "個人", "ADDDATE": "2022-09-29", "ADDTENANT": "04000F", "ADDUSER": "pasco01", "EDITDATE": null, "EDITTENANT": "", "EDITUSER": ""}}, {"type": "Feature", "geometry": {"type": "Polygon", "coordinates": [[[141.43306750186775, 38.77198144514789], [141.43299682938388, 38.771964726917574], [141.43268327238283, 38.77188924620867], [141.4325727947333, 38.77179284093051], [141.43252571754368, 38.77175042516506], [141.43246463075994, 38.77164969452354], [141.43244194057343, 38.77160333392872], [141.4323407792775, 38.771400278355515], [141.43234526627015, 38.77132171576881], [141.43235198799582, 38.77117874610892], [141.43236108509237, 38.77115468175401], [141.43228149253335, 38.77107161321043], [141.43218183012576, 38.771132058333976], [141.43202757791127, 38.771212495405386], [141.43182285891174, 38.77126280099748], [141.43188599608834, 38.77133403535371], [141.43180083006095, 38.77140901023575], [141.43185944852976, 38.771545836317976], [141.4318768225347, 38.77165730004045], [141.43208446772505, 38.77181153092905], [141.4321726476765, 38.77188532147211], [141.43229968256406, 38.77196795685464], [141.43249889696602, 38.77209748275667], [141.43261157220152, 38.77218017339457], [141.43261812359953, 38.772185522617626], [141.43271563573285, 38.772265142295076], [141.43294725363282, 38.772050034292434], [141.43306750186775, 38.77198144514789]]]}, "properties": {"KEYCODE": "000205@B098@01@0011@0000@0000@0000", "小班": "11", "小班面積": 0.52, "林種": "人工林", "中樹種": "スギ", "林齢": 67, "齢級": 14, "所有形態": "個人", "ADDDATE": "2022-09-29", "ADDTENANT": "04000F", "ADDUSER": "pasco01", "EDITDATE": null, "EDITTENANT": "", "EDITUSER": ""}}, {"type": "Feature", "geometry": {"type": "Polygon", "coordinates": [[[141.43335158161386, 38.77635835514443], [141.4333349007872, 38.776339523013895], [141.4332516467134, 38.776245537227204], [141.4331891423958, 38.77617497520217], [141.43308940585038, 38.77608124506523], [141.4328674541346, 38.77580131545606], [141.43291030167103, 38.77577394103368], [141.43287581380008, 38.77577407472263], [141.43281838032348, 38.7757776756122], [141.4327465032038, 38.77577009934945], [141.43270185557412, 38.77575566186085], [141.4326456216036, 38.77572780736885], [141.4322654817211, 38.77579558594417], [141.43206184868924, 38.77584132338284], [141.43198837254255, 38.775924824845355], [141.43203300251238, 38.775960005672815], [141.43211199342156, 38.775984258323234], [141.4321769439743, 38.77589567441056], [141.43225371997758, 38.77587251550227], [141.43230057260485, 38.77592079728054], [141.4323675941754, 38.77603030189575], [141.43238076749074, 38.776051825984844], [141.43246963969693, 38.776208653954804], [141.43255792358335, 38.77636444524235], [141.43259275287548, 38.776392287010246], [141.43274153393804, 38.77651121614788], [141.43277822478424, 38.77648123014443], [141.4327969708367, 38.776465909862345], [141.43292038208648, 38.776384791323494], [141.43311262202687, 38.77638681654828], [141.43335158161386, 38.77635835514443]]]}, "properties": {"KEYCODE": "000205@B100@02@0003@0000@0000@0000", "小班": "3", "小班面積": 0.47, "林種": "人工林", "中樹種": "マツ類", "林齢": 46, "齢級": 10, "所有形態": "個人", "ADDDATE": "2022-09-29", "ADDTENANT": "04000F", "ADDUSER": "pasco01", "EDITDATE": null, "EDITTENANT": "", "EDITUSER": ""}}, {"type": "Feature", "geometry": {"type": "Polygon", "coordinates": [[[141.43291030167103, 38.77577394103368], [141.43297703982327, 38.77573130367038], [141.43300691828054, 38.775701597588466], [141.43306325448253, 38.775645586695845], [141.43258998889274, 38.77552850692356], [141.43242422286593, 38.77547787097022], [141.43233398157798, 38.77550121612286], [141.43221584686364, 38.775466067061], [141.4320568687586, 38.775353183983036], [141.4319869614899, 38.77518621270692], [141.43206446354202, 38.775048179594116], [141.4319180518303, 38.7748930585976], [141.43188187946777, 38.77492691911054], [141.431874222559, 38.77493362761041], [141.4318028882383, 38.77499612457084], [141.4316807957873, 38.77502627548088], [141.43162966434926, 38.775038902863784], [141.43165431765505, 38.77507910406589], [141.43170268466585, 38.775127205369174], [141.43171946376867, 38.775204576129525], [141.43174603757757, 38.7752999604673], [141.43178704053852, 38.77540315459278], [141.4318753810224, 38.77549716854694], [141.43191890872782, 38.77555541242914], [141.4319623104478, 38.775595685097926], [141.43202294099106, 38.77563476950566], [141.4320848417597, 38.77566761321953], [141.4320964964197, 38.77567379667129], [141.4321772612413, 38.7757161660844], [141.43227229338675, 38.775769132455835], [141.4322753447305, 38.77577083301197], [141.4322654817211, 38.77579558594417], [141.4326456216036, 38.77572780736885], [141.43270185557412, 38.77575566186085], [141.4327465032038, 38.77577009934945], [141.43281838032348, 38.7757776756122], [141.43287581380008, 38.77577407472263], [141.43291030167103, 38.77577394103368]]]}, "properties": {"KEYCODE": "000205@B100@02@0004@0000@0000@0000", "小班": "4", "小班面積": 0.39, "林種": "人工林", "中樹種": "スギ", "林齢": 71, "齢級": 15, "所有形態": "個人", "ADDDATE": "2022-09-29", "ADDTENANT": "04000F", "ADDUSER": "pasco01", "EDITDATE": null, "EDITTENANT": "", "EDITUSER": ""}}, {"type": "Feature", "geometry": {"type": "Polygon", "coordinates": [[[141.43316341169614, 38.775546007283126], [141.43306325448253, 38.775645586695845], [141.43300691828054, 38.775701597588466], [141.43297703982327, 38.77573130367038], [141.4329793687421, 38.775730428668815], [141.43302217840326, 38.775714346146145], [141.43312371574643, 38.775676200336875], [141.43316341169614, 38.775546007283126]]]}, "properties": {"KEYCODE": "000205@B100@02@0005@0002@0000@0000", "小班": "5-2", "小班面積": 0.01, "林種": "人工林", "中樹種": "マツ類", "林齢": 59, "齢級": 12, "所有形態": "個人", "ADDDATE": "2022-09-29", "ADDTENANT": "04000F", "ADDUSER": "pasco01", "EDITDATE": null, "EDITTENANT": "", "EDITUSER": ""}}, {"type": "Feature", "geometry": {"type": "Polygon", "coordinates": [[[141.43316341169614, 38.775546007283126], [141.43320342394574, 38.77554742981801], [141.43314221478605, 38.775482062844624], [141.4330825990651, 38.77538680335958], [141.43297074076312, 38.775325794352995], [141.43291732900738, 38.77527458256409], [141.4328995846192, 38.77522819311297], [141.43291120830668, 38.77519809962941], [141.4329603615076, 38.77517711077225], [141.433046398758, 38.77519740597161], [141.43314051018888, 38.77525738258302], [141.43317947873194, 38.77528082191302], [141.43323012464728, 38.77533004690368], [141.4332996136295, 38.77540167034506], [141.43334754063798, 38.775471134206754], [141.43337834142392, 38.775554146169036], [141.43338034144583, 38.77556360334586], [141.43347589591178, 38.775575132355364], [141.4334619375763, 38.775373440861934], [141.43346239716521, 38.77533599664011], [141.43346342296857, 38.77525227082461], [141.43346416426644, 38.7751918623865], [141.4334652361629, 38.77510429854351], [141.43346581944917, 38.775056758318335], [141.43320625535497, 38.77500490782069], [141.43309555881413, 38.774982795171546], [141.4329641494702, 38.77501649609065], [141.43267603247077, 38.77496756564956], [141.43252857889772, 38.77494252388289], [141.43221933542668, 38.77469792023093], [141.43217209387734, 38.774660552874856], [141.43214156173437, 38.774687633302136], [141.43206419798113, 38.77475624862696], [141.43205875792765, 38.77476134039664], [141.4319180518303, 38.7748930585976], [141.43206446354202, 38.775048179594116], [141.4319869614899, 38.77518621270692], [141.4320568687586, 38.775353183983036], [141.43221584686364, 38.775466067061], [141.43233398157798, 38.77550121612286], [141.43242422286593, 38.77547787097022], [141.43258998889274, 38.77552850692356], [141.43306325448253, 38.775645586695845], [141.43316341169614, 38.775546007283126]]]}, "properties": {"KEYCODE": "000205@B100@02@0005@0000@0000@0000", "小班": "5", "小班面積": 0.79, "林種": "人工林", "中樹種": "マツ類", "林齢": 59, "齢級": 12, "所有形態": "個人", "ADDDATE": "2022-09-29", "ADDTENANT": "04000F", "ADDUSER": "pasco01", "EDITDATE": null, "EDITTENANT": "", "EDITUSER": ""}}, {"type": "Feature", "geometry": {"type": "Polygon", "coordinates": [[[141.4334835827537, 38.77570727225936], [141.43345694832772, 38.775692018239724], [141.43342515445784, 38.775666307958986], [141.43339472264552, 38.77563160070161], [141.43338034144583, 38.77556360334586], [141.43326418771596, 38.77554958904704], [141.43320342394574, 38.77554742981801], [141.43316341169614, 38.775546007283126], [141.43312371574643, 38.775676200336875], [141.43302217840326, 38.775714346146145], [141.4329793687421, 38.775730428668815], [141.43297703982327, 38.77573130367038], [141.4330269462338, 38.77577946678719], [141.43309892496003, 38.77579339903065], [141.4332166670704, 38.77580491978543], [141.4334835827537, 38.77570727225936]]]}, "properties": {"KEYCODE": "000205@B100@02@0005@0003@0000@0000", "小班": "5-3", "小班面積": 0.08, "林種": "人工林", "中樹種": "スギ", "林齢": 59, "齢級": 12, "所有形態": "個人", "ADDDATE": "2022-09-29", "ADDTENANT": "04000F", "ADDUSER": "pasco01", "EDITDATE": null, "EDITTENANT": "", "EDITUSER": ""}}, {"type": "Feature", "geometry": {"type": "Polygon", "coordinates": [[[141.43320342394574, 38.77554742981801], [141.43326418771596, 38.77554958904704], [141.43338034144583, 38.77556360334586], [141.43337834142392, 38.775554146169036], [141.43334754063798, 38.775471134206754], [141.4332996136295, 38.77540167034506], [141.43323012464728, 38.77533004690368], [141.43317947873194, 38.77528082191302], [141.43314051018888, 38.77525738258302], [141.433046398758, 38.77519740597161], [141.4329603615076, 38.77517711077225], [141.43291120830668, 38.77519809962941], [141.4328995846192, 38.77522819311297], [141.43291732900738, 38.77527458256409], [141.43297074076312, 38.775325794352995], [141.4330825990651, 38.77538680335958], [141.43314221478605, 38.775482062844624], [141.43320342394574, 38.77554742981801]]]}, "properties": {"KEYCODE": "000205@B100@02@0005@0001@0000@0000", "小班": "5-1", "小班面積": 0.08, "林種": "人工林", "中樹種": "スギ", "林齢": 59, "齢級": 12, "所有形態": "個人", "ADDDATE": "2022-09-29", "ADDTENANT": "04000F", "ADDUSER": "pasco01", "EDITDATE": null, "EDITTENANT": "", "EDITUSER": ""}}, {"type": "Feature", "geometry": {"type": "Polygon", "coordinates": [[[141.43347589591178, 38.775575132355364], [141.43338034144583, 38.77556360334586], [141.43339472264552, 38.77563160070161], [141.43342515445784, 38.775666307958986], [141.43345694832772, 38.775692018239724], [141.4334835827537, 38.77570727225936], [141.43349441021942, 38.775703311301434], [141.4335308899427, 38.77568996556892], [141.43369648605434, 38.7756389138435], [141.43392835878308, 38.775567429666836], [141.4339457237697, 38.77560430661506], [141.433990061961, 38.77569846220779], [141.43417151327873, 38.77573631275484], [141.4344832191431, 38.775752223085455], [141.4343496196848, 38.77570606398547], [141.43422670401543, 38.77569449169459], [141.43420164037076, 38.775692132304656], [141.43419136612283, 38.7756906977606], [141.43410432588828, 38.77565068719756], [141.43404384830689, 38.77562270294365], [141.43394206677175, 38.77548250445658], [141.43373583361787, 38.77552233842814], [141.43371450760597, 38.775531184812145], [141.43361229406506, 38.77557358500313], [141.43347699372208, 38.77557511951074], [141.43347589591178, 38.775575132355364]]]}, "properties": {"KEYCODE": "000205@B100@02@0006@0001@0000@0000", "小班": "6-1", "小班面積": 0.09, "林種": "人工林", "中樹種": "カラマツ", "林齢": 76, "齢級": 16, "所有形態": "個人", "ADDDATE": "2022-09-29", "ADDTENANT": "04000F", "ADDUSER": "pasco01", "EDITDATE": null, "EDITTENANT": "", "EDITUSER": ""}}, {"type": "Feature", "geometry": {"type": "Polygon", "coordinates": [[[141.43346581944917, 38.775056758318335], [141.4334652361629, 38.77510429854351], [141.43346416426644, 38.7751918623865], [141.43346342296857, 38.77525227082461], [141.43346239716521, 38.77533599664011], [141.4334619375763, 38.775373440861934], [141.43347589591178, 38.775575132355364], [141.43347699372208, 38.77557511951074], [141.43361229406506, 38.77557358500313], [141.43371450760597, 38.775531184812145], [141.43373583361787, 38.77552233842814], [141.43394206677175, 38.77548250445658], [141.43404384830689, 38.77562270294365], [141.43410432588828, 38.77565068719756], [141.43419136612283, 38.7756906977606], [141.43420164037076, 38.775692132304656], [141.43422670401543, 38.77569449169459], [141.4343496196848, 38.77570606398547], [141.4344832191431, 38.775752223085455], [141.43448774619114, 38.77573215501323], [141.4345563845635, 38.775638384213536], [141.4343261131546, 38.77557630816998], [141.43443724212293, 38.775393390338046], [141.43454041162676, 38.77516911837925], [141.43453446662824, 38.77504138753901], [141.4343806875078, 38.77500404117059], [141.43425923658572, 38.77498941186553], [141.43403171944175, 38.774929559776176], [141.43376151880548, 38.77486516083798], [141.43358632008028, 38.774887990266706], [141.43351383574748, 38.77495891658933], [141.43346581944917, 38.775056758318335]]]}, "properties": {"KEYCODE": "000205@B100@02@0006@0000@0000@0000", "小班": "6", "小班面積": 0.65, "林種": "人工林", "中樹種": "カラマツ", "林齢": 76, "齢級": 16, "所有形態": "個人", "ADDDATE": "2022-09-29", "ADDTENANT": "04000F", "ADDUSER": "pasco01", "EDITDATE": null, "EDITTENANT": "", "EDITUSER": ""}}, {"type": "Feature", "geometry": {"type": "Polygon", "coordinates": [[[141.43320625535497, 38.77500490782069], [141.43328602068024, 38.77487990175697], [141.4332724052379, 38.77478129092732], [141.43311406515474, 38.774677821195304], [141.43301008201328, 38.774653921778366], [141.43296102031567, 38.77469637838354], [141.4329212853805, 38.77476169853826], [141.43285426793182, 38.77482599649096], [141.43276147208172, 38.77490274989418], [141.43267603247077, 38.77496756564956], [141.4329641494702, 38.77501649609065], [141.43309555881413, 38.774982795171546], [141.43320625535497, 38.77500490782069]]]}, "properties": {"KEYCODE": "000205@B100@02@0009@0000@0000@0000", "小班": "9", "小班面積": 0.13, "林種": "天然林", "中樹種": "その他L", "林齢": 66, "齢級": 14, "所有形態": "個人", "ADDDATE": "2022-09-29", "ADDTENANT": "04000F", "ADDUSER": "pasco01", "EDITDATE": null, "EDITTENANT": "", "EDITUSER": ""}}, {"type": "Feature", "geometry": {"type": "Polygon", "coordinates": [[[141.43301008201328, 38.774653921778366], [141.4330039901252, 38.77461730575444], [141.43290898029437, 38.77465389817371], [141.43273533080855, 38.77467479858309], [141.43261042866246, 38.77468428675794], [141.43239070519903, 38.77469076543263], [141.4322212583092, 38.774698174337814], [141.43221933542668, 38.77469792023093], [141.43252857889772, 38.77494252388289], [141.43267603247077, 38.77496756564956], [141.43276147208172, 38.77490274989418], [141.43285426793182, 38.77482599649096], [141.4329212853805, 38.77476169853826], [141.43296102031567, 38.77469637838354], [141.43301008201328, 38.774653921778366]]]}, "properties": {"KEYCODE": "000205@B100@02@0010@0000@0000@0000", "小班": "10", "小班面積": 0.14, "林種": "天然林", "中樹種": "その他L", "林齢": 78, "齢級": 16, "所有形態": "個人", "ADDDATE": "2022-09-29", "ADDTENANT": "04000F", "ADDUSER": "pasco01", "EDITDATE": null, "EDITTENANT": "", "EDITUSER": ""}}, {"type": "Feature", "geometry": {"type": "Polygon", "coordinates": [[[141.4330039901252, 38.77461730575444], [141.43300196867477, 38.77455772589186], [141.43303988580297, 38.774488229503476], [141.43308407913923, 38.77444424651629], [141.4331510698854, 38.77437545312767], [141.43329975596933, 38.774195919203216], [141.43314994768414, 38.77392886272093], [141.43304715446115, 38.77374898170529], [141.43294833264693, 38.77379679087645], [141.43288831373388, 38.77382679031648], [141.43275887024902, 38.773891491341864], [141.4324850022563, 38.774049100944374], [141.4322680913729, 38.77420437300235], [141.43200969984943, 38.774366109327495], [141.4320777647845, 38.77452080372292], [141.4321201236951, 38.77458355977829], [141.43217209387734, 38.774660552874856], [141.43221933542668, 38.77469792023093], [141.4322212583092, 38.774698174337814], [141.43239070519903, 38.77469076543263], [141.43261042866246, 38.77468428675794], [141.43273533080855, 38.77467479858309], [141.43290898029437, 38.77465389817371], [141.4330039901252, 38.77461730575444]]]}, "properties": {"KEYCODE": "000205@B100@02@0011@0000@0000@0000", "小班": "11", "小班面積": 0.7, "林種": "天然林", "中樹種": "その他L", "林齢": 66, "齢級": 14, "所有形態": "個人", "ADDDATE": "2022-09-29", "ADDTENANT": "04000F", "ADDUSER": "pasco01", "EDITDATE": null, "EDITTENANT": "", "EDITUSER": ""}}, {"type": "Feature", "geometry": {"type": "Polygon", "coordinates": [[[141.43294833264693, 38.77379679087645], [141.4328945332674, 38.77366848201561], [141.43279224496953, 38.77365563392339], [141.43263256299596, 38.77362480552099], [141.43244302500494, 38.77363342586036], [141.43226503425404, 38.77365097849524], [141.43208409454218, 38.7736584280759], [141.43197355477483, 38.773667860001645], [141.43190325484892, 38.773679364083165], [141.43182197354906, 38.773758328922014], [141.43171942653592, 38.7738733201577], [141.43163689908704, 38.77397811975211], [141.4315644127674, 38.77407951657945], [141.43148508081762, 38.77418804740776], [141.43149635944408, 38.77419774541491], [141.43153522363696, 38.77420882562962], [141.4316053712995, 38.77424928405737], [141.43177256070615, 38.774212162755866], [141.43183269536522, 38.77419881083433], [141.43200969984943, 38.774366109327495], [141.4322680913729, 38.77420437300235], [141.4324850022563, 38.774049100944374], [141.43275887024902, 38.773891491341864], [141.43288831373388, 38.77382679031648], [141.43294833264693, 38.77379679087645]]]}, "properties": {"KEYCODE": "000205@B100@03@0001@0000@0000@0000", "小班": "1", "小班面積": 0.57, "林種": "人工林", "中樹種": "スギ", "林齢": 52, "齢級": 11, "所有形態": "個人", "ADDDATE": "2022-09-29", "ADDTENANT": "04000F", "ADDUSER": "pasco01", "EDITDATE": null, "EDITTENANT": "", "EDITUSER": ""}}, {"type": "Feature", "geometry": {"type": "Polygon", "coordinates": [[[141.4328945332674, 38.77366848201561], [141.43284612399245, 38.77355303000037], [141.432881264476, 38.77340649120082], [141.43273880452395, 38.773476662517204], [141.43260924900923, 38.773478266543655], [141.43242460350854, 38.77348055283446], [141.43222062295374, 38.77338319411367], [141.4318317945145, 38.773443770839414], [141.431806698499, 38.77349362306084], [141.4317654460422, 38.773575568418856], [141.43165201084275, 38.77370249898663], [141.43146102116899, 38.773866672772776], [141.43132687214185, 38.77396353823815], [141.43122338018964, 38.77396257676588], [141.43148508081762, 38.77418804740776], [141.4315644127674, 38.77407951657945], [141.43163689908704, 38.77397811975211], [141.43171942653592, 38.7738733201577], [141.43182197354906, 38.773758328922014], [141.43190325484892, 38.773679364083165], [141.43197355477483, 38.773667860001645], [141.43208409454218, 38.7736584280759], [141.43226503425404, 38.77365097849524], [141.43244302500494, 38.77363342586036], [141.43263256299596, 38.77362480552099], [141.43279224496953, 38.77365563392339], [141.4328945332674, 38.77366848201561]]]}, "properties": {"KEYCODE": "000205@B100@03@0004@0000@0000@0000", "小班": "4", "小班面積": 0.35, "林種": "人工林", "中樹種": "スギ", "林齢": 77, "齢級": 16, "所有形態": "個人", "ADDDATE": "2022-09-29", "ADDTENANT": "04000F", "ADDUSER": "pasco01", "EDITDATE": null, "EDITTENANT": "", "EDITUSER": ""}}, {"type": "Feature", "geometry": {"type": "Polygon", "coordinates": [[[141.4359313137479, 38.77497750316603], [141.4359043260277, 38.77489279746293], [141.4358190519813, 38.77471197726841], [141.4357325806739, 38.77458387061012], [141.43571526276384, 38.77467266144128], [141.43573586640994, 38.77477925387295], [141.43573898186048, 38.77479048631854], [141.43586568909356, 38.77499461698281], [141.4359313137479, 38.77497750316603]]]}, "properties": {"KEYCODE": "000205@B100@04@0003@0000@0000@0000", "小班": "3", "小班面積": 0.04, "林種": "人工林", "中樹種": "スギ", "林齢": 71, "齢級": 15, "所有形態": "個人", "ADDDATE": "2022-09-29", "ADDTENANT": "04000F", "ADDUSER": "pasco01", "EDITDATE": null, "EDITTENANT": "", "EDITUSER": ""}}, {"type": "Feature", "geometry": {"type": "Polygon", "coordinates": [[[141.4357325806739, 38.77458387061012], [141.4358190519813, 38.77471197726841], [141.4359043260277, 38.77489279746293], [141.43593509790796, 38.77485101140647], [141.43594749611685, 38.774780183521486], [141.43591959812156, 38.77470053650186], [141.43590460681915, 38.7746174626111], [141.43588277603968, 38.77458047654404], [141.43584956097024, 38.77455700935315], [141.4357977063234, 38.77453812377054], [141.43570575437369, 38.77451844665881], [141.4357325806739, 38.77458387061012]]]}, "properties": {"KEYCODE": "000205@B100@04@0005@0000@0000@0000", "小班": "5", "小班面積": 0.04, "林種": "人工林", "中樹種": "スギ", "林齢": 80, "齢級": 16, "所有形態": "個人", "ADDDATE": "2022-09-29", "ADDTENANT": "04000F", "ADDUSER": "pasco01", "EDITDATE": null, "EDITTENANT": "", "EDITUSER": ""}}, {"type": "Feature", "geometry": {"type": "Polygon", "coordinates": [[[141.43748669445137, 38.7745848643709], [141.43744322055167, 38.774521048483955], [141.43736455748635, 38.77442161581977], [141.43731162724853, 38.774261172517015], [141.4372157681898, 38.77412112192765], [141.43719677877684, 38.77419665782237], [141.43707922325044, 38.77427473986005], [141.43699743338658, 38.7743129771909], [141.43660047518674, 38.77436133895372], [141.43659702850968, 38.774361758541836], [141.43658984115982, 38.774413904885066], [141.43651164249792, 38.774451988205534], [141.43632194094744, 38.77445081490874], [141.43618991439723, 38.774442888033256], [141.43604700983062, 38.77441947136179], [141.43604585484422, 38.77441788454584], [141.43594250017023, 38.77437669823206], [141.43582207903023, 38.774326933253526], [141.43573886284167, 38.77429064107186], [141.4356316039906, 38.77424934758001], [141.4355579120025, 38.77421630434006], [141.4356057911648, 38.77439199230406], [141.4357333924298, 38.77478148281296], [141.43573898186048, 38.77479048631854], [141.43573586640994, 38.77477925387295], [141.43571526276384, 38.77467266144128], [141.4357325806739, 38.77458387061012], [141.43570575437369, 38.77451844665881], [141.4357977063234, 38.77453812377054], [141.43584956097024, 38.77455700935315], [141.43588277603968, 38.77458047654404], [141.43590460681915, 38.7746174626111], [141.43591959812156, 38.77470053650186], [141.43594749611685, 38.774780183521486], [141.43593509790796, 38.77485101140647], [141.4359043260277, 38.77489279746293], [141.4359313137479, 38.77497750316603], [141.43621525488757, 38.77489404161432], [141.43648065111395, 38.77472864730945], [141.43670476864398, 38.77469613048576], [141.43699772707666, 38.77462784370729], [141.43716691111524, 38.77459630341999], [141.43744003102424, 38.774603387335816], [141.43748669445137, 38.7745848643709]]]}, "properties": {"KEYCODE": "000205@B100@04@0006@0000@0000@0000", "小班": "6", "小班面積": 0.63, "林種": "人工林", "中樹種": "スギ", "林齢": 60, "齢級": 12, "所有形態": "個人", "ADDDATE": "2022-09-29", "ADDTENANT": "04000F", "ADDUSER": "pasco01", "EDITDATE": null, "EDITTENANT": "", "EDITUSER": ""}}, {"type": "Feature", "geometry": {"type": "Polygon", "coordinates": [[[141.4372157681898, 38.77412112192765], [141.43721994081474, 38.774009308100375], [141.43719429291025, 38.7739018374929], [141.43711135054255, 38.773846311783174], [141.43700399423042, 38.77382965036914], [141.43690093255069, 38.773830021415], [141.43688589134047, 38.773809006569344], [141.436822153103, 38.7737373555515], [141.43676815752744, 38.773625232183406], [141.43675176279385, 38.77354777817623], [141.43664521531898, 38.77351450075246], [141.43655590668155, 38.773481152271785], [141.43647240475818, 38.77345677274069], [141.4363673790913, 38.77343472130104], [141.43635474169284, 38.773472966206036], [141.43632197078765, 38.77350904474862], [141.43623656418623, 38.77361274532945], [141.43619324638155, 38.77358258178548], [141.43616576471857, 38.773557977009936], [141.43605274081673, 38.773496685058035], [141.43596682531768, 38.77346431951531], [141.43592312122703, 38.77344785588717], [141.43579328458245, 38.77337320279058], [141.43563917832495, 38.773354627978094], [141.43556197975127, 38.77336006538407], [141.43555524005106, 38.773364934287024], [141.43549832933243, 38.773435938352605], [141.4354910151287, 38.77346377478756], [141.4355872495069, 38.77348583538273], [141.43567177389437, 38.77354356030703], [141.4357846354036, 38.77363975302378], [141.43582196657746, 38.77373395127691], [141.4359677562327, 38.7738352181327], [141.43604122386807, 38.77388155760069], [141.43609144739375, 38.77391562337059], [141.436214890027, 38.77396647247582], [141.4362784938837, 38.773998561055855], [141.43635448640043, 38.774055375453074], [141.43641461329304, 38.77410845820792], [141.4364710691235, 38.77415347979968], [141.43649289998478, 38.774185126187035], [141.43652292252656, 38.77425243704235], [141.43655609452767, 38.774305212899655], [141.43659702850968, 38.774361758541836], [141.43660047518674, 38.77436133895372], [141.43699743338658, 38.7743129771909], [141.43707922325044, 38.77427473986005], [141.43719677877684, 38.77419665782237], [141.4372157681898, 38.77412112192765]]]}, "properties": {"KEYCODE": "000205@B100@04@0007@0000@0000@0000", "小班": "7", "小班面積": 0.77, "林種": "人工林", "中樹種": "スギ", "林齢": 54, "齢級": 11, "所有形態": "個人", "ADDDATE": "2022-09-29", "ADDTENANT": "04000F", "ADDUSER": "pasco01", "EDITDATE": null, "EDITTENANT": "", "EDITUSER": ""}}, {"type": "Feature", "geometry": {"type": "Polygon", "coordinates": [[[141.4385182436087, 38.77386518773294], [141.43838801151773, 38.773943424114805], [141.43831188421282, 38.77398758342264], [141.43830219909077, 38.77399320195503], [141.43818498178763, 38.77406781673028], [141.43807342252902, 38.774132303140455], [141.4379417290369, 38.774193497255325], [141.43783588534723, 38.77425345843165], [141.43769846585747, 38.774318043108], [141.4375451750332, 38.77437145667006], [141.43736455748635, 38.77442161581977], [141.43744322055167, 38.774521048483955], [141.43748669445137, 38.7745848643709], [141.43764902580494, 38.77452042500059], [141.43784889049147, 38.77443568972219], [141.438050656261, 38.77434990824251], [141.4381701642314, 38.77431098399305], [141.43830342398454, 38.774167088881825], [141.43859153336768, 38.774017058495645], [141.4385182436087, 38.77386518773294]]]}, "properties": {"KEYCODE": "000205@B100@04@0008@0000@0000@0000", "小班": "8", "小班面積": 0.22, "林種": "人工林", "中樹種": "スギ", "林齢": 65, "齢級": 13, "所有形態": "個人", "ADDDATE": "2022-09-29", "ADDTENANT": "04000F", "ADDUSER": "pasco01", "EDITDATE": null, "EDITTENANT": "", "EDITUSER": ""}}, {"type": "Feature", "geometry": {"type": "Polygon", "coordinates": [[[141.4385182436087, 38.77386518773294], [141.43851086298727, 38.77384989281457], [141.4384830475845, 38.773843099998196], [141.43838733967655, 38.773828893021175], [141.43824245877587, 38.773783571524184], [141.43809894039316, 38.77365972127385], [141.43806716996446, 38.77363701208997], [141.4379206886998, 38.77354109551146], [141.43782098965283, 38.77347527874003], [141.43781567146877, 38.77337830747748], [141.43780498554503, 38.77320712167221], [141.43764545201356, 38.77316592290743], [141.43753609695142, 38.773461292690016], [141.43766621293275, 38.77350689862347], [141.43780116875223, 38.77354219572573], [141.43792639228565, 38.77359168338021], [141.43805037428754, 38.77368874248376], [141.43824682768084, 38.77381113684705], [141.43833779463102, 38.77388779741442], [141.43838801151773, 38.773943424114805], [141.4385182436087, 38.77386518773294]]]}, "properties": {"KEYCODE": "000205@B100@04@0009@0000@0000@0000", "小班": "9", "小班面積": 0.12, "林種": "天然林", "中樹種": "クヌギ", "林齢": 63, "齢級": 13, "所有形態": "個人", "ADDDATE": "2022-09-29", "ADDTENANT": "04000F", "ADDUSER": "pasco01", "EDITDATE": null, "EDITTENANT": "", "EDITUSER": ""}}, {"type": "Feature", "geometry": {"type": "Polygon", "coordinates": [[[141.43838801151773, 38.773943424114805], [141.43833779463102, 38.77388779741442], [141.43824682768084, 38.77381113684705], [141.43805037428754, 38.77368874248376], [141.43792639228565, 38.77359168338021], [141.43780116875223, 38.77354219572573], [141.43766621293275, 38.77350689862347], [141.43753609695142, 38.773461292690016], [141.43764545201356, 38.77316592290743], [141.4375119585571, 38.77313144868102], [141.43753262807002, 38.77307425245462], [141.43752973803066, 38.772894008404904], [141.4374866002803, 38.772807439709695], [141.43733541088952, 38.772805230224144], [141.43730607817113, 38.77279721975679], [141.4371040981586, 38.772969117105006], [141.43682852019353, 38.773053350235514], [141.43685438720158, 38.77314650107124], [141.43684330936435, 38.773262987440184], [141.4368010410004, 38.773415011896034], [141.4367728077343, 38.77348028298073], [141.43675176279385, 38.77354777817623], [141.43676815752744, 38.773625232183406], [141.436822153103, 38.7737373555515], [141.43688589134047, 38.773809006569344], [141.43690093255069, 38.773830021415], [141.43700399423042, 38.77382965036914], [141.43711135054255, 38.773846311783174], [141.43719429291025, 38.7739018374929], [141.43721994081474, 38.774009308100375], [141.4372157681898, 38.77412112192765], [141.43731162724853, 38.774261172517015], [141.43736455748635, 38.77442161581977], [141.4375451750332, 38.77437145667006], [141.43769846585747, 38.774318043108], [141.43783588534723, 38.77425345843165], [141.4379417290369, 38.774193497255325], [141.43807342252902, 38.774132303140455], [141.43818498178763, 38.77406781673028], [141.43830219909077, 38.77399320195503], [141.43831188421282, 38.77398758342264], [141.43838801151773, 38.773943424114805]]]}, "properties": {"KEYCODE": "000205@B100@04@0010@0000@0000@0000", "小班": "10", "小班面積": 1.25, "林種": "人工林", "中樹種": "スギ", "林齢": 71, "齢級": 15, "所有形態": "個人", "ADDDATE": "2022-09-29", "ADDTENANT": "04000F", "ADDUSER": "pasco01", "EDITDATE": null, "EDITTENANT": "", "EDITUSER": ""}}, {"type": "Feature", "geometry": {"type": "Polygon", "coordinates": [[[141.43730607817113, 38.77279721975679], [141.43721483559835, 38.77269958437639], [141.43720361631648, 38.77260144537907], [141.43713464067503, 38.77263466621057], [141.43693937822488, 38.77274063750678], [141.43679156829575, 38.7728922818077], [141.4366292000609, 38.77286360694057], [141.43645861846448, 38.77288862221023], [141.43676979021902, 38.77304333830659], [141.43682852019353, 38.773053350235514], [141.4371040981586, 38.772969117105006], [141.43730607817113, 38.77279721975679]]]}, "properties": {"KEYCODE": "000205@B100@04@0010@0001@0000@0000", "小班": "10-1", "小班面積": 0.15, "林種": "未立木地", "中樹種": "", "林齢": null, "齢級": null, "所有形態": "個人", "ADDDATE": "2022-09-29", "ADDTENANT": "04000F", "ADDUSER": "pasco01", "EDITDATE": null, "EDITTENANT": "", "EDITUSER": ""}}, {"type": "Feature", "geometry": {"type": "Polygon", "coordinates": [[[141.43682852019353, 38.773053350235514], [141.43676979021902, 38.77304333830659], [141.43645861846448, 38.77288862221023], [141.43640059185643, 38.773077332799986], [141.43636965706514, 38.77316621112899], [141.43635285361503, 38.7732235754895], [141.43634318572623, 38.7732741652772], [141.43634640443722, 38.77332021115225], [141.43635686917926, 38.77337410152153], [141.4363673790913, 38.77343472130104], [141.43647240475818, 38.77345677274069], [141.43655590668155, 38.773481152271785], [141.43664521531898, 38.77351450075246], [141.43675176279385, 38.77354777817623], [141.4367728077343, 38.77348028298073], [141.4368010410004, 38.773415011896034], [141.43684330936435, 38.773262987440184], [141.43685438720158, 38.77314650107124], [141.43682852019353, 38.773053350235514]]]}, "properties": {"KEYCODE": "000205@B100@04@0012@0000@0000@0000", "小班": "12", "小班面積": 0.23, "林種": "人工林", "中樹種": "スギ", "林齢": 66, "齢級": 14, "所有形態": "個人", "ADDDATE": "2022-09-29", "ADDTENANT": "04000F", "ADDUSER": "pasco01", "EDITDATE": null, "EDITTENANT": "", "EDITUSER": ""}}, {"type": "Feature", "geometry": {"type": "Polygon", "coordinates": [[[141.4363673790913, 38.77343472130104], [141.43635686917926, 38.77337410152153], [141.43634640443722, 38.77332021115225], [141.43634318572623, 38.7732741652772], [141.43635285361503, 38.7732235754895], [141.43636965706514, 38.77316621112899], [141.43640059185643, 38.773077332799986], [141.43645861846448, 38.77288862221023], [141.43660105057282, 38.77270915058082], [141.4365152704188, 38.77258755522065], [141.43646433636516, 38.772515354126156], [141.43643406381602, 38.772431241129624], [141.43625552463865, 38.772464921383026], [141.43613352446792, 38.77248793511196], [141.4361253654006, 38.77248932132238], [141.43609931532234, 38.77263845742621], [141.43610744595398, 38.77268305277224], [141.43600715448446, 38.772713340796145], [141.43600787683343, 38.77290831751569], [141.436050472382, 38.77297674654073], [141.4360518082675, 38.773135487208755], [141.43606612410167, 38.773317044427245], [141.4360487582494, 38.77342439659932], [141.43596682531768, 38.77346431951531], [141.43605274081673, 38.773496685058035], [141.43616576471857, 38.773557977009936], [141.43619324638155, 38.77358258178548], [141.43623656418623, 38.77361274532945], [141.43632197078765, 38.77350904474862], [141.43635474169284, 38.773472966206036], [141.4363673790913, 38.77343472130104]]]}, "properties": {"KEYCODE": "000205@B100@04@0013@0000@0000@0000", "小班": "13", "小班面積": 0.41, "林種": "人工林", "中樹種": "スギ", "林齢": 63, "齢級": 13, "所有形態": "個人", "ADDDATE": "2022-09-29", "ADDTENANT": "04000F", "ADDUSER": "pasco01", "EDITDATE": null, "EDITTENANT": "", "EDITUSER": ""}}, {"type": "Feature", "geometry": {"type": "Polygon", "coordinates": [[[141.43600715448446, 38.772713340796145], [141.43595793409688, 38.7727916882236], [141.4358729826663, 38.772857668657245], [141.43571858401944, 38.77292679615718], [141.43565553742, 38.772951109991745], [141.43542066497167, 38.77298310814103], [141.43535878437407, 38.77321967170759], [141.4353211572268, 38.7733726104569], [141.43529559586554, 38.773449778987974], [141.43540930040635, 38.773458512073525], [141.4354910151287, 38.77346377478756], [141.43549832933243, 38.773435938352605], [141.43555524005106, 38.773364934287024], [141.43556197975127, 38.77336006538407], [141.43563917832495, 38.773354627978094], [141.43579328458245, 38.77337320279058], [141.43592312122703, 38.77344785588717], [141.43596682531768, 38.77346431951531], [141.4360487582494, 38.77342439659932], [141.43606612410167, 38.773317044427245], [141.4360518082675, 38.773135487208755], [141.436050472382, 38.77297674654073], [141.43600787683343, 38.77290831751569], [141.43600715448446, 38.772713340796145]]]}, "properties": {"KEYCODE": "000205@B100@04@0015@0000@0000@0000", "小班": "15", "小班面積": 0.34, "林種": "人工林", "中樹種": "スギ", "林齢": 64, "齢級": 13, "所有形態": "個人", "ADDDATE": "2022-09-29", "ADDTENANT": "04000F", "ADDUSER": "pasco01", "EDITDATE": null, "EDITTENANT": "", "EDITUSER": ""}}, {"type": "Feature", "geometry": {"type": "Polygon", "coordinates": [[[141.43542066497167, 38.77298310814103], [141.43543230914918, 38.772769312083796], [141.4353254552101, 38.772777267845385], [141.43517157109994, 38.77275839397246], [141.43502038723773, 38.77271038563668], [141.43496847375445, 38.7726938999488], [141.43485041101437, 38.772626634633845], [141.43477769287273, 38.772570631204815], [141.43468895545388, 38.77250501658447], [141.43459258833678, 38.77251890863165], [141.43435883250845, 38.772427139173274], [141.4342095325406, 38.772609980299045], [141.43411703462394, 38.77276413050071], [141.43397943087638, 38.77293991308828], [141.43404407556767, 38.77295102213176], [141.43420208253963, 38.77291207160603], [141.43429130185328, 38.772803873664834], [141.43435292625466, 38.7727453971322], [141.43443942883096, 38.7727487657155], [141.4345205938589, 38.77284178580155], [141.4346787997143, 38.772971593667435], [141.4348118059695, 38.77300141964747], [141.43499408152982, 38.77309677930682], [141.43490472563417, 38.77318876967427], [141.43480011369428, 38.77334948627612], [141.4347460287338, 38.773435574344404], [141.43471761567844, 38.773532971585134], [141.43470481878464, 38.773604546444666], [141.4347052590904, 38.77365698315828], [141.4347370252691, 38.77371562886409], [141.43481966799644, 38.77380532314259], [141.43491200875093, 38.77387690550716], [141.43504905446872, 38.77351313249831], [141.4351414081574, 38.77329811912459], [141.43525595046722, 38.773158585041635], [141.43542066497167, 38.77298310814103]]]}, "properties": {"KEYCODE": "000205@B100@04@0018@0000@0000@0000", "小班": "18", "小班面積": 0.66, "林種": "人工林", "中樹種": "スギ", "林齢": 84, "齢級": 17, "所有形態": "個人", "ADDDATE": "2022-09-29", "ADDTENANT": "04000F", "ADDUSER": "pasco01", "EDITDATE": null, "EDITTENANT": "", "EDITUSER": ""}}, {"type": "Feature", "geometry": {"type": "Polygon", "coordinates": [[[141.4351440561063, 38.773892488087746], [141.43521594494038, 38.773705559876035], [141.43526638460824, 38.77353796977633], [141.43529559586554, 38.773449778987974], [141.4353211572268, 38.7733726104569], [141.43535878437407, 38.77321967170759], [141.43542066497167, 38.77298310814103], [141.43525595046722, 38.773158585041635], [141.4351414081574, 38.77329811912459], [141.43504905446872, 38.77351313249831], [141.43491200875093, 38.77387690550716], [141.43514361778765, 38.77389250565998], [141.4351440561063, 38.773892488087746]]]}, "properties": {"KEYCODE": "000205@B100@04@0018@0001@0000@0000", "小班": "18-1", "小班面積": 0.17, "林種": "人工林", "中樹種": "スギ", "林齢": 84, "齢級": 17, "所有形態": "個人", "ADDDATE": "2022-09-29", "ADDTENANT": "04000F", "ADDUSER": "pasco01", "EDITDATE": null, "EDITTENANT": "", "EDITUSER": ""}}, {"type": "Feature", "geometry": {"type": "Polygon", "coordinates": [[[141.43435883250845, 38.772427139173274], [141.43419396003122, 38.77236241117554], [141.4340822040405, 38.772363634328784], [141.43397702730752, 38.77241605446065], [141.43388719788712, 38.77246082455697], [141.43385841402866, 38.77248966309943], [141.43371751981812, 38.77263082939041], [141.4335717902575, 38.77256874087942], [141.43354394118742, 38.77255644261961], [141.43352723788615, 38.77260527554645], [141.43343678087479, 38.77265981146191], [141.4334271475295, 38.77269127495221], [141.43348137705527, 38.772772698177256], [141.433485454963, 38.77286382024986], [141.43347434047058, 38.77292370721226], [141.43366858846315, 38.772871908393725], [141.43383558316646, 38.77285174349218], [141.43397943087638, 38.77293991308828], [141.43411703462394, 38.77276413050071], [141.4342095325406, 38.772609980299045], [141.43435883250845, 38.772427139173274]]]}, "properties": {"KEYCODE": "000205@B100@04@0019@0000@0000@0000", "小班": "19", "小班面積": 0.28, "林種": "人工林", "中樹種": "スギ", "林齢": 115, "齢級": 23, "所有形態": "個人", "ADDDATE": "2022-09-29", "ADDTENANT": "04000F", "ADDUSER": "pasco01", "EDITDATE": null, "EDITTENANT": "", "EDITUSER": ""}}, {"type": "Feature", "geometry": {"type": "Polygon", "coordinates": [[[141.4340822040405, 38.772363634328784], [141.43401803800415, 38.772357529988994], [141.43373001828434, 38.77233012925847], [141.43365643259153, 38.77236544377196], [141.43354178294572, 38.77243993622418], [141.4335203072835, 38.772453889586636], [141.43351090364345, 38.77249078427048], [141.43354394118742, 38.77255644261961], [141.4335717902575, 38.77256874087942], [141.43371751981812, 38.77263082939041], [141.43385841402866, 38.77248966309943], [141.43388719788712, 38.77246082455697], [141.43397702730752, 38.77241605446065], [141.4340822040405, 38.772363634328784]]]}, "properties": {"KEYCODE": "000205@B100@04@0020@0000@0000@0000", "小班": "20", "小班面積": 0.09, "林種": "人工林", "中樹種": "スギ", "林齢": 67, "齢級": 14, "所有形態": "個人", "ADDDATE": "2022-09-29", "ADDTENANT": "04000F", "ADDUSER": "pasco01", "EDITDATE": null, "EDITTENANT": "", "EDITUSER": ""}}, {"type": "Feature", "geometry": {"type": "Polygon", "coordinates": [[[141.43450067923408, 38.77445616521995], [141.43466803467237, 38.77430051070333], [141.434962907092, 38.774170278517516], [141.4349735078989, 38.77412731908418], [141.43470350004563, 38.77402764338493], [141.43456070727993, 38.7738676909056], [141.43449435545747, 38.77370609913747], [141.43443902513013, 38.77357135120172], [141.43439429242545, 38.77346574926738], [141.43428463322394, 38.77346059254564], [141.43403903203804, 38.77351143384447], [141.43400283078697, 38.77355166445497], [141.43404243131275, 38.773704313048185], [141.43408682233195, 38.77383631293421], [141.4340423407151, 38.774051065898796], [141.4340713776154, 38.77413752816218], [141.43413973614412, 38.77423672504938], [141.43440658442233, 38.77446564007877], [141.43443320729386, 38.77442593698674], [141.43450067923408, 38.77445616521995]]]}, "properties": {"KEYCODE": "000205@B100@04@0025@0000@0000@0000", "小班": "25", "小班面積": 0.49, "林種": "人工林", "中樹種": "スギ", "林齢": 109, "齢級": 22, "所有形態": "個人", "ADDDATE": "2022-09-29", "ADDTENANT": "04000F", "ADDUSER": "pasco01", "EDITDATE": null, "EDITTENANT": "", "EDITUSER": ""}}, {"type": "Feature", "geometry": {"type": "Polygon", "coordinates": [[[141.43459606411034, 38.7745710181007], [141.43459378364003, 38.77449787851301], [141.43450067923408, 38.77445616521995], [141.43443320729386, 38.77442593698674], [141.43440658442233, 38.77446564007877], [141.43413973614412, 38.77423672504938], [141.4340713776154, 38.77413752816218], [141.4340423407151, 38.774051065898796], [141.43408682233195, 38.77383631293421], [141.43404243131275, 38.773704313048185], [141.43400283078697, 38.77355166445497], [141.43403903203804, 38.77351143384447], [141.43428463322394, 38.77346059254564], [141.43439429242545, 38.77346574926738], [141.43443902513013, 38.77357135120172], [141.43449435545747, 38.77370609913747], [141.4347370252691, 38.77371562886409], [141.4347052590904, 38.77365698315828], [141.43470481878464, 38.773604546444666], [141.43471761567844, 38.773532971585134], [141.4347460287338, 38.773435574344404], [141.4346507423427, 38.7733843824172], [141.4344822478925, 38.77333471653429], [141.4343117495062, 38.77333654655388], [141.4340271595619, 38.77338568203066], [141.43381940210108, 38.77344681650737], [141.433690911118, 38.773519938790564], [141.4335948395182, 38.77360415194164], [141.43338719971507, 38.77376172437611], [141.43342905199034, 38.773809944909324], [141.43350234556303, 38.77393046792037], [141.43354865843705, 38.7740640752354], [141.4337118517765, 38.77427336046253], [141.43379389777354, 38.77432037077819], [141.43397296541534, 38.77442297181686], [141.43416983958969, 38.77450255339726], [141.43426043786513, 38.7746196266284], [141.43428943677367, 38.77464458620392], [141.4343625299621, 38.77470749690419], [141.43441174710765, 38.77473027952241], [141.43459606411034, 38.7745710181007]]]}, "properties": {"KEYCODE": "000205@B100@04@0026@0000@0000@0000", "小班": "26", "小班面積": 0.7, "林種": "天然林", "中樹種": "マツ類", "林齢": 83, "齢級": 17, "所有形態": "個人", "ADDDATE": "2022-09-29", "ADDTENANT": "04000F", "ADDUSER": "pasco01", "EDITDATE": null, "EDITTENANT": "", "EDITUSER": ""}}, {"type": "Feature", "geometry": {"type": "Polygon", "coordinates": [[[141.44812884134728, 38.77294611287765], [141.4480195478349, 38.772918547593], [141.44792797203928, 38.7728916187534], [141.44779602854692, 38.77287815687146], [141.44775643125573, 38.77286486432872], [141.44773758650948, 38.772858538258525], [141.44767776530315, 38.77283845570096], [141.44756901212708, 38.77282487706166], [141.4475272308754, 38.77281966067945], [141.44745632600691, 38.77277780320607], [141.44738132486, 38.77274151038294], [141.44735733782105, 38.77271136292935], [141.44732425342139, 38.77266977872898], [141.4472920273874, 38.77266160128917], [141.44727636416874, 38.77265762686824], [141.44727526621463, 38.77265734885587], [141.44722413385085, 38.77264437438151], [141.44717676016307, 38.77263235310321], [141.44716659400277, 38.77263988297907], [141.4471679972876, 38.77275729030582], [141.4471685455403, 38.77280313187753], [141.44715796182115, 38.77285056613122], [141.44715446474765, 38.7729045738885], [141.44716300055978, 38.77304505065545], [141.44715000945658, 38.77309814342334], [141.44713206717603, 38.77317147274077], [141.44709676390292, 38.77320522257618], [141.44720011775013, 38.77316306046921], [141.4472299847283, 38.773171495366654], [141.44727794147823, 38.7731850378627], [141.4473574154862, 38.7732249972902], [141.44741946796256, 38.77324932768959], [141.44742317971458, 38.77322870034686], [141.44739197514104, 38.773164259743375], [141.44739036526272, 38.77311850303217], [141.44740679489183, 38.77304595548709], [141.44742686180922, 38.77297148164424], [141.44747261881722, 38.7729102203755], [141.4475074689938, 38.77289801757223], [141.44758639855863, 38.77289075509596], [141.44769735412495, 38.772931390257746], [141.44776609939046, 38.77295891588026], [141.44785369349083, 38.77297418755635], [141.44784950560714, 38.77301830630024], [141.44798040869202, 38.77301523506915], [141.4480546977699, 38.77297908985118], [141.44812884134728, 38.77294611287765]]]}, "properties": {"KEYCODE": "000205@B101@02@0003@0000@0000@0000", "小班": "3", "小班面積": 0.2, "林種": "人工林", "中樹種": "スギ", "林齢": 74, "齢級": 15, "所有形態": "個人", "ADDDATE": "2022-09-29", "ADDTENANT": "04000F", "ADDUSER": "pasco01", "EDITDATE": null, "EDITTENANT": "", "EDITUSER": ""}}, {"type": "Feature", "geometry": {"type": "Polygon", "coordinates": [[[141.44803270732783, 38.77280161863669], [141.44801003325472, 38.77277511301372], [141.44796567454156, 38.77276014920982], [141.44787252899482, 38.77274619868291], [141.44787211763264, 38.77274613778373], [141.4478207396312, 38.77273634229899], [141.44772957633364, 38.772718961459994], [141.44760866597184, 38.772698382895214], [141.44750647317267, 38.77268218236096], [141.44744174224144, 38.772675855935645], [141.4474087042878, 38.77267606646971], [141.44738117025653, 38.772654887992346], [141.44736908009585, 38.77263182929136], [141.4473321017616, 38.77267177080351], [141.44732425342139, 38.77266977872898], [141.44735733782105, 38.77271136292935], [141.44738132486, 38.77274151038294], [141.44745632600691, 38.77277780320607], [141.4475272308754, 38.77281966067945], [141.44756901212708, 38.77282487706166], [141.44767776530315, 38.77283845570096], [141.44773758650948, 38.772858538258525], [141.44775643125573, 38.77286486432872], [141.44779602854692, 38.77287815687146], [141.44792797203928, 38.7728916187534], [141.44803270732783, 38.77280161863669]]]}, "properties": {"KEYCODE": "000205@B101@02@0003@0001@0000@0000", "小班": "3-1", "小班面積": 0.08, "林種": "人工林", "中樹種": "スギ", "林齢": 44, "齢級": 9, "所有形態": "個人", "ADDDATE": "2022-09-29", "ADDTENANT": "04000F", "ADDUSER": "pasco01", "EDITDATE": null, "EDITTENANT": "", "EDITUSER": ""}}, {"type": "Feature", "geometry": {"type": "Polygon", "coordinates": [[[141.44850602407274, 38.77290054127179], [141.44843542137053, 38.772837128129986], [141.4483714560727, 38.772834485530296], [141.44826237429422, 38.77282567406882], [141.4481827693737, 38.77281645157955], [141.4482042819527, 38.77285162352718], [141.44822783478588, 38.7728901279358], [141.44812884134728, 38.77294611287765], [141.44816210942463, 38.77297510775591], [141.44816615565057, 38.772977516167494], [141.44823556260232, 38.77301881803248], [141.44830676741654, 38.773066711210085], [141.44840024252701, 38.77310973224763], [141.4483672435015, 38.773029670022], [141.44837823234317, 38.77298474250676], [141.44838507749483, 38.77293302787702], [141.44849118407842, 38.77292127947607], [141.44850602407274, 38.77290054127179]]]}, "properties": {"KEYCODE": "000205@B101@02@0003@0002@0000@0000", "小班": "3-2", "小班面積": 0.06, "林種": "人工林", "中樹種": "ヒノキ類", "林齢": 44, "齢級": 9, "所有形態": "個人", "ADDDATE": "2022-09-29", "ADDTENANT": "04000F", "ADDUSER": "pasco01", "EDITDATE": null, "EDITTENANT": "", "EDITUSER": ""}}, {"type": "Feature", "geometry": {"type": "Polygon", "coordinates": [[[141.44865928746339, 38.77302273913357], [141.44853895400772, 38.772992779340335], [141.4485781240831, 38.77295685108455], [141.44859563116526, 38.77290551364157], [141.448559999288, 38.77288644561566], [141.44850602407274, 38.77290054127179], [141.44849118407842, 38.77292127947607], [141.44838507749483, 38.77293302787702], [141.44837823234317, 38.77298474250676], [141.4483672435015, 38.773029670022], [141.44840024252701, 38.77310973224763], [141.4483802118455, 38.77315802622421], [141.44848285342388, 38.7732435245239], [141.4485176135397, 38.773223249927646], [141.44862812537644, 38.773097182410005], [141.44865928746339, 38.77302273913357]]]}, "properties": {"KEYCODE": "000205@B101@02@0003@0003@0000@0000", "小班": "3-3", "小班面積": 0.07, "林種": "人工林", "中樹種": "ヒノキ類", "林齢": 44, "齢級": 9, "所有形態": "個人", "ADDDATE": "2022-09-29", "ADDTENANT": "04000F", "ADDUSER": "pasco01", "EDITDATE": null, "EDITTENANT": "", "EDITUSER": ""}}, {"type": "Feature", "geometry": {"type": "Polygon", "coordinates": [[[141.4481827693737, 38.77281645157955], [141.44814550552397, 38.77281276838903], [141.4481064045682, 38.77280890296099], [141.44803270732783, 38.77280161863669], [141.44792797203928, 38.7728916187534], [141.4480195478349, 38.772918547593], [141.44812884134728, 38.77294611287765], [141.44822783478588, 38.7728901279358], [141.4482042819527, 38.77285162352718], [141.4481827693737, 38.77281645157955]]]}, "properties": {"KEYCODE": "000205@B101@02@0003@0004@0000@0000", "小班": "3-4", "小班面積": 0.03, "林種": "人工林", "中樹種": "ヒノキ類", "林齢": 44, "齢級": 9, "所有形態": "個人", "ADDDATE": "2022-09-29", "ADDTENANT": "04000F", "ADDUSER": "pasco01", "EDITDATE": null, "EDITTENANT": "", "EDITUSER": ""}}, {"type": "Feature", "geometry": {"type": "Polygon", "coordinates": [[[141.44848285342388, 38.7732435245239], [141.4483802118455, 38.77315802622421], [141.44840024252701, 38.77310973224763], [141.44830676741654, 38.773066711210085], [141.44823556260232, 38.77301881803248], [141.44816615565057, 38.772977516167494], [141.44816210942463, 38.77297510775591], [141.44812884134728, 38.77294611287765], [141.4480546977699, 38.77297908985118], [141.44798040869202, 38.77301523506915], [141.44784950560714, 38.77301830630024], [141.44785369349083, 38.77297418755635], [141.44776609939046, 38.77295891588026], [141.44769735412495, 38.772931390257746], [141.44758639855863, 38.77289075509596], [141.4475074689938, 38.77289801757223], [141.44747261881722, 38.7729102203755], [141.44742686180922, 38.77297148164424], [141.44740679489183, 38.77304595548709], [141.44739036526272, 38.77311850303217], [141.44739197514104, 38.773164259743375], [141.44742317971458, 38.77322870034686], [141.44741946796256, 38.77324932768959], [141.44738160007196, 38.77331185557553], [141.44739195440758, 38.773383309247315], [141.4473555073867, 38.77339398889403], [141.44730560702297, 38.773398064519675], [141.44724597126142, 38.773403145305934], [141.4472044393744, 38.77338906184984], [141.44713973398882, 38.77337128572551], [141.44703403773866, 38.77340711872028], [141.4469405958038, 38.773495525331796], [141.4469992158509, 38.77351936317031], [141.44710918863785, 38.77356489407092], [141.44723879703162, 38.773583852701655], [141.44732799892142, 38.77358805070182], [141.4475019123726, 38.77358156938978], [141.44772303290858, 38.77355728042807], [141.44793809096092, 38.773519069059404], [141.4481280139833, 38.77347379051708], [141.4481493755649, 38.773468697126], [141.448270663715, 38.7734166326474], [141.4483215450553, 38.77338621575677], [141.4483960758531, 38.77331829289096], [141.44844902907278, 38.773269446362875], [141.44846728831854, 38.77325260363031], [141.44848285342388, 38.7732435245239]]]}, "properties": {"KEYCODE": "000205@B101@02@0004@0000@0000@0000", "小班": "4", "小班面積": 0.59, "林種": "人工林", "中樹種": "スギ", "林齢": 68, "齢級": 14, "所有形態": "個人", "ADDDATE": "2022-09-29", "ADDTENANT": "04000F", "ADDUSER": "pasco01", "EDITDATE": null, "EDITTENANT": "", "EDITUSER": ""}}, {"type": "Feature", "geometry": {"type": "Polygon", "coordinates": [[[141.44736908009585, 38.77263182929136], [141.44738117025653, 38.772654887992346], [141.4474087042878, 38.77267606646971], [141.44744174224144, 38.772675855935645], [141.44750647317267, 38.77268218236096], [141.44760866597184, 38.772698382895214], [141.44772957633364, 38.772718961459994], [141.4478207396312, 38.77273634229899], [141.44787211763264, 38.77274613778373], [141.44787252899482, 38.77274619868291], [141.44796567454156, 38.77276014920982], [141.44801003325472, 38.77277511301372], [141.44803270732783, 38.77280161863669], [141.4481064045682, 38.77280890296099], [141.44814550552397, 38.77281276838903], [141.4481827693737, 38.77281645157955], [141.44826237429422, 38.77282567406882], [141.4483714560727, 38.772834485530296], [141.44843542137053, 38.772837128129986], [141.44850602407274, 38.77290054127179], [141.448559999288, 38.77288644561566], [141.44859563116526, 38.77290551364157], [141.4485781240831, 38.77295685108455], [141.44853895400772, 38.772992779340335], [141.44865928746339, 38.77302273913357], [141.4487378485089, 38.77283504053315], [141.44880454974015, 38.77275149216867], [141.4487304679122, 38.7726719941316], [141.4486463669247, 38.77260397117093], [141.44857975824604, 38.77255830532234], [141.44850894622644, 38.77252167135374], [141.4483517624148, 38.77246985336127], [141.44832110349628, 38.7724452951972], [141.448173034282, 38.77250178345427], [141.44800414856292, 38.77257806453775], [141.44794460979327, 38.7726049565982], [141.4478778918921, 38.77250157995756], [141.44751935331993, 38.772550567725936], [141.44750665689978, 38.77247855429882], [141.44746990585506, 38.77254498440849], [141.4473856011832, 38.77261398506028], [141.44736908009585, 38.77263182929136]]]}, "properties": {"KEYCODE": "000205@B101@02@0005@0000@0000@0000", "小班": "5", "小班面積": 0.35, "林種": "人工林", "中樹種": "スギ", "林齢": 67, "齢級": 14, "所有形態": "個人", "ADDDATE": "2022-09-29", "ADDTENANT": "04000F", "ADDUSER": "pasco01", "EDITDATE": null, "EDITTENANT": "", "EDITUSER": ""}}, {"type": "Feature", "geometry": {"type": "Polygon", "coordinates": [[[141.44978312891348, 38.77212489221239], [141.44969354232833, 38.772092110190776], [141.4495983992258, 38.77207544908394], [141.44948479121356, 38.7720360044641], [141.44934568290967, 38.77200527331387], [141.449343502257, 38.77208289101275], [141.44934656292423, 38.772153751441486], [141.44937503342462, 38.772161874238556], [141.44940558855112, 38.772170592338206], [141.44937227599308, 38.772317464236224], [141.44941046497874, 38.77233868337362], [141.4496280492635, 38.77228939266375], [141.44964164810855, 38.77227853640702], [141.4497225233597, 38.77221397648552], [141.4497643108914, 38.77215255597718], [141.44978312891348, 38.77212489221239]]]}, "properties": {"KEYCODE": "000205@B101@02@0006@0000@0000@0000", "小班": "6", "小班面積": 0.09, "林種": "天然林", "中樹種": "その他L", "林齢": 61, "齢級": 13, "所有形態": "個人", "ADDDATE": "2022-09-29", "ADDTENANT": "04000F", "ADDUSER": "pasco01", "EDITDATE": null, "EDITTENANT": "", "EDITUSER": ""}}, {"type": "Feature", "geometry": {"type": "Polygon", "coordinates": [[[141.44934568290967, 38.77200527331387], [141.44922954177628, 38.771954399601704], [141.4493033244383, 38.77189489709888], [141.44926410617902, 38.77186650055823], [141.44921003339726, 38.77185937480431], [141.44914583365218, 38.77185091501706], [141.44913990119835, 38.77185023457351], [141.44880541242762, 38.771811878156264], [141.44876717847865, 38.77193188876992], [141.44872340764292, 38.77199682112602], [141.4487405049657, 38.77200444361085], [141.44897073575396, 38.77209436411228], [141.44937227599308, 38.772317464236224], [141.44940558855112, 38.772170592338206], [141.44937503342462, 38.772161874238556], [141.44934656292423, 38.772153751441486], [141.449343502257, 38.77208289101275], [141.44934568290967, 38.77200527331387]]]}, "properties": {"KEYCODE": "000205@B101@02@0007@0000@0000@0000", "小班": "7", "小班面積": 0.17, "林種": "人工林", "中樹種": "スギ", "林齢": 65, "齢級": 13, "所有形態": "個人", "ADDDATE": "2022-09-29", "ADDTENANT": "04000F", "ADDUSER": "pasco01", "EDITDATE": null, "EDITTENANT": "", "EDITUSER": ""}}, {"type": "Feature", "geometry": {"type": "Polygon", "coordinates": [[[141.44958680455937, 38.771112544217345], [141.44948338711228, 38.771088882585595], [141.44942197661967, 38.77107242365907], [141.449392206241, 38.771064443757034], [141.44930456763288, 38.77104095194104], [141.4491107956734, 38.77094155181215], [141.44897726100342, 38.770921578995434], [141.44870996732095, 38.77134599033482], [141.44883911573538, 38.77139098533344], [141.44884214704592, 38.771482328560616], [141.4488435887732, 38.77152582491519], [141.44885695661208, 38.77160164543108], [141.44892354575992, 38.77163441139952], [141.44896508577915, 38.771639345676725], [141.44897768931614, 38.77168366610304], [141.44885590209788, 38.771694532676264], [141.44880541242762, 38.771811878156264], [141.44913990119835, 38.77185023457351], [141.44914583365218, 38.77185091501706], [141.44921003339726, 38.77185937480431], [141.44926410617902, 38.77186650055823], [141.4493033244383, 38.77189489709888], [141.44922954177628, 38.771954399601704], [141.44934568290967, 38.77200527331387], [141.44948479121356, 38.7720360044641], [141.4495983992258, 38.77207544908394], [141.44969354232833, 38.772092110190776], [141.44978312891348, 38.77212489221239], [141.44977806083944, 38.77208786176654], [141.44976869977626, 38.77201948409915], [141.4497285913799, 38.77193903452466], [141.4496850321299, 38.771851665385846], [141.44966607079607, 38.7718012885557], [141.4496699140163, 38.7717183243112], [141.4496936889053, 38.77166878424881], [141.44967620818286, 38.7715455996447], [141.4496728967775, 38.77153764243567], [141.44963450381746, 38.77144533347608], [141.44962661888763, 38.771426375299406], [141.44957483862163, 38.77129591127549], [141.44957149708335, 38.771167146757726], [141.44958680455937, 38.771112544217345]]]}, "properties": {"KEYCODE": "000205@B101@02@0007@0001@0000@0000", "小班": "7-1", "小班面積": 0.73, "林種": "人工林", "中樹種": "スギ", "林齢": 57, "齢級": 12, "所有形態": "個人", "ADDDATE": "2022-09-29", "ADDTENANT": "04000F", "ADDUSER": "pasco01", "EDITDATE": null, "EDITTENANT": "", "EDITUSER": ""}}, {"type": "Feature", "geometry": {"type": "Polygon", "coordinates": [[[141.44959760107676, 38.77116763162836], [141.44959795143956, 38.77118253859939], [141.44960061318613, 38.77129582041224], [141.44964649624922, 38.771409631052585], [141.44973976918004, 38.771391611442375], [141.44980525596608, 38.771358850230115], [141.4498413639554, 38.77130907931631], [141.4498351541369, 38.77128820333242], [141.4498238070267, 38.77125005917315], [141.44974797104567, 38.771212320929315], [141.44966006949397, 38.77118799564374], [141.44959760107676, 38.77116763162836]]]}, "properties": {"KEYCODE": "000205@B101@02@0007@0004@0000@0000", "小班": "7-4", "小班面積": 0.04, "林種": "人工林", "中樹種": "スギ", "林齢": 57, "齢級": 12, "所有形態": "個人", "ADDDATE": "2022-09-29", "ADDTENANT": "04000F", "ADDUSER": "pasco01", "EDITDATE": null, "EDITTENANT": "", "EDITUSER": ""}}, {"type": "Feature", "geometry": {"type": "Polygon", "coordinates": [[[141.44943170591935, 38.77041613655953], [141.44936794001984, 38.77038518479558], [141.4492198532746, 38.77036570426479], [141.44916193265945, 38.77035808525351], [141.4491198389439, 38.770428271930946], [141.4490862630101, 38.77048946968497], [141.4490818509908, 38.77054288684954], [141.4490701143041, 38.77059443361872], [141.44906807278286, 38.770640210461586], [141.44907096669434, 38.77069358823228], [141.449078570007, 38.7707278711623], [141.44906689886733, 38.77078704631631], [141.44906006826344, 38.770842382501755], [141.44905552621086, 38.7708805437844], [141.4490535162968, 38.770930133022496], [141.4491107956734, 38.77094155181215], [141.44930456763288, 38.77104095194104], [141.449392206241, 38.771064443757034], [141.44942197661967, 38.77107242365907], [141.44948338711228, 38.771088882585595], [141.44958680455937, 38.771112544217345], [141.44958891545005, 38.77101120194718], [141.4495907536867, 38.770922977162115], [141.44958317895728, 38.77087051326691], [141.4495852181571, 38.77075308058417], [141.4495569246634, 38.77068280633939], [141.44950819452356, 38.770580287092216], [141.4494775400452, 38.77051579547056], [141.44946412906748, 38.77048758634981], [141.44943170591935, 38.77041613655953]]]}, "properties": {"KEYCODE": "000205@B101@02@0007@0003@0000@0000", "小班": "7-3", "小班面積": 0.3, "林種": "人工林", "中樹種": "スギ", "林齢": 57, "齢級": 12, "所有形態": "個人", "ADDDATE": "2022-09-29", "ADDTENANT": "04000F", "ADDUSER": "pasco01", "EDITDATE": null, "EDITTENANT": "", "EDITUSER": ""}}, {"type": "Feature", "geometry": {"type": "Polygon", "coordinates": [[[141.44961045830638, 38.77112517608439], [141.44959760107676, 38.77116763162836], [141.44966006949397, 38.77118799564374], [141.44974797104567, 38.771212320929315], [141.4498238070267, 38.77125005917315], [141.4498351541369, 38.77128820333242], [141.4498413639554, 38.77130907931631], [141.44980525596608, 38.771358850230115], [141.44973976918004, 38.771391611442375], [141.44964649624922, 38.771409631052585], [141.44965084823454, 38.77142042868454], [141.44967269153395, 38.77147795149155], [141.44969719249426, 38.77154248000735], [141.44971800868302, 38.771667854195684], [141.4496917731501, 38.77172445129351], [141.44968958886327, 38.77180213748819], [141.44970700185272, 38.77184402709443], [141.44973035804256, 38.771889580800206], [141.44973785122258, 38.77190419514451], [141.44979235310842, 38.77201050269461], [141.449807086482, 38.77213119819141], [141.45000865292593, 38.771915092522256], [141.45005090544728, 38.77184905059675], [141.4501220950259, 38.77179574766834], [141.45013687466616, 38.77177249248899], [141.4501539796365, 38.771745580937946], [141.4501645986315, 38.771736297984496], [141.45020261206747, 38.7717030716472], [141.45020265577577, 38.77168636712736], [141.45020280355592, 38.7716277653006], [141.45023423983037, 38.77157806937608], [141.45025838847732, 38.771498356442876], [141.4502711733458, 38.77147479376148], [141.4503067706179, 38.77140918326281], [141.45039448109364, 38.77136746036754], [141.45043165931267, 38.77133643563347], [141.45043660276264, 38.77129151821547], [141.45040883941675, 38.77121598109423], [141.4502096002138, 38.77119165394563], [141.45015985944158, 38.77118613547252], [141.44961045830638, 38.77112517608439]]]}, "properties": {"KEYCODE": "000205@B101@02@0007@0002@0000@0000", "小班": "7-2", "小班面積": 0.41, "林種": "天然林", "中樹種": "その他L", "林齢": 70, "齢級": 14, "所有形態": "個人", "ADDDATE": "2022-09-29", "ADDTENANT": "04000F", "ADDUSER": "pasco01", "EDITDATE": null, "EDITTENANT": "", "EDITUSER": ""}}, {"type": "Feature", "geometry": {"type": "Polygon", "coordinates": [[[141.45007643659844, 38.773740674921726], [141.4498704142276, 38.773610718651796], [141.44968707306325, 38.77349922053149], [141.44957987712095, 38.77346148001872], [141.44941126254415, 38.773328291478244], [141.44950939684892, 38.7732324294271], [141.4496415526772, 38.773109572922394], [141.44978883006024, 38.772974717742976], [141.44987485304114, 38.77279847347004], [141.44995660717555, 38.77256861991955], [141.44999695931875, 38.772392615603174], [141.45001421810525, 38.77218693891726], [141.45009671629882, 38.772043486510455], [141.4501662403062, 38.77192691929072], [141.45029693042142, 38.77187345175042], [141.45043006626966, 38.771859976939375], [141.45060084141056, 38.77180246501407], [141.45062303481038, 38.7717278595679], [141.45064424158264, 38.77163291814901], [141.4506495965585, 38.77163068718965], [141.45080434246637, 38.77158502344502], [141.45078794816456, 38.77151319296988], [141.45078192500452, 38.77148063061668], [141.45078317040077, 38.77145703064712], [141.45078729543562, 38.771434540674555], [141.45081435008248, 38.771406326025264], [141.45087415072598, 38.77134424598658], [141.45091522075492, 38.77127439112384], [141.45094775771375, 38.771214689318384], [141.45097471714115, 38.77117411493283], [141.451021797465, 38.7711368125346], [141.4510833365647, 38.771109559689236], [141.4511491913613, 38.77108340920833], [141.45118494341668, 38.77106413937071], [141.45119917866262, 38.77104947060727], [141.45121194813214, 38.77103030424376], [141.45121888826202, 38.77100106162034], [141.45121284675287, 38.77096625616944], [141.4511531748829, 38.77087216022508], [141.4510860597338, 38.77074775352887], [141.45104919270455, 38.77063332102587], [141.45103256586614, 38.77053452818191], [141.45103181601462, 38.770444642297534], [141.45101970603454, 38.7703705369735], [141.45100431311084, 38.77024814510578], [141.4510975409505, 38.77023084986804], [141.45113179262827, 38.77020484932254], [141.4511358094195, 38.770193578682296], [141.45114582831144, 38.77016546121139], [141.45114266141147, 38.77013064145666], [141.45112801194082, 38.770096998601915], [141.4510617249826, 38.770071467326204], [141.4510429160923, 38.77005470208759], [141.45102398013864, 38.77002333499936], [141.45101064271574, 38.769973956564606], [141.45101262262247, 38.769868335722116], [141.45100362996436, 38.76982342976143], [141.45098338161344, 38.76980667211986], [141.45094879051757, 38.7697922253771], [141.45085083974027, 38.769758979420644], [141.45079687908213, 38.769737727853474], [141.45078599042253, 38.7697334394889], [141.45075997889893, 38.7697155870445], [141.4507410442255, 38.76968420999145], [141.45070013429583, 38.76960125777645], [141.45067469684162, 38.76948003420724], [141.4506160855403, 38.76914690201074], [141.45061287061282, 38.76912863993956], [141.4506875931573, 38.76913165873016], [141.45044811694783, 38.76908986273675], [141.45030084998146, 38.76913081091569], [141.45015708862638, 38.76924091522088], [141.45014319969613, 38.76925155145337], [141.4501341763175, 38.76925846475502], [141.45004114588554, 38.76932971156312], [141.44982122526736, 38.769434984934875], [141.4497524263692, 38.76946791678188], [141.4496497283382, 38.769545115994916], [141.44961836770005, 38.769563557715955], [141.44952436578083, 38.76961882925419], [141.44949458862376, 38.76972503897177], [141.44950200065432, 38.76981279068606], [141.449504062206, 38.7698371993307], [141.44950416112076, 38.76983719340387], [141.44953777517463, 38.76971870324928], [141.44970520736805, 38.769976498184484], [141.44969785997887, 38.76998348189129], [141.44966790926, 38.770009460238285], [141.44963805706467, 38.770045554146904], [141.4495909814371, 38.770109619596695], [141.4494270362884, 38.77020370529931], [141.44943746826448, 38.77028186463523], [141.44943838667652, 38.770288297550316], [141.44944208200025, 38.77031414080646], [141.4494566910286, 38.77041634718416], [141.44948731275525, 38.77048038313512], [141.44957981174082, 38.770672821822785], [141.44961046146085, 38.77074824393231], [141.44960764335454, 38.77087023922329], [141.44961707229115, 38.77092420683354], [141.44961045830638, 38.77112517608439], [141.45015985944158, 38.77118613547252], [141.4502096002138, 38.77119165394563], [141.45040883941675, 38.77121598109423], [141.45043660276264, 38.77129151821547], [141.45043165931267, 38.77133643563347], [141.45039448109364, 38.77136746036754], [141.4503067706179, 38.77140918326281], [141.4502711733458, 38.77147479376148], [141.45025838847732, 38.771498356442876], [141.45023423983037, 38.77157806937608], [141.45020280355592, 38.7716277653006], [141.45020265577577, 38.77168636712736], [141.45020261206747, 38.7717030716472], [141.4501645986315, 38.771736297984496], [141.4501539796365, 38.771745580937946], [141.45013687466616, 38.77177249248899], [141.4501220950259, 38.77179574766834], [141.45005090544728, 38.77184905059675], [141.45000865292593, 38.771915092522256], [141.449807086482, 38.77213119819141], [141.4497920983131, 38.7721535111971], [141.44974342269373, 38.77222596520016], [141.44964484178234, 38.77230463724459], [141.4494268291741, 38.772357651817025], [141.44926395638498, 38.77245112982363], [141.44916377407833, 38.77250827864954], [141.44906990428774, 38.77259667390548], [141.4488419085524, 38.772741719869046], [141.44876108670286, 38.77284345859413], [141.44864913153177, 38.77310954012048], [141.4485411472802, 38.77322560259113], [141.44862268233533, 38.773223137347856], [141.44876888069086, 38.77326164632235], [141.4489649357075, 38.77330197444909], [141.44907591290803, 38.773304938405], [141.44933091356614, 38.773388386299196], [141.44944504525247, 38.77344632444595], [141.44962689089684, 38.77359378711747], [141.44970457146655, 38.77363816965526], [141.44989097788508, 38.773717743887055], [141.44998405211854, 38.77375209020169], [141.45007643659844, 38.773740674921726]]]}, "properties": {"KEYCODE": "000205@B101@02@0008@0000@0000@0000", "小班": "8", "小班面積": 3.95, "林種": "人工林", "中樹種": "スギ", "林齢": 66, "齢級": 14, "所有形態": "個人", "ADDDATE": "2022-09-29", "ADDTENANT": "04000F", "ADDUSER": "pasco01", "EDITDATE": null, "EDITTENANT": "", "EDITUSER": ""}}, {"type": "Feature", "geometry": {"type": "Polygon", "coordinates": [[[141.45090932470328, 38.77228677314971], [141.4508957980407, 38.77218185680454], [141.45088929192676, 38.772072875483026], [141.45090835780428, 38.77199913695226], [141.4509988924483, 38.77200488995855], [141.450915451952, 38.77196504314956], [141.45091896505534, 38.77194539150634], [141.4509239615436, 38.7719174663655], [141.45093943779386, 38.77191923861182], [141.45094971887838, 38.771904542128084], [141.45098755557268, 38.77185045277748], [141.45102590167883, 38.77179859312547], [141.45106286848332, 38.77175346949281], [141.45104980251665, 38.77173667570833], [141.45084568847375, 38.7717185393013], [141.45084365239632, 38.771647759081745], [141.45080434246637, 38.77158502344502], [141.4506495965585, 38.77163068718965], [141.45064424158264, 38.77163291814901], [141.45062303481038, 38.7717278595679], [141.45060084141056, 38.77180246501407], [141.45043006626966, 38.771859976939375], [141.45029693042142, 38.77187345175042], [141.4501662403062, 38.77192691929072], [141.45009671629882, 38.772043486510455], [141.45001421810525, 38.77218693891726], [141.44999695931875, 38.772392615603174], [141.44995660717555, 38.77256861991955], [141.44987485304114, 38.77279847347004], [141.44978883006024, 38.772974717742976], [141.4496415526772, 38.773109572922394], [141.44950939684892, 38.7732324294271], [141.44941126254415, 38.773328291478244], [141.44957987712095, 38.77346148001872], [141.44968707306325, 38.77349922053149], [141.4498704142276, 38.773610718651796], [141.45007643659844, 38.773740674921726], [141.45011429431239, 38.7737122241546], [141.4502007707992, 38.77361240779207], [141.45036756080665, 38.773630014451996], [141.4504763463373, 38.77365355594287], [141.45054609392145, 38.77368394305896], [141.45075788816777, 38.77352331383065], [141.450848399376, 38.77346579763658], [141.45086130479967, 38.77344085049555], [141.4508756303459, 38.773412702197476], [141.4507812987148, 38.77336879489197], [141.45079257362764, 38.77326578262731], [141.45087656202864, 38.773229798786815], [141.45090837171665, 38.773189883474636], [141.45085887257525, 38.77313354217494], [141.45089829531432, 38.773046298071016], [141.45095305447722, 38.772997442670324], [141.45098909097163, 38.77286838905057], [141.45098905883674, 38.77286826579865], [141.4509687600963, 38.77278798313888], [141.4509573747105, 38.77274296371854], [141.45095756612014, 38.77274260685579], [141.45095755541374, 38.77274256637235], [141.4510284345506, 38.772609211533464], [141.45106226548995, 38.77259287077049], [141.4510627238966, 38.77259264853054], [141.45106281961384, 38.77259227145298], [141.4510625187484, 38.7725918126889], [141.45097830781296, 38.77246351169901], [141.45092709869948, 38.77241433882306], [141.4508979515015, 38.77239169764793], [141.4508653372569, 38.77235988301291], [141.4508522576136, 38.772337506470414], [141.45085010737918, 38.77231635594527], [141.45090932470328, 38.77228677314971]]]}, "properties": {"KEYCODE": "000205@B101@02@0009@0000@0000@0000", "小班": "9", "小班面積": 1.9, "林種": "人工林", "中樹種": "スギ", "林齢": 65, "齢級": 13, "所有形態": "個人", "ADDDATE": "2022-09-29", "ADDTENANT": "04000F", "ADDUSER": "pasco01", "EDITDATE": null, "EDITTENANT": "", "EDITUSER": ""}}, {"type": "Feature", "geometry": {"type": "Polygon", "coordinates": [[[141.4509988924483, 38.77200488995855], [141.45090835780428, 38.77199913695226], [141.45088929192676, 38.772072875483026], [141.4508957980407, 38.77218185680454], [141.45090932470328, 38.77228677314971], [141.45100973367624, 38.772269449041666], [141.45109431178997, 38.77224994819744], [141.45110631840564, 38.77224811358333], [141.45110640115865, 38.77224810143433], [141.45111303828733, 38.77220679391482], [141.4511273348492, 38.77211782310191], [141.45112746263325, 38.77211702784216], [141.45103161931635, 38.77201908527302], [141.45100379177347, 38.772005200097], [141.4509988924483, 38.77200488995855]]]}, "properties": {"KEYCODE": "000205@B101@02@0010@0000@0000@0000", "小班": "10", "小班面積": 0.06, "林種": "人工林", "中樹種": "スギ", "林齢": 68, "齢級": 14, "所有形態": "個人", "ADDDATE": "2022-09-29", "ADDTENANT": "04000F", "ADDUSER": "pasco01", "EDITDATE": null, "EDITTENANT": "", "EDITUSER": ""}}, {"type": "Feature", "geometry": {"type": "Polygon", "coordinates": [[[141.45124069295514, 38.771549665407576], [141.45103934388496, 38.771534497562506], [141.45105006958747, 38.77157403135289], [141.45104858085665, 38.771590622791244], [141.45104747178218, 38.771600396995574], [141.45104055726915, 38.77166144626719], [141.45104278871577, 38.771679600004155], [141.45104980251665, 38.77173667570833], [141.45106286848332, 38.77175346949281], [141.45110941923744, 38.771824041438016], [141.45113598546297, 38.771909303503286], [141.45115735836706, 38.771887858363755], [141.45126765311232, 38.77187132230392], [141.45126468594242, 38.77179324350876], [141.4512640570342, 38.7717766371392], [141.4512613562867, 38.77173530690897], [141.45125658239195, 38.771660963742384], [141.45125514482768, 38.77164426435187], [141.4512549306234, 38.771640911473725], [141.4512546888572, 38.77163716505265], [141.45125403324488, 38.771626933516146], [141.45125146389108, 38.77161203648271], [141.45124069295514, 38.771549665407576]]]}, "properties": {"KEYCODE": "000205@B101@02@0011@0000@0000@0000", "小班": "11", "小班面積": 0.07, "林種": "人工林", "中樹種": "スギ", "林齢": 68, "齢級": 14, "所有形態": "個人", "ADDDATE": "2022-09-29", "ADDTENANT": "04000F", "ADDUSER": "pasco01", "EDITDATE": null, "EDITTENANT": "", "EDITUSER": ""}}, {"type": "Feature", "geometry": {"type": "Polygon", "coordinates": [[[141.4512002354094, 38.771315244489465], [141.45119340876138, 38.77132256156733], [141.45118110780822, 38.771335748050674], [141.45111066599785, 38.77135085356909], [141.45104875004967, 38.77137406342716], [141.4510234597486, 38.77140709126604], [141.45102029948674, 38.77146431443903], [141.4510220668817, 38.771470827536426], [141.45103934388496, 38.771534497562506], [141.45124069295514, 38.771549665407576], [141.4512002354094, 38.771315244489465]]]}, "properties": {"KEYCODE": "000205@B101@02@0012@0000@0000@0000", "小班": "12", "小班面積": 0.04, "林種": "天然林", "中樹種": "その他L", "林齢": 70, "齢級": 14, "所有形態": "個人", "ADDDATE": "2022-09-29", "ADDTENANT": "04000F", "ADDUSER": "pasco01", "EDITDATE": null, "EDITTENANT": "", "EDITUSER": ""}}, {"type": "Feature", "geometry": {"type": "Polygon", "coordinates": [[[141.45103934388496, 38.771534497562506], [141.4510220668817, 38.771470827536426], [141.45102029948674, 38.77146431443903], [141.4510234597486, 38.77140709126604], [141.45104875004967, 38.77137406342716], [141.45111066599785, 38.77135085356909], [141.45118110780822, 38.771335748050674], [141.45119340876138, 38.77132256156733], [141.4512002354094, 38.771315244489465], [141.4511783673606, 38.771189086045766], [141.45134786593707, 38.77112125288292], [141.4513585990929, 38.771116960143914], [141.4513790941274, 38.771093570079586], [141.45142177530775, 38.7710439314833], [141.45142737502388, 38.77102592912598], [141.45142858141116, 38.77100783559038], [141.45142864855146, 38.7710068145277], [141.4514284643939, 38.77098547433386], [141.45142973685546, 38.77096636965085], [141.45142524210684, 38.770942790120955], [141.45140612380447, 38.770890072086104], [141.45138086537565, 38.77079019072558], [141.4513454882152, 38.770681371989326], [141.45132381437458, 38.770493834035136], [141.4513179771012, 38.7703118428917], [141.4511955864535, 38.77027645621647], [141.4511394279399, 38.770258744313246], [141.4510975409505, 38.77023084986804], [141.45100431311084, 38.77024814510578], [141.45101970603454, 38.7703705369735], [141.45103181601462, 38.770444642297534], [141.45103256586614, 38.77053452818191], [141.45104919270455, 38.77063332102587], [141.4510860597338, 38.77074775352887], [141.4511531748829, 38.77087216022508], [141.45121284675287, 38.77096625616944], [141.45121888826202, 38.77100106162034], [141.45121194813214, 38.77103030424376], [141.45119917866262, 38.77104947060727], [141.45118494341668, 38.77106413937071], [141.4511491913613, 38.77108340920833], [141.4510833365647, 38.771109559689236], [141.451021797465, 38.7711368125346], [141.45097471714115, 38.77117411493283], [141.45094775771375, 38.771214689318384], [141.45091522075492, 38.77127439112384], [141.45087415072598, 38.77134424598658], [141.45081435008248, 38.771406326025264], [141.45078729543562, 38.771434540674555], [141.45078317040077, 38.77145703064712], [141.45078192500452, 38.77148063061668], [141.45078794816456, 38.77151319296988], [141.45080434246637, 38.77158502344502], [141.45084365239632, 38.771647759081745], [141.45084568847375, 38.7717185393013], [141.45104980251665, 38.77173667570833], [141.45104278871577, 38.771679600004155], [141.45104055726915, 38.77166144626719], [141.45104747178218, 38.771600396995574], [141.45104858085665, 38.771590622791244], [141.45105006958747, 38.77157403135289], [141.45103934388496, 38.771534497562506]]]}, "properties": {"KEYCODE": "000205@B101@02@0013@0000@0000@0000", "小班": "13", "小班面積": 0.37, "林種": "人工林", "中樹種": "スギ", "林齢": 61, "齢級": 13, "所有形態": "個人", "ADDDATE": "2022-09-29", "ADDTENANT": "04000F", "ADDUSER": "pasco01", "EDITDATE": null, "EDITTENANT": "", "EDITUSER": ""}}, {"type": "Feature", "geometry": {"type": "Polygon", "coordinates": [[[141.45129457975392, 38.769830075411356], [141.45102398013864, 38.77002333499936], [141.4510429160923, 38.77005470208759], [141.4510617249826, 38.770071467326204], [141.45112801194082, 38.770096998601915], [141.45114266141147, 38.77013064145666], [141.45114582831144, 38.77016546121139], [141.4511358094195, 38.770193578682296], [141.45113179262827, 38.77020484932254], [141.4510975409505, 38.77023084986804], [141.4511394279399, 38.770258744313246], [141.4511955864535, 38.77027645621647], [141.4513179771012, 38.7703118428917], [141.4512973139049, 38.77013298325003], [141.45129319742406, 38.77009734871087], [141.45129457975392, 38.769830075411356]]]}, "properties": {"KEYCODE": "000205@B101@02@0014@0000@0000@0000", "小班": "14", "小班面積": 0.08, "林種": "人工林", "中樹種": "スギ", "林齢": 88, "齢級": 18, "所有形態": "個人", "ADDDATE": "2022-09-29", "ADDTENANT": "04000F", "ADDUSER": "pasco01", "EDITDATE": null, "EDITTENANT": "", "EDITUSER": ""}}, {"type": "Feature", "geometry": {"type": "Polygon", "coordinates": [[[141.45129457975392, 38.769830075411356], [141.45129484718623, 38.76977824131784], [141.45173984455468, 38.769572781105715], [141.45177268589063, 38.769450670124115], [141.4517931531946, 38.76935283421769], [141.45170451333084, 38.76931278212953], [141.45173750837805, 38.76925540015857], [141.45183168433323, 38.76923106607475], [141.451891977981, 38.76916162262307], [141.4517784246449, 38.76905734468965], [141.45152750685912, 38.76891536225329], [141.4515087648956, 38.76890646239944], [141.4514885935516, 38.768899811516235], [141.4514656213981, 38.76890104111048], [141.45144416455582, 38.76891237967715], [141.45142419753256, 38.76892820670117], [141.45134696488844, 38.76896901101759], [141.4513141403088, 38.76899388698054], [141.45126687735052, 38.7690098393863], [141.45121808025434, 38.769014566690515], [141.45117224411945, 38.76903051061382], [141.45113799927248, 38.76905763725066], [141.45109537718093, 38.76911401500021], [141.45104991703556, 38.769174903173415], [141.45102136862548, 38.76919526101336], [141.45099700581733, 38.76920324552892], [141.45097548280222, 38.769205594381404], [141.45094672236362, 38.769201232011056], [141.45089922780528, 38.76919021375707], [141.45088566603798, 38.76918646114116], [141.4506875931573, 38.76913165873016], [141.45061287061282, 38.76912863993956], [141.4506160855403, 38.76914690201074], [141.45067469684162, 38.76948003420724], [141.45070013429583, 38.76960125777645], [141.4507410442255, 38.76968420999145], [141.45075997889893, 38.7697155870445], [141.45078599042253, 38.7697334394889], [141.45079687908213, 38.769737727853474], [141.45085083974027, 38.769758979420644], [141.45094879051757, 38.7697922253771], [141.45098338161344, 38.76980667211986], [141.45100362996436, 38.76982342976143], [141.45101262262247, 38.769868335722116], [141.45101064271574, 38.769973956564606], [141.45102398013864, 38.77002333499936], [141.45129457975392, 38.769830075411356]]]}, "properties": {"KEYCODE": "000205@B101@02@0015@0000@0000@0000", "小班": "15", "小班面積": 0.77, "林種": "人工林", "中樹種": "スギ", "林齢": 60, "齢級": 12, "所有形態": "個人", "ADDDATE": "2022-09-29", "ADDTENANT": "04000F", "ADDUSER": "pasco01", "EDITDATE": null, "EDITTENANT": "", "EDITUSER": ""}}, {"type": "Feature", "geometry": {"type": "Polygon", "coordinates": [[[141.45222155038323, 38.769997906039904], [141.45217373317908, 38.769928049320605], [141.4520374933321, 38.769782621131014], [141.45194391463735, 38.76970816427793], [141.45189289717496, 38.769667570855894], [141.45173984455468, 38.769572781105715], [141.45129484718623, 38.76977824131784], [141.45129457975392, 38.769830075411356], [141.45129319742406, 38.77009734871087], [141.4512973139049, 38.77013298325003], [141.4513179771012, 38.7703118428917], [141.45132381437458, 38.770493834035136], [141.4513454882152, 38.770681371989326], [141.45138086537565, 38.77079019072558], [141.45140612380447, 38.770890072086104], [141.45142524210684, 38.770942790120955], [141.45142973685546, 38.77096636965085], [141.4514284643939, 38.77098547433386], [141.45142864855146, 38.7710068145277], [141.45142858141116, 38.77100783559038], [141.45142737502388, 38.77102592912598], [141.45142177530775, 38.7710439314833], [141.4513790941274, 38.771093570079586], [141.4513585990929, 38.771116960143914], [141.4513581899598, 38.771117423562785], [141.45147565882138, 38.77107010922469], [141.4515178712608, 38.77103177022491], [141.4515941317612, 38.770721717637606], [141.45160537944588, 38.77067598754835], [141.45187523575547, 38.7703810958261], [141.45187727454902, 38.770378786866885], [141.45192387083216, 38.77029647822876], [141.45196183277872, 38.77025507421479], [141.45191973959035, 38.77019521219366], [141.45187592642444, 38.77013219263301], [141.4518760480425, 38.77013215054844], [141.45209532692235, 38.77005287098708], [141.4522216774223, 38.7699980918513], [141.45222155038323, 38.769997906039904]]]}, "properties": {"KEYCODE": "000205@B101@02@0016@0000@0000@0000", "小班": "16", "小班面積": 0.68, "林種": "人工林", "中樹種": "スギ", "林齢": 70, "齢級": 14, "所有形態": "個人", "ADDDATE": "2022-09-29", "ADDTENANT": "04000F", "ADDUSER": "pasco01", "EDITDATE": null, "EDITTENANT": "", "EDITUSER": ""}}, {"type": "Feature", "geometry": {"type": "Polygon", "coordinates": [[[141.45252893289438, 38.76910773507703], [141.45277953200366, 38.76903371795176], [141.4529978663112, 38.768915190842115], [141.45308957117237, 38.76889795704693], [141.45331489632377, 38.76875946729801], [141.45342728793273, 38.768658759677265], [141.45364738117837, 38.768476109308125], [141.45368064596695, 38.76844850336115], [141.45371618353073, 38.76841585837615], [141.4536682537824, 38.76831046004791], [141.4537261006757, 38.768226795477226], [141.45370123793396, 38.76820953487534], [141.4536462993669, 38.76817139362187], [141.45362260130386, 38.76815494122565], [141.45344210151075, 38.768041182466014], [141.45326735630331, 38.76792852712005], [141.45308672900128, 38.76780016505687], [141.45308397073202, 38.767802430105895], [141.45293122701614, 38.767927860945605], [141.45287675565953, 38.767940473880095], [141.45279779697873, 38.767946469817836], [141.45268717410826, 38.76794361469796], [141.4525521714299, 38.76794537597628], [141.45254338931093, 38.76794687293764], [141.45247758601784, 38.76795808808377], [141.4524159821821, 38.76797747724354], [141.452355893199, 38.76800584832653], [141.45228292757557, 38.76804102712869], [141.45219119012373, 38.76807476386295], [141.4521869825778, 38.76807630954678], [141.451792558716, 38.76814669563157], [141.45147570340762, 38.768216724207896], [141.45144297435846, 38.76825395991147], [141.45139431349415, 38.76827441520223], [141.4513297815705, 38.768288197722434], [141.4513946703365, 38.768660927444095], [141.45142419753256, 38.76892820670117], [141.45144416455582, 38.76891237967715], [141.4514656213981, 38.76890104111048], [141.4514885935516, 38.768899811516235], [141.4515087648956, 38.76890646239944], [141.45152750685912, 38.76891536225329], [141.4517784246449, 38.76905734468965], [141.451891977981, 38.76916162262307], [141.45183168433323, 38.76923106607475], [141.45173750837805, 38.76925540015857], [141.45170451333084, 38.76931278212953], [141.4517931531946, 38.76935283421769], [141.45177268589063, 38.769450670124115], [141.45173984455468, 38.769572781105715], [141.45189289717496, 38.769667570855894], [141.45194391463735, 38.76970816427793], [141.45241396555465, 38.769345237539824], [141.45241733549906, 38.76934263593778], [141.45236246607462, 38.769309189158804], [141.45234918511514, 38.76930065690745], [141.45232437633683, 38.7692847191369], [141.45233058666633, 38.769275629602184], [141.45234107392994, 38.76926089856647], [141.45236750578627, 38.769223767142186], [141.45238903631068, 38.769194463377225], [141.45241320326332, 38.769161572714886], [141.45252893289438, 38.76910773507703]]]}, "properties": {"KEYCODE": "000205@B101@02@0025@0000@0000@0000", "小班": "25", "小班面積": 2.3, "林種": "人工林", "中樹種": "スギ", "林齢": 65, "齢級": 13, "所有形態": "個人", "ADDDATE": "2022-09-29", "ADDTENANT": "04000F", "ADDUSER": "pasco01", "EDITDATE": null, "EDITTENANT": "", "EDITUSER": ""}}, {"type": "Feature", "geometry": {"type": "Polygon", "coordinates": [[[141.45147570340762, 38.768216724207896], [141.45140125720997, 38.76807438275216], [141.4513295619546, 38.76791741426561], [141.45140802131257, 38.767681094157844], [141.4512485273153, 38.767714379457075], [141.45114700000644, 38.76772951060426], [141.4511610596903, 38.76786427156456], [141.45119227745909, 38.76799109416314], [141.4512421728252, 38.768116701801524], [141.45129472031942, 38.76821757407617], [141.4513297815705, 38.768288197722434], [141.45139431349415, 38.76827441520223], [141.45144297435846, 38.76825395991147], [141.45147570340762, 38.768216724207896]]]}, "properties": {"KEYCODE": "000205@B101@02@0026@0000@0000@0000", "小班": "26", "小班面積": 0.11, "林種": "天然林", "中樹種": "その他L", "林齢": 65, "齢級": 13, "所有形態": "個人", "ADDDATE": "2022-09-29", "ADDTENANT": "04000F", "ADDUSER": "pasco01", "EDITDATE": null, "EDITTENANT": "", "EDITUSER": ""}}, {"type": "Feature", "geometry": {"type": "Polygon", "coordinates": [[[141.45142419753256, 38.76892820670117], [141.4513946703365, 38.768660927444095], [141.4513297815705, 38.768288197722434], [141.45129472031942, 38.76821757407617], [141.4512421728252, 38.768116701801524], [141.45119227745909, 38.76799109416314], [141.4511610596903, 38.76786427156456], [141.45114700000644, 38.76772951060426], [141.45088865394732, 38.76775431892787], [141.450848119471, 38.76775992763067], [141.45082982740402, 38.7677624584813], [141.45069048386367, 38.76775974510217], [141.45091740863106, 38.7679294603318], [141.45092764118664, 38.76794964114724], [141.4509278319346, 38.767973233543074], [141.45091664535434, 38.76800923725867], [141.4508996193657, 38.768035164745925], [141.45087244076717, 38.76804765054598], [141.45078915025059, 38.768050288778035], [141.45075330391364, 38.76805832580318], [141.45073900994063, 38.768066257073535], [141.45072905086909, 38.768077535671544], [141.450732011805, 38.76808876133334], [141.45074219587343, 38.76810331996732], [141.45076112889183, 38.76813468802971], [141.45078029491287, 38.76819415361083], [141.45079102388723, 38.76827499503069], [141.45078332049337, 38.76838402447306], [141.45075101409813, 38.76847181478277], [141.4507057453962, 38.76855517000737], [141.45053012949407, 38.76885262360179], [141.45051178091498, 38.768892035324214], [141.4505119830396, 38.76891562765728], [141.45052510758373, 38.76893916165919], [141.45055984342534, 38.76897046431347], [141.4506875931573, 38.76913165873016], [141.45088566603798, 38.76918646114116], [141.45089922780528, 38.76919021375707], [141.45094672236362, 38.769201232011056], [141.45097548280222, 38.769205594381404], [141.45099700581733, 38.76920324552892], [141.45102136862548, 38.76919526101336], [141.45104991703556, 38.769174903173415], [141.45109537718093, 38.76911401500021], [141.45113799927248, 38.76905763725066], [141.45117224411945, 38.76903051061382], [141.45121808025434, 38.769014566690515], [141.45126687735052, 38.7690098393863], [141.4513141403088, 38.76899388698054], [141.45134696488844, 38.76896901101759], [141.45142419753256, 38.76892820670117]]]}, "properties": {"KEYCODE": "000205@B101@02@0027@0000@0000@0000", "小班": "27", "小班面積": 0.8, "林種": "人工林", "中樹種": "スギ", "林齢": 109, "齢級": 22, "所有形態": "個人", "ADDDATE": "2022-09-29", "ADDTENANT": "04000F", "ADDUSER": "pasco01", "EDITDATE": null, "EDITTENANT": "", "EDITUSER": ""}}, {"type": "Feature", "geometry": {"type": "Polygon", "coordinates": [[[141.45114700000644, 38.76772951060426], [141.451136464481, 38.76767113548038], [141.45122239240268, 38.76764039331251], [141.45125485527777, 38.76762714706925], [141.45122818147482, 38.767620353942796], [141.45115525310723, 38.7675459295842], [141.45110036543505, 38.7675457647692], [141.45104236266002, 38.76754559026674], [141.45092354875274, 38.767668234691946], [141.45060857183688, 38.7676859507321], [141.45058982518913, 38.76768700648663], [141.4505756541047, 38.767677141810395], [141.4505500371276, 38.76765931155097], [141.45053358660974, 38.767647861629506], [141.45048828142242, 38.76765375846084], [141.4503287677829, 38.76767451933926], [141.4501373441266, 38.76765062283052], [141.45021712869797, 38.76766758260949], [141.45038851499788, 38.76772183035532], [141.45052519545987, 38.76774815967109], [141.4506086030044, 38.76775900823223], [141.45069048386367, 38.76775974510217], [141.45082982740402, 38.7677624584813], [141.450848119471, 38.76775992763067], [141.45088865394732, 38.76775431892787], [141.45114700000644, 38.76772951060426]]]}, "properties": {"KEYCODE": "000205@B101@02@0028@0000@0000@0000", "小班": "28", "小班面積": 0.09, "林種": "人工林", "中樹種": "スギ", "林齢": 89, "齢級": 18, "所有形態": "個人", "ADDDATE": "2022-09-29", "ADDTENANT": "04000F", "ADDUSER": "pasco01", "EDITDATE": null, "EDITTENANT": "", "EDITUSER": ""}}, {"type": "Feature", "geometry": {"type": "Polygon", "coordinates": [[[141.45009847498784, 38.76842206804498], [141.45013294009226, 38.76842077716555], [141.45017613826343, 38.76843406252649], [141.45028455700827, 38.768343662536374], [141.45032591332256, 38.76830864284514], [141.45036453009527, 38.76828823201737], [141.45040035547026, 38.7682790790195], [141.45042902052947, 38.76827108092087], [141.45044904868698, 38.76826087619548], [141.45047044440824, 38.76824391658075], [141.4504716728335, 38.76821807257457], [141.4504757265084, 38.76818770920071], [141.45049281016537, 38.76816965524779], [141.45054973582018, 38.7681064644174], [141.4503002132583, 38.76798404737335], [141.45026014183986, 38.76800108752203], [141.45020906435866, 38.76807660755439], [141.45018051425276, 38.76809808230447], [141.45014608800443, 38.76810386753191], [141.4501202985474, 38.76811185128663], [141.4501017485872, 38.768126542694596], [141.45008750292686, 38.76814009518303], [141.4500717619699, 38.76814690879638], [141.4499854773448, 38.76813607593489], [141.44997567177376, 38.76816533451932], [141.44997872931543, 38.768187795588595], [141.44998886370357, 38.768196732998035], [141.45000757628975, 38.7682022639248], [141.45009670689242, 38.76821083853529], [141.4500983096793, 38.76822992804041], [141.4500370200613, 38.76828752102679], [141.4499757418519, 38.76834511392054], [141.44992144190974, 38.76837907566305], [141.44989860461334, 38.768397159885716], [141.44988870228136, 38.76841518487643], [141.44989604696698, 38.76843424499377], [141.4499236189813, 38.76846782794838], [141.4499638369848, 38.76846764279002], [141.4500226049704, 38.76845275631599], [141.45006693376777, 38.76842895512771], [141.45009847498784, 38.76842206804498]]]}, "properties": {"KEYCODE": "000205@B101@02@0029@0000@0000@0000", "小班": "29", "小班面積": 0.15, "林種": "人工林", "中樹種": "ヒノキ類", "林齢": 46, "齢級": 10, "所有形態": "個人", "ADDDATE": "2022-09-29", "ADDTENANT": "04000F", "ADDUSER": "pasco01", "EDITDATE": null, "EDITTENANT": "", "EDITUSER": ""}}, {"type": "Feature", "geometry": {"type": "MultiPolygon", "coordinates": [[[[141.45044811694783, 38.76908986273675], [141.4506875931573, 38.76913165873016], [141.45055984342534, 38.76897046431347], [141.45052510758373, 38.76893916165919], [141.4505119830396, 38.76891562765728], [141.45051178091498, 38.768892035324214], [141.45053012949407, 38.76885262360179], [141.4507057453962, 38.76855517000737], [141.45075101409813, 38.76847181478277], [141.45078332049337, 38.76838402447306], [141.45079102388723, 38.76827499503069], [141.45078029491287, 38.76819415361083], [141.45076112889183, 38.76813468802971], [141.45074219587343, 38.76810331996732], [141.450732011805, 38.76808876133334], [141.45072905086909, 38.768077535671544], [141.45073900994063, 38.768066257073535], [141.45075330391364, 38.76805832580318], [141.45078915025059, 38.768050288778035], [141.45087244076717, 38.76804765054598], [141.4508996193657, 38.768035164745925], [141.45091664535434, 38.76800923725867], [141.4509278319346, 38.767973233543074], [141.45092764118664, 38.76794964114724], [141.45091740863106, 38.7679294603318], [141.45069048386367, 38.76775974510217], [141.4506086030044, 38.76775900823223], [141.45052519545987, 38.76774815967109], [141.45038851499788, 38.76772183035532], [141.45021712869797, 38.76766758260949], [141.4501373441266, 38.76765062283052], [141.45013614723132, 38.76765047329318], [141.45013586849095, 38.767650309000466], [141.45009536609268, 38.76762636448036], [141.45006053665162, 38.7675838226696], [141.45002575621933, 38.767626901167674], [141.44983104034003, 38.76765686411496], [141.44980690446397, 38.767748669587206], [141.44978927424265, 38.76775242830056], [141.44973686947637, 38.7679410627576], [141.44971211784863, 38.76794889590556], [141.4496721373122, 38.76804498845993], [141.44960620699965, 38.76814543129647], [141.44959195883192, 38.76816713048486], [141.4495326195788, 38.76822916332015], [141.4494523185137, 38.768471160274295], [141.4494662315367, 38.768539320322255], [141.44947717102704, 38.768624332773], [141.44947274742185, 38.76871756305083], [141.4494563375147, 38.76875967516699], [141.44942647769258, 38.768836310908995], [141.44939581500216, 38.76891500220058], [141.4493881324464, 38.76899018050419], [141.44938278291872, 38.7690425332784], [141.4493773888042, 38.76909532231758], [141.4495296703458, 38.7692121216761], [141.44961550397286, 38.76922951031825], [141.44967325745995, 38.769241211020336], [141.44969721475735, 38.7692502737517], [141.44970044993397, 38.76929846419743], [141.4496507408087, 38.769333914193666], [141.44967482960303, 38.76939971426684], [141.44979690953258, 38.76919748913092], [141.4498157798314, 38.769166228721936], [141.4498251287736, 38.76915074446465], [141.45005285475133, 38.76913657020314], [141.45025161352436, 38.76904432415465], [141.45044811694783, 38.76908986273675]], [[141.45044811694783, 38.76908986273675], [141.4506875931573, 38.76913165873016], [141.45055984342534, 38.76897046431347], [141.45052510758373, 38.76893916165919], [141.4505119830396, 38.76891562765728], [141.45051178091498, 38.768892035324214], [141.45053012949407, 38.76885262360179], [141.4507057453962, 38.76855517000737], [141.45075101409813, 38.76847181478277], [141.45078332049337, 38.76838402447306], [141.45079102388723, 38.76827499503069], [141.45078029491287, 38.76819415361083], [141.45076112889183, 38.76813468802971], [141.45074219587343, 38.76810331996732], [141.450732011805, 38.76808876133334], [141.45072905086909, 38.768077535671544], [141.45073900994063, 38.768066257073535], [141.45075330391364, 38.76805832580318], [141.45078915025059, 38.768050288778035], [141.45087244076717, 38.76804765054598], [141.4508996193657, 38.768035164745925], [141.45091664535434, 38.76800923725867], [141.4509278319346, 38.767973233543074], [141.45092764118664, 38.76794964114724], [141.45091740863106, 38.7679294603318], [141.45069048386367, 38.76775974510217], [141.4506086030044, 38.76775900823223], [141.45052519545987, 38.76774815967109], [141.45038851499788, 38.76772183035532], [141.45021712869797, 38.76766758260949], [141.4501373441266, 38.76765062283052], [141.45013614723132, 38.76765047329318], [141.45013586849095, 38.767650309000466], [141.45009536609268, 38.76762636448036], [141.45006053665162, 38.7675838226696], [141.45002575621933, 38.767626901167674], [141.44983104034003, 38.76765686411496], [141.44980690446397, 38.767748669587206], [141.44978927424265, 38.76775242830056], [141.44973686947637, 38.7679410627576], [141.44971211784863, 38.76794889590556], [141.4496721373122, 38.76804498845993], [141.44960620699965, 38.76814543129647], [141.44959195883192, 38.76816713048486], [141.4495326195788, 38.76822916332015], [141.4494523185137, 38.768471160274295], [141.4494662315367, 38.768539320322255], [141.44947717102704, 38.768624332773], [141.44947274742185, 38.76871756305083], [141.4494563375147, 38.76875967516699], [141.44942647769258, 38.768836310908995], [141.44939581500216, 38.76891500220058], [141.4493881324464, 38.76899018050419], [141.44938278291872, 38.7690425332784], [141.4493773888042, 38.76909532231758], [141.4495296703458, 38.7692121216761], [141.44961550397286, 38.76922951031825], [141.44967325745995, 38.769241211020336], [141.44969721475735, 38.7692502737517], [141.44970044993397, 38.76929846419743], [141.4496507408087, 38.769333914193666], [141.44967482960303, 38.76939971426684], [141.44979690953258, 38.76919748913092], [141.4498157798314, 38.769166228721936], [141.4498251287736, 38.76915074446465], [141.45005285475133, 38.76913657020314], [141.45025161352436, 38.76904432415465], [141.45044811694783, 38.76908986273675]]], [[[141.45009847498784, 38.76842206804498], [141.45006693376777, 38.76842895512771], [141.4500226049704, 38.76845275631599], [141.4499638369848, 38.76846764279002], [141.4499236189813, 38.76846782794838], [141.44989604696698, 38.76843424499377], [141.44988870228136, 38.76841518487643], [141.44989860461334, 38.768397159885716], [141.44992144190974, 38.76837907566305], [141.4499757418519, 38.76834511392054], [141.4500370200613, 38.76828752102679], [141.4500983096793, 38.76822992804041], [141.45009670689242, 38.76821083853529], [141.45000757628975, 38.7682022639248], [141.44998886370357, 38.768196732998035], [141.44997872931543, 38.768187795588595], [141.44997567177376, 38.76816533451932], [141.4499854773448, 38.76813607593489], [141.4500717619699, 38.76814690879638], [141.45008750292686, 38.76814009518303], [141.4501017485872, 38.768126542694596], [141.4501202985474, 38.76811185128663], [141.45014608800443, 38.76810386753191], [141.45018051425276, 38.76809808230447], [141.45020906435866, 38.76807660755439], [141.45026014183986, 38.76800108752203], [141.4503002132583, 38.76798404737335], [141.45054973582018, 38.7681064644174], [141.45049281016537, 38.76816965524779], [141.4504757265084, 38.76818770920071], [141.4504716728335, 38.76821807257457], [141.45047044440824, 38.76824391658075], [141.45044904868698, 38.76826087619548], [141.45042902052947, 38.76827108092087], [141.45040035547026, 38.7682790790195], [141.45036453009527, 38.76828823201737], [141.45032591332256, 38.76830864284514], [141.45028455700827, 38.768343662536374], [141.45017613826343, 38.76843406252649], [141.45013294009226, 38.76842077716555], [141.45009847498784, 38.76842206804498]]]]}, "properties": {"KEYCODE": "000205@B101@02@0030@0000@0000@0000", "小班": "30", "小班面積": 1.5, "林種": "人工林", "中樹種": "スギ", "林齢": 65, "齢級": 13, "所有形態": "個人", "ADDDATE": "2022-09-29", "ADDTENANT": "04000F", "ADDUSER": "pasco01", "EDITDATE": null, "EDITTENANT": "", "EDITUSER": ""}}, {"type": "Feature", "geometry": {"type": "Polygon", "coordinates": [[[141.44950567144824, 38.769856250066816], [141.449504062206, 38.7698371993307], [141.44950200065432, 38.76981279068606], [141.44944526725783, 38.76981993023382], [141.44932040406422, 38.7698492898454], [141.4492831019456, 38.769853963865074], [141.4492587489947, 38.769861938957746], [141.44917706157207, 38.769896292425315], [141.44914798189603, 38.769943025248985], [141.44911745889397, 38.769994952091224], [141.44910589502197, 38.77002281627348], [141.44907686859833, 38.77009543315745], [141.4490572094712, 38.770154539591765], [141.44904220359263, 38.770199538802444], [141.4490361265434, 38.770217765183055], [141.44901888576965, 38.7702752066381], [141.4490247773698, 38.77027931608921], [141.44913201785354, 38.77035414923648], [141.44916193265945, 38.77035808525351], [141.4492198532746, 38.77036570426479], [141.44936794001984, 38.77038518479558], [141.44943170591935, 38.77041613655953], [141.4494140722123, 38.770297952631196], [141.44941182216942, 38.77028266738783], [141.44940762636625, 38.77024974397517], [141.4493957451845, 38.770150797041666], [141.44939507989122, 38.770151314956564], [141.44939067193218, 38.77011673592493], [141.44940326119314, 38.77007912228854], [141.4494795413804, 38.769851206810216], [141.44950567144824, 38.769856250066816]]]}, "properties": {"KEYCODE": "000205@B101@02@0031@0000@0000@0000", "小班": "31", "小班面積": 0.17, "林種": "天然林", "中樹種": "その他L", "林齢": 70, "齢級": 14, "所有形態": "個人", "ADDDATE": "2022-09-29", "ADDTENANT": "04000F", "ADDUSER": "pasco01", "EDITDATE": null, "EDITTENANT": "", "EDITUSER": ""}}, {"type": "Feature", "geometry": {"type": "Polygon", "coordinates": [[[141.449504062206, 38.7698371993307], [141.44950567144824, 38.769856250066816], [141.4494159060129, 38.77012035060876], [141.4494270362884, 38.77020370529931], [141.4495909814371, 38.770109619596695], [141.44963805706467, 38.770045554146904], [141.44966790926, 38.770009460238285], [141.44969785997887, 38.76998348189129], [141.44970520736805, 38.769976498184484], [141.44953777517463, 38.76971870324928], [141.44950416112076, 38.76983719340387], [141.449504062206, 38.7698371993307]]]}, "properties": {"KEYCODE": "000205@B101@02@0031@0001@0000@0000", "小班": "31-1", "小班面積": 0.07, "林種": "天然林", "中樹種": "その他L", "林齢": 70, "齢級": 14, "所有形態": "個人", "ADDDATE": "2022-09-29", "ADDTENANT": "04000F", "ADDUSER": "pasco01", "EDITDATE": null, "EDITTENANT": "", "EDITUSER": ""}}, {"type": "Feature", "geometry": {"type": "Polygon", "coordinates": [[[141.45305534565384, 38.76748232908215], [141.4529685542385, 38.767237795867416], [141.4528925675357, 38.76726934066274], [141.45282085972022, 38.76725065253297], [141.45272839337113, 38.76729643034267], [141.45265234407978, 38.767303984616554], [141.45253239536015, 38.76734037468072], [141.4524400328717, 38.76739807138594], [141.4523447330264, 38.76745530430204], [141.45232190600137, 38.76746901242113], [141.45223266143455, 38.76748526232656], [141.45201545380326, 38.767520709207055], [141.45199754434654, 38.76753235431936], [141.4519448594135, 38.76756659583704], [141.45177399628992, 38.76758650165263], [141.4514342675713, 38.76762606413587], [141.45140802131257, 38.767681094157844], [141.4513295619546, 38.76791741426561], [141.45140125720997, 38.76807438275216], [141.45149870702465, 38.768048082998114], [141.45165205769567, 38.76800691193835], [141.451834112917, 38.7679622365649], [141.4520203938042, 38.767908547658955], [141.45213341095047, 38.7678540851335], [141.45214752214514, 38.767823686468915], [141.45214875961753, 38.76779896040138], [141.4521441357681, 38.76776190425852], [141.45214810255325, 38.767721434203665], [141.4521679368455, 38.767687635905794], [141.45218784809157, 38.7676639460818], [141.45221504631115, 38.767652576074724], [141.45224520569897, 38.767652434386406], [141.4522768919862, 38.76766240069599], [141.4523158526553, 38.767684689580314], [141.45236656965105, 38.76773725725191], [141.45305534565384, 38.76748232908215]]]}, "properties": {"KEYCODE": "000205@B101@02@0032@0000@0000@0000", "小班": "32", "小班面積": 0.54, "林種": "人工林", "中樹種": "スギ", "林齢": 62, "齢級": 13, "所有形態": "個人", "ADDDATE": "2022-09-29", "ADDTENANT": "04000F", "ADDUSER": "pasco01", "EDITDATE": null, "EDITTENANT": "", "EDITUSER": ""}}, {"type": "Feature", "geometry": {"type": "Polygon", "coordinates": [[[141.45308672900128, 38.76780016505687], [141.4530958032063, 38.76768213731313], [141.45308353611216, 38.76759006025463], [141.45305534565384, 38.76748232908215], [141.45236656965105, 38.76773725725191], [141.4523158526553, 38.767684689580314], [141.4522768919862, 38.76766240069599], [141.45224520569897, 38.767652434386406], [141.45221504631115, 38.767652576074724], [141.45218784809157, 38.7676639460818], [141.4521679368455, 38.767687635905794], [141.45214810255325, 38.767721434203665], [141.4521441357681, 38.76776190425852], [141.45214875961753, 38.76779896040138], [141.45214752214514, 38.767823686468915], [141.45213341095047, 38.7678540851335], [141.4520203938042, 38.767908547658955], [141.451834112917, 38.7679622365649], [141.45165205769567, 38.76800691193835], [141.45149870702465, 38.768048082998114], [141.45140125720997, 38.76807438275216], [141.45147570340762, 38.768216724207896], [141.451792558716, 38.76814669563157], [141.4521869825778, 38.76807630954678], [141.45219119012373, 38.76807476386295], [141.45228292757557, 38.76804102712869], [141.452355893199, 38.76800584832653], [141.4524159821821, 38.76797747724354], [141.45247758601784, 38.76795808808377], [141.45254338931093, 38.76794687293764], [141.4525521714299, 38.76794537597628], [141.45268717410826, 38.76794361469796], [141.45279779697873, 38.767946469817836], [141.45287675565953, 38.767940473880095], [141.45293122701614, 38.767927860945605], [141.45308397073202, 38.767802430105895], [141.45308672900128, 38.76780016505687]]]}, "properties": {"KEYCODE": "000205@B101@02@0033@0000@0000@0000", "小班": "33", "小班面積": 0.43, "林種": "天然林", "中樹種": "マツ類", "林齢": 74, "齢級": 15, "所有形態": "個人", "ADDDATE": "2022-09-29", "ADDTENANT": "04000F", "ADDUSER": "pasco01", "EDITDATE": null, "EDITTENANT": "", "EDITUSER": ""}}, {"type": "Feature", "geometry": {"type": "Polygon", "coordinates": [[[141.44637042395405, 38.77386822173321], [141.44631866407673, 38.773863495096066], [141.44612840065574, 38.77386238750784], [141.44611769494722, 38.773907767372854], [141.446081863019, 38.773980303848155], [141.44606918032756, 38.77400283941815], [141.44605575002979, 38.77403188332548], [141.4460332123597, 38.774066749677054], [141.44602318794412, 38.774084563259116], [141.44600239923759, 38.77411442050124], [141.44599707460245, 38.77412265821695], [141.4459965421039, 38.77412283217735], [141.44599593615854, 38.774123702910124], [141.44588005549528, 38.774161671106484], [141.44564507635258, 38.774197664178445], [141.44544082590136, 38.7742205176307], [141.44526055272533, 38.77424536227234], [141.44526212070147, 38.77430226322524], [141.44535116892294, 38.774289734026276], [141.44547658959564, 38.77430430398225], [141.4456184412119, 38.77428459537809], [141.44576697315833, 38.77426096155572], [141.44591352855426, 38.774208077028455], [141.44601500920308, 38.774189248005165], [141.44610716622944, 38.77414734195825], [141.4461760243361, 38.77410339588347], [141.44624216575423, 38.77402844640468], [141.44627636977447, 38.77395195270537], [141.44630987398315, 38.773934885310354], [141.446330362506, 38.77391421325109], [141.44636573732242, 38.77387852095704], [141.44637042395405, 38.77386822173321]]]}, "properties": {"KEYCODE": "000205@B101@03@0003@0000@0000@0000", "小班": "3", "小班面積": 0.11, "林種": "人工林", "中樹種": "スギ", "林齢": 75, "齢級": 15, "所有形態": "個人", "ADDDATE": "2022-09-29", "ADDTENANT": "04000F", "ADDUSER": "pasco01", "EDITDATE": null, "EDITTENANT": "", "EDITUSER": ""}}, {"type": "Feature", "geometry": {"type": "Polygon", "coordinates": [[[141.44588841509423, 38.77455481670838], [141.44605778641034, 38.774532199397754], [141.44620769525594, 38.77451718741201], [141.44627659627938, 38.774449581006756], [141.4463461468261, 38.77439320163599], [141.4464066552972, 38.77434759564194], [141.44647029028891, 38.77431150732213], [141.4465081461229, 38.77428747298797], [141.44655820108082, 38.7742657574832], [141.44660216721957, 38.774244074809175], [141.4466300471614, 38.7742385420901], [141.44664857452236, 38.77421019478346], [141.4466940678449, 38.77413826688392], [141.44672161105163, 38.77409248328684], [141.44675333404828, 38.774037563449674], [141.44679552243855, 38.77396031598919], [141.44681002081614, 38.77392285749218], [141.44681221338303, 38.773916301924565], [141.44681336689754, 38.773912853572256], [141.44682378222095, 38.773881721829085], [141.44682835723322, 38.7738386515309], [141.44670160096354, 38.773779734758136], [141.446667477137, 38.77370602112049], [141.44661486939725, 38.77360737776938], [141.4465719591175, 38.773595478771256], [141.44648896961718, 38.77365972418332], [141.44646344825924, 38.77370038007147], [141.44646121483166, 38.77377556197625], [141.44643943567527, 38.77378849768764], [141.44639457434045, 38.77381514529278], [141.44637042395405, 38.77386822173321], [141.44636573732242, 38.77387852095704], [141.446330362506, 38.77391421325109], [141.44630987398315, 38.773934885310354], [141.44627636977447, 38.77395195270537], [141.44624216575423, 38.77402844640468], [141.4461760243361, 38.77410339588347], [141.44610716622944, 38.77414734195825], [141.44601500920308, 38.774189248005165], [141.44591352855426, 38.774208077028455], [141.44576697315833, 38.77426096155572], [141.4456184412119, 38.77428459537809], [141.44547658959564, 38.77430430398225], [141.44535116892294, 38.774289734026276], [141.44526212070147, 38.77430226322524], [141.44523629239166, 38.77443115352526], [141.44520567307697, 38.77448677166768], [141.4451685919069, 38.77455412798167], [141.44511927659875, 38.774536404404195], [141.44503587562443, 38.77458495744801], [141.44511462321398, 38.77455479789129], [141.44520019493982, 38.774570403752364], [141.44527151942506, 38.77458184997353], [141.44537019989755, 38.77459348622047], [141.44545317306083, 38.774595889462574], [141.4457154252545, 38.77456341688381], [141.44588841509423, 38.77455481670838]]]}, "properties": {"KEYCODE": "000205@B101@03@0004@0000@0000@0000", "小班": "4", "小班面積": 0.6, "林種": "人工林", "中樹種": "スギ", "林齢": 57, "齢級": 12, "所有形態": "個人", "ADDDATE": "2022-09-29", "ADDTENANT": "04000F", "ADDUSER": "pasco01", "EDITDATE": null, "EDITTENANT": "", "EDITUSER": ""}}, {"type": "Feature", "geometry": {"type": "Polygon", "coordinates": [[[141.44643943567527, 38.77378849768764], [141.44644106066966, 38.77376040484568], [141.4464291645839, 38.77372451366964], [141.44638711584835, 38.773691059014745], [141.4463441421981, 38.77368211067747], [141.44632525838873, 38.77370874451507], [141.44622105930057, 38.77373983474994], [141.44620348959336, 38.77374507637042], [141.44619079653387, 38.77373572864178], [141.44612840065574, 38.77386238750784], [141.44631866407673, 38.773863495096066], [141.44637042395405, 38.77386822173321], [141.44639457434045, 38.77381514529278], [141.44643943567527, 38.77378849768764]]]}, "properties": {"KEYCODE": "000205@B101@03@0004@0001@0000@0000", "小班": "4-1", "小班面積": 0.04, "林種": "人工林", "中樹種": "スギ", "林齢": 58, "齢級": 12, "所有形態": "個人", "ADDDATE": "2022-09-29", "ADDTENANT": "04000F", "ADDUSER": "pasco01", "EDITDATE": null, "EDITTENANT": "", "EDITUSER": ""}}, {"type": "Feature", "geometry": {"type": "Polygon", "coordinates": [[[141.44630594800273, 38.77450734881889], [141.44653257345038, 38.77435168271275], [141.4465818146972, 38.77431785901462], [141.4466128341095, 38.77426488162221], [141.4466300471614, 38.7742385420901], [141.44660216721957, 38.774244074809175], [141.44655820108082, 38.7742657574832], [141.4465081461229, 38.77428747298797], [141.44647029028891, 38.77431150732213], [141.4464066552972, 38.77434759564194], [141.4463461468261, 38.77439320163599], [141.44627659627938, 38.774449581006756], [141.44620769525594, 38.77451718741201], [141.44624730774163, 38.774513221162806], [141.44630594800273, 38.77450734881889]]]}, "properties": {"KEYCODE": "000205@B101@03@0005@0000@0000@0000", "小班": "5", "小班面積": 0.03, "林種": "天然林", "中樹種": "その他L", "林齢": 83, "齢級": 17, "所有形態": "個人", "ADDDATE": "2022-09-29", "ADDTENANT": "04000F", "ADDUSER": "pasco01", "EDITDATE": null, "EDITTENANT": "", "EDITUSER": ""}}, {"type": "Feature", "geometry": {"type": "Polygon", "coordinates": [[[141.44526212070147, 38.77430226322524], [141.445147041376, 38.77431758625644], [141.4450340232078, 38.77432361922871], [141.44482673187073, 38.774317920332166], [141.44481553622163, 38.774319501413416], [141.44477430938542, 38.77435409504153], [141.44486733841418, 38.77442632805444], [141.4448544331809, 38.77444334130588], [141.44503587562443, 38.77458495744801], [141.44511927659875, 38.774536404404195], [141.4451685919069, 38.77455412798167], [141.44520567307697, 38.77448677166768], [141.44523629239166, 38.77443115352526], [141.44526212070147, 38.77430226322524]]]}, "properties": {"KEYCODE": "000205@B101@03@0008@0000@0000@0000", "小班": "8", "小班面積": 0.09, "林種": "人工林", "中樹種": "スギ", "林齢": 115, "齢級": 23, "所有形態": "個人", "ADDDATE": "2022-09-29", "ADDTENANT": "04000F", "ADDUSER": "pasco01", "EDITDATE": null, "EDITTENANT": "", "EDITUSER": ""}}, {"type": "Feature", "geometry": {"type": "Polygon", "coordinates": [[[141.44566101635863, 38.775514139805495], [141.44563552718193, 38.77549542765905], [141.44563186079546, 38.775467996784165], [141.44562126864065, 38.77546238028228], [141.44560116065546, 38.7754517173048], [141.44551055404784, 38.77540367728838], [141.44538784329325, 38.77545958413738], [141.44551581395515, 38.7755884454679], [141.44552481913774, 38.77558383619481], [141.44566101635863, 38.775514139805495]]]}, "properties": {"KEYCODE": "000205@B101@03@0008@0001@0000@0000", "小班": "8-1", "小班面積": 0.03, "林種": "天然林", "中樹種": "その他L", "林齢": 45, "齢級": 9, "所有形態": "個人", "ADDDATE": "2022-09-29", "ADDTENANT": "04000F", "ADDUSER": "pasco01", "EDITDATE": null, "EDITTENANT": "", "EDITUSER": ""}}, {"type": "Feature", "geometry": {"type": "Polygon", "coordinates": [[[141.44536850327168, 38.77527309061019], [141.4453403153979, 38.77520251844588], [141.44530013606757, 38.77513346760569], [141.4452370389928, 38.77514350056427], [141.4451908495095, 38.77515345397975], [141.4452232056494, 38.775221472859364], [141.4452703558776, 38.77532516153808], [141.44536850327168, 38.77527309061019]]]}, "properties": {"KEYCODE": "000205@B101@03@0008@0003@0000@0000", "小班": "8-3", "小班面積": 0.02, "林種": "天然林", "中樹種": "その他L", "林齢": 45, "齢級": 9, "所有形態": "個人", "ADDDATE": "2022-09-29", "ADDTENANT": "04000F", "ADDUSER": "pasco01", "EDITDATE": null, "EDITTENANT": "", "EDITUSER": ""}}, {"type": "Feature", "geometry": {"type": "Polygon", "coordinates": [[[141.44595559240287, 38.775430676374924], [141.44598463713993, 38.775458595815316], [141.44598553612875, 38.775460095586986], [141.44600074889402, 38.77548547495571], [141.44601264391915, 38.77552136617], [141.44603600472055, 38.77555494504942], [141.4460736605102, 38.77558168420127], [141.44612863475297, 38.775615051361555], [141.4461417452369, 38.77563413911605], [141.44615784839488, 38.77565758138793], [141.44615813869063, 38.77568343537503], [141.44620246604578, 38.775664040118116], [141.44622094269647, 38.77564705245776], [141.44623654319741, 38.77562897178501], [141.4462435952671, 38.77561655568722], [141.44624337304637, 38.77559744900048], [141.44623750216914, 38.77558624660717], [141.44622576421094, 38.775564957100094], [141.4461592646639, 38.77552828920558], [141.446050737857, 38.775459293408815], [141.446011734013, 38.77544043508474], [141.44595559240287, 38.775430676374924]]]}, "properties": {"KEYCODE": "000205@B101@03@0009@0000@0000@0000", "小班": "9", "小班面積": 0.03, "林種": "人工林", "中樹種": "スギ", "林齢": 79, "齢級": 16, "所有形態": "個人", "ADDDATE": "2022-09-29", "ADDTENANT": "04000F", "ADDUSER": "pasco01", "EDITDATE": null, "EDITTENANT": "", "EDITUSER": ""}}, {"type": "Feature", "geometry": {"type": "Polygon", "coordinates": [[[141.44582132775787, 38.775929600472914], [141.44582946651238, 38.77588464130425], [141.4458373623778, 38.77584102212847], [141.44586891966546, 38.775759026297436], [141.44589409225546, 38.77569361865583], [141.44579264178924, 38.775750409071065], [141.4456503485067, 38.77583185811557], [141.44569606215245, 38.77587509548766], [141.44570280415857, 38.77600405842847], [141.44582132775787, 38.775929600472914]]]}, "properties": {"KEYCODE": "000205@B101@03@0010@0000@0000@0000", "小班": "10", "小班面積": 0.04, "林種": "天然林", "中樹種": "その他L", "林齢": 103, "齢級": 21, "所有形態": "個人", "ADDDATE": "2022-09-29", "ADDTENANT": "04000F", "ADDUSER": "pasco01", "EDITDATE": null, "EDITTENANT": "", "EDITUSER": ""}}, {"type": "Feature", "geometry": {"type": "Polygon", "coordinates": [[[141.44579264178924, 38.775750409071065], [141.44589409225546, 38.77569361865583], [141.4458423966569, 38.775627800401814], [141.4458235832475, 38.77563758355769], [141.44564061930538, 38.77572204569764], [141.44572161124083, 38.775790169956565], [141.44579264178924, 38.775750409071065]]]}, "properties": {"KEYCODE": "000205@B101@03@0011@0001@0000@0000", "小班": "11-1", "小班面積": 0.02, "林種": "人工林", "中樹種": "スギ", "林齢": 103, "齢級": 21, "所有形態": "個人", "ADDDATE": "2022-09-29", "ADDTENANT": "04000F", "ADDUSER": "pasco01", "EDITDATE": null, "EDITTENANT": "", "EDITUSER": ""}}, {"type": "Feature", "geometry": {"type": "Polygon", "coordinates": [[[141.4458235832475, 38.77563758355769], [141.44566101635863, 38.775514139805495], [141.44552481913774, 38.77558383619481], [141.44551581395515, 38.7755884454679], [141.44554386857166, 38.77561565940263], [141.4456051811415, 38.77568411475783], [141.44564061930538, 38.77572204569764], [141.4458235832475, 38.77563758355769]]]}, "properties": {"KEYCODE": "000205@B101@03@0011@0000@0000@0000", "小班": "11", "小班面積": 0.04, "林種": "人工林", "中樹種": "スギ", "林齢": 103, "齢級": 21, "所有形態": "個人", "ADDDATE": "2022-09-29", "ADDTENANT": "04000F", "ADDUSER": "pasco01", "EDITDATE": null, "EDITTENANT": "", "EDITUSER": ""}}, {"type": "Feature", "geometry": {"type": "Polygon", "coordinates": [[[141.44662469083144, 38.775678715010784], [141.44648216668043, 38.775558601413294], [141.44644935957297, 38.775530952283226], [141.44629634753102, 38.77561364571829], [141.4462483354268, 38.775636834158966], [141.44647412873124, 38.7758217463608], [141.4465687823451, 38.77573182660161], [141.44662469083144, 38.775678715010784]]]}, "properties": {"KEYCODE": "000205@B101@03@0013@0000@0000@0000", "小班": "13", "小班面積": 0.06, "林種": "人工林", "中樹種": "スギ", "林齢": 106, "齢級": 22, "所有形態": "個人", "ADDDATE": "2022-09-29", "ADDTENANT": "04000F", "ADDUSER": "pasco01", "EDITDATE": null, "EDITTENANT": "", "EDITUSER": ""}}, {"type": "Feature", "geometry": {"type": "Polygon", "coordinates": [[[141.44615813869063, 38.77568343537503], [141.44615784839488, 38.77565758138793], [141.4461417452369, 38.77563413911605], [141.44612863475297, 38.775615051361555], [141.4460736605102, 38.77558168420127], [141.44603600472055, 38.77555494504942], [141.44601264391915, 38.77552136617], [141.44600074889402, 38.77548547495571], [141.44598553612875, 38.775460095586986], [141.44598463713993, 38.775458595815316], [141.44595559240287, 38.775430676374924], [141.44596183307036, 38.775293272520585], [141.44596875294175, 38.77522786774748], [141.446069818276, 38.775102493622256], [141.44613852043327, 38.77501775343831], [141.44620704879387, 38.77491299276884], [141.4462547208619, 38.774877828808435], [141.44625616748155, 38.7748771572664], [141.4463688931915, 38.774824904537134], [141.44640709537825, 38.77481225565646], [141.44645600573452, 38.774796062343704], [141.4464555014845, 38.77476579602117], [141.446453727718, 38.77472865807152], [141.44645071965778, 38.77466564135419], [141.44645118156316, 38.77463934288267], [141.44645141227747, 38.774626098604344], [141.4464521519979, 38.774583723212174], [141.44645269838753, 38.774552506344065], [141.4463529453539, 38.77454626395371], [141.44630594800273, 38.77450734881889], [141.44624730774163, 38.774513221162806], [141.44620769525594, 38.77451718741201], [141.44605778641034, 38.774532199397754], [141.44588841509423, 38.77455481670838], [141.44586750158305, 38.774586788965294], [141.44575234851098, 38.77476282526973], [141.4456346922866, 38.77494268893565], [141.44559470508727, 38.77500381654323], [141.44539952689274, 38.77530218810668], [141.44550588075526, 38.77539940723063], [141.44550972238451, 38.775402916790135], [141.44551055404784, 38.77540367728838], [141.44560116065546, 38.7754517173048], [141.44562126864065, 38.77546238028228], [141.44563186079546, 38.775467996784165], [141.4458423966569, 38.775627800401814], [141.44593217716138, 38.77558216916514], [141.44599759180295, 38.775634894012704], [141.44612302808295, 38.77573599715781], [141.44615813869063, 38.77568343537503]]]}, "properties": {"KEYCODE": "000205@B101@03@0014@0000@0000@0000", "小班": "14", "小班面積": 0.57, "林種": "天然林", "中樹種": "その他L", "林齢": 51, "齢級": 11, "所有形態": "個人", "ADDDATE": "2022-09-29", "ADDTENANT": "04000F", "ADDUSER": "pasco01", "EDITDATE": null, "EDITTENANT": "", "EDITUSER": ""}}, {"type": "Feature", "geometry": {"type": "Polygon", "coordinates": [[[141.44686941278013, 38.77552060378814], [141.4472091755091, 38.775346088573755], [141.44721131244052, 38.775344990877045], [141.44750126964033, 38.775227009540025], [141.44750806178928, 38.775224171180284], [141.44750820218573, 38.7752237677451], [141.44741516894214, 38.775163822298694], [141.44748101399415, 38.77511729222969], [141.44770737525343, 38.77495733431772], [141.44752452653623, 38.77492366704228], [141.447318707593, 38.77489126428914], [141.44729050282402, 38.774891014271255], [141.44699427945633, 38.77488923589318], [141.44676466492348, 38.774949818937024], [141.44663552755077, 38.77492351327334], [141.44656778470082, 38.77512181657243], [141.4465920229875, 38.77517251123069], [141.4466756854588, 38.77532935567116], [141.44675781702867, 38.77547833341275], [141.44681064619908, 38.77555857304532], [141.44686941278013, 38.77552060378814]]]}, "properties": {"KEYCODE": "000205@B101@03@0014@0001@0000@0000", "小班": "14-1", "小班面積": 0.43, "林種": "天然林", "中樹種": "その他L", "林齢": 51, "齢級": 11, "所有形態": "個人", "ADDDATE": "2022-09-29", "ADDTENANT": "04000F", "ADDUSER": "pasco01", "EDITDATE": null, "EDITTENANT": "", "EDITUSER": ""}}, {"type": "Feature", "geometry": {"type": "Polygon", "coordinates": [[[141.4462987864086, 38.7759783118136], [141.44631933651718, 38.77596006102777], [141.4464667435271, 38.77583019940815], [141.44647412873124, 38.7758217463608], [141.4462483354268, 38.775636834158966], [141.44622050819044, 38.7757053395408], [141.44625687854008, 38.775790426933135], [141.4461864877507, 38.775854488923066], [141.44612912420868, 38.77589725582045], [141.4460671440178, 38.77594346486686], [141.4460793289952, 38.77595391435257], [141.44608461431014, 38.775958282978316], [141.44611122754554, 38.775981764742056], [141.44619686039718, 38.77606883704967], [141.4462987864086, 38.7759783118136]]]}, "properties": {"KEYCODE": "000205@B101@03@0015@0001@0000@0000", "小班": "15-1", "小班面積": 0.07, "林種": "人工林", "中樹種": "スギ", "林齢": 77, "齢級": 16, "所有形態": "個人", "ADDDATE": "2022-09-29", "ADDTENANT": "04000F", "ADDUSER": "pasco01", "EDITDATE": null, "EDITTENANT": "", "EDITUSER": ""}}, {"type": "Feature", "geometry": {"type": "Polygon", "coordinates": [[[141.4462483354268, 38.775636834158966], [141.44629634753102, 38.77561364571829], [141.44644935957297, 38.775530952283226], [141.44648216668043, 38.775558601413294], [141.44662469083144, 38.775678715010784], [141.4466728707742, 38.77564758780368], [141.44681064619908, 38.77555857304532], [141.44675781702867, 38.77547833341275], [141.4466756854588, 38.77532935567116], [141.4465920229875, 38.77517251123069], [141.44656778470082, 38.77512181657243], [141.44663552755077, 38.77492351327334], [141.44663342243513, 38.774923084686826], [141.44664674722353, 38.774857003024714], [141.4466542772622, 38.77481965229125], [141.4464631266391, 38.77483753794798], [141.446456708921, 38.77483813917736], [141.44645642318397, 38.774821029191784], [141.44645600573452, 38.774796062343704], [141.44640709537825, 38.77481225565646], [141.4463688931915, 38.774824904537134], [141.44625616748155, 38.7748771572664], [141.4462547208619, 38.774877828808435], [141.44620704879387, 38.77491299276884], [141.44613852043327, 38.77501775343831], [141.446069818276, 38.775102493622256], [141.44596875294175, 38.77522786774748], [141.44596183307036, 38.775293272520585], [141.44595559240287, 38.775430676374924], [141.446011734013, 38.77544043508474], [141.446050737857, 38.775459293408815], [141.4461592646639, 38.77552828920558], [141.44622576421094, 38.775564957100094], [141.44623750216914, 38.77558624660717], [141.44624337304637, 38.77559744900048], [141.4462435952671, 38.77561655568722], [141.44623654319741, 38.77562897178501], [141.44622094269647, 38.77564705245776], [141.44620246604578, 38.775664040118116], [141.44615813869063, 38.77568343537503], [141.44612302808295, 38.77573599715781], [141.44615034338753, 38.77575801308995], [141.446122254592, 38.775844654710504], [141.4461864877507, 38.775854488923066], [141.44625687854008, 38.775790426933135], [141.44622050819044, 38.7757053395408], [141.4462483354268, 38.775636834158966]]]}, "properties": {"KEYCODE": "000205@B101@03@0015@0000@0000@0000", "小班": "15", "小班面積": 0.45, "林種": "人工林", "中樹種": "スギ", "林齢": 77, "齢級": 16, "所有形態": "個人", "ADDDATE": "2022-09-29", "ADDTENANT": "04000F", "ADDUSER": "pasco01", "EDITDATE": null, "EDITTENANT": "", "EDITUSER": ""}}, {"type": "Feature", "geometry": {"type": "Polygon", "coordinates": [[[141.44857446318582, 38.77413276932196], [141.44857390413358, 38.77413253082677], [141.44858771335598, 38.774464256429845], [141.4487814000183, 38.77446752753814], [141.44892308486482, 38.774372389779025], [141.44917331764145, 38.7743653507967], [141.44943107165233, 38.774286272587], [141.4494381424188, 38.77427610932027], [141.44944371599533, 38.77426033330003], [141.4494348343015, 38.774237911952596], [141.44941020567282, 38.77421896095841], [141.4492573498976, 38.77416936370888], [141.44908404280585, 38.77418132995464], [141.44895614754282, 38.77418057312044], [141.44879577656437, 38.77422718384841], [141.44857446318582, 38.77413276932196]]]}, "properties": {"KEYCODE": "000205@B101@03@0016@0000@0000@0000", "小班": "16", "小班面積": 0.17, "林種": "人工林", "中樹種": "カラマツ", "林齢": 70, "齢級": 14, "所有形態": "個人", "ADDDATE": "2022-09-29", "ADDTENANT": "04000F", "ADDUSER": "pasco01", "EDITDATE": null, "EDITTENANT": "", "EDITUSER": ""}}, {"type": "Feature", "geometry": {"type": "Polygon", "coordinates": [[[141.44989424063968, 38.77421075977427], [141.44989626106542, 38.77413037000389], [141.4498975210327, 38.77398758236985], [141.44990621248263, 38.77386611650417], [141.44993036802825, 38.773754862605884], [141.4498797902311, 38.77373627113272], [141.44968907635047, 38.77365497187599], [141.44960872086727, 38.77360746833967], [141.44942779501613, 38.77346110888487], [141.4493228110417, 38.773407032365014], [141.44907026854025, 38.77332466247923], [141.44896126349997, 38.773321929567686], [141.44875960276923, 38.77327999223722], [141.44861780852503, 38.77324255014084], [141.4485356419607, 38.773246793456615], [141.44848131165875, 38.773269422390335], [141.44841583186408, 38.77332993651081], [141.44834125245913, 38.77340037312544], [141.44828302897577, 38.77343468896793], [141.44856888215875, 38.773961221692], [141.44857446318582, 38.77413276932196], [141.44879577656437, 38.77422718384841], [141.44895614754282, 38.77418057312044], [141.44908404280585, 38.77418132995464], [141.4492573498976, 38.77416936370888], [141.44941020567282, 38.77421896095841], [141.4494348343015, 38.774237911952596], [141.44944371599533, 38.77426033330003], [141.4494381424188, 38.77427610932027], [141.44943107165233, 38.774286272587], [141.44917331764145, 38.7743653507967], [141.44892308486482, 38.774372389779025], [141.4487814000183, 38.77446752753814], [141.44858771335598, 38.774464256429845], [141.44858618001751, 38.774493142496475], [141.44853300066248, 38.77455085771895], [141.44864734899943, 38.774737140625014], [141.44893889707288, 38.77458509374668], [141.44899018286895, 38.774532049515116], [141.44930545034384, 38.774415047469525], [141.44944790838773, 38.77437844205901], [141.44959416675988, 38.77432610313121], [141.44972159373586, 38.774276431776904], [141.44986581814888, 38.77422021319853], [141.44989424063968, 38.77421075977427]]]}, "properties": {"KEYCODE": "000205@B101@03@0017@0000@0000@0000", "小班": "17", "小班面積": 1.26, "林種": "人工林", "中樹種": "スギ", "林齢": 70, "齢級": 14, "所有形態": "個人", "ADDDATE": "2022-09-29", "ADDTENANT": "04000F", "ADDUSER": "pasco01", "EDITDATE": null, "EDITTENANT": "", "EDITUSER": ""}}, {"type": "Feature", "geometry": {"type": "Polygon", "coordinates": [[[141.4503278983967, 38.77408655653739], [141.4501737880202, 38.773975112976665], [141.45003874491167, 38.77390374553952], [141.44997184738008, 38.77377010931581], [141.44993036802825, 38.773754862605884], [141.44990621248263, 38.77386611650417], [141.4498975210327, 38.77398758236985], [141.44989626106542, 38.77413037000389], [141.44989424063968, 38.77421075977427], [141.45006948502893, 38.77415248091804], [141.45018515319848, 38.77412297264581], [141.4503278983967, 38.77408655653739]]]}, "properties": {"KEYCODE": "000205@B101@03@0018@0000@0000@0000", "小班": "18", "小班面積": 0.09, "林種": "人工林", "中樹種": "スギ", "林齢": 107, "齢級": 22, "所有形態": "個人", "ADDDATE": "2022-09-29", "ADDTENANT": "04000F", "ADDUSER": "pasco01", "EDITDATE": null, "EDITTENANT": "", "EDITUSER": ""}}, {"type": "Feature", "geometry": {"type": "Polygon", "coordinates": [[[141.4501462775833, 38.77482509097604], [141.45007083453476, 38.774726132804076], [141.450076486624, 38.77467618833002], [141.45009598942184, 38.77450387780097], [141.45014361634685, 38.774484437511326], [141.45018825493395, 38.774483083004284], [141.45022807621507, 38.774481874627725], [141.45023533065768, 38.774388836675904], [141.45024674058322, 38.774291904766294], [141.4503003749042, 38.77414825327452], [141.45032825271542, 38.77408734204371], [141.4503279786788, 38.774087058809556], [141.45032783585228, 38.77408691091693], [141.4503278983967, 38.77408655653739], [141.45018515319848, 38.77412297264581], [141.45006948502893, 38.77415248091804], [141.44989424063968, 38.77421075977427], [141.44986581814888, 38.77422021319853], [141.44972159373586, 38.774276431776904], [141.44959416675988, 38.77432610313121], [141.44944790838773, 38.77437844205901], [141.44930545034384, 38.774415047469525], [141.44899018286895, 38.774532049515116], [141.44893889707288, 38.77458509374668], [141.44864734899943, 38.774737140625014], [141.44870588825836, 38.77476357979012], [141.4487619262079, 38.77479611309747], [141.44880695025094, 38.77485002842105], [141.448848780172, 38.774921951299554], [141.44885236659707, 38.7749311016573], [141.44887969042324, 38.774953110601786], [141.44901041586886, 38.77507930137445], [141.4491249593714, 38.77517186420236], [141.4492162521486, 38.775240965980956], [141.44924328759234, 38.77521831029259], [141.4492450610584, 38.77512049325179], [141.44926407212597, 38.77502256644432], [141.4492990562496, 38.77493914984452], [141.44934011236577, 38.77488492516114], [141.4496713576933, 38.77508400844539], [141.44963663533798, 38.775189909956914], [141.44976924529809, 38.775228388411946], [141.44984418427958, 38.77524926219373], [141.44990451158924, 38.77524775476084], [141.4499502035036, 38.775222721231565], [141.4499872269975, 38.77519325600665], [141.4500141422721, 38.77515934867393], [141.45002216013916, 38.775105344029065], [141.45002581221488, 38.77504685797696], [141.45002658736792, 38.77498839521325], [141.45004184592312, 38.774939955885685], [141.45007013003246, 38.774899302667414], [141.45010714247005, 38.77486871225174], [141.4501513071317, 38.77483582194394], [141.4501462775833, 38.77482509097604]]]}, "properties": {"KEYCODE": "000205@B101@03@0019@0000@0000@0000", "小班": "19", "小班面積": 0.95, "林種": "人工林", "中樹種": "スギ", "林齢": 66, "齢級": 14, "所有形態": "個人", "ADDDATE": "2022-09-29", "ADDTENANT": "04000F", "ADDUSER": "pasco01", "EDITDATE": null, "EDITTENANT": "", "EDITUSER": ""}}, {"type": "Feature", "geometry": {"type": "Polygon", "coordinates": [[[141.4499544515827, 38.775427921273184], [141.45003260808988, 38.775319903120675], [141.44987309400713, 38.77533258243094], [141.44989439718415, 38.77538294683925], [141.4499068684885, 38.77541243019378], [141.44991800044684, 38.77547829849979], [141.4499544515827, 38.775427921273184]]]}, "properties": {"KEYCODE": "000205@B101@03@0020@0001@0000@0000", "小班": "20-1", "小班面積": 0.02, "林種": "人工林", "中樹種": "スギ", "林齢": 72, "齢級": 15, "所有形態": "個人", "ADDDATE": "2022-09-29", "ADDTENANT": "04000F", "ADDUSER": "pasco01", "EDITDATE": null, "EDITTENANT": "", "EDITUSER": ""}}, {"type": "Feature", "geometry": {"type": "Polygon", "coordinates": [[[141.4501462775833, 38.77482509097604], [141.4501513071317, 38.77483582194394], [141.45010714247005, 38.77486871225174], [141.45007013003246, 38.774899302667414], [141.45004184592312, 38.774939955885685], [141.45002658736792, 38.77498839521325], [141.45002581221488, 38.77504685797696], [141.45002216013916, 38.775105344029065], [141.4500141422721, 38.77515934867393], [141.4499872269975, 38.77519325600665], [141.4499502035036, 38.775222721231565], [141.44990451158924, 38.77524775476084], [141.44984418427958, 38.77524926219373], [141.44976924529809, 38.775228388411946], [141.44963663533798, 38.775189909956914], [141.4497786496859, 38.775296264017285], [141.449851450106, 38.77535078465643], [141.449836610382, 38.775319162467206], [141.45004964724828, 38.77529674144471], [141.45011412948895, 38.77519518629996], [141.45014628789548, 38.77512078334247], [141.4501741821225, 38.77503499763036], [141.45019246213766, 38.774971393891214], [141.45020571628854, 38.77492528220824], [141.45023662010814, 38.774817752055846], [141.45019122826682, 38.774828279804105], [141.45015509833146, 38.774836660481334], [141.4501462775833, 38.77482509097604]]]}, "properties": {"KEYCODE": "000205@B101@03@0020@0000@0000@0000", "小班": "20", "小班面積": 0.08, "林種": "人工林", "中樹種": "スギ", "林齢": 72, "齢級": 15, "所有形態": "個人", "ADDDATE": "2022-09-29", "ADDTENANT": "04000F", "ADDUSER": "pasco01", "EDITDATE": null, "EDITTENANT": "", "EDITUSER": ""}}, {"type": "Feature", "geometry": {"type": "Polygon", "coordinates": [[[141.449851450106, 38.77535078465643], [141.4497786496859, 38.775296264017285], [141.44963663533798, 38.775189909956914], [141.4496713576933, 38.77508400844539], [141.44934011236577, 38.77488492516114], [141.4492990562496, 38.77493914984452], [141.44926407212597, 38.77502256644432], [141.4492450610584, 38.77512049325179], [141.44924328759234, 38.77521831029259], [141.4492162521486, 38.775240965980956], [141.4491249593714, 38.77517186420236], [141.44901041586886, 38.77507930137445], [141.44887969042324, 38.774953110601786], [141.44885236659707, 38.7749311016573], [141.448886915675, 38.77501928066808], [141.44890999533007, 38.77511092363838], [141.44906861301186, 38.77542636397103], [141.44907704255303, 38.775445851727454], [141.4492513466548, 38.775446686364866], [141.44944836086685, 38.77541304292379], [141.44955547416646, 38.77538266687342], [141.44952794690778, 38.77545823712484], [141.4494955468926, 38.775547186032554], [141.44977455236346, 38.77571002418007], [141.4497969271899, 38.77565719606059], [141.44986571289198, 38.77555400576589], [141.44989852902899, 38.77551063502639], [141.44988286233158, 38.77541771983718], [141.449851450106, 38.77535078465643]]]}, "properties": {"KEYCODE": "000205@B101@03@0021@0000@0000@0000", "小班": "21", "小班面積": 0.36, "林種": "人工林", "中樹種": "マツ類", "林齢": 72, "齢級": 15, "所有形態": "個人", "ADDDATE": "2022-09-29", "ADDTENANT": "04000F", "ADDUSER": "pasco01", "EDITDATE": null, "EDITTENANT": "", "EDITUSER": ""}}, {"type": "Feature", "geometry": {"type": "Polygon", "coordinates": [[[141.44977455236346, 38.77571002418007], [141.4494955468926, 38.775547186032554], [141.4494298534031, 38.77571061845348], [141.449359756396, 38.775865084077445], [141.44933082206686, 38.77594529856834], [141.4494045046029, 38.77610900703836], [141.449431908891, 38.77618551017676], [141.44961320969853, 38.77621549076951], [141.44965044145624, 38.776072548624256], [141.4496942515134, 38.77591972505703], [141.4497452789888, 38.775779133505985], [141.44977455236346, 38.77571002418007]]]}, "properties": {"KEYCODE": "000205@B101@03@0022@0000@0000@0000", "小班": "22", "小班面積": 0.18, "林種": "人工林", "中樹種": "スギ", "林齢": 72, "齢級": 15, "所有形態": "個人", "ADDDATE": "2022-09-29", "ADDTENANT": "04000F", "ADDUSER": "pasco01", "EDITDATE": null, "EDITTENANT": "", "EDITUSER": ""}}, {"type": "Feature", "geometry": {"type": "Polygon", "coordinates": [[[141.44855589091452, 38.774782621518284], [141.4485088545791, 38.77480376703908], [141.4484489255976, 38.77483070825137], [141.44816525542356, 38.774958234410924], [141.44824320185177, 38.77534607226718], [141.44815928780537, 38.775434189157586], [141.44820175487624, 38.775453151964136], [141.4482210488544, 38.775460244049164], [141.4483981121946, 38.77552533394587], [141.44877053131768, 38.77565682288795], [141.4487802483074, 38.77566328514226], [141.44904924154085, 38.77584221626937], [141.4491219480228, 38.775927301402355], [141.44916169837387, 38.77597409130768], [141.44909922228854, 38.77580607954654], [141.4490393922716, 38.775641542046955], [141.44901372371885, 38.775559371181195], [141.448980355764, 38.77552134928261], [141.44895804804747, 38.77546490899968], [141.44893922387894, 38.77542331502668], [141.44891711729932, 38.77537446816762], [141.4489053078603, 38.77534762893194], [141.4488819977402, 38.77529465512707], [141.44884550500967, 38.77518615419669], [141.44882271094167, 38.77512371652603], [141.44876443581862, 38.77502506979166], [141.44874491226574, 38.77498496052783], [141.44873090660803, 38.7749561842148], [141.4487025281772, 38.77488416343944], [141.44867534161912, 38.77483405500666], [141.44863179888827, 38.7748053296947], [141.44855589091452, 38.774782621518284]]]}, "properties": {"KEYCODE": "000205@B101@03@0023@0000@0000@0000", "小班": "23", "小班面積": 0.5, "林種": "人工林", "中樹種": "スギ", "林齢": 65, "齢級": 13, "所有形態": "個人", "ADDDATE": "2022-09-29", "ADDTENANT": "04000F", "ADDUSER": "pasco01", "EDITDATE": null, "EDITTENANT": "", "EDITUSER": ""}}, {"type": "Feature", "geometry": {"type": "Polygon", "coordinates": [[[141.4494955468926, 38.775547186032554], [141.44952794690778, 38.77545823712484], [141.44955547416646, 38.77538266687342], [141.44944836086685, 38.77541304292379], [141.4492513466548, 38.775446686364866], [141.44907704255303, 38.775445851727454], [141.44911196438204, 38.775526592762866], [141.449156596418, 38.77561379784701], [141.44924389403826, 38.77578031752899], [141.44933082206686, 38.77594529856834], [141.449359756396, 38.775865084077445], [141.4494298534031, 38.77571061845348], [141.4494955468926, 38.775547186032554]]]}, "properties": {"KEYCODE": "000205@B101@03@0023@0001@0000@0000", "小班": "23-1", "小班面積": 0.12, "林種": "人工林", "中樹種": "スギ", "林齢": 65, "齢級": 13, "所有形態": "個人", "ADDDATE": "2022-09-29", "ADDTENANT": "04000F", "ADDUSER": "pasco01", "EDITDATE": null, "EDITTENANT": "", "EDITUSER": ""}}, {"type": "Feature", "geometry": {"type": "Polygon", "coordinates": [[[141.44760063704095, 38.77518548784664], [141.4479053666826, 38.77506324863796], [141.44812401057845, 38.77497677546868], [141.44813924652658, 38.774969925138244], [141.44816525542356, 38.774958234410924], [141.4484489255976, 38.77483070825137], [141.4485088545791, 38.77480376703908], [141.44855589091452, 38.774782621518284], [141.44848258013133, 38.77478238580817], [141.44827637457442, 38.77478805653868], [141.44814532978413, 38.77478826853308], [141.44800987808875, 38.77478991795461], [141.44784759113836, 38.77479051014483], [141.44776510783421, 38.7747902411351], [141.44772593861447, 38.774789139870244], [141.44770737525343, 38.77495733431772], [141.44748101399415, 38.77511729222969], [141.44741516894214, 38.775163822298694], [141.44750820218573, 38.7752237677451], [141.44750806178928, 38.775224171180284], [141.4475443045573, 38.77520902775494], [141.44760063704095, 38.77518548784664]]]}, "properties": {"KEYCODE": "000205@B101@03@0024@0000@0000@0000", "小班": "24", "小班面積": 0.19, "林種": "人工林", "中樹種": "スギ", "林齢": 61, "齢級": 13, "所有形態": "個人", "ADDDATE": "2022-09-29", "ADDTENANT": "04000F", "ADDUSER": "pasco01", "EDITDATE": null, "EDITTENANT": "", "EDITUSER": ""}}, {"type": "Feature", "geometry": {"type": "Polygon", "coordinates": [[[141.4464667435271, 38.77583019940815], [141.44631933651718, 38.77596006102777], [141.4462987864086, 38.7759783118136], [141.4462990776468, 38.77597845442828], [141.446753027526, 38.77620120558435], [141.44689203020525, 38.77625222924776], [141.4469051804349, 38.776229577629984], [141.4469437563598, 38.77623642815078], [141.4470811056678, 38.77599111652743], [141.44706543371478, 38.77596633249921], [141.44689148210884, 38.77593774357879], [141.44670441798354, 38.77589978010388], [141.4464667435271, 38.77583019940815]]]}, "properties": {"KEYCODE": "000205@B101@03@0027@0000@0000@0000", "小班": "27", "小班面積": 0.17, "林種": "未立木地", "中樹種": "", "林齢": null, "齢級": null, "所有形態": "個人", "ADDDATE": "2022-09-29", "ADDTENANT": "04000F", "ADDUSER": "pasco01", "EDITDATE": null, "EDITTENANT": "", "EDITUSER": ""}}, {"type": "Feature", "geometry": {"type": "Polygon", "coordinates": [[[141.44686941278013, 38.77552060378814], [141.44681064619908, 38.77555857304532], [141.4466728707742, 38.77564758780368], [141.44662469083144, 38.775678715010784], [141.4465687823451, 38.77573182660161], [141.44647412873124, 38.7758217463608], [141.44671004615984, 38.77588921917481], [141.44679063172998, 38.77570139330847], [141.44686941278013, 38.77552060378814]]]}, "properties": {"KEYCODE": "000205@B101@03@0027@0001@0000@0000", "小班": "27-1", "小班面積": 0.06, "林種": "未立木地", "中樹種": "", "林齢": null, "齢級": null, "所有形態": "個人", "ADDDATE": "2022-09-29", "ADDTENANT": "04000F", "ADDUSER": "pasco01", "EDITDATE": null, "EDITTENANT": "", "EDITUSER": ""}}, {"type": "Feature", "geometry": {"type": "Polygon", "coordinates": [[[141.44763273232186, 38.77585715336365], [141.44745135425532, 38.77569436197608], [141.44764384485524, 38.775593238145134], [141.44757733867607, 38.775472024482646], [141.44760083806037, 38.77518557777986], [141.44760063704095, 38.77518548784664], [141.4475443045573, 38.77520902775494], [141.44750806178928, 38.775224171180284], [141.44750126964033, 38.775227009540025], [141.44721131244052, 38.775344990877045], [141.4472091755091, 38.775346088573755], [141.44686941278013, 38.77552060378814], [141.44679063172998, 38.77570139330847], [141.44671004615984, 38.77588921917481], [141.44689382341855, 38.775927722412604], [141.44704284466093, 38.77594700453975], [141.44716362122784, 38.77596262947773], [141.44723568727676, 38.775983993886875], [141.44737586198158, 38.77602554968676], [141.44744781176024, 38.775862903546255], [141.44745520555142, 38.77584848650856], [141.44751484734252, 38.775850046031046], [141.44754109133694, 38.775851627902455], [141.44763273232186, 38.77585715336365]]]}, "properties": {"KEYCODE": "000205@B101@03@0028@0000@0000@0000", "小班": "28", "小班面積": 0.44, "林種": "人工林", "中樹種": "カラマツ", "林齢": 8, "齢級": 2, "所有形態": "個人", "ADDDATE": "2022-09-29", "ADDTENANT": "04000F", "ADDUSER": "pasco01", "EDITDATE": null, "EDITTENANT": "", "EDITUSER": ""}}, {"type": "Feature", "geometry": {"type": "Polygon", "coordinates": [[[141.4479089888474, 38.77587797900203], [141.4479376180793, 38.77583886951102], [141.44797776802815, 38.7757794528484], [141.44798662305672, 38.77576634879494], [141.4480127947146, 38.775726790054456], [141.44803853604245, 38.77568952453157], [141.44782105473467, 38.7756119882283], [141.44764384485524, 38.775593238145134], [141.44745135425532, 38.77569436197608], [141.44763273232186, 38.77585715336365], [141.44778809585486, 38.77587413726933], [141.44788011393848, 38.775880283067764], [141.4479089888474, 38.77587797900203]]]}, "properties": {"KEYCODE": "000205@B101@03@0030@0000@0000@0000", "小班": "30", "小班面積": 0.11, "林種": "天然林", "中樹種": "その他L", "林齢": 66, "齢級": 14, "所有形態": "個人", "ADDDATE": "2022-09-29", "ADDTENANT": "04000F", "ADDUSER": "pasco01", "EDITDATE": null, "EDITTENANT": "", "EDITUSER": ""}}, {"type": "Feature", "geometry": {"type": "Polygon", "coordinates": [[[141.44820175487624, 38.775453151964136], [141.44815928780537, 38.775434189157586], [141.44802194784322, 38.77537286288989], [141.4478872756491, 38.77531272691929], [141.44760126781873, 38.7751857692121], [141.44760083806037, 38.77518557777986], [141.44757733867607, 38.775472024482646], [141.44764384485524, 38.775593238145134], [141.44782105473467, 38.7756119882283], [141.44803853604245, 38.77568952453157], [141.44807017175665, 38.77564270740531], [141.44813311629014, 38.77555203066206], [141.44820175487624, 38.775453151964136]]]}, "properties": {"KEYCODE": "000205@B101@03@0031@0000@0000@0000", "小班": "31", "小班面積": 0.18, "林種": "天然林", "中樹種": "その他L", "林齢": 66, "齢級": 14, "所有形態": "個人", "ADDDATE": "2022-09-29", "ADDTENANT": "04000F", "ADDUSER": "pasco01", "EDITDATE": null, "EDITTENANT": "", "EDITUSER": ""}}, {"type": "Feature", "geometry": {"type": "Polygon", "coordinates": [[[141.4483981121946, 38.77552533394587], [141.4482210488544, 38.775460244049164], [141.44820175487624, 38.775453151964136], [141.44813311629014, 38.77555203066206], [141.44807017175665, 38.77564270740531], [141.44803853604245, 38.77568952453157], [141.4480127947146, 38.775726790054456], [141.44798662305672, 38.77576634879494], [141.44797776802815, 38.7757794528484], [141.4479376180793, 38.77583886951102], [141.4479089888474, 38.77587797900203], [141.44786536665086, 38.775940213860984], [141.44803264973137, 38.77600517645476], [141.44811312554208, 38.77589919780998], [141.44821089108285, 38.77577157437963], [141.4482208782457, 38.77575843912713], [141.44823399607372, 38.775741187457044], [141.4483642703348, 38.77556984748711], [141.4483981121946, 38.77552533394587]]]}, "properties": {"KEYCODE": "000205@B101@03@0032@0000@0000@0000", "小班": "32", "小班面積": 0.11, "林種": "天然林", "中樹種": "マツ類", "林齢": 66, "齢級": 14, "所有形態": "個人", "ADDDATE": "2022-09-29", "ADDTENANT": "04000F", "ADDUSER": "pasco01", "EDITDATE": null, "EDITTENANT": "", "EDITUSER": ""}}, {"type": "Feature", "geometry": {"type": "Polygon", "coordinates": [[[141.44904924154085, 38.77584221626937], [141.4487802483074, 38.77566328514226], [141.44877053131768, 38.77565682288795], [141.4483981121946, 38.77552533394587], [141.4483642703348, 38.77556984748711], [141.44823399607372, 38.775741187457044], [141.4482208782457, 38.77575843912713], [141.44821089108285, 38.77577157437963], [141.44811312554208, 38.77589919780998], [141.44803264973137, 38.77600517645476], [141.44792892767956, 38.776141766972756], [141.44800338702757, 38.77618045592317], [141.44814321547764, 38.776247269033725], [141.44830226343706, 38.77632477348731], [141.44842365878642, 38.77637990864073], [141.44863306658777, 38.77647984996969], [141.44872774363003, 38.77633823266168], [141.4488152459459, 38.776207344807204], [141.44882846129684, 38.77618711962569], [141.44896703930561, 38.775975052934655], [141.44904924154085, 38.77584221626937]]]}, "properties": {"KEYCODE": "000205@B101@03@0033@0000@0000@0000", "小班": "33", "小班面積": 0.57, "林種": "人工林", "中樹種": "カラマツ", "林齢": 8, "齢級": 2, "所有形態": "個人", "ADDDATE": "2022-09-29", "ADDTENANT": "04000F", "ADDUSER": "pasco01", "EDITDATE": null, "EDITTENANT": "", "EDITUSER": ""}}, {"type": "Feature", "geometry": {"type": "Polygon", "coordinates": [[[141.44916169837387, 38.77597409130768], [141.4491219480228, 38.775927301402355], [141.44904924154085, 38.77584221626937], [141.44896703930561, 38.775975052934655], [141.44882846129684, 38.77618711962569], [141.4488152459459, 38.776207344807204], [141.44872774363003, 38.77633823266168], [141.44863306658777, 38.77647984996969], [141.44886499929822, 38.77657584350778], [141.44895595783692, 38.7766286429477], [141.44905436540924, 38.77666837622159], [141.44915997316104, 38.77670237785522], [141.44924494417114, 38.77674408264549], [141.4493202188583, 38.77664594039934], [141.44941463321277, 38.77661545393753], [141.44942565673216, 38.776611894971644], [141.44948713819701, 38.77659204227824], [141.44939725041957, 38.776531174655176], [141.44937729222988, 38.776502973944226], [141.44936802717444, 38.77647936544892], [141.4493333345412, 38.77639097385212], [141.44930958689955, 38.776315577530646], [141.44927503052722, 38.77622106635984], [141.44925056829254, 38.77615864658655], [141.44923661170023, 38.776128266500734], [141.4492018950277, 38.77605269733364], [141.44916169837387, 38.77597409130768]]]}, "properties": {"KEYCODE": "000205@B101@03@0034@0000@0000@0000", "小班": "34", "小班面積": 0.36, "林種": "竹林", "中樹種": "タケ", "林齢": null, "齢級": null, "所有形態": "個人", "ADDDATE": "2022-09-29", "ADDTENANT": "04000F", "ADDUSER": "pasco01", "EDITDATE": null, "EDITTENANT": "", "EDITUSER": ""}}, {"type": "Feature", "geometry": {"type": "Polygon", "coordinates": [[[141.45294405270224, 38.77428713881651], [141.4525225419714, 38.77419996860776], [141.452391538394, 38.774066358106126], [141.45212725328747, 38.77408274852734], [141.4520443912568, 38.77403721487596], [141.4520442508083, 38.77403734264482], [141.45193891027878, 38.77413363683552], [141.4518606111045, 38.77410619577694], [141.45172557759824, 38.774223953843794], [141.45171335862565, 38.7742294868933], [141.4515864904914, 38.77428693212994], [141.4514888978586, 38.77439072626626], [141.45137686901649, 38.774489876007664], [141.4513057254651, 38.7745528459748], [141.45127317683253, 38.77466321479832], [141.45117184078038, 38.77475381242092], [141.45117153700932, 38.77475408519436], [141.4510738315489, 38.77485201298823], [141.45106903543834, 38.77485688692277], [141.45098463114923, 38.774942667919774], [141.45088232106062, 38.775052122435], [141.45082506029854, 38.77508825694556], [141.45082454068768, 38.77508859031718], [141.45067243285618, 38.7751726801701], [141.45065281050853, 38.775187325066184], [141.45057953648282, 38.77524200775515], [141.4505373029017, 38.775317094661], [141.45050813130945, 38.77541647260219], [141.4504823944001, 38.775475991495234], [141.4504659337453, 38.775514055381976], [141.45046575210688, 38.7755144788579], [141.45046514830622, 38.77551519284754], [141.450463682507, 38.7755187104502], [141.45041099041492, 38.775579460837776], [141.45040404145666, 38.77558773165172], [141.45040230423237, 38.775589801156826], [141.4503706953928, 38.77562740267728], [141.4503387361998, 38.77567002669131], [141.4503358041264, 38.775673936713005], [141.45030452223122, 38.775715832827174], [141.45028800321265, 38.77582208075392], [141.45028688600868, 38.77582318213237], [141.450320981638, 38.7758700951863], [141.45040155386556, 38.7760078453814], [141.45047086924373, 38.77616703304768], [141.45054915861493, 38.77617791313878], [141.45058006877557, 38.7761822083846], [141.4506744813303, 38.77637712864128], [141.4508389657471, 38.77647160428398], [141.45120560909086, 38.77661566260914], [141.45119115721047, 38.77670512336971], [141.4511953533811, 38.776860661201255], [141.45118184654044, 38.77687531709332], [141.45081251004677, 38.777276080721336], [141.45090470301088, 38.77729265819695], [141.45091040165545, 38.77729393076724], [141.4509123058595, 38.77729427205093], [141.45106307443578, 38.777150904218615], [141.45106312302707, 38.77715093369107], [141.4510732882785, 38.777157147439915], [141.4510839016531, 38.77716381106505], [141.4511161720792, 38.77718792122446], [141.4512157128639, 38.77723044754021], [141.45136351494006, 38.777331115042905], [141.45159787095307, 38.77746470239761], [141.4518475968147, 38.77762946875711], [141.4519017103016, 38.777654361274806], [141.4521236701869, 38.77775442895915], [141.45234519474832, 38.77784613738023], [141.45236143203897, 38.77792048186078], [141.452361359818, 38.77792064800675], [141.4523615311558, 38.777921429971066], [141.4524699492354, 38.77794889578336], [141.45255206387762, 38.778013382331956], [141.4526210395977, 38.77802072934271], [141.45263881589906, 38.7779997867863], [141.45271288247199, 38.77791417924214], [141.45274683816615, 38.77784935153313], [141.45277951849926, 38.77775058510401], [141.45280508040486, 38.777689325241745], [141.45280637579492, 38.77750647318715], [141.45279694109462, 38.777430938668445], [141.45277443073954, 38.77736985163327], [141.45274318997974, 38.777266739380615], [141.45274165765957, 38.77722277514203], [141.45268691260327, 38.7771710299757], [141.45268071971105, 38.777128316544086], [141.45282396117506, 38.7770834038884], [141.45285981869168, 38.777070844609774], [141.45291553088737, 38.77700557718731], [141.4529689100079, 38.77690584510957], [141.45304496062647, 38.77680511081744], [141.45315644446643, 38.776649231657025], [141.45319413944088, 38.77661643848615], [141.45322909971102, 38.776496407862965], [141.4532961208944, 38.776314973763654], [141.4533480853263, 38.77623805950511], [141.45344535550947, 38.77612629269693], [141.45348557812457, 38.776018765425285], [141.45348202138547, 38.77597351465142], [141.45340048619872, 38.77583049790455], [141.453312527249, 38.77570436359242], [141.45330512070606, 38.77565947557118], [141.45326359312742, 38.775486112652594], [141.4532914633386, 38.775355561184575], [141.4533250408932, 38.77525669070933], [141.4533260063987, 38.775179317271416], [141.45326817559857, 38.77512367886947], [141.45316253534148, 38.77495171001104], [141.453123723691, 38.77492319461689], [141.4530911782053, 38.77481805512552], [141.4530500744973, 38.77478385824422], [141.4530550664159, 38.77460267206], [141.4531044319818, 38.77456107750134], [141.45306282087355, 38.77443085848179], [141.45294405270224, 38.77428713881651]]]}, "properties": {"KEYCODE": "000205@B101@04@0006@0000@0000@0000", "小班": "6", "小班面積": 7.47, "林種": "天然林", "中樹種": "マツ類", "林齢": 101, "齢級": 21, "所有形態": "個人", "ADDDATE": "2022-09-29", "ADDTENANT": "04000F", "ADDUSER": "pasco01", "EDITDATE": "2025-01-16", "EDITTENANT": "04000F", "EDITUSER": "sinrins02"}}, {"type": "Feature", "geometry": {"type": "Polygon", "coordinates": [[[141.44858563238327, 38.76837980910043], [141.44837221018756, 38.76845486123615], [141.44832770716812, 38.76845843772276], [141.44821491650302, 38.768539868023865], [141.4481563583093, 38.76858059000693], [141.44808200164888, 38.768620259939524], [141.44807840007866, 38.76862176535179], [141.44807175533836, 38.768624541710174], [141.44800041749937, 38.76865434718457], [141.44789006055964, 38.76868407131345], [141.44784143509526, 38.768710147394465], [141.44780871534317, 38.768747372124594], [141.4477775081333, 38.76879471579595], [141.447734760129, 38.768835363455445], [141.4476818489014, 38.76886369530584], [141.4476088156416, 38.76888988156992], [141.44750977181934, 38.76889820469996], [141.44736459558573, 38.768886527132395], [141.4474872522987, 38.76878258662453], [141.44756150532888, 38.768729431293735], [141.44766869847592, 38.768664885793974], [141.44777586061159, 38.768598089034995], [141.4478204696337, 38.76843609161979], [141.4475976528283, 38.768242745468115], [141.44759167445477, 38.768249690318186], [141.44749664227936, 38.76836006768184], [141.44741282256743, 38.76847056983637], [141.44730455594765, 38.76857782202178], [141.44729872714268, 38.76858235348782], [141.44715043472954, 38.7686976391155], [141.44697055106792, 38.76882993346309], [141.44704086182784, 38.768821744555325], [141.44706412049047, 38.768854216615075], [141.44709198011242, 38.76892150101693], [141.44711280076413, 38.76900679512962], [141.44711657763708, 38.76911464693885], [141.44711316424738, 38.76915302565317], [141.447020143447, 38.769115996575934], [141.44699521233719, 38.76919121124254], [141.44689145507184, 38.76923466086789], [141.44674760856108, 38.76930737541504], [141.44662270781197, 38.76931759113929], [141.44649949473157, 38.769328963627316], [141.4461740395303, 38.76929634675214], [141.44608412598043, 38.76924962237726], [141.4460323143215, 38.769279212566], [141.44601370581205, 38.7694530755443], [141.44598222729678, 38.76951044706042], [141.44589604903794, 38.76958026188369], [141.4458131129662, 38.769708695863784], [141.44576895481927, 38.769885553009445], [141.44569625055195, 38.769999017253454], [141.44570117574895, 38.769996584270054], [141.44582299002934, 38.76993640794547], [141.4458851330107, 38.76981548915965], [141.44596922758916, 38.76980165214284], [141.44601626183007, 38.769789838159696], [141.44602756511128, 38.76977940065402], [141.446044469682, 38.76975920417316], [141.44608181002334, 38.769730729479456], [141.44610035558105, 38.76972977189623], [141.44615251618916, 38.769727079515754], [141.44622858672744, 38.769691365738865], [141.4462709378206, 38.769627171455845], [141.44636377317707, 38.76955900069797], [141.44655507354275, 38.76950903375896], [141.44667910484995, 38.76946094205663], [141.44670651703953, 38.769448978521275], [141.44675574255058, 38.76943091678162], [141.44678268802863, 38.76942102952626], [141.44687573328486, 38.769429847298746], [141.4470058913723, 38.76938020238441], [141.44706092943244, 38.769359209130876], [141.44717872174857, 38.769319023437625], [141.44723712744815, 38.76926856412878], [141.44733913457225, 38.76923011882558], [141.44737787142475, 38.76916731248032], [141.4474220331888, 38.769117162145825], [141.44747977673606, 38.769094201350455], [141.44754624783675, 38.769086572848906], [141.44755988884484, 38.76906563655196], [141.4475809804512, 38.76898895007086], [141.44761705455204, 38.768935049421664], [141.44772122405823, 38.76885765596173], [141.44781210013647, 38.768800142868606], [141.44786976764888, 38.76879384874181], [141.44789377901066, 38.768789272088576], [141.4480181893415, 38.76872123127176], [141.4481475995321, 38.76869677609709], [141.44817287153742, 38.7686875801991], [141.44819771165245, 38.76868303515925], [141.4482664820872, 38.768645718841384], [141.44835059967465, 38.768607970376486], [141.44843523253098, 38.76854447170784], [141.44851124977234, 38.76847871204931], [141.44858563238327, 38.76837980910043]]]}, "properties": {"KEYCODE": "000205@B095@03@0008@0000@0000@0000", "小班": "8", "小班面積": 0.78, "林種": "天然林", "中樹種": "その他L", "林齢": 118, "齢級": 24, "所有形態": "個人", "ADDDATE": "2022-09-29", "ADDTENANT": "04000F", "ADDUSER": "pasco01", "EDITDATE": null, "EDITTENANT": "", "EDITUSER": ""}}, {"type": "Feature", "geometry": {"type": "Polygon", "coordinates": [[[141.4347460287338, 38.773435574344404], [141.43480011369428, 38.77334948627612], [141.43490472563417, 38.77318876967427], [141.43499408152982, 38.77309677930682], [141.4348118059695, 38.77300141964747], [141.4346787997143, 38.772971593667435], [141.4345205938589, 38.77284178580155], [141.43443942883096, 38.7727487657155], [141.43435292625466, 38.7727453971322], [141.43429130185328, 38.772803873664834], [141.43420208253963, 38.77291207160603], [141.43404407556767, 38.77295102213176], [141.43397943087638, 38.77293991308828], [141.43383558316646, 38.77285174349218], [141.43366858846315, 38.772871908393725], [141.43347434047058, 38.77292370721226], [141.43346347362777, 38.7729822496748], [141.43345774017686, 38.77301314089451], [141.43336802634354, 38.77309738428028], [141.4332878492867, 38.773123534317456], [141.43326784059516, 38.77314874482648], [141.43320523437436, 38.773221362586746], [141.43320879211979, 38.77325179439625], [141.43324679847717, 38.77332398579306], [141.43325806910167, 38.773433007656784], [141.4333254091539, 38.773690532605364], [141.43338719971507, 38.77376172437611], [141.4335948395182, 38.77360415194164], [141.433690911118, 38.773519938790564], [141.43381940210108, 38.77344681650737], [141.4340271595619, 38.77338568203066], [141.4343117495062, 38.77333654655388], [141.4344822478925, 38.77333471653429], [141.4346507423427, 38.7733843824172], [141.4347460287338, 38.773435574344404]]]}, "properties": {"KEYCODE": "000205@B100@04@0021@0000@0000@0000", "小班": "21", "小班面積": 0.86, "林種": "天然林", "中樹種": "マツ類", "林齢": 68, "齢級": 14, "所有形態": "個人", "ADDDATE": "2022-09-29", "ADDTENANT": "04000F", "ADDUSER": "pasco01", "EDITDATE": null, "EDITTENANT": "", "EDITUSER": ""}}, {"type": "Feature", "geometry": {"type": "Polygon", "coordinates": [[[141.44220601104644, 38.77602781621206], [141.4419037073303, 38.77594027848137], [141.44157671005362, 38.77581802210179], [141.44130597777664, 38.77572811041813], [141.4411605318128, 38.7756792568176], [141.44106414022667, 38.7756594259463], [141.44098368086227, 38.77565637679948], [141.44090755223064, 38.77565780952768], [141.44081418514153, 38.775658186783716], [141.4406351270294, 38.77572406338777], [141.44053480450103, 38.77575367527876], [141.4404602826027, 38.77577644953679], [141.4403885879911, 38.7757947046162], [141.44031678427712, 38.77579724060581], [141.44024923906403, 38.77579302479509], [141.44019614053678, 38.77579885001104], [141.4401488409018, 38.77581251886323], [141.4401001218175, 38.77582844728857], [141.4400513920279, 38.77584325053879], [141.44002415157766, 38.775850094569186], [141.44000844399, 38.77586251829027], [141.4399927923295, 38.77588168036887], [141.43998442363352, 38.77591541615902], [141.44002432853208, 38.77610001647683], [141.4400881834863, 38.77605237928876], [141.44021655039782, 38.77599392072925], [141.44060820961164, 38.77598545386498], [141.44084719676243, 38.77595682475022], [141.4412438117491, 38.77607666162633], [141.4414900111271, 38.776211568083816], [141.4418052027462, 38.77630816037724], [141.44227219423573, 38.776429023683555], [141.4423838379725, 38.77644269937274], [141.4421935631412, 38.77632139427056], [141.44220601104644, 38.77602781621206]]]}, "properties": {"KEYCODE": "000205@B116@06@0007@0000@0000@0000", "小班": "7", "小班面積": 0.71, "林種": "人工林", "中樹種": "スギ", "林齢": 62, "齢級": 13, "所有形態": "個人", "ADDDATE": "2022-09-29", "ADDTENANT": "04000F", "ADDUSER": "pasco01", "EDITDATE": null, "EDITTENANT": "", "EDITUSER": ""}}, {"type": "Feature", "geometry": {"type": "Polygon", "coordinates": [[[141.44002432853208, 38.77610001647683], [141.43998442363352, 38.77591541615902], [141.4399927923295, 38.77588168036887], [141.44000844399, 38.77586251829027], [141.44002415157766, 38.775850094569186], [141.4400513920279, 38.77584325053879], [141.4401001218175, 38.77582844728857], [141.4401488409018, 38.77581251886323], [141.44019614053678, 38.77579885001104], [141.44024923906403, 38.77579302479509], [141.44031678427712, 38.77579724060581], [141.4403885879911, 38.7757947046162], [141.4404602826027, 38.77577644953679], [141.44053480450103, 38.77575367527876], [141.4406351270294, 38.77572406338777], [141.44081418514153, 38.775658186783716], [141.44090755223064, 38.77565780952768], [141.44098368086227, 38.77565637679948], [141.44106414022667, 38.7756594259463], [141.4411605318128, 38.7756792568176], [141.44130597777664, 38.77572811041813], [141.44157671005362, 38.77581802210179], [141.4419037073303, 38.77594027848137], [141.44220601104644, 38.77602781621206], [141.44222658433623, 38.77592351040927], [141.44239735179772, 38.77570986663048], [141.4423486329543, 38.77570031434636], [141.44234373344943, 38.7756991966503], [141.44218891777626, 38.77566388757368], [141.4420320778385, 38.77562857171776], [141.4418565049174, 38.7755854614063], [141.4417298930203, 38.775559004741574], [141.44163218388323, 38.77555491071959], [141.44150147399034, 38.77555542973643], [141.4414286238341, 38.77555382956638], [141.44141526911005, 38.77555353689673], [141.44130042474177, 38.77556298112583], [141.44123300048045, 38.775574485767386], [141.44117421412184, 38.77558933188551], [141.4411468443665, 38.77557820501468], [141.44111802459625, 38.77556708477752], [141.44108926404888, 38.77556158577279], [141.44105622410237, 38.775561721553025], [141.4410131545551, 38.77556526168367], [141.44097442803198, 38.77557215665044], [141.44093852054212, 38.77557342440924], [141.44090113836754, 38.77556907917695], [141.44087090119197, 38.77555909235878], [141.44084206439817, 38.77554460281683], [141.4408203324617, 38.775521095373435], [141.44079720334003, 38.775500972621266], [141.44077268970526, 38.775488713714154], [141.4407482788705, 38.77548993066691], [141.44071686294913, 38.775514778305876], [141.44069577543777, 38.77557552584079], [141.4406588415243, 38.7756295999547], [141.44062458653593, 38.77565894874968], [141.4405744290778, 38.775674875838035], [141.44045522210132, 38.77567760415607], [141.4402855789971, 38.7756591810724], [141.44027961187894, 38.775629996230734], [141.4402691649656, 38.77557724127043], [141.4401793284841, 38.77557309884142], [141.439831176262, 38.775667866177955], [141.43980435341263, 38.77573665402227], [141.4396565713883, 38.775814253151026], [141.43973047634148, 38.77593060689958], [141.43974212187177, 38.7759407940856], [141.43997025161147, 38.77614035972668], [141.44002432853208, 38.77610001647683]]]}, "properties": {"KEYCODE": "000205@B116@06@0008@0000@0000@0000", "小班": "8", "小班面積": 0.56, "林種": "人工林", "中樹種": "スギ", "林齢": 51, "齢級": 11, "所有形態": "個人", "ADDDATE": "2022-09-29", "ADDTENANT": "04000F", "ADDUSER": "pasco01", "EDITDATE": null, "EDITTENANT": "", "EDITUSER": ""}}, {"type": "Feature", "geometry": {"type": "Polygon", "coordinates": [[[141.44276936713229, 38.776254735283075], [141.44296948319402, 38.77631458893215], [141.44316384741984, 38.77637334704104], [141.4432573826625, 38.77639544330275], [141.44332924233015, 38.77640076997241], [141.44338520088297, 38.77639155907912], [141.44342819412634, 38.776379018592635], [141.4434768489599, 38.77635410725619], [141.44361108941524, 38.7762502095151], [141.44358502550816, 38.77622222977802], [141.44356760925595, 38.776198709324746], [141.44356588168955, 38.77615939454731], [141.44340166168638, 38.77609826356287], [141.44340036965838, 38.77609776941329], [141.44324752047717, 38.77603934097775], [141.4430587984171, 38.77596596006656], [141.44278501204766, 38.775851348261625], [141.44264938801666, 38.77577213038521], [141.44257879740871, 38.77574544561111], [141.44239735179772, 38.77570986663048], [141.44222658433623, 38.77592351040927], [141.44220601104644, 38.77602781621206], [141.4421935631412, 38.77632139427056], [141.4423838379725, 38.77644269937274], [141.442494449898, 38.7761805687033], [141.44276936713229, 38.776254735283075]]]}, "properties": {"KEYCODE": "000205@B116@06@0008@0001@0000@0000", "小班": "8-1", "小班面積": 0.54, "林種": "人工林", "中樹種": "スギ", "林齢": 59, "齢級": 12, "所有形態": "個人", "ADDDATE": "2022-09-29", "ADDTENANT": "04000F", "ADDUSER": "pasco01", "EDITDATE": null, "EDITTENANT": "", "EDITUSER": ""}}, {"type": "Feature", "geometry": {"type": "Polygon", "coordinates": [[[141.44288049306397, 38.77467337124365], [141.44288929657776, 38.77463410962433], [141.44275019510968, 38.77454764701146], [141.44275235157295, 38.77442915082758], [141.44262792811216, 38.7744581685756], [141.44255200799546, 38.774485311759804], [141.44264397029252, 38.774573083436394], [141.44263808505374, 38.77459420393419], [141.44270936665143, 38.774629192176505], [141.4428035593302, 38.774704483789385], [141.44288049306397, 38.77467337124365]]]}, "properties": {"KEYCODE": "000205@B116@06@0010@0005@0000@0000", "小班": "10-5", "小班面積": 0.04, "林種": "天然林", "中樹種": "その他L", "林齢": 65, "齢級": 13, "所有形態": "個人", "ADDDATE": "2022-09-29", "ADDTENANT": "04000F", "ADDUSER": "pasco01", "EDITDATE": null, "EDITTENANT": "", "EDITUSER": ""}}, {"type": "Feature", "geometry": {"type": "Polygon", "coordinates": [[[141.44366611684248, 38.775664681312286], [141.4436359733584, 38.77573893053813], [141.44363802909467, 38.77582093582759], [141.44364004652687, 38.77589844588039], [141.44359542745238, 38.77588627364283], [141.4435684963334, 38.775933566794166], [141.4435501733236, 38.775980823100426], [141.44355089263354, 38.77607631266385], [141.4435554417954, 38.77610775695831], [141.44356588168955, 38.77615939454731], [141.44356760925595, 38.776198709324746], [141.44358502550816, 38.77622222977802], [141.44361108941524, 38.7762502095151], [141.44365303084388, 38.77628711611839], [141.44372082835125, 38.776325039901295], [141.44380592201966, 38.77637075517252], [141.44390689145226, 38.77642652333865], [141.44392735767644, 38.77643641087068], [141.4439780457764, 38.77642861820248], [141.4440690600777, 38.77646208449048], [141.44404657328857, 38.77628612058421], [141.4440259113816, 38.77619471356675], [141.4439964362193, 38.77614217730162], [141.4438425704747, 38.77599049404294], [141.44375124774928, 38.77587553117315], [141.44369293830033, 38.77573160340656], [141.44366611684248, 38.775664681312286]]]}, "properties": {"KEYCODE": "000205@B116@06@0011@0000@0000@0000", "小班": "11", "小班面積": 0.2, "林種": "人工林", "中樹種": "スギ", "林齢": 104, "齢級": 21, "所有形態": "個人", "ADDDATE": "2022-09-29", "ADDTENANT": "04000F", "ADDUSER": "pasco01", "EDITDATE": null, "EDITTENANT": "", "EDITUSER": ""}}, {"type": "Feature", "geometry": {"type": "Polygon", "coordinates": [[[141.44366611684248, 38.775664681312286], [141.4436907066739, 38.77562910291166], [141.4436405671216, 38.77543368267515], [141.44361183696006, 38.77535654364061], [141.4435211562581, 38.775368657523174], [141.4434967359243, 38.77536874898825], [141.44346507908855, 38.775361013467354], [141.443426288698, 38.77534510537662], [141.44341896440267, 38.775342102210786], [141.443372803841, 38.77531645162489], [141.4433353023383, 38.77529526116992], [141.4433050361741, 38.77528189679935], [141.44328487406537, 38.77527523725493], [141.44326046342974, 38.77527646374003], [141.4432360802593, 38.7752810503927], [141.4431945987806, 38.77530481610493], [141.44313031218613, 38.775352259045256], [141.44313511239793, 38.77541740340649], [141.44314710322683, 38.77548363635766], [141.4431779114988, 38.7755688969866], [141.4432287958964, 38.77565070062868], [141.44330714700808, 38.77575373898551], [141.44341898432708, 38.77591843859587], [141.44355089263354, 38.77607631266385], [141.4435501733236, 38.775980823100426], [141.4435684963334, 38.775933566794166], [141.44359542745238, 38.77588627364283], [141.44364004652687, 38.77589844588039], [141.44363802909467, 38.77582093582759], [141.4436359733584, 38.77573893053813], [141.44366611684248, 38.775664681312286]]]}, "properties": {"KEYCODE": "000205@B116@06@0012@0000@0000@0000", "小班": "12", "小班面積": 0.25, "林種": "人工林", "中樹種": "スギ", "林齢": 66, "齢級": 14, "所有形態": "個人", "ADDDATE": "2022-09-29", "ADDTENANT": "04000F", "ADDUSER": "pasco01", "EDITDATE": null, "EDITTENANT": "", "EDITUSER": ""}}, {"type": "Feature", "geometry": {"type": "Polygon", "coordinates": [[[141.44361183696006, 38.77535654364061], [141.44359896710648, 38.775321986979904], [141.44345374403906, 38.7752296779853], [141.4431808141943, 38.774931720885895], [141.44306090909953, 38.7747903853221], [141.44301401902078, 38.774814573778734], [141.44288049306397, 38.77467337124365], [141.4428035593302, 38.774704483789385], [141.44264414424578, 38.77469362509668], [141.44258535125826, 38.77470621973578], [141.44253986159546, 38.7747704470246], [141.44250724303694, 38.77482562534115], [141.44248311331995, 38.77486392088444], [141.44245886973752, 38.77488761450484], [141.4424325924928, 38.77490507195446], [141.44242314219974, 38.77491134995475], [141.4423896310148, 38.77493330810069], [141.44256738600532, 38.77509021285642], [141.4426988813245, 38.77515626785793], [141.44293127873635, 38.775360880183705], [141.4430886827682, 38.775328381977516], [141.44311767163236, 38.77534500978236], [141.44313031218613, 38.775352259045256], [141.4431945987806, 38.77530481610493], [141.4432360802593, 38.7752810503927], [141.44326046342974, 38.77527646374003], [141.44328487406537, 38.77527523725493], [141.4433050361741, 38.77528189679935], [141.4433353023383, 38.77529526116992], [141.443372803841, 38.77531645162489], [141.44341896440267, 38.775342102210786], [141.443426288698, 38.77534510537662], [141.44346507908855, 38.775361013467354], [141.4434967359243, 38.77536874898825], [141.4435211562581, 38.775368657523174], [141.44361183696006, 38.77535654364061]]]}, "properties": {"KEYCODE": "000205@B116@06@0013@0000@0000@0000", "小班": "13", "小班面積": 0.41, "林種": "人工林", "中樹種": "スギ", "林齢": 104, "齢級": 21, "所有形態": "個人", "ADDDATE": "2022-09-29", "ADDTENANT": "04000F", "ADDUSER": "pasco01", "EDITDATE": null, "EDITTENANT": "", "EDITUSER": ""}}, {"type": "Feature", "geometry": {"type": "Polygon", "coordinates": [[[141.44306090909953, 38.7747903853221], [141.44312708772208, 38.774756245883424], [141.44309025482772, 38.774720410608644], [141.4430663987782, 38.77460075826569], [141.4430392343165, 38.77453952241162], [141.44300460454429, 38.774495606350456], [141.4429425063175, 38.77444408681708], [141.4428190275925, 38.77438816401234], [141.442784711334, 38.77440459501163], [141.44275235157295, 38.77442915082758], [141.44275019510968, 38.77454764701146], [141.44288929657776, 38.77463410962433], [141.44288049306397, 38.77467337124365], [141.44301401902078, 38.774814573778734], [141.44306090909953, 38.7747903853221]]]}, "properties": {"KEYCODE": "000205@B116@06@0014@0000@0000@0000", "小班": "14", "小班面積": 0.08, "林種": "天然林", "中樹種": "その他L", "林齢": 68, "齢級": 14, "所有形態": "個人", "ADDDATE": "2022-09-29", "ADDTENANT": "04000F", "ADDUSER": "pasco01", "EDITDATE": null, "EDITTENANT": "", "EDITUSER": ""}}, {"type": "Feature", "geometry": {"type": "Polygon", "coordinates": [[[141.44355089263354, 38.77607631266385], [141.44341898432708, 38.77591843859587], [141.44330714700808, 38.77575373898551], [141.4432287958964, 38.77565070062868], [141.4431779114988, 38.7755688969866], [141.44314710322683, 38.77548363635766], [141.44313511239793, 38.77541740340649], [141.44313031218613, 38.775352259045256], [141.44311767163236, 38.77534500978236], [141.4430886827682, 38.775328381977516], [141.44293127873635, 38.775360880183705], [141.44274186873778, 38.77546674681322], [141.44239735179772, 38.77570986663048], [141.44257879740871, 38.77574544561111], [141.44264938801666, 38.77577213038521], [141.44278501204766, 38.775851348261625], [141.4430587984171, 38.77596596006656], [141.44324752047717, 38.77603934097775], [141.44340036965838, 38.77609776941329], [141.44340166168638, 38.77609826356287], [141.44356588168955, 38.77615939454731], [141.4435554417954, 38.77610775695831], [141.44355089263354, 38.77607631266385]]]}, "properties": {"KEYCODE": "000205@B116@06@0015@0000@0000@0000", "小班": "15", "小班面積": 0.37, "林種": "人工林", "中樹種": "スギ", "林齢": 61, "齢級": 13, "所有形態": "個人", "ADDDATE": "2022-09-29", "ADDTENANT": "04000F", "ADDUSER": "pasco01", "EDITDATE": null, "EDITTENANT": "", "EDITUSER": ""}}, {"type": "Feature", "geometry": {"type": "Polygon", "coordinates": [[[141.44293127873635, 38.775360880183705], [141.4426988813245, 38.77515626785793], [141.44256738600532, 38.77509021285642], [141.4423896310148, 38.77493330810069], [141.44232307895587, 38.7749769156105], [141.4421786300656, 38.77506175721906], [141.44208281811868, 38.77511830964782], [141.44198858274467, 38.7751939616439], [141.44192446343217, 38.77526388023424], [141.4418561990246, 38.77535402641245], [141.44177769057353, 38.77541950638967], [141.44170772520604, 38.77547595997814], [141.44164478256715, 38.77551104391847], [141.44159178653592, 38.77553147264543], [141.44151795854964, 38.77555105662022], [141.44150147399034, 38.77555542973643], [141.44163218388323, 38.77555491071959], [141.4417298930203, 38.775559004741574], [141.4418565049174, 38.7755854614063], [141.4420320778385, 38.77562857171776], [141.44218891777626, 38.77566388757368], [141.44234373344943, 38.7756991966503], [141.4423486329543, 38.77570031434636], [141.44239735179772, 38.77570986663048], [141.44274186873778, 38.77546674681322], [141.44293127873635, 38.775360880183705]]]}, "properties": {"KEYCODE": "000205@B116@06@0016@0000@0000@0000", "小班": "16", "小班面積": 0.51, "林種": "人工林", "中樹種": "スギ", "林齢": 52, "齢級": 11, "所有形態": "個人", "ADDDATE": "2022-09-29", "ADDTENANT": "04000F", "ADDUSER": "pasco01", "EDITDATE": null, "EDITTENANT": "", "EDITUSER": ""}}, {"type": "Feature", "geometry": {"type": "Polygon", "coordinates": [[[141.4421786300656, 38.77506175721906], [141.44214830044854, 38.775039402906], [141.44216371736067, 38.77498879172349], [141.44212779306343, 38.77498669151027], [141.44207166099253, 38.77497118230822], [141.44204137613931, 38.77495557539295], [141.44204696145925, 38.77493421324798], [141.4420825318186, 38.77488912765995], [141.4420321042529, 38.77486911220635], [141.44204767195686, 38.77483759009237], [141.44204356564498, 38.77483866191694], [141.44196021642563, 38.774860415554286], [141.44186559043587, 38.77488438548037], [141.44171662160124, 38.774941160333306], [141.4417155671977, 38.77494181085887], [141.4416065313378, 38.77500901268055], [141.44155788631468, 38.775035049303504], [141.4414950850909, 38.77508810426539], [141.44143383282326, 38.7751568815579], [141.4414026974435, 38.775218790498315], [141.4413903225389, 38.77529187104289], [141.44137339220305, 38.775332382021375], [141.44134642164025, 38.77537517853672], [141.44131511649599, 38.77541575528266], [141.44129241374605, 38.77545291794468], [141.4414446435359, 38.77538371421609], [141.44152955215245, 38.775378266129664], [141.44170772520604, 38.77547595997814], [141.44177769057353, 38.77541950638967], [141.4418561990246, 38.77535402641245], [141.44192446343217, 38.77526388023424], [141.44198858274467, 38.7751939616439], [141.44208281811868, 38.77511830964782], [141.4421786300656, 38.77506175721906]]]}, "properties": {"KEYCODE": "000205@B116@06@0016@0001@0000@0000", "小班": "16-1", "小班面積": 0.27, "林種": "人工林", "中樹種": "ヒノキ類", "林齢": 49, "齢級": 10, "所有形態": "個人", "ADDDATE": "2022-09-29", "ADDTENANT": "04000F", "ADDUSER": "pasco01", "EDITDATE": null, "EDITTENANT": "", "EDITUSER": ""}}, {"type": "Feature", "geometry": {"type": "Polygon", "coordinates": [[[141.44150147399034, 38.77555542973643], [141.44151795854964, 38.77555105662022], [141.44159178653592, 38.77553147264543], [141.44164478256715, 38.77551104391847], [141.44170772520604, 38.77547595997814], [141.44152955215245, 38.775378266129664], [141.4414446435359, 38.77538371421609], [141.44129241374605, 38.77545291794468], [141.4412551061112, 38.775439046436894], [141.4412339364204, 38.77531258704875], [141.44114580835017, 38.77526155961333], [141.4410424973649, 38.77525136998713], [141.44095634520465, 38.7752700240117], [141.44093908693944, 38.77526784349979], [141.44091315591368, 38.77525671720109], [141.4408784813674, 38.77523101582169], [141.44077042868338, 38.77526923195228], [141.44070554871158, 38.775266708834515], [141.44065729011396, 38.77523414924803], [141.44063326097034, 38.77528593019698], [141.4405978017417, 38.775345609169726], [141.44051956128695, 38.77544704049449], [141.440448382925, 38.775531580345714], [141.4403854756779, 38.77557227596431], [141.4403295650054, 38.775587106720636], [141.4402691649656, 38.77557724127043], [141.44027961187894, 38.775629996230734], [141.4402855789971, 38.7756591810724], [141.44045522210132, 38.77567760415607], [141.4405744290778, 38.775674875838035], [141.44062458653593, 38.77565894874968], [141.4406588415243, 38.7756295999547], [141.44069577543777, 38.77557552584079], [141.44071686294913, 38.775514778305876], [141.4407482788705, 38.77548993066691], [141.44077268970526, 38.775488713714154], [141.44079720334003, 38.775500972621266], [141.4408203324617, 38.775521095373435], [141.44084206439817, 38.77554460281683], [141.44087090119197, 38.77555909235878], [141.44090113836754, 38.77556907917695], [141.44093852054212, 38.77557342440924], [141.44097442803198, 38.77557215665044], [141.4410131545551, 38.77556526168367], [141.44105622410237, 38.775561721553025], [141.44108926404888, 38.77556158577279], [141.44111802459625, 38.77556708477752], [141.4411468443665, 38.77557820501468], [141.44117421412184, 38.77558933188551], [141.44123300048045, 38.775574485767386], [141.44130042474177, 38.77556298112583], [141.44141526911005, 38.77555353689673], [141.4414286238341, 38.77555382956638], [141.44150147399034, 38.77555542973643]]]}, "properties": {"KEYCODE": "000205@B116@06@0016@0002@0000@0000", "小班": "16-2", "小班面積": 0.3, "林種": "人工林", "中樹種": "スギ", "林齢": 50, "齢級": 10, "所有形態": "個人", "ADDDATE": "2022-09-29", "ADDTENANT": "04000F", "ADDUSER": "pasco01", "EDITDATE": null, "EDITTENANT": "", "EDITUSER": ""}}, {"type": "Feature", "geometry": {"type": "Polygon", "coordinates": [[[141.44204767195686, 38.77483759009237], [141.44207021566737, 38.77477907793877], [141.4420930017848, 38.77475314877622], [141.4421272908645, 38.774729420919755], [141.44217621494136, 38.77474045329227], [141.4422149512519, 38.77473355787691], [141.44227225162751, 38.77471310643922], [141.44231947675462, 38.774689320131706], [141.44235094798455, 38.77467121943233], [141.44236957775442, 38.77466552782694], [141.44238390155402, 38.77466097576144], [141.44239971164802, 38.77466203749637], [141.44241267333425, 38.77466647348973], [141.44242566376127, 38.77467428856691], [141.44244158655104, 38.77468995312139], [141.44245892675207, 38.77470448417461], [141.4424834117429, 38.7747133735536], [141.44251648002583, 38.77471661555743], [141.44258535125826, 38.77470621973578], [141.44264414424578, 38.77469362509668], [141.4428035593302, 38.774704483789385], [141.44270936665143, 38.774629192176505], [141.44263808505374, 38.77459420393419], [141.44264397029252, 38.774573083436394], [141.44255200799546, 38.774485311759804], [141.4422097651778, 38.77457392301861], [141.44189243685082, 38.77467332231987], [141.44143193163058, 38.77488256351206], [141.44111362975028, 38.77493669608762], [141.44079763572978, 38.77494548306007], [141.44056600857803, 38.774926930298385], [141.44044745750782, 38.774909411317054], [141.4399697220275, 38.77483881198316], [141.43997179466433, 38.77493241532131], [141.4399213513688, 38.77503928296935], [141.4400575310319, 38.77503857606708], [141.44025210777443, 38.775079509349425], [141.4403188491699, 38.775117552317234], [141.44034021654647, 38.77509387407837], [141.44038310048512, 38.77506561566344], [141.4404347131054, 38.77505304952189], [141.44049656273708, 38.77506290825842], [141.44055544968003, 38.77506267347885], [141.44060856861117, 38.77505796509709], [141.44062584387896, 38.775063514895066], [141.44064180129305, 38.77508479115303], [141.4406448839987, 38.77511174775377], [141.44064965328357, 38.775173514052966], [141.44065729011396, 38.77523414924803], [141.44070554871158, 38.775266708834515], [141.44077042868338, 38.77526923195228], [141.4408784813674, 38.77523101582169], [141.44091315591368, 38.77525671720109], [141.44093908693944, 38.77526784349979], [141.44095634520465, 38.7752700240117], [141.4410424973649, 38.77525136998713], [141.44114580835017, 38.77526155961333], [141.4412339364204, 38.77531258704875], [141.4412551061112, 38.775439046436894], [141.44129241374605, 38.77545291794468], [141.44131511649599, 38.77541575528266], [141.44134642164025, 38.77537517853672], [141.44137339220305, 38.775332382021375], [141.4413903225389, 38.77529187104289], [141.4414026974435, 38.775218790498315], [141.44143383282326, 38.7751568815579], [141.4414950850909, 38.77508810426539], [141.44155788631468, 38.775035049303504], [141.4416065313378, 38.77500901268055], [141.4417155671977, 38.77494181085887], [141.44171662160124, 38.774941160333306], [141.44186559043587, 38.77488438548037], [141.44196021642563, 38.774860415554286], [141.44204356564498, 38.77483866191694], [141.44204767195686, 38.77483759009237]]]}, "properties": {"KEYCODE": "000205@B116@06@0016@0003@0000@0000", "小班": "16-3", "小班面積": 0.62, "林種": "天然林", "中樹種": "その他L", "林齢": 65, "齢級": 13, "所有形態": "個人", "ADDDATE": "2022-09-29", "ADDTENANT": "04000F", "ADDUSER": "pasco01", "EDITDATE": null, "EDITTENANT": "", "EDITUSER": ""}}, {"type": "Feature", "geometry": {"type": "Polygon", "coordinates": [[[141.4423896310148, 38.77493330810069], [141.44242314219974, 38.77491134995475], [141.4424325924928, 38.77490507195446], [141.44245886973752, 38.77488761450484], [141.44248311331995, 38.77486392088444], [141.44250724303694, 38.77482562534115], [141.44253986159546, 38.7747704470246], [141.44258535125826, 38.77470621973578], [141.44251648002583, 38.77471661555743], [141.4424834117429, 38.7747133735536], [141.44245892675207, 38.77470448417461], [141.44244158655104, 38.77468995312139], [141.44242566376127, 38.77467428856691], [141.44241267333425, 38.77466647348973], [141.44239971164802, 38.77466203749637], [141.44238390155402, 38.77466097576144], [141.44236957775442, 38.77466552782694], [141.44235094798455, 38.77467121943233], [141.44231947675462, 38.774689320131706], [141.44227225162751, 38.77471310643922], [141.4422149512519, 38.77473355787691], [141.44217621494136, 38.77474045329227], [141.4421272908645, 38.774729420919755], [141.4420930017848, 38.77475314877622], [141.44207021566737, 38.77477907793877], [141.44204767195686, 38.77483759009237], [141.4420321042529, 38.77486911220635], [141.4420825318186, 38.77488912765995], [141.44204696145925, 38.77493421324798], [141.44204137613931, 38.77495557539295], [141.44207166099253, 38.77497118230822], [141.44212779306343, 38.77498669151027], [141.44216371736067, 38.77498879172349], [141.44214830044854, 38.775039402906], [141.4421786300656, 38.77506175721906], [141.44232307895587, 38.7749769156105], [141.4423896310148, 38.77493330810069]]]}, "properties": {"KEYCODE": "000205@B116@06@0016@0004@0000@0000", "小班": "16-4", "小班面積": 0.12, "林種": "人工林", "中樹種": "ヒノキ類", "林齢": 42, "齢級": 9, "所有形態": "個人", "ADDDATE": "2022-09-29", "ADDTENANT": "04000F", "ADDUSER": "pasco01", "EDITDATE": null, "EDITTENANT": "", "EDITUSER": ""}}, {"type": "Feature", "geometry": {"type": "Polygon", "coordinates": [[[141.4402691649656, 38.77557724127043], [141.4403295650054, 38.775587106720636], [141.4403854756779, 38.77557227596431], [141.440448382925, 38.775531580345714], [141.44051956128695, 38.77544704049449], [141.4405978017417, 38.775345609169726], [141.44063326097034, 38.77528593019698], [141.44065729011396, 38.77523414924803], [141.44064965328357, 38.775173514052966], [141.4406448839987, 38.77511174775377], [141.44064180129305, 38.77508479115303], [141.44062584387896, 38.775063514895066], [141.44060856861117, 38.77505796509709], [141.44055544968003, 38.77506267347885], [141.44049656273708, 38.77506290825842], [141.4404347131054, 38.77505304952189], [141.44038310048512, 38.77506561566344], [141.44034021654647, 38.77509387407837], [141.4403188491699, 38.775117552317234], [141.4402589124472, 38.7751705926402], [141.44021624536964, 38.7752258125936], [141.44019379316333, 38.77529667600521], [141.44019297854243, 38.775301179275466], [141.44018138006953, 38.77536526118615], [141.44013860223777, 38.77540240534541], [141.44008366683659, 38.775387673650215], [141.44003358993535, 38.77529926361751], [141.43994489943492, 38.77518173545922], [141.43989112628825, 38.77519631617552], [141.43982800909066, 38.77529389472523], [141.4398123233788, 38.77538336144312], [141.43980326276466, 38.775499967295346], [141.43981292469303, 38.77556212895196], [141.439831176262, 38.775667866177955], [141.4401793284841, 38.77557309884142], [141.4402691649656, 38.77557724127043]]]}, "properties": {"KEYCODE": "000205@B116@06@0017@0000@0000@0000", "小班": "17", "小班面積": 0.3, "林種": "人工林", "中樹種": "スギ", "林齢": 90, "齢級": 18, "所有形態": "個人", "ADDDATE": "2022-09-29", "ADDTENANT": "04000F", "ADDUSER": "pasco01", "EDITDATE": null, "EDITTENANT": "", "EDITUSER": ""}}, {"type": "Feature", "geometry": {"type": "Polygon", "coordinates": [[[141.43959083307442, 38.77523445585127], [141.43960008493434, 38.775053943544044], [141.43961566292933, 38.7749825879829], [141.43961602743255, 38.774980919446996], [141.43955677273362, 38.774970467511416], [141.43938182092802, 38.7751301232823], [141.43926880759153, 38.77516074222933], [141.439211780952, 38.775222535283014], [141.43921314120834, 38.77527544465772], [141.43938743636514, 38.77523026402653], [141.43949228888394, 38.77522871934647], [141.43957994975673, 38.77523285827608], [141.43959083307442, 38.77523445585127]]]}, "properties": {"KEYCODE": "000205@B116@06@0018@0000@0000@0000", "小班": "18", "小班面積": 0.06, "林種": "人工林", "中樹種": "スギ", "林齢": 103, "齢級": 21, "所有形態": "個人", "ADDDATE": "2022-09-29", "ADDTENANT": "04000F", "ADDUSER": "pasco01", "EDITDATE": null, "EDITTENANT": "", "EDITUSER": ""}}, {"type": "Feature", "geometry": {"type": "Polygon", "coordinates": [[[141.43957760399525, 38.77551001546731], [141.43957687387945, 38.775506832809974], [141.43959083307442, 38.77523445585127], [141.43957994975673, 38.77523285827608], [141.43949228888394, 38.77522871934647], [141.43938743636514, 38.77523026402653], [141.43921314120834, 38.77527544465772], [141.43921631258223, 38.77539496899709], [141.4392398318902, 38.7755148581048], [141.43930446271824, 38.77559604265722], [141.43936609275625, 38.77563703245032], [141.43943074292395, 38.77563902057267], [141.43957760399525, 38.77551001546731]]]}, "properties": {"KEYCODE": "000205@B116@06@0019@0000@0000@0000", "小班": "19", "小班面積": 0.13, "林種": "竹林", "中樹種": "タケ", "林齢": null, "齢級": null, "所有形態": "個人", "ADDDATE": "2022-09-29", "ADDTENANT": "04000F", "ADDUSER": "pasco01", "EDITDATE": null, "EDITTENANT": "", "EDITUSER": ""}}, {"type": "Feature", "geometry": {"type": "Polygon", "coordinates": [[[141.439831176262, 38.775667866177955], [141.43981292469303, 38.77556212895196], [141.43980326276466, 38.775499967295346], [141.4398123233788, 38.77538336144312], [141.43982800909066, 38.77529389472523], [141.43989112628825, 38.77519631617552], [141.43994489943492, 38.77518173545922], [141.44003358993535, 38.77529926361751], [141.44008366683659, 38.775387673650215], [141.44013860223777, 38.77540240534541], [141.44018138006953, 38.77536526118615], [141.44019297854243, 38.775301179275466], [141.44019379316333, 38.77529667600521], [141.44021624536964, 38.7752258125936], [141.4402589124472, 38.7751705926402], [141.4403188491699, 38.775117552317234], [141.44025210777443, 38.775079509349425], [141.4400575310319, 38.77503857606708], [141.4399213513688, 38.77503928296935], [141.43997179466433, 38.77493241532131], [141.4399697220275, 38.77483881198316], [141.43965514671802, 38.774801724232304], [141.43961602743255, 38.774980919446996], [141.43961566292933, 38.7749825879829], [141.43960008493434, 38.775053943544044], [141.43959083307442, 38.77523445585127], [141.43957687387945, 38.775506832809974], [141.43957760399525, 38.77551001546731], [141.43964228405454, 38.77579176000417], [141.4396565713883, 38.775814253151026], [141.43980435341263, 38.77573665402227], [141.439831176262, 38.775667866177955]]]}, "properties": {"KEYCODE": "000205@B116@06@0020@0001@0000@0000", "小班": "20-1", "小班面積": 0.33, "林種": "天然林", "中樹種": "その他L", "林齢": 55, "齢級": 11, "所有形態": "個人", "ADDDATE": "2022-09-29", "ADDTENANT": "04000F", "ADDUSER": "pasco01", "EDITDATE": null, "EDITTENANT": "", "EDITUSER": ""}}, {"type": "Feature", "geometry": {"type": "Polygon", "coordinates": [[[141.43781944568852, 38.77541497620503], [141.43776687004683, 38.77522994333751], [141.43776425361864, 38.77523001542728], [141.43771691479276, 38.775239188062265], [141.43766673062171, 38.77525062851557], [141.43760648625945, 38.77526322815751], [141.43753760415453, 38.775272485983194], [141.43750321109076, 38.77528273573097], [141.43744301286412, 38.77530094758995], [141.43735125441404, 38.77532266573756], [141.4373645572314, 38.775373162992445], [141.43738056117482, 38.775400061906204], [141.43741391722514, 38.77544150066651], [141.43755454605918, 38.775422962201425], [141.43765941584465, 38.775424788401345], [141.43777862254439, 38.77542206293761], [141.43781944568852, 38.77541497620503]]]}, "properties": {"KEYCODE": "000205@B116@07@0001@0000@0000@0000", "小班": "1", "小班面積": 0.07, "林種": "人工林", "中樹種": "マツ類", "林齢": 71, "齢級": 15, "所有形態": "個人", "ADDDATE": "2022-09-29", "ADDTENANT": "04000F", "ADDUSER": "pasco01", "EDITDATE": null, "EDITTENANT": "", "EDITUSER": ""}}, {"type": "Feature", "geometry": {"type": "Polygon", "coordinates": [[[141.43805548433784, 38.775908555820216], [141.43802127371674, 38.775863977566736], [141.43781150286213, 38.77550773409839], [141.43773144848032, 38.775533544204364], [141.43754629701795, 38.77563592189562], [141.43737039759685, 38.775811937898666], [141.43755391116372, 38.7759094140898], [141.4376284531529, 38.7758888938016], [141.4376916638466, 38.775890890328725], [141.43776501802742, 38.77590295134506], [141.43782981696174, 38.77592403933276], [141.43790631522225, 38.775973163691205], [141.43794233475876, 38.775986499695804], [141.4379724789458, 38.77598413656357], [141.43799828105645, 38.775977291443894], [141.43802262769705, 38.77596708362338], [141.4380397563812, 38.77595240960131], [141.43804825474314, 38.77593664601432], [141.4380552502435, 38.77591190743801], [141.43805548433784, 38.775908555820216]]]}, "properties": {"KEYCODE": "000205@B116@07@0002@0000@0000@0000", "小班": "2", "小班面積": 0.17, "林種": "人工林", "中樹種": "マツ類", "林齢": 58, "齢級": 12, "所有形態": "個人", "ADDDATE": "2022-09-29", "ADDTENANT": "04000F", "ADDUSER": "pasco01", "EDITDATE": null, "EDITTENANT": "", "EDITUSER": ""}}, {"type": "Feature", "geometry": {"type": "Polygon", "coordinates": [[[141.4378374967685, 38.775478500926454], [141.43781944568852, 38.77541497620503], [141.43777862254439, 38.77542206293761], [141.43765941584465, 38.775424788401345], [141.43755454605918, 38.775422962201425], [141.43741391722514, 38.77544150066651], [141.43738056117482, 38.775400061906204], [141.4373645572314, 38.775373162992445], [141.43735125441404, 38.77532266573756], [141.43728812544046, 38.77533302790128], [141.4372321680412, 38.77534223587042], [141.43718188151436, 38.775340190333196], [141.43711286134564, 38.77533035787896], [141.43711262983618, 38.775330881590754], [141.437086027089, 38.77539112635457], [141.43705648288338, 38.7754732337709], [141.43705647388953, 38.775473259042265], [141.43701706957933, 38.77558013688142], [141.43700252871002, 38.77560801343183], [141.43704555467428, 38.77561456586351], [141.4370623977771, 38.775610778902625], [141.43724548240726, 38.775569614562166], [141.437363169439, 38.77554100672066], [141.43751370974874, 38.775551534715234], [141.43761931363832, 38.77553668259799], [141.43772327075268, 38.775514893046385], [141.4378374967685, 38.775478500926454]]]}, "properties": {"KEYCODE": "000205@B116@07@0002@0002@0000@0000", "小班": "2-2", "小班面積": 0.12, "林種": "人工林", "中樹種": "スギ", "林齢": 58, "齢級": 12, "所有形態": "個人", "ADDDATE": "2022-09-29", "ADDTENANT": "04000F", "ADDUSER": "pasco01", "EDITDATE": null, "EDITTENANT": "", "EDITUSER": ""}}, {"type": "Feature", "geometry": {"type": "Polygon", "coordinates": [[[141.43805548433784, 38.775908555820216], [141.4380552502435, 38.77591190743801], [141.43804825474314, 38.77593664601432], [141.4380397563812, 38.77595240960131], [141.43802262769705, 38.77596708362338], [141.43799828105645, 38.775977291443894], [141.4379724789458, 38.77598413656357], [141.43794233475876, 38.775986499695804], [141.43790631522225, 38.775973163691205], [141.43782981696174, 38.77592403933276], [141.43776501802742, 38.77590295134506], [141.4376916638466, 38.775890890328725], [141.4376284531529, 38.7758888938016], [141.43755391116372, 38.7759094140898], [141.4376462574818, 38.77596409714797], [141.43771983427084, 38.77595752665486], [141.43785355583398, 38.775999025465794], [141.43796220667127, 38.776100719710364], [141.4379325109115, 38.776165199523334], [141.43794952524553, 38.77617745818463], [141.4381040812834, 38.77629142904084], [141.43815958859352, 38.776326965636606], [141.43830330590845, 38.77635995915408], [141.43840483407683, 38.77637516576633], [141.438509009544, 38.77644473984483], [141.43858634771377, 38.77644551319427], [141.43851336720974, 38.77638991349915], [141.4383554468495, 38.77626960303211], [141.438202375592, 38.776099965196124], [141.43805548433784, 38.775908555820216]]]}, "properties": {"KEYCODE": "000205@B116@07@0002@0001@0000@0000", "小班": "2-1", "小班面積": 0.13, "林種": "人工林", "中樹種": "マツ類", "林齢": 58, "齢級": 12, "所有形態": "個人", "ADDDATE": "2022-09-29", "ADDTENANT": "04000F", "ADDUSER": "pasco01", "EDITDATE": null, "EDITTENANT": "", "EDITUSER": ""}}, {"type": "Feature", "geometry": {"type": "Polygon", "coordinates": [[[141.43732601597785, 38.77616646173857], [141.4373546491477, 38.77615399859924], [141.43736237772745, 38.77614996591388], [141.43740071579535, 38.77612995810675], [141.43742189860671, 38.776118903712785], [141.43752913647575, 38.776053314165765], [141.4376462574818, 38.77596409714797], [141.43755391116372, 38.7759094140898], [141.43737039759685, 38.775811937898666], [141.43754629701795, 38.77563592189562], [141.43773144848032, 38.775533544204364], [141.4376247770342, 38.775555536985074], [141.4375115472645, 38.77557226634549], [141.43736451124946, 38.77556105357839], [141.43725198143412, 38.775588463615236], [141.43708535936833, 38.77562630242106], [141.43704787633104, 38.77563481486763], [141.43699280483335, 38.775626548103304], [141.43689307420934, 38.77561157871954], [141.43682599008326, 38.775599213608544], [141.43679636626194, 38.77558956490508], [141.4367871267513, 38.77560481061482], [141.4368444812059, 38.77565482910724], [141.4368449929903, 38.77568414860499], [141.43685293115797, 38.776138562935074], [141.43686500707864, 38.77625926385361], [141.43687456409367, 38.77625956134058], [141.43698832395268, 38.776339701558264], [141.43707473285352, 38.77636856021648], [141.4371675507003, 38.77629638071868], [141.43723000706623, 38.77619605751093], [141.43732601597785, 38.77616646173857]]]}, "properties": {"KEYCODE": "000205@B116@07@0004@0000@0000@0000", "小班": "4", "小班面積": 0.42, "林種": "人工林", "中樹種": "スギ", "林齢": 67, "齢級": 14, "所有形態": "個人", "ADDDATE": "2022-09-29", "ADDTENANT": "04000F", "ADDUSER": "pasco01", "EDITDATE": null, "EDITTENANT": "", "EDITUSER": ""}}, {"type": "Feature", "geometry": {"type": "Polygon", "coordinates": [[[141.43686500707864, 38.77625926385361], [141.43685293115797, 38.776138562935074], [141.4368449929903, 38.77568414860499], [141.4368444812059, 38.77565482910724], [141.4367871267513, 38.77560481061482], [141.436766474632, 38.77563267544907], [141.43673793555232, 38.77567118086341], [141.4366368394982, 38.77566380199613], [141.43641265270853, 38.775678754414024], [141.4363190351962, 38.77613174238644], [141.4362913380212, 38.77626372950903], [141.43629554536105, 38.776301563161546], [141.43630076056925, 38.77634838248663], [141.43630726469567, 38.77637141168926], [141.43639700114713, 38.77641018328003], [141.4363702996785, 38.776306575578126], [141.43640534634284, 38.776237746982154], [141.43669236042473, 38.77614202893953], [141.43686412642944, 38.77625923596948], [141.43686500707864, 38.77625926385361]]]}, "properties": {"KEYCODE": "000205@B116@07@0007@0000@0000@0000", "小班": "7", "小班面積": 0.27, "林種": "天然林", "中樹種": "その他L", "林齢": 76, "齢級": 16, "所有形態": "個人", "ADDDATE": "2022-09-29", "ADDTENANT": "04000F", "ADDUSER": "pasco01", "EDITDATE": null, "EDITTENANT": "", "EDITUSER": ""}}, {"type": "Feature", "geometry": {"type": "Polygon", "coordinates": [[[141.43641265270853, 38.775678754414024], [141.4366368394982, 38.77566380199613], [141.43673793555232, 38.77567118086341], [141.436766474632, 38.77563267544907], [141.4367871267513, 38.77560481061482], [141.43679636626194, 38.77558956490508], [141.43677811548758, 38.77549554325063], [141.436747517469, 38.77547544024117], [141.43667594136087, 38.77545743344504], [141.43667407532027, 38.775456963805595], [141.43660951899315, 38.77548439401172], [141.43658934757696, 38.77549295748547], [141.4365318092614, 38.775517400109344], [141.43647104888512, 38.77555268261645], [141.4363434489103, 38.775626776155185], [141.43625404153656, 38.7756763178862], [141.43625679674852, 38.77567741807191], [141.43628196435873, 38.77568747097906], [141.43641265270853, 38.775678754414024]]]}, "properties": {"KEYCODE": "000205@B116@07@0008@0000@0000@0000", "小班": "8", "小班面積": 0.07, "林種": "人工林", "中樹種": "スギ", "林齢": 100, "齢級": 20, "所有形態": "個人", "ADDDATE": "2022-09-29", "ADDTENANT": "04000F", "ADDUSER": "pasco01", "EDITDATE": null, "EDITTENANT": "", "EDITUSER": ""}}, {"type": "Feature", "geometry": {"type": "Polygon", "coordinates": [[[141.43711286134564, 38.77533035787896], [141.4371029433976, 38.77533037037985], [141.43709454167896, 38.77533700108697], [141.43705993967427, 38.77536343175399], [141.43676577594545, 38.77545975157494], [141.43678765991976, 38.77546868350514], [141.4368064042242, 38.775496991752455], [141.43681986810964, 38.77557333564881], [141.43683127463075, 38.775578979375226], [141.43689822724724, 38.77559212893605], [141.43700252871002, 38.77560801343183], [141.43701706957933, 38.77558013688142], [141.43705647388953, 38.775473259042265], [141.43705648288338, 38.7754732337709], [141.437086027089, 38.77539112635457], [141.43711262983618, 38.775330881590754], [141.43711286134564, 38.77533035787896]]]}, "properties": {"KEYCODE": "000205@B116@07@0008@0001@0000@0000", "小班": "8-1", "小班面積": 0.05, "林種": "人工林", "中樹種": "スギ", "林齢": 100, "齢級": 20, "所有形態": "個人", "ADDDATE": "2022-09-29", "ADDTENANT": "04000F", "ADDUSER": "pasco01", "EDITDATE": null, "EDITTENANT": "", "EDITUSER": ""}}, {"type": "Feature", "geometry": {"type": "Polygon", "coordinates": [[[141.43705993967427, 38.77536343175399], [141.43700784579428, 38.77533265621183], [141.4368431712354, 38.77534670924557], [141.4367555760052, 38.775354183989606], [141.43664720297394, 38.77540916621875], [141.4366863877802, 38.77543763922939], [141.43670072886354, 38.77544163360544], [141.43676577594545, 38.77545975157494], [141.43705993967427, 38.77536343175399]]]}, "properties": {"KEYCODE": "000205@B116@07@0008@0002@0000@0000", "小班": "8-2", "小班面積": 0.03, "林種": "人工林", "中樹種": "スギ", "林齢": 100, "齢級": 20, "所有形態": "個人", "ADDDATE": "2022-09-29", "ADDTENANT": "04000F", "ADDUSER": "pasco01", "EDITDATE": null, "EDITTENANT": "", "EDITUSER": ""}}, {"type": "Feature", "geometry": {"type": "Polygon", "coordinates": [[[141.43641265270853, 38.775678754414024], [141.43628196435873, 38.77568747097906], [141.43625679674852, 38.77567741807191], [141.43625404153656, 38.7756763178862], [141.43621632004104, 38.77568864566141], [141.4361481672062, 38.77571091765667], [141.4360126387729, 38.77578738773521], [141.43591695132906, 38.775841378653666], [141.4357576590401, 38.7759615857107], [141.43563859579768, 38.77608534193334], [141.43571056819206, 38.77611566427562], [141.43590221536462, 38.77619640495781], [141.43611850416465, 38.776289854996236], [141.43630726469567, 38.77637141168926], [141.43630076056925, 38.77634838248663], [141.43629554536105, 38.776301563161546], [141.4362913380212, 38.77626372950903], [141.4363190351962, 38.77613174238644], [141.43641265270853, 38.775678754414024]]]}, "properties": {"KEYCODE": "000205@B117@01@0014@0002@0000@0000", "小班": "14-2", "小班面積": 0.29, "林種": "天然林", "中樹種": "その他L", "林齢": 63, "齢級": 13, "所有形態": "個人", "ADDDATE": "2022-09-29", "ADDTENANT": "04000F", "ADDUSER": "pasco01", "EDITDATE": null, "EDITTENANT": "", "EDITUSER": ""}}, {"type": "Feature", "geometry": {"type": "Polygon", "coordinates": [[[141.4503130755617, 38.764417712230376], [141.45015666466622, 38.76442380440376], [141.4501194657403, 38.764470202880425], [141.450073731887, 38.764516166208075], [141.4500360816888, 38.76458661360509], [141.45000633342275, 38.764665381361446], [141.45000603284447, 38.76470144558869], [141.45007258078087, 38.76467370737892], [141.45015601372506, 38.7646074750648], [141.45021986387198, 38.76454961712656], [141.4503130755617, 38.764417712230376]]]}, "properties": {"KEYCODE": "000205@B073@02@0022@0000@0000@0000", "小班": "22", "小班面積": 0.04, "林種": "竹林", "中樹種": "タケ", "林齢": null, "齢級": null, "所有形態": "個人", "ADDDATE": "2022-09-29", "ADDTENANT": "04000F", "ADDUSER": "pasco01", "EDITDATE": null, "EDITTENANT": "", "EDITUSER": ""}}, {"type": "Feature", "geometry": {"type": "Polygon", "coordinates": [[[141.44800686459854, 38.76048418727076], [141.4479534201581, 38.76046773967519], [141.4478944997538, 38.760445229923235], [141.44781977185738, 38.76040697549265], [141.44771487068954, 38.76033722230914], [141.4476286359089, 38.760278722154126], [141.44742886293378, 38.76011447823136], [141.44732393305415, 38.760027852051095], [141.44718309530623, 38.7599322243739], [141.4470422584601, 38.75985009186999], [141.44688562248328, 38.75977582583089], [141.4467634789189, 38.75972406299975], [141.44663127358461, 38.759675668116124], [141.44649763835403, 38.75964301915372], [141.44639130719779, 38.75961711864625], [141.4462476336104, 38.759601331779436], [141.4461700453022, 38.75959569453871], [141.44614418965003, 38.759610298416895], [141.4461255209321, 38.759647404909465], [141.44611405028638, 38.75968113946276], [141.44611263921297, 38.75973961470403], [141.44611840500565, 38.759786853338895], [141.44613997734984, 38.75984870353788], [141.44617017861395, 38.7599116877556], [141.44621474446484, 38.75998480374058], [141.44623919239095, 38.760034286720774], [141.44623633864657, 38.760068022043406], [141.44621910741006, 38.76010625613328], [141.44619757561406, 38.760148980289834], [141.44616024453515, 38.76021306723243], [141.44614303766815, 38.760277164867546], [141.44614880327978, 38.76031764771443], [141.44616604774038, 38.76034014264087], [141.44620197448782, 38.760364899039004], [141.44625372049427, 38.76039752824095], [141.44630257828135, 38.76042340597324], [141.44633706844274, 38.760440278957645], [141.4463701123302, 38.76044142094911], [141.44646204893456, 38.76042007316812], [141.4465597465932, 38.76040773192823], [141.44660429396055, 38.7604111197802], [141.4466445199698, 38.76042462928048], [141.4466574629941, 38.760439254898046], [141.44665891173912, 38.76046736320729], [141.44665173260327, 38.760487607867304], [141.44662445329143, 38.760520210116525], [141.446579932499, 38.76056967741538], [141.4465670068118, 38.760592167511874], [141.44656702479963, 38.76061577977367], [141.4465828272234, 38.7606337777472], [141.44660438652542, 38.760649529320276], [141.4466733539235, 38.760650671016236], [141.44688312290384, 38.76064623675232], [141.44713310575074, 38.76063506758301], [141.44740034864904, 38.760644140311406], [141.44767333565673, 38.76066557849786], [141.4477516259287, 38.76067738395132], [141.44789089383065, 38.7606983848602], [141.4479957823839, 38.760557479887865], [141.44800686459854, 38.76048418727076]]]}, "properties": {"KEYCODE": "000205@B077@01@0002@0000@0000@0000", "小班": "2", "小班面積": 1.15, "林種": "伐採跡地", "中樹種": "", "林齢": null, "齢級": null, "所有形態": "個人", "ADDDATE": "2022-09-29", "ADDTENANT": "04000F", "ADDUSER": "pasco01", "EDITDATE": null, "EDITTENANT": "", "EDITUSER": ""}}, {"type": "Feature", "geometry": {"type": "Polygon", "coordinates": [[[141.44789089383065, 38.7606983848602], [141.4477516259287, 38.76067738395132], [141.44767333565673, 38.76066557849786], [141.44740034864904, 38.760644140311406], [141.44713310575074, 38.76063506758301], [141.44688312290384, 38.76064623675232], [141.4466733539235, 38.760650671016236], [141.44660438652542, 38.760649529320276], [141.4465828272234, 38.7606337777472], [141.44656702479963, 38.76061577977367], [141.4465670068118, 38.760592167511874], [141.446579932499, 38.76056967741538], [141.44662445329143, 38.760520210116525], [141.44665173260327, 38.760487607867304], [141.44665891173912, 38.76046736320729], [141.4466574629941, 38.760439254898046], [141.4466445199698, 38.76042462928048], [141.44660429396055, 38.7604111197802], [141.4465597465932, 38.76040773192823], [141.44646204893456, 38.76042007316812], [141.4463701123302, 38.76044142094911], [141.44633706844274, 38.760440278957645], [141.44630257828135, 38.76042340597324], [141.44625372049427, 38.76039752824095], [141.44620197448782, 38.760364899039004], [141.44616604774038, 38.76034014264087], [141.44614880327978, 38.76031764771443], [141.44614303766815, 38.760277164867546], [141.44616024453515, 38.76021306723243], [141.44619757561406, 38.760148980289834], [141.44621910741006, 38.76010625613328], [141.44623633864657, 38.760068022043406], [141.44623919239095, 38.760034286720774], [141.44621474446484, 38.75998480374058], [141.44617017861395, 38.7599116877556], [141.44613997734984, 38.75984870353788], [141.44611840500565, 38.759786853338895], [141.44611263921297, 38.75973961470403], [141.44611405028638, 38.75968113946276], [141.4461255209321, 38.759647404909465], [141.44614418965003, 38.759610298416895], [141.4461700453022, 38.75959569453871], [141.4462476336104, 38.759601331779436], [141.44639130719779, 38.75961711864625], [141.44649763835403, 38.75964301915372], [141.44663127358461, 38.759675668116124], [141.4467634789189, 38.75972406299975], [141.44688562248328, 38.75977582583089], [141.4470422584601, 38.75985009186999], [141.44718309530623, 38.7599322243739], [141.44732393305415, 38.760027852051095], [141.44742886293378, 38.76011447823136], [141.4476286359089, 38.760278722154126], [141.44771487068954, 38.76033722230914], [141.44781977185738, 38.76040697549265], [141.4478944997538, 38.760445229923235], [141.4479534201581, 38.76046773967519], [141.44800686459854, 38.76048418727076], [141.4480104164242, 38.76046070127994], [141.4481875566165, 38.760367212013776], [141.44821978796384, 38.76034446432311], [141.44814442512924, 38.76026762106672], [141.44804956016281, 38.76018212276749], [141.447927402294, 38.76008312751349], [141.44772475844184, 38.759942502536106], [141.44754654144145, 38.75981649642979], [141.44740570626902, 38.759733238239996], [141.44742003824348, 38.759646651258365], [141.44747744456126, 38.759501596233164], [141.44752624642854, 38.75938915271054], [141.4475879715735, 38.75924073172363], [141.44753719041069, 38.75904519166211], [141.44728576676764, 38.759115971319424], [141.44718232525358, 38.75914406388302], [141.4470602094434, 38.759172146305225], [141.44695098025716, 38.75909113598004], [141.4468294687633, 38.75899413343298], [141.4468043928559, 38.75897411571382], [141.44685610392824, 38.758931394289306], [141.4469968866555, 38.758845954321046], [141.44713910197655, 38.75877064078677], [141.44719656002923, 38.75873129440025], [141.44723247551042, 38.75870093491522], [141.4472798711227, 38.75865146216616], [141.44732008881138, 38.75860085504397], [141.44735885112118, 38.758526635081665], [141.4473617081196, 38.7584760260113], [141.44735306291076, 38.75839616325963], [141.4473257292953, 38.75829043498778], [141.44756714581865, 38.7583951014839], [141.44787035287422, 38.75850541462474], [141.4480111744475, 38.7585470691853], [141.44805427658426, 38.75854708574655], [141.4480988135288, 38.75854147318308], [141.448154841909, 38.758531367770814], [141.44820656299933, 38.75851676251605], [141.44824966207185, 38.75849765309748], [141.4482841261143, 38.758447049788344], [141.44830423226713, 38.758388566240896], [141.44830996989202, 38.758355950810916], [141.44830133565276, 38.75833795228573], [141.4482582292674, 38.75834131418034], [141.44820219662373, 38.7583401765398], [141.4481476017759, 38.75833228363279], [141.44810305827102, 38.75832102255314], [141.44800964771466, 38.7582962537344], [141.4478530264734, 38.758262465939694], [141.4476849138294, 38.75822080958986], [141.44762743021084, 38.75819267147534], [141.44759724672372, 38.75815329898818], [141.4475814235901, 38.758113923998835], [141.447581403555, 38.758029574537126], [141.4476000559011, 38.757980090543256], [141.4476330883912, 38.7579193680232], [141.44768479532743, 38.75785752122431], [141.44775804356354, 38.75778780359032], [141.4478399268289, 38.75774171684195], [141.44797928079498, 38.75768327300374], [141.448059734729, 38.7576664176374], [141.44825487816289, 38.75763424192829], [141.44823758279645, 38.757576717301944], [141.44820703078358, 38.75750513102615], [141.44818633020898, 38.75745663682296], [141.44808539991004, 38.75730208824055], [141.44798328934462, 38.75721243699332], [141.44780477896248, 38.75705938617874], [141.44764805684324, 38.756994444891085], [141.44754731527908, 38.757011646222594], [141.4474356026261, 38.75703201588824], [141.44734322629063, 38.75706045225642], [141.44722221129564, 38.75709909562238], [141.4472216772804, 38.75709786871002], [141.4472193845074, 38.75709857443846], [141.44701646817327, 38.757167750110256], [141.44703341408064, 38.75723121453595], [141.4470495362438, 38.757291592324535], [141.44708261103517, 38.757383830313536], [141.4471031472825, 38.75744251285995], [141.44712000961044, 38.75749069498404], [141.4471717713494, 38.75760205173009], [141.44722496064298, 38.75769992361549], [141.44717468082936, 38.75773364589388], [141.44713016166475, 38.75776962706482], [141.44707988519798, 38.75782134909739], [141.4470253152754, 38.75789557179503], [141.44692620742043, 38.75800913508205], [141.44685583930308, 38.75810359267452], [141.44673950183832, 38.75824077662285], [141.4466940163929, 38.75830466871118], [141.44664183786858, 38.75837796247008], [141.4465484943637, 38.758525278613156], [141.4464867431232, 38.75861973581452], [141.44643647472714, 38.758680458329735], [141.44640487846564, 38.75870856070543], [141.446361778956, 38.75873441622285], [141.4463100652754, 38.75875802052854], [141.44625547004262, 38.75876475811796], [141.446182181781, 38.75875461099248], [141.44609166436396, 38.75873433803782], [141.44599969765437, 38.758699443033805], [141.44616771234175, 38.75841831471637], [141.4462280181614, 38.7583071131819], [141.44628114580138, 38.75820914731868], [141.4463601306956, 38.758075329973146], [141.44641900334992, 38.75796061787062], [141.44645068403543, 38.757877604805834], [141.44646063205144, 38.757851536676654], [141.4464879088331, 38.75777168360615], [141.44650799264068, 38.75769295834199], [141.44651084297604, 38.75761985495694], [141.44650794444723, 38.757551250152034], [141.4465007502139, 38.75751188289499], [141.44646194629152, 38.757481502084154], [141.44639871976884, 38.75745560877613], [141.44636678394053, 38.75744637817712], [141.44625071211712, 38.75741282778857], [141.44598095941694, 38.757358811053564], [141.44596334927226, 38.757395866939795], [141.4459452574714, 38.75744858734847], [141.44592745753155, 38.75750045848534], [141.44589875538503, 38.75757918377691], [141.44588009337414, 38.757639911584405], [141.44582265232623, 38.757744498909105], [141.44578245102988, 38.757838959939896], [141.44573365991712, 38.757991905895636], [141.44569489694624, 38.75809987273004], [141.44565613077637, 38.75818983975423], [141.4456216792699, 38.758286549857424], [141.44558432081155, 38.75829216982086], [141.44553691098878, 38.75828877854994], [141.44549524041713, 38.758273014987495], [141.4454391882845, 38.758249380862864], [141.44539321275354, 38.75823474880591], [141.4453299938701, 38.75822460246769], [141.44527969505359, 38.75822121721004], [141.4453112731942, 38.75810312607562], [141.44534714629242, 38.75795579742928], [141.4453858918139, 38.75780397539534], [141.44543178774876, 38.75757454192466], [141.4454582229876, 38.757451138987655], [141.44549635318353, 38.75727313751371], [141.44549777631832, 38.75722813953029], [141.44549200749753, 38.75718989986535], [141.44548051084502, 38.75715727662728], [141.44544888425602, 38.75711565890232], [141.44539283203386, 38.75707964739755], [141.4453310452728, 38.75705263787191], [141.44532071789726, 38.7570490054962], [141.44526063817545, 38.75702787252078], [141.44520746072592, 38.75699973678622], [141.4451298585708, 38.756950225489504], [141.44505225069562, 38.75689733582648], [141.44495165275808, 38.75683207104466], [141.44512354033523, 38.75660448099015], [141.44481823680383, 38.75640047977152], [141.44455033032233, 38.75620878657035], [141.44431507140249, 38.756018921172576], [141.44427411791966, 38.755985866200874], [141.44421874651363, 38.75593641826489], [141.44419154116494, 38.75604997553139], [141.4441261920249, 38.7563350078809], [141.44419371448618, 38.75660053522272], [141.4442771956604, 38.756839069460945], [141.44430649705936, 38.757092391205354], [141.44450223751068, 38.757259167961365], [141.44473715607757, 38.75751095479508], [141.44478361541692, 38.75756887332732], [141.4448593376221, 38.75788205953307], [141.44488183556675, 38.75801899445948], [141.44489100571252, 38.758074816171124], [141.44491571018412, 38.7582251844465], [141.44501036242283, 38.75827841831701], [141.44527523682666, 38.75840502151911], [141.4455072540137, 38.75850363434268], [141.44556508833836, 38.7585905287055], [141.4455288490578, 38.75877955437789], [141.4454755084956, 38.75880791453398], [141.44528898702478, 38.75901946560606], [141.44525378797672, 38.75923879172173], [141.44525605197012, 38.75936108488033], [141.4452385916102, 38.75958406581683], [141.44528230506853, 38.75969614206823], [141.44534091049562, 38.759770852434954], [141.4454122450846, 38.75984326190184], [141.44549758957533, 38.76005923604887], [141.4455657325725, 38.76022130080934], [141.44570495971593, 38.76041959632525], [141.44576252039258, 38.76051060906319], [141.4458496587754, 38.76057293104496], [141.4458862546424, 38.76059910383699], [141.44606539066436, 38.760671362281], [141.4461317764301, 38.76068828432588], [141.44621243158232, 38.76067446517674], [141.44641325057322, 38.76073249242191], [141.44656180344157, 38.760867873794005], [141.44665340500825, 38.760951293143584], [141.44670673631427, 38.76103462497831], [141.44683399342847, 38.761167451112236], [141.44697882889798, 38.76130790545022], [141.44707277518157, 38.761550751834484], [141.44716223062454, 38.7616883706302], [141.44732786113337, 38.76184375117404], [141.44739160856787, 38.76176345320064], [141.44741831746546, 38.76169945772741], [141.44747994653696, 38.76155179320151], [141.44754722706648, 38.761490413303484], [141.44758656846008, 38.76144225212932], [141.44762961315553, 38.761236875012955], [141.44772540195797, 38.761031472881385], [141.44779350305183, 38.76093839517879], [141.44782432546575, 38.76078781136074], [141.44789089383065, 38.7606983848602]]]}, "properties": {"KEYCODE": "000205@B077@01@0003@0000@0000@0000", "小班": "3", "小班面積": 7.55, "林種": "伐採跡地", "中樹種": "", "林齢": null, "齢級": null, "所有形態": "個人", "ADDDATE": "2022-09-29", "ADDTENANT": "04000F", "ADDUSER": "pasco01", "EDITDATE": null, "EDITTENANT": "", "EDITUSER": ""}}, {"type": "Feature", "geometry": {"type": "MultiPolygon", "coordinates": [[[[141.44855100642698, 38.759337634051], [141.44846585732793, 38.759329812929124], [141.44823166479156, 38.75930725358002], [141.44800895982135, 38.759281327078185], [141.44779055161152, 38.75925315236162], [141.44778839132366, 38.759252811469906], [141.4476195693827, 38.75922612437465], [141.4475879715735, 38.75924073172363], [141.44752624642854, 38.75938915271054], [141.44747744456126, 38.759501596233164], [141.44742003824348, 38.759646651258365], [141.44740570626902, 38.759733238239996], [141.44754654144145, 38.75981649642979], [141.44772475844184, 38.759942502536106], [141.447927402294, 38.76008312751349], [141.44804956016281, 38.76018212276749], [141.44814442512924, 38.76026762106672], [141.44821978796384, 38.76034446432311], [141.44826576179958, 38.76031201740024], [141.4483177891315, 38.76004351234205], [141.44839537885622, 38.76001050081825], [141.44841269193404, 38.7599551310301], [141.44840633590252, 38.75992107475696], [141.44833780061836, 38.759840030869896], [141.44832937648738, 38.75975671573519], [141.44832501333562, 38.75971354096046], [141.44838192992418, 38.759587107694095], [141.44845629980233, 38.75946188883856], [141.44855100642698, 38.759337634051]], [[141.44855100642698, 38.759337634051], [141.44846585732793, 38.759329812929124], [141.44823166479156, 38.75930725358002], [141.44800895982135, 38.759281327078185], [141.44779055161152, 38.75925315236162], [141.44778839132366, 38.759252811469906], [141.4476195693827, 38.75922612437465], [141.4475879715735, 38.75924073172363], [141.44752624642854, 38.75938915271054], [141.44747744456126, 38.759501596233164], [141.44742003824348, 38.759646651258365], [141.44740570626902, 38.759733238239996], [141.44754654144145, 38.75981649642979], [141.44772475844184, 38.759942502536106], [141.447927402294, 38.76008312751349], [141.44804956016281, 38.76018212276749], [141.44814442512924, 38.76026762106672], [141.44821978796384, 38.76034446432311], [141.44826576179958, 38.76031201740024], [141.4483177891315, 38.76004351234205], [141.44839537885622, 38.76001050081825], [141.44841269193404, 38.7599551310301], [141.44840633590252, 38.75992107475696], [141.44833780061836, 38.759840030869896], [141.44832937648738, 38.75975671573519], [141.44832501333562, 38.75971354096046], [141.44838192992418, 38.759587107694095], [141.44845629980233, 38.75946188883856], [141.44855100642698, 38.759337634051]]], [[[141.44782178102483, 38.75936357168417], [141.44784045630053, 38.7593838246337], [141.44787064379526, 38.75941419622233], [141.44791233062116, 38.75946257110886], [141.4479726965402, 38.7595289457586], [141.4480488678267, 38.75959083189388], [141.4480948474056, 38.759617841122605], [141.4481250265673, 38.7596324660102], [141.44814515439543, 38.7596448464891], [141.4481595272433, 38.75966396887668], [141.44816527174217, 38.75968309160592], [141.4481509152048, 38.759702211063804], [141.44813080630132, 38.759720199528736], [141.4481006322406, 38.75973031308837], [141.4480604059224, 38.75973029943905], [141.4479900059767, 38.759726904855505], [141.44789803406684, 38.7597077580623], [141.447863552669, 38.75969875027072], [141.4478419893549, 38.75967850440218], [141.44782042529556, 38.75964475327327], [141.4477902437548, 38.75959750794914], [141.44774998857744, 38.75953226081047], [141.44771117511664, 38.75945801608496], [141.44768529769877, 38.759409649020164], [141.44769103965385, 38.759396150514924], [141.44773414226955, 38.759381536716184], [141.44778872873673, 38.75936018692647], [141.44782178102483, 38.75936357168417]]]]}, "properties": {"KEYCODE": "000205@B077@01@0004@0000@0000@0000", "小班": "4", "小班面積": 0.62, "林種": "人工林", "中樹種": "スギ", "林齢": 72, "齢級": 15, "所有形態": "個人", "ADDDATE": "2022-09-29", "ADDTENANT": "04000F", "ADDUSER": "pasco01", "EDITDATE": null, "EDITTENANT": "", "EDITUSER": ""}}, {"type": "Feature", "geometry": {"type": "Polygon", "coordinates": [[[141.44854707947712, 38.75953691294021], [141.44863272093897, 38.75955769072983], [141.44864700383408, 38.7596255481409], [141.44878530980156, 38.759676224808835], [141.44879619667213, 38.759587665734365], [141.44880964049065, 38.75948588522731], [141.4488118292672, 38.75946931442041], [141.4488706229412, 38.75931640284523], [141.44883304169878, 38.75929866400974], [141.44878888726493, 38.75929527493594], [141.44868324807797, 38.759323056077456], [141.4485993058624, 38.75938932610184], [141.44858946410497, 38.75943869089226], [141.44858172258338, 38.759477516811444], [141.44854707947712, 38.75953691294021]]]}, "properties": {"KEYCODE": "000205@B077@01@0010@0000@0000@0000", "小班": "10", "小班面積": 0.07, "林種": "人工林", "中樹種": "スギ", "林齢": 76, "齢級": 16, "所有形態": "個人", "ADDDATE": "2022-09-29", "ADDTENANT": "04000F", "ADDUSER": "pasco01", "EDITDATE": null, "EDITTENANT": "", "EDITUSER": ""}}, {"type": "Feature", "geometry": {"type": "Polygon", "coordinates": [[[141.4487569830658, 38.75984487664621], [141.44877728998, 38.75974144831585], [141.44878530980156, 38.759676224808835], [141.44864700383408, 38.7596255481409], [141.44863272093897, 38.75955769072983], [141.44854707947712, 38.75953691294021], [141.44854209255524, 38.759545463421645], [141.44848301339837, 38.759642439996846], [141.4484820998186, 38.75966468780852], [141.44849668218754, 38.75968528651316], [141.44852688678978, 38.75970018142995], [141.4485379569031, 38.75979682482163], [141.4485494798524, 38.759828277343004], [141.44854355003253, 38.75988273138984], [141.44855819900292, 38.759907059424656], [141.44857540131125, 38.759925774978775], [141.4487029921552, 38.75984166455741], [141.4487569830658, 38.75984487664621]]]}, "properties": {"KEYCODE": "000205@B077@01@0011@0000@0000@0000", "小班": "11", "小班面積": 0.07, "林種": "人工林", "中樹種": "スギ", "林齢": 57, "齢級": 12, "所有形態": "個人", "ADDDATE": "2022-09-29", "ADDTENANT": "04000F", "ADDUSER": "pasco01", "EDITDATE": null, "EDITTENANT": "", "EDITUSER": ""}}, {"type": "Feature", "geometry": {"type": "Polygon", "coordinates": [[[141.44187542127116, 38.759174922647375], [141.44182084646962, 38.75922100810051], [141.44178349987746, 38.75924573379642], [141.44173465092825, 38.75925584383126], [141.44167862127924, 38.75925919849799], [141.44164557070283, 38.75924906431566], [141.44154987254248, 38.75917955495904], [141.4415359587459, 38.7591706472745], [141.4414998545741, 38.75925852882], [141.44141693651608, 38.75941507572203], [141.44133723122334, 38.75946348986403], [141.4412399407869, 38.759446347451586], [141.4411779182083, 38.75955965081758], [141.44116024478424, 38.75968034506744], [141.44112106903137, 38.7597280852275], [141.4410641502134, 38.759797447135114], [141.44107932627327, 38.759805539310825], [141.441142923105, 38.75984780275746], [141.44116407540005, 38.759861860177494], [141.44118731955552, 38.75985218804526], [141.4413642013169, 38.75977861923395], [141.44159547319813, 38.75966849812822], [141.4418669515171, 38.75953026663244], [141.44198185816487, 38.75945384029167], [141.44201057911604, 38.75942685317041], [141.4420364333782, 38.75939425039973], [141.44204360097996, 38.759354899068875], [141.44203496104558, 38.75932116063421], [141.44203249231236, 38.75931850414951], [141.44201195869596, 38.759296415819534], [141.44198034674943, 38.759272788795585], [141.44187542127116, 38.759174922647375]]]}, "properties": {"KEYCODE": "000205@B078@02@0018@0001@0000@0000", "小班": "18-1", "小班面積": 0.31, "林種": "人工林", "中樹種": "スギ", "林齢": 68, "齢級": 14, "所有形態": "共有", "ADDDATE": "2022-09-29", "ADDTENANT": "04000F", "ADDUSER": "pasco01", "EDITDATE": null, "EDITTENANT": "", "EDITUSER": ""}}, {"type": "Feature", "geometry": {"type": "Polygon", "coordinates": [[[141.44219145232478, 38.76086047157147], [141.44223923824143, 38.760845383153175], [141.44230963753645, 38.7608025726878], [141.44240208370528, 38.760746355545635], [141.4424693767244, 38.76068872619455], [141.44238113571828, 38.760576358416586], [141.44238356244722, 38.76048418459325], [141.44246918033247, 38.7603110195391], [141.44253120750827, 38.76024308256759], [141.44259220744246, 38.76017627162611], [141.4426012880695, 38.760066937163884], [141.44224773232867, 38.76018874320547], [141.44216128349, 38.76021852566623], [141.44151049886412, 38.760488352373514], [141.44152834055177, 38.76059343769443], [141.44152880555347, 38.760596166777184], [141.4415594555202, 38.76077669814888], [141.44177266681265, 38.760955739663935], [141.4420235232752, 38.76091349702476], [141.44219145232478, 38.76086047157147]]]}, "properties": {"KEYCODE": "000205@B078@02@0019@0000@0000@0000", "小班": "19", "小班面積": 0.52, "林種": "人工林", "中樹種": "カラマツ", "林齢": 68, "齢級": 14, "所有形態": "共有", "ADDDATE": "2022-09-29", "ADDTENANT": "04000F", "ADDUSER": "pasco01", "EDITDATE": null, "EDITTENANT": "", "EDITUSER": ""}}, {"type": "Feature", "geometry": {"type": "Polygon", "coordinates": [[[141.44214034598403, 38.76018509454224], [141.44206817238646, 38.76007736979957], [141.4421950570171, 38.75996229479227], [141.4423086062376, 38.75989019498015], [141.44246801657098, 38.75978148346954], [141.44244827374686, 38.75973862104631], [141.4425184408415, 38.75952112250886], [141.44246846324387, 38.75941471743392], [141.44234601742326, 38.759279428998184], [141.44231153598824, 38.75926164668417], [141.44209727349175, 38.75915114958916], [141.44199684053638, 38.75904983135605], [141.44195296455527, 38.75909285307998], [141.44187542127116, 38.759174922647375], [141.44198034674943, 38.759272788795585], [141.44201195869596, 38.759296415819534], [141.44203249231236, 38.75931850414951], [141.44203496104558, 38.75932116063421], [141.44204360097996, 38.759354899068875], [141.4420364333782, 38.75939425039973], [141.44201057911604, 38.75942685317041], [141.44198185816487, 38.75945384029167], [141.4418669515171, 38.75953026663244], [141.44159547319813, 38.75966849812822], [141.4413642013169, 38.75977861923395], [141.44118731955552, 38.75985218804526], [141.44116407540005, 38.759861860177494], [141.44119540463961, 38.75988267991074], [141.44137853553678, 38.76000437742203], [141.44149360650144, 38.76015064205109], [141.44160840921532, 38.7602164583603], [141.44156023333508, 38.76033305017721], [141.44149539179318, 38.760449098065465], [141.44214034598403, 38.76018509454224]]]}, "properties": {"KEYCODE": "000205@B078@02@0020@0000@0000@0000", "小班": "20", "小班面積": 0.77, "林種": "人工林", "中樹種": "スギ", "林齢": 88, "齢級": 18, "所有形態": "個人", "ADDDATE": "2022-09-29", "ADDTENANT": "04000F", "ADDUSER": "pasco01", "EDITDATE": null, "EDITTENANT": "", "EDITUSER": ""}}, {"type": "Feature", "geometry": {"type": "Polygon", "coordinates": [[[141.44563245494737, 38.76179417920301], [141.4453843526314, 38.76148181455616], [141.44535598805777, 38.761440011293466], [141.445367545679, 38.76136748850357], [141.44538570903973, 38.76121293561968], [141.44536913404957, 38.760983242035664], [141.4453999391593, 38.76088296919836], [141.44550569407, 38.76071842252986], [141.44576252039258, 38.76051060906319], [141.44570495971593, 38.76041959632525], [141.4455657325725, 38.76022130080934], [141.44549758957533, 38.76005923604887], [141.4454122450846, 38.75984326190184], [141.44534091049562, 38.759770852434954], [141.44528230506853, 38.75969614206823], [141.4452385916102, 38.75958406581683], [141.44525605197012, 38.75936108488033], [141.44525378797672, 38.75923879172173], [141.44528898702478, 38.75901946560606], [141.44461790713308, 38.75899261718807], [141.44458367221145, 38.758992722355934], [141.44454472458904, 38.75899284134728], [141.44418577964117, 38.7589939394554], [141.44399290618432, 38.75903485138239], [141.44376449166123, 38.759083301690474], [141.44376110829282, 38.75911523794452], [141.44376078561788, 38.75911828464284], [141.44382937657036, 38.759170088014386], [141.44387517028062, 38.759230866192986], [141.44420581004408, 38.75945144256389], [141.44446939159735, 38.75975393533121], [141.44455487856806, 38.75993030625246], [141.44465224394756, 38.760103065466524], [141.4445984279188, 38.76013384299611], [141.44459880031408, 38.76013420050414], [141.4447677945666, 38.76005623361624], [141.44489399729392, 38.76000656396469], [141.4449701015407, 38.76002997899651], [141.44506200480697, 38.760097192803286], [141.44514251339368, 38.760255996730855], [141.44521881730978, 38.760433044034954], [141.44515909559692, 38.76048664348309], [141.44509710677283, 38.76050031645884], [141.44505562465542, 38.760490998539964], [141.44499199994956, 38.76045901564902], [141.444929975064, 38.760464959979366], [141.44483524834598, 38.7604950120513], [141.44472701679462, 38.76054515789765], [141.44462774374395, 38.76072301757394], [141.44461603790904, 38.76077837909907], [141.4446189128889, 38.76082984999259], [141.44469363057908, 38.76088094512384], [141.4448252170835, 38.76103185422168], [141.44484020364644, 38.76107563479719], [141.44482952429652, 38.76125112389555], [141.4448656431694, 38.761368088599], [141.44490405063942, 38.76142235461191], [141.4451170367133, 38.76155090792443], [141.4453601601166, 38.761709402706046], [141.4455721214824, 38.76182906694816], [141.4456162168982, 38.76180680286887], [141.44563245494737, 38.76179417920301]]]}, "properties": {"KEYCODE": "000205@B078@04@0001@0000@0000@0000", "小班": "1", "小班面積": 2.03, "林種": "人工林", "中樹種": "スギ", "林齢": 66, "齢級": 14, "所有形態": "個人", "ADDDATE": "2022-09-29", "ADDTENANT": "04000F", "ADDUSER": "pasco01", "EDITDATE": null, "EDITTENANT": "", "EDITUSER": ""}}, {"type": "Feature", "geometry": {"type": "Polygon", "coordinates": [[[141.43312060538173, 38.76596269012476], [141.43297354825938, 38.76596067716647], [141.4329459793202, 38.765940557573394], [141.43294125266627, 38.765910501078864], [141.43294344871535, 38.76586890559388], [141.43295488444792, 38.76585763984295], [141.43298358128064, 38.76585194312586], [141.43303524045209, 38.765842822313], [141.43305098694933, 38.765833786660686], [141.43306378582528, 38.76580790145553], [141.43306946077647, 38.765794395008804], [141.4330779580943, 38.765773018311066], [141.43309658335104, 38.765762850775694], [141.43311725647936, 38.765754151090036], [141.4330826183044, 38.76567376577756], [141.43310906535967, 38.76559315348349], [141.43300905822812, 38.76555740579135], [141.4327648195509, 38.765471740737446], [141.43270272996378, 38.76543731090129], [141.43264447392488, 38.76540500729656], [141.43254895677242, 38.765484344815256], [141.43243092031588, 38.76549543808969], [141.43238012487313, 38.76553764933582], [141.43239300375618, 38.76562148689516], [141.4324015541093, 38.76577018014901], [141.43237621235318, 38.76589844554435], [141.43237321365407, 38.765939594687914], [141.43248042298092, 38.76597214477467], [141.43267995437463, 38.765985423379384], [141.43292465586572, 38.766011937339094], [141.43298595089772, 38.766060248450394], [141.4330147901657, 38.76615925882607], [141.43298116361044, 38.76621568477712], [141.4330086407323, 38.76629754017167], [141.43296537083788, 38.76651133363737], [141.43296510993747, 38.76662574809465], [141.43306135155302, 38.76677494537957], [141.43307802053354, 38.76687497131818], [141.4331209549043, 38.76691193525423], [141.43320744125427, 38.76691435171412], [141.43329309378524, 38.766894151026364], [141.4332121725765, 38.76670955138111], [141.4331252296243, 38.76670136075618], [141.43306708521118, 38.76666590548408], [141.43302297839378, 38.766579725577316], [141.43302865866104, 38.7665308321202], [141.4331138383429, 38.766522648268285], [141.43343699085, 38.766535468587605], [141.43342384204817, 38.76651600839345], [141.43309215318482, 38.76602510029838], [141.43312060538173, 38.76596269012476]]]}, "properties": {"KEYCODE": "000205@B093@01@0008@0002@0000@0000", "小班": "8-2", "小班面積": 0.51, "林種": "人工林", "中樹種": "マツ類", "林齢": 52, "齢級": 11, "所有形態": "個人", "ADDDATE": "2022-09-29", "ADDTENANT": "04000F", "ADDUSER": "pasco01", "EDITDATE": null, "EDITTENANT": "", "EDITUSER": ""}}, {"type": "Feature", "geometry": {"type": "Polygon", "coordinates": [[[141.43328515120555, 38.76527237041175], [141.43337975088673, 38.765185975819065], [141.43348356035472, 38.76506880086591], [141.43353665959262, 38.76500886579343], [141.43370160819592, 38.76469276083554], [141.43373638034956, 38.76443171121431], [141.4334763253986, 38.76417368481289], [141.43345471045922, 38.76423651853624], [141.43344453497718, 38.76428555222848], [141.43343231251632, 38.76434448731209], [141.43342156025446, 38.76448278334313], [141.4332251306162, 38.76455072791578], [141.43321625380295, 38.76455355813115], [141.4332730630214, 38.7646978523352], [141.43319333791374, 38.76477549042148], [141.43317321045353, 38.76484424161303], [141.43313769152616, 38.76496551175011], [141.43301395358267, 38.765168276893384], [141.43278974160862, 38.7653297226014], [141.43271268564808, 38.76542546808512], [141.43270272996378, 38.76543731090129], [141.4327648195509, 38.765471740737446], [141.43300905822812, 38.76555740579135], [141.43310906535967, 38.76559315348349], [141.43327107649398, 38.76540681954225], [141.43328515120555, 38.76527237041175]]]}, "properties": {"KEYCODE": "000205@B093@01@0008@0001@0000@0000", "小班": "8-1", "小班面積": 0.51, "林種": "人工林", "中樹種": "マツ類", "林齢": 52, "齢級": 11, "所有形態": "個人", "ADDDATE": "2022-09-29", "ADDTENANT": "04000F", "ADDUSER": "pasco01", "EDITDATE": null, "EDITTENANT": "", "EDITUSER": ""}}, {"type": "Feature", "geometry": {"type": "Polygon", "coordinates": [[[141.43511327980534, 38.764365287341796], [141.43506355567482, 38.7643543371686], [141.43506690972427, 38.76419567119834], [141.43504417559495, 38.764107683804184], [141.43502641785528, 38.76400993035183], [141.43499860146912, 38.76391332776251], [141.4349663115492, 38.763784135936525], [141.43488169265206, 38.76380908563052], [141.43485524659087, 38.76396652452309], [141.43487570964294, 38.764032796857016], [141.4348889390583, 38.764090096606395], [141.43490372860109, 38.764168749350155], [141.43495679611888, 38.764260095010755], [141.43497495093956, 38.764325937768454], [141.43503400627017, 38.7643550199213], [141.43511746897144, 38.764382905217445], [141.43511327980534, 38.764365287341796]]]}, "properties": {"KEYCODE": "000205@B093@02@0001@0001@0000@0000", "小班": "1-1", "小班面積": 0.08, "林種": "人工林", "中樹種": "スギ", "林齢": 46, "齢級": 10, "所有形態": "共有", "ADDDATE": "2022-09-29", "ADDTENANT": "04000F", "ADDUSER": "pasco01", "EDITDATE": null, "EDITTENANT": "", "EDITUSER": ""}}, {"type": "Feature", "geometry": {"type": "Polygon", "coordinates": [[[141.43391504422635, 38.76007280176296], [141.43400884003236, 38.76006243248014], [141.4341531464418, 38.760048369288064], [141.43415649427658, 38.76004804307292], [141.43429113015003, 38.76003045828663], [141.43441866129788, 38.76001634318112], [141.43449425558742, 38.75999281859988], [141.43453838551272, 38.75997534855015], [141.43455107090432, 38.759965058179155], [141.43458634560199, 38.759924947407086], [141.43451434865614, 38.75986596790442], [141.4345242405062, 38.75974077416234], [141.4345596677669, 38.75955018847299], [141.43462554508832, 38.759329950026206], [141.43431374263346, 38.75935957589682], [141.43417525888918, 38.75939961809791], [141.43386213431594, 38.75954049707975], [141.43387911250497, 38.75957069242094], [141.43384111543693, 38.75961425657407], [141.43380087239458, 38.75964794046202], [141.43375486276793, 38.75969511328142], [141.43373472723718, 38.75973781988533], [141.43374620310615, 38.759760310254755], [141.433717441177, 38.75981987180741], [141.43366855056067, 38.759874907058254], [141.4335693697203, 38.75997148752601], [141.43342893047006, 38.76008501020547], [141.43369047269053, 38.76008703462812], [141.43369158519806, 38.76008701900394], [141.4337417954592, 38.76008633316581], [141.4337507933394, 38.76008621036838], [141.43389276952615, 38.760075263940564], [141.43391504422635, 38.76007280176296]]]}, "properties": {"KEYCODE": "000205@B093@04@0015@0000@0000@0000", "小班": "15", "小班面積": 0.52, "林種": "人工林", "中樹種": "スギ", "林齢": 59, "齢級": 12, "所有形態": "個人", "ADDDATE": "2022-09-29", "ADDTENANT": "04000F", "ADDUSER": "pasco01", "EDITDATE": null, "EDITTENANT": "", "EDITUSER": ""}}, {"type": "Feature", "geometry": {"type": "Polygon", "coordinates": [[[141.43869692398903, 38.76839809458584], [141.43865336693486, 38.76836782505342], [141.43859255009355, 38.76830515878798], [141.43857786429527, 38.76826252453582], [141.43857753065637, 38.768217589858395], [141.43860127199184, 38.76812762202526], [141.43867371872977, 38.76801947331332], [141.4387761244655, 38.767883124648094], [141.43881451321118, 38.767831287646416], [141.4388300238905, 38.76779302755973], [141.4388325754824, 38.767750330158016], [141.4388050782142, 38.767722356726004], [141.43876329225012, 38.767705672489704], [141.43870573379857, 38.76769354736075], [141.4386555075529, 38.76769936599906], [141.4386139707343, 38.767716383626606], [141.43856395677827, 38.76775141699922], [141.43850997042952, 38.76783139741834], [141.43843031559243, 38.76793506989094], [141.43835075140672, 38.76805222726541], [141.43829260045987, 38.76815132891454], [141.43822447645584, 38.76826058113004], [141.4381547356037, 38.76834736355924], [141.43823860026217, 38.768332623393405], [141.438323366602, 38.76836047439204], [141.43843752186046, 38.768475788351154], [141.43845747684188, 38.76850329821995], [141.4385505429682, 38.76846240869663], [141.43869692398903, 38.76839809458584]]]}, "properties": {"KEYCODE": "000205@B094@01@0002@0000@0000@0000", "小班": "2", "小班面積": 0.23, "林種": "人工林", "中樹種": "スギ", "林齢": 85, "齢級": 17, "所有形態": "個人", "ADDDATE": "2022-09-29", "ADDTENANT": "04000F", "ADDUSER": "pasco01", "EDITDATE": null, "EDITTENANT": "", "EDITUSER": ""}}, {"type": "Feature", "geometry": {"type": "Polygon", "coordinates": [[[141.43725393643348, 38.76878710665502], [141.4377112653936, 38.76854936071398], [141.437827033301, 38.768523538872806], [141.43799778138, 38.76849663068938], [141.4380049030803, 38.76852877274173], [141.437963413231, 38.76861182424604], [141.43808325157974, 38.76857812623166], [141.43808967336128, 38.768577655170056], [141.4380557640016, 38.76849446314761], [141.43807339237, 38.76841869265103], [141.43801913110144, 38.768392753892954], [141.43807999303928, 38.76829888243689], [141.4381547356037, 38.76834736355924], [141.43822447645584, 38.76826058113004], [141.43829260045987, 38.76815132891454], [141.43835075140672, 38.76805222726541], [141.43843031559243, 38.76793506989094], [141.43850997042952, 38.76783139741834], [141.43856395677827, 38.76775141699922], [141.4386139707343, 38.767716383626606], [141.4386555075529, 38.76769936599906], [141.43870573379857, 38.76769354736075], [141.43876329225012, 38.767705672489704], [141.4388050782142, 38.767722356726004], [141.4388325754824, 38.767750330158016], [141.4388300238905, 38.76779302755973], [141.43881451321118, 38.767831287646416], [141.4387761244655, 38.767883124648094], [141.43867371872977, 38.76801947331332], [141.43860127199184, 38.76812762202526], [141.43857753065637, 38.768217589858395], [141.43857786429527, 38.76826252453582], [141.43859255009355, 38.76830515878798], [141.43865336693486, 38.76836782505342], [141.43869692398903, 38.76839809458584], [141.43930287793305, 38.76813185932046], [141.4395310087708, 38.76770046515095], [141.43946162815988, 38.76769180707777], [141.43933262874, 38.76763056773592], [141.4392397625082, 38.767586481269525], [141.43902850984819, 38.76750732495343], [141.4388138248383, 38.76744815787299], [141.4387685879729, 38.76743569056494], [141.43876828770078, 38.76743556239221], [141.43829891440114, 38.767234980853615], [141.43812543214415, 38.76722075995739], [141.43806580184682, 38.767215872174845], [141.4379705516251, 38.767190752663595], [141.43778254707695, 38.76711716743673], [141.43753203132454, 38.767014400918036], [141.43747354809278, 38.76702215360301], [141.43735595814744, 38.7671310348994], [141.4372821128604, 38.767199411223295], [141.43715440042848, 38.767342132518245], [141.43699223678016, 38.76748646403334], [141.43688358143447, 38.76758299704398], [141.43681865720836, 38.76765947555658], [141.43674616171376, 38.76774969566527], [141.43669789259846, 38.7678471779629], [141.43685879282702, 38.76792709400666], [141.43691261435922, 38.767947779784485], [141.43715004548793, 38.767955976679794], [141.43712396150713, 38.76809560529466], [141.43706807499242, 38.76823680225286], [141.4369067646832, 38.768326976710675], [141.4369977006353, 38.76847497377088], [141.43697524624082, 38.76848549503029], [141.43697710771661, 38.768489131318844], [141.43698603495878, 38.76850658320148], [141.43706587631706, 38.768629790953405], [141.437098455228, 38.76868045989224], [141.43711860615167, 38.76869659343694], [141.43715557484109, 38.76872619308355], [141.43716792179455, 38.76873554539748], [141.4371709385992, 38.76873849464062], [141.43717885972058, 38.768744836522345], [141.43723397414098, 38.768798677235885], [141.43725393643348, 38.76878710665502]]]}, "properties": {"KEYCODE": "000205@B094@01@0003@0000@0000@0000", "小班": "3", "小班面積": 2.51, "林種": "人工林", "中樹種": "スギ", "林齢": 69, "齢級": 14, "所有形態": "個人", "ADDDATE": "2022-09-29", "ADDTENANT": "04000F", "ADDUSER": "pasco01", "EDITDATE": null, "EDITTENANT": "", "EDITUSER": ""}}, {"type": "Feature", "geometry": {"type": "Polygon", "coordinates": [[[141.43958618756895, 38.76612744050309], [141.439583541939, 38.76612538217814], [141.43947855542746, 38.766043693421224], [141.43938541636297, 38.76598575727575], [141.43936631312138, 38.76597387358734], [141.4393295966145, 38.765951034500944], [141.43932565446323, 38.76593840193272], [141.4392970942241, 38.76584687088245], [141.43921521046522, 38.76592429991676], [141.43914230968943, 38.76597365292344], [141.43881522433048, 38.76603650752195], [141.4388137525126, 38.76604017546515], [141.4390168146074, 38.76616371648105], [141.43915167606886, 38.766200305372514], [141.43934021961914, 38.766144160984524], [141.43938989355803, 38.76612936844437], [141.43945637003412, 38.76612871560904], [141.43958618756895, 38.76612744050309]]]}, "properties": {"KEYCODE": "000205@B094@01@0012@0000@0000@0000", "小班": "12", "小班面積": 0.12, "林種": "人工林", "中樹種": "スギ", "林齢": 65, "齢級": 13, "所有形態": "個人", "ADDDATE": "2022-09-29", "ADDTENANT": "04000F", "ADDUSER": "pasco01", "EDITDATE": null, "EDITTENANT": "", "EDITUSER": ""}}, {"type": "Feature", "geometry": {"type": "Polygon", "coordinates": [[[141.4392970942241, 38.76584687088245], [141.43926354368637, 38.765799987707155], [141.43921809121633, 38.76573647091722], [141.43921211170405, 38.765728114623286], [141.43921149452243, 38.76572793043744], [141.4390901642689, 38.76569166516884], [141.4390598438387, 38.765682602597835], [141.43893767852083, 38.76564608744684], [141.43891354630773, 38.765637128807235], [141.43882980622462, 38.765606043205615], [141.4387285055404, 38.76571440457431], [141.43869512233906, 38.765731937649996], [141.43864298544764, 38.76574162198897], [141.43882129081263, 38.76588511116144], [141.4388552474889, 38.76593678149393], [141.43881522433048, 38.76603650752195], [141.43914230968943, 38.76597365292344], [141.43921521046522, 38.76592429991676], [141.4392970942241, 38.76584687088245]]]}, "properties": {"KEYCODE": "000205@B094@01@0013@0000@0000@0000", "小班": "13", "小班面積": 0.15, "林種": "天然林", "中樹種": "クヌギ", "林齢": 61, "齢級": 13, "所有形態": "個人", "ADDDATE": "2022-09-29", "ADDTENANT": "04000F", "ADDUSER": "pasco01", "EDITDATE": null, "EDITTENANT": "", "EDITUSER": ""}}, {"type": "Feature", "geometry": {"type": "Polygon", "coordinates": [[[141.4423146485116, 38.766533892251225], [141.4423096246566, 38.766359968207375], [141.44231102381022, 38.76625762066854], [141.44232392477593, 38.76616426714619], [141.44234544781, 38.76606304806392], [141.4423684164979, 38.766010200160814], [141.44238133390058, 38.76597983590242], [141.44236695215463, 38.765939334739805], [141.44234395060363, 38.76589884335623], [141.44223474212617, 38.76585606241368], [141.44211691704677, 38.76581216410209], [141.4420350090009, 38.765779519025656], [141.44199619982862, 38.765744632357034], [141.4419674487473, 38.76570863835523], [141.44191139756808, 38.765636634666215], [141.441874024475, 38.765582632590004], [141.44184095622984, 38.765528635115146], [141.44179639551783, 38.765465633601266], [141.441748965189, 38.765399260560095], [141.44169722331085, 38.765344135037665], [141.44164404515104, 38.76530699784209], [141.4415520759198, 38.76525073028364], [141.44147878330452, 38.76522708581959], [141.44139113377904, 38.765207939375834], [141.44129631178333, 38.76520340568485], [141.44120003773193, 38.765187628246075], [141.44109370407037, 38.76515946984697], [141.44098306081355, 38.7651223167423], [141.44103006758922, 38.76539809441294], [141.44109674608734, 38.765362470627004], [141.44116013408484, 38.76536976792901], [141.44118033391632, 38.76559753683901], [141.44126383823667, 38.76567909797581], [141.441315414736, 38.76583202972649], [141.44133713885157, 38.7659514820032], [141.44131979719785, 38.76607357711063], [141.4412722178841, 38.766236970464966], [141.44136875487624, 38.76627555971806], [141.44138818686608, 38.76641275432455], [141.44142688457495, 38.7665241066458], [141.44153833180786, 38.76667044484668], [141.44205811195624, 38.766618217776866], [141.4420591616611, 38.76661811231082], [141.44228050247497, 38.76654514931437], [141.4423146485116, 38.766533892251225]]]}, "properties": {"KEYCODE": "000205@B094@02@0003@0000@0000@0000", "小班": "3", "小班面積": 1.15, "林種": "人工林", "中樹種": "スギ", "林齢": 95, "齢級": 19, "所有形態": "個人", "ADDDATE": "2022-09-29", "ADDTENANT": "04000F", "ADDUSER": "pasco01", "EDITDATE": null, "EDITTENANT": "", "EDITUSER": ""}}, {"type": "Feature", "geometry": {"type": "Polygon", "coordinates": [[[141.44026812778057, 38.764853032834964], [141.44026018090923, 38.76469870647929], [141.44027185238016, 38.76463121419956], [141.44043236805962, 38.76446504006084], [141.44055918943175, 38.76433123859562], [141.44069575132403, 38.76418596307911], [141.4407266253798, 38.764157770518224], [141.44082578325035, 38.764067225549155], [141.44091338832152, 38.763966119049584], [141.44101452146148, 38.763849399979364], [141.44105209343627, 38.76381172936947], [141.44105904076565, 38.76380476359367], [141.44110381000164, 38.763743342294916], [141.4411170017496, 38.76371139116974], [141.44107910145058, 38.763735984374996], [141.44100338559156, 38.763768716437674], [141.44092250598567, 38.763803680675906], [141.4408795876916, 38.76383372326508], [141.44083112919606, 38.763868551338504], [141.44074538261418, 38.76396234730043], [141.44061383385312, 38.764112542721925], [141.4404907649955, 38.76426545066769], [141.4404345287453, 38.76432758894301], [141.44035320599286, 38.76441126264858], [141.44021598578752, 38.76455366733929], [141.44007152929157, 38.76469359594752], [141.44001200247592, 38.76475857989599], [141.44001524621538, 38.76480056258379], [141.44000146688364, 38.76487327292621], [141.44011694355453, 38.764884781440564], [141.4401868546626, 38.76489647238357], [141.44026812778057, 38.764853032834964]]]}, "properties": {"KEYCODE": "000205@B094@02@0016@0000@0000@0000", "小班": "16", "小班面積": 0.18, "林種": "人工林", "中樹種": "スギ", "林齢": 76, "齢級": 16, "所有形態": "個人", "ADDDATE": "2022-09-29", "ADDTENANT": "04000F", "ADDUSER": "pasco01", "EDITDATE": null, "EDITTENANT": "", "EDITUSER": ""}}, {"type": "Feature", "geometry": {"type": "Polygon", "coordinates": [[[141.44064841597663, 38.76235111495643], [141.44038639568433, 38.762169259220634], [141.4401782038045, 38.76203089952237], [141.440045000867, 38.76193982176717], [141.4397730316432, 38.761819668766385], [141.4394836848506, 38.76162452137341], [141.43936070563709, 38.76148214260732], [141.43917630761558, 38.76132045166389], [141.43909805472808, 38.76120342968211], [141.43909303469516, 38.761149824739654], [141.43941338501483, 38.760871664248945], [141.4395001146845, 38.76086763974627], [141.43957037349082, 38.76089587864809], [141.4396409259507, 38.76095867777867], [141.43977892925417, 38.76119073140611], [141.43981940237182, 38.76123897043164], [141.43986286458423, 38.761307427948815], [141.4398789909941, 38.76136809135936], [141.44000732532623, 38.761461053125835], [141.44016440023512, 38.76155507362891], [141.44031857440433, 38.76164347751164], [141.44046693832897, 38.76171953402628], [141.4405605853709, 38.761772118135426], [141.44062551225207, 38.761824788336085], [141.44069191834606, 38.76188756782074], [141.44077857586373, 38.761976142637664], [141.44081435207656, 38.76202764262137], [141.44098295226465, 38.76184793030499], [141.44104554821897, 38.76178120737768], [141.44109574078774, 38.76164306500226], [141.44112556264156, 38.76152068602362], [141.44114527917102, 38.76137899943454], [141.44113185821035, 38.7612129719146], [141.4410760341822, 38.76109411032197], [141.44100953361854, 38.760880404322464], [141.44094950849268, 38.76063921445487], [141.44089606561033, 38.7604197738831], [141.44085794810925, 38.760333468428385], [141.44085746791265, 38.76033342227624], [141.4406710239178, 38.76031211578603], [141.4405845952563, 38.76027879944603], [141.4399192098458, 38.76025316475376], [141.43975215341626, 38.76026318017101], [141.4393139961948, 38.76028944790159], [141.43896591412656, 38.76016050747216], [141.43867171688538, 38.76005152636604], [141.43819489058745, 38.759973211976394], [141.43802579089336, 38.75994543859509], [141.43789492728496, 38.76035530047223], [141.43779380123678, 38.7604754799026], [141.43830984314926, 38.76074563596177], [141.438513799168, 38.76072638209772], [141.43859627228449, 38.760836331353424], [141.4386526902944, 38.760910380736036], [141.43868175491988, 38.760974381780244], [141.43868642915535, 38.76104293342032], [141.43867844741303, 38.761162116736706], [141.4386743595036, 38.76120259693772], [141.43867596208938, 38.76123293966591], [141.43868765932154, 38.761273383156414], [141.43872385491963, 38.76132612214678], [141.43879451514445, 38.76137652045795], [141.43887238932578, 38.761433656053775], [141.4389287020583, 38.76148971413959], [141.43895346591574, 38.76155260317016], [141.4389959020713, 38.76169862314973], [141.43908362619482, 38.761986171742045], [141.43916249084128, 38.762228785581286], [141.43920214786036, 38.76239167554488], [141.43938989873192, 38.762479558837335], [141.43939059136025, 38.76247927957317], [141.43953779470965, 38.76261594981828], [141.43970444438537, 38.76277067374289], [141.43971673093247, 38.76278208104479], [141.43973541126897, 38.76279942447666], [141.43973807365953, 38.76280334125093], [141.43984374895732, 38.762958771394274], [141.43986713375773, 38.76299316497877], [141.43990813937543, 38.763053476735074], [141.43991555682769, 38.76306438766888], [141.43992463411362, 38.763071834169985], [141.44004208748416, 38.76316818923348], [141.4401062671842, 38.76308850919041], [141.4402576855561, 38.762900523266026], [141.44046701811402, 38.76267171784327], [141.44061496289086, 38.76244025807535], [141.44064841597663, 38.76235111495643]]]}, "properties": {"KEYCODE": "000205@B094@03@0007@0000@0000@0000", "小班": "7", "小班面積": 4.57, "林種": "天然林", "中樹種": "その他L", "林齢": 66, "齢級": 14, "所有形態": "個人", "ADDDATE": "2022-09-29", "ADDTENANT": "04000F", "ADDUSER": "pasco01", "EDITDATE": null, "EDITTENANT": "", "EDITUSER": ""}}, {"type": "Feature", "geometry": {"type": "Polygon", "coordinates": [[[141.4363890442573, 38.765039146470855], [141.43640950487574, 38.764950734678756], [141.4363723702673, 38.76487941807504], [141.43634292627485, 38.764817595908006], [141.43632110495602, 38.764756926284946], [141.43634599850046, 38.76464000095574], [141.4363797146803, 38.76448608366138], [141.43639040823612, 38.76430964125341], [141.4363744832514, 38.76422629731754], [141.43630042557956, 38.76410869061541], [141.43613352449242, 38.76394793259207], [141.43613275071453, 38.76394786991693], [141.43610088235712, 38.764135310588536], [141.43609932101913, 38.764144488809755], [141.4360295242975, 38.76426796450436], [141.435945271568, 38.764343172883216], [141.4358768990832, 38.764440398188086], [141.4358775764023, 38.764587969635905], [141.43596842542271, 38.76482768775765], [141.43595983664724, 38.76514463210431], [141.43609059709578, 38.76513609664628], [141.43615663981768, 38.76518396450043], [141.4361726045694, 38.76524892737279], [141.43622375948124, 38.76524015009134], [141.43626181657646, 38.765170864458966], [141.43632143800218, 38.76503464849022], [141.4363890442573, 38.765039146470855]]]}, "properties": {"KEYCODE": "000205@B094@04@0005@0000@0000@0000", "小班": "5", "小班面積": 0.43, "林種": "人工林", "中樹種": "スギ", "林齢": 58, "齢級": 12, "所有形態": "個人", "ADDDATE": "2022-09-29", "ADDTENANT": "04000F", "ADDUSER": "pasco01", "EDITDATE": null, "EDITTENANT": "", "EDITUSER": ""}}, {"type": "Feature", "geometry": {"type": "Polygon", "coordinates": [[[141.43845641569294, 38.76265691797466], [141.43841890334082, 38.76259042732264], [141.4383678654025, 38.76244779308713], [141.43825758531804, 38.762240116612595], [141.43817341863692, 38.76208070797586], [141.43812985464453, 38.76199201634613], [141.43806749475945, 38.761882017675056], [141.43799170559882, 38.76167762098575], [141.43769794594292, 38.7615757963912], [141.43750464527733, 38.76161398004156], [141.43740645367373, 38.761666927549896], [141.43739215474187, 38.76170418573834], [141.4375354369931, 38.761989847477786], [141.43744064032438, 38.7620455107669], [141.43745036485515, 38.762271962572264], [141.43768112794615, 38.76246926204441], [141.43775875282248, 38.76257659911605], [141.43778895128258, 38.76269181016134], [141.4377961744086, 38.76282620828112], [141.43783255475245, 38.76309679915558], [141.43788910069478, 38.76315943392442], [141.4380201289713, 38.7632205806535], [141.43808214988468, 38.76311661765529], [141.4381204112623, 38.762945106235655], [141.43811673497783, 38.7627767667335], [141.43824829359738, 38.76263694328636], [141.43845641569294, 38.76265691797466]]]}, "properties": {"KEYCODE": "000205@B094@04@0016@0000@0000@0000", "小班": "16", "小班面積": 0.84, "林種": "人工林", "中樹種": "スギ", "林齢": 62, "齢級": 13, "所有形態": "個人", "ADDDATE": "2022-09-29", "ADDTENANT": "04000F", "ADDUSER": "pasco01", "EDITDATE": null, "EDITTENANT": "", "EDITUSER": ""}}, {"type": "Feature", "geometry": {"type": "Polygon", "coordinates": [[[141.44421817601446, 38.77145984057365], [141.4441736293795, 38.77136422686999], [141.44445564116145, 38.77127392395222], [141.44452119140655, 38.77119492270024], [141.4444843504974, 38.77115936085142], [141.4444751658616, 38.77110997346494], [141.44432341763323, 38.77103267957706], [141.4443434664731, 38.770973580006356], [141.44428762663367, 38.7709416939512], [141.4441883257613, 38.770901095507945], [141.44418652530018, 38.77087443858535], [141.44406913101076, 38.77086516935219], [141.4439715140914, 38.77086157137129], [141.44400438080544, 38.770944493198165], [141.44403052982688, 38.7710104683478], [141.44405669284598, 38.77115689736338], [141.44405929549066, 38.77116372962303], [141.44410456600238, 38.77128259155129], [141.44412932372154, 38.771347596480204], [141.44413618909473, 38.77137158912633], [141.44416491610383, 38.771471965648466], [141.44421817601446, 38.77145984057365]]]}, "properties": {"KEYCODE": "000205@B095@01@0005@0000@0000@0000", "小班": "5", "小班面積": 0.16, "林種": "人工林", "中樹種": "スギ", "林齢": 63, "齢級": 13, "所有形態": "個人", "ADDDATE": "2022-09-29", "ADDTENANT": "04000F", "ADDUSER": "pasco01", "EDITDATE": null, "EDITTENANT": "", "EDITUSER": ""}}, {"type": "Feature", "geometry": {"type": "Polygon", "coordinates": [[[141.443924154927, 38.76921815442859], [141.44379988883952, 38.76916770960643], [141.4437456769876, 38.76911263397574], [141.4437106640433, 38.769094522466595], [141.44359711848045, 38.769065930179934], [141.44351679556348, 38.76892012251489], [141.44370728256797, 38.76885407458326], [141.44368821717828, 38.768806967516994], [141.44372173169296, 38.76867828593756], [141.443801808688, 38.7685355667169], [141.44391469209296, 38.76849628651337], [141.44390657555275, 38.76846775989218], [141.4438582058426, 38.768352259018606], [141.4437840054364, 38.76832220733019], [141.44369765554708, 38.768264736492775], [141.44365873801667, 38.76820374587186], [141.44363997609278, 38.76819371784233], [141.44355964721572, 38.76814746847748], [141.4435236051333, 38.76809831580723], [141.44354088655038, 38.76802451835765], [141.44352762741264, 38.76798638083472], [141.44348814290979, 38.768009830840185], [141.44335924987337, 38.7679976317521], [141.44322295460393, 38.76803062195972], [141.44316432084494, 38.768060861791696], [141.44308896791182, 38.768114885835864], [141.44295621473958, 38.76818565679939], [141.44290922292714, 38.76823755173299], [141.44293121213286, 38.76829025622779], [141.44293029652468, 38.76835317826505], [141.4429108122383, 38.7684274231426], [141.44288170768124, 38.76851424236384], [141.44288138446117, 38.76851520529922], [141.4428732808323, 38.76857591349808], [141.4431116132368, 38.768905140137086], [141.4431636492044, 38.76894422851434], [141.44330243035688, 38.76908390078102], [141.4433991671585, 38.76914536988525], [141.44342275210764, 38.76919768667333], [141.44335618439408, 38.76929389153403], [141.4433594982324, 38.769346684403295], [141.44353282729276, 38.76928816586163], [141.4437663895944, 38.76925619701457], [141.44388133536037, 38.769346412597905], [141.443932458388, 38.76932718539008], [141.44392442022283, 38.76922497728356], [141.443924154927, 38.76921815442859]]]}, "properties": {"KEYCODE": "000205@B095@02@0010@0000@0000@0000", "小班": "10", "小班面積": 0.8, "林種": "人工林", "中樹種": "スギ", "林齢": 51, "齢級": 11, "所有形態": "個人", "ADDDATE": "2022-09-29", "ADDTENANT": "04000F", "ADDUSER": "pasco01", "EDITDATE": null, "EDITTENANT": "", "EDITUSER": ""}}, {"type": "Feature", "geometry": {"type": "Polygon", "coordinates": [[[141.4487934356367, 38.76830884107021], [141.44870380955902, 38.768210305212364], [141.44870794854077, 38.76830364263649], [141.44869743778315, 38.76834049122091], [141.44868388629587, 38.7683880025302], [141.44860348365066, 38.76849647855737], [141.44868834192388, 38.768514852287716], [141.4487876113447, 38.76853634642541], [141.44884543125698, 38.76861612202803], [141.44890083431937, 38.76861148794693], [141.44892086396072, 38.76850246487149], [141.4487934356367, 38.76830884107021]]]}, "properties": {"KEYCODE": "000205@B095@03@0012@0000@0000@0000", "小班": "12", "小班面積": 0.06, "林種": "人工林", "中樹種": "スギ", "林齢": 153, "齢級": 31, "所有形態": "個人", "ADDDATE": "2022-09-29", "ADDTENANT": "04000F", "ADDUSER": "pasco01", "EDITDATE": null, "EDITTENANT": "", "EDITUSER": ""}}, {"type": "Feature", "geometry": {"type": "Polygon", "coordinates": [[[141.44896773179042, 38.7671213780682], [141.4490213709587, 38.76714113130756], [141.44908577201807, 38.76716145664515], [141.44910220208382, 38.76708917545851], [141.44912748274675, 38.767018151224725], [141.44913160028094, 38.76698752719616], [141.44913534474549, 38.766959687081446], [141.44914912172132, 38.76689309276956], [141.44915977666952, 38.76683946970489], [141.44911325435592, 38.766917245425155], [141.44909407272078, 38.766948131700914], [141.44904834434197, 38.767021766324355], [141.44904153536123, 38.76703018047228], [141.4490368271306, 38.76703599709768], [141.44896773179042, 38.7671213780682]]]}, "properties": {"KEYCODE": "000205@B095@03@0017@0000@0000@0000", "小班": "17", "小班面積": 0.02, "林種": "人工林", "中樹種": "スギ", "林齢": 71, "齢級": 15, "所有形態": "個人", "ADDDATE": "2022-09-29", "ADDTENANT": "04000F", "ADDUSER": "pasco01", "EDITDATE": null, "EDITTENANT": "", "EDITUSER": ""}}, {"type": "Feature", "geometry": {"type": "Polygon", "coordinates": [[[141.44506413230806, 38.763223407705155], [141.44503810388193, 38.76335595775773], [141.4450324513625, 38.76338474287298], [141.4449444735008, 38.763630389706286], [141.44490930146705, 38.763708930765624], [141.44558682073432, 38.76338235033883], [141.44559723727423, 38.76338461892103], [141.44559459331452, 38.763212705881614], [141.44561841044035, 38.76314965299416], [141.44570742230647, 38.7630204718898], [141.44579806684786, 38.76293990774071], [141.44592607811572, 38.76290705795087], [141.44586180338652, 38.762795842011386], [141.44572985285924, 38.76260298426537], [141.44569860364322, 38.762508757155196], [141.4457221259367, 38.762411381842654], [141.44583187825455, 38.76231100965559], [141.44570583025668, 38.762262862569045], [141.44557120930529, 38.76220761528712], [141.44555657165395, 38.762221984595506], [141.44552825199764, 38.762244198453715], [141.4453542180226, 38.76238073630871], [141.44531550412952, 38.762428506060914], [141.44530128263185, 38.762448769488884], [141.44533633191065, 38.76262799838473], [141.44534102786025, 38.762765548836015], [141.44519895600195, 38.76300795663661], [141.44506413230806, 38.763223407705155], [141.44506413230806, 38.763223407705155]]]}, "properties": {"KEYCODE": "000205@B095@05@0007@0001@0000@0000", "小班": "7-1", "小班面積": 0.62, "林種": "人工林", "中樹種": "スギ", "林齢": 56, "齢級": 12, "所有形態": "個人", "ADDDATE": "2022-09-29", "ADDTENANT": "04000F", "ADDUSER": "pasco01", "EDITDATE": "2025-05-13", "EDITTENANT": "04000F", "EDITUSER": "ksbrs02"}}, {"type": "Feature", "geometry": {"type": "Polygon", "coordinates": [[[141.44027862987116, 38.77041427304274], [141.44041852989082, 38.770257367257955], [141.44036473362587, 38.770265515058945], [141.44005124647458, 38.770105787197885], [141.4400060768864, 38.770210451933316], [141.43986344256945, 38.770345839249295], [141.4399240755717, 38.770459836679855], [141.44007501994145, 38.770466709811686], [141.44013926832906, 38.77046963566762], [141.44027862987116, 38.77041427304274]]]}, "properties": {"KEYCODE": "000205@B096@02@0013@0000@0000@0000", "小班": "13", "小班面積": 0.11, "林種": "人工林", "中樹種": "スギ", "林齢": 71, "齢級": 15, "所有形態": "個人", "ADDDATE": "2022-09-29", "ADDTENANT": "04000F", "ADDUSER": "pasco01", "EDITDATE": null, "EDITTENANT": "", "EDITUSER": ""}}, {"type": "Feature", "geometry": {"type": "Polygon", "coordinates": [[[141.44041852989082, 38.770257367257955], [141.44047154025978, 38.77019791243148], [141.44048449103735, 38.77018338677132], [141.44057314568062, 38.77007484731906], [141.4406447979015, 38.769987123825096], [141.44078286522893, 38.76986886719012], [141.44091859499002, 38.76981560373322], [141.44094188276208, 38.769808384553144], [141.44112839136835, 38.7697505677109], [141.44125538548786, 38.76967143969823], [141.44124634180352, 38.7696153234593], [141.4412439547514, 38.76960050002007], [141.4412431177976, 38.769595306238536], [141.44127036284289, 38.769493437830526], [141.44128288055668, 38.76944663274389], [141.441322528304, 38.7693797372172], [141.44156663021235, 38.76896786487656], [141.4415577509485, 38.76896582372355], [141.44135787953493, 38.76891988860129], [141.44115151097657, 38.76888544894971], [141.44111712407104, 38.76887986388452], [141.44095290568595, 38.76885319377078], [141.4409259383518, 38.76898823504767], [141.44088396708798, 38.76909244207313], [141.44082723696567, 38.769189285347316], [141.44075033702745, 38.76927835063432], [141.44074354758123, 38.769283373247525], [141.44066176538638, 38.76934387320449], [141.44055455433173, 38.769413960965416], [141.44042720301138, 38.769479630779955], [141.44039099643913, 38.76963032062679], [141.44030433679288, 38.76975874123746], [141.4402076005073, 38.76988496188169], [141.44012078245285, 38.76999204109295], [141.44005124647458, 38.770105787197885], [141.44036473362587, 38.770265515058945], [141.44041852989082, 38.770257367257955]]]}, "properties": {"KEYCODE": "000205@B096@02@0014@0000@0000@0000", "小班": "14", "小班面積": 0.83, "林種": "人工林", "中樹種": "マツ類", "林齢": 66, "齢級": 14, "所有形態": "個人", "ADDDATE": "2022-09-29", "ADDTENANT": "04000F", "ADDUSER": "pasco01", "EDITDATE": null, "EDITTENANT": "", "EDITUSER": ""}}, {"type": "Feature", "geometry": {"type": "Polygon", "coordinates": [[[141.4397076848648, 38.770489588071364], [141.4398748218296, 38.77045759413933], [141.4399240755717, 38.770459836679855], [141.43986344256945, 38.770345839249295], [141.4400060768864, 38.770210451933316], [141.44005124647458, 38.770105787197885], [141.44012078245285, 38.76999204109295], [141.4402076005073, 38.76988496188169], [141.44030433679288, 38.76975874123746], [141.44039099643913, 38.76963032062679], [141.44042720301138, 38.769479630779955], [141.44055455433173, 38.769413960965416], [141.44066176538638, 38.76934387320449], [141.44074354758123, 38.769283373247525], [141.44075033702745, 38.76927835063432], [141.44082723696567, 38.769189285347316], [141.44088396708798, 38.76909244207313], [141.4409259383518, 38.76898823504767], [141.44095290568595, 38.76885319377078], [141.44079584538167, 38.768805119811276], [141.44079233916034, 38.76880404705729], [141.44070958993075, 38.768771602743676], [141.44067002226797, 38.768756088733824], [141.44053521921126, 38.768687681884856], [141.44048178051688, 38.76854264593115], [141.44043623378772, 38.76838348443755], [141.44043579262905, 38.76838194080164], [141.44040761715095, 38.76821158468333], [141.44041512959402, 38.767992755468676], [141.44041918056166, 38.76770494504147], [141.4401905200218, 38.76769271830263], [141.44005255887276, 38.767694339062295], [141.4398870163008, 38.76769628388309], [141.43961566765893, 38.767699471068084], [141.4395310087708, 38.76770046515095], [141.43940488931958, 38.768267417941935], [141.4393246457716, 38.76862813424968], [141.43930288308675, 38.76872596393908], [141.43919165093357, 38.76922598146816], [141.43919062196292, 38.76927194390709], [141.43918801544748, 38.76938839835905], [141.43918720149904, 38.76942468142038], [141.43918714788563, 38.76942705013822], [141.4392202257818, 38.769440441561606], [141.4392649242281, 38.76945847897853], [141.43930534695028, 38.76948527808158], [141.43934880293605, 38.76953341163468], [141.43938387370608, 38.769611912610976], [141.43941776473784, 38.76968643595789], [141.43945441480568, 38.76980780928139], [141.4394278538854, 38.76990734401913], [141.43933744323235, 38.76995649694206], [141.43925740479065, 38.76999318986529], [141.4392565970864, 38.76999456610822], [141.43914057269927, 38.77019260391304], [141.43916489984707, 38.77030551246809], [141.43929067699514, 38.770380057687454], [141.43929263502886, 38.770474118456725], [141.43932838350315, 38.770489718494524], [141.43935637012592, 38.77050193178446], [141.43944188797022, 38.77047109228852], [141.439671406765, 38.7704965320627], [141.4397076848648, 38.770489588071364]]]}, "properties": {"KEYCODE": "000205@B096@02@0015@0000@0000@0000", "小班": "15", "小班面積": 2.96, "林種": "伐採跡地", "中樹種": "", "林齢": null, "齢級": null, "所有形態": "個人", "ADDDATE": "2022-09-29", "ADDTENANT": "04000F", "ADDUSER": "pasco01", "EDITDATE": null, "EDITTENANT": "", "EDITUSER": ""}}, {"type": "Feature", "geometry": {"type": "Polygon", "coordinates": [[[141.43879148980196, 38.76929733632693], [141.43891411798867, 38.769251347481344], [141.43901379211212, 38.76921545302187], [141.43919165093357, 38.76922598146816], [141.43930288308675, 38.76872596393908], [141.4393246457716, 38.76862813424968], [141.43940488931958, 38.768267417941935], [141.4395310087708, 38.76770046515095], [141.43930287793305, 38.76813185932046], [141.43869692398903, 38.76839809458584], [141.4385505429682, 38.76846240869663], [141.43845747684188, 38.76850329821995], [141.43832800038038, 38.76856018407263], [141.4382973986752, 38.76859438892019], [141.43826352861774, 38.76863224847105], [141.43823925376844, 38.76865938099964], [141.43820274470662, 38.7686886218616], [141.4381499727602, 38.76873088725965], [141.4380604114848, 38.768841323266436], [141.43801903546304, 38.76889234214698], [141.43800088033592, 38.76891472860451], [141.43789513829074, 38.76903312107479], [141.43786746870322, 38.76906410167021], [141.4377795369829, 38.76920014944323], [141.43774535426164, 38.7692461617124], [141.4377303030149, 38.769266421289686], [141.437730589281, 38.769268571134916], [141.43774043697974, 38.76934256887055], [141.4377409776793, 38.76934664170116], [141.43775815550043, 38.76947570717116], [141.43780801235766, 38.7695582321076], [141.43798403561064, 38.769672408472715], [141.43804687567487, 38.769662231214106], [141.4381023002775, 38.76958336879759], [141.4382163590209, 38.76946943845748], [141.43833903634152, 38.769355480507166], [141.43844762981087, 38.76927864895677], [141.43852860647635, 38.769230057274605], [141.43853057235708, 38.76922887773948], [141.4386037803954, 38.769221849157944], [141.43864681772286, 38.76921493265207], [141.4387014721547, 38.76922370351655], [141.4387404296672, 38.769246014964864], [141.43879148980196, 38.76929733632693]]]}, "properties": {"KEYCODE": "000205@B096@02@0021@0000@0000@0000", "小班": "21", "小班面積": 1.27, "林種": "伐採跡地", "中樹種": "", "林齢": null, "齢級": null, "所有形態": "個人", "ADDDATE": "2022-09-29", "ADDTENANT": "04000F", "ADDUSER": "pasco01", "EDITDATE": null, "EDITTENANT": "", "EDITUSER": ""}}, {"type": "Feature", "geometry": {"type": "Polygon", "coordinates": [[[141.4380612572092, 38.76969949689183], [141.4380803614331, 38.76968945942144], [141.43836106615672, 38.76954195701363], [141.43840316168874, 38.76951983754779], [141.4384522180262, 38.76947877054285], [141.43847576519724, 38.76945905966972], [141.4385695126465, 38.76938058147313], [141.43879148980196, 38.76929733632693], [141.4387404296672, 38.769246014964864], [141.4387014721547, 38.76922370351655], [141.43864681772286, 38.76921493265207], [141.4386037803954, 38.769221849157944], [141.43853057235708, 38.76922887773948], [141.43852860647635, 38.769230057274605], [141.43844762981087, 38.76927864895677], [141.43833903634152, 38.769355480507166], [141.4382163590209, 38.76946943845748], [141.4381023002775, 38.76958336879759], [141.43804687567487, 38.769662231214106], [141.43798403561064, 38.769672408472715], [141.43803951270093, 38.769708393079], [141.4380612572092, 38.76969949689183]]]}, "properties": {"KEYCODE": "000205@B096@02@0022@0000@0000@0000", "小班": "22", "小班面積": 0.11, "林種": "人工林", "中樹種": "スギ", "林齢": 80, "齢級": 16, "所有形態": "個人", "ADDDATE": "2022-09-29", "ADDTENANT": "04000F", "ADDUSER": "pasco01", "EDITDATE": null, "EDITTENANT": "", "EDITUSER": ""}}, {"type": "Feature", "geometry": {"type": "Polygon", "coordinates": [[[141.4334874374375, 38.7763276219087], [141.43338606210324, 38.776126289228245], [141.43341986100188, 38.776088414370165], [141.43349184601024, 38.776007747563064], [141.43335299370656, 38.77596373139018], [141.4333277517249, 38.7759343253307], [141.4332166670704, 38.77580491978543], [141.43309892496003, 38.77579339903065], [141.4330269462338, 38.77577946678719], [141.43297703982327, 38.77573130367038], [141.43291030167103, 38.77577394103368], [141.4328674541346, 38.77580131545606], [141.43308940585038, 38.77608124506523], [141.4331891423958, 38.77617497520217], [141.4332516467134, 38.776245537227204], [141.4333349007872, 38.776339523013895], [141.43335158161386, 38.77635835514443], [141.4334874374375, 38.7763276219087]]]}, "properties": {"KEYCODE": "000205@B100@02@0003@0007@0000@0000", "小班": "3-7", "小班面積": 0.17, "林種": "人工林", "中樹種": "マツ類", "林齢": 46, "齢級": 10, "所有形態": "個人", "ADDDATE": "2022-09-29", "ADDTENANT": "04000F", "ADDUSER": "pasco01", "EDITDATE": null, "EDITTENANT": "", "EDITUSER": ""}}, {"type": "Feature", "geometry": {"type": "Polygon", "coordinates": [[[141.43586568909356, 38.77499461698281], [141.43573898186048, 38.77479048631854], [141.4357333924298, 38.77478148281296], [141.4356057911648, 38.77439199230406], [141.4355579120025, 38.77421630434006], [141.43557241147585, 38.77414104589502], [141.4355898309159, 38.77405063655621], [141.43561375288414, 38.77392647070739], [141.43556856587773, 38.77391802890354], [141.43538141503515, 38.77388306478291], [141.4351440561063, 38.773892488087746], [141.43514361778765, 38.77389250565998], [141.43513012474213, 38.77392871432307], [141.4351068559409, 38.77399115046737], [141.43503860139157, 38.77417430408515], [141.43492765483435, 38.77428564681259], [141.4347325725738, 38.77448142495572], [141.43471987971182, 38.77448975503138], [141.43459606411034, 38.7745710181007], [141.4347177349114, 38.77467590963995], [141.43496481731302, 38.77488891807583], [141.43505618578965, 38.77481528645505], [141.43556562967123, 38.77519291872735], [141.43556541323073, 38.775238207546955], [141.43556757580222, 38.77524766474934], [141.4356111797475, 38.775243340998514], [141.43584418216435, 38.77516411396928], [141.43590972172296, 38.77515027173232], [141.4359615095364, 38.77514898669562], [141.43586568909356, 38.77499461698281]]]}, "properties": {"KEYCODE": "000205@B100@04@0002@0000@0000@0000", "小班": "2", "小班面積": 0.87, "林種": "天然林", "中樹種": "その他L", "林齢": 59, "齢級": 12, "所有形態": "個人", "ADDDATE": "2022-09-29", "ADDTENANT": "04000F", "ADDUSER": "pasco01", "EDITDATE": null, "EDITTENANT": "", "EDITUSER": ""}}, {"type": "Feature", "geometry": {"type": "Polygon", "coordinates": [[[141.43496481731302, 38.77488891807583], [141.4354270515876, 38.7752321277517], [141.43556541323073, 38.775238207546955], [141.43556562967123, 38.77519291872735], [141.43505618578965, 38.77481528645505], [141.43496481731302, 38.77488891807583]]]}, "properties": {"KEYCODE": "000205@B100@04@0002@0001@0000@0000", "小班": "2-1", "小班面積": 0.07, "林種": "人工林", "中樹種": "スギ", "林齢": 59, "齢級": 12, "所有形態": "個人", "ADDDATE": "2022-09-29", "ADDTENANT": "04000F", "ADDUSER": "pasco01", "EDITDATE": null, "EDITTENANT": "", "EDITUSER": ""}}, {"type": "Feature", "geometry": {"type": "Polygon", "coordinates": [[[141.4466717357605, 38.77338451648328], [141.44668556682703, 38.77335487671378], [141.44663260697925, 38.77322651037345], [141.44655391474592, 38.7732185360241], [141.44641919211938, 38.77334910692024], [141.44627166516827, 38.77340480525018], [141.44637478514682, 38.7734835237043], [141.44641746120288, 38.77351633544299], [141.44653616100666, 38.773451596414745], [141.44655533452945, 38.773442821149715], [141.4466308751295, 38.77340553244625], [141.44665963982072, 38.77339073844129], [141.4466717357605, 38.77338451648328]]]}, "properties": {"KEYCODE": "000205@B101@02@0001@0000@0000@0000", "小班": "1", "小班面積": 0.06, "林種": "竹林", "中樹種": "タケ", "林齢": null, "齢級": null, "所有形態": "個人", "ADDDATE": "2022-09-29", "ADDTENANT": "04000F", "ADDUSER": "pasco01", "EDITDATE": null, "EDITTENANT": "", "EDITUSER": ""}}, {"type": "Feature", "geometry": {"type": "Polygon", "coordinates": [[[141.43492765483435, 38.77428564681259], [141.43503860139157, 38.77417430408515], [141.4351068559409, 38.77399115046737], [141.43513012474213, 38.77392871432307], [141.43514361778765, 38.77389250565998], [141.43491200875093, 38.77387690550716], [141.43481966799644, 38.77380532314259], [141.4347370252691, 38.77371562886409], [141.43449435545747, 38.77370609913747], [141.43456070727993, 38.7738676909056], [141.43470350004563, 38.77402764338493], [141.4349735078989, 38.77412731908418], [141.434962907092, 38.774170278517516], [141.43466803467237, 38.77430051070333], [141.43450067923408, 38.77445616521995], [141.43459378364003, 38.77449787851301], [141.43465006543093, 38.77444674904996], [141.43466838514877, 38.77443010635117], [141.4347525115624, 38.77434775558049], [141.43482382558778, 38.77428007410923], [141.4348524206193, 38.774263107329034], [141.43488832758467, 38.77426184144428], [141.43492440025338, 38.774283041977576], [141.43492765483435, 38.77428564681259]]]}, "properties": {"KEYCODE": "000205@B100@04@0023@0000@0000@0000", "小班": "23", "小班面積": 0.19, "林種": "人工林", "中樹種": "スギ", "林齢": 53, "齢級": 11, "所有形態": "個人", "ADDDATE": "2022-09-29", "ADDTENANT": "04000F", "ADDUSER": "pasco01", "EDITDATE": null, "EDITTENANT": "", "EDITUSER": ""}}, {"type": "Feature", "geometry": {"type": "Polygon", "coordinates": [[[141.44741946796256, 38.77324932768959], [141.4473574154862, 38.7732249972902], [141.44727794147823, 38.7731850378627], [141.4472299847283, 38.773171495366654], [141.44720011775013, 38.77316306046921], [141.44709676390292, 38.77320522257618], [141.44707985878392, 38.77322138502015], [141.44699131814244, 38.77324823700654], [141.4469209500085, 38.77326957917415], [141.44688489588626, 38.77325170202844], [141.44683974819102, 38.77331378057705], [141.44697153711024, 38.77340623791185], [141.44703403773866, 38.77340711872028], [141.44713973398882, 38.77337128572551], [141.4472044393744, 38.77338906184984], [141.44724597126142, 38.773403145305934], [141.44730560702297, 38.773398064519675], [141.4473555073867, 38.77339398889403], [141.44739195440758, 38.773383309247315], [141.44738160007196, 38.77331185557553], [141.44741946796256, 38.77324932768959]]]}, "properties": {"KEYCODE": "000205@B101@02@0002@0000@0000@0000", "小班": "2", "小班面積": 0.09, "林種": "天然林", "中樹種": "その他L", "林齢": 51, "齢級": 11, "所有形態": "個人", "ADDDATE": "2022-09-29", "ADDTENANT": "04000F", "ADDUSER": "pasco01", "EDITDATE": null, "EDITTENANT": "", "EDITUSER": ""}}, {"type": "Feature", "geometry": {"type": "Polygon", "coordinates": [[[141.44816525542356, 38.774958234410924], [141.44813924652658, 38.774969925138244], [141.44812401057845, 38.77497677546868], [141.4479053666826, 38.77506324863796], [141.44760063704095, 38.77518548784664], [141.44760083806037, 38.77518557777986], [141.44760126781873, 38.7751857692121], [141.4478872756491, 38.77531272691929], [141.44802194784322, 38.77537286288989], [141.44815928780537, 38.775434189157586], [141.44824320185177, 38.77534607226718], [141.44816525542356, 38.774958234410924]]]}, "properties": {"KEYCODE": "000205@B101@03@0024@0001@0000@0000", "小班": "24-1", "小班面積": 0.15, "林種": "人工林", "中樹種": "スギ", "林齢": 61, "齢級": 13, "所有形態": "個人", "ADDDATE": "2022-09-29", "ADDTENANT": "04000F", "ADDUSER": "pasco01", "EDITDATE": null, "EDITTENANT": "", "EDITUSER": ""}}, {"type": "Feature", "geometry": {"type": "Polygon", "coordinates": [[[141.43917402839367, 38.776120645345145], [141.43930107795137, 38.776073417893954], [141.43958751334378, 38.776006401679034], [141.43973047634148, 38.77593060689958], [141.4396565713883, 38.775814253151026], [141.43964228405454, 38.77579176000417], [141.43957760399525, 38.77551001546731], [141.43943074292395, 38.77563902057267], [141.43936609275625, 38.77563703245032], [141.43930446271824, 38.77559604265722], [141.4392398318902, 38.7755148581048], [141.43921631258223, 38.77539496899709], [141.43921314120834, 38.77527544465772], [141.439211780952, 38.775222535283014], [141.43926880759153, 38.77516074222933], [141.43938182092802, 38.7751301232823], [141.43955677273362, 38.774970467511416], [141.43961602743255, 38.774980919446996], [141.43965514671802, 38.774801724232304], [141.43928000155108, 38.77468287868778], [141.4389264660097, 38.7745294879696], [141.4387956782509, 38.77449471562436], [141.43859572199247, 38.77454671467653], [141.43837514535642, 38.77462222524632], [141.43831326698592, 38.77464158137222], [141.43833210616734, 38.77473965375095], [141.43835449305493, 38.77483740596074], [141.43835415623258, 38.77483785904996], [141.4383550662656, 38.774841911943874], [141.43843144358323, 38.774939744973736], [141.43848345658796, 38.77497997873706], [141.4385254694627, 38.7750258768019], [141.4385676376678, 38.775094233214304], [141.43862577553784, 38.7751838759914], [141.43858219635547, 38.775270218589384], [141.43848148598346, 38.77520561033408], [141.43843291585281, 38.77518726927189], [141.43832022789343, 38.77523902588348], [141.4382574277793, 38.77539197600229], [141.43809196009107, 38.775377101043425], [141.43802085218047, 38.77517209868367], [141.43796927103452, 38.77517863935133], [141.43788571443844, 38.77521351261006], [141.43781164615507, 38.775228707258066], [141.43776687004683, 38.77522994333751], [141.43781944568852, 38.77541497620503], [141.4378374967685, 38.775478500926454], [141.4378451410446, 38.775496668355665], [141.43781150286213, 38.77550773409839], [141.43802127371674, 38.775863977566736], [141.43805548433784, 38.775908555820216], [141.438202375592, 38.776099965196124], [141.4383554468495, 38.77626960303211], [141.43851336720974, 38.77638991349915], [141.43858634771377, 38.77644551319427], [141.43867687727956, 38.77637468667819], [141.4387348750226, 38.77632931297041], [141.43903497145368, 38.776172336634794], [141.43917402839367, 38.776120645345145]]]}, "properties": {"KEYCODE": "000205@B116@06@0020@0000@0000@0000", "小班": "20", "小班面積": 2.05, "林種": "天然林", "中樹種": "その他L", "林齢": 55, "齢級": 11, "所有形態": "個人", "ADDDATE": "2022-09-29", "ADDTENANT": "04000F", "ADDUSER": "pasco01", "EDITDATE": null, "EDITTENANT": "", "EDITUSER": ""}}, {"type": "Feature", "geometry": {"type": "Polygon", "coordinates": [[[141.4383550662656, 38.774841911943874], [141.43835107017853, 38.77484200650431], [141.43821458753538, 38.774845224664325], [141.43817449738447, 38.77483958448223], [141.43807012658834, 38.77506329287861], [141.43802085218047, 38.77517209868367], [141.43809196009107, 38.775377101043425], [141.4382574277793, 38.77539197600229], [141.43832022789343, 38.77523902588348], [141.43843291585281, 38.77518726927189], [141.43848148598346, 38.77520561033408], [141.43858219635547, 38.775270218589384], [141.43862577553784, 38.7751838759914], [141.4385676376678, 38.775094233214304], [141.4385254694627, 38.7750258768019], [141.43848345658796, 38.77497997873706], [141.43843144358323, 38.774939744973736], [141.4383550662656, 38.774841911943874]]]}, "properties": {"KEYCODE": "000205@B116@06@0021@0000@0000@0000", "小班": "21", "小班面積": 0.2, "林種": "人工林", "中樹種": "ヒノキ類", "林齢": 39, "齢級": 8, "所有形態": "個人", "ADDDATE": "2022-09-29", "ADDTENANT": "04000F", "ADDUSER": "pasco01", "EDITDATE": null, "EDITTENANT": "", "EDITUSER": ""}}, {"type": "Feature", "geometry": {"type": "Polygon", "coordinates": [[[141.43802085218047, 38.77517209868367], [141.43807012658834, 38.77506329287861], [141.43817449738447, 38.77483958448223], [141.4380435182767, 38.77482115531987], [141.43801559894993, 38.77477238059163], [141.43798142111788, 38.7747126708104], [141.4379804422718, 38.77471096058152], [141.43790631385804, 38.77474337069348], [141.4379067562694, 38.77474697286281], [141.43791737449908, 38.774833465463615], [141.43781371154574, 38.774882346108434], [141.4377454434462, 38.774914537520665], [141.43754304367377, 38.77500997567765], [141.4376884903017, 38.77501299294612], [141.43770156622452, 38.77501326406071], [141.43771634898303, 38.77505214206306], [141.43776687004683, 38.77522994333751], [141.43781164615507, 38.775228707258066], [141.43788571443844, 38.77521351261006], [141.43796927103452, 38.77517863935133], [141.43802085218047, 38.77517209868367]]]}, "properties": {"KEYCODE": "000205@B116@06@0022@0000@0000@0000", "小班": "22", "小班面積": 0.15, "林種": "天然林", "中樹種": "マツ類", "林齢": 107, "齢級": 22, "所有形態": "個人", "ADDDATE": "2022-09-29", "ADDTENANT": "04000F", "ADDUSER": "pasco01", "EDITDATE": null, "EDITTENANT": "", "EDITUSER": ""}}, {"type": "Feature", "geometry": {"type": "Polygon", "coordinates": [[[141.45028688600868, 38.77582318213237], [141.45028656572578, 38.77582274148684], [141.450189552248, 38.77591874238206], [141.45016766778497, 38.77594055939866], [141.45016668436622, 38.775941694303576], [141.45014261610157, 38.775969454292536], [141.45009301711224, 38.776034501663574], [141.45008001433254, 38.77607776068687], [141.45047086924373, 38.77616703304768], [141.45040155386556, 38.7760078453814], [141.450320981638, 38.7758700951863], [141.45028688600868, 38.77582318213237]]]}, "properties": {"KEYCODE": "000205@B101@04@0008@0000@0000@0000", "小班": "8", "小班面積": 0.07, "林種": "天然林", "中樹種": "その他L", "林齢": 83, "齢級": 17, "所有形態": "個人", "ADDDATE": "2022-09-29", "ADDTENANT": "04000F", "ADDUSER": "pasco01", "EDITDATE": null, "EDITTENANT": "", "EDITUSER": ""}}, {"type": "Feature", "geometry": {"type": "Polygon", "coordinates": [[[141.44246819282952, 38.77282731780274], [141.4423396972213, 38.7727704224298], [141.44227838341922, 38.772823516020026], [141.44223850486512, 38.77286527281788], [141.44218721036356, 38.77291381871967], [141.44213027659862, 38.77297587938814], [141.44206784750708, 38.77306717638647], [141.44203835109616, 38.77314708485464], [141.4420203604427, 38.77322806851069], [141.4420311804804, 38.773275599834726], [141.4421384510387, 38.77315149311669], [141.44231721871694, 38.77289294340577], [141.44237292006315, 38.77288234696995], [141.44242167569857, 38.77289130897975], [141.44245425250304, 38.772849040633986], [141.44246819282952, 38.77282731780274]]]}, "properties": {"KEYCODE": "000205@B096@01@0005@0000@0000@0000", "小班": "5", "小班面積": 0.06, "林種": "人工林", "中樹種": "スギ", "林齢": 54, "齢級": 11, "所有形態": "個人", "ADDDATE": "2022-09-29", "ADDTENANT": "04000F", "ADDUSER": "pasco01", "EDITDATE": null, "EDITTENANT": "", "EDITUSER": ""}}, {"type": "Feature", "geometry": {"type": "Polygon", "coordinates": [[[141.4415018936518, 38.77224948194914], [141.4415309350557, 38.77220269537315], [141.44150480323114, 38.7722136087025], [141.44137825976836, 38.77219734032858], [141.44134661224794, 38.77219186540919], [141.4413063730584, 38.772189805404054], [141.44118303194497, 38.772211725984], [141.44116579095618, 38.77221827503203], [141.44124184343895, 38.77225331595511], [141.44121443012088, 38.77229385443037], [141.44129502776894, 38.77232312850641], [141.44133957403963, 38.772321067961705], [141.44146094432944, 38.772315454562936], [141.4415018936518, 38.77224948194914]]]}, "properties": {"KEYCODE": "000205@B096@01@0009@0000@0000@0000", "小班": "9", "小班面積": 0.04, "林種": "天然林", "中樹種": "クヌギ", "林齢": 68, "齢級": 14, "所有形態": "個人", "ADDDATE": "2022-09-29", "ADDTENANT": "04000F", "ADDUSER": "pasco01", "EDITDATE": null, "EDITTENANT": "", "EDITUSER": ""}}, {"type": "Feature", "geometry": {"type": "Polygon", "coordinates": [[[141.4415582938868, 38.772202111557846], [141.44165228939218, 38.77218113791639], [141.44171324215873, 38.772234712749075], [141.44179699651667, 38.772271021308356], [141.44188194617539, 38.77232528822069], [141.4419544150478, 38.772383702897905], [141.44198612155475, 38.77243253084938], [141.44198649625875, 38.7724766229332], [141.44197643355898, 38.77251995226688], [141.44195312984417, 38.77252701137676], [141.44208221362874, 38.77255476214362], [141.44205007811834, 38.772662774100276], [141.4423396972213, 38.7727704224298], [141.44246819282952, 38.77282731780274], [141.44255704996553, 38.772688849192484], [141.44242788534132, 38.77264311762035], [141.44245317243036, 38.77260161698563], [141.44237661217784, 38.772577619902016], [141.4422984990444, 38.77254963991917], [141.44223831936043, 38.772516692638256], [141.44218667761842, 38.77248090808922], [141.4421316041456, 38.77243536674283], [141.44206503669278, 38.772390119469435], [141.44191610459285, 38.77225394188266], [141.44180092493053, 38.772148786183905], [141.44177560972867, 38.77212238678409], [141.4417657323632, 38.772112086985736], [141.44161537262366, 38.77196350218014], [141.4415612022876, 38.77218995333176], [141.4415582938868, 38.772202111557846]]]}, "properties": {"KEYCODE": "000205@B096@01@0010@0000@0000@0000", "小班": "10", "小班面積": 0.17, "林種": "竹林", "中樹種": "タケ", "林齢": null, "齢級": null, "所有形態": "個人", "ADDDATE": "2022-09-29", "ADDTENANT": "04000F", "ADDUSER": "pasco01", "EDITDATE": null, "EDITTENANT": "", "EDITUSER": ""}}, {"type": "Feature", "geometry": {"type": "Polygon", "coordinates": [[[141.44195312984417, 38.77252701137676], [141.44189802401715, 38.772515165156705], [141.44179062447145, 38.772553859007914], [141.4417958793906, 38.77255606495428], [141.4418047584747, 38.7725597925526], [141.44205007811834, 38.772662774100276], [141.44208221362874, 38.77255476214362], [141.44195312984417, 38.77252701137676]]]}, "properties": {"KEYCODE": "000205@B096@01@0006@0000@0000@0000", "小班": "6", "小班面積": 0.03, "林種": "天然林", "中樹種": "マツ類", "林齢": 98, "齢級": 20, "所有形態": "個人", "ADDDATE": "2022-09-29", "ADDTENANT": "04000F", "ADDUSER": "pasco01", "EDITDATE": null, "EDITTENANT": "", "EDITUSER": ""}}, {"type": "Feature", "geometry": {"type": "Polygon", "coordinates": [[[141.4420311804804, 38.773275599834726], [141.4420203604427, 38.77322806851069], [141.44203835109616, 38.77314708485464], [141.44206784750708, 38.77306717638647], [141.44213027659862, 38.77297587938814], [141.44218721036356, 38.77291381871967], [141.44223850486512, 38.77286527281788], [141.44227838341922, 38.772823516020026], [141.4423396972213, 38.7727704224298], [141.44205007811834, 38.772662774100276], [141.4418047584747, 38.7725597925526], [141.4417958793906, 38.77255606495428], [141.44179062447145, 38.772553859007914], [141.44168400035824, 38.77262316094793], [141.4416406401583, 38.77265134394785], [141.4419600800666, 38.77287320951468], [141.44184706544647, 38.77297342556743], [141.44165532685793, 38.773143450418054], [141.44120869108647, 38.773042721624684], [141.44116244468754, 38.773066894284504], [141.44117702479244, 38.77307155262757], [141.44163966946846, 38.77316967572553], [141.44171217205954, 38.77318605486932], [141.4414376651103, 38.773401707810045], [141.4414207320788, 38.77341501016109], [141.44119225445397, 38.77359450095474], [141.44116927835415, 38.77361254995492], [141.44121502386326, 38.77362341998922], [141.44133440197731, 38.77366172642402], [141.44191717548603, 38.77336185011636], [141.44197563651508, 38.77331762191219], [141.4420311804804, 38.773275599834726]]]}, "properties": {"KEYCODE": "000205@B096@01@0004@0000@0000@0000", "小班": "4", "小班面積": 0.38, "林種": "人工林", "中樹種": "スギ", "林齢": 71, "齢級": 15, "所有形態": "任意団体", "ADDDATE": "2022-09-29", "ADDTENANT": "04000F", "ADDUSER": "pasco01", "EDITDATE": null, "EDITTENANT": "", "EDITUSER": ""}}, {"type": "Feature", "geometry": {"type": "Polygon", "coordinates": [[[141.44168400035824, 38.77262316094793], [141.4416453819607, 38.77259598213167], [141.44156242833478, 38.772531089481646], [141.44149207368605, 38.77247593018579], [141.44147925937955, 38.77245776106198], [141.4414995113087, 38.77243946852027], [141.44154691436378, 38.772268469041094], [141.4415232242346, 38.77225847803955], [141.44147730210153, 38.77233228815014], [141.4413334713187, 38.77234058865321], [141.44129183717823, 38.77234299169992], [141.44120299124415, 38.77231000381404], [141.44118581751906, 38.7723330234783], [141.44118495501073, 38.77233417840019], [141.44128441766708, 38.77238959727479], [141.4414330189823, 38.772499528170414], [141.44150566896806, 38.77255327287219], [141.4416406401583, 38.77265134394785], [141.44168400035824, 38.77262316094793]]]}, "properties": {"KEYCODE": "000205@B096@01@0008@0000@0000@0000", "小班": "8", "小班面積": 0.05, "林種": "人工林", "中樹種": "スギ", "林齢": 74, "齢級": 15, "所有形態": "個人", "ADDDATE": "2022-09-29", "ADDTENANT": "04000F", "ADDUSER": "pasco01", "EDITDATE": null, "EDITTENANT": "", "EDITUSER": ""}}, {"type": "Feature", "geometry": {"type": "Polygon", "coordinates": [[[141.44179062447145, 38.772553859007914], [141.44189802401715, 38.772515165156705], [141.44195312984417, 38.77252701137676], [141.44197643355898, 38.77251995226688], [141.44198649625875, 38.7724766229332], [141.44198612155475, 38.77243253084938], [141.4419544150478, 38.772383702897905], [141.44188194617539, 38.77232528822069], [141.44179699651667, 38.772271021308356], [141.44171324215873, 38.772234712749075], [141.44165228939218, 38.77218113791639], [141.4415582938868, 38.772202111557846], [141.4415232242346, 38.77225847803955], [141.44154691436378, 38.772268469041094], [141.4414995113087, 38.77243946852027], [141.44147925937955, 38.77245776106198], [141.44149207368605, 38.77247593018579], [141.44156242833478, 38.772531089481646], [141.4416453819607, 38.77259598213167], [141.44168400035824, 38.77262316094793], [141.44179062447145, 38.772553859007914]]]}, "properties": {"KEYCODE": "000205@B096@01@0007@0000@0000@0000", "小班": "7", "小班面積": 0.13, "林種": "天然林", "中樹種": "その他L", "林齢": 72, "齢級": 15, "所有形態": "個人", "ADDDATE": "2022-09-29", "ADDTENANT": "04000F", "ADDUSER": "pasco01", "EDITDATE": null, "EDITTENANT": "", "EDITUSER": ""}}, {"type": "Feature", "geometry": {"type": "Polygon", "coordinates": [[[141.43492765483435, 38.77428564681259], [141.43492440025338, 38.774283041977576], [141.43488832758467, 38.77426184144428], [141.4348524206193, 38.774263107329034], [141.43482382558778, 38.77428007410923], [141.4347525115624, 38.77434775558049], [141.43466838514877, 38.77443010635117], [141.43465006543093, 38.77444674904996], [141.43459378364003, 38.77449787851301], [141.43459606411034, 38.7745710181007], [141.43471987971182, 38.77448975503138], [141.4347325725738, 38.77448142495572], [141.43492765483435, 38.77428564681259]]]}, "properties": {"KEYCODE": "000205@B100@04@0022@0000@0000@0000", "小班": "22", "小班面積": 0.03, "林種": "人工林", "中樹種": "スギ", "林齢": 73, "齢級": 15, "所有形態": "個人", "ADDDATE": "2022-09-29", "ADDTENANT": "04000F", "ADDUSER": "pasco01", "EDITDATE": null, "EDITTENANT": "", "EDITUSER": ""}}, {"type": "Feature", "geometry": {"type": "Polygon", "coordinates": [[[141.44997184784208, 38.76552260998709], [141.4500280470476, 38.76546357452223], [141.44981497709588, 38.76544546187623], [141.44978968360957, 38.76544331243182], [141.44975517667154, 38.76544037825186], [141.449701448308, 38.76543581121711], [141.4497022827971, 38.765444531938414], [141.44970342328784, 38.76545645281002], [141.44970985860732, 38.765523664924004], [141.44975362821114, 38.76552480614155], [141.44997184784208, 38.76552260998709]]]}, "properties": {"KEYCODE": "000205@B073@02@0003@0000@0000@0000", "小班": "3", "小班面積": 0.03, "林種": "人工林", "中樹種": "スギ", "林齢": 51, "齢級": 11, "所有形態": "個人", "ADDDATE": "2022-09-29", "ADDTENANT": "04000F", "ADDUSER": "pasco01", "EDITDATE": null, "EDITTENANT": "", "EDITUSER": ""}}, {"type": "Feature", "geometry": {"type": "Polygon", "coordinates": [[[141.44231153598824, 38.75926164668417], [141.44234601742326, 38.759279428998184], [141.44246846324387, 38.75941471743392], [141.4425184408415, 38.75952112250886], [141.44244827374686, 38.75973862104631], [141.44246801657098, 38.75978148346954], [141.4425667529804, 38.759732324325626], [141.4426263294432, 38.75964660296302], [141.4426057586963, 38.75956009939496], [141.44257793786022, 38.759461255364755], [141.44253720065342, 38.75936581194698], [141.4424822009351, 38.759288387702526], [141.44238983559032, 38.759207690612826], [141.44229760093162, 38.75915060513364], [141.44231153598824, 38.75926164668417]]]}, "properties": {"KEYCODE": "000205@B078@02@0015@0000@0000@0000", "小班": "15", "小班面積": 0.07, "林種": "人工林", "中樹種": "スギ", "林齢": 84, "齢級": 17, "所有形態": "個人", "ADDDATE": "2022-09-29", "ADDTENANT": "04000F", "ADDUSER": "pasco01", "EDITDATE": null, "EDITTENANT": "", "EDITUSER": ""}}, {"type": "Feature", "geometry": {"type": "Polygon", "coordinates": [[[141.4358125211537, 38.766347785204026], [141.43577901424953, 38.766178594986265], [141.4357515253816, 38.766218456945495], [141.43571087690177, 38.76630127812694], [141.4357106177626, 38.76632656746281], [141.4357205502922, 38.766393848835975], [141.43573812793784, 38.766424703830836], [141.435754383104, 38.766443204519334], [141.43580424774015, 38.76649995674641], [141.43584277870784, 38.766500568921984], [141.4358125211537, 38.766347785204026]]]}, "properties": {"KEYCODE": "000205@B094@04@0004@0000@0000@0000", "小班": "4", "小班面積": 0.03, "林種": "未立木地", "中樹種": "", "林齢": null, "齢級": null, "所有形態": "個人", "ADDDATE": "2022-09-29", "ADDTENANT": "04000F", "ADDUSER": "pasco01", "EDITDATE": null, "EDITTENANT": "", "EDITUSER": ""}}, {"type": "Feature", "geometry": {"type": "Polygon", "coordinates": [[[141.43450160345262, 38.761889176341356], [141.43448394094372, 38.76188764107787], [141.43445698256807, 38.76188529867569], [141.43436019969016, 38.76186302186555], [141.43423644612713, 38.761854623134305], [141.43420197702514, 38.76185509763621], [141.43425890227124, 38.761892525296254], [141.43431621064678, 38.761946814743496], [141.43440432463268, 38.76202764816293], [141.43448089312994, 38.762106405784344], [141.4345341772901, 38.762171985969836], [141.43453578560624, 38.76217455784973], [141.43454323470516, 38.76218646895531], [141.43472875159438, 38.76216042291312], [141.4346645574913, 38.7620780513789], [141.43452126247712, 38.76196258705746], [141.43450271688968, 38.76192931163058], [141.43450160345262, 38.761889176341356]]]}, "properties": {"KEYCODE": "000205@B093@03@0006@0000@0000@0000", "小班": "6", "小班面積": 0.07, "林種": "天然林", "中樹種": "その他L", "林齢": 65, "齢級": 13, "所有形態": "共有", "ADDDATE": "2022-09-29", "ADDTENANT": "04000F", "ADDUSER": "pasco01", "EDITDATE": null, "EDITTENANT": "", "EDITUSER": ""}}, {"type": "Feature", "geometry": {"type": "Polygon", "coordinates": [[[141.43432676859908, 38.76241344558244], [141.43433234159787, 38.76227097339961], [141.4343324552991, 38.7622680674405], [141.43433249255713, 38.762148916264344], [141.4343114870443, 38.76211098954263], [141.43427049719386, 38.762078957398614], [141.4342414278942, 38.76206474664709], [141.4342243522459, 38.76207172625492], [141.43421478861478, 38.762092090521946], [141.43420407463856, 38.76212483894894], [141.43420075213743, 38.76216647720916], [141.43418060876425, 38.76216562581796], [141.43414441360872, 38.76215375795632], [141.4340890446171, 38.76212080958331], [141.43403188480576, 38.762073257028995], [141.43394449495972, 38.76202276162827], [141.43387324385446, 38.76198665155536], [141.4338242029642, 38.76197833604541], [141.43378701643292, 38.76198559098146], [141.4337641799771, 38.76199152805672], [141.4337457937851, 38.76200414489836], [141.4337219669167, 38.76202920396797], [141.43369561518642, 38.762068915486466], [141.43367503794047, 38.762109659489774], [141.4336829628662, 38.76214102385639], [141.43370618553288, 38.762150823384985], [141.43374644917492, 38.76215251743724], [141.43382104405165, 38.76214811534122], [141.43388561473165, 38.76214497279991], [141.43392767020927, 38.76216125112168], [141.43395705964505, 38.762188946649225], [141.4339793430416, 38.762220110182604], [141.43401546649181, 38.762289302178374], [141.4341289497161, 38.76250704719763], [141.43432676859908, 38.76241344558244]]]}, "properties": {"KEYCODE": "000205@B093@03@0005@0000@0000@0000", "小班": "5", "小班面積": 0.15, "林種": "天然林", "中樹種": "その他L", "林齢": 65, "齢級": 13, "所有形態": "共有", "ADDDATE": "2022-09-29", "ADDTENANT": "04000F", "ADDUSER": "pasco01", "EDITDATE": null, "EDITTENANT": "", "EDITUSER": ""}}, {"type": "Feature", "geometry": {"type": "Polygon", "coordinates": [[[141.43433234159787, 38.76227097339961], [141.43454323470516, 38.76218646895531], [141.43453578560624, 38.76217455784973], [141.4345341772901, 38.762171985969836], [141.43448089312994, 38.762106405784344], [141.43440432463268, 38.76202764816293], [141.43431621064678, 38.761946814743496], [141.43425890227124, 38.761892525296254], [141.43420197702514, 38.76185509763621], [141.43415602474153, 38.76185573025609], [141.43402262170378, 38.76186431765921], [141.4340155834768, 38.76186475562868], [141.4338834764267, 38.76187297945958], [141.43375725245963, 38.761881466609914], [141.43363562935485, 38.761902253287026], [141.43350268536557, 38.761929945645704], [141.43337843167012, 38.7619608905013], [141.43326846300175, 38.76198825653331], [141.4332681147276, 38.76198830066285], [141.43318433670711, 38.76199764768235], [141.43305208964478, 38.76199372187147], [141.43297937438896, 38.7621319565638], [141.43320454626758, 38.76220046433738], [141.43332757397906, 38.76223617300151], [141.433505581541, 38.76229409538606], [141.43363161611913, 38.76233844675493], [141.43381996472385, 38.762405530762756], [141.43401539773419, 38.762468028555254], [141.4341289497161, 38.76250704719763], [141.43401546649181, 38.762289302178374], [141.4339793430416, 38.762220110182604], [141.43395705964505, 38.762188946649225], [141.43392767020927, 38.76216125112168], [141.43388561473165, 38.76214497279991], [141.43382104405165, 38.76214811534122], [141.43374644917492, 38.76215251743724], [141.43370618553288, 38.762150823384985], [141.4336829628662, 38.76214102385639], [141.43367503794047, 38.762109659489774], [141.43369561518642, 38.762068915486466], [141.4337219669167, 38.76202920396797], [141.4337457937851, 38.76200414489836], [141.4337641799771, 38.76199152805672], [141.43378701643292, 38.76198559098146], [141.4338242029642, 38.76197833604541], [141.43387324385446, 38.76198665155536], [141.43394449495972, 38.76202276162827], [141.43403188480576, 38.762073257028995], [141.4340890446171, 38.76212080958331], [141.43414441360872, 38.76215375795632], [141.43418060876425, 38.76216562581796], [141.43420075213743, 38.76216647720916], [141.43420407463856, 38.76212483894894], [141.43421478861478, 38.762092090521946], [141.4342243522459, 38.76207172625492], [141.4342414278942, 38.76206474664709], [141.43427049719386, 38.762078957398614], [141.4343114870443, 38.76211098954263], [141.43433249255713, 38.762148916264344], [141.4343324552991, 38.7622680674405], [141.43433234159787, 38.76227097339961]]]}, "properties": {"KEYCODE": "000205@B093@03@0004@0000@0000@0000", "小班": "4", "小班面積": 0.43, "林種": "天然林", "中樹種": "マツ類", "林齢": 91, "齢級": 19, "所有形態": "共有", "ADDDATE": "2022-09-29", "ADDTENANT": "04000F", "ADDUSER": "pasco01", "EDITDATE": null, "EDITTENANT": "", "EDITUSER": ""}}, {"type": "Feature", "geometry": {"type": "Polygon", "coordinates": [[[141.44973228526317, 38.765757924053204], [141.4497111774555, 38.76553745780555], [141.44970985860732, 38.765523664924004], [141.44968752896227, 38.76552308269117], [141.44949093489802, 38.76551290229217], [141.44948714966006, 38.76553704808847], [141.44948629326365, 38.76562478129563], [141.44948047505812, 38.76564802790961], [141.4495233902128, 38.76576641286917], [141.44973228526317, 38.765757924053204]]]}, "properties": {"KEYCODE": "000205@B073@02@0002@0000@0000@0000", "小班": "2", "小班面積": 0.06, "林種": "人工林", "中樹種": "スギ", "林齢": 50, "齢級": 10, "所有形態": "個人", "ADDDATE": "2022-09-29", "ADDTENANT": "04000F", "ADDUSER": "pasco01", "EDITDATE": null, "EDITTENANT": "", "EDITUSER": ""}}, {"type": "Feature", "geometry": {"type": "Polygon", "coordinates": [[[141.4497022827971, 38.765444531938414], [141.44949344287642, 38.76546093022452], [141.44949093489802, 38.76551290229217], [141.44968752896227, 38.76552308269117], [141.44970985860732, 38.765523664924004], [141.44970342328784, 38.76545645281002], [141.4497022827971, 38.765444531938414]]]}, "properties": {"KEYCODE": "000205@B073@02@0003@0001@0000@0000", "小班": "3-1", "小班面積": 0.02, "林種": "人工林", "中樹種": "スギ", "林齢": 51, "齢級": 11, "所有形態": "個人", "ADDDATE": "2022-09-29", "ADDTENANT": "04000F", "ADDUSER": "pasco01", "EDITDATE": null, "EDITTENANT": "", "EDITUSER": ""}}, {"type": "Feature", "geometry": {"type": "Polygon", "coordinates": [[[141.45024250572544, 38.765123137737184], [141.45023273751337, 38.765077434880055], [141.45022919333056, 38.76506085738583], [141.45014373069168, 38.76506273815455], [141.4501194985911, 38.76509764850929], [141.45006220151652, 38.76512815861828], [141.44998482584404, 38.76516546645051], [141.44990868549016, 38.7651858769226], [141.44993160362827, 38.76520912240853], [141.44988165048287, 38.76524208464642], [141.44986965831905, 38.76528651405074], [141.44986766973966, 38.76535468319614], [141.44985480290163, 38.76535470692562], [141.44983867787536, 38.76543382168126], [141.44975517667154, 38.76544037825186], [141.44978968360957, 38.76544331243182], [141.44981497709588, 38.76544546187623], [141.4500280470476, 38.76546357452223], [141.45007733065106, 38.76539373060625], [141.45016270364187, 38.765272740053206], [141.45024238043794, 38.76512315371363], [141.45024250572544, 38.765123137737184]]]}, "properties": {"KEYCODE": "000205@B073@02@0004@0000@0000@0000", "小班": "4", "小班面積": 0.09, "林種": "人工林", "中樹種": "スギ", "林齢": 88, "齢級": 18, "所有形態": "個人", "ADDDATE": "2022-09-29", "ADDTENANT": "04000F", "ADDUSER": "pasco01", "EDITDATE": null, "EDITTENANT": "", "EDITUSER": ""}}, {"type": "Feature", "geometry": {"type": "Polygon", "coordinates": [[[141.43659702850968, 38.774361758541836], [141.43655609452767, 38.774305212899655], [141.43652292252656, 38.77425243704235], [141.43649289998478, 38.774185126187035], [141.4364710691235, 38.77415347979968], [141.43641461329304, 38.77410845820792], [141.43635448640043, 38.774055375453074], [141.4362784938837, 38.773998561055855], [141.436214890027, 38.77396647247582], [141.43609144739375, 38.77391562337059], [141.43604122386807, 38.77388155760069], [141.4359677562327, 38.7738352181327], [141.43582196657746, 38.77373395127691], [141.4357846354036, 38.77363975302378], [141.43567177389437, 38.77354356030703], [141.4355872495069, 38.77348583538273], [141.4354910151287, 38.77346377478756], [141.43540930040635, 38.773458512073525], [141.43529559586554, 38.773449778987974], [141.43526638460824, 38.77353796977633], [141.43521594494038, 38.773705559876035], [141.4351440561063, 38.773892488087746], [141.43538141503515, 38.77388306478291], [141.43556856587773, 38.77391802890354], [141.43561375288414, 38.77392647070739], [141.4355898309159, 38.77405063655621], [141.43557241147585, 38.77414104589502], [141.4355579120025, 38.77421630434006], [141.4356316039906, 38.77424934758001], [141.43573886284167, 38.77429064107186], [141.43582207903023, 38.774326933253526], [141.43594250017023, 38.77437669823206], [141.43604585484422, 38.77441788454584], [141.43604700983062, 38.77441947136179], [141.43618991439723, 38.774442888033256], [141.43632194094744, 38.77445081490874], [141.43651164249792, 38.774451988205534], [141.43658984115982, 38.774413904885066], [141.43659702850968, 38.774361758541836]]]}, "properties": {"KEYCODE": "000205@B100@04@0011@0001@0000@0000", "小班": "11-1", "小班面積": 0.64, "林種": "人工林", "中樹種": "マツ類", "林齢": 54, "齢級": 11, "所有形態": "個人", "ADDDATE": "2022-09-29", "ADDTENANT": "04000F", "ADDUSER": "pasco01", "EDITDATE": null, "EDITTENANT": "", "EDITUSER": ""}}, {"type": "Feature", "geometry": {"type": "Polygon", "coordinates": [[[141.43600715448446, 38.772713340796145], [141.43610744595398, 38.77268305277224], [141.43609931532234, 38.77263845742621], [141.4361253654006, 38.77248932132238], [141.43596787234128, 38.77251607735307], [141.43586369291833, 38.772554216736104], [141.43581391951136, 38.77257243797594], [141.43565610706935, 38.77269261929428], [141.4356477563508, 38.77269639922204], [141.43564358665347, 38.772699509862036], [141.43549762208724, 38.77276435401797], [141.43543230914918, 38.772769312083796], [141.43542066497167, 38.77298310814103], [141.43565553742, 38.772951109991745], [141.43571858401944, 38.77292679615718], [141.4358729826663, 38.772857668657245], [141.43595793409688, 38.7727916882236], [141.43600715448446, 38.772713340796145]]]}, "properties": {"KEYCODE": "000205@B100@04@0011@0000@0000@0000", "小班": "11", "小班面積": 0.17, "林種": "天然林", "中樹種": "その他L", "林齢": 77, "齢級": 16, "所有形態": "個人", "ADDDATE": "2022-09-29", "ADDTENANT": "04000F", "ADDUSER": "pasco01", "EDITDATE": null, "EDITTENANT": "", "EDITUSER": ""}}, {"type": "Feature", "geometry": {"type": "Polygon", "coordinates": [[[141.44551055404784, 38.77540367728838], [141.44550972238451, 38.775402916790135], [141.44550588075526, 38.77539940723063], [141.44539952689274, 38.77530218810668], [141.44536850327168, 38.77527309061019], [141.4452703558776, 38.77532516153808], [141.44532132416748, 38.77536103921302], [141.44538784329325, 38.77545958413738], [141.44551055404784, 38.77540367728838]]]}, "properties": {"KEYCODE": "000205@B101@03@0008@0002@0000@0000", "小班": "8-2", "小班面積": 0.02, "林種": "天然林", "中樹種": "その他L", "林齢": 45, "齢級": 9, "所有形態": "個人", "ADDDATE": "2022-09-29", "ADDTENANT": "04000F", "ADDUSER": "pasco01", "EDITDATE": null, "EDITTENANT": "", "EDITUSER": ""}}, {"type": "Feature", "geometry": {"type": "Polygon", "coordinates": [[[141.44703403773866, 38.77340711872028], [141.44697153711024, 38.77340623791185], [141.44683974819102, 38.77331378057705], [141.44688489588626, 38.77325170202844], [141.44687302192668, 38.77324581399181], [141.44663300435656, 38.77322655062992], [141.44663260697925, 38.77322651037345], [141.44668556682703, 38.77335487671378], [141.4466717357605, 38.77338451648328], [141.4467126346499, 38.77341258164739], [141.44676442148491, 38.77343003032637], [141.44685261037586, 38.77345974628695], [141.4469405958038, 38.773495525331796], [141.44703403773866, 38.77340711872028]]]}, "properties": {"KEYCODE": "000205@B101@02@0001@0001@0000@0000", "小班": "1-1", "小班面積": 0.06, "林種": "竹林", "中樹種": "タケ", "林齢": null, "齢級": null, "所有形態": "個人", "ADDDATE": "2022-09-29", "ADDTENANT": "04000F", "ADDUSER": "pasco01", "EDITDATE": null, "EDITTENANT": "", "EDITUSER": ""}}, {"type": "Feature", "geometry": {"type": "Polygon", "coordinates": [[[141.44592615967426, 38.76422316242192], [141.4458967982194, 38.76450876979317], [141.4459496431306, 38.7645647462235], [141.44608532691964, 38.76462410182851], [141.44633049635732, 38.76465929237662], [141.44634326723187, 38.76461202774149], [141.44635632930803, 38.76456369852645], [141.44640372460898, 38.76451084783094], [141.44650859214929, 38.76444676690941], [141.44663572915772, 38.76445655016928], [141.44675648536492, 38.764365773343904], [141.44689055273813, 38.76423635488727], [141.44699988121627, 38.76420431730545], [141.44721994082354, 38.764162163044944], [141.44738848055158, 38.76421848423571], [141.4474600650391, 38.76418759766085], [141.4474851145438, 38.764126446017926], [141.44758727510788, 38.76411065437467], [141.44770602506088, 38.764183444690346], [141.4477082307187, 38.76419124735302], [141.44772534520644, 38.76406406571005], [141.44773781996207, 38.764069873453934], [141.4479985651125, 38.76404137755949], [141.4480287387045, 38.76402563256394], [141.44806177835787, 38.76400315364468], [141.44808044267648, 38.763954794770065], [141.44810197695332, 38.76392442959855], [141.44814507072303, 38.763889572687496], [141.448165368224, 38.76387103459494], [141.44809605517412, 38.76382246552089], [141.44801834153768, 38.763767766782664], [141.44795611580085, 38.763709022628504], [141.4479565731566, 38.76368574751675], [141.4479576533908, 38.76363072714999], [141.4478675448431, 38.76363998465102], [141.44786053227116, 38.763641008898404], [141.44780316868653, 38.76364938697793], [141.44773413124898, 38.76365946962115], [141.44770560324713, 38.763668511373176], [141.4476943478017, 38.76367459209001], [141.44761162647896, 38.76371928403165], [141.4474209023656, 38.763782240516655], [141.44740812337466, 38.76375865027082], [141.4475996672331, 38.76369736515484], [141.44761312116455, 38.76369056118889], [141.44762284354866, 38.76368564347913], [141.4476866027118, 38.76365339520613], [141.44761475374884, 38.76363578206291], [141.44761451187267, 38.76363562027296], [141.44752800126756, 38.76357761702731], [141.4474871159937, 38.763503535421954], [141.44740381460264, 38.763445235041985], [141.44731593835533, 38.76334652395854], [141.44731266776333, 38.763342850190426], [141.44703586581414, 38.76343841089538], [141.44685194512383, 38.76343988097815], [141.44665794145425, 38.76343152385276], [141.44654501341864, 38.76340887497841], [141.44639550800787, 38.7633788893543], [141.44633048570898, 38.763381624965646], [141.44631671150287, 38.763382204408586], [141.44595097202102, 38.76339758942097], [141.44590327504065, 38.76339842319234], [141.4456786512164, 38.76340234977003], [141.44559714152663, 38.76337839333346], [141.44559723727423, 38.76338461892103], [141.44558682073432, 38.76338235033883], [141.44490930146705, 38.763708930765624], [141.44488959156354, 38.763752943969976], [141.44483684354017, 38.763870733942056], [141.44474011863116, 38.76413234510689], [141.44495072349147, 38.76408174016694], [141.4449572211936, 38.764080719606866], [141.44527953460315, 38.764246524876874], [141.44582623513625, 38.76424616427067], [141.44584184963236, 38.76423512577758], [141.44590076341566, 38.76422951978228], [141.44591660373325, 38.76422555452943], [141.44592615967426, 38.76422316242192], [141.44592615967426, 38.76422316242192]]]}, "properties": {"KEYCODE": "000205@B095@05@0003@0001@0000@0000", "小班": "3-1", "小班面積": 2.31, "林種": "人工林", "中樹種": "スギ", "林齢": 4, "齢級": 1, "所有形態": "個人", "ADDDATE": "2025-05-13", "ADDTENANT": "04000F", "ADDUSER": "ksbrs02", "EDITDATE": "2025-05-13", "EDITTENANT": "04000F", "EDITUSER": "ksbrs02"}}, {"type": "Feature", "geometry": {"type": "Polygon", "coordinates": [[[141.44734723879662, 38.76332880407492], [141.44738408896177, 38.763375575506906], [141.44742545999134, 38.763428085474246], [141.44751187536306, 38.76348319834041], [141.4475574855761, 38.76356080461571], [141.44760961523943, 38.76360093108929], [141.4476356482387, 38.76362096970999], [141.44771589876626, 38.763642808898425], [141.4478041403984, 38.763629058678085], [141.44782717469366, 38.763625470048034], [141.44785663376365, 38.763620880076836], [141.44796553901557, 38.76359613652703], [141.44807208200214, 38.7635669819277], [141.44813310785034, 38.76339083411439], [141.44817010235852, 38.76327239401085], [141.4479824884209, 38.76317419994608], [141.44803404293907, 38.76301010004351], [141.44793861711037, 38.76293407842068], [141.44772026976628, 38.76277176896908], [141.4476616422797, 38.76286949918253], [141.44765615613224, 38.76302276952939], [141.44762028366523, 38.76315486648838], [141.44756021377486, 38.76319850602006], [141.44742547228213, 38.76325360982425], [141.44738476591843, 38.763292734963244], [141.44734723879662, 38.76332880407492], [141.44734723879662, 38.76332880407492]]]}, "properties": {"KEYCODE": "000205@B095@05@0003@0002@0000@0000", "小班": "3-2", "小班面積": 0.35, "林種": "人工林", "中樹種": "スギ", "林齢": 4, "齢級": 1, "所有形態": "個人", "ADDDATE": "2025-05-13", "ADDTENANT": "04000F", "ADDUSER": "ksbrs02", "EDITDATE": "2025-05-13", "EDITTENANT": "04000F", "EDITUSER": "ksbrs02"}}]}