{"type":"FeatureCollection", "features": [
{"type":"Feature","geometry":{"type":"MultiPolygon","coordinates":[[[[141.47056,38.78645],[141.47015,38.7862],[141.47123,38.78367],[141.47171,38.78337],[141.47322,38.78384],[141.47456,38.7839],[141.47621,38.78475],[141.47357,38.7854],[141.47234,38.78522],[141.47137,38.78543],[141.47056,38.78645]]],[[[141.47062,38.78369],[141.47064,38.78364],[141.47086,38.78384],[141.47055,38.78434],[141.47062,38.78369]]],[[[141.47257,38.78532],[141.47358,38.78546],[141.4752,38.78517],[141.47653,38.78531],[141.47777,38.78633],[141.48129,38.78658],[141.4825,38.78709],[141.4809,38.78799],[141.48001,38.78785],[141.47838,38.78781],[141.47814,38.78751],[141.47789,38.78758],[141.47769,38.78741],[141.47741,38.78743],[141.47657,38.78712],[141.47587,38.78731],[141.47464,38.78697],[141.47394,38.78637],[141.4719,38.78572],[141.47257,38.78532]]],[[[141.4737,38.78922],[141.47274,38.78913],[141.47196,38.78936],[141.47153,38.78868],[141.47238,38.78815],[141.47232,38.78728],[141.47327,38.78649],[141.47391,38.78638],[141.47461,38.78699],[141.47585,38.78736],[141.47654,38.78719],[141.47738,38.78748],[141.47767,38.78746],[141.47786,38.78762],[141.47813,38.78757],[141.47835,38.78785],[141.47909,38.78798],[141.48093,38.78803],[141.48214,38.78732],[141.4837,38.78711],[141.48467,38.78739],[141.48564,38.78722],[141.48509,38.78799],[141.48482,38.78803],[141.48465,38.78815],[141.48407,38.78839],[141.48342,38.78856],[141.48296,38.78837],[141.48212,38.78862],[141.47927,38.7888],[141.47652,38.78791],[141.47535,38.78835],[141.4737,38.78922]]]]},"properties":{"林班":"B112","市町村名称":"気仙沼市","旧市町村":null}},
{"type":"Feature","geometry":{"type":"MultiPolygon","coordinates":[[[[141.4755,38.78832],[141.47652,38.78794],[141.47928,38.78883],[141.48342,38.78858],[141.48433,38.78836],[141.48484,38.78805],[141.48511,38.788],[141.4854,38.78814],[141.48576,38.788],[141.48658,38.7889],[141.48601,38.78932],[141.4826,38.78991],[141.48086,38.78959],[141.4794,38.79007],[141.47781,38.78942],[141.47639,38.78938],[141.47546,38.78972],[141.47549,38.79132],[141.4764,38.79191],[141.47627,38.79261],[141.47515,38.79241],[141.47416,38.79183],[141.47355,38.79163],[141.47452,38.79068],[141.47249,38.78994],[141.47281,38.78913],[141.47354,38.78933],[141.4755,38.78832]]],[[[141.47265,38.79149],[141.47315,38.7916],[141.47349,38.79176],[141.47415,38.79184],[141.47514,38.79243],[141.47677,38.79273],[141.47554,38.79353],[141.47382,38.79213],[141.47324,38.79218],[141.47305,38.79183],[141.47268,38.7916],[141.47265,38.79149]]],[[[141.47656,38.78998],[141.47772,38.78985],[141.47813,38.79158],[141.47755,38.79167],[141.47647,38.7906],[141.47656,38.78998]]]]},"properties":{"林班":"B111","市町村名称":"気仙沼市","旧市町村":null}},
{"type":"Feature","geometry":{"type":"MultiPolygon","coordinates":[[[[141.44912,38.78794],[141.44943,38.78733],[141.45092,38.78766],[141.452,38.78752],[141.45195,38.78656],[141.45356,38.78663],[141.45366,38.78748],[141.4525,38.78836],[141.45258,38.78904],[141.451,38.78989],[141.45014,38.78925],[141.4489,38.78892],[141.44871,38.78855],[141.44912,38.78794]]],[[[141.45496,38.78985],[141.45412,38.78991],[141.45247,38.79121],[141.45156,38.79009],[141.45315,38.78948],[141.45315,38.78851],[141.45403,38.78816],[141.45456,38.78734],[141.45579,38.78735],[141.45555,38.78889],[141.45496,38.78985]]],[[[141.4571,38.79003],[141.45583,38.78979],[141.45576,38.78824],[141.45611,38.78743],[141.45816,38.78762],[141.45893,38.78963],[141.46038,38.79078],[141.46152,38.79111],[141.46248,38.78992],[141.46355,38.78944],[141.46512,38.79022],[141.4655,38.79101],[141.46533,38.79205],[141.46273,38.79246],[141.46055,38.7926],[141.46031,38.79148],[141.45911,38.79024],[141.4571,38.79003]]]]},"properties":{"林班":"B114","市町村名称":"気仙沼市","旧市町村":null}},
{"type":"Feature","geometry":{"type":"MultiPolygon","coordinates":[[[[141.46183,38.78411],[141.46253,38.78402],[141.46302,38.78449],[141.46424,38.78508],[141.46413,38.78598],[141.46301,38.78659],[141.46333,38.78738],[141.46503,38.78841],[141.46663,38.78885],[141.46589,38.78957],[141.46301,38.78843],[141.46065,38.78845],[141.46122,38.78756],[141.46136,38.78569],[141.46183,38.78411]]],[[[141.46484,38.78365],[141.46619,38.78388],[141.46637,38.78322],[141.46859,38.78311],[141.46684,38.78433],[141.46444,38.7848],[141.46314,38.78447],[141.46283,38.78381],[141.46435,38.784],[141.46484,38.78365]]],[[[141.46765,38.78579],[141.46739,38.78661],[141.46645,38.78748],[141.46572,38.78601],[141.46674,38.78543],[141.46765,38.78579]]],[[[141.47267,38.79148],[141.472,38.79147],[141.47266,38.79163],[141.47302,38.79185],[141.4732,38.7922],[141.47206,38.79305],[141.46989,38.79406],[141.46921,38.79505],[141.46705,38.79362],[141.46679,38.79249],[141.46733,38.79074],[141.46642,38.78974],[141.46764,38.78887],[141.46939,38.78802],[141.4703,38.78673],[141.4714,38.7877],[141.4715,38.78868],[141.47165,38.78907],[141.47238,38.78981],[141.47309,38.79133],[141.47267,38.79148]]],[[[141.47,38.78575],[141.47002,38.78412],[141.47062,38.78369],[141.47055,38.78434],[141.47006,38.78564],[141.47,38.78575]]]]},"properties":{"林班":"B113","市町村名称":"気仙沼市","旧市町村":null}},
{"type":"Feature","geometry":{"type":"MultiPolygon","coordinates":[[[[141.43625,38.77568],[141.4388,38.77449],[141.43966,38.7748],[141.44143,38.77488],[141.44275,38.77443],[141.4436,38.77532],[141.44412,38.77664],[141.4453,38.77809],[141.44779,38.77959],[141.44521,38.77963],[141.44514,38.78037],[141.44571,38.78166],[141.44687,38.78251],[141.44591,38.78235],[141.44466,38.78231],[141.44251,38.78205],[141.44212,38.78191],[141.44209,38.78161],[141.44222,38.78131],[141.44257,38.7803],[141.4409,38.78043],[141.43947,38.77818],[141.43767,38.77779],[141.43664,38.77719],[141.43625,38.77568]]],[[[141.44752,38.78261],[141.44889,38.78187],[141.44995,38.78227],[141.44876,38.78288],[141.44856,38.78287],[141.44752,38.78261]]],[[[141.45249,38.78148],[141.45164,38.78107],[141.45287,38.78015],[141.45365,38.78036],[141.45279,38.78105],[141.45293,38.78115],[141.45283,38.78124],[141.45276,38.78129],[141.45249,38.78148]]]]},"properties":{"林班":"B116","市町村名称":"気仙沼市","旧市町村":null}},
{"type":"Feature","geometry":{"type":"MultiPolygon","coordinates":[[[[141.45365,38.78036],[141.45355,38.78144],[141.45249,38.78148],[141.45276,38.78129],[141.45283,38.78124],[141.45293,38.78115],[141.45279,38.78105],[141.45365,38.78036]]],[[[141.44896,38.78399],[141.45231,38.78368],[141.45303,38.78456],[141.45527,38.78487],[141.45651,38.78454],[141.45618,38.78345],[141.45535,38.78308],[141.45576,38.78241],[141.45674,38.78298],[141.45781,38.78582],[141.45713,38.78553],[141.456,38.78686],[141.45589,38.78556],[141.45528,38.78515],[141.45629,38.78483],[141.45478,38.78498],[141.45249,38.78471],[141.45219,38.78392],[141.45022,38.78436],[141.44917,38.78417],[141.44896,38.78399]]]]},"properties":{"林班":"B115","市町村名称":"気仙沼市","旧市町村":null}},
{"type":"Feature","geometry":{"type":"MultiPolygon","coordinates":[[[[141.44438,38.78385],[141.44298,38.78333],[141.44035,38.78298],[141.43932,38.78219],[141.43732,38.7827],[141.43718,38.78384],[141.43862,38.7844],[141.43667,38.78497],[141.43519,38.78611],[141.43509,38.78523],[141.43623,38.78276],[141.43626,38.78272],[141.43628,38.7827],[141.4409,38.78043],[141.44257,38.7803],[141.44222,38.78131],[141.44209,38.78161],[141.44212,38.78191],[141.44251,38.78205],[141.44466,38.78231],[141.44591,38.78235],[141.44687,38.78251],[141.44732,38.78257],[141.44666,38.78336],[141.44591,38.78325],[141.44438,38.78385]]],[[[141.43971,38.78586],[141.43862,38.7844],[141.4398,38.7854],[141.43981,38.78586],[141.43971,38.78586]]]]},"properties":{"林班":"B118","市町村名称":"気仙沼市","旧市町村":null}},
{"type":"Feature","geometry":{"type":"MultiPolygon","coordinates":[[[[141.43628,38.7827],[141.43595,38.78258],[141.43514,38.78044],[141.43566,38.77938],[141.43544,38.77851],[141.43439,38.77735],[141.43448,38.77685],[141.43625,38.77568],[141.43664,38.77719],[141.43767,38.77779],[141.43947,38.77818],[141.4409,38.78043],[141.43628,38.7827]]],[[[141.42891,38.77882],[141.43036,38.77911],[141.4312,38.78181],[141.43101,38.78292],[141.42971,38.78255],[141.42964,38.78106],[141.42777,38.78106],[141.42763,38.78009],[141.42891,38.77882]]],[[[141.43623,38.78276],[141.43505,38.78242],[141.434,38.78264],[141.4331,38.78156],[141.43452,38.78173],[141.43511,38.78045],[141.43594,38.7826],[141.43626,38.78272],[141.43623,38.78276]]]]},"properties":{"林班":"B117","市町村名称":"気仙沼市","旧市町村":null}},
{"type":"Feature","geometry":{"type":"MultiPolygon","coordinates":[[[[141.44019,38.78611],[141.43981,38.78586],[141.4398,38.7854],[141.44019,38.78611]]],[[[141.44549,38.78713],[141.44537,38.78647],[141.44717,38.78452],[141.44685,38.78349],[141.44583,38.78342],[141.44438,38.78385],[141.44591,38.78325],[141.44666,38.78336],[141.44732,38.78257],[141.44752,38.78261],[141.44896,38.78399],[141.44917,38.78417],[141.45022,38.78436],[141.45219,38.78392],[141.45249,38.78471],[141.45478,38.78498],[141.45528,38.78515],[141.45589,38.78556],[141.456,38.78686],[141.4549,38.7865],[141.45353,38.78653],[141.4518,38.786],[141.45118,38.78529],[141.45036,38.7853],[141.45075,38.786],[141.4489,38.78578],[141.44753,38.78624],[141.44579,38.7864],[141.44614,38.78742],[141.44912,38.78794],[141.44871,38.78855],[141.44838,38.78854],[141.44601,38.78764],[141.44549,38.78713]]]]},"properties":{"林班":"B119","市町村名称":"気仙沼市","旧市町村":null}},
{"type":"Feature","geometry":{"type":"MultiPolygon","coordinates":[[[[141.46817,38.7994],[141.46768,38.79895],[141.46749,38.7973],[141.46792,38.79654],[141.4694,38.79677],[141.47027,38.7957],[141.47193,38.79632],[141.47256,38.79771],[141.47329,38.79857],[141.47158,38.79861],[141.46817,38.7994]]],[[[141.46369,38.80207],[141.46375,38.80019],[141.46474,38.79874],[141.46536,38.79848],[141.4655,38.79736],[141.46753,38.79633],[141.46738,38.7981],[141.46763,38.79896],[141.46812,38.79942],[141.46747,38.79949],[141.46624,38.80025],[141.4646,38.80183],[141.46428,38.8022],[141.46369,38.80207]]],[[[141.46534,38.79782],[141.46358,38.80017],[141.46384,38.79926],[141.46534,38.79782]]],[[[141.47084,38.79458],[141.47272,38.79363],[141.47242,38.79439],[141.47241,38.79521],[141.47196,38.7963],[141.4703,38.79567],[141.47084,38.79458]]],[[[141.47429,38.79798],[141.47358,38.79808],[141.47252,38.79551],[141.47245,38.7944],[141.47347,38.7931],[141.47549,38.79463],[141.47678,38.79733],[141.47639,38.79779],[141.47429,38.79798]]]]},"properties":{"林班":"B110","市町村名称":"気仙沼市","旧市町村":null}},
{"type":"Feature","geometry":{"type":"Polygon","coordinates":[[[141.41244,38.75572],[141.41395,38.75539],[141.41441,38.75629],[141.41247,38.75761],[141.41322,38.75925],[141.41373,38.75906],[141.41425,38.76097],[141.41298,38.76131],[141.41315,38.75956],[141.41171,38.75899],[141.41053,38.75779],[141.41001,38.75653],[141.41018,38.75599],[141.41244,38.75572]]]},"properties":{"林班":"B089","市町村名称":"気仙沼市","旧市町村":null}},
{"type":"Feature","geometry":{"type":"Polygon","coordinates":[[[141.43896,38.75054],[141.43706,38.75017],[141.43543,38.75068],[141.43484,38.75161],[141.43407,38.75202],[141.43262,38.75356],[141.43159,38.75386],[141.43128,38.75479],[141.43058,38.75513],[141.42783,38.75542],[141.4274,38.7551],[141.42693,38.75415],[141.42764,38.75282],[141.42888,38.75114],[141.43017,38.75062],[141.43238,38.75032],[141.43366,38.74921],[141.43439,38.74622],[141.43565,38.74518],[141.43664,38.74643],[141.43688,38.7454],[141.43604,38.74515],[141.43705,38.74498],[141.43763,38.74583],[141.43756,38.74588],[141.43795,38.7462],[141.43757,38.7469],[141.43795,38.7462],[141.43811,38.74621],[141.43874,38.74628],[141.439,38.74635],[141.43921,38.74662],[141.44011,38.74734],[141.44112,38.74851],[141.44122,38.74858],[141.44164,38.7488],[141.44166,38.74881],[141.44106,38.75011],[141.43896,38.75054]]]},"properties":{"林班":"B080","市町村名称":"気仙沼市","旧市町村":null}},
{"type":"Feature","geometry":{"type":"Polygon","coordinates":[[[141.41503,38.74109],[141.4185,38.74146],[141.41934,38.7411],[141.42076,38.74107],[141.42187,38.74028],[141.42288,38.74073],[141.42417,38.74031],[141.42563,38.74137],[141.42805,38.74162],[141.43103,38.74051],[141.43097,38.74069],[141.43092,38.74183],[141.43097,38.74069],[141.43103,38.74051],[141.43111,38.74046],[141.43215,38.74069],[141.4325,38.74071],[141.43357,38.74134],[141.43359,38.74133],[141.43411,38.74181],[141.43526,38.74249],[141.43556,38.74339],[141.43565,38.74518],[141.43439,38.74622],[141.43344,38.74509],[141.43242,38.74464],[141.43237,38.74392],[141.43155,38.74365],[141.4305,38.74404],[141.42881,38.7437],[141.42742,38.7447],[141.42556,38.74492],[141.42401,38.74551],[141.42183,38.74591],[141.42134,38.74595],[141.42074,38.74629],[141.42065,38.74752],[141.41996,38.74808],[141.41931,38.74758],[141.41954,38.74591],[141.41917,38.74514],[141.41789,38.74426],[141.41764,38.74331],[141.41499,38.74243],[141.41459,38.74142],[141.41503,38.74109]]]},"properties":{"林班":"B082","市町村名称":"気仙沼市","旧市町村":null}},
{"type":"Feature","geometry":{"type":"Polygon","coordinates":[[[141.4217,38.75115],[141.42276,38.75005],[141.42294,38.74882],[141.42371,38.74876],[141.42651,38.74792],[141.42715,38.7465],[141.427,38.74608],[141.42552,38.74602],[141.42501,38.74542],[141.42651,38.7449],[141.42798,38.74499],[141.42906,38.74393],[141.4306,38.74415],[141.43155,38.74365],[141.43237,38.74392],[141.43242,38.74464],[141.43344,38.74509],[141.43439,38.74622],[141.43366,38.74921],[141.43238,38.75032],[141.43017,38.75062],[141.42888,38.75114],[141.42764,38.75282],[141.42693,38.75415],[141.42637,38.75432],[141.42562,38.75578],[141.42338,38.75622],[141.42295,38.75621],[141.42366,38.75419],[141.42509,38.75269],[141.42512,38.75221],[141.425,38.7517],[141.42289,38.75155],[141.4217,38.75115]]]},"properties":{"林班":"B081","市町村名称":"気仙沼市","旧市町村":null}},
{"type":"Feature","geometry":{"type":"Polygon","coordinates":[[[141.41018,38.75599],[141.4114,38.75495],[141.41024,38.75416],[141.40913,38.75271],[141.40921,38.7513],[141.40843,38.74929],[141.4093,38.748],[141.40899,38.74723],[141.41017,38.74675],[141.41108,38.74566],[141.41273,38.74602],[141.41327,38.74649],[141.41447,38.7467],[141.41496,38.74743],[141.41683,38.74789],[141.41883,38.7478],[141.41916,38.74798],[141.4196,38.74798],[141.41972,38.74897],[141.41872,38.74932],[141.41863,38.75017],[141.4177,38.75099],[141.41726,38.75237],[141.41551,38.75372],[141.41433,38.75541],[141.41407,38.75535],[141.41317,38.75547],[141.41244,38.75572],[141.41018,38.75599]]]},"properties":{"林班":"B084","市町村名称":"気仙沼市","旧市町村":null}},
{"type":"Feature","geometry":{"type":"Polygon","coordinates":[[[141.41503,38.74109],[141.41459,38.74142],[141.41499,38.74243],[141.41764,38.74331],[141.41789,38.74426],[141.41917,38.74514],[141.41954,38.74591],[141.41931,38.74758],[141.41996,38.74808],[141.41962,38.74795],[141.41917,38.74794],[141.41883,38.74777],[141.41683,38.74789],[141.41496,38.74743],[141.41447,38.7467],[141.41327,38.74649],[141.41273,38.74602],[141.4118,38.74513],[141.41057,38.74337],[141.40961,38.74306],[141.40727,38.74355],[141.4057,38.74646],[141.4046,38.74669],[141.40647,38.74378],[141.40707,38.74329],[141.40944,38.74234],[141.41133,38.7418],[141.41255,38.7403],[141.41424,38.73963],[141.41503,38.74109]]]},"properties":{"林班":"B083","市町村名称":"気仙沼市","旧市町村":null}},
{"type":"Feature","geometry":{"type":"Polygon","coordinates":[[[141.40322,38.75432],[141.40378,38.75312],[141.40352,38.75253],[141.40414,38.75191],[141.40346,38.75106],[141.40398,38.75037],[141.40598,38.75139],[141.40747,38.75339],[141.40806,38.75514],[141.40798,38.75651],[141.40736,38.75884],[141.40802,38.75956],[141.40603,38.75918],[141.40428,38.75826],[141.40469,38.75687],[141.40431,38.75598],[141.40453,38.755],[141.40322,38.75432]]]},"properties":{"林班":"B086","市町村名称":"気仙沼市","旧市町村":null}},
{"type":"Feature","geometry":{"type":"Polygon","coordinates":[[[141.40793,38.75401],[141.40673,38.75151],[141.40532,38.7502],[141.40562,38.74731],[141.40643,38.74519],[141.40736,38.74358],[141.40959,38.74311],[141.41057,38.74344],[141.4118,38.74513],[141.41273,38.74602],[141.41108,38.74566],[141.41017,38.74675],[141.40899,38.74723],[141.4093,38.748],[141.40843,38.74929],[141.40921,38.7513],[141.40913,38.75271],[141.41024,38.75416],[141.4114,38.75495],[141.41018,38.75599],[141.41001,38.75653],[141.41053,38.75779],[141.41171,38.75899],[141.41315,38.75956],[141.41298,38.76131],[141.4113,38.76128],[141.40945,38.76087],[141.40939,38.75999],[141.40763,38.75837],[141.40823,38.75659],[141.40832,38.75486],[141.40793,38.75401]]]},"properties":{"林班":"B085","市町村名称":"気仙沼市","旧市町村":null}},
{"type":"Feature","geometry":{"type":"Polygon","coordinates":[[[141.40685,38.76389],[141.40871,38.76323],[141.4107,38.76217],[141.41102,38.76158],[141.41182,38.76156],[141.41188,38.76155],[141.41189,38.76336],[141.41243,38.76625],[141.41435,38.76816],[141.41189,38.76825],[141.41043,38.76785],[141.40796,38.76603],[141.40751,38.76544],[141.40774,38.76459],[141.40685,38.76389]]]},"properties":{"林班":"B088","市町村名称":"気仙沼市","旧市町村":null}},
{"type":"Feature","geometry":{"type":"Polygon","coordinates":[[[141.40685,38.76389],[141.40603,38.76252],[141.40489,38.7624],[141.40381,38.76148],[141.4034,38.76045],[141.40276,38.75997],[141.4026,38.75914],[141.40033,38.75873],[141.39912,38.75789],[141.39864,38.75671],[141.40012,38.75596],[141.40216,38.75406],[141.40322,38.75432],[141.40453,38.755],[141.40431,38.75598],[141.40469,38.75687],[141.40428,38.75826],[141.40603,38.75918],[141.40802,38.75956],[141.40868,38.76067],[141.40915,38.7611],[141.41102,38.76158],[141.4107,38.76217],[141.40871,38.76323],[141.40685,38.76389]]]},"properties":{"林班":"B087","市町村名称":"気仙沼市","旧市町村":null}},
{"type":"Feature","geometry":{"type":"MultiPolygon","coordinates":[[[[141.41831,38.759],[141.41705,38.75758],[141.41884,38.75643],[141.41891,38.75536],[141.41991,38.75338],[141.42065,38.75282],[141.42104,38.75167],[141.4217,38.75115],[141.42289,38.75155],[141.425,38.7517],[141.42512,38.75221],[141.42237,38.75506],[141.42167,38.75763],[141.42067,38.75881],[141.42002,38.76037],[141.41929,38.76043],[141.41834,38.75951],[141.41831,38.759]]],[[[141.42734,38.7554],[141.42608,38.75648],[141.42537,38.75631],[141.42262,38.7579],[141.42236,38.75723],[141.42338,38.75622],[141.42562,38.75578],[141.42637,38.75432],[141.42693,38.75415],[141.4274,38.7551],[141.42745,38.75518],[141.42734,38.7554]]],[[[141.42337,38.76146],[141.4243,38.76241],[141.4243,38.76345],[141.4222,38.76332],[141.42159,38.76244],[141.42244,38.75951],[141.42311,38.75979],[141.42329,38.75984],[141.42354,38.75984],[141.42302,38.76119],[141.42337,38.76146]]],[[[141.42783,38.75542],[141.43058,38.75513],[141.43007,38.75633],[141.42773,38.75774],[141.42517,38.75801],[141.42408,38.75916],[141.42308,38.75975],[141.42291,38.75905],[141.42431,38.75755],[141.42634,38.75656],[141.42677,38.7559],[141.42783,38.75542]]]]},"properties":{"林班":"B091","市町村名称":"気仙沼市","旧市町村":null}},
{"type":"Feature","geometry":{"type":"Polygon","coordinates":[[[141.41831,38.759],[141.41831,38.75952],[141.41863,38.76006],[141.41958,38.76101],[141.41978,38.76197],[141.41875,38.76261],[141.41665,38.76225],[141.41617,38.76145],[141.41615,38.76043],[141.41502,38.75986],[141.41485,38.75814],[141.41431,38.75717],[141.41472,38.75639],[141.41658,38.75439],[141.41676,38.75373],[141.41766,38.75298],[141.41838,38.75101],[141.42099,38.74733],[141.42089,38.74636],[141.42134,38.74595],[141.42183,38.74591],[141.42405,38.74556],[141.42651,38.7449],[141.42501,38.74542],[141.42552,38.74602],[141.427,38.74608],[141.42715,38.7465],[141.42651,38.74792],[141.42371,38.74876],[141.42294,38.74882],[141.42276,38.75005],[141.4217,38.75115],[141.42104,38.75167],[141.42065,38.75282],[141.41991,38.75338],[141.41891,38.75536],[141.41884,38.75643],[141.41705,38.75758],[141.41831,38.759]]]},"properties":{"林班":"B090","市町村名称":"気仙沼市","旧市町村":null}},
{"type":"Feature","geometry":{"type":"MultiPolygon","coordinates":[[[[141.43005,38.75808],[141.43132,38.75835],[141.43188,38.75953],[141.43076,38.76034],[141.43077,38.76112],[141.42928,38.76275],[141.42844,38.76412],[141.42836,38.76278],[141.42915,38.76176],[141.42928,38.75992],[141.42975,38.7594],[141.43005,38.75808]]],[[[141.43533,38.76441],[141.43487,38.76602],[141.43333,38.76727],[141.43215,38.76709],[141.43191,38.76632],[141.43086,38.76606],[141.43106,38.76372],[141.43101,38.76172],[141.43141,38.76035],[141.43305,38.75862],[141.43318,38.7578],[141.43429,38.75838],[141.43414,38.75888],[141.43523,38.75973],[141.43631,38.75922],[141.43717,38.75837],[141.43757,38.75857],[141.43832,38.75896],[141.43759,38.76085],[141.43634,38.76158],[141.43507,38.76416],[141.43533,38.76441]]]]},"properties":{"林班":"B093","市町村名称":"気仙沼市","旧市町村":null}},
{"type":"Feature","geometry":{"type":"MultiPolygon","coordinates":[[[[141.42308,38.75975],[141.42408,38.75916],[141.42517,38.75801],[141.42773,38.75774],[141.43007,38.75633],[141.43005,38.75808],[141.42975,38.7594],[141.42928,38.75992],[141.42915,38.76176],[141.42836,38.76278],[141.42844,38.76412],[141.42761,38.76459],[141.42674,38.7637],[141.42754,38.76276],[141.4264,38.76261],[141.4255,38.76151],[141.42457,38.76235],[141.42366,38.76147],[141.42376,38.7605],[141.42361,38.75988],[141.4235,38.75981],[141.42329,38.75982],[141.42308,38.75975]]],[[[141.42354,38.75984],[141.42373,38.7605],[141.42337,38.76146],[141.42302,38.76119],[141.42354,38.75984]]],[[[141.4256,38.76205],[141.4265,38.76306],[141.42626,38.76454],[141.42491,38.76394],[141.42469,38.763],[141.4256,38.76205]]],[[[141.42788,38.76495],[141.42919,38.76414],[141.42939,38.76582],[141.42697,38.76582],[141.42788,38.76495]]]]},"properties":{"林班":"B092","市町村名称":"気仙沼市","旧市町村":null}},
{"type":"Feature","geometry":{"type":"MultiPolygon","coordinates":[[[[141.44042,38.7677],[141.44154,38.76667],[141.44262,38.76639],[141.44297,38.7656],[141.44484,38.76443],[141.44494,38.76363],[141.44563,38.76183],[141.44588,38.76163],[141.44667,38.76176],[141.44686,38.76164],[141.44735,38.76187],[141.44747,38.76165],[141.44848,38.76049],[141.44834,38.76121],[141.4488,38.76235],[141.44849,38.76363],[141.44858,38.76565],[141.44907,38.76605],[141.4484,38.7676],[141.44863,38.76828],[141.44734,38.76923],[141.4457,38.77],[141.44502,38.77068],[141.44462,38.77181],[141.44292,38.77169],[141.44267,38.77134],[141.44239,38.7711],[141.44188,38.77022],[141.44179,38.76911],[141.44054,38.76869],[141.44042,38.7677]]],[[[141.44563,38.76179],[141.44576,38.76051],[141.44641,38.76073],[141.44698,38.76131],[141.44733,38.76184],[141.44687,38.76162],[141.44666,38.76174],[141.44586,38.76162],[141.44563,38.76179]]]]},"properties":{"林班":"B095","市町村名称":"気仙沼市","旧市町村":null}},
{"type":"Feature","geometry":{"type":"MultiPolygon","coordinates":[[[[141.43533,38.76441],[141.43507,38.76416],[141.43634,38.76158],[141.43759,38.76085],[141.43832,38.75896],[141.43757,38.75857],[141.43846,38.75806],[141.44005,38.75771],[141.44059,38.75881],[141.44115,38.76138],[141.43968,38.76375],[141.43719,38.76511],[141.43602,38.76558],[141.43533,38.76441]]],[[[141.43744,38.76923],[141.43688,38.76758],[141.43747,38.76702],[141.43856,38.76683],[141.43849,38.76606],[141.4414,38.76347],[141.44253,38.76337],[141.44317,38.76337],[141.44494,38.76363],[141.44484,38.76443],[141.44297,38.7656],[141.44262,38.76639],[141.44154,38.76667],[141.44042,38.7677],[141.43788,38.76864],[141.43744,38.76923]]]]},"properties":{"林班":"B094","市町村名称":"気仙沼市","旧市町村":null}},
{"type":"Feature","geometry":{"type":"Polygon","coordinates":[[[141.41189,38.76336],[141.41225,38.76173],[141.41411,38.76216],[141.4155,38.76199],[141.41619,38.76288],[141.42092,38.76439],[141.42283,38.76565],[141.4237,38.76573],[141.42382,38.76686],[141.4233,38.76813],[141.42177,38.7688],[141.42032,38.76996],[141.42045,38.77082],[141.41898,38.77081],[141.41827,38.77039],[141.41747,38.77093],[141.41435,38.76816],[141.41243,38.76625],[141.41189,38.76336]]]},"properties":{"林班":"B097","市町村名称":"気仙沼市","旧市町村":null}},
{"type":"Feature","geometry":{"type":"MultiPolygon","coordinates":[[[[141.43744,38.76923],[141.43788,38.76864],[141.44042,38.7677],[141.44054,38.76869],[141.44179,38.76911],[141.44188,38.77022],[141.44239,38.7711],[141.44025,38.77251],[141.44058,38.77094],[141.43977,38.77077],[141.43986,38.77207],[141.4393,38.77225],[141.43794,38.7718],[141.438,38.76991],[141.43744,38.76923]]],[[[141.44025,38.77251],[141.44116,38.77307],[141.44034,38.77366],[141.43975,38.7732],[141.44025,38.77251]]]]},"properties":{"林班":"B096","市町村名称":"気仙沼市","旧市町村":null}},
{"type":"Feature","geometry":{"type":"Polygon","coordinates":[[[141.42318,38.77199],[141.42357,38.77182],[141.42542,38.77269],[141.42748,38.77284],[141.42811,38.77368],[141.42897,38.77398],[141.42916,38.77541],[141.4279,38.77661],[141.42702,38.77672],[141.42758,38.77768],[141.42622,38.77753],[141.4255,38.77983],[141.42637,38.78086],[141.42506,38.78126],[141.4247,38.78084],[141.42313,38.78054],[141.4213,38.77971],[141.42101,38.77771],[141.42236,38.77668],[141.42221,38.77513],[141.42297,38.77458],[141.42283,38.77292],[141.42318,38.77199]]]},"properties":{"林班":"B099","市町村名称":"気仙沼市","旧市町村":null}},
{"type":"Feature","geometry":{"type":"Polygon","coordinates":[[[141.4237,38.76573],[141.42515,38.76602],[141.42647,38.76666],[141.42678,38.76735],[141.42774,38.7678],[141.42849,38.76748],[141.42961,38.76792],[141.43023,38.76863],[141.43227,38.76955],[141.43234,38.7714],[141.43268,38.77189],[141.43381,38.77196],[141.43288,38.77341],[141.43183,38.77344],[141.43095,38.77306],[141.42748,38.77284],[141.42542,38.77269],[141.42357,38.77182],[141.42318,38.77199],[141.42213,38.77125],[141.42045,38.77082],[141.42032,38.76996],[141.42177,38.7688],[141.4233,38.76813],[141.42382,38.76686],[141.4237,38.76573]]]},"properties":{"林班":"B098","市町村名称":"気仙沼市","旧市町村":null}},
{"type":"Feature","geometry":{"type":"MultiPolygon","coordinates":[[[[141.47333,38.76851],[141.47483,38.76978],[141.47579,38.7712],[141.47798,38.77207],[141.47822,38.77241],[141.47806,38.77295],[141.47614,38.77319],[141.47515,38.77461],[141.47497,38.77583],[141.47445,38.77591],[141.47437,38.77474],[141.47476,38.77373],[141.4729,38.77311],[141.4718,38.77217],[141.47098,38.77052],[141.4699,38.76964],[141.4693,38.76958],[141.46836,38.76722],[141.46993,38.76776],[141.47118,38.76779],[141.47278,38.76832],[141.47333,38.76851]]],[[[141.46936,38.76965],[141.47145,38.77161],[141.47169,38.77223],[141.47274,38.77305],[141.47243,38.77305],[141.4723,38.77291],[141.47174,38.77402],[141.47356,38.77538],[141.47284,38.77617],[141.47168,38.77682],[141.47068,38.77583],[141.47096,38.77518],[141.47015,38.77391],[141.47027,38.77319],[141.46983,38.7709],[141.46936,38.76965]]]]},"properties":{"林班":"B068","市町村名称":"気仙沼市","旧市町村":null}},
{"type":"Feature","geometry":{"type":"MultiPolygon","coordinates":[[[[141.4729,38.77311],[141.47476,38.77373],[141.47437,38.77474],[141.4729,38.77311]]],[[[141.4723,38.77291],[141.47394,38.77544],[141.47405,38.77612],[141.47506,38.77661],[141.47521,38.77766],[141.47402,38.77795],[141.47332,38.77729],[141.47168,38.77682],[141.47284,38.77617],[141.47356,38.77538],[141.47174,38.77402],[141.4723,38.77291]]],[[[141.4789,38.77333],[141.48023,38.77334],[141.48032,38.77397],[141.48137,38.77499],[141.48051,38.77574],[141.47983,38.77502],[141.4788,38.77459],[141.4789,38.77333]]]]},"properties":{"林班":"B067","市町村名称":"気仙沼市","旧市町村":null}},
{"type":"Feature","geometry":{"type":"MultiPolygon","coordinates":[[[[141.4781,38.76713],[141.47929,38.76838],[141.47888,38.76977],[141.4794,38.77196],[141.47822,38.77241],[141.47798,38.77207],[141.47579,38.7712],[141.47483,38.76978],[141.47333,38.76851],[141.47278,38.76832],[141.47118,38.76779],[141.46993,38.76776],[141.46883,38.76713],[141.46836,38.76722],[141.46786,38.76671],[141.46644,38.76617],[141.46644,38.76604],[141.46641,38.76542],[141.46495,38.76432],[141.4638,38.76367],[141.46199,38.76368],[141.46188,38.76204],[141.46274,38.76131],[141.4631,38.76025],[141.46296,38.75865],[141.46306,38.75762],[141.46594,38.75831],[141.46676,38.75831],[141.46903,38.75964],[141.46969,38.76053],[141.47079,38.76136],[141.47093,38.76184],[141.47076,38.76219],[141.47103,38.76226],[141.47133,38.76275],[141.47132,38.76317],[141.47228,38.76403],[141.47352,38.76461],[141.47389,38.76501],[141.47447,38.765],[141.47524,38.76562],[141.47645,38.76598],[141.4781,38.76713]],[[141.47478,38.76701],[141.47505,38.7666],[141.47481,38.76603],[141.47408,38.76549],[141.47268,38.76482],[141.47164,38.76478],[141.47252,38.76489],[141.47401,38.76554],[141.47491,38.7663],[141.47478,38.76701]]],[[[141.47178,38.76299],[141.47233,38.76361],[141.47341,38.76421],[141.47386,38.76475],[141.4745,38.76487],[141.47474,38.76506],[141.47551,38.76534],[141.47542,38.76554],[141.47447,38.76493],[141.47397,38.76499],[141.47355,38.76452],[141.47237,38.76398],[141.47141,38.7628],[141.47178,38.76299]]],[[[141.47364,38.76436],[141.47418,38.76437],[141.47484,38.76477],[141.47462,38.76494],[141.47452,38.76484],[141.4739,38.76472],[141.47364,38.76436]]]]},"properties":{"林班":"B069","市町村名称":"気仙沼市","旧市町村":null}},
{"type":"Feature","geometry":{"type":"Polygon","coordinates":[[[141.48016,38.75155],[141.48032,38.75207],[141.48036,38.75214],[141.48053,38.75222],[141.48143,38.75254],[141.48157,38.75337],[141.48204,38.75385],[141.48209,38.75409],[141.48382,38.75427],[141.48618,38.75432],[141.48596,38.75483],[141.4888,38.75621],[141.49009,38.75769],[141.48984,38.75854],[141.48994,38.75907],[141.49024,38.76028],[141.49127,38.76106],[141.49008,38.76209],[141.48875,38.76154],[141.48827,38.7611],[141.48779,38.76149],[141.48703,38.76092],[141.48575,38.76078],[141.48448,38.76013],[141.48418,38.75946],[141.4823,38.75835],[141.48193,38.7577],[141.48107,38.7576],[141.48043,38.75681],[141.48012,38.7568],[141.47992,38.75665],[141.47955,38.75611],[141.47909,38.75573],[141.47914,38.75545],[141.47916,38.7554],[141.47914,38.75545],[141.47737,38.75517],[141.47671,38.75512],[141.47653,38.75512],[141.47578,38.75514],[141.47497,38.75521],[141.47479,38.75525],[141.47475,38.75517],[141.47469,38.75396],[141.47709,38.75285],[141.47739,38.75246],[141.4784,38.75203],[141.47849,38.75199],[141.4793,38.75174],[141.48016,38.75155]],[[141.48206,38.75456],[141.48195,38.75446],[141.48163,38.75429],[141.48131,38.7538],[141.48125,38.75375],[141.48115,38.75356],[141.48105,38.75338],[141.48103,38.75335],[141.48102,38.75326],[141.48104,38.75298],[141.48102,38.75326],[141.48103,38.75335],[141.48105,38.75338],[141.48115,38.75356],[141.48125,38.75375],[141.48131,38.7538],[141.48163,38.75429],[141.48195,38.75446],[141.48206,38.75456]]]},"properties":{"林班":"B060","市町村名称":"気仙沼市","旧市町村":null}},
{"type":"Feature","geometry":{"type":"MultiPolygon","coordinates":[[[[141.49149,38.77099],[141.4925,38.76974],[141.49491,38.77173],[141.49304,38.77186],[141.49149,38.77099]]],[[[141.48878,38.77102],[141.49073,38.77095],[141.49149,38.77104],[141.49204,38.77176],[141.49411,38.77251],[141.49413,38.77342],[141.49328,38.77443],[141.49147,38.77294],[141.4908,38.77167],[141.48878,38.77102]]],[[[141.49352,38.76983],[141.49386,38.76831],[141.49525,38.76838],[141.49604,38.7697],[141.49547,38.77004],[141.49646,38.77093],[141.4952,38.77165],[141.49422,38.77116],[141.49352,38.76983]]],[[[141.49634,38.76782],[141.49667,38.76734],[141.49854,38.76785],[141.49932,38.76851],[141.49942,38.76933],[141.49757,38.7696],[141.49637,38.76911],[141.49634,38.76782]]]]},"properties":{"林班":"B062","市町村名称":"気仙沼市","旧市町村":null}},
{"type":"Feature","geometry":{"type":"MultiPolygon","coordinates":[[[[141.48546,38.76125],[141.48575,38.76094],[141.48658,38.76114],[141.4883,38.76238],[141.48875,38.76211],[141.49008,38.76299],[141.48976,38.76382],[141.48837,38.76362],[141.48826,38.7634],[141.48792,38.76314],[141.48767,38.76301],[141.4874,38.76297],[141.48664,38.76305],[141.48637,38.76302],[141.48566,38.76285],[141.48563,38.7629],[141.48601,38.76225],[141.48517,38.76182],[141.48546,38.76125]]],[[[141.48779,38.76149],[141.48827,38.7611],[141.48875,38.76154],[141.49008,38.76209],[141.49127,38.76106],[141.49189,38.7616],[141.49125,38.76215],[141.4896,38.76215],[141.4884,38.76146],[141.48779,38.76149]]],[[[141.48568,38.76288],[141.48637,38.76304],[141.48664,38.76307],[141.48751,38.76299],[141.48732,38.76345],[141.48577,38.76303],[141.48568,38.76288]]],[[[141.49209,38.75712],[141.49341,38.7587],[141.49269,38.75925],[141.49277,38.76069],[141.49138,38.75964],[141.49114,38.75767],[141.49209,38.75712]]],[[[141.49321,38.76445],[141.49434,38.76439],[141.49487,38.76495],[141.49622,38.76551],[141.49522,38.76663],[141.49399,38.76562],[141.49276,38.76575],[141.49252,38.76514],[141.49321,38.76445]]],[[[141.49745,38.76431],[141.49776,38.76348],[141.49916,38.76494],[141.49844,38.76521],[141.49745,38.76431]]],[[[141.49644,38.76639],[141.49834,38.76629],[141.49942,38.76731],[141.49915,38.76762],[141.49728,38.7674],[141.49644,38.76639]]]]},"properties":{"林班":"B061","市町村名称":"気仙沼市","旧市町村":null}},
{"type":"Feature","geometry":{"type":"MultiPolygon","coordinates":[[[[141.47774,38.75554],[141.47596,38.75518],[141.47497,38.75521],[141.47578,38.75514],[141.47653,38.75512],[141.47671,38.75512],[141.47737,38.75517],[141.47914,38.75545],[141.47909,38.75573],[141.47955,38.75611],[141.47992,38.75665],[141.48012,38.7568],[141.48043,38.75681],[141.48107,38.7576],[141.48193,38.7577],[141.4823,38.75835],[141.48414,38.75948],[141.48298,38.76006],[141.4815,38.75989],[141.48056,38.75939],[141.48021,38.75943],[141.47937,38.75829],[141.47911,38.75754],[141.47975,38.75714],[141.47815,38.75656],[141.47774,38.75554]]],[[[141.47483,38.75533],[141.47595,38.75521],[141.47773,38.75556],[141.47813,38.75657],[141.47972,38.75714],[141.47908,38.75753],[141.47903,38.75777],[141.47979,38.75902],[141.4802,38.75945],[141.48055,38.75942],[141.48149,38.75991],[141.48372,38.76014],[141.4844,38.76107],[141.48217,38.76079],[141.48159,38.76048],[141.48128,38.76061],[141.48101,38.76109],[141.48003,38.76133],[141.4796,38.76133],[141.47937,38.76158],[141.47835,38.76162],[141.47781,38.76147],[141.4774,38.76161],[141.47622,38.76147],[141.47546,38.76049],[141.477,38.75943],[141.47685,38.75847],[141.47606,38.7584],[141.47596,38.75668],[141.47683,38.75652],[141.47678,38.75591],[141.47578,38.75589],[141.4749,38.75546],[141.47483,38.75533]]],[[[141.47508,38.75652],[141.47595,38.75658],[141.47574,38.75745],[141.47609,38.75852],[141.47688,38.75939],[141.4754,38.76042],[141.47498,38.75989],[141.47574,38.75896],[141.47508,38.75652]]],[[[141.4759,38.76153],[141.4769,38.76171],[141.47783,38.76154],[141.47827,38.76171],[141.4794,38.76167],[141.47958,38.76143],[141.48114,38.76114],[141.48138,38.76066],[141.48214,38.76086],[141.48423,38.76108],[141.4851,38.76183],[141.48566,38.76326],[141.4853,38.76351],[141.48457,38.76278],[141.48299,38.76263],[141.48286,38.76316],[141.48037,38.76442],[141.48044,38.76478],[141.47889,38.76446],[141.47867,38.76461],[141.47781,38.76386],[141.4759,38.76153]]],[[[141.48517,38.76182],[141.48601,38.76225],[141.48563,38.7629],[141.48517,38.76182]]]]},"properties":{"林班":"B064","市町村名称":"気仙沼市","旧市町村":null}},
{"type":"Feature","geometry":{"type":"MultiPolygon","coordinates":[[[[141.48566,38.76326],[141.48534,38.7645],[141.48616,38.7663],[141.48723,38.76715],[141.48695,38.76817],[141.48763,38.76902],[141.48725,38.76994],[141.4859,38.76949],[141.48546,38.76858],[141.48434,38.76736],[141.4826,38.76718],[141.48221,38.76675],[141.48001,38.76595],[141.47948,38.76513],[141.47934,38.76512],[141.47879,38.76461],[141.47889,38.76446],[141.48044,38.76478],[141.48141,38.76519],[141.48206,38.76594],[141.48378,38.7658],[141.48511,38.76595],[141.48425,38.7643],[141.4848,38.76399],[141.48493,38.76388],[141.4853,38.76351],[141.48566,38.76326]]],[[[141.48568,38.76288],[141.48577,38.76303],[141.48732,38.76345],[141.48751,38.76299],[141.4879,38.76316],[141.48823,38.76341],[141.48835,38.76364],[141.48953,38.76379],[141.48959,38.76457],[141.48778,38.76427],[141.48586,38.7635],[141.48562,38.76295],[141.48568,38.76288]]],[[[141.48878,38.77102],[141.48863,38.76936],[141.48751,38.76841],[141.48732,38.76784],[141.48791,38.76683],[141.48996,38.76643],[141.49107,38.76691],[141.4918,38.76847],[141.49271,38.76852],[141.49338,38.76753],[141.4951,38.76754],[141.49525,38.76838],[141.49386,38.76831],[141.49352,38.76983],[141.49343,38.76985],[141.49253,38.76975],[141.4925,38.76974],[141.49149,38.77099],[141.49073,38.77095],[141.48878,38.77102]]]]},"properties":{"林班":"B063","市町村名称":"気仙沼市","旧市町村":null}},
{"type":"Feature","geometry":{"type":"MultiPolygon","coordinates":[[[[141.48406,38.77374],[141.4856,38.7721],[141.48619,38.77237],[141.48715,38.77253],[141.48761,38.77281],[141.48793,38.77313],[141.48751,38.77434],[141.48656,38.77457],[141.48406,38.77374]]],[[[141.48404,38.77373],[141.4855,38.77425],[141.48599,38.77478],[141.48531,38.77635],[141.48364,38.77663],[141.48267,38.77611],[141.48226,38.77514],[141.48261,38.77468],[141.48298,38.774],[141.48404,38.77373]]],[[[141.4862,38.77235],[141.4866,38.77174],[141.48692,38.77164],[141.48732,38.77069],[141.48994,38.77176],[141.49087,38.77291],[141.49093,38.77361],[141.49167,38.77424],[141.49095,38.77537],[141.48994,38.7746],[141.48981,38.77416],[141.49015,38.77382],[141.48998,38.77314],[141.48912,38.77259],[141.48844,38.77242],[141.48811,38.77236],[141.48804,38.77233],[141.48796,38.77237],[141.48737,38.77259],[141.48716,38.77252],[141.4862,38.77235]]],[[[141.48804,38.77235],[141.4881,38.77238],[141.48844,38.77244],[141.48863,38.77252],[141.4891,38.77261],[141.48997,38.77315],[141.48978,38.77415],[141.48992,38.77461],[141.49025,38.77506],[141.48943,38.77534],[141.48805,38.7747],[141.48815,38.77391],[141.48805,38.77329],[141.48788,38.77306],[141.48799,38.77237],[141.48804,38.77235]]]]},"properties":{"林班":"B066","市町村名称":"気仙沼市","旧市町村":null}},
{"type":"Feature","geometry":{"type":"MultiPolygon","coordinates":[[[[141.46901,38.7514],[141.46914,38.75149],[141.46939,38.75165],[141.46901,38.75192],[141.47052,38.75233],[141.47138,38.75249],[141.47192,38.75262],[141.47245,38.75272],[141.47356,38.75278],[141.47472,38.75338],[141.47457,38.75432],[141.47475,38.75517],[141.47479,38.75525],[141.47483,38.75533],[141.4749,38.75546],[141.47496,38.75653],[141.47508,38.75652],[141.47574,38.75896],[141.47498,38.75989],[141.4754,38.76042],[141.47415,38.76149],[141.47554,38.76211],[141.4759,38.76153],[141.47781,38.76386],[141.47867,38.76461],[141.48007,38.76617],[141.4787,38.76655],[141.47699,38.76581],[141.47588,38.76538],[141.47549,38.7653],[141.47462,38.76494],[141.47484,38.76477],[141.47418,38.76437],[141.47364,38.76436],[141.47178,38.76299],[141.47141,38.7628],[141.47112,38.76224],[141.47088,38.76213],[141.47118,38.76152],[141.46969,38.76053],[141.46903,38.75964],[141.46676,38.75831],[141.46594,38.75831],[141.46306,38.75762],[141.46271,38.75562],[141.46398,38.75479],[141.46397,38.75474],[141.46432,38.75448],[141.46462,38.75428],[141.46612,38.75283],[141.46671,38.75255],[141.46711,38.75222],[141.46719,38.75213],[141.46719,38.75179],[141.46719,38.75109],[141.46901,38.7514]],[[141.47334,38.75406],[141.47187,38.75349],[141.47189,38.75423],[141.47334,38.75406]]],[[[141.47622,38.76147],[141.47442,38.76131],[141.47546,38.76049],[141.47622,38.76147]]],[[[141.47929,38.76838],[141.4781,38.76713],[141.47936,38.76713],[141.47961,38.76884],[141.48058,38.77023],[141.4805,38.77073],[141.48123,38.77179],[141.48115,38.77308],[141.48186,38.7741],[141.48243,38.77412],[141.48324,38.77319],[141.4843,38.77301],[141.4856,38.7721],[141.48406,38.77374],[141.48404,38.77373],[141.48298,38.774],[141.48261,38.77468],[141.48165,38.77454],[141.48093,38.77361],[141.48071,38.77171],[141.48008,38.77095],[141.48002,38.76993],[141.47921,38.76899],[141.47929,38.76838]]],[[[141.47948,38.76513],[141.48001,38.76595],[141.48221,38.76675],[141.4817,38.76688],[141.4801,38.76615],[141.47948,38.76513]]],[[[141.4866,38.77174],[141.4862,38.77235],[141.48588,38.77193],[141.4866,38.77174]]]]},"properties":{"林班":"B065","市町村名称":"気仙沼市","旧市町村":null}},
{"type":"Feature","geometry":{"type":"Polygon","coordinates":[[[141.43058,38.75513],[141.43128,38.75479],[141.43159,38.75386],[141.43262,38.75356],[141.43407,38.75202],[141.43484,38.75161],[141.43543,38.75068],[141.43706,38.75017],[141.43896,38.75054],[141.43846,38.751],[141.43786,38.7528],[141.43753,38.75491],[141.43708,38.7558],[141.43717,38.75837],[141.43631,38.75922],[141.43523,38.75973],[141.43414,38.75888],[141.43429,38.75838],[141.43318,38.7578],[141.43282,38.75862],[141.43196,38.75886],[141.43132,38.75835],[141.43005,38.75808],[141.43007,38.75633],[141.43058,38.75513]]]},"properties":{"林班":"B079","市町村名称":"気仙沼市","旧市町村":null}},
{"type":"Feature","geometry":{"type":"MultiPolygon","coordinates":[[[[141.43717,38.75837],[141.43708,38.7558],[141.43753,38.75491],[141.43786,38.7528],[141.43846,38.751],[141.43896,38.75054],[141.44106,38.75011],[141.44179,38.75067],[141.44158,38.75185],[141.44282,38.75323],[141.44319,38.75455],[141.44427,38.7557],[141.44431,38.75709],[141.44492,38.75823],[141.44551,38.7585],[141.44524,38.75958],[141.44576,38.76051],[141.44563,38.76179],[141.44452,38.7625],[141.4438,38.76241],[141.44194,38.76304],[141.44198,38.76183],[141.44141,38.7613],[141.44126,38.76059],[141.44079,38.75856],[141.44008,38.75768],[141.43846,38.75806],[141.43757,38.75857],[141.43717,38.75837]],[[141.44242,38.75881],[141.4431,38.76046],[141.44465,38.7601],[141.44376,38.75912],[141.44242,38.75881]]],[[[141.44563,38.76183],[141.44494,38.76363],[141.44317,38.76337],[141.44379,38.76243],[141.44453,38.76252],[141.44563,38.76183]]]]},"properties":{"林班":"B078","市町村名称":"気仙沼市","旧市町村":null}},
{"type":"Feature","geometry":{"type":"Polygon","coordinates":[[[141.46199,38.76368],[141.4638,38.76367],[141.46495,38.76432],[141.46421,38.76494],[141.46412,38.76628],[141.46396,38.76723],[141.46402,38.7678],[141.46424,38.76805],[141.46477,38.76964],[141.46412,38.77081],[141.46427,38.77141],[141.46531,38.77282],[141.46636,38.7732],[141.46644,38.7736],[141.46692,38.77374],[141.46705,38.77428],[141.46779,38.77477],[141.46822,38.77461],[141.47034,38.77599],[141.4702,38.77621],[141.46855,38.77614],[141.46842,38.77599],[141.46752,38.77512],[141.46672,38.77551],[141.46586,38.77398],[141.46449,38.77331],[141.46403,38.77442],[141.46248,38.77376],[141.46236,38.7724],[141.46237,38.77238],[141.46257,38.77068],[141.46237,38.7697],[141.46065,38.77012],[141.45843,38.77034],[141.45897,38.76948],[141.461,38.76793],[141.46163,38.7672],[141.46089,38.76631],[141.4615,38.76519],[141.46129,38.76427],[141.46199,38.76368]]]},"properties":{"林班":"B071","市町村名称":"気仙沼市","旧市町村":null}},
{"type":"Feature","geometry":{"type":"MultiPolygon","coordinates":[[[[141.4693,38.76958],[141.46936,38.76965],[141.46983,38.7709],[141.47027,38.77319],[141.47015,38.77391],[141.46974,38.77361],[141.46959,38.77305],[141.46923,38.77274],[141.46928,38.7725],[141.46875,38.77181],[141.46806,38.7715],[141.4666,38.76907],[141.46549,38.76863],[141.46404,38.7678],[141.46412,38.76628],[141.46421,38.76494],[141.46495,38.76432],[141.46641,38.76542],[141.46644,38.76604],[141.46644,38.76617],[141.46786,38.76671],[141.46836,38.76722],[141.4693,38.76958]]],[[[141.46471,38.76832],[141.46658,38.76908],[141.46728,38.77046],[141.46877,38.77255],[141.46952,38.77307],[141.46979,38.77376],[141.46925,38.77462],[141.46771,38.77268],[141.46657,38.76992],[141.46619,38.76961],[141.46592,38.76952],[141.46586,38.76924],[141.46533,38.76876],[141.46471,38.76832]]],[[[141.46424,38.76805],[141.46466,38.7685],[141.46533,38.76881],[141.46574,38.76915],[141.46589,38.76956],[141.46619,38.76966],[141.46671,38.77027],[141.46765,38.77272],[141.46955,38.77523],[141.46824,38.77456],[141.46739,38.77439],[141.46667,38.77337],[141.4664,38.77317],[141.46587,38.77295],[141.46533,38.77279],[141.46427,38.77141],[141.46412,38.77081],[141.46477,38.76964],[141.46424,38.76805]]]]},"properties":{"林班":"B070","市町村名称":"気仙沼市","旧市町村":null}},
{"type":"Feature","geometry":{"type":"MultiPolygon","coordinates":[[[[141.45371,38.75974],[141.45284,38.76071],[141.45352,38.76153],[141.45374,38.76241],[141.45344,38.76339],[141.45414,38.76401],[141.45395,38.765],[141.45295,38.76454],[141.45024,38.76512],[141.45032,38.76423],[141.44988,38.76214],[141.4493,38.76037],[141.45004,38.75995],[141.45378,38.75937],[141.45371,38.75974]]],[[[141.45007,38.76706],[141.45043,38.766],[141.45315,38.76603],[141.45438,38.76553],[141.45464,38.76655],[141.45369,38.76647],[141.45316,38.76708],[141.45177,38.76753],[141.45015,38.76763],[141.45007,38.76706]]],[[[141.45393,38.76651],[141.45324,38.76722],[141.45194,38.76757],[141.45125,38.76763],[141.45177,38.76756],[141.4532,38.76709],[141.45393,38.76651]]]]},"properties":{"林班":"B073","市町村名称":"気仙沼市","旧市町村":null}},
{"type":"Feature","geometry":{"type":"Polygon","coordinates":[[[141.45458,38.75962],[141.45559,38.7598],[141.45694,38.75974],[141.45825,38.75949],[141.46041,38.75978],[141.46085,38.75954],[141.46296,38.75865],[141.4631,38.76025],[141.46274,38.76131],[141.46188,38.76204],[141.46199,38.76368],[141.46129,38.76427],[141.45869,38.76408],[141.45552,38.76464],[141.45567,38.76393],[141.4549,38.76357],[141.45348,38.76083],[141.45377,38.75975],[141.45458,38.75962]]]},"properties":{"林班":"B072","市町村名称":"気仙沼市","旧市町村":null}},
{"type":"Feature","geometry":{"type":"MultiPolygon","coordinates":[[[[141.44779,38.74632],[141.4483,38.7467],[141.44979,38.74863],[141.44917,38.74876],[141.44861,38.74854],[141.44833,38.74854],[141.4473,38.74806],[141.44613,38.74768],[141.44488,38.74769],[141.44414,38.74774],[141.44373,38.74774],[141.44366,38.74774],[141.4441,38.74722],[141.44411,38.74722],[141.44482,38.74658],[141.44546,38.74629],[141.44573,38.74614],[141.44594,38.74603],[141.44677,38.74578],[141.44702,38.74604],[141.44707,38.74606],[141.44793,38.74608],[141.44908,38.74542],[141.44917,38.74538],[141.44958,38.74523],[141.45101,38.74513],[141.45116,38.74519],[141.45124,38.74529],[141.45139,38.74547],[141.45159,38.74578],[141.4517,38.74602],[141.45159,38.74578],[141.45139,38.74547],[141.45124,38.74529],[141.45164,38.74455],[141.45206,38.74402],[141.45276,38.74358],[141.45289,38.74343],[141.45308,38.74298],[141.4542,38.74216],[141.45663,38.74258],[141.45763,38.74304],[141.45774,38.74329],[141.45809,38.74394],[141.45856,38.74519],[141.45858,38.74548],[141.4569,38.74662],[141.45546,38.74899],[141.45522,38.74982],[141.45385,38.74981],[141.45325,38.74906],[141.45393,38.74865],[141.45399,38.74842],[141.45357,38.74819],[141.4538,38.74773],[141.45331,38.74687],[141.45275,38.7448],[141.45324,38.74679],[141.4537,38.74765],[141.45339,38.74817],[141.45391,38.74845],[141.45328,38.74891],[141.45306,38.74928],[141.45366,38.74968],[141.45217,38.74957],[141.4519,38.74955],[141.45124,38.74976],[141.45102,38.74977],[141.45083,38.74996],[141.4505,38.75072],[141.45012,38.7507],[141.45053,38.75019],[141.45064,38.74995],[141.4506,38.74958],[141.45047,38.74947],[141.45042,38.74885],[141.45029,38.74871],[141.45031,38.74834],[141.45045,38.74807],[141.45042,38.74744],[141.45027,38.74686],[141.45021,38.74852],[141.45026,38.74872],[141.45038,38.74885],[141.45042,38.74947],[141.44953,38.74879],[141.44979,38.74863],[141.44938,38.7482],[141.44779,38.74632]]],[[[141.45006,38.74921],[141.45056,38.74961],[141.45049,38.75017],[141.45014,38.75056],[141.45006,38.74921]]],[[[141.45089,38.75113],[141.45072,38.75074],[141.45091,38.75055],[141.45091,38.75018],[141.45115,38.7498],[141.45137,38.75],[141.45089,38.75113]]]]},"properties":{"林班":"B075","市町村名称":"気仙沼市","旧市町村":null}},
{"type":"Feature","geometry":{"type":"MultiPolygon","coordinates":[[[[141.44992,38.75886],[141.45111,38.75774],[141.4523,38.75744],[141.4527,38.75604],[141.4525,38.75452],[141.45272,38.75319],[141.45318,38.7528],[141.45522,38.74982],[141.45546,38.74899],[141.4569,38.74662],[141.45858,38.74548],[141.45856,38.74519],[141.45935,38.74435],[141.4606,38.74432],[141.46389,38.74516],[141.46413,38.7466],[141.46436,38.74724],[141.46438,38.74725],[141.46447,38.74736],[141.46457,38.74747],[141.4655,38.74808],[141.46566,38.74839],[141.46571,38.74851],[141.46566,38.74839],[141.4655,38.74808],[141.46457,38.74747],[141.46447,38.74736],[141.46438,38.74725],[141.46436,38.74724],[141.46413,38.7466],[141.46462,38.7467],[141.46649,38.74829],[141.46659,38.74845],[141.46614,38.74854],[141.46669,38.74859],[141.46719,38.75109],[141.46719,38.75179],[141.46719,38.75213],[141.46711,38.75222],[141.46671,38.75255],[141.46612,38.75283],[141.46462,38.75428],[141.46432,38.75448],[141.46397,38.75474],[141.46336,38.75462],[141.46288,38.75434],[141.46286,38.75427],[141.46288,38.75434],[141.46336,38.75462],[141.46398,38.75479],[141.46271,38.75562],[141.46306,38.75762],[141.46296,38.75865],[141.46085,38.75954],[141.45825,38.75944],[141.45663,38.7595],[141.45556,38.75967],[141.45444,38.7596],[141.45385,38.75928],[141.45216,38.75903],[141.45208,38.75764],[141.45109,38.75791],[141.44992,38.75886]]],[[[141.45458,38.75962],[141.45556,38.75971],[141.45664,38.75955],[141.45694,38.75974],[141.45559,38.7598],[141.45458,38.75962]]]]},"properties":{"林班":"B074","市町村名称":"気仙沼市","旧市町村":null}},
{"type":"Feature","geometry":{"type":"Polygon","coordinates":[[[141.44357,38.74775],[141.4449,38.74861],[141.44587,38.74869],[141.44768,38.75061],[141.44818,38.75214],[141.44794,38.75417],[141.44805,38.75545],[141.44722,38.75597],[141.44892,38.7588],[141.44833,38.75971],[141.44827,38.76031],[141.44801,38.76046],[141.44733,38.76184],[141.44698,38.76131],[141.44641,38.76073],[141.44576,38.76051],[141.44524,38.75958],[141.44551,38.7585],[141.44492,38.75823],[141.44431,38.75709],[141.44427,38.7557],[141.44319,38.75455],[141.44282,38.75323],[141.44158,38.75185],[141.44179,38.75067],[141.44106,38.75011],[141.44166,38.74881],[141.44171,38.74874],[141.44174,38.74871],[141.44357,38.74775]]]},"properties":{"林班":"B077","市町村名称":"気仙沼市","旧市町村":null}},
{"type":"Feature","geometry":{"type":"MultiPolygon","coordinates":[[[[141.44488,38.74769],[141.44612,38.74774],[141.44794,38.74837],[141.44831,38.74859],[141.44858,38.74858],[141.44974,38.74897],[141.45006,38.74921],[141.45014,38.75056],[141.45007,38.7507],[141.45019,38.75084],[141.45021,38.75108],[141.44998,38.75148],[141.45054,38.75165],[141.45072,38.75363],[141.45012,38.75562],[141.44904,38.75718],[141.44755,38.75645],[141.44722,38.75597],[141.44805,38.75545],[141.44794,38.75417],[141.44818,38.75214],[141.44768,38.75061],[141.44587,38.74869],[141.4449,38.74861],[141.44357,38.74775],[141.44366,38.74774],[141.44373,38.74774],[141.44414,38.74774],[141.44488,38.74769]]],[[[141.45032,38.75138],[141.45083,38.75118],[141.45089,38.75113],[141.45137,38.75],[141.45115,38.7498],[141.45217,38.74957],[141.45366,38.74968],[141.45385,38.74981],[141.45522,38.74982],[141.45318,38.7528],[141.45272,38.75319],[141.4525,38.75452],[141.4527,38.75604],[141.4523,38.75744],[141.45111,38.75774],[141.44992,38.75886],[141.45013,38.75799],[141.44936,38.75721],[141.45065,38.7551],[141.451,38.75373],[141.45083,38.75191],[141.45032,38.75138]]]]},"properties":{"林班":"B076","市町村名称":"気仙沼市","旧市町村":null}},
{"type":"Feature","geometry":{"type":"MultiPolygon","coordinates":[[[[141.49597,38.77882],[141.49791,38.77983],[141.49702,38.78095],[141.49583,38.78036],[141.49597,38.77882]]],[[[141.49986,38.77869],[141.49779,38.77937],[141.49806,38.77841],[141.49986,38.77869]]]]},"properties":{"林班":"B046","市町村名称":"気仙沼市","旧市町村":null}},
{"type":"Feature","geometry":{"type":"MultiPolygon","coordinates":[[[[141.496,38.78102],[141.49704,38.78097],[141.49796,38.78039],[141.49837,38.78022],[141.5009,38.78121],[141.49976,38.78165],[141.49918,38.78122],[141.498,38.78249],[141.4971,38.78246],[141.49577,38.78175],[141.495,38.78092],[141.496,38.78102]]],[[[141.4994,38.78218],[141.50063,38.78222],[141.50114,38.78302],[141.5001,38.78338],[141.49887,38.78315],[141.49852,38.78249],[141.4994,38.78218]]],[[[141.49918,38.7836],[141.50089,38.78507],[141.49985,38.78545],[141.49927,38.78455],[141.49918,38.7836]]],[[[141.49986,38.78389],[141.50071,38.78353],[141.50156,38.78426],[141.50045,38.78453],[141.49986,38.78389]]],[[[141.50611,38.78652],[141.50738,38.78658],[141.5067,38.78739],[141.50611,38.78652]]]]},"properties":{"林班":"B045","市町村名称":"気仙沼市","旧市町村":null}},
{"type":"Feature","geometry":{"type":"MultiPolygon","coordinates":[[[[141.52098,38.75214],[141.52146,38.75186],[141.52312,38.75267],[141.52429,38.75352],[141.52369,38.75405],[141.52101,38.75325],[141.52098,38.75214]]],[[[141.52171,38.75945],[141.52331,38.75896],[141.52328,38.7596],[141.52171,38.75945]]],[[[141.52337,38.75947],[141.52484,38.75912],[141.52441,38.76019],[141.52337,38.75947]]]]},"properties":{"林班":"B048","市町村名称":"気仙沼市","旧市町村":null}},
{"type":"Feature","geometry":{"type":"MultiPolygon","coordinates":[[[[141.51133,38.76148],[141.51328,38.76125],[141.51263,38.76189],[141.51178,38.76291],[141.51108,38.76313],[141.51038,38.7625],[141.51133,38.76148]]],[[[141.51221,38.7625],[141.51371,38.76134],[141.51577,38.76216],[141.51561,38.76258],[141.51484,38.76265],[141.51449,38.76292],[141.51298,38.76323],[141.51214,38.76444],[141.51049,38.76482],[141.5111,38.76315],[141.51141,38.76307],[141.51188,38.76287],[141.51221,38.7625]]],[[[141.51349,38.76324],[141.51438,38.76299],[141.51479,38.76276],[141.51486,38.76267],[141.51587,38.76258],[141.51564,38.76307],[141.51724,38.76303],[141.51767,38.76363],[141.51929,38.76419],[141.51813,38.7647],[141.51809,38.76525],[141.51614,38.76504],[141.51504,38.76531],[141.51355,38.76494],[141.51285,38.76415],[141.51349,38.76324]]],[[[141.51596,38.7604],[141.51695,38.75998],[141.51787,38.76077],[141.51655,38.76115],[141.51596,38.7604]]],[[[141.516,38.76171],[141.51638,38.76141],[141.51792,38.76189],[141.51829,38.76129],[141.51953,38.76163],[141.52019,38.76289],[141.51874,38.76396],[141.51823,38.7631],[141.516,38.76171]]]]},"properties":{"林班":"B047","市町村名称":"気仙沼市","旧市町村":null}},
{"type":"Feature","geometry":{"type":"MultiPolygon","coordinates":[[[[141.52355,38.74955],[141.52452,38.74888],[141.52539,38.74951],[141.52474,38.75026],[141.52355,38.74955]]],[[[141.52352,38.74966],[141.5246,38.75027],[141.52398,38.7509],[141.52318,38.75085],[141.52352,38.74966]]],[[[141.52217,38.75092],[141.52289,38.75142],[141.52441,38.75175],[141.52325,38.75238],[141.5218,38.7515],[141.52217,38.75092]]],[[[141.52502,38.75136],[141.52562,38.75227],[141.52623,38.75232],[141.52656,38.75393],[141.52529,38.75296],[141.52466,38.75195],[141.52502,38.75136]]],[[[141.52629,38.74723],[141.52696,38.74714],[141.52751,38.74805],[141.52533,38.74831],[141.52486,38.74795],[141.52629,38.74723]]],[[[141.52689,38.75014],[141.52813,38.75075],[141.52648,38.7512],[141.52689,38.75014]]]]},"properties":{"林班":"B049","市町村名称":"気仙沼市","旧市町村":null}},
{"type":"Feature","geometry":{"type":"MultiPolygon","coordinates":[[[[141.52062,38.79462],[141.52126,38.79406],[141.52212,38.79438],[141.52105,38.79525],[141.52062,38.79462]]],[[[141.5189,38.79527],[141.51785,38.79625],[141.51696,38.79552],[141.5189,38.79527]]]]},"properties":{"林班":"B040","市町村名称":"気仙沼市","旧市町村":null}},
{"type":"Feature","geometry":{"type":"Polygon","coordinates":[[[141.51704,38.78056],[141.51697,38.78184],[141.51596,38.78116],[141.51704,38.78056]]]},"properties":{"林班":"B042","市町村名称":"気仙沼市","旧市町村":null}},
{"type":"Feature","geometry":{"type":"MultiPolygon","coordinates":[[[[141.51731,38.78602],[141.51839,38.78559],[141.5189,38.78665],[141.51789,38.78674],[141.51731,38.78602]]],[[[141.51725,38.78722],[141.51739,38.7868],[141.5189,38.78667],[141.51942,38.78783],[141.51744,38.78797],[141.51725,38.78722]]]]},"properties":{"林班":"B041","市町村名称":"気仙沼市","旧市町村":null}},
{"type":"Feature","geometry":{"type":"MultiPolygon","coordinates":[[[[141.50347,38.77741],[141.50393,38.77832],[141.50281,38.77873],[141.50222,38.77817],[141.50347,38.77741]]],[[[141.50206,38.78258],[141.50259,38.78171],[141.50337,38.78161],[141.50457,38.78223],[141.50553,38.78192],[141.50622,38.78387],[141.50569,38.78504],[141.50314,38.78448],[141.50315,38.78344],[141.50174,38.78347],[141.50206,38.78258]]],[[[141.50427,38.77916],[141.50535,38.78084],[141.50428,38.78073],[141.50427,38.77916]]],[[[141.50615,38.78148],[141.50759,38.78164],[141.50798,38.78323],[141.50599,38.78289],[141.50615,38.78148]]]]},"properties":{"林班":"B044","市町村名称":"気仙沼市","旧市町村":null}},
{"type":"Feature","geometry":{"type":"MultiPolygon","coordinates":[[[[141.50986,38.77381],[141.51197,38.77362],[141.51353,38.77503],[141.51443,38.7763],[141.51276,38.77675],[141.51051,38.77611],[141.50973,38.77656],[141.50928,38.77571],[141.50987,38.77494],[141.50986,38.77381]]],[[[141.51277,38.77316],[141.51091,38.77301],[141.51195,38.77199],[141.51277,38.77316]]],[[[141.5135,38.77735],[141.51407,38.77779],[141.51392,38.7794],[141.51297,38.77879],[141.5135,38.77735]]],[[[141.5175,38.77618],[141.5185,38.77654],[141.51794,38.77781],[141.51682,38.77756],[141.51536,38.7777],[141.51532,38.77699],[141.51696,38.7769],[141.5177,38.77743],[141.51821,38.77653],[141.5175,38.77618]]],[[[141.51489,38.77859],[141.51608,38.77874],[141.51596,38.77942],[141.51502,38.77948],[141.51489,38.77859]]]]},"properties":{"林班":"B043","市町村名称":"気仙沼市","旧市町村":null}},
{"type":"Feature","geometry":{"type":"Polygon","coordinates":[[[141.48847,38.74537],[141.48845,38.74567],[141.48847,38.74537],[141.48926,38.74574],[141.49118,38.74623],[141.49158,38.74655],[141.49176,38.74718],[141.49234,38.7496],[141.49226,38.74831],[141.49176,38.74718],[141.49158,38.74655],[141.49147,38.7462],[141.49149,38.7462],[141.49172,38.74616],[141.49263,38.74624],[141.49284,38.74696],[141.49325,38.74765],[141.49336,38.74782],[141.49341,38.74816],[141.49384,38.74909],[141.49393,38.74942],[141.49375,38.74997],[141.49365,38.75027],[141.49345,38.75114],[141.49375,38.75241],[141.49532,38.75293],[141.49713,38.75421],[141.49648,38.75508],[141.49685,38.75595],[141.49884,38.7572],[141.49908,38.75859],[141.49792,38.75817],[141.49793,38.75799],[141.49828,38.75766],[141.49727,38.75659],[141.49635,38.75636],[141.49458,38.75471],[141.4942,38.75463],[141.49418,38.75409],[141.49315,38.75351],[141.49297,38.75324],[141.49268,38.75239],[141.49239,38.75214],[141.4915,38.75118],[141.49039,38.75068],[141.49024,38.75075],[141.48979,38.75045],[141.48883,38.74961],[141.48865,38.74942],[141.48685,38.74819],[141.48457,38.74793],[141.48459,38.7475],[141.48634,38.74577],[141.48682,38.7456],[141.48847,38.74537]]]},"properties":{"林班":"B057","市町村名称":"気仙沼市","旧市町村":null}},
{"type":"Feature","geometry":{"type":"Polygon","coordinates":[[[141.49284,38.74696],[141.49263,38.74624],[141.49425,38.74601],[141.49599,38.746],[141.49634,38.74606],[141.49636,38.74605],[141.49837,38.7473],[141.49891,38.74826],[141.49883,38.74887],[141.49896,38.74918],[141.49977,38.74987],[141.49996,38.75074],[141.5016,38.7522],[141.50216,38.75221],[141.50184,38.75444],[141.5005,38.75445],[141.49957,38.75556],[141.4994,38.75679],[141.49976,38.75737],[141.49963,38.75848],[141.49941,38.75848],[141.49908,38.75859],[141.49884,38.7572],[141.49685,38.75595],[141.49648,38.75508],[141.49713,38.75421],[141.49532,38.75293],[141.49375,38.75241],[141.49345,38.75114],[141.49365,38.75027],[141.49418,38.75051],[141.49375,38.74997],[141.49393,38.74942],[141.49384,38.74909],[141.49341,38.74816],[141.49336,38.74782],[141.49325,38.74765],[141.49284,38.74696]]]},"properties":{"林班":"B056","市町村名称":"気仙沼市","旧市町村":null}},
{"type":"Feature","geometry":{"type":"MultiPolygon","coordinates":[[[[141.4942,38.75463],[141.49315,38.75351],[141.49418,38.75409],[141.4942,38.75463]]],[[[141.49793,38.75799],[141.49724,38.75709],[141.49468,38.75579],[141.49458,38.75471],[141.49635,38.75636],[141.49727,38.75659],[141.49828,38.75766],[141.49793,38.75799]]],[[[141.4906,38.75553],[141.49045,38.75503],[141.4929,38.75564],[141.4944,38.75604],[141.49619,38.7573],[141.49748,38.75797],[141.49763,38.75926],[141.4979,38.76019],[141.49763,38.76044],[141.49699,38.75978],[141.49637,38.75957],[141.49567,38.75897],[141.49451,38.75859],[141.49421,38.75898],[141.49472,38.75997],[141.49413,38.76012],[141.4938,38.75957],[141.49341,38.7587],[141.49209,38.75712],[141.49097,38.75635],[141.4906,38.75553]]],[[[141.49424,38.75894],[141.49566,38.75899],[141.49635,38.75958],[141.49697,38.75979],[141.498,38.76091],[141.49728,38.76087],[141.49476,38.75997],[141.49424,38.75894]]],[[[141.49941,38.75848],[141.49868,38.75966],[141.49759,38.75873],[141.49792,38.75817],[141.49908,38.75859],[141.49941,38.75848]]]]},"properties":{"林班":"B059","市町村名称":"気仙沼市","旧市町村":null}},
{"type":"Feature","geometry":{"type":"Polygon","coordinates":[[[141.48457,38.74793],[141.48685,38.74819],[141.48865,38.74942],[141.48883,38.74961],[141.48979,38.75045],[141.49119,38.75145],[141.4917,38.75223],[141.49164,38.75306],[141.49355,38.75408],[141.49422,38.75501],[141.49403,38.7558],[141.4929,38.75564],[141.49045,38.75503],[141.4906,38.75553],[141.4888,38.75621],[141.48596,38.75483],[141.48618,38.75432],[141.48382,38.75427],[141.48209,38.75409],[141.48204,38.75385],[141.48157,38.75337],[141.48143,38.75254],[141.48036,38.75214],[141.48021,38.75169],[141.48115,38.75105],[141.48156,38.75038],[141.48141,38.74974],[141.48198,38.74955],[141.48141,38.74974],[141.48134,38.7493],[141.48166,38.74914],[141.48211,38.74881],[141.48368,38.74805],[141.48379,38.7479],[141.4841,38.74774],[141.48457,38.74793]]]},"properties":{"林班":"B058","市町村名称":"気仙沼市","旧市町村":null}},
{"type":"Feature","geometry":{"type":"MultiPolygon","coordinates":[[[[141.50614,38.74608],[141.50348,38.74475],[141.50704,38.74588],[141.50614,38.74608]]],[[[141.50347,38.74828],[141.50348,38.74812],[141.50354,38.74819],[141.50441,38.74883],[141.50612,38.74893],[141.50648,38.74813],[141.50734,38.74835],[141.50703,38.74966],[141.50881,38.75045],[141.50861,38.75079],[141.50465,38.75071],[141.50345,38.75007],[141.50325,38.74917],[141.50354,38.74892],[141.50338,38.74851],[141.50347,38.74828]]],[[[141.50323,38.75088],[141.50386,38.7505],[141.50463,38.75075],[141.50414,38.75098],[141.50323,38.75088]]],[[[141.505,38.75085],[141.50479,38.75076],[141.5067,38.75085],[141.5083,38.75119],[141.50953,38.75076],[141.51083,38.75104],[141.51124,38.75178],[141.51084,38.75288],[141.51025,38.75254],[141.50822,38.75249],[141.50832,38.75146],[141.50565,38.75111],[141.505,38.75085]]],[[[141.50228,38.75085],[141.50235,38.75067],[141.50328,38.75097],[141.50249,38.75112],[141.50228,38.75085]]],[[[141.50674,38.74614],[141.50779,38.74562],[141.50925,38.7465],[141.51143,38.74746],[141.51107,38.74823],[141.5098,38.74808],[141.50906,38.74739],[141.50684,38.74652],[141.50674,38.74614]]],[[[141.5111,38.74827],[141.51164,38.74806],[141.5125,38.74883],[141.51155,38.74936],[141.51252,38.75131],[141.51207,38.75154],[141.51059,38.75061],[141.50936,38.75032],[141.509,38.74982],[141.50979,38.75017],[141.5101,38.74867],[141.51133,38.75061],[141.5111,38.74827]]]]},"properties":{"林班":"B051","市町村名称":"気仙沼市","旧市町村":null}},
{"type":"Feature","geometry":{"type":"MultiPolygon","coordinates":[[[[141.51478,38.74656],[141.51676,38.74714],[141.51735,38.749],[141.51835,38.74887],[141.51688,38.75055],[141.51525,38.74946],[141.51472,38.7486],[141.51473,38.74803],[141.51527,38.74733],[141.51478,38.74656]]],[[[141.51467,38.74838],[141.51466,38.74854],[141.51523,38.74947],[141.51646,38.75033],[141.51569,38.75157],[141.51379,38.75158],[141.51423,38.7496],[141.51385,38.74886],[141.51467,38.74838]]],[[[141.51729,38.74743],[141.51735,38.74745],[141.51821,38.74778],[141.51907,38.74754],[141.51959,38.74739],[141.52047,38.74765],[141.51907,38.74915],[141.51788,38.74868],[141.51722,38.74739],[141.51729,38.74743]]],[[[141.51751,38.75089],[141.51807,38.75108],[141.51881,38.74962],[141.51933,38.74999],[141.51924,38.75095],[141.51814,38.75177],[141.51751,38.75089]]],[[[141.51714,38.75106],[141.51792,38.75209],[141.51646,38.75253],[141.51606,38.7517],[141.51714,38.75106]]],[[[141.51725,38.75263],[141.51888,38.75205],[141.51922,38.75306],[141.52009,38.75317],[141.52118,38.75406],[141.52085,38.75458],[141.51897,38.75465],[141.51812,38.75413],[141.51725,38.75263]]],[[[141.51969,38.74918],[141.5204,38.74879],[141.52187,38.74948],[141.52143,38.75006],[141.51977,38.75042],[141.51969,38.74918]]],[[[141.51987,38.75042],[141.52145,38.75008],[141.52093,38.75201],[141.51969,38.75266],[141.51945,38.75163],[141.51987,38.75042]]],[[[141.51935,38.75498],[141.52013,38.75538],[141.51953,38.75614],[141.52094,38.75644],[141.5213,38.75566],[141.52256,38.75612],[141.52209,38.75754],[141.52064,38.75882],[141.51985,38.75832],[141.51996,38.75768],[141.51874,38.75595],[141.51935,38.75498]]]]},"properties":{"林班":"B050","市町村名称":"気仙沼市","旧市町村":null}},
{"type":"Feature","geometry":{"type":"MultiPolygon","coordinates":[[[[141.50952,38.75444],[141.51101,38.7546],[141.51055,38.75551],[141.5098,38.75564],[141.5088,38.75641],[141.50739,38.75684],[141.50769,38.75589],[141.50912,38.75522],[141.50952,38.75444]]],[[[141.51044,38.75634],[141.51155,38.75674],[141.51151,38.75761],[141.51046,38.75744],[141.50947,38.75783],[141.50892,38.75747],[141.51044,38.75634]]],[[[141.51311,38.75425],[141.51482,38.7527],[141.5164,38.75309],[141.51723,38.75375],[141.51848,38.75527],[141.51785,38.75543],[141.51736,38.75653],[141.5162,38.75677],[141.51462,38.75655],[141.51342,38.75558],[141.51224,38.75589],[141.51144,38.75522],[141.51311,38.75425]]],[[[141.51515,38.75923],[141.5141,38.75899],[141.51359,38.75869],[141.51303,38.75861],[141.51174,38.75821],[141.51131,38.7579],[141.51293,38.756],[141.514,38.75658],[141.51585,38.75703],[141.5165,38.75773],[141.51794,38.75795],[141.51842,38.75877],[141.51644,38.75847],[141.51539,38.75913],[141.51515,38.75923]]]]},"properties":{"林班":"B053","市町村名称":"気仙沼市","旧市町村":null}},
{"type":"Feature","geometry":{"type":"MultiPolygon","coordinates":[[[[141.49944,38.74325],[141.49956,38.7431],[141.49978,38.74301],[141.50055,38.74371],[141.50184,38.74449],[141.50348,38.74475],[141.50614,38.74608],[141.5061,38.74705],[141.50734,38.74835],[141.50648,38.74813],[141.50612,38.74893],[141.50441,38.74883],[141.50354,38.74819],[141.50353,38.74813],[141.50348,38.74812],[141.50347,38.74828],[141.50338,38.74851],[141.50354,38.74892],[141.50325,38.74917],[141.50315,38.74899],[141.50325,38.74917],[141.50345,38.75007],[141.50386,38.7505],[141.50323,38.75088],[141.5024,38.75064],[141.50163,38.74939],[141.50228,38.75061],[141.50235,38.75067],[141.50228,38.75085],[141.50249,38.75112],[141.50328,38.75097],[141.50565,38.75111],[141.50832,38.75146],[141.50822,38.75249],[141.50762,38.7516],[141.50575,38.7519],[141.50454,38.75114],[141.50253,38.75129],[141.50156,38.75213],[141.49995,38.75053],[141.4999,38.75006],[141.49979,38.74985],[141.49941,38.74944],[141.49899,38.74917],[141.49886,38.74887],[141.49894,38.74825],[141.49836,38.74726],[141.49666,38.74608],[141.49691,38.74613],[141.49742,38.74616],[141.49766,38.74619],[141.49778,38.74618],[141.49781,38.74617],[141.49814,38.74613],[141.49844,38.74617],[141.49866,38.74617],[141.49875,38.74625],[141.49897,38.74628],[141.49919,38.74627],[141.49966,38.74629],[141.49978,38.74631],[141.50048,38.7466],[141.50107,38.74671],[141.50146,38.74677],[141.50179,38.74691],[141.50251,38.74731],[141.50253,38.74734],[141.50251,38.74731],[141.50179,38.74691],[141.50146,38.74677],[141.50107,38.74671],[141.50048,38.7466],[141.49978,38.74631],[141.49966,38.74629],[141.49919,38.74627],[141.49897,38.74628],[141.49875,38.74625],[141.49866,38.74617],[141.49844,38.74617],[141.49814,38.74613],[141.49781,38.74617],[141.49778,38.74618],[141.49766,38.74619],[141.49742,38.74616],[141.49666,38.74608],[141.49673,38.74577],[141.49677,38.74576],[141.49775,38.74518],[141.49847,38.74488],[141.49895,38.74473],[141.49924,38.74428],[141.49925,38.74424],[141.4993,38.74376],[141.49944,38.74325]]],[[[141.50463,38.75075],[141.50479,38.75076],[141.505,38.75085],[141.50414,38.75098],[141.50463,38.75075]]],[[[141.50437,38.75278],[141.50462,38.75244],[141.50621,38.75273],[141.50929,38.75295],[141.51025,38.75254],[141.51084,38.75288],[141.51106,38.75317],[141.50917,38.75402],[141.50778,38.75336],[141.50589,38.7531],[141.50437,38.75278]]],[[[141.50753,38.74819],[141.50811,38.74751],[141.50982,38.74842],[141.5111,38.74827],[141.51133,38.75061],[141.5101,38.74867],[141.50979,38.75017],[141.509,38.74982],[141.50899,38.74981],[141.50878,38.74948],[141.5076,38.74853],[141.50753,38.74819]]]]},"properties":{"林班":"B052","市町村名称":"気仙沼市","旧市町村":null}},
{"type":"Feature","geometry":{"type":"MultiPolygon","coordinates":[[[[141.49957,38.75556],[141.5005,38.75445],[141.50184,38.75444],[141.50177,38.75539],[141.50123,38.75578],[141.50191,38.75828],[141.50146,38.75896],[141.50177,38.75968],[141.50089,38.76037],[141.49938,38.75962],[141.49963,38.75848],[141.49976,38.75737],[141.49987,38.75587],[141.49971,38.75562],[141.49957,38.75556]]],[[[141.50255,38.75784],[141.50302,38.75928],[141.502,38.75964],[141.50152,38.75895],[141.50255,38.75784]]],[[[141.50255,38.75784],[141.5021,38.7563],[141.50253,38.75522],[141.5024,38.75451],[141.50297,38.7533],[141.50642,38.75395],[141.50679,38.7545],[141.50582,38.75527],[141.5067,38.75581],[141.50432,38.75683],[141.50392,38.75755],[141.50388,38.75804],[141.50356,38.75809],[141.5028,38.75726],[141.50255,38.75784]]],[[[141.5029,38.75751],[141.50329,38.75797],[141.50365,38.75819],[141.50392,38.75811],[141.50401,38.75752],[141.50446,38.757],[141.5065,38.75696],[141.50454,38.75875],[141.50355,38.75841],[141.5029,38.75751]]],[[[141.50437,38.75278],[141.50589,38.7531],[141.50646,38.7539],[141.5042,38.75343],[141.50437,38.75278]]]]},"properties":{"林班":"B055","市町村名称":"気仙沼市","旧市町村":null}},
{"type":"Feature","geometry":{"type":"MultiPolygon","coordinates":[[[[141.50533,38.76002],[141.50603,38.76008],[141.50774,38.75935],[141.50767,38.76043],[141.50855,38.76109],[141.50859,38.76288],[141.50908,38.76328],[141.50898,38.76443],[141.50686,38.76284],[141.50686,38.76219],[141.50529,38.76133],[141.50476,38.76032],[141.50533,38.76002]]],[[[141.50409,38.76141],[141.50507,38.76156],[141.50578,38.76257],[141.50418,38.76292],[141.50327,38.76234],[141.50409,38.76141]]],[[[141.50759,38.75865],[141.50903,38.75836],[141.50937,38.75789],[141.51061,38.7575],[141.50967,38.75901],[141.50837,38.76032],[141.50793,38.76002],[141.50759,38.75865]]],[[[141.50868,38.76022],[141.51013,38.75881],[141.51063,38.75751],[141.51172,38.75822],[141.51303,38.75863],[141.51358,38.75871],[141.51424,38.75949],[141.51163,38.75993],[141.51157,38.76039],[141.51017,38.76232],[141.50885,38.76167],[141.50868,38.76022]]],[[[141.51839,38.75918],[141.51507,38.76046],[141.51455,38.75929],[141.51555,38.75935],[141.51645,38.75905],[141.51731,38.75935],[141.51839,38.75918]]]]},"properties":{"林班":"B054","市町村名称":"気仙沼市","旧市町村":null}},
{"type":"Feature","geometry":{"type":"Polygon","coordinates":[[[141.53565,38.80287],[141.53751,38.80326],[141.53796,38.80434],[141.53666,38.80494],[141.5351,38.80465],[141.53454,38.80417],[141.53565,38.80287]]]},"properties":{"林班":"B024","市町村名称":"気仙沼市","旧市町村":null}},
{"type":"Feature","geometry":{"type":"MultiPolygon","coordinates":[[[[141.53652,38.80645],[141.53746,38.8068],[141.5375,38.80767],[141.53827,38.80805],[141.53716,38.80903],[141.53683,38.80832],[141.53559,38.80921],[141.53509,38.8091],[141.53652,38.80645]]],[[[141.53626,38.81032],[141.53668,38.81061],[141.53616,38.81215],[141.53641,38.8142],[141.53609,38.81493],[141.53445,38.8147],[141.53454,38.81409],[141.53549,38.81243],[141.53566,38.8113],[141.53626,38.81032]]],[[[141.53493,38.81724],[141.53507,38.81698],[141.53521,38.81656],[141.5353,38.81616],[141.53538,38.81598],[141.53566,38.81589],[141.5363,38.81483],[141.53749,38.81445],[141.53856,38.81469],[141.5372,38.81566],[141.5356,38.81625],[141.53493,38.81725],[141.53493,38.81724]]],[[[141.53333,38.81593],[141.53425,38.81486],[141.53477,38.81575],[141.53435,38.81642],[141.53399,38.8167],[141.53333,38.81593]]],[[[141.53403,38.81674],[141.53419,38.81665],[141.53478,38.81591],[141.53484,38.81572],[141.53457,38.81538],[141.5354,38.8151],[141.53606,38.81516],[141.53562,38.81586],[141.53544,38.81589],[141.53535,38.81597],[141.53527,38.81615],[141.53491,38.81722],[141.53459,38.81726],[141.53403,38.81674]]],[[[141.5443,38.80451],[141.54456,38.80489],[141.54641,38.80557],[141.5453,38.80608],[141.54441,38.80595],[141.54366,38.80499],[141.5443,38.80451]]],[[[141.54353,38.80508],[141.54263,38.80659],[141.54195,38.80622],[141.54353,38.80508]]]]},"properties":{"林班":"B023","市町村名称":"気仙沼市","旧市町村":null}},
{"type":"Feature","geometry":{"type":"MultiPolygon","coordinates":[[[[141.52002,38.81617],[141.51931,38.81526],[141.51923,38.81404],[141.51802,38.81213],[141.51834,38.81094],[141.51748,38.8085],[141.51794,38.80688],[141.51823,38.80742],[141.5183,38.80913],[141.51872,38.81005],[141.5198,38.81091],[141.5201,38.81189],[141.52096,38.81226],[141.52101,38.81336],[141.52199,38.81425],[141.52182,38.81467],[141.52015,38.81522],[141.52004,38.81619],[141.52002,38.81617]]],[[[141.51878,38.80694],[141.52039,38.80751],[141.52073,38.80754],[141.5208,38.80747],[141.52125,38.80759],[141.52128,38.80768],[141.52141,38.80774],[141.5218,38.80796],[141.52196,38.80789],[141.52219,38.808],[141.52248,38.80802],[141.5226,38.80818],[141.52296,38.80815],[141.52335,38.80849],[141.52272,38.80846],[141.52028,38.80849],[141.51802,38.80661],[141.51878,38.80694]]],[[[141.52534,38.80872],[141.52601,38.80939],[141.52695,38.80971],[141.52565,38.81058],[141.52641,38.81142],[141.52592,38.8126],[141.52536,38.81259],[141.52376,38.81156],[141.5235,38.81058],[141.52254,38.80998],[141.52184,38.80992],[141.52027,38.80889],[141.52027,38.80851],[141.52529,38.80861],[141.52534,38.80872]]],[[[141.51908,38.80784],[141.5202,38.80892],[141.52187,38.81001],[141.52337,38.81051],[141.52352,38.81174],[141.52535,38.81274],[141.52586,38.81384],[141.5257,38.8147],[141.52464,38.81473],[141.52448,38.81502],[141.52371,38.81522],[141.52323,38.81516],[141.52196,38.81533],[141.52118,38.81597],[141.52021,38.81619],[141.52015,38.81524],[141.52183,38.81468],[141.52201,38.81424],[141.52104,38.81336],[141.52099,38.81226],[141.52011,38.81187],[141.51984,38.81087],[141.51875,38.81005],[141.51833,38.80913],[141.51826,38.80742],[141.51908,38.80784]]]]},"properties":{"林班":"B026","市町村名称":"気仙沼市","旧市町村":null}},
{"type":"Feature","geometry":{"type":"MultiPolygon","coordinates":[[[[141.53045,38.8062],[141.53044,38.80699],[141.52911,38.80856],[141.52854,38.80724],[141.53045,38.8062]]],[[[141.52728,38.81072],[141.52777,38.81083],[141.52759,38.81258],[141.52677,38.81229],[141.52728,38.81072]]],[[[141.53036,38.81036],[141.53113,38.80941],[141.53244,38.80884],[141.5318,38.81025],[141.53068,38.81067],[141.53005,38.81277],[141.52894,38.81207],[141.52856,38.81139],[141.52883,38.81024],[141.53036,38.81036]]],[[[141.53032,38.81314],[141.53039,38.81226],[141.53168,38.81141],[141.53235,38.81215],[141.53293,38.81116],[141.53531,38.81124],[141.5351,38.81256],[141.53443,38.81327],[141.53291,38.8136],[141.53236,38.8141],[141.53111,38.81314],[141.53032,38.81314]]],[[[141.53244,38.80689],[141.53338,38.8077],[141.53187,38.80854],[141.53244,38.80689]]],[[[141.53563,38.80686],[141.53468,38.80894],[141.53391,38.8081],[141.53408,38.80726],[141.53325,38.80652],[141.53374,38.80602],[141.53563,38.80686]]]]},"properties":{"林班":"B025","市町村名称":"気仙沼市","旧市町村":null}},
{"type":"Feature","geometry":{"type":"MultiPolygon","coordinates":[[[[141.5287,38.79751],[141.5291,38.79675],[141.53002,38.79624],[141.52992,38.79589],[141.53006,38.79584],[141.53013,38.79724],[141.5287,38.79751]]],[[[141.52734,38.7978],[141.52784,38.79763],[141.52774,38.79886],[141.52651,38.7993],[141.52676,38.79818],[141.52734,38.7978]]],[[[141.52881,38.7996],[141.52654,38.80069],[141.52641,38.80034],[141.52627,38.80017],[141.52649,38.79943],[141.52762,38.79974],[141.52881,38.7996]]],[[[141.52914,38.80068],[141.52743,38.80171],[141.52532,38.80146],[141.52583,38.80095],[141.5262,38.80046],[141.52638,38.80036],[141.5266,38.80099],[141.52689,38.80129],[141.52914,38.80068]]]]},"properties":{"林班":"B028","市町村名称":"気仙沼市","旧市町村":null}},
{"type":"Feature","geometry":{"type":"MultiPolygon","coordinates":[[[[141.51802,38.80661],[141.52108,38.80596],[141.52239,38.80481],[141.52521,38.80348],[141.5266,38.80243],[141.52761,38.80283],[141.52892,38.80385],[141.52886,38.80469],[141.52937,38.80556],[141.52776,38.80681],[141.52678,38.80824],[141.52536,38.80844],[141.52337,38.8083],[141.52295,38.80811],[141.52261,38.80816],[141.5225,38.808],[141.52221,38.80798],[141.52195,38.80785],[141.52185,38.80793],[141.52131,38.80766],[141.52128,38.80757],[141.52081,38.80745],[141.52059,38.80753],[141.51878,38.80694],[141.51802,38.80661]]],[[[141.52864,38.80154],[141.5302,38.80209],[141.53044,38.80289],[141.53154,38.80259],[141.53253,38.80304],[141.53099,38.80361],[141.52824,38.80323],[141.52864,38.80154]]],[[[141.53166,38.80338],[141.53292,38.80405],[141.5312,38.80503],[141.53044,38.80442],[141.52928,38.8042],[141.52898,38.80356],[141.53099,38.80384],[141.53166,38.80338]]],[[[141.53375,38.80344],[141.53419,38.80277],[141.5337,38.80228],[141.53448,38.80152],[141.53517,38.80192],[141.53375,38.80344]]]]},"properties":{"林班":"B027","市町村名称":"気仙沼市","旧市町村":null}},
{"type":"Feature","geometry":{"type":"MultiPolygon","coordinates":[[[[141.51466,38.80059],[141.51614,38.80109],[141.51644,38.80221],[141.5158,38.80343],[141.51466,38.80437],[141.5138,38.80388],[141.51346,38.80304],[141.51397,38.80255],[141.51376,38.80102],[141.51466,38.80059]]],[[[141.51351,38.80401],[141.51379,38.80505],[141.51227,38.80524],[141.51255,38.80337],[141.51351,38.80401]]],[[[141.51486,38.80431],[141.51533,38.80391],[141.51729,38.80376],[141.5177,38.80411],[141.51812,38.80638],[141.51652,38.80653],[141.51671,38.80565],[141.51486,38.80431]]],[[[141.51374,38.80823],[141.51353,38.80787],[141.51325,38.80766],[141.5137,38.80682],[141.515,38.806],[141.51587,38.8068],[141.51454,38.80725],[141.51374,38.80823]]],[[[141.51217,38.80742],[141.51321,38.80695],[141.51321,38.80769],[141.51342,38.80785],[141.51313,38.80782],[141.51316,38.8076],[141.51282,38.80721],[141.51217,38.80742]]],[[[141.51993,38.80124],[141.5202,38.80238],[141.52098,38.80391],[141.52036,38.80471],[141.51878,38.80383],[141.51814,38.80431],[141.51706,38.80339],[141.51657,38.80098],[141.51792,38.80079],[141.51775,38.80237],[141.5188,38.80228],[141.51845,38.80104],[141.51909,38.79999],[141.51993,38.80124]]],[[[141.51893,38.79815],[141.51967,38.79698],[141.52262,38.79605],[141.52227,38.79711],[141.52133,38.79769],[141.52182,38.79898],[141.52109,38.79932],[141.51936,38.79897],[141.51893,38.79815]]],[[[141.52042,38.79943],[141.52035,38.80006],[141.52173,38.80214],[141.5209,38.80235],[141.52026,38.80086],[141.52042,38.79943]]],[[[141.52473,38.80328],[141.52342,38.80426],[141.52216,38.80456],[141.52182,38.80404],[141.52199,38.80271],[141.52296,38.80317],[141.5236,38.80252],[141.52474,38.80251],[141.52473,38.80328]]],[[[141.52334,38.79984],[141.52412,38.80047],[141.52269,38.80109],[141.5222,38.80043],[141.52334,38.79984]]],[[[141.5287,38.79751],[141.52727,38.79648],[141.52749,38.79587],[141.52898,38.79561],[141.53002,38.79624],[141.5291,38.79675],[141.5287,38.79751]]],[[[141.5252,38.79621],[141.52585,38.79594],[141.52702,38.79754],[141.52625,38.79771],[141.5252,38.79621]]]]},"properties":{"林班":"B029","市町村名称":"気仙沼市","旧市町村":null}},
{"type":"Feature","geometry":{"type":"MultiPolygon","coordinates":[[[[141.53839,38.82112],[141.53755,38.82225],[141.53673,38.82261],[141.53483,38.82186],[141.53505,38.82142],[141.5343,38.82032],[141.53366,38.81966],[141.53387,38.81953],[141.53404,38.81894],[141.53431,38.81889],[141.53431,38.81847],[141.53445,38.81825],[141.53465,38.81763],[141.53569,38.81622],[141.53698,38.81591],[141.53803,38.81519],[141.53841,38.81526],[141.53787,38.81624],[141.5378,38.81704],[141.53786,38.81747],[141.53777,38.81758],[141.53774,38.81793],[141.53766,38.81807],[141.53771,38.81817],[141.53716,38.82104],[141.53843,38.82095],[141.53839,38.82112]]],[[[141.54323,38.81415],[141.54284,38.81526],[141.5419,38.81588],[141.54097,38.8156],[141.54096,38.81426],[141.54129,38.81339],[141.54333,38.81384],[141.54323,38.81415]]],[[[141.53965,38.81412],[141.53952,38.81682],[141.54028,38.81714],[141.54013,38.81896],[141.53875,38.81948],[141.53817,38.81907],[141.53834,38.81882],[141.53804,38.81871],[141.53787,38.81842],[141.53786,38.81824],[141.5377,38.81807],[141.53778,38.81795],[141.5378,38.81762],[141.53801,38.81736],[141.53809,38.81651],[141.53869,38.81496],[141.53965,38.81412]]]]},"properties":{"林班":"B020","市町村名称":"気仙沼市","旧市町村":null}},
{"type":"Feature","geometry":{"type":"MultiPolygon","coordinates":[[[[141.52011,38.81629],[141.5212,38.81598],[141.52196,38.81535],[141.52316,38.81548],[141.52448,38.81505],[141.52497,38.81481],[141.52564,38.81502],[141.52671,38.81947],[141.52586,38.81994],[141.5263,38.82068],[141.52786,38.82173],[141.52837,38.82037],[141.5277,38.81858],[141.52883,38.81724],[141.52901,38.8162],[141.53012,38.81581],[141.53058,38.81798],[141.53031,38.81869],[141.5293,38.81866],[141.52886,38.82064],[141.5303,38.81925],[141.53112,38.81917],[141.53171,38.82012],[141.53217,38.81912],[141.53239,38.818],[141.53403,38.81674],[141.53459,38.81726],[141.53493,38.81724],[141.53493,38.81725],[141.53472,38.81741],[141.53442,38.81823],[141.5343,38.81834],[141.53426,38.81887],[141.53401,38.81891],[141.53384,38.81951],[141.5336,38.81965],[141.53335,38.81997],[141.53329,38.82027],[141.53297,38.82037],[141.5322,38.82101],[141.53329,38.82126],[141.53511,38.8221],[141.53283,38.82377],[141.53174,38.82519],[141.53022,38.82572],[141.52922,38.82682],[141.52869,38.82658],[141.52865,38.82694],[141.52793,38.82734],[141.52759,38.82791],[141.52748,38.82803],[141.52738,38.82815],[141.52732,38.82823],[141.5273,38.82822],[141.52579,38.82793],[141.5255,38.82544],[141.52479,38.82393],[141.52478,38.82263],[141.52431,38.82255],[141.52171,38.82001],[141.52101,38.81861],[141.52092,38.81744],[141.52011,38.81629]]],[[[141.53399,38.8167],[141.53323,38.81723],[141.53211,38.81825],[141.53154,38.81851],[141.53115,38.8191],[141.53066,38.81809],[141.53018,38.81579],[141.53272,38.81642],[141.53333,38.81593],[141.53399,38.8167]]]]},"properties":{"林班":"B022","市町村名称":"気仙沼市","旧市町村":null}},
{"type":"Feature","geometry":{"type":"Polygon","coordinates":[[[141.53511,38.8221],[141.53682,38.82277],[141.5369,38.8237],[141.53743,38.82405],[141.53921,38.82318],[141.53806,38.82498],[141.53749,38.82679],[141.53773,38.82754],[141.53666,38.82907],[141.53548,38.83026],[141.53362,38.83052],[141.53276,38.83181],[141.53194,38.83174],[141.53121,38.83133],[141.53087,38.83122],[141.53033,38.83102],[141.53006,38.83101],[141.5289,38.83078],[141.52816,38.83013],[141.52736,38.82827],[141.52732,38.82823],[141.52738,38.82815],[141.52748,38.82803],[141.52759,38.82791],[141.52793,38.82734],[141.52865,38.82694],[141.52922,38.82682],[141.53022,38.82572],[141.53174,38.82519],[141.53283,38.82377],[141.53511,38.8221]]]},"properties":{"林班":"B021","市町村名称":"気仙沼市","旧市町村":null}},
{"type":"Feature","geometry":{"type":"MultiPolygon","coordinates":[[[[141.49884,38.82294],[141.49873,38.82196],[141.49976,38.82102],[141.50055,38.82102],[141.5011,38.82116],[141.50111,38.82132],[141.50049,38.8218],[141.49991,38.82243],[141.49884,38.82294]]],[[[141.49582,38.82305],[141.49655,38.82345],[141.49661,38.82427],[141.49485,38.82488],[141.49454,38.82414],[141.49582,38.82305]]],[[[141.49486,38.82494],[141.49579,38.82489],[141.49711,38.82409],[141.49851,38.82538],[141.49785,38.82654],[141.4947,38.82581],[141.49486,38.82494]]],[[[141.4982,38.82694],[141.49861,38.8257],[141.49994,38.82642],[141.50115,38.82537],[141.50208,38.8259],[141.50023,38.8272],[141.49834,38.82713],[141.4982,38.82694]]],[[[141.5007,38.81925],[141.50215,38.81918],[141.50347,38.8207],[141.50391,38.82106],[141.50484,38.82193],[141.5048,38.82202],[141.50567,38.82238],[141.50681,38.82191],[141.5068,38.82189],[141.50668,38.82179],[141.50625,38.8209],[141.50693,38.8207],[141.50709,38.81963],[141.50817,38.81969],[141.50853,38.8221],[141.50912,38.82286],[141.50933,38.82386],[141.50992,38.82393],[141.51112,38.82488],[141.51282,38.82555],[141.5148,38.82591],[141.51537,38.82641],[141.51285,38.82773],[141.51253,38.82825],[141.51015,38.82897],[141.50837,38.82904],[141.50665,38.82812],[141.50683,38.82613],[141.50554,38.82489],[141.50492,38.82374],[141.50413,38.823],[141.50306,38.82227],[141.50197,38.82111],[141.50029,38.82013],[141.5007,38.81925]]],[[[141.50277,38.82293],[141.5045,38.8237],[141.5046,38.82432],[141.50428,38.82475],[141.50376,38.82489],[141.50293,38.82536],[141.50211,38.82589],[141.50142,38.82532],[141.50046,38.82528],[141.49996,38.82401],[141.49997,38.82247],[141.50072,38.82169],[141.50098,38.82156],[141.50118,38.82124],[141.50277,38.82293]]],[[[141.5028,38.82237],[141.50401,38.82301],[141.50451,38.82347],[141.50492,38.82407],[141.50514,38.82468],[141.50606,38.82554],[141.50634,38.82628],[141.50475,38.8268],[141.50325,38.82788],[141.50215,38.8259],[141.50275,38.82578],[141.50295,38.82537],[141.50379,38.82489],[141.50434,38.82477],[141.5046,38.82451],[141.50464,38.82373],[141.50398,38.82304],[141.5028,38.82237]]],[[[141.50258,38.82765],[141.50104,38.82752],[141.50171,38.82674],[141.50266,38.82687],[141.50258,38.82765]]],[[[141.50326,38.82857],[141.50521,38.82724],[141.50637,38.82855],[141.50651,38.82967],[141.50501,38.8314],[141.50417,38.83269],[141.5016,38.83054],[141.50168,38.82965],[141.50271,38.82911],[141.50326,38.82857]]]]},"properties":{"林班":"B035","市町村名称":"気仙沼市","旧市町村":null}},
{"type":"Feature","geometry":{"type":"MultiPolygon","coordinates":[[[[141.50362,38.81602],[141.50461,38.81669],[141.50325,38.81757],[141.50362,38.81602]]],[[[141.5007,38.81925],[141.50023,38.81868],[141.50067,38.81759],[141.50253,38.81678],[141.50314,38.81682],[141.50317,38.81838],[141.50428,38.82022],[141.50515,38.82124],[141.50484,38.82193],[141.50391,38.82106],[141.50347,38.8207],[141.50215,38.81918],[141.5007,38.81925]]],[[[141.50648,38.81363],[141.50627,38.81433],[141.50458,38.81392],[141.50468,38.81326],[141.50648,38.81363]]],[[[141.50693,38.8207],[141.50628,38.81987],[141.50592,38.81857],[141.50666,38.81589],[141.50801,38.81595],[141.50808,38.81799],[141.50709,38.81963],[141.50693,38.8207]]],[[[141.5048,38.82202],[141.50681,38.82191],[141.50567,38.82238],[141.5048,38.82202]]],[[[141.50808,38.81777],[141.50803,38.81593],[141.50913,38.81687],[141.50827,38.81794],[141.50808,38.81777]]],[[[141.51057,38.81353],[141.50901,38.81348],[141.50781,38.81266],[141.50872,38.81151],[141.50922,38.81259],[141.51057,38.81353]]],[[[141.51113,38.8144],[141.51069,38.81584],[141.50916,38.81613],[141.50855,38.81507],[141.5092,38.8149],[141.51009,38.81543],[141.51113,38.8144]]]]},"properties":{"林班":"B034","市町村名称":"気仙沼市","旧市町村":null}},
{"type":"Feature","geometry":{"type":"MultiPolygon","coordinates":[[[[141.50266,38.79693],[141.504,38.79674],[141.50491,38.79875],[141.50327,38.79933],[141.50249,38.7977],[141.50266,38.79693]]],[[[141.50327,38.80202],[141.50442,38.80123],[141.50494,38.80146],[141.50573,38.80267],[141.5039,38.80411],[141.50225,38.80462],[141.50188,38.80353],[141.50339,38.80327],[141.50327,38.80202]]],[[[141.50335,38.80533],[141.50453,38.8051],[141.50497,38.80575],[141.50706,38.80629],[141.507,38.80663],[141.50668,38.80704],[141.50535,38.80702],[141.50444,38.8062],[141.50366,38.80605],[141.50335,38.80533]]],[[[141.50635,38.80321],[141.50725,38.80307],[141.50811,38.80369],[141.506,38.80448],[141.50635,38.80321]]],[[[141.50657,38.80517],[141.50739,38.80463],[141.50808,38.80514],[141.50773,38.80601],[141.50657,38.80517]]],[[[141.50938,38.80123],[141.51038,38.80264],[141.50917,38.80318],[141.50938,38.80123]]]]},"properties":{"林班":"B037","市町村名称":"気仙沼市","旧市町村":null}},
{"type":"Feature","geometry":{"type":"MultiPolygon","coordinates":[[[[141.4991,38.80752],[141.5005,38.80721],[141.5006,38.80761],[141.50032,38.80778],[141.50039,38.80805],[141.50022,38.80847],[141.50035,38.80867],[141.50006,38.80962],[141.50006,38.80991],[141.50038,38.81015],[141.50031,38.81025],[141.50053,38.81043],[141.50087,38.81058],[141.50043,38.81103],[141.5006,38.81174],[141.50138,38.8121],[141.50075,38.81343],[141.50122,38.81402],[141.49992,38.81525],[141.49946,38.81434],[141.4995,38.81274],[141.5,38.81232],[141.4995,38.81127],[141.49982,38.81056],[141.49881,38.80944],[141.49935,38.80867],[141.4991,38.80752]]],[[[141.507,38.80663],[141.5081,38.80693],[141.5075,38.80915],[141.50688,38.81007],[141.50549,38.81077],[141.50325,38.81438],[141.50268,38.81552],[141.50316,38.81607],[141.50185,38.81707],[141.50054,38.81615],[141.50057,38.81475],[141.50126,38.81401],[141.50079,38.81342],[141.50142,38.81211],[141.50063,38.81173],[141.50047,38.81105],[141.50091,38.81057],[141.50057,38.81043],[141.50034,38.81025],[141.50043,38.81014],[141.50009,38.80991],[141.50009,38.80963],[141.50038,38.80866],[141.50026,38.80847],[141.50041,38.80805],[141.50036,38.8078],[141.50066,38.80762],[141.50051,38.8065],[141.50097,38.80578],[141.50206,38.80533],[141.502,38.80482],[141.50231,38.80474],[141.50331,38.80534],[141.50335,38.80533],[141.50366,38.80605],[141.50444,38.8062],[141.50535,38.80702],[141.50668,38.80704],[141.507,38.80663]]]]},"properties":{"林班":"B036","市町村名称":"気仙沼市","旧市町村":null}},
{"type":"Feature","geometry":{"type":"MultiPolygon","coordinates":[[[[141.50387,38.79496],[141.50563,38.79624],[141.50666,38.79604],[141.50921,38.79805],[141.50909,38.79873],[141.50831,38.79927],[141.50739,38.79892],[141.50549,38.79773],[141.5053,38.79689],[141.50434,38.79597],[141.50387,38.79496]]],[[[141.50948,38.79897],[141.5098,38.79896],[141.51021,38.80097],[141.50893,38.79958],[141.50948,38.79897]]],[[[141.51314,38.79795],[141.51434,38.79769],[141.51574,38.79816],[141.51438,38.79877],[141.51314,38.79795]]]]},"properties":{"林班":"B039","市町村名称":"気仙沼市","旧市町村":null}},
{"type":"Feature","geometry":{"type":"MultiPolygon","coordinates":[[[[141.49382,38.79825],[141.49451,38.79806],[141.49487,38.79817],[141.49504,38.79847],[141.4952,38.79925],[141.4949,38.79959],[141.49502,38.80067],[141.49362,38.80104],[141.49283,38.79993],[141.49277,38.79916],[141.49382,38.79825]]],[[[141.49489,38.79807],[141.49601,38.79862],[141.49723,38.79872],[141.49647,38.79987],[141.49522,38.79924],[141.49506,38.79847],[141.49489,38.79807]]],[[[141.49754,38.79886],[141.49827,38.79971],[141.49924,38.79979],[141.49933,38.80206],[141.49677,38.7995],[141.49754,38.79886]]],[[[141.49578,38.80116],[141.49549,38.80048],[141.49737,38.80028],[141.49823,38.80172],[141.49747,38.80228],[141.49661,38.80136],[141.49578,38.80116]]],[[[141.4975,38.80235],[141.49824,38.80212],[141.49919,38.80287],[141.49958,38.8041],[141.4993,38.80507],[141.49803,38.80562],[141.49815,38.80422],[141.4975,38.80235]]],[[[141.4991,38.80752],[141.4979,38.80705],[141.4982,38.80599],[141.49902,38.80609],[141.5005,38.80721],[141.4991,38.80752]]],[[[141.49937,38.79686],[141.50013,38.79703],[141.50134,38.79889],[141.50038,38.7996],[141.49927,38.79966],[141.49817,38.79783],[141.49937,38.79686]]],[[[141.50074,38.79686],[141.50219,38.79688],[141.50236,38.79778],[141.50161,38.79801],[141.50074,38.79686]]],[[[141.50266,38.8],[141.50325,38.80145],[141.50208,38.80216],[141.50266,38.8]]],[[[141.50097,38.80578],[141.502,38.80482],[141.50206,38.80533],[141.50097,38.80578]]]]},"properties":{"林班":"B038","市町村名称":"気仙沼市","旧市町村":null}},
{"type":"Feature","geometry":{"type":"Polygon","coordinates":[[[141.51608,38.81646],[141.51623,38.81599],[141.51688,38.81623],[141.51737,38.81626],[141.51744,38.8164],[141.5179,38.8165],[141.51836,38.81693],[141.51908,38.81722],[141.52002,38.81617],[141.52004,38.81619],[141.52011,38.81629],[141.52092,38.81744],[141.52101,38.81861],[141.52171,38.82001],[141.52431,38.82255],[141.52478,38.82263],[141.52421,38.82392],[141.52208,38.82486],[141.52111,38.82549],[141.51977,38.82528],[141.51854,38.82542],[141.51691,38.82599],[141.51754,38.82493],[141.5185,38.82447],[141.51809,38.82297],[141.51718,38.82183],[141.51662,38.81965],[141.51668,38.81832],[141.51608,38.81646]]]},"properties":{"林班":"B031","市町村名称":"気仙沼市","旧市町村":null}},
{"type":"Feature","geometry":{"type":"MultiPolygon","coordinates":[[[[141.5117,38.81037],[141.51081,38.81032],[141.5101,38.8094],[141.51049,38.80907],[141.5117,38.81037]]],[[[141.50872,38.81151],[141.50977,38.81161],[141.50994,38.81255],[141.51057,38.81353],[141.50922,38.81259],[141.50872,38.81151]]],[[[141.51128,38.81379],[141.51039,38.81292],[141.50989,38.8116],[141.51107,38.81203],[141.51376,38.81414],[141.51515,38.81393],[141.5158,38.8118],[141.51467,38.81089],[141.51325,38.80939],[141.51276,38.80788],[141.51217,38.80742],[141.51282,38.80721],[141.51316,38.8076],[141.51313,38.80782],[141.51342,38.80785],[141.51374,38.80823],[141.51454,38.80725],[141.51587,38.8068],[141.51589,38.80747],[141.51486,38.80769],[141.516,38.80869],[141.5166,38.80731],[141.51794,38.80688],[141.51748,38.8085],[141.51834,38.81094],[141.51802,38.81213],[141.51923,38.81404],[141.51931,38.81526],[141.52002,38.81617],[141.51908,38.81722],[141.51867,38.81686],[141.51803,38.8166],[141.51795,38.81647],[141.5175,38.81639],[141.51744,38.81621],[141.51689,38.81618],[141.51661,38.816],[141.51398,38.81577],[141.51147,38.81419],[141.51128,38.81379]]]]},"properties":{"林班":"B030","市町村名称":"気仙沼市","旧市町村":null}},
{"type":"Feature","geometry":{"type":"Polygon","coordinates":[[[141.50827,38.81794],[141.50866,38.81822],[141.51012,38.81752],[141.5101,38.81698],[141.51118,38.81633],[141.51197,38.818],[141.51188,38.81922],[141.51266,38.81959],[141.5124,38.82302],[141.51306,38.82396],[141.51282,38.82555],[141.51112,38.82488],[141.50992,38.82393],[141.50933,38.82386],[141.50912,38.82286],[141.50853,38.8221],[141.50817,38.81969],[141.50709,38.81963],[141.50808,38.81799],[141.50808,38.81777],[141.50827,38.81794]]]},"properties":{"林班":"B033","市町村名称":"気仙沼市","旧市町村":null}},
{"type":"Feature","geometry":{"type":"Polygon","coordinates":[[[141.51085,38.81584],[141.51143,38.81586],[141.51158,38.81648],[141.51223,38.81681],[141.51327,38.81688],[141.51399,38.81746],[141.51456,38.81657],[141.51608,38.81646],[141.51668,38.81832],[141.51662,38.81965],[141.51718,38.82183],[141.51809,38.82297],[141.5185,38.82447],[141.51754,38.82493],[141.51691,38.82599],[141.51537,38.82641],[141.5148,38.82591],[141.51282,38.82555],[141.51306,38.82396],[141.5124,38.82302],[141.51266,38.81959],[141.51188,38.81922],[141.51197,38.818],[141.51118,38.81633],[141.51087,38.81585],[141.51085,38.81584]]]},"properties":{"林班":"B032","市町村名称":"気仙沼市","旧市町村":null}},
{"type":"Feature","geometry":{"type":"MultiPolygon","coordinates":[[[[141.54503,38.84396],[141.54551,38.84312],[141.54756,38.84249],[141.54781,38.84348],[141.55004,38.84332],[141.55089,38.84432],[141.55218,38.84522],[141.55331,38.84535],[141.55414,38.8446],[141.55461,38.846],[141.55333,38.84661],[141.55192,38.84763],[141.55175,38.84795],[141.55149,38.84869],[141.55149,38.84873],[141.55147,38.84899],[141.55087,38.8489],[141.55079,38.84891],[141.55087,38.8489],[141.55147,38.84899],[141.55129,38.84945],[141.55143,38.84959],[141.55151,38.84969],[141.55143,38.84959],[141.55129,38.84945],[141.55145,38.84919],[141.55195,38.84938],[141.55235,38.84953],[141.55266,38.84964],[141.55298,38.84975],[141.55328,38.84985],[141.55363,38.84998],[141.55322,38.85005],[141.55255,38.85017],[141.55244,38.85019],[141.55034,38.85071],[141.55012,38.85078],[141.55003,38.85082],[141.54991,38.85085],[141.54987,38.85086],[141.54732,38.85063],[141.54708,38.85002],[141.54615,38.85118],[141.54562,38.85162],[141.54562,38.85163],[141.54488,38.8517],[141.54359,38.85093],[141.54302,38.85015],[141.54314,38.84947],[141.54321,38.84906],[141.54334,38.84799],[141.54395,38.84465],[141.54503,38.84396]]],[[[141.5522,38.84403],[141.55335,38.84442],[141.55268,38.84502],[141.5509,38.84431],[141.55122,38.84368],[141.5522,38.84403]]]]},"properties":{"林班":"B002","市町村名称":"気仙沼市","旧市町村":null}},
{"type":"Feature","geometry":{"type":"MultiPolygon","coordinates":[[[[141.53391,38.83966],[141.53409,38.83928],[141.53729,38.83905],[141.53801,38.84048],[141.53827,38.84087],[141.54033,38.84135],[141.54182,38.84229],[141.54419,38.84314],[141.54503,38.84396],[141.54395,38.84465],[141.54334,38.84799],[141.54321,38.84906],[141.54314,38.84947],[141.54302,38.85015],[141.54282,38.8503],[141.54154,38.85023],[141.54006,38.8508],[141.53947,38.85033],[141.53957,38.84882],[141.53879,38.84763],[141.53997,38.8467],[141.53955,38.84612],[141.53948,38.84609],[141.53955,38.84612],[141.53991,38.84663],[141.53855,38.84737],[141.53723,38.84639],[141.53719,38.84637],[141.53699,38.84624],[141.53653,38.84601],[141.53526,38.84589],[141.53489,38.84447],[141.53488,38.8437],[141.53463,38.84324],[141.53363,38.84285],[141.5335,38.84269],[141.53341,38.84237],[141.53355,38.84172],[141.53359,38.8417],[141.53355,38.84172],[141.53352,38.84141],[141.5335,38.84123],[141.53391,38.83966]]],[[[141.53336,38.84258],[141.53341,38.84237],[141.5335,38.84269],[141.53343,38.84289],[141.53305,38.84281],[141.5333,38.84262],[141.53336,38.84258]]]]},"properties":{"林班":"B001","市町村名称":"気仙沼市","旧市町村":null}},
{"type":"Feature","geometry":{"type":"MultiPolygon","coordinates":[[[[141.56053,38.84725],[141.56092,38.84616],[141.56107,38.84476],[141.56082,38.84409],[141.56279,38.84366],[141.56307,38.84491],[141.56236,38.84594],[141.56244,38.84749],[141.56181,38.84822],[141.56114,38.84804],[141.56019,38.84875],[141.55926,38.84877],[141.55915,38.84847],[141.55972,38.84858],[141.55989,38.84852],[141.56003,38.84845],[141.56057,38.84751],[141.56053,38.84725]]],[[[141.559,38.8484],[141.55844,38.84846],[141.5563,38.8494],[141.55609,38.84949],[141.55708,38.84845],[141.55716,38.84839],[141.55779,38.84809],[141.55783,38.8481],[141.5584,38.84812],[141.5588,38.84831],[141.559,38.8484]]]]},"properties":{"林班":"B004","市町村名称":"気仙沼市","旧市町村":null}},
{"type":"Feature","geometry":{"type":"MultiPolygon","coordinates":[[[[141.55708,38.84845],[141.55624,38.84888],[141.55487,38.84849],[141.5539,38.84755],[141.55438,38.84642],[141.55591,38.84608],[141.55706,38.84664],[141.55716,38.84839],[141.55708,38.84845]]],[[[141.55192,38.84763],[141.55333,38.84661],[141.55406,38.84819],[141.55539,38.8488],[141.55535,38.84923],[141.55363,38.84998],[141.55328,38.84985],[141.55298,38.84975],[141.55266,38.84964],[141.55235,38.84953],[141.55195,38.84938],[141.55145,38.84919],[141.55147,38.84899],[141.55149,38.84873],[141.55149,38.84869],[141.55175,38.84795],[141.55181,38.84809],[141.55182,38.84819],[141.55175,38.84838],[141.55167,38.84865],[141.55175,38.84838],[141.55182,38.84819],[141.55181,38.84809],[141.55192,38.84763]]],[[[141.55734,38.8442],[141.55599,38.8446],[141.55588,38.84354],[141.55734,38.8442]]],[[[141.5575,38.84735],[141.5578,38.84573],[141.55855,38.84507],[141.55989,38.84488],[141.56072,38.84543],[141.5609,38.84616],[141.56053,38.84725],[141.56057,38.84751],[141.56003,38.84845],[141.55989,38.84852],[141.55972,38.84858],[141.55915,38.84847],[141.559,38.8484],[141.5588,38.84831],[141.5584,38.84812],[141.55783,38.8481],[141.55779,38.84809],[141.55784,38.84801],[141.55779,38.84809],[141.5575,38.84735]]],[[[141.56082,38.84409],[141.56072,38.84266],[141.56202,38.84126],[141.56268,38.84],[141.56436,38.84021],[141.56476,38.84085],[141.56484,38.84098],[141.56478,38.84114],[141.56378,38.84247],[141.56284,38.84296],[141.56279,38.84366],[141.56082,38.84409]]],[[[141.56001,38.84287],[141.56011,38.84336],[141.55811,38.84467],[141.55779,38.844],[141.55842,38.84336],[141.55915,38.8435],[141.56001,38.84287]]]]},"properties":{"林班":"B003","市町村名称":"気仙沼市","旧市町村":null}},
{"type":"Feature","geometry":{"type":"MultiPolygon","coordinates":[[[[141.53969,38.83687],[141.54214,38.83673],[141.5435,38.83715],[141.54488,38.83681],[141.54621,38.83798],[141.5449,38.83816],[141.54322,38.83756],[141.543,38.83754],[141.54277,38.83762],[141.54197,38.8378],[141.54151,38.83715],[141.53969,38.83687]]],[[[141.54008,38.837],[141.54146,38.83723],[141.54138,38.83781],[141.5402,38.83784],[141.54008,38.837]]],[[[141.53936,38.83759],[141.54019,38.83786],[141.54178,38.83796],[141.54302,38.83758],[141.54347,38.83777],[141.54397,38.8379],[141.54427,38.83814],[141.54544,38.83842],[141.54638,38.83797],[141.54918,38.83786],[141.54954,38.83857],[141.5489,38.8392],[141.54733,38.83935],[141.54671,38.83886],[141.5458,38.83935],[141.54571,38.84033],[141.54505,38.84091],[141.54482,38.84226],[141.54383,38.84256],[141.54185,38.84226],[141.54037,38.84131],[141.53855,38.84093],[141.53802,38.84042],[141.53736,38.83902],[141.53741,38.83852],[141.53864,38.83849],[141.53936,38.83759]]]]},"properties":{"林班":"B006","市町村名称":"気仙沼市","旧市町村":null}},
{"type":"Feature","geometry":{"type":"MultiPolygon","coordinates":[[[[141.55273,38.84033],[141.55293,38.84143],[141.55189,38.84163],[141.55146,38.84085],[141.55273,38.84033]]],[[[141.55195,38.84209],[141.55112,38.84269],[141.54993,38.84257],[141.5492,38.8418],[141.55097,38.84169],[141.55195,38.84209]]],[[[141.55683,38.83935],[141.55822,38.84016],[141.5578,38.8405],[141.55644,38.83973],[141.55683,38.83935]]],[[[141.55654,38.84093],[141.5578,38.84061],[141.55802,38.84177],[141.55733,38.8419],[141.55654,38.84093]]]]},"properties":{"林班":"B005","市町村名称":"気仙沼市","旧市町村":null}},
{"type":"Feature","geometry":{"type":"MultiPolygon","coordinates":[[[[141.55095,38.83428],[141.55167,38.83442],[141.55167,38.83565],[141.55085,38.83653],[141.55051,38.83632],[141.55146,38.83527],[141.55095,38.83428]]],[[[141.5612,38.83637],[141.56228,38.83488],[141.56357,38.83547],[141.56231,38.83663],[141.5612,38.83637]]]]},"properties":{"林班":"B008","市町村名称":"気仙沼市","旧市町村":null}},
{"type":"Feature","geometry":{"type":"MultiPolygon","coordinates":[[[[141.54592,38.82968],[141.54658,38.82925],[141.5493,38.82913],[141.54901,38.82834],[141.55086,38.82858],[141.55122,38.8289],[141.55089,38.83099],[141.55013,38.8308],[141.5491,38.8318],[141.54735,38.83113],[141.54674,38.83111],[141.54546,38.83009],[141.54592,38.82968]]],[[[141.54669,38.83156],[141.54807,38.83149],[141.54834,38.83251],[141.54934,38.83288],[141.54907,38.83393],[141.54729,38.83329],[141.54616,38.83315],[141.54624,38.83186],[141.54669,38.83156]]],[[[141.54591,38.83331],[141.54738,38.83334],[141.5491,38.83397],[141.54849,38.83497],[141.54715,38.83513],[141.54636,38.83619],[141.54464,38.83659],[141.54389,38.83501],[141.54536,38.83444],[141.54591,38.83331]]],[[[141.55274,38.82717],[141.55225,38.82769],[141.55274,38.82856],[141.55261,38.82908],[141.5526,38.82938],[141.55269,38.82985],[141.55199,38.82984],[141.55129,38.82907],[141.55213,38.82742],[141.55274,38.82717]]]]},"properties":{"林班":"B007","市町村名称":"気仙沼市","旧市町村":null}},
{"type":"Feature","geometry":{"type":"MultiPolygon","coordinates":[[[[141.55235,38.82405],[141.55308,38.8249],[141.55243,38.82604],[141.55226,38.82563],[141.55235,38.82405]]],[[[141.55478,38.82636],[141.55526,38.82704],[141.55555,38.82717],[141.5576,38.82728],[141.55724,38.82848],[141.55331,38.82706],[141.5541,38.82537],[141.55478,38.82636]]],[[[141.55375,38.82849],[141.55431,38.82805],[141.55723,38.82872],[141.55741,38.82966],[141.55573,38.82923],[141.55543,38.82896],[141.55448,38.82883],[141.55397,38.82849],[141.55375,38.82849]]],[[[141.55331,38.82852],[141.55396,38.82851],[141.55447,38.82885],[141.55542,38.82897],[141.55572,38.82925],[141.5566,38.82949],[141.55699,38.82984],[141.55808,38.83015],[141.55953,38.8302],[141.56032,38.8306],[141.55835,38.83169],[141.55615,38.83204],[141.55424,38.83186],[141.55368,38.8315],[141.55332,38.83036],[141.55296,38.82989],[141.5529,38.8296],[141.55264,38.8295],[141.55272,38.8287],[141.55331,38.82852]]],[[[141.55794,38.82999],[141.55843,38.82912],[141.55923,38.82898],[141.56036,38.83027],[141.55794,38.82999]]],[[[141.55844,38.82694],[141.55853,38.8267],[141.56096,38.82664],[141.56088,38.82812],[141.55919,38.82853],[141.55793,38.82839],[141.55844,38.82694]]],[[[141.5629,38.82833],[141.56103,38.82744],[141.56225,38.82703],[141.5629,38.82833]]]]},"properties":{"林班":"B009","市町村名称":"気仙沼市","旧市町村":null}},
{"type":"Feature","geometry":{"type":"MultiPolygon","coordinates":[[[[141.55148,38.82152],[141.55394,38.82264],[141.55348,38.82305],[141.55092,38.8236],[141.55037,38.8224],[141.55148,38.82152]]],[[[141.55235,38.82405],[141.55605,38.82272],[141.55591,38.8224],[141.55678,38.82099],[141.55783,38.82072],[141.55851,38.8213],[141.55797,38.82276],[141.55744,38.82248],[141.55723,38.82173],[141.55652,38.82221],[141.5573,38.82295],[141.55697,38.82343],[141.5568,38.82406],[141.55624,38.82432],[141.55588,38.82485],[141.55532,38.82491],[141.55473,38.8253],[141.5541,38.82531],[141.55356,38.82566],[141.55308,38.8249],[141.55235,38.82405]]]]},"properties":{"林班":"B013","市町村名称":"気仙沼市","旧市町村":null}},
{"type":"Feature","geometry":{"type":"MultiPolygon","coordinates":[[[[141.56668,38.8242],[141.56822,38.82367],[141.56858,38.82423],[141.56776,38.8247],[141.56668,38.8242]]],[[[141.57476,38.81186],[141.57427,38.81158],[141.57337,38.81137],[141.57346,38.81121],[141.57484,38.8118],[141.57476,38.81186]]]]},"properties":{"林班":"B012","市町村名称":"気仙沼市","旧市町村":null}},
{"type":"Feature","geometry":{"type":"Polygon","coordinates":[[[141.55311,38.8181],[141.55388,38.81748],[141.55428,38.81759],[141.55497,38.81744],[141.5554,38.81762],[141.55629,38.81835],[141.55622,38.81903],[141.55791,38.81906],[141.55819,38.81948],[141.55633,38.82051],[141.5536,38.82088],[141.55279,38.82054],[141.55109,38.82094],[141.54932,38.82078],[141.54782,38.82035],[141.54797,38.81963],[141.54923,38.819],[141.5505,38.81906],[141.55311,38.8181]]]},"properties":{"林班":"B015","市町村名称":"気仙沼市","旧市町村":null}},
{"type":"Feature","geometry":{"type":"Polygon","coordinates":[[[141.54551,38.82031],[141.54622,38.82],[141.54782,38.82035],[141.54932,38.82078],[141.54886,38.82117],[141.54708,38.82132],[141.54607,38.82079],[141.54549,38.82117],[141.54705,38.82208],[141.55027,38.82135],[141.55148,38.82152],[141.55037,38.8224],[141.55092,38.8236],[141.55095,38.82365],[141.55131,38.82381],[141.55176,38.82402],[141.55185,38.82531],[141.55226,38.82563],[141.55243,38.82604],[141.55096,38.82475],[141.55028,38.825],[141.55069,38.82588],[141.55041,38.82675],[141.54881,38.82651],[141.54757,38.82566],[141.54523,38.82586],[141.54294,38.82533],[141.54277,38.8247],[141.54165,38.82481],[141.53977,38.82447],[141.53927,38.82348],[141.53947,38.82278],[141.5404,38.82198],[141.54059,38.82173],[141.54068,38.82167],[141.54551,38.82031]]]},"properties":{"林班":"B014","市町村名称":"気仙沼市","旧市町村":null}},
{"type":"Feature","geometry":{"type":"MultiPolygon","coordinates":[[[[141.54957,38.81228],[141.55115,38.81362],[141.5511,38.81407],[141.55092,38.81426],[141.55064,38.81425],[141.55023,38.8144],[141.54864,38.81429],[141.5486,38.81391],[141.54983,38.8132],[141.54957,38.81228]]],[[[141.55062,38.81428],[141.55093,38.81428],[141.5511,38.81413],[141.55124,38.81328],[141.55265,38.81315],[141.55316,38.81436],[141.551,38.81499],[141.55011,38.81488],[141.55062,38.81428]]],[[[141.55385,38.81302],[141.55632,38.81372],[141.55572,38.81405],[141.55385,38.81302]]]]},"properties":{"林班":"B017","市町村名称":"気仙沼市","旧市町村":null}},
{"type":"Feature","geometry":{"type":"MultiPolygon","coordinates":[[[[141.54836,38.81472],[141.55104,38.81519],[141.55181,38.81551],[141.55118,38.81678],[141.55012,38.81748],[141.5479,38.81823],[141.54576,38.81782],[141.54566,38.81713],[141.54686,38.8164],[141.54704,38.81545],[141.54795,38.81497],[141.54826,38.81454],[141.54836,38.81472]]],[[[141.5505,38.81906],[141.55042,38.81779],[141.55159,38.81696],[141.55174,38.81602],[141.55263,38.81536],[141.55376,38.81574],[141.5532,38.81631],[141.55388,38.81745],[141.55311,38.8181],[141.5505,38.81906]]],[[[141.55494,38.81589],[141.55532,38.81613],[141.55499,38.81742],[141.55413,38.81754],[141.5542,38.81614],[141.55494,38.81589]]]]},"properties":{"林班":"B016","市町村名称":"気仙沼市","旧市町村":null}},
{"type":"Feature","geometry":{"type":"MultiPolygon","coordinates":[[[[141.54245,38.79847],[141.54231,38.79941],[141.54266,38.80085],[141.54174,38.80091],[141.54163,38.79894],[141.54245,38.79847]]],[[[141.54315,38.79902],[141.54393,38.79889],[141.54479,38.79953],[141.5441,38.80007],[141.54315,38.79902]]],[[[141.54512,38.80093],[141.54521,38.80179],[141.54452,38.80257],[141.54385,38.80176],[141.54512,38.80093]]],[[[141.55499,38.80182],[141.55575,38.80249],[141.55662,38.80252],[141.55701,38.80303],[141.55639,38.80346],[141.55614,38.80272],[141.55532,38.80235],[141.55499,38.80182]]]]},"properties":{"林班":"B019","市町村名称":"気仙沼市","旧市町村":null}},
{"type":"Feature","geometry":{"type":"MultiPolygon","coordinates":[[[[141.53843,38.82095],[141.53884,38.81949],[141.54022,38.81898],[141.54082,38.81761],[141.54064,38.81708],[141.54245,38.8162],[141.54198,38.8167],[141.54176,38.81732],[141.54181,38.81758],[141.54063,38.81897],[141.54061,38.81975],[141.53937,38.82107],[141.53878,38.82125],[141.53819,38.82366],[141.53696,38.82311],[141.53839,38.82112],[141.53843,38.82095]]],[[[141.54195,38.81696],[141.54277,38.81588],[141.54335,38.81642],[141.54445,38.81663],[141.54277,38.81804],[141.54181,38.81733],[141.54195,38.81696]]],[[[141.54068,38.82167],[141.54058,38.82088],[141.54185,38.81865],[141.54269,38.81851],[141.54342,38.81904],[141.54423,38.81872],[141.54551,38.82031],[141.54068,38.82167]]],[[[141.54646,38.81445],[141.54799,38.81421],[141.54779,38.81499],[141.5471,38.81525],[141.54678,38.81595],[141.54676,38.81643],[141.54552,38.81713],[141.54515,38.81674],[141.54646,38.81445]]]]},"properties":{"林班":"B018","市町村名称":"気仙沼市","旧市町村":null}},
{"type":"Feature","geometry":{"type":"MultiPolygon","coordinates":[[[[141.55929,38.82382],[141.56034,38.82321],[141.56097,38.82452],[141.56036,38.82506],[141.55907,38.82459],[141.55929,38.82382]]],[[[141.55869,38.82378],[141.55864,38.82466],[141.55665,38.82581],[141.55806,38.82587],[141.55763,38.82724],[141.55641,38.82703],[141.55581,38.82716],[141.55529,38.82701],[141.55462,38.82587],[141.55531,38.82499],[141.55581,38.82493],[141.55619,38.82471],[141.55635,38.82431],[141.55677,38.82415],[141.5571,38.82365],[141.55869,38.82378]]],[[[141.55874,38.82591],[141.56028,38.82536],[141.56167,38.82597],[141.56096,38.8266],[141.55855,38.82666],[141.55874,38.82591]]],[[[141.56285,38.82263],[141.56461,38.8216],[141.56479,38.82267],[141.56285,38.82263]]],[[[141.56486,38.82713],[141.5656,38.82745],[141.56482,38.82831],[141.56386,38.82772],[141.56486,38.82713]]]]},"properties":{"林班":"B011","市町村名称":"気仙沼市","旧市町村":null}},
{"type":"Feature","geometry":{"type":"MultiPolygon","coordinates":[[[[141.56771,38.8324],[141.57015,38.83288],[141.56905,38.83399],[141.56783,38.83342],[141.56771,38.8324]]],[[[141.56683,38.83353],[141.56783,38.83343],[141.56846,38.83389],[141.56651,38.83511],[141.56646,38.8339],[141.56683,38.83353]]]]},"properties":{"林班":"B010","市町村名称":"気仙沼市","旧市町村":null}},
{"type":"Feature","geometry":{"type":"MultiPolygon","coordinates":[[[[141.50097,38.68997],[141.50235,38.69078],[141.50262,38.69142],[141.5014,38.69156],[141.50097,38.68997]]],[[[141.5011,38.69329],[141.5018,38.69342],[141.50196,38.69441],[141.50073,38.69413],[141.5011,38.69329]]],[[[141.50128,38.69516],[141.50187,38.69565],[141.50242,38.69727],[141.50115,38.69862],[141.50059,38.69761],[141.50128,38.69516]]],[[[141.50267,38.69226],[141.50251,38.69326],[141.50134,38.69262],[141.50267,38.69226]]],[[[141.5016,38.69903],[141.5021,38.69842],[141.50321,38.6993],[141.50186,38.69945],[141.5016,38.69903]]],[[[141.50262,38.7],[141.50346,38.69972],[141.50574,38.70026],[141.50589,38.70125],[141.50399,38.70116],[141.50386,38.70108],[141.50328,38.70102],[141.50233,38.70082],[141.50262,38.7]]],[[[141.50578,38.7039],[141.50514,38.70345],[141.50497,38.70364],[141.50294,38.70354],[141.5024,38.70301],[141.50183,38.70161],[141.50232,38.70083],[141.50327,38.70103],[141.50385,38.7011],[141.50482,38.70171],[141.50578,38.7039]]],[[[141.50457,38.70597],[141.50349,38.70582],[141.50356,38.70481],[141.50349,38.70435],[141.50396,38.70433],[141.50394,38.70437],[141.50474,38.70459],[141.50486,38.70468],[141.50449,38.70491],[141.50457,38.70597]]],[[[141.50396,38.70433],[141.50381,38.70388],[141.50518,38.70365],[141.50552,38.70424],[141.50549,38.70426],[141.50543,38.70431],[141.50537,38.70438],[141.50486,38.70468],[141.50474,38.70459],[141.50394,38.70437],[141.50396,38.70433]]],[[[141.50579,38.70373],[141.50521,38.70163],[141.50594,38.70164],[141.50647,38.69966],[141.50707,38.70056],[141.50651,38.70232],[141.50678,38.70291],[141.50675,38.70293],[141.50634,38.70336],[141.50615,38.70329],[141.50625,38.70347],[141.50578,38.7039],[141.50579,38.70373]]]]},"properties":{"林班":"A097","市町村名称":"南三陸町","旧市町村":null}},
{"type":"Feature","geometry":{"type":"MultiPolygon","coordinates":[[[[141.49407,38.69725],[141.49439,38.69706],[141.49729,38.69722],[141.497,38.69526],[141.49844,38.69602],[141.4995,38.69722],[141.49916,38.69765],[141.4978,38.69788],[141.49674,38.69762],[141.4942,38.69786],[141.49407,38.69725]]],[[[141.49308,38.69759],[141.49298,38.69851],[141.49097,38.7001],[141.49112,38.69967],[141.49121,38.6989],[141.4915,38.69853],[141.49144,38.69788],[141.49184,38.69793],[141.49308,38.69759]]],[[[141.49364,38.69921],[141.49308,38.69889],[141.49328,38.69802],[141.496,38.69843],[141.49642,38.69924],[141.49462,38.69989],[141.49364,38.69921]]],[[[141.49156,38.70096],[141.49249,38.69985],[141.49305,38.70161],[141.49156,38.70096]]],[[[141.49711,38.70025],[141.49698,38.69866],[141.49798,38.69832],[141.49913,38.6984],[141.49869,38.69935],[141.50025,38.69963],[141.50127,38.70093],[141.50091,38.70293],[141.50031,38.70352],[141.49899,38.70366],[141.4981,38.70265],[141.49834,38.70193],[141.49711,38.70025]]],[[[141.49672,38.70473],[141.49908,38.70446],[141.49884,38.70588],[141.49706,38.70522],[141.49672,38.70473]]],[[[141.49743,38.70847],[141.49714,38.70702],[141.49659,38.70696],[141.49636,38.70554],[141.49781,38.70579],[141.49995,38.7066],[141.50049,38.70699],[141.5,38.70831],[141.49999,38.70831],[141.49983,38.70836],[141.49941,38.70865],[141.49779,38.70889],[141.49754,38.70881],[141.49743,38.70847]]],[[[141.50081,38.70583],[141.49945,38.70574],[141.49922,38.70444],[141.50125,38.704],[141.50246,38.70327],[141.50293,38.70383],[141.50306,38.7042],[141.50285,38.70448],[141.50351,38.70494],[141.50286,38.70571],[141.50326,38.70678],[141.50267,38.70663],[141.50237,38.70656],[141.50189,38.70641],[141.50169,38.70641],[141.50163,38.70641],[141.50081,38.70583],[141.50076,38.70571],[141.50058,38.70545],[141.50049,38.70533],[141.50049,38.7049],[141.50049,38.70533],[141.50058,38.70545],[141.50076,38.70571],[141.50081,38.70583]]]]},"properties":{"林班":"A096","市町村名称":"南三陸町","旧市町村":null}},
{"type":"Feature","geometry":{"type":"MultiPolygon","coordinates":[[[[141.48048,38.69933],[141.48254,38.69813],[141.48485,38.69776],[141.48466,38.69884],[141.48557,38.69914],[141.48638,38.69871],[141.48823,38.69876],[141.48737,38.70034],[141.48566,38.70049],[141.48539,38.70107],[141.483,38.70265],[141.48445,38.7024],[141.48469,38.70183],[141.48543,38.70178],[141.48522,38.70245],[141.48502,38.70277],[141.4839,38.70352],[141.48479,38.70374],[141.4846,38.70497],[141.48333,38.70577],[141.48168,38.70607],[141.48113,38.70527],[141.48113,38.70526],[141.48071,38.70472],[141.4813,38.70323],[141.48129,38.70203],[141.47964,38.70148],[141.47915,38.70051],[141.4794,38.69991],[141.48048,38.69933]]],[[[141.4904,38.69397],[141.49069,38.69515],[141.49036,38.69569],[141.49081,38.69727],[141.48942,38.6977],[141.48834,38.69867],[141.48686,38.69851],[141.48531,38.69905],[141.48484,38.69835],[141.48557,38.69762],[141.48626,38.69773],[141.48662,38.69756],[141.48688,38.69745],[141.48806,38.69719],[141.4878,38.6961],[141.48925,38.69508],[141.48863,38.69477],[141.48889,38.69422],[141.48916,38.69396],[141.48961,38.69373],[141.4904,38.69397]]],[[[141.48539,38.70192],[141.48693,38.70194],[141.48787,38.70242],[141.48673,38.70298],[141.48638,38.70399],[141.48511,38.70435],[141.48476,38.70303],[141.48499,38.70285],[141.48525,38.70245],[141.48539,38.70192]]],[[[141.48555,38.7043],[141.48641,38.70401],[141.48691,38.70308],[141.4882,38.70237],[141.48849,38.70367],[141.48828,38.70435],[141.4869,38.70514],[141.48496,38.70503],[141.48555,38.7043]]],[[[141.48934,38.70095],[141.48821,38.70046],[141.48827,38.69876],[141.48934,38.6979],[141.49129,38.69765],[141.49142,38.6985],[141.49126,38.69871],[141.49107,38.69918],[141.49081,38.70015],[141.48996,38.70087],[141.48934,38.70095]]]]},"properties":{"林班":"A099","市町村名称":"南三陸町","旧市町村":null}},
{"type":"Feature","geometry":{"type":"MultiPolygon","coordinates":[[[[141.49248,38.69218],[141.49326,38.69347],[141.49198,38.69397],[141.49324,38.69473],[141.49286,38.69526],[141.49166,38.69532],[141.49152,38.69473],[141.4918,38.69293],[141.49248,38.69218]]],[[[141.49338,38.69377],[141.49477,38.69286],[141.49506,38.69426],[141.49396,38.69473],[141.49338,38.69377]]],[[[141.4953,38.69071],[141.49633,38.6913],[141.49578,38.69218],[141.49506,38.69197],[141.4953,38.69071]]],[[[141.49563,38.69019],[141.496,38.68985],[141.49636,38.69027],[141.49722,38.69052],[141.49743,38.69182],[141.49714,38.69168],[141.49724,38.69113],[141.49685,38.69041],[141.49627,38.69045],[141.49563,38.69019]]]]},"properties":{"林班":"A098","市町村名称":"南三陸町","旧市町村":null}},
{"type":"Feature","geometry":{"type":"MultiPolygon","coordinates":[[[[141.48255,38.70614],[141.48455,38.70556],[141.48508,38.70519],[141.48648,38.70527],[141.48605,38.70608],[141.48488,38.70708],[141.48325,38.70667],[141.48255,38.70614]]],[[[141.48316,38.70869],[141.48395,38.70845],[141.48564,38.70648],[141.48653,38.70702],[141.48679,38.70829],[141.48619,38.70895],[141.48681,38.70829],[141.48668,38.7063],[141.48696,38.70546],[141.48926,38.70396],[141.48925,38.70286],[141.49003,38.70193],[141.49156,38.70096],[141.49305,38.70161],[141.49249,38.69985],[141.49364,38.69921],[141.49462,38.69989],[141.49642,38.69924],[141.49711,38.70025],[141.49834,38.70193],[141.4981,38.70265],[141.49774,38.70286],[141.49768,38.70289],[141.49706,38.70337],[141.49592,38.70373],[141.495,38.70404],[141.49327,38.70398],[141.48997,38.70527],[141.48952,38.70666],[141.48852,38.70859],[141.4872,38.70872],[141.48737,38.7098],[141.48657,38.71001],[141.48512,38.71117],[141.48433,38.71138],[141.48348,38.71216],[141.4825,38.71145],[141.48137,38.71011],[141.48277,38.70951],[141.48316,38.70869]]]]},"properties":{"林班":"A093","市町村名称":"南三陸町","旧市町村":null}},
{"type":"Feature","geometry":{"type":"MultiPolygon","coordinates":[[[[141.48113,38.70526],[141.48036,38.70554],[141.47938,38.70683],[141.47964,38.70786],[141.4785,38.70799],[141.47742,38.7068],[141.477,38.70523],[141.47777,38.70386],[141.47761,38.70124],[141.47915,38.70051],[141.47964,38.70148],[141.48129,38.70203],[141.4813,38.70323],[141.48071,38.70472],[141.48113,38.70526]]],[[[141.47955,38.71559],[141.47878,38.715],[141.47579,38.71431],[141.47474,38.71369],[141.47517,38.71269],[141.47645,38.71172],[141.47651,38.71087],[141.47733,38.70954],[141.47697,38.70854],[141.47773,38.70776],[141.47849,38.708],[141.47924,38.70805],[141.47988,38.70787],[141.48058,38.70846],[141.4812,38.70999],[141.48179,38.7107],[141.48172,38.71153],[141.48035,38.71318],[141.48007,38.71535],[141.47955,38.71559]]],[[[141.48113,38.70527],[141.48168,38.70607],[141.48255,38.70614],[141.48325,38.70667],[141.48488,38.70708],[141.48316,38.70869],[141.48277,38.70951],[141.48137,38.71011],[141.4806,38.70845],[141.47972,38.7077],[141.4794,38.70682],[141.48037,38.70555],[141.48113,38.70527]]]]},"properties":{"林班":"A092","市町村名称":"南三陸町","旧市町村":null}},
{"type":"Feature","geometry":{"type":"Polygon","coordinates":[[[141.48333,38.71353],[141.48482,38.7124],[141.48568,38.71244],[141.48532,38.71338],[141.48522,38.71476],[141.48477,38.71547],[141.48463,38.71581],[141.48434,38.71587],[141.48414,38.71611],[141.48398,38.71727],[141.4826,38.71693],[141.48265,38.71699],[141.4827,38.71709],[141.48273,38.71718],[141.48295,38.71746],[141.48325,38.71771],[141.48295,38.71746],[141.48273,38.71718],[141.4827,38.71709],[141.48265,38.71699],[141.4826,38.71693],[141.48308,38.71725],[141.4841,38.71734],[141.48417,38.71629],[141.48432,38.71599],[141.4847,38.71583],[141.48472,38.71563],[141.48511,38.71519],[141.48535,38.71461],[141.48542,38.71333],[141.48618,38.7125],[141.48632,38.71284],[141.48618,38.7125],[141.48944,38.71127],[141.48966,38.71216],[141.48886,38.71301],[141.48798,38.71337],[141.48801,38.7135],[141.48971,38.7131],[141.49006,38.71272],[141.48981,38.71143],[141.49272,38.71076],[141.49326,38.71004],[141.4936,38.70847],[141.49411,38.70778],[141.49376,38.70612],[141.4942,38.70523],[141.49548,38.70504],[141.49616,38.70554],[141.49662,38.70713],[141.4969,38.7084],[141.49754,38.70881],[141.49779,38.70889],[141.49765,38.70949],[141.49746,38.71018],[141.49747,38.71036],[141.49728,38.7106],[141.49697,38.71094],[141.49728,38.71174],[141.49736,38.71242],[141.49684,38.71279],[141.49702,38.71257],[141.49711,38.71244],[141.49713,38.71241],[141.49717,38.71235],[141.49729,38.71213],[141.49715,38.71174],[141.49706,38.71168],[141.49703,38.71165],[141.49701,38.71151],[141.49687,38.7112],[141.49686,38.71118],[141.49687,38.7112],[141.49701,38.71151],[141.49703,38.71165],[141.49706,38.71168],[141.49715,38.71174],[141.49729,38.71213],[141.49725,38.71221],[141.49715,38.71221],[141.49725,38.71221],[141.49713,38.71241],[141.49711,38.71244],[141.49702,38.71257],[141.49684,38.71279],[141.49658,38.71283],[141.49562,38.71345],[141.49475,38.71393],[141.49472,38.71394],[141.4944,38.71412],[141.49418,38.71425],[141.49379,38.71452],[141.49377,38.71454],[141.49288,38.71469],[141.49279,38.71471],[141.49269,38.71471],[141.49226,38.71494],[141.49222,38.71499],[141.49223,38.71507],[141.49136,38.7155],[141.49103,38.71555],[141.49082,38.71565],[141.49061,38.71577],[141.49035,38.71597],[141.49016,38.71623],[141.48832,38.71684],[141.48823,38.71695],[141.48813,38.71708],[141.48782,38.71725],[141.48771,38.71733],[141.48765,38.71738],[141.4873,38.71765],[141.48686,38.71801],[141.48491,38.71748],[141.48458,38.71754],[141.48449,38.71756],[141.48415,38.7177],[141.48414,38.7177],[141.48341,38.71785],[141.48331,38.71791],[141.48318,38.71798],[141.48317,38.71799],[141.48315,38.71818],[141.48314,38.71825],[141.48285,38.71848],[141.48274,38.7187],[141.48247,38.71901],[141.48246,38.71902],[141.48234,38.7193],[141.48224,38.71955],[141.48194,38.72023],[141.48193,38.7206],[141.48194,38.72065],[141.4811,38.72116],[141.48082,38.72118],[141.48121,38.72074],[141.4816,38.72078],[141.48129,38.72042],[141.48091,38.7202],[141.48089,38.71998],[141.48096,38.71984],[141.481,38.71978],[141.4812,38.71967],[141.48149,38.71955],[141.48198,38.71929],[141.48216,38.71894],[141.48076,38.71975],[141.47966,38.7191],[141.48012,38.71831],[141.48018,38.71692],[141.48146,38.71615],[141.48304,38.71626],[141.48297,38.71567],[141.484,38.71514],[141.48333,38.71353]]]},"properties":{"林班":"A095","市町村名称":"南三陸町","旧市町村":null}},
{"type":"Feature","geometry":{"type":"MultiPolygon","coordinates":[[[[141.49592,38.70373],[141.49521,38.7049],[141.49421,38.70479],[141.49326,38.70537],[141.49313,38.70657],[141.49355,38.70724],[141.49293,38.70887],[141.49267,38.71027],[141.49079,38.71084],[141.48866,38.7108],[141.4881,38.71145],[141.48674,38.71183],[141.48348,38.71216],[141.48433,38.71138],[141.48512,38.71117],[141.48657,38.71001],[141.48737,38.7098],[141.4872,38.70872],[141.48852,38.70859],[141.48952,38.70666],[141.48997,38.70527],[141.49327,38.70398],[141.495,38.70404],[141.49592,38.70373]]],[[[141.4981,38.70265],[141.49899,38.70366],[141.49778,38.70402],[141.49774,38.70286],[141.4981,38.70265]]]]},"properties":{"林班":"A094","市町村名称":"南三陸町","旧市町村":null}},
{"type":"Feature","geometry":{"type":"MultiPolygon","coordinates":[[[[141.47839,38.71755],[141.47734,38.71712],[141.47569,38.71604],[141.47483,38.7152],[141.47505,38.71442],[141.47661,38.71494],[141.47807,38.71596],[141.48041,38.71558],[141.48242,38.71374],[141.48333,38.71353],[141.484,38.71514],[141.48297,38.71567],[141.48304,38.71626],[141.48146,38.71615],[141.48017,38.71692],[141.48012,38.71831],[141.47966,38.7191],[141.48076,38.71975],[141.48216,38.71894],[141.48143,38.71941],[141.48128,38.71951],[141.48107,38.71974],[141.481,38.71978],[141.48096,38.71984],[141.48075,38.72022],[141.48129,38.72042],[141.4816,38.72078],[141.48121,38.72074],[141.4807,38.72119],[141.48069,38.72119],[141.47987,38.72121],[141.47944,38.72171],[141.47873,38.72193],[141.47849,38.72196],[141.47807,38.72185],[141.47783,38.72201],[141.47732,38.72251],[141.4773,38.7227],[141.47669,38.72329],[141.47601,38.72364],[141.47565,38.72379],[141.475,38.72363],[141.47457,38.72329],[141.4742,38.72326],[141.47412,38.72329],[141.47307,38.72354],[141.47304,38.72343],[141.47293,38.72327],[141.47281,38.72236],[141.47378,38.72257],[141.47359,38.72203],[141.47454,38.72244],[141.47488,38.72274],[141.4758,38.72269],[141.47621,38.72228],[141.4749,38.72101],[141.47333,38.71804],[141.47318,38.71735],[141.47404,38.71529],[141.47456,38.71529],[141.47634,38.71698],[141.47839,38.71755]]],[[[141.47955,38.71559],[141.48007,38.71535],[141.48035,38.71318],[141.48172,38.71153],[141.48179,38.7107],[141.48216,38.71158],[141.48111,38.71455],[141.4804,38.71557],[141.47955,38.71559]]],[[[141.48127,38.71434],[141.48181,38.71292],[141.48293,38.71218],[141.48356,38.71228],[141.48358,38.71241],[141.48293,38.71313],[141.48194,38.71354],[141.48127,38.71434]]]]},"properties":{"林班":"A091","市町村名称":"南三陸町","旧市町村":null}},
{"type":"Feature","geometry":{"type":"MultiPolygon","coordinates":[[[[141.46888,38.70542],[141.46988,38.70404],[141.47027,38.70302],[141.47196,38.70158],[141.47264,38.70161],[141.47445,38.70058],[141.47484,38.70093],[141.47395,38.70232],[141.47267,38.70265],[141.4724,38.70254],[141.47156,38.70302],[141.46888,38.70542]]],[[[141.46874,38.70594],[141.47014,38.7051],[141.47098,38.70562],[141.47165,38.70438],[141.47124,38.7035],[141.47239,38.70277],[141.47359,38.70287],[141.4741,38.70233],[141.47582,38.70171],[141.4764,38.70346],[141.47584,38.70423],[141.47634,38.70596],[141.47597,38.70733],[141.47692,38.70756],[141.47638,38.70842],[141.4767,38.70957],[141.4759,38.71085],[141.47588,38.71146],[141.47392,38.71394],[141.47332,38.71509],[141.47192,38.71552],[141.46976,38.71578],[141.46775,38.7166],[141.46659,38.71625],[141.46654,38.71537],[141.46379,38.71565],[141.46413,38.71424],[141.46585,38.71282],[141.46627,38.71247],[141.46809,38.71136],[141.46908,38.71043],[141.46928,38.70792],[141.46874,38.70594]]],[[[141.47669,38.69985],[141.47819,38.6997],[141.4769,38.70091],[141.4752,38.70135],[141.47523,38.70037],[141.47669,38.69985]]],[[[141.47903,38.69653],[141.47963,38.69781],[141.47961,38.69895],[141.47869,38.69949],[141.47765,38.69899],[141.4776,38.69724],[141.47903,38.69653]]]]},"properties":{"林班":"A090","市町村名称":"南三陸町","旧市町村":null}},
{"type":"Feature","geometry":{"type":"MultiPolygon","coordinates":[[[[141.46775,38.7166],[141.46976,38.71578],[141.47192,38.71552],[141.47332,38.71509],[141.4732,38.7161],[141.47224,38.71722],[141.47113,38.71748],[141.46864,38.71723],[141.46775,38.7166]]],[[[141.46623,38.71877],[141.46655,38.71827],[141.46862,38.71764],[141.46956,38.7176],[141.47108,38.7182],[141.4708,38.71963],[141.46985,38.7202],[141.46846,38.72151],[141.46695,38.72143],[141.46705,38.72038],[141.46623,38.71877]]],[[[141.47,38.72077],[141.47129,38.71963],[141.47159,38.72022],[141.47091,38.7211],[141.47065,38.721],[141.47,38.72077]]],[[[141.47137,38.72118],[141.47189,38.72087],[141.47179,38.71994],[141.47341,38.72003],[141.4735,38.7194],[141.47287,38.71854],[141.47291,38.71777],[141.47326,38.71801],[141.47333,38.71804],[141.4749,38.72101],[141.47621,38.72228],[141.4758,38.72269],[141.47488,38.72274],[141.47454,38.72244],[141.47359,38.72203],[141.47378,38.72257],[141.47281,38.72236],[141.47293,38.72327],[141.47286,38.72331],[141.47281,38.72331],[141.4726,38.72328],[141.47257,38.723],[141.47253,38.72296],[141.47226,38.72259],[141.4724,38.72253],[141.47242,38.72252],[141.47137,38.72118]]]]},"properties":{"林班":"A089","市町村名称":"南三陸町","旧市町村":null}},
{"type":"Feature","geometry":{"type":"Polygon","coordinates":[[[141.46266,38.71116],[141.4636,38.70933],[141.46423,38.70885],[141.46435,38.70756],[141.46515,38.70569],[141.46516,38.70461],[141.4665,38.70522],[141.46722,38.70418],[141.46655,38.70328],[141.468,38.70218],[141.46983,38.69961],[141.47061,38.69778],[141.47117,38.69778],[141.4728,38.6988],[141.47359,38.69803],[141.47216,38.69791],[141.47113,38.69741],[141.47379,38.69719],[141.47496,38.69683],[141.47561,38.69795],[141.47417,38.69875],[141.47561,38.69897],[141.47669,38.69985],[141.47523,38.70037],[141.47445,38.70058],[141.47264,38.70161],[141.47196,38.70158],[141.47027,38.70302],[141.46988,38.70404],[141.46888,38.70542],[141.46773,38.70679],[141.46809,38.70838],[141.46802,38.70913],[141.4671,38.70955],[141.46589,38.70965],[141.46483,38.70993],[141.4644,38.71139],[141.46266,38.71116]]]},"properties":{"林班":"A086","市町村名称":"南三陸町","旧市町村":null}},
{"type":"Feature","geometry":{"type":"MultiPolygon","coordinates":[[[[141.45692,38.71285],[141.4598,38.71198],[141.46064,38.71202],[141.46276,38.7093],[141.46379,38.70707],[141.4637,38.70468],[141.46441,38.70447],[141.46448,38.7058],[141.46372,38.70812],[141.46358,38.70917],[141.46265,38.71048],[141.46266,38.71116],[141.4644,38.71139],[141.46483,38.70993],[141.46589,38.70965],[141.46585,38.71282],[141.46413,38.71424],[141.46379,38.71565],[141.46208,38.71804],[141.46168,38.71918],[141.45989,38.72019],[141.45942,38.72096],[141.45819,38.72178],[141.45691,38.7198],[141.45575,38.71921],[141.45481,38.71941],[141.45508,38.7184],[141.45502,38.71758],[141.4552,38.71728],[141.45457,38.71704],[141.45481,38.71649],[141.45476,38.71613],[141.45506,38.71581],[141.45562,38.7158],[141.45552,38.71552],[141.45592,38.7153],[141.45553,38.71493],[141.45602,38.71459],[141.45628,38.71412],[141.45634,38.71329],[141.45692,38.71285]]],[[[141.46809,38.70838],[141.46852,38.70738],[141.46826,38.70662],[141.46874,38.70594],[141.46928,38.70792],[141.46908,38.71043],[141.46809,38.71136],[141.46627,38.71247],[141.46622,38.71189],[141.46732,38.71089],[141.46809,38.71087],[141.46806,38.70973],[141.4671,38.70955],[141.46802,38.70913],[141.46809,38.70838]]]]},"properties":{"林班":"A085","市町村名称":"南三陸町","旧市町村":null}},
{"type":"Feature","geometry":{"type":"MultiPolygon","coordinates":[[[[141.45819,38.72178],[141.45942,38.72096],[141.45989,38.72019],[141.46168,38.71918],[141.46208,38.71804],[141.46379,38.71565],[141.46654,38.71537],[141.46659,38.71625],[141.46775,38.7166],[141.46864,38.71723],[141.46652,38.71826],[141.46317,38.72043],[141.4657,38.71886],[141.46623,38.71877],[141.46705,38.72038],[141.46695,38.72143],[141.46638,38.72208],[141.46662,38.72208],[141.46726,38.72243],[141.46788,38.72352],[141.46695,38.72376],[141.46641,38.72327],[141.46508,38.72292],[141.46365,38.72371],[141.46533,38.72546],[141.46587,38.72517],[141.46692,38.72603],[141.46674,38.72615],[141.46591,38.72678],[141.46512,38.72699],[141.46484,38.72702],[141.46479,38.72703],[141.46462,38.72709],[141.4639,38.72744],[141.46282,38.72693],[141.46228,38.72711],[141.46208,38.72712],[141.46174,38.72714],[141.46157,38.72711],[141.46132,38.72701],[141.46109,38.72692],[141.46004,38.72636],[141.45973,38.72629],[141.45969,38.72623],[141.45925,38.72572],[141.45888,38.72476],[141.45801,38.72429],[141.45771,38.72373],[141.45833,38.72323],[141.4576,38.72252],[141.45819,38.72178]],[[141.46317,38.72043],[141.46221,38.72084],[141.46291,38.72198],[141.46359,38.72149],[141.46317,38.72043]]],[[[141.46805,38.72557],[141.46758,38.72428],[141.46821,38.7232],[141.46805,38.7226],[141.46875,38.72172],[141.47,38.72077],[141.47065,38.721],[141.47091,38.7211],[141.47137,38.72118],[141.47242,38.72252],[141.4724,38.72253],[141.47226,38.72259],[141.47253,38.72296],[141.47257,38.723],[141.4726,38.72328],[141.47281,38.72331],[141.47286,38.72331],[141.47293,38.72327],[141.47304,38.72343],[141.47228,38.7235],[141.47223,38.72351],[141.472,38.72367],[141.4718,38.72376],[141.4706,38.72478],[141.47049,38.7249],[141.47025,38.7252],[141.47015,38.72521],[141.46979,38.72526],[141.46978,38.72526],[141.46973,38.72527],[141.46886,38.72559],[141.4685,38.72558],[141.46805,38.7256],[141.46805,38.72557]]]]},"properties":{"林班":"A088","市町村名称":"南三陸町","旧市町村":null}},
{"type":"Feature","geometry":{"type":"MultiPolygon","coordinates":[[[[141.45453,38.71689],[141.45453,38.71718],[141.45487,38.71739],[141.45499,38.71851],[141.45472,38.71953],[141.45636,38.71962],[141.45659,38.72052],[141.45775,38.7211],[141.4575,38.7228],[141.4581,38.72326],[141.45708,38.72399],[141.45558,38.7232],[141.45478,38.72431],[141.45474,38.7243],[141.45352,38.72392],[141.45339,38.72388],[141.45297,38.72353],[141.45247,38.72316],[141.45229,38.72308],[141.45196,38.72298],[141.45191,38.72295],[141.45102,38.7222],[141.45087,38.72196],[141.45078,38.72183],[141.45063,38.72157],[141.45075,38.7214],[141.45116,38.72106],[141.45128,38.72099],[141.45202,38.72091],[141.45229,38.72106],[141.45308,38.72107],[141.45384,38.72013],[141.4544,38.7177],[141.45428,38.71701],[141.45453,38.71689]]],[[[141.45102,38.7222],[141.45045,38.72217],[141.45063,38.72157],[141.45078,38.72183],[141.45087,38.72196],[141.45102,38.7222]]],[[[141.44889,38.7227],[141.45028,38.72219],[141.45158,38.72301],[141.45073,38.72342],[141.45035,38.72363],[141.44942,38.72371],[141.44891,38.72346],[141.44835,38.72332],[141.44818,38.72349],[141.44791,38.7235],[141.44889,38.7227]]],[[[141.45562,38.72382],[141.45732,38.72412],[141.4575,38.72425],[141.45732,38.72412],[141.45771,38.72373],[141.45801,38.72429],[141.45898,38.72505],[141.45925,38.72572],[141.45969,38.72623],[141.45846,38.72576],[141.45808,38.7256],[141.45758,38.7254],[141.45685,38.72512],[141.45616,38.72486],[141.45596,38.72473],[141.45555,38.72458],[141.45536,38.72453],[141.45502,38.72439],[141.45562,38.72382]]]]},"properties":{"林班":"A087","市町村名称":"南三陸町","旧市町村":null}},
{"type":"Feature","geometry":{"type":"MultiPolygon","coordinates":[[[[141.45661,38.7027],[141.45974,38.70178],[141.46062,38.70114],[141.46187,38.70135],[141.46406,38.7001],[141.46382,38.69904],[141.46609,38.69802],[141.46616,38.69624],[141.46743,38.69638],[141.46799,38.69679],[141.46744,38.69698],[141.4669,38.69898],[141.46705,38.69966],[141.46636,38.70016],[141.46582,38.70149],[141.46363,38.70223],[141.46298,38.70264],[141.46282,38.70357],[141.46169,38.70345],[141.4611,38.70411],[141.4601,38.70369],[141.45895,38.7041],[141.45735,38.70356],[141.45566,38.70395],[141.45564,38.70393],[141.45596,38.70249],[141.45599,38.70249],[141.45661,38.7027]]],[[[141.47005,38.69639],[141.46853,38.69639],[141.46694,38.69541],[141.46774,38.69407],[141.46794,38.69279],[141.46928,38.69319],[141.47036,38.69319],[141.47192,38.69229],[141.47185,38.69464],[141.47002,38.69574],[141.47005,38.69639]]]]},"properties":{"林班":"A082","市町村名称":"南三陸町","旧市町村":null}},
{"type":"Feature","geometry":{"type":"MultiPolygon","coordinates":[[[[141.45781,38.69806],[141.45863,38.69798],[141.45985,38.6973],[141.46137,38.69602],[141.46321,38.69618],[141.46287,38.69721],[141.46436,38.69797],[141.4635,38.69888],[141.46226,38.69905],[141.46153,38.69981],[141.4584,38.70072],[141.45722,38.70155],[141.45674,38.70145],[141.45602,38.7002],[141.45626,38.69938],[141.45781,38.69806]]],[[[141.45599,38.70249],[141.45715,38.70187],[141.45841,38.70073],[141.46312,38.69942],[141.46253,38.70057],[141.46081,38.70099],[141.45986,38.70155],[141.45661,38.7027],[141.45599,38.70249]]],[[[141.46371,38.69227],[141.46463,38.69282],[141.46415,38.69348],[141.46317,38.69275],[141.46371,38.69227]]],[[[141.46461,38.69326],[141.46532,38.694],[141.46614,38.69306],[141.46729,38.69354],[141.4662,38.69485],[141.4654,38.69469],[141.46443,38.6939],[141.46461,38.69326]]],[[[141.46464,38.69467],[141.46573,38.69565],[141.4649,38.6977],[141.46335,38.69677],[141.46384,38.69591],[141.46389,38.69492],[141.46464,38.69467]]],[[[141.46699,38.69152],[141.46859,38.69171],[141.46725,38.69297],[141.46585,38.69284],[141.46692,38.69201],[141.46699,38.69152]]]]},"properties":{"林班":"A081","市町村名称":"南三陸町","旧市町村":null}},
{"type":"Feature","geometry":{"type":"Polygon","coordinates":[[[141.45692,38.71285],[141.45601,38.71123],[141.45589,38.71031],[141.45667,38.70975],[141.45686,38.70898],[141.45647,38.70755],[141.45718,38.70677],[141.4565,38.70643],[141.4569,38.70586],[141.4587,38.70603],[141.45932,38.70573],[141.4615,38.70489],[141.46338,38.70481],[141.46379,38.70707],[141.46276,38.7093],[141.46064,38.71202],[141.4598,38.71198],[141.45692,38.71285]]]},"properties":{"林班":"A084","市町村名称":"南三陸町","旧市町村":null}},
{"type":"Feature","geometry":{"type":"MultiPolygon","coordinates":[[[[141.45566,38.70395],[141.45735,38.70356],[141.45895,38.7041],[141.4601,38.70369],[141.4611,38.70411],[141.46169,38.70345],[141.46282,38.70357],[141.46298,38.70264],[141.46363,38.70223],[141.46582,38.70149],[141.46636,38.70016],[141.46705,38.69966],[141.4669,38.69898],[141.46744,38.69698],[141.46799,38.69679],[141.46817,38.6969],[141.46891,38.69751],[141.4684,38.69848],[141.46861,38.69982],[141.4681,38.70121],[141.46562,38.7031],[141.46477,38.7033],[141.46411,38.70426],[141.46053,38.70467],[141.45932,38.70573],[141.4587,38.70603],[141.4569,38.70586],[141.4565,38.70643],[141.45611,38.70543],[141.45548,38.70464],[141.45566,38.70395]]],[[[141.47192,38.69229],[141.47341,38.69267],[141.47377,38.69374],[141.47329,38.69479],[141.47342,38.69587],[141.47393,38.69633],[141.47245,38.69692],[141.47134,38.69669],[141.47009,38.6973],[141.47005,38.69639],[141.47002,38.69574],[141.47185,38.69464],[141.47192,38.69229]]]]},"properties":{"林班":"A083","市町村名称":"南三陸町","旧市町村":null}},
{"type":"Feature","geometry":{"type":"MultiPolygon","coordinates":[[[[141.45564,38.70393],[141.45526,38.70328],[141.45578,38.70212],[141.45492,38.70178],[141.45445,38.70059],[141.45474,38.70034],[141.45397,38.70033],[141.45384,38.7001],[141.45352,38.69982],[141.45318,38.69968],[141.45319,38.69844],[141.45247,38.69703],[141.45285,38.69521],[141.45417,38.69482],[141.45403,38.69367],[141.45435,38.69282],[141.45747,38.6914],[141.45971,38.69096],[141.45952,38.69157],[141.46092,38.69245],[141.46144,38.6924],[141.46316,38.69382],[141.46271,38.69438],[141.46267,38.69569],[141.46139,38.69598],[141.45982,38.69729],[141.45848,38.69797],[141.45809,38.69786],[141.45744,38.69825],[141.45625,38.69936],[141.45599,38.7002],[141.45683,38.70196],[141.45596,38.70249],[141.45564,38.70393]]],[[[141.46327,38.69193],[141.46077,38.69129],[141.46008,38.68968],[141.46175,38.68907],[141.46344,38.68966],[141.4636,38.69021],[141.46278,38.69099],[141.46391,38.69162],[141.46327,38.69193]]]]},"properties":{"林班":"A080","市町村名称":"南三陸町","旧市町村":null}},
{"type":"Feature","geometry":{"type":"MultiPolygon","coordinates":[[[[141.44697,38.70076],[141.44703,38.69929],[141.4485,38.69843],[141.4483,38.69777],[141.44895,38.69671],[141.44992,38.69604],[141.45024,38.69479],[141.4501,38.69336],[141.45244,38.69396],[141.45202,38.69523],[141.45268,38.69571],[141.45197,38.69692],[141.45286,38.69834],[141.4528,38.69953],[141.45311,38.69986],[141.45337,38.7],[141.45373,38.70005],[141.454,38.70039],[141.45427,38.70039],[141.45434,38.7006],[141.45486,38.70181],[141.45553,38.70232],[141.45497,38.7031],[141.45528,38.70441],[141.45591,38.70526],[141.45607,38.70642],[141.45653,38.7069],[141.45621,38.70744],[141.45675,38.70869],[141.45557,38.7095],[141.45581,38.71074],[141.45527,38.71158],[141.45584,38.71278],[141.45603,38.71389],[141.45568,38.71411],[141.45567,38.71472],[141.45539,38.71495],[141.4555,38.7151],[141.45543,38.71557],[141.45497,38.71577],[141.45468,38.71605],[141.45453,38.71689],[141.45428,38.71701],[141.45442,38.71567],[141.45488,38.71535],[141.45472,38.71362],[141.45371,38.71283],[141.45349,38.71213],[141.45128,38.71246],[141.45127,38.7117],[141.45092,38.71058],[141.45105,38.7101],[141.45078,38.71062],[141.45071,38.71136],[141.44977,38.71222],[141.4494,38.71306],[141.4483,38.71343],[141.44683,38.71251],[141.44702,38.71144],[141.44795,38.71024],[141.4483,38.70833],[141.44831,38.70797],[141.44938,38.70595],[141.44832,38.70359],[141.44901,38.703],[141.44697,38.70076]]],[[[141.45031,38.69321],[141.4514,38.69289],[141.45263,38.69261],[141.45358,38.69292],[141.45242,38.69378],[141.45031,38.69321]]]]},"properties":{"林班":"A079","市町村名称":"南三陸町","旧市町村":null}},
{"type":"Feature","geometry":{"type":"Polygon","coordinates":[[[141.4502,38.68967],[141.45025,38.68897],[141.45132,38.68904],[141.45211,38.68863],[141.45277,38.68768],[141.45416,38.68756],[141.45572,38.68678],[141.4574,38.68808],[141.45802,38.68814],[141.45845,38.68951],[141.45817,38.69009],[141.45554,38.69161],[141.45358,38.69292],[141.45263,38.69261],[141.4514,38.69289],[141.45204,38.69195],[141.45145,38.69074],[141.4502,38.68967]]]},"properties":{"林班":"A078","市町村名称":"南三陸町","旧市町村":null}},
{"type":"Feature","geometry":{"type":"MultiPolygon","coordinates":[[[[141.43617,38.69722],[141.43585,38.69678],[141.4363,38.69589],[141.43629,38.69552],[141.43575,38.69443],[141.43626,38.69462],[141.43658,38.69458],[141.43696,38.69436],[141.43713,38.69431],[141.43733,38.69418],[141.43778,38.69369],[141.43828,38.69292],[141.43832,38.69276],[141.43826,38.6925],[141.43806,38.69212],[141.43924,38.69149],[141.43987,38.69133],[141.44001,38.69136],[141.44032,38.6913],[141.4405,38.69122],[141.44094,38.69076],[141.44152,38.69107],[141.44155,38.69138],[141.44243,38.69216],[141.44043,38.69348],[141.43951,38.69378],[141.43837,38.6948],[141.43705,38.697],[141.43606,38.69758],[141.43617,38.69722]]],[[[141.43782,38.69999],[141.43716,38.69982],[141.43678,38.69862],[141.43721,38.69733],[141.43829,38.69834],[141.43841,38.69859],[141.43787,38.69919],[141.43819,38.70001],[141.43782,38.69999]]],[[[141.43989,38.6948],[141.43993,38.6942],[141.44165,38.69291],[141.44276,38.69288],[141.44259,38.69144],[141.44334,38.69086],[141.4448,38.69063],[141.44534,38.69098],[141.44458,38.69185],[141.44514,38.69349],[141.44484,38.69531],[141.44557,38.69617],[141.44532,38.69724],[141.44588,38.69988],[141.44697,38.70076],[141.44901,38.703],[141.44832,38.70359],[141.44938,38.70595],[141.44831,38.70797],[141.4483,38.70833],[141.44795,38.71024],[141.44702,38.71144],[141.44683,38.71251],[141.44606,38.71254],[141.44588,38.7119],[141.44681,38.71018],[141.44707,38.70917],[141.44699,38.70776],[141.44637,38.70718],[141.44654,38.70634],[141.44597,38.70555],[141.44641,38.70456],[141.44592,38.70342],[141.4461,38.70283],[141.44447,38.70179],[141.4449,38.70119],[141.44252,38.69993],[141.44206,38.69875],[141.44036,38.69763],[141.44009,38.69669],[141.43922,38.69652],[141.43894,38.69526],[141.43989,38.6948],[141.43994,38.69505],[141.43989,38.6948]]]]},"properties":{"林班":"A075","市町村名称":"南三陸町","旧市町村":null}},
{"type":"Feature","geometry":{"type":"MultiPolygon","coordinates":[[[[141.43202,38.70264],[141.43395,38.70261],[141.43399,38.70348],[141.43514,38.70488],[141.43611,38.70537],[141.43519,38.70609],[141.43437,38.7052],[141.43384,38.70517],[141.43301,38.70427],[141.43154,38.70362],[141.4315,38.70354],[141.43113,38.70292],[141.43202,38.70264]]],[[[141.43639,38.7068],[141.43751,38.70662],[141.43925,38.70679],[141.43974,38.7072],[141.43961,38.70817],[141.43896,38.70876],[141.43824,38.70814],[141.43693,38.70769],[141.43639,38.7068]]],[[[141.43938,38.70133],[141.44021,38.70064],[141.43817,38.69908],[141.43844,38.69878],[141.43847,38.69827],[141.43765,38.69724],[141.43776,38.69636],[141.44004,38.69692],[141.44048,38.69817],[141.4419,38.69912],[141.44207,38.70003],[141.44447,38.70179],[141.4461,38.70283],[141.44592,38.70342],[141.44641,38.70456],[141.44597,38.70555],[141.44654,38.70634],[141.44637,38.70718],[141.44699,38.70776],[141.44707,38.70917],[141.44453,38.7088],[141.44405,38.70933],[141.44575,38.71038],[141.44472,38.71083],[141.4453,38.71166],[141.44416,38.7127],[141.44331,38.71389],[141.44324,38.71309],[141.44234,38.71189],[141.44291,38.711],[141.44249,38.70935],[141.44118,38.70642],[141.44001,38.70586],[141.43899,38.70377],[141.43956,38.70352],[141.43938,38.70133]],[[141.43938,38.70133],[141.44009,38.70279],[141.44116,38.70295],[141.44065,38.70086],[141.43938,38.70133]],[[141.44365,38.70702],[141.44473,38.70656],[141.44364,38.70553],[141.44306,38.70619],[141.44365,38.70702]]],[[[141.43839,38.7025],[141.43919,38.70358],[141.43757,38.7035],[141.43839,38.7025]]]]},"properties":{"林班":"A074","市町村名称":"南三陸町","旧市町村":null}},
{"type":"Feature","geometry":{"type":"MultiPolygon","coordinates":[[[[141.44106,38.68771],[141.44207,38.68613],[141.44234,38.6874],[141.44431,38.68869],[141.44505,38.68712],[141.44566,38.68684],[141.44532,38.68576],[141.44651,38.68551],[141.44655,38.68645],[141.44738,38.68653],[141.4482,38.68578],[141.44907,38.68648],[141.45069,38.68664],[141.45118,38.68729],[141.44999,38.68837],[141.44803,38.68816],[141.44773,38.68877],[141.44697,38.68931],[141.44648,38.6893],[141.44606,38.68946],[141.44567,38.68992],[141.44525,38.68999],[141.44447,38.69002],[141.4434,38.69036],[141.44165,38.69058],[141.44204,38.68929],[141.44246,38.68953],[141.44204,38.68929],[141.44106,38.68771]]],[[[141.45,38.68895],[141.44915,38.68947],[141.44773,38.68877],[141.44914,38.68858],[141.45,38.68895]]],[[[141.45034,38.67956],[141.45036,38.68049],[141.45034,38.68057],[141.45035,38.68073],[141.45041,38.68093],[141.45057,38.68115],[141.45066,38.68173],[141.44956,38.68197],[141.44863,38.68098],[141.44856,38.67998],[141.44963,38.67968],[141.44981,38.67976],[141.44963,38.67968],[141.45034,38.67956]]],[[[141.45136,38.67971],[141.45147,38.68268],[141.45086,38.68222],[141.45058,38.68114],[141.45036,38.68056],[141.45038,38.68049],[141.45055,38.6802],[141.45054,38.67996],[141.45136,38.67971]]]]},"properties":{"林班":"A077","市町村名称":"南三陸町","旧市町村":null}},
{"type":"Feature","geometry":{"type":"MultiPolygon","coordinates":[[[[141.45031,38.69321],[141.44709,38.69206],[141.44641,38.69113],[141.44523,38.69048],[141.44546,38.69002],[141.44563,38.68999],[141.44591,38.68977],[141.44624,38.68943],[141.44673,38.68949],[141.44845,38.69002],[141.4502,38.68967],[141.45145,38.69074],[141.45204,38.69195],[141.4514,38.69289],[141.45031,38.69321]]],[[[141.44534,38.69098],[141.44644,38.6915],[141.44689,38.69225],[141.44869,38.69269],[141.4501,38.69336],[141.45024,38.69479],[141.44992,38.69604],[141.44895,38.69671],[141.4483,38.69777],[141.4485,38.69843],[141.44703,38.69929],[141.44697,38.70076],[141.44588,38.69988],[141.44532,38.69724],[141.44557,38.69617],[141.44484,38.69531],[141.44514,38.69349],[141.44458,38.69185],[141.44534,38.69098]]]]},"properties":{"林班":"A076","市町村名称":"南三陸町","旧市町村":null}},
{"type":"Feature","geometry":{"type":"MultiPolygon","coordinates":[[[[141.42437,38.69439],[141.42495,38.6942],[141.42623,38.69495],[141.42754,38.69498],[141.42892,38.69406],[141.42848,38.69591],[141.42899,38.6971],[141.42978,38.69698],[141.43054,38.69787],[141.42922,38.69925],[141.42966,38.69973],[141.42905,38.70168],[141.42858,38.70139],[141.42742,38.70103],[141.42762,38.70028],[141.42603,38.70025],[141.42505,38.69956],[141.42472,38.69887],[141.42637,38.6982],[141.42633,38.69666],[141.42674,38.69624],[141.42476,38.69568],[141.42409,38.69525],[141.42437,38.69439]]],[[[141.42975,38.70174],[141.43056,38.70096],[141.43202,38.70264],[141.43113,38.70292],[141.42975,38.70174]]],[[[141.43065,38.69529],[141.43168,38.69467],[141.43263,38.69554],[141.43279,38.69567],[141.43329,38.69587],[141.43338,38.69609],[141.43357,38.69629],[141.434,38.69633],[141.43466,38.69673],[141.43496,38.69684],[141.43617,38.69722],[141.43606,38.69758],[141.43666,38.69935],[141.43528,38.69875],[141.43442,38.69853],[141.43371,38.69846],[141.4335,38.6983],[141.43276,38.69814],[141.4327,38.69772],[141.43241,38.69728],[141.43153,38.69647],[141.43162,38.69583],[141.43065,38.69529]]],[[[141.43127,38.69694],[141.43236,38.69752],[141.43233,38.69907],[141.43198,38.69944],[141.43021,38.69924],[141.43119,38.69834],[141.43084,38.69793],[141.43127,38.69694]]],[[[141.43202,38.70264],[141.43069,38.7009],[141.43292,38.70049],[141.43397,38.69968],[141.4352,38.69983],[141.43577,38.70038],[141.43601,38.70144],[141.43395,38.70261],[141.43202,38.70264]]],[[[141.4327,38.69807],[141.43277,38.69817],[141.43349,38.69832],[141.43371,38.69847],[141.43434,38.6987],[141.43293,38.69903],[141.4327,38.69807]]]]},"properties":{"林班":"A071","市町村名称":"南三陸町","旧市町村":null}},
{"type":"Feature","geometry":{"type":"MultiPolygon","coordinates":[[[[141.43065,38.69529],[141.43025,38.69464],[141.43066,38.69283],[141.43153,38.69366],[141.43271,38.69314],[141.4341,38.69323],[141.43486,38.69423],[141.43562,38.6945],[141.43624,38.69547],[141.43627,38.69588],[141.43539,38.69687],[141.43465,38.6967],[141.43398,38.6963],[141.43361,38.69628],[141.4334,38.69608],[141.43337,38.69592],[141.43326,38.69583],[141.43279,38.69567],[141.43263,38.69554],[141.43168,38.69467],[141.43065,38.69529]]],[[[141.43575,38.69442],[141.43489,38.69421],[141.43436,38.69336],[141.43352,38.69269],[141.4352,38.69151],[141.43606,38.69237],[141.4362,38.69273],[141.43638,38.693],[141.43639,38.6931],[141.43638,38.693],[141.4362,38.69273],[141.43606,38.69237],[141.43515,38.6903],[141.43774,38.68985],[141.43736,38.68884],[141.43739,38.68889],[141.43736,38.68884],[141.4381,38.68915],[141.44089,38.68913],[141.44082,38.68858],[141.43934,38.68874],[141.43997,38.68802],[141.44107,38.68793],[141.44182,38.68904],[141.44144,38.69051],[141.44092,38.69074],[141.44048,38.69121],[141.44032,38.69128],[141.43987,38.69131],[141.43922,38.69148],[141.43855,38.69177],[141.43852,38.69171],[141.43878,38.69121],[141.43873,38.69104],[141.43878,38.69068],[141.43873,38.69104],[141.43878,38.69121],[141.43852,38.69171],[141.43855,38.69177],[141.43804,38.69211],[141.43812,38.6924],[141.43829,38.69268],[141.43826,38.69291],[141.43807,38.69306],[141.43778,38.69365],[141.43751,38.69398],[141.43713,38.69429],[141.43694,38.69435],[141.43657,38.69455],[141.43627,38.6946],[141.43575,38.69442]]],[[[141.4292,38.69611],[141.42942,38.69464],[141.43022,38.69527],[141.4292,38.69611]]]]},"properties":{"林班":"A070","市町村名称":"南三陸町","旧市町村":null}},
{"type":"Feature","geometry":{"type":"MultiPolygon","coordinates":[[[[141.44349,38.71538],[141.44399,38.71605],[141.44514,38.71641],[141.44553,38.71535],[141.44673,38.71332],[141.44606,38.71254],[141.44683,38.71251],[141.4483,38.71343],[141.4494,38.71306],[141.44977,38.71222],[141.45071,38.71136],[141.45147,38.71367],[141.45165,38.71481],[141.45232,38.71558],[141.45179,38.71731],[141.45139,38.71764],[141.45098,38.71849],[141.45069,38.71866],[141.45059,38.7191],[141.45016,38.71946],[141.45037,38.72088],[141.44954,38.72218],[141.44787,38.7235],[141.4477,38.72345],[141.44704,38.72324],[141.44669,38.7231],[141.4465,38.72298],[141.44644,38.72293],[141.44574,38.72245],[141.44561,38.72239],[141.44579,38.72212],[141.44577,38.72072],[141.44574,38.72062],[141.44549,38.71954],[141.44483,38.7188],[141.4446,38.71867],[141.44402,38.718],[141.4438,38.71776],[141.44354,38.71728],[141.44345,38.71719],[141.44311,38.71691],[141.44309,38.7169],[141.44222,38.71631],[141.44191,38.7162],[141.44159,38.71573],[141.4415,38.71548],[141.44173,38.7153],[141.44209,38.71495],[141.44213,38.7149],[141.44262,38.71459],[141.44349,38.71538]]],[[[141.44889,38.7227],[141.44956,38.72219],[141.4504,38.72088],[141.45087,38.71941],[141.45078,38.71862],[141.4518,38.71797],[141.45184,38.71733],[141.45269,38.71553],[141.45158,38.71387],[141.45077,38.71135],[141.45082,38.71066],[141.45105,38.7101],[141.45092,38.71058],[141.45127,38.7117],[141.45128,38.71246],[141.45349,38.71213],[141.45371,38.71283],[141.45472,38.71362],[141.45488,38.71535],[141.45442,38.71567],[141.45428,38.71701],[141.4544,38.7177],[141.45384,38.72013],[141.45308,38.72107],[141.45229,38.72106],[141.45202,38.72091],[141.45128,38.72099],[141.45116,38.72106],[141.45075,38.7214],[141.45063,38.72157],[141.45045,38.72217],[141.45028,38.72219],[141.44889,38.7227]]]]},"properties":{"林班":"A073","市町村名称":"南三陸町","旧市町村":null}},
{"type":"Feature","geometry":{"type":"Polygon","coordinates":[[[141.4321,38.70609],[141.43132,38.70518],[141.43168,38.70446],[141.4315,38.70354],[141.43154,38.70362],[141.43297,38.70429],[141.43379,38.70519],[141.43434,38.70522],[141.4352,38.70616],[141.43452,38.70671],[141.43583,38.70797],[141.4369,38.70771],[141.4382,38.70847],[141.43909,38.71012],[141.43966,38.7107],[141.44032,38.71225],[141.44234,38.71189],[141.44324,38.71309],[141.44331,38.71389],[141.44262,38.71459],[141.44213,38.7149],[141.44209,38.71495],[141.44173,38.7153],[141.4415,38.71548],[141.44148,38.71547],[141.44101,38.71505],[141.44097,38.71499],[141.44086,38.71482],[141.44079,38.71432],[141.43912,38.71327],[141.43887,38.71276],[141.43673,38.71053],[141.43486,38.70922],[141.43274,38.70679],[141.43226,38.70634],[141.4321,38.70609]]]},"properties":{"林班":"A072","市町村名称":"南三陸町","旧市町村":null}},
{"type":"Feature","geometry":{"type":"MultiPolygon","coordinates":[[[[141.41596,38.67312],[141.41782,38.6735],[141.41959,38.67277],[141.42175,38.67259],[141.42258,38.67229],[141.42318,38.67375],[141.42294,38.67528],[141.42229,38.67566],[141.42188,38.67664],[141.42032,38.67693],[141.42004,38.67689],[141.41996,38.67692],[141.41983,38.67695],[141.41975,38.67695],[141.41952,38.67705],[141.41942,38.6771],[141.41922,38.67725],[141.41917,38.67729],[141.41919,38.67661],[141.4178,38.67596],[141.41698,38.67637],[141.41565,38.67613],[141.41649,38.67546],[141.41651,38.67453],[141.41579,38.67352],[141.41596,38.67312]],[[141.42087,38.67619],[141.42107,38.67629],[141.42099,38.67619],[141.42087,38.67619]]],[[[141.42626,38.67686],[141.42401,38.67745],[141.42306,38.67663],[141.4232,38.67543],[141.42387,38.67457],[141.42488,38.67439],[141.42676,38.67468],[141.42786,38.67549],[141.42626,38.67686],[141.42586,38.67683],[141.42585,38.67665],[141.42586,38.67648],[141.42585,38.67665],[141.42586,38.67683],[141.42626,38.67686]]],[[[141.42512,38.678],[141.43017,38.67802],[141.43048,38.67718],[141.42977,38.67645],[141.4285,38.67642],[141.42832,38.6756],[141.42944,38.67568],[141.43181,38.67675],[141.43179,38.67839],[141.4307,38.67894],[141.42993,38.68056],[141.42826,38.68102],[141.42749,38.68073],[141.42766,38.67957],[141.42612,38.67912],[141.42512,38.678]]]]},"properties":{"林班":"A068","市町村名称":"南三陸町","旧市町村":null}},
{"type":"Feature","geometry":{"type":"MultiPolygon","coordinates":[[[[141.40753,38.6581],[141.4092,38.65917],[141.4105,38.6605],[141.41106,38.66218],[141.4143,38.66373],[141.41433,38.66398],[141.41509,38.66578],[141.41499,38.66661],[141.41365,38.66861],[141.41252,38.66907],[141.41105,38.66924],[141.41157,38.66816],[141.41154,38.66724],[141.4107,38.66654],[141.41007,38.66533],[141.40872,38.66509],[141.40743,38.66393],[141.40697,38.66369],[141.40679,38.66345],[141.40692,38.663],[141.40714,38.66262],[141.40707,38.66202],[141.40713,38.66147],[141.40707,38.66103],[141.40672,38.65944],[141.40697,38.6587],[141.40753,38.6581]]],[[[141.41134,38.66945],[141.41105,38.66926],[141.41348,38.66906],[141.41413,38.66866],[141.41654,38.66944],[141.41724,38.66841],[141.41924,38.66822],[141.41918,38.66715],[141.42079,38.66745],[141.42209,38.6686],[141.42279,38.66852],[141.42324,38.6694],[141.42236,38.67016],[141.42167,38.6701],[141.42067,38.67081],[141.41869,38.67016],[141.41828,38.67017],[141.41804,38.67044],[141.41773,38.67062],[141.41718,38.67086],[141.41662,38.6709],[141.41648,38.67188],[141.41712,38.67263],[141.41813,38.6728],[141.41989,38.67202],[141.42236,38.67191],[141.42258,38.67229],[141.42175,38.67259],[141.41959,38.67277],[141.41782,38.6735],[141.41596,38.67312],[141.41522,38.67233],[141.41438,38.67061],[141.41259,38.66993],[141.4116,38.67009],[141.41134,38.66945]]],[[[141.41462,38.66766],[141.41484,38.66697],[141.41641,38.66762],[141.41511,38.66842],[141.41462,38.66766]]],[[[141.41813,38.67036],[141.41867,38.67019],[141.4192,38.67055],[141.42069,38.67084],[141.42188,38.67064],[141.42202,38.67144],[141.41994,38.67176],[141.41869,38.67233],[141.41714,38.67199],[141.41712,38.6709],[141.41766,38.67067],[141.41806,38.67046],[141.41813,38.67036]]]]},"properties":{"林班":"A067","市町村名称":"南三陸町","旧市町村":null}},
{"type":"Feature","geometry":{"type":"MultiPolygon","coordinates":[[[[141.42571,38.68492],[141.4266,38.68483],[141.42772,38.68365],[141.42988,38.68321],[141.43169,38.68375],[141.43188,38.68531],[141.43114,38.68584],[141.43228,38.6867],[141.4325,38.68814],[141.43098,38.68877],[141.42931,38.68822],[141.4287,38.68709],[141.42736,38.68701],[141.42691,38.68671],[141.42673,38.68592],[141.42571,38.68492]]],[[[141.4253,38.6888],[141.42553,38.68764],[141.42657,38.68674],[141.42732,38.68702],[141.42838,38.68726],[141.42966,38.68954],[141.42745,38.69002],[141.42626,38.68931],[141.42537,38.68925],[141.4253,38.6888]]],[[[141.42524,38.69105],[141.42622,38.69176],[141.42714,38.69106],[141.42921,38.69142],[141.42893,38.69199],[141.42666,38.69217],[141.42717,38.69274],[141.42837,38.69309],[141.42744,38.69415],[141.42587,38.69427],[141.42412,38.69348],[141.4243,38.69271],[141.42559,38.69299],[141.42574,38.69232],[141.42524,38.69105]]],[[[141.43484,38.68213],[141.43324,38.68103],[141.43338,38.67996],[141.43479,38.67888],[141.43647,38.67949],[141.43697,38.68027],[141.43644,38.68126],[141.43695,38.68238],[141.43804,38.68331],[141.43597,38.68347],[141.4355,38.68287],[141.43396,38.68358],[141.43355,38.6831],[141.43484,38.68213],[141.43487,38.68221],[141.43491,38.68227],[141.43497,38.68231],[141.43491,38.68227],[141.43487,38.68221],[141.43484,38.68213]]],[[[141.43364,38.68522],[141.43463,38.68471],[141.43645,38.6847],[141.43685,38.68594],[141.43785,38.68576],[141.43844,38.68516],[141.43969,38.68595],[141.43826,38.68646],[141.43646,38.68663],[141.43528,38.68747],[141.43425,38.6862],[141.43329,38.68682],[141.43202,38.68583],[141.43364,38.68522]]]]},"properties":{"林班":"A069","市町村名称":"南三陸町","旧市町村":null}},
{"type":"Feature","geometry":{"type":"MultiPolygon","coordinates":[[[[141.42526,38.66838],[141.42611,38.66814],[141.42685,38.66778],[141.42746,38.66716],[141.42835,38.66697],[141.42774,38.66585],[141.42929,38.66505],[141.43075,38.66486],[141.4318,38.6655],[141.43047,38.66601],[141.43157,38.66649],[141.43159,38.66682],[141.4315,38.66779],[141.43172,38.66955],[141.43157,38.6705],[141.43347,38.67172],[141.43386,38.67193],[141.4339,38.67209],[141.43406,38.67269],[141.43412,38.67287],[141.43423,38.67307],[141.43432,38.67323],[141.43477,38.67319],[141.43592,38.67327],[141.436,38.67327],[141.43654,38.67346],[141.43693,38.67415],[141.43713,38.67415],[141.43761,38.67408],[141.43762,38.67408],[141.43767,38.6741],[141.43802,38.67424],[141.43822,38.6743],[141.43605,38.67452],[141.4342,38.67562],[141.43387,38.67409],[141.43246,38.67385],[141.43229,38.67429],[141.43277,38.67447],[141.43227,38.67468],[141.43238,38.67455],[141.43213,38.67455],[141.4316,38.67459],[141.43144,38.67461],[141.4316,38.67459],[141.43213,38.67455],[141.43238,38.67455],[141.43227,38.67468],[141.43178,38.67572],[141.42801,38.67508],[141.42717,38.67439],[141.42463,38.67372],[141.42418,38.67337],[141.42381,38.67197],[141.42381,38.66919],[141.42526,38.66838]]],[[[141.42709,38.66946],[141.42703,38.66933],[141.4273,38.66914],[141.42756,38.66895],[141.4273,38.66914],[141.42703,38.66933],[141.42709,38.66946]]]]},"properties":{"林班":"A064","市町村名称":"南三陸町","旧市町村":null}},
{"type":"Feature","geometry":{"type":"MultiPolygon","coordinates":[[[[141.43416,38.66548],[141.43609,38.66591],[141.43653,38.6664],[141.43597,38.66708],[141.43549,38.66708],[141.4337,38.66638],[141.43251,38.66512],[141.43416,38.66548]]],[[[141.43169,38.66623],[141.43224,38.66552],[141.43299,38.66581],[141.43428,38.6669],[141.43443,38.66736],[141.43333,38.66816],[141.43183,38.66816],[141.43169,38.66623]]],[[[141.4316,38.66831],[141.43272,38.66834],[141.43439,38.66891],[141.43485,38.66847],[141.43747,38.66899],[141.43749,38.67068],[141.43591,38.67062],[141.43432,38.67123],[141.43278,38.6711],[141.43161,38.67029],[141.43196,38.66983],[141.4316,38.66831]]],[[[141.43382,38.67176],[141.43632,38.67184],[141.43697,38.67163],[141.43827,38.67266],[141.43842,38.6716],[141.44006,38.67116],[141.4402,38.6731],[141.44199,38.67254],[141.4421,38.67309],[141.43971,38.67338],[141.43987,38.67432],[141.43843,38.67424],[141.43662,38.67267],[141.43572,38.67267],[141.4353,38.67277],[141.43459,38.67262],[141.43427,38.67243],[141.43391,38.67208],[141.43382,38.67176]]],[[[141.43406,38.67269],[141.4339,38.67209],[141.43426,38.67244],[141.43459,38.67263],[141.43498,38.67274],[141.43498,38.67279],[141.43498,38.67274],[141.43531,38.67279],[141.43572,38.67269],[141.43661,38.67269],[141.43822,38.6743],[141.43802,38.67424],[141.43767,38.6741],[141.43762,38.67408],[141.43761,38.67408],[141.43713,38.67415],[141.43693,38.67415],[141.43654,38.67346],[141.436,38.67327],[141.43592,38.67327],[141.43477,38.67319],[141.43432,38.67323],[141.43423,38.67307],[141.43412,38.67287],[141.43406,38.67269]]],[[[141.43573,38.66564],[141.4363,38.66506],[141.43712,38.66523],[141.43868,38.66544],[141.4398,38.6664],[141.44014,38.66755],[141.4391,38.66907],[141.43811,38.6676],[141.43717,38.66736],[141.43728,38.66708],[141.43657,38.66673],[141.43655,38.6664],[141.43611,38.6659],[141.43547,38.6657],[141.43573,38.66564]]],[[[141.43562,38.66794],[141.43636,38.66697],[141.43708,38.66706],[141.43709,38.66736],[141.43776,38.66758],[141.43791,38.66831],[141.43704,38.66859],[141.43579,38.6684],[141.43562,38.66794]]]]},"properties":{"林班":"A063","市町村名称":"南三陸町","旧市町村":null}},
{"type":"Feature","geometry":{"type":"MultiPolygon","coordinates":[[[[141.42048,38.65447],[141.41953,38.65503],[141.41709,38.65581],[141.41561,38.65611],[141.41633,38.65681],[141.41769,38.65697],[141.41617,38.65795],[141.41619,38.65851],[141.41766,38.65905],[141.41815,38.65866],[141.4187,38.65864],[141.41943,38.65826],[141.4205,38.65663],[141.42177,38.65671],[141.42205,38.65893],[141.42328,38.66041],[141.42149,38.66071],[141.41987,38.66011],[141.41835,38.66009],[141.41733,38.66061],[141.41709,38.66114],[141.41793,38.66234],[141.41723,38.66245],[141.41652,38.66354],[141.4167,38.66393],[141.41433,38.66398],[141.4143,38.66373],[141.41106,38.66218],[141.4105,38.6605],[141.4092,38.65917],[141.40753,38.6581],[141.40741,38.65759],[141.40842,38.65716],[141.41031,38.65595],[141.41097,38.65505],[141.41162,38.6549],[141.41166,38.65491],[141.41216,38.65499],[141.41304,38.65516],[141.41464,38.65429],[141.41603,38.65461],[141.41695,38.6542],[141.41764,38.65448],[141.41977,38.65465],[141.42048,38.65447]]],[[[141.41733,38.66061],[141.41836,38.66022],[141.41923,38.66067],[141.42121,38.66083],[141.42334,38.66047],[141.42393,38.66156],[141.42315,38.66413],[141.42303,38.66539],[141.42251,38.66677],[141.42247,38.66809],[141.42094,38.66734],[141.41951,38.66701],[141.418,38.66738],[141.41581,38.66718],[141.4152,38.66665],[141.41525,38.66588],[141.41478,38.66505],[141.41585,38.66484],[141.41556,38.66412],[141.41754,38.66441],[141.41833,38.66415],[141.41849,38.6629],[141.41738,38.66116],[141.41733,38.66061]]],[[[141.41752,38.65759],[141.41992,38.6575],[141.4192,38.65837],[141.41814,38.65862],[141.41702,38.65815],[141.41752,38.65759]]]]},"properties":{"林班":"A066","市町村名称":"南三陸町","旧市町村":null}},
{"type":"Feature","geometry":{"type":"Polygon","coordinates":[[[141.42381,38.66919],[141.42308,38.66737],[141.42357,38.66442],[141.4244,38.66174],[141.42416,38.66072],[141.42339,38.66033],[141.42233,38.65904],[141.422,38.65656],[141.42163,38.65522],[141.4205,38.65447],[141.42098,38.65438],[141.42185,38.65468],[141.42189,38.65469],[141.4227,38.65511],[141.4238,38.65744],[141.42505,38.65788],[141.42701,38.65767],[141.42793,38.65808],[141.42844,38.6591],[141.42955,38.6579],[141.43072,38.65734],[141.43116,38.66056],[141.43112,38.66141],[141.43073,38.66172],[141.42992,38.66238],[141.42916,38.66355],[141.42904,38.66443],[141.42928,38.66503],[141.4267,38.66612],[141.42622,38.66807],[141.42526,38.66838],[141.42381,38.66919]]]},"properties":{"林班":"A065","市町村名称":"南三陸町","旧市町村":null}},
{"type":"Feature","geometry":{"type":"MultiPolygon","coordinates":[[[[141.40378,38.70195],[141.4036,38.7038],[141.40254,38.70377],[141.40378,38.70195]]],[[[141.40953,38.70274],[141.40826,38.70263],[141.40785,38.70243],[141.40748,38.70262],[141.40608,38.70263],[141.40672,38.70167],[141.40954,38.70183],[141.41034,38.70205],[141.40953,38.70274]]]]},"properties":{"林班":"A060","市町村名称":"南三陸町","旧市町村":null}},
{"type":"Feature","geometry":{"type":"MultiPolygon","coordinates":[[[[141.43072,38.65734],[141.43178,38.65665],[141.43263,38.65744],[141.43295,38.65829],[141.43248,38.65873],[141.43157,38.65884],[141.43234,38.65938],[141.43305,38.65848],[141.43289,38.65776],[141.43308,38.65734],[141.43461,38.6568],[141.43486,38.65678],[141.4355,38.65706],[141.4374,38.6562],[141.43732,38.65643],[141.43769,38.6564],[141.43907,38.65656],[141.43962,38.6559],[141.44148,38.65509],[141.44212,38.65454],[141.44255,38.65502],[141.44138,38.6556],[141.44015,38.65707],[141.4409,38.65764],[141.44035,38.65896],[141.43989,38.65952],[141.43987,38.6602],[141.43915,38.66012],[141.43891,38.65909],[141.43722,38.65864],[141.43714,38.65913],[141.43836,38.65956],[141.43848,38.66022],[141.43949,38.66116],[141.43953,38.66182],[141.44035,38.66241],[141.44028,38.66346],[141.43899,38.66322],[141.43847,38.66223],[141.43754,38.66104],[141.43598,38.66129],[141.43532,38.66088],[141.43598,38.66131],[141.43753,38.66105],[141.43846,38.66224],[141.43772,38.66313],[141.4375,38.66321],[141.4373,38.66333],[141.43686,38.66354],[141.43665,38.66339],[141.43625,38.66332],[141.43534,38.66253],[141.43361,38.66184],[141.43386,38.66268],[141.43255,38.6627],[141.43177,38.66343],[141.43249,38.66361],[141.43417,38.6629],[141.4353,38.66291],[141.43634,38.66357],[141.43624,38.6643],[141.43712,38.66523],[141.4363,38.66506],[141.43573,38.66564],[141.43547,38.6657],[141.43416,38.66548],[141.43251,38.66512],[141.43181,38.66448],[141.43083,38.66484],[141.42906,38.66443],[141.42918,38.66354],[141.42992,38.66238],[141.43073,38.66172],[141.43112,38.66141],[141.43116,38.66056],[141.43072,38.65734]]],[[[141.4368,38.66355],[141.43686,38.66356],[141.43765,38.66316],[141.43791,38.6632],[141.4387,38.66357],[141.43915,38.66405],[141.44051,38.66462],[141.44109,38.66516],[141.44083,38.66591],[141.43992,38.66632],[141.43849,38.66526],[141.43691,38.66497],[141.4368,38.66355]]]]},"properties":{"林班":"A062","市町村名称":"南三陸町","旧市町村":null}},
{"type":"Feature","geometry":{"type":"MultiPolygon","coordinates":[[[[141.44149,38.65648],[141.44171,38.65577],[141.44333,38.65526],[141.44418,38.65602],[141.44547,38.65452],[141.44698,38.65571],[141.44637,38.6564],[141.44561,38.65745],[141.44541,38.65758],[141.4451,38.65809],[141.44478,38.65841],[141.44462,38.65888],[141.4445,38.65901],[141.44427,38.65913],[141.44365,38.65941],[141.44371,38.65889],[141.44297,38.65885],[141.44242,38.6592],[141.44202,38.65964],[141.44115,38.66097],[141.44046,38.66121],[141.43993,38.65953],[141.44039,38.65897],[141.44058,38.65856],[141.44152,38.65805],[141.44044,38.65716],[141.44149,38.65648]]],[[[141.44189,38.66002],[141.44243,38.65921],[141.44318,38.65926],[141.44471,38.66054],[141.44481,38.66162],[141.44513,38.66222],[141.44483,38.66373],[141.44384,38.66414],[141.44245,38.66348],[141.44148,38.6637],[141.44053,38.66336],[141.44048,38.66233],[141.4413,38.66138],[141.44189,38.66002]]],[[[141.44358,38.66971],[141.44529,38.67053],[141.44446,38.67096],[141.44358,38.66971]]],[[[141.44466,38.65878],[141.4448,38.65841],[141.44512,38.6581],[141.44543,38.65759],[141.44563,38.65745],[141.44638,38.65642],[141.44701,38.65578],[141.44829,38.65687],[141.44867,38.65773],[141.44764,38.65917],[141.4467,38.65964],[141.44476,38.65966],[141.44616,38.66108],[141.44562,38.66175],[141.44496,38.66181],[141.44473,38.66053],[141.4437,38.65942],[141.44452,38.65902],[141.44464,38.6589],[141.44466,38.65878]]]]},"properties":{"林班":"A061","市町村名称":"南三陸町","旧市町村":null}},
{"type":"Feature","geometry":{"type":"MultiPolygon","coordinates":[[[[141.42185,38.70731],[141.42256,38.70737],[141.42329,38.70854],[141.42246,38.70964],[141.42195,38.70817],[141.42185,38.70731]]],[[[141.42138,38.71078],[141.4226,38.71134],[141.42086,38.71171],[141.42083,38.71161],[141.4212,38.71126],[141.42138,38.71078]]],[[[141.42231,38.71183],[141.42421,38.71218],[141.42359,38.71282],[141.42206,38.71295],[141.42134,38.71371],[141.42074,38.71331],[141.42094,38.71229],[141.42231,38.71183]]],[[[141.424,38.70017],[141.42423,38.70128],[141.42561,38.70142],[141.42605,38.70062],[141.42686,38.70078],[141.42742,38.70103],[141.42858,38.70139],[141.42905,38.70168],[141.42673,38.70284],[141.42637,38.70231],[141.42458,38.70264],[141.42363,38.70152],[141.424,38.70017]]],[[[141.42433,38.70274],[141.42408,38.70367],[141.42325,38.70381],[141.42339,38.70217],[141.42433,38.70274]]]]},"properties":{"林班":"A057","市町村名称":"南三陸町","旧市町村":null}},
{"type":"Feature","geometry":{"type":"Polygon","coordinates":[[[141.43058,38.71091],[141.42902,38.7106],[141.42875,38.71126],[141.42656,38.71198],[141.42704,38.7109],[141.42875,38.71001],[141.42866,38.70872],[141.42826,38.70807],[141.4294,38.70714],[141.42889,38.70516],[141.42799,38.70455],[141.42975,38.70174],[141.43113,38.70292],[141.4315,38.70354],[141.43168,38.70446],[141.43132,38.70518],[141.4321,38.70609],[141.43226,38.70634],[141.43274,38.70679],[141.43486,38.70922],[141.4346,38.70931],[141.43351,38.70946],[141.43338,38.70934],[141.43333,38.70922],[141.43316,38.70907],[141.43242,38.7092],[141.43212,38.70924],[141.43249,38.70905],[141.43212,38.70924],[141.43201,38.70942],[141.43212,38.70924],[141.43242,38.7092],[141.43316,38.70907],[141.43333,38.70922],[141.43338,38.70934],[141.43316,38.70961],[141.43295,38.70972],[141.43269,38.70979],[141.43242,38.70992],[141.43233,38.70996],[141.43171,38.71018],[141.43155,38.71031],[141.43128,38.71053],[141.43058,38.71091]]]},"properties":{"林班":"A056","市町村名称":"南三陸町","旧市町村":null}},
{"type":"Feature","geometry":{"type":"MultiPolygon","coordinates":[[[[141.42674,38.69624],[141.4263,38.69665],[141.42635,38.69819],[141.42449,38.69893],[141.42273,38.69932],[141.42207,38.69904],[141.42165,38.6983],[141.42075,38.69783],[141.42097,38.69752],[141.42007,38.69686],[141.42081,38.69625],[141.42128,38.69454],[141.42318,38.69388],[141.42437,38.69439],[141.42409,38.69525],[141.42476,38.69568],[141.42674,38.69624]]],[[[141.42071,38.69871],[141.42163,38.69831],[141.42199,38.69895],[141.42182,38.69957],[141.42009,38.70033],[141.41973,38.69996],[141.42071,38.69871]]],[[[141.4226,38.7008],[141.424,38.70017],[141.42363,38.70152],[141.42291,38.701],[141.42277,38.70092],[141.4226,38.7008]]]]},"properties":{"林班":"A059","市町村名称":"南三陸町","旧市町村":null}},
{"type":"Feature","geometry":{"type":"MultiPolygon","coordinates":[[[[141.41621,38.69828],[141.41581,38.69861],[141.41658,38.69961],[141.41615,38.70048],[141.41447,38.69949],[141.41499,38.69841],[141.41554,38.69835],[141.41621,38.69828]]],[[[141.41807,38.70602],[141.42019,38.7074],[141.42081,38.70825],[141.41942,38.70988],[141.41792,38.7077],[141.41749,38.70653],[141.41807,38.70602]]],[[[141.42222,38.70573],[141.42147,38.70563],[141.4212,38.70487],[141.42209,38.70429],[141.4226,38.7047],[141.42222,38.70573]]],[[[141.42127,38.70235],[141.42278,38.70271],[141.42273,38.70409],[141.42133,38.703],[141.42127,38.70235]]]]},"properties":{"林班":"A058","市町村名称":"南三陸町","旧市町村":null}},
{"type":"Feature","geometry":{"type":"MultiPolygon","coordinates":[[[[141.4327,38.72267],[141.43311,38.72251],[141.43506,38.72296],[141.4357,38.72357],[141.43479,38.72453],[141.43364,38.72419],[141.4327,38.72267]]],[[[141.43627,38.72416],[141.43722,38.72505],[141.43677,38.72586],[141.43549,38.72518],[141.4356,38.72424],[141.43627,38.72416]]],[[[141.4367,38.73016],[141.43677,38.72937],[141.43674,38.72904],[141.43663,38.72868],[141.43674,38.72861],[141.43665,38.7283],[141.43653,38.72822],[141.43661,38.72792],[141.43623,38.7275],[141.43626,38.72669],[141.43779,38.72681],[141.43837,38.72828],[141.44017,38.72834],[141.44023,38.72841],[141.44124,38.72871],[141.4415,38.72972],[141.44254,38.72925],[141.44253,38.72932],[141.44239,38.72989],[141.44229,38.73003],[141.44201,38.73058],[141.44187,38.73079],[141.44178,38.73097],[141.44132,38.7316],[141.44116,38.73169],[141.44065,38.7322],[141.44051,38.73231],[141.44021,38.73264],[141.44017,38.73268],[141.44005,38.7328],[141.43968,38.73265],[141.43942,38.73244],[141.43946,38.73204],[141.43942,38.73244],[141.43968,38.73265],[141.44005,38.7328],[141.43965,38.73317],[141.43865,38.73319],[141.43796,38.73344],[141.43639,38.73316],[141.43558,38.73312],[141.43521,38.73314],[141.43551,38.73208],[141.43596,38.73116],[141.4367,38.73016]]],[[[141.4367,38.72852],[141.43659,38.72871],[141.43657,38.72887],[141.4365,38.72851],[141.4367,38.72852]]],[[[141.44017,38.72834],[141.43991,38.72668],[141.4376,38.72535],[141.43635,38.72343],[141.43797,38.72202],[141.44013,38.72114],[141.44011,38.72118],[141.44102,38.72107],[141.44107,38.72105],[141.44126,38.72082],[141.44136,38.72092],[141.44139,38.72098],[141.44128,38.72112],[141.44128,38.72115],[141.44128,38.72112],[141.44139,38.72098],[141.44166,38.72091],[141.44187,38.72086],[141.44217,38.72078],[141.44242,38.72115],[141.44279,38.72117],[141.44293,38.72124],[141.44324,38.72147],[141.44333,38.72153],[141.44338,38.72157],[141.44407,38.72237],[141.44546,38.72286],[141.44534,38.72338],[141.44535,38.7234],[141.44542,38.72371],[141.44555,38.72405],[141.44531,38.72477],[141.4453,38.72481],[141.44521,38.72541],[141.44522,38.72546],[141.44459,38.72694],[141.44436,38.72767],[141.44425,38.72779],[141.44401,38.72799],[141.44371,38.72808],[141.44344,38.7281],[141.44336,38.72812],[141.44316,38.72819],[141.44265,38.72895],[141.44135,38.72848],[141.44023,38.72841],[141.44017,38.72834]],[[141.44225,38.72166],[141.44241,38.7217],[141.4426,38.72174],[141.44267,38.72182],[141.44302,38.72234],[141.44311,38.72252],[141.44302,38.72234],[141.44267,38.72182],[141.4426,38.72174],[141.44241,38.7217],[141.44225,38.72166]]]]},"properties":{"林班":"A053","市町村名称":"南三陸町","旧市町村":null}},
{"type":"Feature","geometry":{"type":"Polygon","coordinates":[[[141.42998,38.7379],[141.42938,38.73788],[141.4284,38.73668],[141.42738,38.73615],[141.42719,38.73532],[141.42596,38.73391],[141.424,38.73322],[141.42328,38.73241],[141.42248,38.73216],[141.42152,38.73092],[141.42211,38.73039],[141.42223,38.72869],[141.42326,38.72733],[141.42327,38.72668],[141.424,38.72805],[141.42556,38.72972],[141.42692,38.72999],[141.42834,38.73101],[141.42911,38.73102],[141.4295,38.73101],[141.42983,38.73105],[141.42998,38.73117],[141.43028,38.73128],[141.43093,38.73141],[141.43209,38.73255],[141.4337,38.73306],[141.43366,38.7331],[141.43294,38.73355],[141.43285,38.73363],[141.43224,38.73411],[141.43254,38.73419],[141.43263,38.735],[141.43268,38.73522],[141.43267,38.73526],[141.43266,38.73539],[141.43262,38.7356],[141.43257,38.73583],[141.43252,38.73623],[141.43249,38.73639],[141.43251,38.73647],[141.43237,38.7379],[141.43239,38.73825],[141.43238,38.7391],[141.43205,38.73928],[141.43158,38.73971],[141.43122,38.74014],[141.43113,38.74038],[141.43007,38.73951],[141.42998,38.7379],[141.43028,38.73779],[141.42998,38.7379]]]},"properties":{"林班":"A052","市町村名称":"南三陸町","旧市町村":null}},
{"type":"Feature","geometry":{"type":"Polygon","coordinates":[[[141.43557,38.71802],[141.43456,38.71726],[141.43286,38.71766],[141.43177,38.71826],[141.43069,38.71843],[141.42954,38.71819],[141.42867,38.71759],[141.42821,38.71615],[141.43111,38.71634],[141.43244,38.71532],[141.43378,38.71495],[141.43446,38.7154],[141.43621,38.71517],[141.43666,38.71416],[141.43387,38.7147],[141.4321,38.71342],[141.43263,38.71263],[141.43129,38.71227],[141.4317,38.71139],[141.43058,38.71091],[141.43128,38.71053],[141.43155,38.71031],[141.43171,38.71018],[141.43233,38.70996],[141.43242,38.70992],[141.43275,38.70988],[141.43269,38.70979],[141.43295,38.70972],[141.43316,38.70961],[141.43356,38.70979],[141.4337,38.71002],[141.43378,38.71007],[141.43383,38.71013],[141.43378,38.71007],[141.4337,38.71002],[141.43351,38.70946],[141.4346,38.70931],[141.43465,38.70934],[141.43486,38.70922],[141.43673,38.71053],[141.43887,38.71276],[141.43912,38.71327],[141.44079,38.71432],[141.44086,38.71482],[141.44041,38.71498],[141.44036,38.71501],[141.44034,38.71498],[141.44004,38.71488],[141.43916,38.71508],[141.43899,38.71518],[141.43847,38.71551],[141.43841,38.71556],[141.43831,38.71566],[141.43557,38.71802]],[[141.43366,38.71131],[141.43472,38.71131],[141.43495,38.7112],[141.43534,38.71103],[141.4355,38.71094],[141.43605,38.71134],[141.43602,38.71136],[141.43592,38.71144],[141.43602,38.71136],[141.43605,38.71134],[141.4355,38.71094],[141.43534,38.71103],[141.43495,38.7112],[141.43472,38.71131],[141.43366,38.71131]]]},"properties":{"林班":"A055","市町村名称":"南三陸町","旧市町村":null}},
{"type":"Feature","geometry":{"type":"MultiPolygon","coordinates":[[[[141.43553,38.71889],[141.43557,38.71802],[141.43831,38.71566],[141.43841,38.71556],[141.43847,38.71551],[141.43899,38.71518],[141.43916,38.71508],[141.44004,38.71488],[141.44034,38.71498],[141.44036,38.71501],[141.44153,38.71651],[141.4429,38.71743],[141.44309,38.7178],[141.44345,38.71848],[141.44309,38.7178],[141.4429,38.71743],[141.44157,38.71643],[141.44041,38.71498],[141.44086,38.71482],[141.44097,38.71499],[141.44101,38.71505],[141.44148,38.71547],[141.44159,38.71573],[141.44191,38.7162],[141.44222,38.71631],[141.44309,38.7169],[141.44311,38.71691],[141.44345,38.71719],[141.44354,38.71728],[141.4438,38.71776],[141.44402,38.718],[141.4446,38.71867],[141.44483,38.7188],[141.44574,38.72062],[141.44577,38.72072],[141.44579,38.72212],[141.44561,38.72239],[141.4455,38.72258],[141.44539,38.72266],[141.44338,38.72157],[141.44333,38.72153],[141.44324,38.72147],[141.44293,38.72124],[141.44279,38.72117],[141.44242,38.72115],[141.44217,38.72078],[141.44403,38.72003],[141.44187,38.72086],[141.44166,38.72091],[141.44136,38.72092],[141.44126,38.72082],[141.44107,38.72105],[141.44102,38.72107],[141.44011,38.72118],[141.44013,38.72114],[141.43798,38.722],[141.43748,38.72236],[141.43498,38.7225],[141.43509,38.7218],[141.43422,38.72116],[141.43473,38.72051],[141.43656,38.7201],[141.43766,38.72013],[141.43698,38.71866],[141.43553,38.71889]]],[[[141.42836,38.71929],[141.42888,38.71917],[141.43077,38.71957],[141.4315,38.72056],[141.43086,38.721],[141.42929,38.72068],[141.42836,38.71929]]]]},"properties":{"林班":"A054","市町村名称":"南三陸町","旧市町村":null}},
{"type":"Feature","geometry":{"type":"MultiPolygon","coordinates":[[[[141.42509,38.7178],[141.42566,38.71775],[141.42548,38.71958],[141.42589,38.72043],[141.42681,38.72121],[141.42693,38.72275],[141.42568,38.72342],[141.42503,38.72312],[141.42356,38.72323],[141.42308,38.72231],[141.42395,38.72195],[141.4252,38.72206],[141.4251,38.72131],[141.42395,38.72101],[141.42297,38.72028],[141.42305,38.71913],[141.42435,38.7186],[141.42509,38.7178]]],[[[141.42327,38.72668],[141.42296,38.72563],[141.42329,38.72524],[141.42554,38.7253],[141.42615,38.72581],[141.42683,38.72717],[141.42755,38.72682],[141.42799,38.72532],[141.42728,38.72469],[141.42608,38.7249],[141.42683,38.72356],[141.42798,38.7232],[141.42857,38.72384],[141.42862,38.72556],[141.42789,38.72689],[141.42957,38.72696],[141.43087,38.72748],[141.43175,38.72737],[141.43239,38.72549],[141.43441,38.72667],[141.43508,38.72581],[141.43621,38.72653],[141.43621,38.72751],[141.43657,38.72793],[141.43651,38.72822],[141.4367,38.72852],[141.4365,38.72851],[141.43657,38.72887],[141.4367,38.73016],[141.43596,38.73116],[141.43551,38.73208],[141.43498,38.73316],[141.4337,38.73306],[141.4323,38.73239],[141.43093,38.73141],[141.43028,38.73128],[141.42998,38.73117],[141.42983,38.73105],[141.4295,38.73101],[141.42911,38.73102],[141.42834,38.73101],[141.42692,38.72999],[141.42556,38.72972],[141.424,38.72805],[141.42327,38.72668]]]]},"properties":{"林班":"A051","市町村名称":"南三陸町","旧市町村":null}},
{"type":"Feature","geometry":{"type":"Polygon","coordinates":[[[141.40859,38.72866],[141.40957,38.72821],[141.41012,38.72718],[141.41171,38.72697],[141.41271,38.72649],[141.41315,38.7257],[141.41471,38.72532],[141.41508,38.72459],[141.41747,38.72369],[141.41777,38.7232],[141.42044,38.7223],[141.42121,38.72358],[141.42171,38.72364],[141.42245,38.72585],[141.42319,38.72713],[141.41903,38.72759],[141.41805,38.72756],[141.41664,38.72818],[141.41446,38.72965],[141.41424,38.7317],[141.4134,38.7326],[141.41342,38.73341],[141.41238,38.73467],[141.41245,38.73516],[141.41155,38.73586],[141.41179,38.73507],[141.41224,38.73439],[141.4124,38.73406],[141.41219,38.73322],[141.41186,38.73253],[141.41144,38.73156],[141.41055,38.73109],[141.40902,38.73002],[141.40859,38.72866]]]},"properties":{"林班":"A050","市町村名称":"南三陸町","旧市町村":null}},
{"type":"Feature","geometry":{"type":"MultiPolygon","coordinates":[[[[141.47606,38.62978],[141.47551,38.62889],[141.47401,38.62745],[141.47318,38.62867],[141.47186,38.62929],[141.47053,38.63063],[141.47091,38.63268],[141.46992,38.63277],[141.46963,38.63207],[141.46911,38.63164],[141.46926,38.62982],[141.47006,38.62917],[141.47064,38.62776],[141.4716,38.6269],[141.47316,38.62627],[141.47388,38.62626],[141.47449,38.62483],[141.47515,38.62466],[141.47632,38.62542],[141.47696,38.62605],[141.4775,38.62635],[141.47775,38.62678],[141.47885,38.62729],[141.47918,38.62777],[141.47941,38.62789],[141.47975,38.62798],[141.48045,38.62823],[141.48283,38.62949],[141.48275,38.63015],[141.48195,38.6305],[141.48192,38.63108],[141.48142,38.63198],[141.48129,38.63255],[141.48071,38.63277],[141.47943,38.63079],[141.47787,38.62911],[141.4772,38.62928],[141.47606,38.62978]]],[[[141.471,38.63269],[141.47059,38.63067],[141.47169,38.62957],[141.47287,38.62911],[141.47395,38.62831],[141.47547,38.6289],[141.47632,38.63041],[141.47662,38.63257],[141.47594,38.63318],[141.47626,38.6342],[141.47443,38.6355],[141.47442,38.63684],[141.47425,38.63692],[141.47327,38.63646],[141.47189,38.63536],[141.47123,38.63386],[141.47331,38.63411],[141.4737,38.63268],[141.47326,38.63236],[141.47197,38.63377],[141.47171,38.63296],[141.47162,38.63293],[141.47164,38.63289],[141.471,38.63269]]]]},"properties":{"林班":"A150","市町村名称":"南三陸町","旧市町村":null}},
{"type":"Feature","geometry":{"type":"MultiPolygon","coordinates":[[[[141.43272,38.64805],[141.43477,38.64814],[141.43731,38.64774],[141.43942,38.64803],[141.43868,38.64915],[141.44009,38.64955],[141.43979,38.65028],[141.43792,38.65166],[141.43679,38.65196],[141.43569,38.65293],[141.43489,38.65407],[141.4345,38.65561],[141.43308,38.65652],[141.43263,38.65744],[141.43178,38.65665],[141.43194,38.6563],[141.4312,38.65437],[141.42975,38.65378],[141.42945,38.65333],[141.43033,38.65268],[141.43129,38.65033],[141.43194,38.64978],[141.43228,38.64963],[141.43323,38.6491],[141.43272,38.64805]]],[[[141.43461,38.6568],[141.43308,38.65734],[141.43338,38.65634],[141.43448,38.65578],[141.43513,38.65395],[141.43598,38.65278],[141.4367,38.65293],[141.4362,38.6541],[141.43736,38.65433],[141.43768,38.65349],[141.43974,38.65282],[141.43948,38.65189],[141.43816,38.65166],[141.43925,38.65098],[141.44033,38.65079],[141.44246,38.65095],[141.44189,38.6517],[141.44358,38.65268],[141.44298,38.65357],[141.44206,38.6536],[141.44212,38.65454],[141.44148,38.65509],[141.43962,38.6559],[141.43907,38.65656],[141.43769,38.6564],[141.4374,38.6562],[141.4355,38.65706],[141.43486,38.65678],[141.43461,38.6568]]]]},"properties":{"林班":"A149","市町村名称":"南三陸町","旧市町村":null}},
{"type":"Feature","geometry":{"type":"MultiPolygon","coordinates":[[[[141.42098,38.65438],[141.42156,38.65345],[141.42113,38.65288],[141.42305,38.65195],[141.42513,38.65251],[141.42588,38.65222],[141.42646,38.65095],[141.42708,38.6507],[141.42685,38.64982],[141.42778,38.64803],[141.42855,38.64838],[141.42805,38.64977],[141.42885,38.65055],[141.42886,38.65135],[141.42777,38.65246],[141.42757,38.65319],[141.42604,38.65328],[141.425,38.65371],[141.42347,38.65379],[141.42185,38.65468],[141.42098,38.65438]]],[[[141.42189,38.65469],[141.42337,38.65441],[141.42411,38.65384],[141.42521,38.65381],[141.4264,38.65346],[141.42757,38.65355],[141.42786,38.65251],[141.42894,38.65149],[141.42914,38.65084],[141.42819,38.64954],[141.42904,38.64854],[141.43201,38.64833],[141.43272,38.64805],[141.43323,38.6491],[141.43228,38.64963],[141.43194,38.64978],[141.43129,38.65033],[141.43033,38.65268],[141.42945,38.65333],[141.42975,38.65378],[141.4312,38.65437],[141.43194,38.6563],[141.43178,38.65665],[141.43072,38.65734],[141.42955,38.6579],[141.42844,38.6591],[141.42793,38.65808],[141.42701,38.65767],[141.42505,38.65788],[141.4238,38.65744],[141.4227,38.65511],[141.42189,38.65469]]]]},"properties":{"林班":"A148","市町村名称":"南三陸町","旧市町村":null}},
{"type":"Feature","geometry":{"type":"Polygon","coordinates":[[[141.40723,38.65046],[141.40581,38.65014],[141.40511,38.65045],[141.40291,38.65228],[141.40283,38.65296],[141.40172,38.65364],[141.40022,38.65244],[141.40316,38.64996],[141.40367,38.64904],[141.40283,38.64766],[141.40294,38.64653],[141.40423,38.64635],[141.40473,38.64695],[141.40742,38.64694],[141.40707,38.64603],[141.40902,38.64535],[141.40955,38.64772],[141.40833,38.6497],[141.40723,38.65046]]]},"properties":{"林班":"A145","市町村名称":"南三陸町","旧市町村":null}},
{"type":"Feature","geometry":{"type":"MultiPolygon","coordinates":[[[[141.38597,38.64608],[141.38623,38.64509],[141.38764,38.64365],[141.38842,38.64243],[141.39035,38.64294],[141.39256,38.64415],[141.3947,38.64477],[141.39789,38.64623],[141.39807,38.64693],[141.39715,38.64803],[141.39595,38.64853],[141.3955,38.64854],[141.39501,38.64898],[141.39413,38.65046],[141.39271,38.65196],[141.39224,38.6511],[141.39245,38.65028],[141.39187,38.64892],[141.39105,38.6483],[141.39048,38.64704],[141.38951,38.64701],[141.38732,38.6465],[141.38728,38.64648],[141.38725,38.64648],[141.38681,38.64648],[141.38632,38.64644],[141.38625,38.6464],[141.3862,38.64635],[141.38597,38.64608]]],[[[141.39348,38.65228],[141.39323,38.65154],[141.39458,38.64998],[141.39508,38.64899],[141.39545,38.64863],[141.39648,38.64864],[141.39783,38.64794],[141.39823,38.64722],[141.39934,38.64661],[141.40273,38.64642],[141.40278,38.64764],[141.40367,38.64904],[141.40316,38.64996],[141.40022,38.65244],[141.39914,38.6528],[141.3972,38.65295],[141.39599,38.65247],[141.39502,38.6526],[141.39422,38.65178],[141.39348,38.65228]]]]},"properties":{"林班":"A144","市町村名称":"南三陸町","旧市町村":null}},
{"type":"Feature","geometry":{"type":"Polygon","coordinates":[[[141.41269,38.64815],[141.41297,38.64711],[141.4151,38.64624],[141.41695,38.64712],[141.41789,38.64716],[141.42062,38.64795],[141.42397,38.64811],[141.42446,38.64798],[141.42778,38.64803],[141.42685,38.64982],[141.42708,38.6507],[141.42646,38.65095],[141.42588,38.65222],[141.42513,38.65251],[141.42305,38.65195],[141.42113,38.65288],[141.42156,38.65345],[141.42098,38.65438],[141.4205,38.65447],[141.42048,38.65447],[141.41977,38.65465],[141.41764,38.65448],[141.41695,38.6542],[141.41603,38.65461],[141.41464,38.65429],[141.41304,38.65516],[141.41216,38.65499],[141.41166,38.65491],[141.41162,38.6549],[141.41097,38.65505],[141.41044,38.65371],[141.41078,38.65118],[141.41048,38.65029],[141.412,38.64942],[141.41269,38.64815]]]},"properties":{"林班":"A147","市町村名称":"南三陸町","旧市町村":null}},
{"type":"Feature","geometry":{"type":"MultiPolygon","coordinates":[[[[141.40172,38.65364],[141.40283,38.65296],[141.40291,38.65228],[141.40511,38.65045],[141.40581,38.65014],[141.40723,38.65046],[141.4084,38.64974],[141.40967,38.64803],[141.40957,38.64618],[141.41048,38.64602],[141.41241,38.64693],[141.41231,38.64834],[141.41269,38.64815],[141.412,38.64942],[141.41048,38.65029],[141.41078,38.65118],[141.41044,38.65371],[141.41097,38.65505],[141.41031,38.65595],[141.40842,38.65716],[141.40741,38.65759],[141.40614,38.65725],[141.40489,38.65698],[141.40432,38.6571],[141.40412,38.65705],[141.40377,38.65677],[141.40294,38.65602],[141.40139,38.65459],[141.40172,38.65364]]],[[[141.40467,38.6571],[141.4042,38.65736],[141.40323,38.65691],[141.40298,38.65612],[141.40408,38.65706],[141.40432,38.65713],[141.40467,38.6571]]]]},"properties":{"林班":"A146","市町村名称":"南三陸町","旧市町村":null}},
{"type":"Feature","geometry":{"type":"MultiPolygon","coordinates":[[[[141.405,38.63749],[141.40647,38.63927],[141.40777,38.63972],[141.40785,38.64113],[141.41005,38.64219],[141.41112,38.64181],[141.41162,38.643],[141.41,38.64277],[141.40737,38.64129],[141.40562,38.64083],[141.40481,38.64185],[141.40359,38.64124],[141.40177,38.63948],[141.40339,38.63913],[141.4045,38.63844],[141.405,38.63749]]],[[[141.40776,38.64362],[141.40881,38.6428],[141.40939,38.64343],[141.4078,38.64363],[141.40776,38.64362]]]]},"properties":{"林班":"A141","市町村名称":"南三陸町","旧市町村":null}},
{"type":"Feature","geometry":{"type":"Polygon","coordinates":[[[141.38975,38.63757],[141.38963,38.63655],[141.3915,38.63367],[141.39223,38.63382],[141.39287,38.63357],[141.3931,38.63348],[141.39374,38.63398],[141.3964,38.63498],[141.39881,38.63514],[141.40163,38.63657],[141.40291,38.63816],[141.40308,38.63823],[141.40379,38.63816],[141.405,38.63749],[141.4045,38.63844],[141.40339,38.63913],[141.40177,38.63948],[141.40088,38.63919],[141.39919,38.63795],[141.39813,38.63773],[141.39723,38.638],[141.394,38.63732],[141.39341,38.63697],[141.39044,38.6373],[141.39004,38.63744],[141.38975,38.63757]]]},"properties":{"林班":"A140","市町村名称":"南三陸町","旧市町村":null}},
{"type":"Feature","geometry":{"type":"Polygon","coordinates":[[[141.39192,38.63869],[141.39196,38.63871],[141.39218,38.63873],[141.39266,38.63901],[141.39328,38.63939],[141.39372,38.64062],[141.39488,38.64157],[141.39607,38.64213],[141.39817,38.64237],[141.39928,38.64337],[141.40137,38.64427],[141.40387,38.64428],[141.40666,38.64448],[141.40568,38.64518],[141.40305,38.64539],[141.40197,38.64599],[141.40093,38.64616],[141.39853,38.64606],[141.39748,38.64535],[141.39574,38.64496],[141.39539,38.64454],[141.39345,38.64377],[141.39205,38.64359],[141.39134,38.64292],[141.38966,38.64248],[141.38914,38.64168],[141.3882,38.64152],[141.38851,38.64035],[141.39057,38.63886],[141.39078,38.63951],[141.39097,38.63956],[141.39078,38.63951],[141.39057,38.63886],[141.39054,38.63828],[141.39058,38.63828],[141.39081,38.6383],[141.39192,38.63869]]]},"properties":{"林班":"A143","市町村名称":"南三陸町","旧市町村":null}},
{"type":"Feature","geometry":{"type":"MultiPolygon","coordinates":[[[[141.39044,38.6373],[141.39341,38.63697],[141.394,38.63732],[141.39723,38.638],[141.39813,38.63773],[141.39919,38.63795],[141.40088,38.63919],[141.40177,38.63948],[141.40359,38.64124],[141.40481,38.64185],[141.40321,38.64235],[141.40259,38.64128],[141.39967,38.64039],[141.39959,38.63965],[141.39828,38.64011],[141.39639,38.63965],[141.39596,38.64025],[141.39811,38.64142],[141.40039,38.64078],[141.40305,38.64307],[141.40435,38.64286],[141.40484,38.6434],[141.40634,38.64392],[141.40666,38.64448],[141.40387,38.64428],[141.40137,38.64427],[141.39928,38.64337],[141.39817,38.64237],[141.39607,38.64213],[141.39488,38.64157],[141.39372,38.64062],[141.39328,38.63939],[141.39266,38.63901],[141.39242,38.63885],[141.39218,38.63873],[141.39196,38.63871],[141.39241,38.6382],[141.39192,38.63869],[141.39081,38.6383],[141.39058,38.63828],[141.39054,38.63828],[141.38975,38.63757],[141.39004,38.63744],[141.39044,38.6373]]],[[[141.4078,38.64363],[141.41048,38.64365],[141.41054,38.64407],[141.40881,38.64411],[141.40776,38.64362],[141.4078,38.64363]]]]},"properties":{"林班":"A142","市町村名称":"南三陸町","旧市町村":null}},
{"type":"Feature","geometry":{"type":"MultiPolygon","coordinates":[[[[141.40043,38.63188],[141.40208,38.62736],[141.40265,38.62689],[141.40274,38.62687],[141.40297,38.62683],[141.40316,38.62682],[141.40348,38.62732],[141.40354,38.62755],[141.40358,38.62811],[141.40415,38.62939],[141.40403,38.63058],[141.40263,38.63003],[141.40215,38.63091],[141.40243,38.63168],[141.40162,38.63145],[141.40043,38.63188]]],[[[141.39942,38.63184],[141.4004,38.6319],[141.40009,38.63316],[141.40074,38.63359],[141.40085,38.63444],[141.4019,38.63497],[141.40376,38.63674],[141.40478,38.63723],[141.40378,38.63813],[141.40312,38.6382],[141.40268,38.63747],[141.40191,38.63686],[141.4013,38.63554],[141.40044,38.63512],[141.39999,38.63431],[141.39884,38.63411],[141.39932,38.6331],[141.39942,38.63184]]],[[[141.40223,38.63372],[141.40194,38.63419],[141.40349,38.6363],[141.40489,38.63674],[141.40497,38.63697],[141.40377,38.63673],[141.40192,38.63498],[141.40168,38.63405],[141.40223,38.63372]]]]},"properties":{"林班":"A138","市町村名称":"南三陸町","旧市町村":null}},
{"type":"Feature","geometry":{"type":"MultiPolygon","coordinates":[[[[141.40429,38.62833],[141.40358,38.62811],[141.40354,38.62755],[141.40365,38.62735],[141.40385,38.62744],[141.40418,38.62766],[141.40432,38.6278],[141.40569,38.62877],[141.40671,38.62898],[141.40679,38.62859],[141.40693,38.62851],[141.40729,38.62835],[141.40923,38.62912],[141.40982,38.62892],[141.41172,38.6291],[141.41214,38.62976],[141.41221,38.63096],[141.41234,38.63353],[141.41218,38.6347],[141.41173,38.63541],[141.41212,38.63593],[141.41147,38.63661],[141.41164,38.63722],[141.41104,38.63768],[141.41211,38.639],[141.41201,38.64014],[141.41259,38.64083],[141.4138,38.64144],[141.41473,38.64176],[141.41476,38.64174],[141.41479,38.64239],[141.41484,38.64279],[141.41376,38.64348],[141.41314,38.64291],[141.41179,38.64101],[141.41095,38.64064],[141.41072,38.63955],[141.40959,38.63826],[141.40954,38.63721],[141.41028,38.63605],[141.4106,38.63398],[141.41011,38.63357],[141.4096,38.63356],[141.40944,38.63338],[141.40942,38.63332],[141.4093,38.63323],[141.40884,38.63303],[141.40703,38.63456],[141.40696,38.63679],[141.4065,38.63763],[141.4049,38.63672],[141.40351,38.6363],[141.40197,38.63419],[141.40223,38.63372],[141.4026,38.63345],[141.40243,38.63168],[141.40215,38.63091],[141.40263,38.63003],[141.40403,38.63058],[141.40415,38.62939],[141.40358,38.62811],[141.40429,38.62833]]],[[[141.40798,38.63381],[141.40866,38.63328],[141.40902,38.6332],[141.40936,38.63328],[141.40942,38.63339],[141.40959,38.63357],[141.40987,38.63376],[141.41011,38.63438],[141.40984,38.63618],[141.40893,38.63782],[141.40755,38.63742],[141.40755,38.63637],[141.4071,38.63603],[141.40705,38.63457],[141.40798,38.63381]]]]},"properties":{"林班":"A137","市町村名称":"南三陸町","旧市町村":null}},
{"type":"Feature","geometry":{"type":"MultiPolygon","coordinates":[[[[141.39391,38.63069],[141.39422,38.62895],[141.39463,38.62811],[141.39587,38.62717],[141.39653,38.62724],[141.39839,38.63043],[141.39896,38.6318],[141.39852,38.63234],[141.39838,38.63359],[141.39721,38.6346],[141.3963,38.63405],[141.39558,38.633],[141.39556,38.63403],[141.39377,38.63348],[141.3931,38.63346],[141.39196,38.63376],[141.39225,38.63149],[141.39339,38.6314],[141.39391,38.63069]]],[[[141.3931,38.63348],[141.39377,38.6335],[141.39554,38.63404],[141.39497,38.63429],[141.39374,38.63398],[141.3931,38.63348]]],[[[141.39807,38.62608],[141.40004,38.62502],[141.40119,38.6251],[141.40335,38.62447],[141.40337,38.62467],[141.40334,38.62493],[141.40338,38.62526],[141.40341,38.62564],[141.40344,38.62608],[141.40315,38.62667],[141.40297,38.62683],[141.40274,38.62687],[141.40245,38.62687],[141.40265,38.62689],[141.40208,38.62736],[141.40043,38.63188],[141.4004,38.6319],[141.39942,38.63184],[141.39959,38.6316],[141.39866,38.6298],[141.39761,38.62834],[141.39793,38.62702],[141.39737,38.62656],[141.39807,38.62608],[141.39853,38.62611],[141.39807,38.62608]]]]},"properties":{"林班":"A139","市町村名称":"南三陸町","旧市町村":null}},
{"type":"Feature","geometry":{"type":"Polygon","coordinates":[[[141.40103,38.61911],[141.40113,38.61861],[141.40035,38.61754],[141.39986,38.61624],[141.40015,38.61538],[141.3999,38.61388],[141.40029,38.61203],[141.40132,38.612],[141.40037,38.61013],[141.40142,38.60946],[141.4035,38.60963],[141.40415,38.6099],[141.40518,38.60947],[141.40765,38.61055],[141.40943,38.611],[141.40833,38.61149],[141.40787,38.6119],[141.40742,38.61178],[141.40658,38.61183],[141.40666,38.61203],[141.40703,38.61191],[141.40761,38.61207],[141.40734,38.61257],[141.40729,38.61324],[141.40727,38.61326],[141.40678,38.61306],[141.40726,38.61327],[141.40727,38.61328],[141.4073,38.61331],[141.40737,38.61348],[141.40748,38.6136],[141.40785,38.61389],[141.40786,38.6139],[141.40846,38.61468],[141.40893,38.61515],[141.40906,38.6152],[141.40949,38.6157],[141.40993,38.61733],[141.41065,38.61787],[141.41129,38.61901],[141.40775,38.61813],[141.41133,38.61913],[141.41189,38.61983],[141.41217,38.62106],[141.41074,38.62086],[141.40897,38.62014],[141.4072,38.61971],[141.40588,38.61986],[141.40554,38.61938],[141.40517,38.61929],[141.40471,38.61927],[141.40471,38.61924],[141.405,38.61912],[141.40471,38.61924],[141.40351,38.61902],[141.40197,38.61912],[141.40118,38.61914],[141.40103,38.61911]]]},"properties":{"林班":"A134","市町村名称":"南三陸町","旧市町村":null}},
{"type":"Feature","geometry":{"type":"Polygon","coordinates":[[[141.40729,38.61324],[141.40766,38.61308],[141.40739,38.61263],[141.40767,38.61201],[141.40789,38.61194],[141.40829,38.61158],[141.40958,38.61099],[141.41056,38.61211],[141.41237,38.61194],[141.41401,38.61254],[141.41519,38.61268],[141.41653,38.61387],[141.41814,38.61631],[141.41903,38.61592],[141.42034,38.61782],[141.41995,38.62076],[141.41865,38.62098],[141.41542,38.6234],[141.41452,38.62378],[141.41354,38.62487],[141.41302,38.62324],[141.41324,38.62262],[141.41232,38.62209],[141.4124,38.62006],[141.41065,38.61787],[141.40993,38.61733],[141.40949,38.6157],[141.40906,38.6152],[141.40893,38.61515],[141.40846,38.61468],[141.40786,38.6139],[141.40785,38.61389],[141.40748,38.6136],[141.40737,38.61348],[141.4073,38.61331],[141.40727,38.61328],[141.40726,38.61327],[141.40727,38.61326],[141.40729,38.61324]]]},"properties":{"林班":"A133","市町村名称":"南三陸町","旧市町村":null}},
{"type":"Feature","geometry":{"type":"MultiPolygon","coordinates":[[[[141.4138,38.64144],[141.41259,38.64083],[141.41201,38.64014],[141.41211,38.639],[141.41104,38.63768],[141.41164,38.63722],[141.4129,38.63784],[141.41432,38.63896],[141.41482,38.63976],[141.4159,38.63974],[141.41565,38.64124],[141.41442,38.64057],[141.4138,38.64144]]],[[[141.41885,38.64109],[141.41728,38.64204],[141.41573,38.6413],[141.41592,38.63975],[141.41639,38.63972],[141.41754,38.64069],[141.41885,38.64109]]],[[[141.41544,38.64309],[141.41651,38.64208],[141.41759,38.64252],[141.4164,38.64327],[141.41544,38.64309]]],[[[141.41404,38.64346],[141.41646,38.64407],[141.41938,38.64307],[141.42174,38.64398],[141.42268,38.64458],[141.42419,38.64484],[141.42607,38.64574],[141.42464,38.64667],[141.42294,38.64696],[141.4217,38.6465],[141.42137,38.64718],[141.41767,38.64571],[141.41702,38.64494],[141.41436,38.64408],[141.41404,38.64346]]],[[[141.42573,38.64402],[141.42448,38.64434],[141.42254,38.64389],[141.41992,38.64254],[141.41834,38.64241],[141.41927,38.6414],[141.42006,38.6415],[141.42125,38.64125],[141.42279,38.64228],[141.42371,38.6433],[141.42573,38.64402]]]]},"properties":{"林班":"A136","市町村名称":"南三陸町","旧市町村":null}},
{"type":"Feature","geometry":{"type":"Polygon","coordinates":[[[141.40197,38.61912],[141.40351,38.61902],[141.40471,38.61924],[141.40471,38.61927],[141.40517,38.61929],[141.40554,38.61938],[141.40588,38.61986],[141.4072,38.61971],[141.40897,38.62014],[141.41074,38.62086],[141.41217,38.62106],[141.41224,38.62214],[141.41263,38.62248],[141.41314,38.62494],[141.41365,38.62542],[141.41398,38.62678],[141.41381,38.62778],[141.41423,38.62887],[141.41531,38.62947],[141.41428,38.63067],[141.41399,38.63161],[141.41221,38.63096],[141.41214,38.62976],[141.41172,38.6291],[141.40982,38.62892],[141.40923,38.62912],[141.40729,38.62835],[141.40693,38.62851],[141.40679,38.62859],[141.40671,38.62898],[141.40569,38.62877],[141.40432,38.6278],[141.40418,38.62766],[141.40385,38.62744],[141.40365,38.62735],[141.40348,38.62732],[141.40316,38.62682],[141.40315,38.62667],[141.40344,38.62608],[141.40341,38.62564],[141.40338,38.62526],[141.40334,38.62493],[141.40453,38.62487],[141.40571,38.62543],[141.40704,38.62563],[141.40701,38.62579],[141.40704,38.62563],[141.40571,38.62543],[141.40453,38.62487],[141.40337,38.62467],[141.40335,38.62447],[141.40317,38.62258],[141.40255,38.62129],[141.40327,38.62128],[141.40355,38.62136],[141.40398,38.62151],[141.40355,38.62136],[141.40327,38.62128],[141.40182,38.62034],[141.40103,38.61911],[141.40118,38.61914],[141.40197,38.61912]]]},"properties":{"林班":"A135","市町村名称":"南三陸町","旧市町村":null}},
{"type":"Feature","geometry":{"type":"MultiPolygon","coordinates":[[[[141.43057,38.62947],[141.43189,38.63011],[141.43184,38.63078],[141.43277,38.63169],[141.43611,38.63225],[141.43651,38.63281],[141.43762,38.63274],[141.43942,38.6332],[141.43998,38.6345],[141.44138,38.63466],[141.4415,38.63485],[141.44193,38.63523],[141.44385,38.6359],[141.44221,38.63573],[141.44124,38.63593],[141.43943,38.63716],[141.4382,38.63731],[141.43791,38.63894],[141.43917,38.63969],[141.43902,38.64047],[141.43821,38.64105],[141.43778,38.6422],[141.43609,38.64165],[141.43588,38.64006],[141.43704,38.64042],[141.43759,38.63961],[141.43578,38.63982],[141.43519,38.64071],[141.43377,38.63995],[141.43349,38.64083],[141.43482,38.64098],[141.4355,38.6419],[141.43582,38.64332],[141.43362,38.64225],[141.43369,38.64101],[141.43257,38.64098],[141.43208,38.63964],[141.43023,38.63912],[141.43059,38.63819],[141.43076,38.63618],[141.42969,38.63556],[141.43046,38.63453],[141.43082,38.63308],[141.43061,38.63229],[141.42958,38.63084],[141.43057,38.62947]]],[[[141.44074,38.63889],[141.44124,38.63944],[141.44048,38.64108],[141.43937,38.64058],[141.44074,38.63889]]]]},"properties":{"林班":"A130","市町村名称":"南三陸町","旧市町村":null}},
{"type":"Feature","geometry":{"type":"MultiPolygon","coordinates":[[[[141.41221,38.63096],[141.41399,38.63161],[141.41428,38.63067],[141.41481,38.63284],[141.41569,38.63331],[141.4156,38.63498],[141.41643,38.63598],[141.41672,38.63698],[141.41996,38.63912],[141.42092,38.6403],[141.42,38.64111],[141.41885,38.64109],[141.41754,38.64069],[141.41639,38.63972],[141.41592,38.63975],[141.4159,38.63974],[141.41482,38.63976],[141.41432,38.63896],[141.4129,38.63784],[141.41164,38.63722],[141.41147,38.63661],[141.41212,38.63593],[141.41173,38.63541],[141.41218,38.6347],[141.41234,38.63353],[141.41221,38.63096]]],[[[141.41728,38.63421],[141.41755,38.63463],[141.41935,38.63433],[141.42002,38.63559],[141.42043,38.63551],[141.42006,38.63464],[141.42058,38.63461],[141.42094,38.63483],[141.42097,38.63523],[141.42163,38.63585],[141.42182,38.63641],[141.42148,38.63686],[141.41987,38.6367],[141.41885,38.63556],[141.41756,38.63503],[141.41728,38.63421]]],[[[141.41927,38.6414],[141.42022,38.64138],[141.42131,38.64082],[141.42386,38.64162],[141.42475,38.64224],[141.42497,38.64318],[141.42573,38.64402],[141.42371,38.6433],[141.42279,38.64228],[141.42125,38.64125],[141.42006,38.6415],[141.41927,38.6414]]],[[[141.42261,38.63472],[141.42235,38.63625],[141.42183,38.6364],[141.42161,38.63578],[141.42099,38.63523],[141.42096,38.63482],[141.42072,38.63451],[141.42261,38.63472]]]]},"properties":{"林班":"A132","市町村名称":"南三陸町","旧市町村":null}},
{"type":"Feature","geometry":{"type":"MultiPolygon","coordinates":[[[[141.43257,38.64098],[141.43042,38.64021],[141.42942,38.63952],[141.42868,38.64051],[141.42743,38.64124],[141.42618,38.64012],[141.42661,38.63838],[141.42591,38.63784],[141.42572,38.6368],[141.42715,38.63549],[141.42678,38.63349],[141.42762,38.6323],[141.42958,38.63084],[141.43061,38.63229],[141.43082,38.63308],[141.43046,38.63453],[141.42969,38.63556],[141.43076,38.63618],[141.43059,38.63819],[141.43023,38.63912],[141.43208,38.63964],[141.43257,38.64098]]],[[[141.42758,38.64132],[141.42891,38.64071],[141.43097,38.64161],[141.43168,38.64122],[141.43217,38.6427],[141.43082,38.64361],[141.43021,38.64362],[141.42939,38.64372],[141.42861,38.64311],[141.42838,38.64203],[141.42758,38.64132]]],[[[141.42949,38.64407],[141.42952,38.6437],[141.43083,38.64362],[141.43251,38.64301],[141.43335,38.64428],[141.43547,38.64466],[141.43682,38.64647],[141.43512,38.64678],[141.43106,38.64672],[141.43031,38.64652],[141.43008,38.64482],[141.42949,38.64407]]]]},"properties":{"林班":"A131","市町村名称":"南三陸町","旧市町村":null}},
{"type":"Feature","geometry":{"type":"MultiPolygon","coordinates":[[[[141.46285,38.64118],[141.46196,38.64117],[141.46077,38.63969],[141.46057,38.63901],[141.45875,38.63697],[141.45949,38.6362],[141.45892,38.63562],[141.45803,38.63577],[141.45723,38.63365],[141.45641,38.63276],[141.45745,38.6325],[141.45706,38.63151],[141.45738,38.63062],[141.4564,38.63009],[141.45694,38.62834],[141.45928,38.62729],[141.45938,38.6268],[141.4614,38.62723],[141.46175,38.62714],[141.46222,38.62685],[141.4626,38.62679],[141.46287,38.62649],[141.46444,38.62652],[141.46506,38.62594],[141.46624,38.62609],[141.46802,38.62595],[141.46853,38.62724],[141.46715,38.62806],[141.46733,38.62892],[141.46589,38.63019],[141.46559,38.63088],[141.46369,38.63123],[141.46354,38.63179],[141.46185,38.63366],[141.46226,38.63476],[141.46257,38.63684],[141.46188,38.63769],[141.46285,38.64118]]],[[[141.45181,38.62918],[141.45287,38.62885],[141.45372,38.62952],[141.45487,38.62949],[141.45387,38.63177],[141.45292,38.63122],[141.45177,38.62947],[141.45181,38.62918]]],[[[141.45822,38.62539],[141.45982,38.62431],[141.46085,38.62437],[141.4617,38.62574],[141.46087,38.62579],[141.4606,38.6259],[141.45998,38.62564],[141.45981,38.62523],[141.46023,38.62475],[141.45938,38.62485],[141.45822,38.62539]]],[[[141.45979,38.62543],[141.45996,38.62565],[141.46023,38.62583],[141.46061,38.62592],[141.46091,38.6258],[141.46123,38.62635],[141.4629,38.62644],[141.46167,38.62714],[141.46092,38.62711],[141.46059,38.62693],[141.45944,38.62677],[141.45979,38.62543]]]]},"properties":{"林班":"A127","市町村名称":"南三陸町","旧市町村":null}},
{"type":"Feature","geometry":{"type":"MultiPolygon","coordinates":[[[[141.46285,38.64118],[141.46188,38.63769],[141.46257,38.63684],[141.46226,38.63476],[141.46185,38.63366],[141.46354,38.63179],[141.46369,38.63123],[141.46559,38.63088],[141.46589,38.63019],[141.46733,38.62892],[141.46715,38.62806],[141.46853,38.62724],[141.47064,38.62776],[141.47006,38.62917],[141.46926,38.62982],[141.46911,38.63164],[141.46743,38.63247],[141.46679,38.63233],[141.46654,38.63242],[141.46421,38.63481],[141.46416,38.63583],[141.46496,38.63734],[141.4643,38.63842],[141.46319,38.63801],[141.46325,38.63922],[141.46389,38.63994],[141.46285,38.64118]]],[[[141.46967,38.63788],[141.46951,38.6384],[141.46993,38.63998],[141.4694,38.64038],[141.46867,38.64114],[141.46627,38.6413],[141.46509,38.64051],[141.46534,38.63881],[141.46464,38.6382],[141.46512,38.63744],[141.46421,38.63582],[141.4643,38.63479],[141.46516,38.63415],[141.46675,38.6324],[141.46709,38.63263],[141.46779,38.63262],[141.46801,38.63313],[141.46937,38.63374],[141.46949,38.63414],[141.46946,38.63454],[141.46962,38.63468],[141.46991,38.63539],[141.46993,38.63572],[141.46961,38.63699],[141.46973,38.63723],[141.46984,38.63726],[141.46985,38.63744],[141.46967,38.63788]]],[[[141.46975,38.63312],[141.46934,38.63361],[141.46813,38.63305],[141.46858,38.63241],[141.46963,38.63207],[141.46992,38.63277],[141.46975,38.63312]]]]},"properties":{"林班":"A126","市町村名称":"南三陸町","旧市町村":null}},
{"type":"Feature","geometry":{"type":"MultiPolygon","coordinates":[[[[141.44066,38.63113],[141.44267,38.63028],[141.44326,38.62965],[141.44495,38.63069],[141.44352,38.63162],[141.44548,38.63157],[141.44631,38.63213],[141.44542,38.63285],[141.44783,38.63425],[141.44765,38.63544],[141.44889,38.63611],[141.44722,38.63673],[141.44654,38.63728],[141.44385,38.6359],[141.44193,38.63523],[141.4415,38.63485],[141.44138,38.63466],[141.43998,38.6345],[141.43942,38.6332],[141.43762,38.63274],[141.43651,38.63281],[141.43611,38.63225],[141.43721,38.63118],[141.43801,38.63105],[141.43994,38.63133],[141.44066,38.63113]]],[[[141.44471,38.63907],[141.44594,38.64033],[141.44543,38.64059],[141.44551,38.64258],[141.4449,38.64248],[141.44447,38.64127],[141.44471,38.63907]]],[[[141.44583,38.63908],[141.44653,38.63928],[141.44708,38.63845],[141.44886,38.64054],[141.44844,38.64223],[141.44624,38.64156],[141.44643,38.64011],[141.44583,38.63908]]],[[[141.45395,38.63869],[141.45386,38.63988],[141.45097,38.63884],[141.44993,38.63928],[141.44937,38.63807],[141.45062,38.6377],[141.45204,38.63653],[141.45291,38.63766],[141.45393,38.63749],[141.45395,38.63869]]]]},"properties":{"林班":"A129","市町村名称":"南三陸町","旧市町村":null}},
{"type":"Feature","geometry":{"type":"MultiPolygon","coordinates":[[[[141.43324,38.62328],[141.4292,38.62177],[141.42916,38.62141],[141.43136,38.62078],[141.435,38.6207],[141.43619,38.62137],[141.436,38.62235],[141.43735,38.62341],[141.4358,38.62373],[141.43532,38.62335],[141.43324,38.62328]]],[[[141.43324,38.62328],[141.43384,38.6243],[141.43258,38.62481],[141.4309,38.62348],[141.43224,38.62292],[141.43324,38.62328]]],[[[141.43057,38.62947],[141.43201,38.62941],[141.43335,38.62885],[141.4353,38.62854],[141.43599,38.628],[141.43535,38.62717],[141.43664,38.62491],[141.43765,38.62399],[141.43821,38.62496],[141.43959,38.62593],[141.4411,38.62877],[141.44302,38.62974],[141.44265,38.63026],[141.44066,38.63113],[141.43994,38.63133],[141.43801,38.63105],[141.43721,38.63118],[141.43611,38.63225],[141.43277,38.63169],[141.43184,38.63078],[141.43189,38.63011],[141.43057,38.62947]]],[[[141.43563,38.61912],[141.43545,38.61839],[141.43686,38.61732],[141.43741,38.61798],[141.43563,38.61912]]],[[[141.43635,38.61979],[141.43736,38.61978],[141.43825,38.61932],[141.43885,38.61982],[141.43668,38.62165],[141.43635,38.61979]]],[[[141.43742,38.62118],[141.43962,38.61934],[141.44131,38.62041],[141.442,38.62247],[141.44032,38.62412],[141.43874,38.62322],[141.43742,38.62118]]],[[[141.44807,38.62858],[141.44915,38.62832],[141.4485,38.63024],[141.44726,38.6295],[141.44807,38.62858]]],[[[141.44933,38.62998],[141.45047,38.62875],[141.4512,38.63033],[141.45104,38.63094],[141.44851,38.63042],[141.44933,38.62998]]]]},"properties":{"林班":"A128","市町村名称":"南三陸町","旧市町村":null}},
{"type":"Feature","geometry":{"type":"MultiPolygon","coordinates":[[[[141.48411,38.63144],[141.48344,38.63159],[141.48214,38.63213],[141.48145,38.632],[141.48195,38.63107],[141.48195,38.6305],[141.48275,38.63015],[141.48283,38.62949],[141.48347,38.62991],[141.48351,38.63007],[141.48337,38.63028],[141.48339,38.63036],[141.4835,38.63083],[141.48381,38.63108],[141.48386,38.63133],[141.48411,38.63144]]],[[[141.4808,38.63299],[141.48133,38.63257],[141.4814,38.63233],[141.48215,38.63215],[141.48411,38.63144],[141.48396,38.63171],[141.48427,38.63218],[141.484,38.63341],[141.48417,38.63452],[141.48474,38.63472],[141.48488,38.63534],[141.4847,38.63567],[141.48482,38.63576],[141.48526,38.63586],[141.48554,38.63634],[141.4852,38.63653],[141.48522,38.63689],[141.48593,38.63797],[141.4849,38.63803],[141.48379,38.6374],[141.48185,38.63745],[141.48095,38.63555],[141.48091,38.63384],[141.4808,38.63299]]],[[[141.48876,38.63662],[141.48851,38.63745],[141.48729,38.63771],[141.48673,38.63605],[141.48579,38.63726],[141.48529,38.63689],[141.48521,38.63657],[141.48561,38.6364],[141.48566,38.63614],[141.48523,38.6358],[141.48489,38.63575],[141.48499,38.63552],[141.48495,38.63527],[141.4848,38.63469],[141.48427,38.63453],[141.48406,38.63338],[141.48429,38.63215],[141.48399,38.63171],[141.48415,38.63141],[141.48394,38.63136],[141.48383,38.63107],[141.48353,38.63083],[141.48372,38.63056],[141.48339,38.63029],[141.48353,38.63007],[141.48349,38.62989],[141.48286,38.62944],[141.48354,38.62948],[141.48542,38.63092],[141.48602,38.63079],[141.48664,38.63174],[141.48639,38.63258],[141.48796,38.63472],[141.48798,38.63475],[141.48876,38.63662]]],[[[141.48948,38.64443],[141.48831,38.64462],[141.48702,38.64239],[141.4883,38.64166],[141.48906,38.64393],[141.48948,38.64443]]]]},"properties":{"林班":"A123","市町村名称":"南三陸町","旧市町村":null}},
{"type":"Feature","geometry":{"type":"Polygon","coordinates":[[[141.48602,38.63079],[141.48636,38.62954],[141.48718,38.62796],[141.48784,38.62798],[141.48807,38.62849],[141.48846,38.62861],[141.48926,38.62866],[141.48942,38.62915],[141.49027,38.62987],[141.49047,38.62995],[141.49092,38.62994],[141.49133,38.63037],[141.49129,38.63071],[141.49113,38.63129],[141.49192,38.63247],[141.49169,38.63368],[141.49193,38.63548],[141.49017,38.63702],[141.48876,38.63662],[141.48798,38.63475],[141.48796,38.63472],[141.48639,38.63258],[141.48664,38.63174],[141.48602,38.63079]]]},"properties":{"林班":"A122","市町村名称":"南三陸町","旧市町村":null}},
{"type":"Feature","geometry":{"type":"MultiPolygon","coordinates":[[[[141.46975,38.63312],[141.46992,38.63277],[141.47091,38.63268],[141.471,38.63269],[141.47164,38.63289],[141.47037,38.63372],[141.47045,38.63416],[141.47114,38.63556],[141.47148,38.63703],[141.47208,38.63753],[141.47208,38.63807],[141.47168,38.63835],[141.47203,38.63849],[141.47223,38.63828],[141.47243,38.63861],[141.47178,38.63954],[141.47166,38.63981],[141.47128,38.64024],[141.46997,38.64036],[141.47037,38.64173],[141.4695,38.64114],[141.46943,38.64042],[141.47003,38.64],[141.46964,38.63873],[141.46966,38.63801],[141.46987,38.63787],[141.46999,38.63735],[141.46992,38.63723],[141.46976,38.63721],[141.46981,38.63669],[141.46995,38.63599],[141.46996,38.63533],[141.4697,38.63471],[141.46951,38.63451],[141.4695,38.63364],[141.46975,38.63312]]],[[[141.46967,38.63788],[141.46985,38.63744],[141.46984,38.63726],[141.46994,38.63732],[141.46982,38.63786],[141.46967,38.63788]]],[[[141.47171,38.63296],[141.47097,38.63381],[141.47148,38.63502],[141.47352,38.63709],[141.47471,38.63788],[141.47444,38.63924],[141.47507,38.64021],[141.47441,38.64102],[141.47443,38.64256],[141.47283,38.6418],[141.47209,38.64184],[141.47113,38.64286],[141.47042,38.64259],[141.47056,38.64106],[141.4713,38.64025],[141.47168,38.63982],[141.47179,38.63955],[141.47225,38.63895],[141.47239,38.63888],[141.47246,38.63861],[141.47242,38.6385],[141.4721,38.63752],[141.4715,38.63702],[141.47116,38.63555],[141.47041,38.63387],[141.47162,38.63293],[141.47171,38.63296]]]]},"properties":{"林班":"A125","市町村名称":"南三陸町","旧市町村":null}},
{"type":"Feature","geometry":{"type":"Polygon","coordinates":[[[141.47443,38.6355],[141.47626,38.6342],[141.47594,38.63318],[141.47662,38.63257],[141.47632,38.63041],[141.47606,38.62978],[141.4772,38.62928],[141.47786,38.62914],[141.47944,38.63155],[141.48004,38.63212],[141.48074,38.634],[141.48074,38.63544],[141.48116,38.63619],[141.48115,38.63734],[141.48201,38.63792],[141.48059,38.64012],[141.47968,38.63943],[141.47807,38.63932],[141.47774,38.63976],[141.47617,38.63994],[141.47563,38.64155],[141.47646,38.64309],[141.47524,38.64317],[141.4751,38.64123],[141.47576,38.63874],[141.47531,38.63699],[141.47425,38.63692],[141.47442,38.63684],[141.47488,38.63629],[141.47443,38.6355]]]},"properties":{"林班":"A124","市町村名称":"南三陸町","旧市町村":null}},
{"type":"Feature","geometry":{"type":"Polygon","coordinates":[[[141.47504,38.62313],[141.47743,38.62235],[141.47861,38.62244],[141.48168,38.62355],[141.48235,38.62552],[141.48334,38.62638],[141.4834,38.62704],[141.48567,38.62726],[141.48673,38.6274],[141.48718,38.62796],[141.48636,38.62954],[141.48602,38.63079],[141.48542,38.63092],[141.48354,38.62948],[141.48286,38.62944],[141.48044,38.62819],[141.47943,38.62787],[141.4791,38.62762],[141.47889,38.62727],[141.47778,38.62676],[141.47753,38.62632],[141.47709,38.62609],[141.47638,38.62542],[141.4753,38.62471],[141.47569,38.624],[141.47483,38.62324],[141.47504,38.62313]]]},"properties":{"林班":"A121","市町村名称":"南三陸町","旧市町村":null}},
{"type":"Feature","geometry":{"type":"Polygon","coordinates":[[[141.48334,38.62638],[141.48235,38.62552],[141.48168,38.62355],[141.47861,38.62244],[141.47743,38.62235],[141.47504,38.62313],[141.47483,38.62324],[141.47488,38.62085],[141.47649,38.62049],[141.47843,38.62043],[141.47912,38.61956],[141.47979,38.62],[141.48181,38.61971],[141.48286,38.61992],[141.48474,38.61965],[141.4844,38.62088],[141.48463,38.62177],[141.48439,38.62191],[141.4847,38.62183],[141.4854,38.62243],[141.48668,38.62265],[141.4867,38.62269],[141.48702,38.62316],[141.48683,38.62325],[141.48602,38.62443],[141.48683,38.62492],[141.48682,38.62605],[141.48784,38.62798],[141.48718,38.62796],[141.48673,38.6274],[141.48567,38.62726],[141.48334,38.62638]]]},"properties":{"林班":"A120","市町村名称":"南三陸町","旧市町村":null}},
{"type":"Feature","geometry":{"type":"MultiPolygon","coordinates":[[[[141.48474,38.61965],[141.4857,38.61862],[141.48717,38.61975],[141.48852,38.62049],[141.49072,38.62087],[141.49124,38.62148],[141.49385,38.62301],[141.49425,38.62426],[141.49536,38.62557],[141.49327,38.62836],[141.49354,38.63014],[141.49297,38.63072],[141.49332,38.63175],[141.49316,38.63255],[141.49204,38.63306],[141.49246,38.63215],[141.49123,38.63129],[141.49147,38.6305],[141.49116,38.62998],[141.49089,38.62987],[141.49047,38.62991],[141.49002,38.62933],[141.48953,38.62919],[141.48935,38.62863],[141.48841,38.62857],[141.4881,38.62841],[141.48784,38.62798],[141.48682,38.62605],[141.48683,38.62492],[141.48602,38.62443],[141.48683,38.62325],[141.48702,38.62316],[141.4867,38.62269],[141.48668,38.62265],[141.4854,38.62243],[141.4847,38.62183],[141.48463,38.62177],[141.4844,38.62088],[141.48474,38.61965]]],[[[141.49129,38.63071],[141.49133,38.63037],[141.49092,38.62994],[141.49109,38.62999],[141.49137,38.63044],[141.49129,38.63071]]]]},"properties":{"林班":"A119","市町村名称":"南三陸町","旧市町村":null}},
{"type":"Feature","geometry":{"type":"MultiPolygon","coordinates":[[[[141.49536,38.62557],[141.49425,38.62426],[141.49485,38.62451],[141.49582,38.6249],[141.49695,38.6258],[141.49778,38.62702],[141.49876,38.62959],[141.49943,38.63067],[141.50104,38.6314],[141.50223,38.63209],[141.50218,38.63231],[141.50223,38.63246],[141.50244,38.63262],[141.50256,38.63263],[141.50286,38.6328],[141.50373,38.63381],[141.50427,38.6343],[141.50382,38.63495],[141.50423,38.63636],[141.50342,38.63633],[141.50156,38.63684],[141.50034,38.63544],[141.49927,38.63459],[141.49868,38.63548],[141.49895,38.63612],[141.49814,38.63695],[141.49849,38.63794],[141.4982,38.63784],[141.49705,38.63719],[141.49714,38.63688],[141.49572,38.63575],[141.49585,38.63517],[141.49615,38.63481],[141.49633,38.63248],[141.49547,38.62983],[141.49607,38.62912],[141.49606,38.62787],[141.49661,38.62732],[141.49536,38.62557]]],[[[141.49865,38.63978],[141.49961,38.63923],[141.50001,38.63987],[141.50133,38.63983],[141.50277,38.64048],[141.50377,38.63963],[141.50435,38.6396],[141.50355,38.64153],[141.50184,38.64128],[141.50169,38.64049],[141.50053,38.64047],[141.49945,38.64],[141.49865,38.63978]]],[[[141.50112,38.63863],[141.50255,38.63867],[141.50198,38.63947],[141.50112,38.63863]]]]},"properties":{"林班":"A116","市町村名称":"南三陸町","旧市町村":null}},
{"type":"Feature","geometry":{"type":"Polygon","coordinates":[[[141.49485,38.62451],[141.49556,38.62435],[141.49774,38.62527],[141.49847,38.62587],[141.49906,38.6272],[141.49922,38.62888],[141.49959,38.62944],[141.50219,38.63076],[141.50337,38.63194],[141.50459,38.63257],[141.505,38.63304],[141.50618,38.63269],[141.50732,38.63288],[141.50831,38.63388],[141.50725,38.6337],[141.50668,38.63462],[141.50819,38.63505],[141.50797,38.63585],[141.50717,38.63639],[141.5047,38.63606],[141.50445,38.63453],[141.50429,38.63428],[141.50376,38.6338],[141.50288,38.63278],[141.50258,38.63261],[141.50241,38.63258],[141.50221,38.6323],[141.50226,38.63208],[141.50104,38.6314],[141.49943,38.63067],[141.49876,38.62959],[141.49778,38.62702],[141.49695,38.6258],[141.49582,38.6249],[141.49485,38.62451]]]},"properties":{"林班":"A115","市町村名称":"南三陸町","旧市町村":null}},
{"type":"Feature","geometry":{"type":"Polygon","coordinates":[[[141.49204,38.63306],[141.49316,38.63255],[141.49332,38.63175],[141.49297,38.63072],[141.49354,38.63014],[141.49327,38.62836],[141.49536,38.62557],[141.49661,38.62732],[141.49606,38.62787],[141.49607,38.62912],[141.49547,38.62983],[141.49633,38.63248],[141.49615,38.63481],[141.49585,38.63517],[141.49572,38.63575],[141.49714,38.63688],[141.49705,38.63719],[141.49678,38.63849],[141.4982,38.63784],[141.49849,38.63794],[141.49751,38.63923],[141.49646,38.63899],[141.4957,38.63841],[141.4929,38.63823],[141.4927,38.63696],[141.49351,38.6342],[141.49285,38.63417],[141.49204,38.63306]]]},"properties":{"林班":"A118","市町村名称":"南三陸町","旧市町村":null}},
{"type":"Feature","geometry":{"type":"MultiPolygon","coordinates":[[[[141.49311,38.64097],[141.49386,38.64102],[141.49369,38.6428],[141.49304,38.64261],[141.4926,38.6417],[141.49311,38.64097]]],[[[141.48906,38.64393],[141.48948,38.64371],[141.48917,38.64253],[141.48973,38.64228],[141.49023,38.64369],[141.48948,38.64443],[141.48906,38.64393]]],[[[141.49597,38.64399],[141.49672,38.64345],[141.49727,38.64426],[141.4959,38.6448],[141.49597,38.64399]]],[[[141.50002,38.64047],[141.49953,38.64044],[141.49911,38.6407],[141.49901,38.64112],[141.49799,38.64091],[141.49706,38.64093],[141.49746,38.64053],[141.49855,38.64073],[141.49982,38.64016],[141.50002,38.64047]]]]},"properties":{"林班":"A117","市町村名称":"南三陸町","旧市町村":null}},
{"type":"Feature","geometry":{"type":"Polygon","coordinates":[[[141.50456,38.61644],[141.50396,38.61553],[141.50665,38.61524],[141.50724,38.61467],[141.50832,38.61474],[141.50897,38.6159],[141.50872,38.61679],[141.51047,38.61747],[141.51134,38.61888],[141.51434,38.62222],[141.51417,38.62277],[141.51352,38.62308],[141.51338,38.62314],[141.5123,38.6238],[141.51182,38.6246],[141.51242,38.62563],[141.51214,38.62763],[141.51179,38.62854],[141.51256,38.62946],[141.51454,38.63129],[141.51551,38.63216],[141.51492,38.63279],[141.51508,38.63387],[141.51347,38.63406],[141.51298,38.63448],[141.51183,38.63421],[141.51134,38.63235],[141.50961,38.63293],[141.50974,38.63091],[141.5103,38.63066],[141.5106,38.62919],[141.50973,38.6275],[141.5097,38.62513],[141.50854,38.62375],[141.50759,38.62337],[141.5068,38.61996],[141.50623,38.61936],[141.50549,38.61783],[141.50508,38.61718],[141.50508,38.61706],[141.50456,38.61644]]]},"properties":{"林班":"A112","市町村名称":"南三陸町","旧市町村":null}},
{"type":"Feature","geometry":{"type":"MultiPolygon","coordinates":[[[[141.51411,38.63514],[141.51541,38.63507],[141.5158,38.63595],[141.51317,38.63673],[141.51303,38.63611],[141.51411,38.63514]]],[[[141.51582,38.63409],[141.51716,38.63489],[141.51806,38.63608],[141.51693,38.63677],[141.51625,38.63635],[141.51582,38.63409]]]]},"properties":{"林班":"A111","市町村名称":"南三陸町","旧市町村":null}},
{"type":"Feature","geometry":{"type":"Polygon","coordinates":[[[141.49555,38.62074],[141.49705,38.62155],[141.4999,38.62246],[141.50018,38.62273],[141.50292,38.62359],[141.50373,38.62408],[141.50414,38.62422],[141.50644,38.62429],[141.50705,38.62472],[141.50844,38.62523],[141.50925,38.62823],[141.50994,38.62897],[141.50982,38.6298],[141.50885,38.63056],[141.50843,38.63265],[141.50877,38.63334],[141.50831,38.63388],[141.50732,38.63288],[141.50618,38.63269],[141.505,38.63304],[141.50459,38.63257],[141.50337,38.63194],[141.50219,38.63076],[141.49959,38.62944],[141.49922,38.62888],[141.49906,38.6272],[141.49847,38.62587],[141.49774,38.62527],[141.49556,38.62435],[141.49485,38.62451],[141.49425,38.62426],[141.49385,38.62301],[141.49646,38.62287],[141.49609,38.62229],[141.49462,38.62216],[141.49555,38.62074]]]},"properties":{"林班":"A114","市町村名称":"南三陸町","旧市町村":null}},
{"type":"Feature","geometry":{"type":"Polygon","coordinates":[[[141.4995,38.61809],[141.49821,38.61806],[141.49845,38.61741],[141.50051,38.6172],[141.50097,38.61683],[141.5038,38.61624],[141.50456,38.61644],[141.50508,38.61706],[141.50508,38.61718],[141.50549,38.61783],[141.50623,38.61936],[141.50548,38.61933],[141.50416,38.61887],[141.50315,38.61819],[141.50142,38.61861],[141.50058,38.61882],[141.50325,38.61831],[141.50412,38.61895],[141.50657,38.61978],[141.50697,38.62114],[141.50703,38.62261],[141.50831,38.62454],[141.50738,38.62474],[141.50576,38.62391],[141.50414,38.62422],[141.50373,38.62408],[141.50292,38.62359],[141.50018,38.62273],[141.4999,38.62246],[141.49705,38.62155],[141.49555,38.62074],[141.49742,38.61965],[141.49813,38.61835],[141.4995,38.61809]]]},"properties":{"林班":"A113","市町村名称":"南三陸町","旧市町村":null}},
{"type":"Feature","geometry":{"type":"Polygon","coordinates":[[[141.51352,38.62308],[141.51417,38.62277],[141.51431,38.62365],[141.51543,38.62405],[141.51533,38.62416],[141.51543,38.62405],[141.51509,38.62463],[141.51502,38.62463],[141.51509,38.62463],[141.51583,38.62535],[141.51512,38.62614],[141.51446,38.62677],[141.51512,38.62614],[141.51583,38.62535],[141.51609,38.62622],[141.51801,38.62712],[141.51909,38.62834],[141.51872,38.6291],[141.51976,38.62955],[141.521,38.63058],[141.52048,38.63148],[141.52147,38.63208],[141.52145,38.63288],[141.51912,38.63361],[141.51823,38.63343],[141.51796,38.63209],[141.51504,38.63107],[141.51454,38.63129],[141.51256,38.62946],[141.51179,38.62854],[141.51214,38.62763],[141.51242,38.62563],[141.51182,38.6246],[141.5123,38.6238],[141.51338,38.62314],[141.51352,38.62308]]]},"properties":{"林班":"A110","市町村名称":"南三陸町","旧市町村":null}},
{"type":"Feature","geometry":{"type":"MultiPolygon","coordinates":[[[[141.52089,38.63383],[141.52254,38.63301],[141.52284,38.63403],[141.52139,38.6343],[141.52089,38.63383]]],[[[141.52087,38.63661],[141.52204,38.63693],[141.52303,38.6361],[141.52338,38.63524],[141.52481,38.63487],[141.52693,38.63575],[141.5272,38.63654],[141.52608,38.63726],[141.52524,38.63693],[141.52436,38.63546],[141.52356,38.63605],[141.52239,38.63757],[141.52087,38.63661]]],[[[141.51874,38.63707],[141.51828,38.63752],[141.51811,38.63866],[141.51737,38.63866],[141.51825,38.63736],[141.51874,38.63707]]]]},"properties":{"林班":"A109","市町村名称":"南三陸町","旧市町村":null}},
{"type":"Feature","geometry":{"type":"MultiPolygon","coordinates":[[[[141.48737,38.68267],[141.48854,38.68106],[141.48945,38.68104],[141.48902,38.68262],[141.48822,38.68401],[141.48735,38.68435],[141.48737,38.68267]]],[[[141.48645,38.68432],[141.48798,38.68438],[141.48942,38.68409],[141.49012,38.68428],[141.49015,38.68458],[141.49063,38.68472],[141.49102,38.68498],[141.491,38.68509],[141.49076,38.68499],[141.49075,38.68508],[141.49073,38.68547],[141.48982,38.6858],[141.48858,38.68677],[141.48717,38.68626],[141.48612,38.68621],[141.48592,38.68458],[141.48645,38.68432]]],[[[141.48648,38.68666],[141.48784,38.68661],[141.48825,38.68738],[141.48782,38.68794],[141.48648,38.68666]]],[[[141.48939,38.67891],[141.48995,38.67856],[141.49085,38.67963],[141.49029,38.67986],[141.48939,38.67891]]],[[[141.48888,38.68664],[141.49041,38.68624],[141.4912,38.68672],[141.49093,38.68782],[141.48853,38.68765],[141.48888,38.68664]]],[[[141.48923,38.68313],[141.48987,38.68283],[141.49154,38.68277],[141.49282,38.68217],[141.49372,38.68317],[141.49334,38.68413],[141.49244,38.68501],[141.49269,38.68552],[141.49175,38.68558],[141.49131,38.68594],[141.49089,38.68552],[141.49078,38.68506],[141.49102,38.6851],[141.49117,38.68497],[141.49146,38.68509],[141.49235,38.68521],[141.49183,38.68484],[141.49126,38.68495],[141.49103,38.68474],[141.49079,38.68475],[141.49016,38.68457],[141.49014,38.68427],[141.48943,38.68407],[141.48923,38.68313]]],[[[141.49026,38.68153],[141.4926,38.68146],[141.49419,38.68204],[141.4939,38.68282],[141.49282,38.68208],[141.49216,38.68189],[141.49101,38.68244],[141.49026,38.68153]]],[[[141.49087,38.67654],[141.49274,38.67638],[141.49276,38.67739],[141.49087,38.67654]]],[[[141.49195,38.68056],[141.49304,38.68023],[141.4937,38.68029],[141.49419,38.68052],[141.49462,38.68111],[141.493,38.68138],[141.49167,38.68121],[141.49195,38.68056]]],[[[141.49295,38.67496],[141.49311,38.67394],[141.49419,38.67392],[141.49503,38.67488],[141.49453,38.67602],[141.49435,38.67757],[141.49505,38.67858],[141.49475,38.67942],[141.49372,38.67864],[141.49393,38.67536],[141.49295,38.67496]]],[[[141.49357,38.68014],[141.49453,38.67962],[141.49558,38.68065],[141.49453,38.68084],[141.4943,38.68058],[141.49357,38.68014]]]]},"properties":{"林班":"A108","市町村名称":"南三陸町","旧市町村":null}},
{"type":"Feature","geometry":{"type":"MultiPolygon","coordinates":[[[[141.46474,38.68147],[141.46549,38.68043],[141.46567,38.6795],[141.46637,38.6791],[141.46714,38.68003],[141.4664,38.681],[141.46474,38.68147]]],[[[141.46481,38.68163],[141.46558,38.68234],[141.46577,38.68365],[141.4643,38.68346],[141.46383,38.683],[141.46481,38.68163]]],[[[141.46827,38.68946],[141.46718,38.68906],[141.46634,38.68925],[141.46578,38.68876],[141.46702,38.68718],[141.46663,38.68623],[141.46669,38.68463],[141.46822,38.68463],[141.46777,38.6859],[141.46893,38.6885],[141.46827,38.68946]]],[[[141.46837,38.68063],[141.46776,38.68101],[141.46809,38.68177],[141.46754,38.68257],[141.46689,38.68111],[141.4671,38.6803],[141.46837,38.68063]]]]},"properties":{"林班":"A105","市町村名称":"南三陸町","旧市町村":null}},
{"type":"Feature","geometry":{"type":"MultiPolygon","coordinates":[[[[141.45905,38.67338],[141.45994,38.67341],[141.46026,38.67432],[141.46017,38.67562],[141.46107,38.67585],[141.46029,38.67673],[141.45959,38.67725],[141.45938,38.67756],[141.45837,38.67787],[141.45776,38.67836],[141.45638,38.67761],[141.45702,38.67696],[141.45691,38.67612],[141.45875,38.67494],[141.45905,38.67338],[141.45912,38.67341],[141.45941,38.6735],[141.45912,38.67341],[141.45905,38.67338]]],[[[141.45947,38.67748],[141.45946,38.67872],[141.45824,38.67887],[141.45779,38.67838],[141.45839,38.67789],[141.45917,38.67767],[141.4594,38.67758],[141.45947,38.67748]]],[[[141.46097,38.67241],[141.46179,38.67224],[141.462,38.67376],[141.461,38.67332],[141.46097,38.67241]]],[[[141.463,38.6679],[141.46191,38.66874],[141.46154,38.66799],[141.46151,38.66671],[141.46277,38.66647],[141.46321,38.66706],[141.463,38.6679]]],[[[141.46343,38.67636],[141.46427,38.67511],[141.46526,38.67517],[141.46437,38.67661],[141.46343,38.67636]]]]},"properties":{"林班":"A104","市町村名称":"南三陸町","旧市町村":null}},
{"type":"Feature","geometry":{"type":"MultiPolygon","coordinates":[[[[141.47415,38.68206],[141.47476,38.68118],[141.47561,38.6818],[141.47474,38.68236],[141.47411,38.68214],[141.47415,38.68206]]],[[[141.47568,38.68264],[141.47487,38.68373],[141.47417,38.68324],[141.47464,38.68243],[141.47568,38.68264]]],[[[141.47577,38.68368],[141.47746,38.68229],[141.47719,38.68138],[141.47759,38.68089],[141.47694,38.68013],[141.47774,38.67945],[141.47901,38.67996],[141.47842,38.68148],[141.47885,38.68235],[141.47821,38.68318],[141.4773,38.68308],[141.47577,38.68368]]],[[[141.47444,38.68441],[141.47521,38.68556],[141.47659,38.68645],[141.47669,38.68729],[141.47688,38.68794],[141.47552,38.68846],[141.4741,38.68768],[141.47378,38.68694],[141.4746,38.68514],[141.47444,38.68441]]],[[[141.47593,38.68593],[141.47609,38.68473],[141.47659,38.68413],[141.47802,38.68377],[141.47919,38.68225],[141.47903,38.68091],[141.47937,38.68002],[141.47965,38.67982],[141.47997,38.67975],[141.48048,38.67999],[141.48102,38.68061],[141.4801,38.68123],[141.48132,38.68157],[141.48163,38.68257],[141.48131,38.68317],[141.48227,38.68465],[141.48186,38.68542],[141.48214,38.68618],[141.48123,38.6865],[141.48033,38.68625],[141.47955,38.68715],[141.47805,38.68784],[141.4768,38.68761],[141.47681,38.68699],[141.47762,38.68693],[141.47714,38.68626],[141.47593,38.68593]]],[[[141.47952,38.67986],[141.48051,38.67908],[141.48084,38.67999],[141.48028,38.67983],[141.48007,38.67979],[141.47998,38.67972],[141.47981,38.67973],[141.47952,38.67986]]],[[[141.48267,38.68199],[141.48333,38.68298],[141.48257,38.68433],[141.48133,38.68317],[141.48267,38.68199]]],[[[141.48473,38.6822],[141.48761,38.68174],[141.48718,38.68247],[141.48626,38.68287],[141.48587,38.68354],[141.48438,38.6837],[141.48403,38.68297],[141.48473,38.6822]]]]},"properties":{"林班":"A107","市町村名称":"南三陸町","旧市町村":null}},
{"type":"Feature","geometry":{"type":"MultiPolygon","coordinates":[[[[141.46822,38.68463],[141.46811,38.68388],[141.46926,38.68265],[141.47069,38.68287],[141.47034,38.68353],[141.46932,38.68401],[141.47009,38.6847],[141.46979,38.68592],[141.47014,38.687],[141.47019,38.68751],[141.47057,38.68774],[141.47054,38.68707],[141.47078,38.68689],[141.47091,38.68721],[141.47125,38.68726],[141.47166,38.68779],[141.47246,38.68755],[141.4732,38.68813],[141.4727,38.68964],[141.47126,38.69036],[141.47071,38.68981],[141.47009,38.68955],[141.46975,38.6895],[141.46827,38.68946],[141.46893,38.6885],[141.46777,38.6859],[141.46822,38.68463]]],[[[141.47389,38.68588],[141.47307,38.68619],[141.47403,38.68761],[141.47321,38.68811],[141.47247,38.68753],[141.47166,38.68778],[141.47126,38.68724],[141.47093,38.6872],[141.47081,38.68689],[141.47051,38.68657],[141.47035,38.68619],[141.47104,38.68426],[141.47254,38.68416],[141.47396,38.68449],[141.4744,38.68554],[141.47389,38.68588]]],[[[141.47145,38.68171],[141.47219,38.68094],[141.47304,38.68104],[141.47342,38.68229],[141.47217,38.68294],[141.47145,38.68171]]]]},"properties":{"林班":"A106","市町村名称":"南三陸町","旧市町村":null}},
{"type":"Feature","geometry":{"type":"MultiPolygon","coordinates":[[[[141.47751,38.68774],[141.47836,38.68794],[141.4796,38.68717],[141.48012,38.68748],[141.48051,38.68891],[141.48019,38.68952],[141.47861,38.68908],[141.47822,38.68823],[141.47751,38.68774]]],[[[141.47858,38.69072],[141.47914,38.69033],[141.47893,38.68924],[141.48018,38.6896],[141.48005,38.68976],[141.47994,38.69028],[141.47858,38.69072]]],[[[141.47846,38.69068],[141.47892,38.69103],[141.4795,38.6907],[141.47992,38.69093],[141.48014,38.69064],[141.47993,38.69054],[141.48004,38.68988],[141.48047,38.68932],[141.48217,38.68917],[141.48415,38.68988],[141.48473,38.69149],[141.4841,38.69266],[141.48319,38.6926],[141.48235,38.69368],[141.48075,38.694],[141.47958,38.69535],[141.47842,38.69599],[141.47746,38.69688],[141.4764,38.69721],[141.47606,38.69682],[141.47604,38.69668],[141.47677,38.69662],[141.47608,38.69541],[141.47418,38.69539],[141.47416,38.695],[141.47625,38.69502],[141.47648,38.6941],[141.47759,38.69319],[141.47735,38.69243],[141.47846,38.69068]]],[[[141.48117,38.68653],[141.48198,38.68636],[141.48223,38.6861],[141.48202,38.68526],[141.48296,38.68451],[141.48503,38.68516],[141.48554,38.68507],[141.48552,38.68774],[141.48494,38.68879],[141.48611,38.68885],[141.48721,38.68947],[141.4871,38.68991],[141.48556,38.68971],[141.4842,38.68911],[141.48264,38.68748],[141.48179,38.68747],[141.48131,38.68756],[141.48064,38.68744],[141.48018,38.68712],[141.48117,38.68653]]],[[[141.48063,38.68747],[141.48131,38.68759],[141.48176,38.68749],[141.48225,38.68779],[141.48281,38.68773],[141.48364,38.6887],[141.48361,38.68929],[141.48209,38.68906],[141.4805,38.68904],[141.48063,38.68747]]],[[[141.48559,38.6868],[141.48722,38.68741],[141.48885,38.68912],[141.48892,38.68998],[141.48822,38.69023],[141.48669,38.6885],[141.48718,38.68783],[141.48563,38.68761],[141.48559,38.6868]]]]},"properties":{"林班":"A101","市町村名称":"南三陸町","旧市町村":null}},
{"type":"Feature","geometry":{"type":"MultiPolygon","coordinates":[[[[141.48048,38.69933],[141.48054,38.6981],[141.48165,38.69698],[141.4809,38.69567],[141.48125,38.69494],[141.48279,38.69548],[141.48291,38.69628],[141.48403,38.69685],[141.48546,38.69669],[141.48485,38.69776],[141.48254,38.69813],[141.48048,38.69933]]],[[[141.48626,38.69773],[141.48557,38.69532],[141.48676,38.69287],[141.48833,38.69229],[141.49044,38.69195],[141.49071,38.69227],[141.4904,38.69397],[141.48961,38.69373],[141.4887,38.69349],[141.48816,38.69413],[141.48863,38.69477],[141.48925,38.69508],[141.4878,38.6961],[141.48806,38.69719],[141.48688,38.69745],[141.48662,38.69756],[141.48626,38.69773]]]]},"properties":{"林班":"A100","市町村名称":"南三陸町","旧市町村":null}},
{"type":"Feature","geometry":{"type":"MultiPolygon","coordinates":[[[[141.45525,38.67862],[141.45559,38.67903],[141.45726,38.6785],[141.45794,38.67911],[141.45757,38.67988],[141.45539,38.67988],[141.45416,38.67945],[141.45525,38.67862]]],[[[141.45381,38.68131],[141.45527,38.68176],[141.45613,38.68298],[141.45717,38.68286],[141.45868,38.68328],[141.45915,38.68416],[141.45815,38.68449],[141.45692,38.68414],[141.45557,38.68472],[141.45423,38.68449],[141.45381,38.68131]]],[[[141.45669,38.68512],[141.45765,38.68629],[141.45943,38.68633],[141.46098,38.6857],[141.46115,38.68647],[141.45998,38.68715],[141.45848,38.6871],[141.4573,38.68678],[141.45608,38.6856],[141.45669,38.68512]]],[[[141.46581,38.69003],[141.46597,38.68932],[141.46617,38.68999],[141.46581,38.69003]]]]},"properties":{"林班":"A103","市町村名称":"南三陸町","旧市町村":null}},
{"type":"Feature","geometry":{"type":"MultiPolygon","coordinates":[[[[141.46597,38.68932],[141.46719,38.68911],[141.46852,38.68963],[141.46926,38.68966],[141.47006,38.68958],[141.47078,38.68997],[141.47161,38.69085],[141.47018,38.69149],[141.46889,38.69045],[141.46704,38.6905],[141.46581,38.69003],[141.46617,38.68999],[141.46597,38.68932]]],[[[141.47416,38.695],[141.47449,38.69377],[141.47413,38.69308],[141.47469,38.6923],[141.47694,38.69137],[141.47665,38.69034],[141.47545,38.69098],[141.47496,38.69176],[141.4741,38.69212],[141.47209,38.69137],[141.47217,38.6905],[141.47281,38.68995],[141.47322,38.68844],[141.47506,38.68827],[141.47573,38.68863],[141.4769,38.68798],[141.4782,38.68829],[141.47856,38.6891],[141.47893,38.68924],[141.47914,38.69033],[141.47858,38.69072],[141.47846,38.69068],[141.47735,38.69243],[141.47759,38.69319],[141.47648,38.6941],[141.47625,38.69502],[141.47416,38.695]]],[[[141.47418,38.69539],[141.47608,38.69541],[141.47677,38.69662],[141.47604,38.69668],[141.47483,38.69648],[141.47418,38.69539]]]]},"properties":{"林班":"A102","市町村名称":"南三陸町","旧市町村":null}},
{"type":"Feature","geometry":{"type":"MultiPolygon","coordinates":[[[[141.61978,38.91056],[141.62136,38.90778],[141.62291,38.90607],[141.62362,38.90404],[141.6251,38.90321],[141.626,38.90196],[141.62535,38.90131],[141.62525,38.90034],[141.6279,38.90051],[141.62736,38.90122],[141.6266,38.90299],[141.62552,38.90491],[141.62605,38.90573],[141.62585,38.90753],[141.6267,38.90836],[141.62625,38.90945],[141.62569,38.91189],[141.62579,38.91294],[141.62505,38.91458],[141.62258,38.91357],[141.62013,38.91118],[141.61942,38.91123],[141.61978,38.91056]]],[[[141.62825,38.9002],[141.62654,38.90015],[141.62568,38.89916],[141.62649,38.89818],[141.62879,38.89674],[141.62919,38.8957],[141.62976,38.89686],[141.62978,38.89805],[141.62893,38.89821],[141.62838,38.89845],[141.62793,38.89871],[141.62825,38.9002]]]]},"properties":{"林班":"C036","市町村名称":"気仙沼市","旧市町村":null}},
{"type":"Feature","geometry":{"type":"MultiPolygon","coordinates":[[[[141.62505,38.91458],[141.62579,38.91294],[141.62569,38.91189],[141.62625,38.90945],[141.6267,38.90836],[141.62585,38.90753],[141.62605,38.90573],[141.62552,38.90491],[141.6266,38.90299],[141.62736,38.90122],[141.6279,38.90051],[141.6294,38.90081],[141.62821,38.90263],[141.62861,38.90301],[141.63,38.90232],[141.63224,38.90249],[141.63256,38.90277],[141.63245,38.90468],[141.63149,38.90383],[141.63053,38.90396],[141.62995,38.90521],[141.63045,38.90555],[141.6322,38.90476],[141.63209,38.90605],[141.63359,38.90557],[141.63421,38.9057],[141.6339,38.90622],[141.63415,38.90835],[141.63469,38.90947],[141.63405,38.91119],[141.63251,38.9113],[141.63191,38.91084],[141.63103,38.91124],[141.62918,38.91103],[141.62789,38.91216],[141.62785,38.91321],[141.62838,38.91405],[141.62817,38.91548],[141.62835,38.91647],[141.62664,38.91756],[141.62642,38.91648],[141.62505,38.91458]]],[[[141.62838,38.89845],[141.62893,38.89821],[141.62978,38.89805],[141.62976,38.89686],[141.62919,38.8957],[141.63011,38.89603],[141.63112,38.89701],[141.63123,38.89882],[141.63197,38.89912],[141.63043,38.90067],[141.63044,38.90125],[141.62825,38.9002],[141.62793,38.89871],[141.62838,38.89845]]],[[[141.63433,38.90527],[141.6336,38.90488],[141.63396,38.90293],[141.63414,38.90322],[141.6339,38.90449],[141.63435,38.905],[141.63433,38.90527]]]]},"properties":{"林班":"C035","市町村名称":"気仙沼市","旧市町村":null}},
{"type":"Feature","geometry":{"type":"Polygon","coordinates":[[[141.61257,38.91336],[141.61054,38.91028],[141.61098,38.90921],[141.61062,38.90808],[141.61135,38.90716],[141.61252,38.90649],[141.61269,38.90416],[141.6134,38.9035],[141.61371,38.90329],[141.61556,38.90364],[141.61693,38.9028],[141.61808,38.90256],[141.61841,38.90301],[141.61956,38.90287],[141.62094,38.90197],[141.62207,38.90212],[141.62383,38.9011],[141.62253,38.9026],[141.62155,38.90258],[141.62023,38.90412],[141.62034,38.90453],[141.61955,38.90677],[141.61816,38.90761],[141.61804,38.90778],[141.61644,38.90834],[141.6147,38.9103],[141.61439,38.91178],[141.61331,38.91312],[141.61257,38.91336]]]},"properties":{"林班":"C038","市町村名称":"気仙沼市","旧市町村":null}},
{"type":"Feature","geometry":{"type":"MultiPolygon","coordinates":[[[[141.61257,38.91336],[141.61331,38.91312],[141.61439,38.91178],[141.6147,38.9103],[141.61644,38.90834],[141.61804,38.90778],[141.61816,38.90761],[141.61955,38.90677],[141.62034,38.90453],[141.6225,38.9049],[141.62229,38.9057],[141.62079,38.90831],[141.61944,38.91035],[141.61978,38.91056],[141.61942,38.91123],[141.61843,38.91334],[141.61852,38.91418],[141.61557,38.91603],[141.61333,38.91689],[141.61271,38.91808],[141.61166,38.91843],[141.60936,38.91583],[141.61117,38.91422],[141.61257,38.91336]]],[[[141.62253,38.9026],[141.62383,38.9011],[141.62432,38.9018],[141.62253,38.9026]]]]},"properties":{"林班":"C037","市町村名称":"気仙沼市","旧市町村":null}},
{"type":"Feature","geometry":{"type":"Polygon","coordinates":[[[141.6038,38.90476],[141.60619,38.90466],[141.60754,38.90432],[141.60885,38.90443],[141.61021,38.90362],[141.61237,38.90328],[141.6134,38.9035],[141.61269,38.90416],[141.61252,38.90649],[141.61135,38.90716],[141.61062,38.90808],[141.61098,38.90921],[141.61054,38.91028],[141.61257,38.91336],[141.61117,38.91422],[141.60936,38.91583],[141.60731,38.9141],[141.60635,38.91371],[141.60528,38.91382],[141.60345,38.91176],[141.60446,38.91075],[141.60467,38.90944],[141.60392,38.90873],[141.60382,38.90789],[141.60441,38.9069],[141.6038,38.90476]]]},"properties":{"林班":"C039","市町村名称":"気仙沼市","旧市町村":null}},
{"type":"Feature","geometry":{"type":"MultiPolygon","coordinates":[[[[141.65681,38.86328],[141.66004,38.86411],[141.66027,38.86492],[141.65866,38.86455],[141.65802,38.86475],[141.65681,38.86328]]],[[[141.66027,38.87027],[141.6596,38.87061],[141.65849,38.86966],[141.65639,38.86928],[141.65582,38.86954],[141.65455,38.86909],[141.65424,38.86727],[141.65607,38.86635],[141.65671,38.86665],[141.65813,38.86659],[141.65867,38.8657],[141.6598,38.86595],[141.66007,38.86683],[141.65947,38.86754],[141.65808,38.86845],[141.65874,38.86938],[141.65941,38.8694],[141.66027,38.87027]]],[[[141.65868,38.86294],[141.65847,38.86179],[141.65946,38.86184],[141.65868,38.86294]]],[[[141.66293,38.86909],[141.66265,38.87011],[141.66142,38.86995],[141.66252,38.86859],[141.66293,38.86909]]]]},"properties":{"林班":"C030","市町村名称":"気仙沼市","旧市町村":null}},
{"type":"Feature","geometry":{"type":"MultiPolygon","coordinates":[[[[141.64337,38.87866],[141.64374,38.87946],[141.64358,38.88052],[141.64481,38.88057],[141.6451,38.87962],[141.6461,38.87989],[141.64606,38.88051],[141.64481,38.88108],[141.64309,38.8807],[141.64266,38.87987],[141.64337,38.87866]]],[[[141.64911,38.88276],[141.64946,38.88236],[141.6513,38.88236],[141.65152,38.88169],[141.64959,38.88127],[141.64938,38.88053],[141.65064,38.88018],[141.65034,38.87926],[141.65305,38.879],[141.65385,38.88065],[141.65447,38.88109],[141.65383,38.88261],[141.65157,38.8833],[141.64911,38.88276]]],[[[141.64911,38.88276],[141.64886,38.88335],[141.65142,38.88507],[141.65222,38.88402],[141.6532,38.885],[141.65126,38.88536],[141.64927,38.88502],[141.64823,38.88391],[141.64799,38.88319],[141.64911,38.88276]]],[[[141.64893,38.88775],[141.64726,38.88636],[141.64627,38.88477],[141.64555,38.8841],[141.64593,38.88358],[141.6477,38.8838],[141.64783,38.88425],[141.65002,38.88573],[141.65236,38.88608],[141.65241,38.88801],[141.65191,38.8887],[141.65238,38.88937],[141.65191,38.88985],[141.65185,38.88976],[141.65145,38.88906],[141.65131,38.88874],[141.65074,38.88779],[141.6501,38.88792],[141.64918,38.88781],[141.64893,38.88775]]]]},"properties":{"林班":"C032","市町村名称":"気仙沼市","旧市町村":null}},
{"type":"Feature","geometry":{"type":"MultiPolygon","coordinates":[[[[141.65139,38.87314],[141.65146,38.87235],[141.65041,38.87145],[141.65085,38.86994],[141.65245,38.86824],[141.65367,38.86859],[141.6542,38.86937],[141.65572,38.86988],[141.65601,38.87148],[141.65794,38.87088],[141.65821,38.87171],[141.65964,38.87219],[141.65935,38.87262],[141.65701,38.87247],[141.65642,38.87278],[141.65495,38.87194],[141.65281,38.87132],[141.65253,38.87159],[141.65267,38.87207],[141.65309,38.87253],[141.65214,38.87265],[141.65164,38.87334],[141.65139,38.87314],[141.65145,38.87307],[141.65139,38.87314]]],[[[141.65095,38.87394],[141.65139,38.87475],[141.65061,38.87507],[141.64937,38.87457],[141.64985,38.87332],[141.65099,38.87324],[141.65095,38.87394]]],[[[141.64879,38.87588],[141.64906,38.87698],[141.64962,38.87731],[141.6505,38.87616],[141.65154,38.87643],[141.65212,38.87482],[141.65344,38.87486],[141.65298,38.87602],[141.65448,38.8761],[141.65609,38.87651],[141.65723,38.87648],[141.65734,38.87711],[141.65828,38.87782],[141.65552,38.87914],[141.65026,38.87859],[141.64931,38.8797],[141.64838,38.87954],[141.64814,38.87759],[141.64729,38.87669],[141.64744,38.87597],[141.64879,38.87588]]],[[[141.65275,38.87357],[141.65386,38.87287],[141.65269,38.87201],[141.65297,38.87145],[141.655,38.87205],[141.6554,38.87256],[141.65675,38.87315],[141.65698,38.87386],[141.65437,38.87441],[141.65512,38.87496],[141.6576,38.87444],[141.65756,38.87501],[141.65486,38.87559],[141.65365,38.87484],[141.6523,38.87466],[141.65182,38.87389],[141.65275,38.87357]]]]},"properties":{"林班":"C031","市町村名称":"気仙沼市","旧市町村":null}},
{"type":"Feature","geometry":{"type":"MultiPolygon","coordinates":[[[[141.63654,38.88877],[141.6367,38.89016],[141.63541,38.89047],[141.63599,38.88896],[141.63654,38.88877]]],[[[141.64404,38.89937],[141.64517,38.89991],[141.6456,38.90134],[141.64326,38.90176],[141.6421,38.90109],[141.63981,38.90148],[141.63947,38.90026],[141.63837,38.90138],[141.63719,38.90118],[141.63656,38.9003],[141.6357,38.90025],[141.63521,38.89966],[141.63559,38.89882],[141.63545,38.89759],[141.63632,38.89745],[141.63614,38.89647],[141.63709,38.89535],[141.63737,38.8944],[141.64008,38.89412],[141.64072,38.89581],[141.64081,38.89628],[141.64079,38.89643],[141.63993,38.89654],[141.6391,38.89781],[141.63988,38.8981],[141.64036,38.89888],[141.64107,38.89885],[141.64232,38.90003],[141.64258,38.89928],[141.64198,38.89848],[141.64216,38.89848],[141.64404,38.89937]]]]},"properties":{"林班":"C034","市町村名称":"気仙沼市","旧市町村":null}},
{"type":"Feature","geometry":{"type":"MultiPolygon","coordinates":[[[[141.64028,38.88405],[141.64152,38.88393],[141.64102,38.88567],[141.63896,38.88722],[141.63823,38.8868],[141.63843,38.88591],[141.6377,38.88524],[141.63924,38.88416],[141.64028,38.88405]]],[[[141.64008,38.89412],[141.64132,38.89416],[141.64255,38.89269],[141.64383,38.89314],[141.64497,38.89306],[141.64587,38.8936],[141.64648,38.89544],[141.64755,38.8945],[141.64868,38.89466],[141.64873,38.89706],[141.64726,38.89699],[141.6473,38.89797],[141.64821,38.89804],[141.64798,38.89813],[141.64698,38.8999],[141.64687,38.89988],[141.64605,38.89929],[141.64585,38.89856],[141.64422,38.89864],[141.6426,38.89839],[141.64274,38.89744],[141.64079,38.89643],[141.64081,38.89628],[141.64072,38.89581],[141.64008,38.89412]]],[[[141.64711,38.89146],[141.64755,38.89107],[141.64726,38.8896],[141.64759,38.88879],[141.64647,38.88872],[141.64452,38.88721],[141.64399,38.8863],[141.64368,38.88495],[141.64226,38.88398],[141.6411,38.88258],[141.6421,38.88233],[141.64344,38.88323],[141.64453,38.88467],[141.64601,38.88524],[141.64633,38.886],[141.6458,38.88672],[141.64805,38.88707],[141.64893,38.88775],[141.64918,38.88781],[141.64916,38.88914],[141.64984,38.88909],[141.65052,38.89009],[141.64901,38.89019],[141.64895,38.89099],[141.64818,38.89178],[141.64863,38.89251],[141.6475,38.89336],[141.64711,38.89146]]],[[[141.64244,38.88827],[141.64322,38.88801],[141.64467,38.8888],[141.64483,38.88941],[141.64281,38.88905],[141.64244,38.88827]]],[[[141.64711,38.89146],[141.64582,38.89128],[141.64477,38.89061],[141.64478,38.89009],[141.64605,38.88988],[141.64619,38.89071],[141.64711,38.89146]]],[[[141.64941,38.89291],[141.64868,38.89259],[141.64925,38.89079],[141.65208,38.89055],[141.65165,38.89135],[141.64993,38.89162],[141.64917,38.89239],[141.64941,38.89291]]],[[[141.65191,38.88985],[141.65093,38.88985],[141.65131,38.88874],[141.65145,38.88906],[141.65185,38.88976],[141.65191,38.88985]]]]},"properties":{"林班":"C033","市町村名称":"気仙沼市","旧市町村":null}},
{"type":"Feature","geometry":{"type":"MultiPolygon","coordinates":[[[[141.6173,38.89652],[141.6193,38.89586],[141.62131,38.89644],[141.62267,38.89714],[141.62225,38.89786],[141.6224,38.89866],[141.62354,38.89918],[141.62145,38.9009],[141.62018,38.9002],[141.61911,38.90025],[141.61545,38.8996],[141.613,38.89827],[141.61421,38.89733],[141.61534,38.89738],[141.61716,38.89672],[141.6173,38.89652]]],[[[141.62009,38.89528],[141.62148,38.89478],[141.62273,38.89403],[141.6248,38.89452],[141.62546,38.89424],[141.62622,38.89431],[141.62649,38.89362],[141.62752,38.89326],[141.62858,38.89352],[141.62669,38.89387],[141.62631,38.89522],[141.62372,38.895],[141.62253,38.89613],[141.62284,38.89716],[141.62122,38.89632],[141.62037,38.89616],[141.62009,38.89528]]],[[[141.62284,38.89716],[141.62356,38.897],[141.62439,38.89594],[141.62517,38.89611],[141.62435,38.89751],[141.62284,38.89716]]]]},"properties":{"林班":"C041","市町村名称":"気仙沼市","旧市町村":null}},
{"type":"Feature","geometry":{"type":"Polygon","coordinates":[[[141.61223,38.89802],[141.613,38.89827],[141.61545,38.8996],[141.61911,38.90025],[141.62018,38.9002],[141.62145,38.9009],[141.61914,38.90225],[141.61808,38.90256],[141.61693,38.9028],[141.61556,38.90364],[141.61371,38.90329],[141.6134,38.9035],[141.61237,38.90328],[141.61021,38.90362],[141.60885,38.90443],[141.60754,38.90432],[141.60619,38.90466],[141.6038,38.90476],[141.60389,38.90278],[141.60386,38.90263],[141.60383,38.90244],[141.60379,38.90225],[141.60381,38.90221],[141.60435,38.90144],[141.60451,38.90131],[141.60469,38.90117],[141.60473,38.9011],[141.6048,38.90097],[141.60488,38.9008],[141.605,38.9007],[141.60563,38.9006],[141.60611,38.90057],[141.60659,38.90073],[141.60651,38.90048],[141.60734,38.8997],[141.60744,38.89944],[141.60743,38.8994],[141.60738,38.89922],[141.60737,38.89918],[141.60721,38.89787],[141.60735,38.89782],[141.60943,38.89761],[141.61081,38.89776],[141.61095,38.89777],[141.61142,38.89788],[141.61223,38.89802]]]},"properties":{"林班":"C040","市町村名称":"気仙沼市","旧市町村":null}},
{"type":"Feature","geometry":{"type":"MultiPolygon","coordinates":[[[[141.58824,38.96769],[141.58922,38.96709],[141.58983,38.96764],[141.59157,38.9679],[141.5944,38.96962],[141.59432,38.97113],[141.59595,38.97116],[141.59594,38.97225],[141.59554,38.97313],[141.59665,38.97328],[141.59767,38.97122],[141.59828,38.97137],[141.59845,38.97276],[141.59854,38.97319],[141.59783,38.97414],[141.59787,38.97588],[141.59745,38.97589],[141.5956,38.97424],[141.59362,38.97391],[141.59302,38.97424],[141.59264,38.97362],[141.5924,38.97096],[141.59182,38.9703],[141.58977,38.96952],[141.58824,38.96769]]],[[[141.59557,38.97565],[141.59575,38.97544],[141.59585,38.97531],[141.59601,38.97515],[141.5974,38.97623],[141.59708,38.97612],[141.59678,38.97603],[141.59578,38.97595],[141.59557,38.97565]]]]},"properties":{"林班":"C043","市町村名称":"気仙沼市","旧市町村":null}},
{"type":"Feature","geometry":{"type":"MultiPolygon","coordinates":[[[[141.61376,38.88442],[141.61469,38.8835],[141.6152,38.88504],[141.6147,38.88581],[141.61548,38.88655],[141.61485,38.8874],[141.61517,38.88833],[141.6164,38.8882],[141.61784,38.88937],[141.62034,38.88994],[141.62103,38.89043],[141.62052,38.89216],[141.62062,38.89377],[141.62009,38.89422],[141.62009,38.89528],[141.61929,38.89574],[141.61818,38.89573],[141.6172,38.89602],[141.61716,38.89672],[141.61534,38.89738],[141.61421,38.89733],[141.613,38.89827],[141.61223,38.89802],[141.61245,38.89709],[141.6129,38.89498],[141.6135,38.89333],[141.61335,38.8931],[141.61585,38.89411],[141.61707,38.89346],[141.61691,38.89241],[141.61418,38.89231],[141.61378,38.89166],[141.61383,38.89026],[141.61321,38.88929],[141.61352,38.88748],[141.61328,38.88564],[141.61381,38.88462],[141.61376,38.88442]]],[[[141.6193,38.89586],[141.6173,38.89652],[141.61812,38.89583],[141.6193,38.89586]]],[[[141.62752,38.89326],[141.62674,38.89333],[141.62635,38.89366],[141.626,38.89422],[141.62547,38.89408],[141.62468,38.89438],[141.6229,38.89379],[141.62151,38.89457],[141.62109,38.89377],[141.62134,38.89314],[141.62371,38.8926],[141.62455,38.89317],[141.62618,38.8932],[141.62654,38.89274],[141.62768,38.89295],[141.62882,38.89278],[141.62989,38.89119],[141.63045,38.89205],[141.63037,38.89383],[141.62924,38.89425],[141.62858,38.89352],[141.62752,38.89326]]],[[[141.62546,38.89424],[141.6248,38.89452],[141.62273,38.89403],[141.62476,38.89445],[141.62546,38.89424]]]]},"properties":{"林班":"C042","市町村名称":"気仙沼市","旧市町村":null}},
{"type":"Feature","geometry":{"type":"MultiPolygon","coordinates":[[[[141.62196,38.95241],[141.6239,38.95195],[141.62551,38.95209],[141.62708,38.95318],[141.62754,38.95435],[141.62679,38.95567],[141.62522,38.95689],[141.62542,38.95853],[141.62476,38.95904],[141.62418,38.95873],[141.62194,38.95853],[141.62095,38.95811],[141.62045,38.95708],[141.62085,38.95587],[141.62049,38.95545],[141.61971,38.95471],[141.62304,38.95333],[141.62346,38.95246],[141.62196,38.95241]]],[[[141.62669,38.95692],[141.62694,38.95808],[141.62601,38.95812],[141.62669,38.95692]]],[[[141.62699,38.96],[141.62768,38.95942],[141.62848,38.96066],[141.62699,38.96]]],[[[141.62937,38.95552],[141.62907,38.95614],[141.63064,38.95707],[141.62845,38.95726],[141.62773,38.95529],[141.62852,38.95436],[141.62937,38.95552]]],[[[141.63175,38.95638],[141.63212,38.95719],[141.63123,38.95759],[141.63187,38.95697],[141.63152,38.95634],[141.63175,38.95638]]]]},"properties":{"林班":"C014","市町村名称":"気仙沼市","旧市町村":null}},
{"type":"Feature","geometry":{"type":"MultiPolygon","coordinates":[[[[141.61575,38.95745],[141.61747,38.95755],[141.61965,38.95644],[141.62049,38.95545],[141.62085,38.95587],[141.62045,38.95708],[141.62095,38.95811],[141.62194,38.95853],[141.62418,38.95873],[141.62476,38.95904],[141.6243,38.96026],[141.6245,38.96115],[141.62375,38.96236],[141.6242,38.96488],[141.62316,38.96443],[141.6229,38.96437],[141.62264,38.96392],[141.62176,38.9628],[141.62043,38.96174],[141.62047,38.96031],[141.61789,38.9584],[141.61719,38.9583],[141.61575,38.95745]]],[[[141.62532,38.9639],[141.62668,38.96383],[141.62758,38.96237],[141.62818,38.96263],[141.62723,38.96368],[141.62733,38.96407],[141.6259,38.9646],[141.62532,38.9639]]],[[[141.62848,38.96066],[141.62707,38.96091],[141.62699,38.96],[141.62848,38.96066]]]]},"properties":{"林班":"C013","市町村名称":"気仙沼市","旧市町村":null}},
{"type":"Feature","geometry":{"type":"MultiPolygon","coordinates":[[[[141.6274,38.94031],[141.62964,38.93868],[141.63235,38.93875],[141.6331,38.93831],[141.63277,38.93764],[141.63277,38.93756],[141.63512,38.93821],[141.63659,38.93782],[141.63816,38.93833],[141.63881,38.93942],[141.63893,38.94027],[141.63808,38.94119],[141.63669,38.94179],[141.6356,38.9413],[141.63531,38.942],[141.63647,38.94311],[141.63581,38.94328],[141.635,38.94261],[141.63429,38.94379],[141.63418,38.94465],[141.63283,38.94583],[141.63295,38.94703],[141.63128,38.94655],[141.62988,38.94599],[141.63035,38.94537],[141.63136,38.94571],[141.63136,38.94432],[141.63032,38.9417],[141.6274,38.94031]]],[[[141.63761,38.94603],[141.63753,38.94754],[141.63902,38.94861],[141.63888,38.94949],[141.63727,38.94871],[141.63773,38.94791],[141.63681,38.94662],[141.63761,38.94603]]],[[[141.64044,38.93808],[141.64187,38.93768],[141.64165,38.93856],[141.64259,38.9406],[141.64384,38.94067],[141.64465,38.94158],[141.64585,38.94165],[141.64659,38.94069],[141.64794,38.94135],[141.64807,38.94275],[141.64727,38.94275],[141.64613,38.94191],[141.64462,38.94276],[141.6435,38.94216],[141.64158,38.94232],[141.64054,38.94208],[141.63913,38.9425],[141.6391,38.94186],[141.64131,38.94163],[141.64213,38.94094],[141.64222,38.93983],[141.64044,38.93808]]],[[[141.63842,38.93806],[141.63991,38.93815],[141.63907,38.9387],[141.63842,38.93806]]],[[[141.64498,38.94387],[141.64633,38.9434],[141.64625,38.94448],[141.64515,38.94444],[141.64498,38.94387]]]]},"properties":{"林班":"C016","市町村名称":"気仙沼市","旧市町村":null}},
{"type":"Feature","geometry":{"type":"MultiPolygon","coordinates":[[[[141.62196,38.95241],[141.62184,38.95164],[141.62388,38.95118],[141.62512,38.94963],[141.62664,38.9491],[141.62684,38.9482],[141.6275,38.94776],[141.62745,38.94575],[141.62861,38.94555],[141.62988,38.94599],[141.63128,38.94655],[141.63104,38.94824],[141.6296,38.94898],[141.62803,38.94929],[141.6278,38.9516],[141.62708,38.95318],[141.62551,38.95209],[141.6239,38.95195],[141.62196,38.95241]]],[[[141.62852,38.95436],[141.62917,38.95421],[141.63095,38.95519],[141.62989,38.95578],[141.62937,38.95552],[141.62852,38.95436]]],[[[141.63152,38.95634],[141.63158,38.95572],[141.63093,38.95492],[141.63017,38.9546],[141.62974,38.95375],[141.62997,38.95308],[141.6313,38.95234],[141.63251,38.95309],[141.6313,38.95429],[141.63179,38.95536],[141.63175,38.95638],[141.63152,38.95634]]]]},"properties":{"林班":"C015","市町村名称":"気仙沼市","旧市町村":null}},
{"type":"Feature","geometry":{"type":"Polygon","coordinates":[[[141.61874,38.94125],[141.61766,38.93868],[141.61823,38.93662],[141.61912,38.93573],[141.61889,38.93409],[141.61933,38.93314],[141.62108,38.93171],[141.62196,38.93139],[141.6235,38.92996],[141.62593,38.92954],[141.62862,38.93049],[141.62806,38.93207],[141.62759,38.93304],[141.62857,38.93445],[141.62906,38.93643],[141.62887,38.93726],[141.62964,38.93868],[141.6274,38.94031],[141.62539,38.94103],[141.62341,38.94148],[141.62172,38.94121],[141.61947,38.94151],[141.61874,38.94125]]]},"properties":{"林班":"C018","市町村名称":"気仙沼市","旧市町村":null}},
{"type":"Feature","geometry":{"type":"MultiPolygon","coordinates":[[[[141.63111,38.9301],[141.63145,38.93104],[141.63065,38.93153],[141.62972,38.93002],[141.63111,38.9301]]],[[[141.62806,38.93207],[141.62987,38.9326],[141.63086,38.93226],[141.63243,38.93247],[141.63385,38.9343],[141.63472,38.93338],[141.63569,38.93391],[141.6355,38.935],[141.63687,38.93716],[141.63816,38.93753],[141.63796,38.93802],[141.63744,38.93796],[141.63659,38.93782],[141.63512,38.93821],[141.63277,38.93756],[141.63277,38.93764],[141.6331,38.93831],[141.63235,38.93875],[141.62964,38.93868],[141.62887,38.93726],[141.62906,38.93643],[141.62857,38.93445],[141.62759,38.93304],[141.62806,38.93207]]],[[[141.63842,38.93806],[141.63827,38.93761],[141.63936,38.93682],[141.64072,38.93724],[141.64099,38.93664],[141.63965,38.93647],[141.63972,38.9359],[141.63851,38.9341],[141.63654,38.93314],[141.63547,38.93201],[141.63701,38.93204],[141.63933,38.93154],[141.63944,38.93241],[141.64009,38.93305],[141.64248,38.93306],[141.64242,38.934],[141.64315,38.93501],[141.64228,38.93557],[141.64236,38.93651],[141.64299,38.93719],[141.64187,38.93768],[141.64044,38.93808],[141.63991,38.93815],[141.63842,38.93806]]]]},"properties":{"林班":"C017","市町村名称":"気仙沼市","旧市町村":null}},
{"type":"Feature","geometry":{"type":"Polygon","coordinates":[[[141.61874,38.94125],[141.61707,38.94158],[141.61481,38.94323],[141.61298,38.94273],[141.61221,38.94275],[141.60892,38.94408],[141.6082,38.94302],[141.60774,38.94104],[141.60807,38.9405],[141.60766,38.93913],[141.6082,38.93828],[141.60771,38.93696],[141.60857,38.93605],[141.60816,38.9344],[141.60954,38.93327],[141.60957,38.9318],[141.61055,38.92989],[141.61128,38.93035],[141.6118,38.93159],[141.61375,38.93148],[141.6137,38.93264],[141.61274,38.93285],[141.61314,38.93385],[141.61225,38.9345],[141.61531,38.93474],[141.6177,38.93316],[141.61734,38.93254],[141.61986,38.93009],[141.6203,38.92975],[141.62053,38.92935],[141.62275,38.92831],[141.62387,38.92826],[141.62564,38.92898],[141.62593,38.92954],[141.6235,38.92996],[141.62196,38.93139],[141.62108,38.93171],[141.61933,38.93314],[141.61889,38.93409],[141.61912,38.93573],[141.61823,38.93662],[141.61766,38.93868],[141.61874,38.94125]]]},"properties":{"林班":"C019","市町村名称":"気仙沼市","旧市町村":null}},
{"type":"Feature","geometry":{"type":"MultiPolygon","coordinates":[[[[141.57489,38.97674],[141.57555,38.97643],[141.5776,38.97613],[141.5792,38.97513],[141.5803,38.97473],[141.58031,38.97415],[141.58174,38.97275],[141.58251,38.97237],[141.58318,38.97355],[141.58495,38.97359],[141.58581,38.97387],[141.58657,38.97294],[141.58439,38.97144],[141.58668,38.9689],[141.58824,38.96769],[141.58977,38.96952],[141.59182,38.9703],[141.5924,38.97096],[141.59264,38.97362],[141.59302,38.97424],[141.59303,38.97428],[141.59258,38.97427],[141.59226,38.97427],[141.59043,38.97365],[141.58935,38.97378],[141.58853,38.97344],[141.58722,38.97358],[141.58492,38.97452],[141.58404,38.97531],[141.58272,38.97553],[141.58122,38.97674],[141.58119,38.97694],[141.58104,38.97717],[141.58079,38.97741],[141.58035,38.97808],[141.58031,38.97816],[141.58027,38.97833],[141.58024,38.97873],[141.5802,38.97904],[141.58023,38.9794],[141.58005,38.9805],[141.57971,38.98099],[141.57771,38.98181],[141.57759,38.98272],[141.57573,38.98467],[141.57597,38.98396],[141.5753,38.98222],[141.57584,38.98136],[141.57624,38.9809],[141.57625,38.98062],[141.57568,38.97981],[141.57602,38.97828],[141.57475,38.97704],[141.57471,38.97679],[141.57489,38.97674]],[[141.57666,38.97901],[141.58002,38.97854],[141.57937,38.97798],[141.57666,38.97901]]],[[[141.57606,38.98556],[141.57585,38.98534],[141.5776,38.98537],[141.57765,38.98631],[141.57765,38.98639],[141.57766,38.98653],[141.57766,38.98657],[141.5767,38.98675],[141.57648,38.98652],[141.57606,38.98556]]]]},"properties":{"林班":"C010","市町村名称":"気仙沼市","旧市町村":null}},
{"type":"Feature","geometry":{"type":"MultiPolygon","coordinates":[[[[141.61575,38.95745],[141.61719,38.9583],[141.61789,38.9584],[141.62047,38.96031],[141.62043,38.96174],[141.62176,38.9628],[141.62264,38.96392],[141.62225,38.96446],[141.62254,38.96609],[141.6213,38.96748],[141.62097,38.96755],[141.62065,38.9678],[141.62019,38.96788],[141.61915,38.96762],[141.61764,38.96824],[141.61726,38.96863],[141.61675,38.9689],[141.61599,38.96949],[141.61586,38.96967],[141.61569,38.97049],[141.61492,38.97086],[141.6141,38.97185],[141.61282,38.97154],[141.61321,38.97053],[141.61419,38.97038],[141.61513,38.96979],[141.61539,38.96828],[141.61736,38.96797],[141.61809,38.9675],[141.61772,38.96688],[141.61644,38.96628],[141.61532,38.96608],[141.61456,38.9645],[141.61347,38.96326],[141.61161,38.96259],[141.61057,38.96145],[141.61543,38.95839],[141.61575,38.95745]]],[[[141.61298,38.97255],[141.61412,38.97189],[141.61484,38.97097],[141.61572,38.97053],[141.61603,38.96951],[141.61658,38.96981],[141.61586,38.97079],[141.61523,38.9713],[141.61383,38.9725],[141.61298,38.97255]]],[[[141.61894,38.96813],[141.61929,38.96768],[141.62026,38.96792],[141.62067,38.96782],[141.62108,38.96755],[141.62102,38.9678],[141.62054,38.96809],[141.62005,38.96813],[141.61894,38.96813]]]]},"properties":{"林班":"C012","市町村名称":"気仙沼市","旧市町村":null}},
{"type":"Feature","geometry":{"type":"MultiPolygon","coordinates":[[[[141.59828,38.97137],[141.59913,38.97144],[141.59908,38.97004],[141.59933,38.96865],[141.60015,38.96793],[141.60149,38.96742],[141.60328,38.96844],[141.60562,38.96847],[141.60875,38.96912],[141.60932,38.96968],[141.6107,38.96983],[141.61189,38.97197],[141.61154,38.97271],[141.61101,38.97303],[141.61104,38.97307],[141.61095,38.97317],[141.61089,38.97317],[141.61047,38.97362],[141.61042,38.97377],[141.60932,38.97406],[141.60928,38.97403],[141.60811,38.97455],[141.60826,38.97513],[141.60792,38.9756],[141.60722,38.97579],[141.60688,38.97584],[141.60602,38.97604],[141.60341,38.97607],[141.60191,38.97637],[141.60086,38.97599],[141.59851,38.97643],[141.59748,38.97626],[141.59787,38.97588],[141.59783,38.97414],[141.59854,38.97319],[141.6002,38.97344],[141.6012,38.97394],[141.60164,38.9727],[141.60027,38.97252],[141.59932,38.97291],[141.59845,38.97276],[141.59828,38.97137]],[[141.60434,38.9725],[141.60438,38.97354],[141.60558,38.97329],[141.60536,38.97273],[141.60434,38.9725]],[[141.60227,38.97434],[141.60252,38.97521],[141.60324,38.9752],[141.60423,38.97435],[141.60296,38.97353],[141.60227,38.97434]],[[141.59927,38.97359],[141.59924,38.97454],[141.60048,38.97483],[141.59992,38.97368],[141.59927,38.97359]]],[[[141.61214,38.97274],[141.61158,38.97273],[141.61225,38.9725],[141.61214,38.97274]]]]},"properties":{"林班":"C011","市町村名称":"気仙沼市","旧市町村":null}},
{"type":"Feature","geometry":{"type":"MultiPolygon","coordinates":[[[[141.63463,38.90538],[141.63531,38.90425],[141.63414,38.90322],[141.63396,38.90293],[141.63502,38.90342],[141.63547,38.90411],[141.63519,38.90514],[141.63463,38.90538]]],[[[141.63435,38.905],[141.63463,38.90538],[141.63433,38.90527],[141.63435,38.905]]],[[[141.63405,38.91119],[141.63469,38.90947],[141.63415,38.90835],[141.6339,38.90622],[141.63421,38.9057],[141.63443,38.90674],[141.63526,38.90726],[141.63679,38.90691],[141.63742,38.9079],[141.64028,38.90801],[141.64091,38.90908],[141.64036,38.91041],[141.63893,38.91038],[141.63853,38.90981],[141.63703,38.91002],[141.63679,38.91075],[141.63563,38.91159],[141.63436,38.9116],[141.63405,38.91119]]],[[[141.63818,38.90293],[141.64188,38.90232],[141.6428,38.9027],[141.64437,38.90267],[141.64454,38.90319],[141.64233,38.90356],[141.64158,38.90345],[141.64013,38.90403],[141.6407,38.90481],[141.63939,38.90489],[141.63902,38.90602],[141.63707,38.90576],[141.63668,38.90532],[141.6372,38.90454],[141.63879,38.90492],[141.63892,38.90411],[141.63813,38.90355],[141.63818,38.90293]]],[[[141.63821,38.91161],[141.64094,38.91086],[141.64169,38.9112],[141.63979,38.91218],[141.6392,38.91196],[141.63829,38.91161],[141.63821,38.91161]]],[[[141.64606,38.90412],[141.64451,38.90494],[141.64341,38.90439],[141.64506,38.90394],[141.64606,38.90412]]],[[[141.64155,38.90795],[141.64329,38.9094],[141.64209,38.90946],[141.64152,38.90895],[141.64155,38.90795]]],[[[141.64362,38.90682],[141.64476,38.90689],[141.64582,38.90622],[141.64726,38.90724],[141.64529,38.9078],[141.64396,38.90769],[141.64362,38.90682]]],[[[141.64701,38.9008],[141.64687,38.89988],[141.64698,38.8999],[141.64714,38.90007],[141.64701,38.9008]]],[[[141.65144,38.90176],[141.64989,38.90166],[141.65058,38.90062],[141.65114,38.9013],[141.65133,38.90159],[141.65144,38.90176]]],[[[141.64933,38.9077],[141.65085,38.90794],[141.65009,38.90864],[141.64933,38.9077]]]]},"properties":{"林班":"C025","市町村名称":"気仙沼市","旧市町村":null}},
{"type":"Feature","geometry":{"type":"MultiPolygon","coordinates":[[[[141.62835,38.91647],[141.62817,38.91548],[141.62838,38.91405],[141.62785,38.91321],[141.62789,38.91216],[141.62918,38.91103],[141.63103,38.91124],[141.63191,38.91084],[141.63251,38.9113],[141.63405,38.91119],[141.63436,38.9116],[141.63563,38.91159],[141.63658,38.9118],[141.63703,38.91171],[141.6375,38.91161],[141.63796,38.9116],[141.63821,38.91161],[141.63829,38.91161],[141.6392,38.91196],[141.63979,38.91218],[141.64169,38.9112],[141.64213,38.91229],[141.6407,38.91371],[141.64056,38.9144],[141.6425,38.9141],[141.64354,38.91365],[141.64454,38.91405],[141.64479,38.91502],[141.64391,38.91526],[141.64316,38.9163],[141.64324,38.91756],[141.64218,38.91837],[141.64122,38.91867],[141.63862,38.91808],[141.63765,38.91862],[141.63757,38.91862],[141.63362,38.91823],[141.63163,38.91774],[141.63061,38.91772],[141.62968,38.91701],[141.62835,38.91647]]],[[[141.64465,38.91209],[141.64599,38.91242],[141.64611,38.91286],[141.64396,38.91294],[141.64325,38.91221],[141.64465,38.91209]]]]},"properties":{"林班":"C024","市町村名称":"気仙沼市","旧市町村":null}},
{"type":"Feature","geometry":{"type":"MultiPolygon","coordinates":[[[[141.65651,38.88842],[141.65806,38.88788],[141.65864,38.88851],[141.65687,38.88925],[141.65651,38.88842]]],[[[141.65943,38.88666],[141.6599,38.88725],[141.65949,38.8881],[141.65876,38.88787],[141.65943,38.88666]]],[[[141.6612,38.8951],[141.66021,38.89391],[141.65896,38.8943],[141.65828,38.89367],[141.66026,38.89324],[141.66089,38.89255],[141.66315,38.89181],[141.66329,38.89126],[141.66224,38.89059],[141.66256,38.88949],[141.66454,38.89003],[141.66509,38.89061],[141.66661,38.88995],[141.66739,38.89074],[141.6667,38.89272],[141.66488,38.89303],[141.66443,38.89208],[141.66298,38.89244],[141.66285,38.89353],[141.66343,38.89421],[141.66425,38.89413],[141.66454,38.89527],[141.66512,38.89591],[141.6632,38.89699],[141.66237,38.897],[141.66224,38.89603],[141.66154,38.89571],[141.6612,38.8951]],[[141.66437,38.8909],[141.66409,38.89141],[141.66606,38.89185],[141.66624,38.89076],[141.6651,38.89117],[141.66437,38.8909]]],[[[141.66067,38.88713],[141.66246,38.88594],[141.66245,38.88545],[141.6636,38.88331],[141.66499,38.88297],[141.66437,38.88465],[141.66377,38.88469],[141.66299,38.88568],[141.66221,38.8878],[141.65963,38.88817],[141.66067,38.88713]]],[[[141.66425,38.87817],[141.66376,38.8787],[141.66385,38.8808],[141.66268,38.88104],[141.66312,38.87854],[141.66392,38.87802],[141.66425,38.87817]]]]},"properties":{"林班":"C027","市町村名称":"気仙沼市","旧市町村":null}},
{"type":"Feature","geometry":{"type":"MultiPolygon","coordinates":[[[[141.64821,38.89804],[141.64975,38.89858],[141.65132,38.89751],[141.64999,38.89706],[141.65036,38.8957],[141.65133,38.89535],[141.65347,38.89615],[141.65522,38.89713],[141.65584,38.89601],[141.65648,38.89593],[141.65666,38.8969],[141.65733,38.89713],[141.65683,38.8979],[141.65715,38.89885],[141.65649,38.89988],[141.65518,38.89987],[141.65384,38.90033],[141.65288,38.90108],[141.65144,38.90176],[141.65133,38.90159],[141.65114,38.9013],[141.65058,38.90062],[141.64883,38.89923],[141.64917,38.89862],[141.64798,38.89813],[141.64821,38.89804]],[[141.6526,38.90086],[141.65329,38.90026],[141.65303,38.89969],[141.65194,38.90004],[141.6526,38.90086]]],[[[141.65578,38.89346],[141.65613,38.89339],[141.65751,38.89531],[141.65627,38.89495],[141.65572,38.89427],[141.65578,38.89346]]],[[[141.66154,38.89571],[141.66049,38.89608],[141.66018,38.89686],[141.65923,38.89709],[141.6591,38.89812],[141.65849,38.89854],[141.65699,38.89831],[141.65732,38.8973],[141.65813,38.89746],[141.65908,38.89662],[141.65939,38.89501],[141.6605,38.89434],[141.6612,38.8951],[141.66154,38.89571]]]]},"properties":{"林班":"C026","市町村名称":"気仙沼市","旧市町村":null}},
{"type":"Feature","geometry":{"type":"Polygon","coordinates":[[[141.66905,38.8662],[141.66974,38.86555],[141.67049,38.86381],[141.6729,38.86359],[141.67311,38.86249],[141.67122,38.86224],[141.67115,38.8606],[141.66992,38.86142],[141.6689,38.86071],[141.66886,38.86022],[141.67052,38.85961],[141.67141,38.85973],[141.67085,38.85825],[141.67208,38.85828],[141.67287,38.85739],[141.67439,38.85837],[141.67367,38.85993],[141.67454,38.86072],[141.67503,38.86299],[141.67445,38.86591],[141.67317,38.86559],[141.67282,38.86653],[141.67343,38.86704],[141.67294,38.86796],[141.67031,38.86776],[141.66905,38.8662]]]},"properties":{"林班":"C029","市町村名称":"気仙沼市","旧市町村":null}},
{"type":"Feature","geometry":{"type":"MultiPolygon","coordinates":[[[[141.66436,38.8682],[141.66524,38.86825],[141.66628,38.86736],[141.66644,38.8673],[141.66905,38.8662],[141.67031,38.86776],[141.67058,38.86858],[141.66927,38.86932],[141.67012,38.86968],[141.67006,38.87164],[141.66906,38.8727],[141.67039,38.87302],[141.67055,38.87395],[141.66863,38.87491],[141.6678,38.87468],[141.66703,38.87536],[141.66747,38.87672],[141.66638,38.8782],[141.66425,38.87817],[141.66392,38.87802],[141.66436,38.87706],[141.66543,38.8773],[141.66515,38.87583],[141.66573,38.87323],[141.66484,38.87268],[141.66495,38.87191],[141.66331,38.87232],[141.66212,38.8718],[141.66225,38.8708],[141.66313,38.86977],[141.66293,38.86909],[141.66358,38.86841],[141.66436,38.8682]],[[141.66412,38.87118],[141.66537,38.87137],[141.66736,38.87072],[141.66694,38.86998],[141.66527,38.87026],[141.66461,38.86862],[141.66324,38.86894],[141.66377,38.86951],[141.66412,38.87118]]],[[[141.66116,38.8748],[141.66115,38.87423],[141.66256,38.87422],[141.66116,38.8748]]],[[[141.66256,38.87422],[141.66375,38.87381],[141.6645,38.8749],[141.66262,38.87483],[141.66256,38.87422]]],[[[141.66283,38.87498],[141.66448,38.87678],[141.66373,38.87768],[141.66275,38.87748],[141.66215,38.87624],[141.66283,38.87498]]]]},"properties":{"林班":"C028","市町村名称":"気仙沼市","旧市町村":null}},
{"type":"Feature","geometry":{"type":"Polygon","coordinates":[[[141.62318,38.92719],[141.62409,38.92682],[141.62532,38.92494],[141.62874,38.92487],[141.63011,38.92516],[141.63187,38.92256],[141.63074,38.92197],[141.63176,38.92135],[141.63141,38.92032],[141.63206,38.91953],[141.63255,38.92025],[141.63411,38.92093],[141.63458,38.92253],[141.63588,38.92316],[141.63597,38.92377],[141.63706,38.92573],[141.63715,38.92742],[141.63665,38.92773],[141.63644,38.92896],[141.63459,38.92903],[141.63329,38.92946],[141.63176,38.929],[141.62979,38.92888],[141.62809,38.92944],[141.62705,38.92924],[141.62553,38.92824],[141.62414,38.92782],[141.62318,38.92719]]]},"properties":{"林班":"C021","市町村名称":"気仙沼市","旧市町村":null}},
{"type":"Feature","geometry":{"type":"MultiPolygon","coordinates":[[[[141.61055,38.92989],[141.61172,38.92957],[141.61131,38.92804],[141.6131,38.92497],[141.61446,38.92471],[141.61632,38.92484],[141.61765,38.92558],[141.61942,38.92608],[141.62176,38.92651],[141.62148,38.92712],[141.62249,38.9283],[141.62065,38.92886],[141.61952,38.93003],[141.61793,38.93111],[141.6172,38.93058],[141.61563,38.93024],[141.61495,38.93081],[141.61619,38.93168],[141.6163,38.93218],[141.6154,38.933],[141.61507,38.93437],[141.61531,38.93474],[141.61225,38.9345],[141.61314,38.93385],[141.61274,38.93285],[141.6137,38.93264],[141.61375,38.93148],[141.6118,38.93159],[141.61128,38.93035],[141.61055,38.92989]]],[[[141.62414,38.92782],[141.62281,38.92811],[141.62318,38.92719],[141.62414,38.92782]]]]},"properties":{"林班":"C020","市町村名称":"気仙沼市","旧市町村":null}},
{"type":"Feature","geometry":{"type":"Polygon","coordinates":[[[141.6427,38.9219],[141.6418,38.92147],[141.64114,38.92034],[141.64295,38.92019],[141.64341,38.91935],[141.64526,38.91891],[141.64617,38.91984],[141.64554,38.92033],[141.64666,38.92134],[141.64738,38.92014],[141.6491,38.91969],[141.64928,38.91821],[141.64764,38.91839],[141.6482,38.91755],[141.64825,38.91616],[141.6499,38.91635],[141.65006,38.91554],[141.64931,38.91394],[141.65026,38.9132],[141.64953,38.91253],[141.64809,38.91245],[141.64999,38.91214],[141.65103,38.91274],[141.65054,38.91326],[141.65047,38.91692],[141.65173,38.91829],[141.65289,38.91893],[141.65179,38.9197],[141.64895,38.92018],[141.6485,38.92075],[141.64916,38.92128],[141.64804,38.92272],[141.64569,38.92264],[141.64358,38.92228],[141.6427,38.9219]]]},"properties":{"林班":"C023","市町村名称":"気仙沼市","旧市町村":null}},
{"type":"Feature","geometry":{"type":"MultiPolygon","coordinates":[[[[141.63206,38.91953],[141.63007,38.91804],[141.62834,38.91713],[141.62755,38.91799],[141.62664,38.91756],[141.62835,38.91647],[141.62968,38.91701],[141.63061,38.91772],[141.63163,38.91774],[141.63362,38.91823],[141.63757,38.91862],[141.63692,38.91896],[141.63757,38.91941],[141.63671,38.9198],[141.63647,38.92022],[141.635,38.92059],[141.6352,38.92196],[141.63707,38.92275],[141.63803,38.92285],[141.63872,38.92238],[141.64004,38.92264],[141.63959,38.92345],[141.64032,38.92454],[141.63943,38.92583],[141.63792,38.92661],[141.63703,38.9255],[141.63655,38.92411],[141.63597,38.92377],[141.63588,38.92316],[141.63458,38.92253],[141.63411,38.92093],[141.63255,38.92025],[141.63206,38.91953]]],[[[141.64122,38.91867],[141.63871,38.91882],[141.63811,38.92031],[141.63663,38.91996],[141.63764,38.91966],[141.6376,38.91931],[141.637,38.91896],[141.63765,38.91862],[141.63862,38.91808],[141.64122,38.91867]]],[[[141.64358,38.92228],[141.64437,38.92274],[141.64434,38.92428],[141.64499,38.92439],[141.64421,38.92663],[141.64253,38.92739],[141.64277,38.92795],[141.64142,38.92816],[141.64053,38.92704],[141.63938,38.92691],[141.63948,38.92602],[141.64069,38.92459],[141.6409,38.92322],[141.64056,38.92232],[141.64199,38.92183],[141.6427,38.9219],[141.64358,38.92228]],[[141.64123,38.92623],[141.64264,38.92679],[141.64324,38.92632],[141.64222,38.92575],[141.64123,38.92623]]]]},"properties":{"林班":"C022","市町村名称":"気仙沼市","旧市町村":null}},
{"type":"Feature","geometry":{"type":"MultiPolygon","coordinates":[[[[141.61298,38.97255],[141.61383,38.9725],[141.61523,38.9713],[141.61586,38.97079],[141.61658,38.96981],[141.61743,38.97001],[141.61837,38.9697],[141.61836,38.9683],[141.61894,38.96813],[141.62005,38.96813],[141.6191,38.96825],[141.61899,38.96844],[141.61952,38.96888],[141.61955,38.96955],[141.62174,38.9711],[141.62239,38.97108],[141.6227,38.9706],[141.6235,38.97043],[141.62378,38.97025],[141.62358,38.96917],[141.62416,38.96934],[141.62435,38.97148],[141.62383,38.97205],[141.62208,38.97271],[141.62059,38.97362],[141.61899,38.97403],[141.61897,38.975],[141.6173,38.97615],[141.61637,38.97726],[141.61434,38.97786],[141.61369,38.97789],[141.61271,38.97713],[141.61169,38.97569],[141.61149,38.9749],[141.61179,38.97438],[141.61203,38.9729],[141.61214,38.97274],[141.61225,38.9725],[141.61298,38.97255]]],[[[141.6235,38.96914],[141.62354,38.97037],[141.62284,38.97043],[141.62181,38.97101],[141.61976,38.96952],[141.61969,38.969],[141.61914,38.96837],[141.62054,38.96809],[141.62102,38.9678],[141.62108,38.96755],[141.6213,38.96748],[141.62153,38.96744],[141.6218,38.9679],[141.6235,38.96914]]]]},"properties":{"林班":"C003","市町村名称":"気仙沼市","旧市町村":null}},
{"type":"Feature","geometry":{"type":"MultiPolygon","coordinates":[[[[141.62153,38.96744],[141.62277,38.96759],[141.62351,38.96582],[141.62458,38.96539],[141.62657,38.96531],[141.62768,38.96498],[141.62866,38.96417],[141.62965,38.96388],[141.6305,38.96289],[141.63123,38.96308],[141.63164,38.96465],[141.63221,38.9652],[141.63337,38.9656],[141.63394,38.96615],[141.63383,38.96686],[141.63276,38.96748],[141.63131,38.96892],[141.63105,38.97047],[141.62911,38.97019],[141.62623,38.97073],[141.62435,38.97148],[141.62416,38.96934],[141.62358,38.96917],[141.6235,38.96914],[141.6218,38.9679],[141.62153,38.96744]]],[[[141.63213,38.96457],[141.63276,38.96509],[141.63488,38.96591],[141.63462,38.96744],[141.63354,38.9679],[141.63289,38.96939],[141.63177,38.96954],[141.63151,38.96891],[141.63407,38.96719],[141.63444,38.96589],[141.63264,38.9652],[141.63213,38.96457]]]]},"properties":{"林班":"C002","市町村名称":"気仙沼市","旧市町村":null}},
{"type":"Feature","geometry":{"type":"Polygon","coordinates":[[[141.59851,38.97643],[141.60086,38.97599],[141.60191,38.97637],[141.60341,38.97607],[141.60501,38.97685],[141.60621,38.97693],[141.60582,38.97788],[141.60582,38.98018],[141.60533,38.98167],[141.60474,38.98228],[141.60407,38.98367],[141.60299,38.9842],[141.60187,38.98533],[141.60098,38.98585],[141.59784,38.98614],[141.59795,38.98583],[141.59966,38.98543],[141.60114,38.98429],[141.60133,38.98312],[141.60109,38.98192],[141.60122,38.98067],[141.60071,38.9788],[141.59767,38.97763],[141.59846,38.9767],[141.59851,38.97643]]]},"properties":{"林班":"C005","市町村名称":"気仙沼市","旧市町村":null}},
{"type":"Feature","geometry":{"type":"MultiPolygon","coordinates":[[[[141.60688,38.97584],[141.60722,38.97579],[141.60792,38.9756],[141.60932,38.97406],[141.61042,38.97377],[141.61095,38.97317],[141.61104,38.97307],[141.61158,38.97273],[141.61214,38.97274],[141.61203,38.9729],[141.61179,38.97438],[141.61151,38.97475],[141.61149,38.9749],[141.61169,38.97569],[141.61271,38.97713],[141.61369,38.97789],[141.61434,38.97786],[141.61314,38.97925],[141.61233,38.97935],[141.61046,38.98102],[141.60932,38.98146],[141.60886,38.98211],[141.60606,38.9837],[141.60522,38.98509],[141.6011,38.98634],[141.59977,38.98648],[141.59781,38.98632],[141.59784,38.98614],[141.60098,38.98585],[141.60187,38.98533],[141.60299,38.9842],[141.60407,38.98367],[141.60474,38.98228],[141.60533,38.98167],[141.60582,38.98018],[141.60582,38.97788],[141.60621,38.97693],[141.60501,38.97685],[141.60341,38.97607],[141.60602,38.97604],[141.60688,38.97584]]],[[[141.60826,38.97513],[141.60811,38.97455],[141.60928,38.97403],[141.60826,38.97513]]]]},"properties":{"林班":"C004","市町村名称":"気仙沼市","旧市町村":null}},
{"type":"Feature","geometry":{"type":"Polygon","coordinates":[[[141.58869,38.98804],[141.58841,38.98578],[141.5889,38.9843],[141.59091,38.98185],[141.59244,38.98032],[141.5938,38.97961],[141.59469,38.97872],[141.59565,38.97823],[141.59734,38.97691],[141.59846,38.9767],[141.59767,38.97763],[141.59728,38.97838],[141.59785,38.97882],[141.59778,38.97961],[141.59825,38.9814],[141.59589,38.98315],[141.59652,38.98413],[141.59811,38.98541],[141.59795,38.98583],[141.59784,38.98614],[141.59781,38.98632],[141.59175,38.98708],[141.58869,38.98804]]]},"properties":{"林班":"C007","市町村名称":"気仙沼市","旧市町村":null}},
{"type":"Feature","geometry":{"type":"Polygon","coordinates":[[[141.59767,38.97763],[141.60071,38.9788],[141.60122,38.98067],[141.60109,38.98192],[141.60133,38.98312],[141.60114,38.98429],[141.59966,38.98543],[141.59795,38.98583],[141.59811,38.98541],[141.59652,38.98413],[141.59589,38.98315],[141.59825,38.9814],[141.59778,38.97961],[141.59785,38.97882],[141.59728,38.97838],[141.59767,38.97763]]]},"properties":{"林班":"C006","市町村名称":"気仙沼市","旧市町村":null}},
{"type":"Feature","geometry":{"type":"Polygon","coordinates":[[[141.58035,38.97808],[141.58079,38.97741],[141.58104,38.97717],[141.58119,38.97694],[141.58122,38.97674],[141.58272,38.97553],[141.58404,38.97531],[141.58492,38.97452],[141.58722,38.97358],[141.58853,38.97344],[141.58935,38.97378],[141.59043,38.97365],[141.59226,38.97427],[141.59258,38.97427],[141.59303,38.97428],[141.59443,38.97444],[141.59601,38.97515],[141.59585,38.97531],[141.59575,38.97544],[141.59557,38.97565],[141.59528,38.97594],[141.5936,38.97626],[141.59016,38.97612],[141.58791,38.97666],[141.58669,38.97719],[141.58489,38.97864],[141.58305,38.97937],[141.58305,38.98044],[141.58256,38.98148],[141.58323,38.98269],[141.58117,38.98476],[141.58054,38.98681],[141.57766,38.98657],[141.57766,38.98653],[141.57765,38.98639],[141.57765,38.98631],[141.5776,38.98537],[141.57845,38.98275],[141.57949,38.98163],[141.57971,38.98099],[141.58005,38.9805],[141.58023,38.9794],[141.5802,38.97904],[141.58024,38.97873],[141.58027,38.97833],[141.58031,38.97816],[141.58035,38.97808]]]},"properties":{"林班":"C009","市町村名称":"気仙沼市","旧市町村":null}},
{"type":"Feature","geometry":{"type":"Polygon","coordinates":[[[141.58054,38.98681],[141.58117,38.98476],[141.58323,38.98269],[141.58256,38.98148],[141.58305,38.98044],[141.58305,38.97937],[141.58489,38.97864],[141.58669,38.97719],[141.58791,38.97666],[141.59016,38.97612],[141.5936,38.97626],[141.59528,38.97594],[141.59578,38.97595],[141.59678,38.97603],[141.59708,38.97612],[141.5974,38.97623],[141.59748,38.97626],[141.59851,38.97643],[141.59846,38.9767],[141.59734,38.97691],[141.59565,38.97823],[141.59469,38.97872],[141.5938,38.97961],[141.59244,38.98032],[141.59091,38.98185],[141.5889,38.9843],[141.58841,38.98578],[141.58869,38.98804],[141.58716,38.98856],[141.58486,38.98871],[141.58286,38.98825],[141.58112,38.98743],[141.58054,38.98681]]]},"properties":{"林班":"C008","市町村名称":"気仙沼市","旧市町村":null}},
{"type":"Feature","geometry":{"type":"Polygon","coordinates":[[[141.6359,38.95781],[141.63647,38.95716],[141.63737,38.95778],[141.63867,38.95735],[141.63932,38.95882],[141.64088,38.958],[141.64125,38.95664],[141.63961,38.95593],[141.64141,38.9548],[141.64316,38.9556],[141.64167,38.95762],[141.64178,38.95858],[141.64058,38.95931],[141.63914,38.96073],[141.63948,38.96164],[141.63794,38.96252],[141.63702,38.96253],[141.63543,38.96303],[141.63445,38.96283],[141.63513,38.96204],[141.63618,38.96197],[141.63629,38.96037],[141.63493,38.95973],[141.6358,38.9588],[141.6359,38.95781]],[[141.63813,38.96154],[141.63874,38.96132],[141.63897,38.95971],[141.63681,38.96057],[141.63813,38.96154]]]},"properties":{"林班":"C001","市町村名称":"気仙沼市","旧市町村":null}},
{"type":"Feature","geometry":{"type":"MultiPolygon","coordinates":[[[[141.6099,38.85941],[141.61026,38.85933],[141.61238,38.86032],[141.61159,38.86163],[141.61047,38.86198],[141.60964,38.8613],[141.61037,38.86023],[141.6099,38.85941]]],[[[141.61176,38.85611],[141.61127,38.85714],[141.61071,38.85717],[141.61054,38.85585],[141.61176,38.85611]]]]},"properties":{"林班":"A177","市町村名称":"気仙沼市","旧市町村":null}},
{"type":"Feature","geometry":{"type":"MultiPolygon","coordinates":[[[[141.61724,38.85725],[141.61915,38.85816],[141.6202,38.85966],[141.61897,38.86011],[141.61909,38.85913],[141.61734,38.85843],[141.61724,38.85725]]],[[[141.62053,38.86002],[141.6215,38.86062],[141.62146,38.86276],[141.62063,38.86287],[141.62015,38.86101],[141.61881,38.86183],[141.61704,38.86163],[141.61746,38.86087],[141.61865,38.86141],[141.62015,38.86035],[141.62043,38.86033],[141.62053,38.86002]]],[[[141.62018,38.85325],[141.62096,38.85187],[141.62164,38.85243],[141.62166,38.85312],[141.62018,38.85325]]],[[[141.62001,38.85078],[141.62066,38.8504],[141.62139,38.85133],[141.62069,38.85167],[141.62001,38.85078]]],[[[141.62656,38.85627],[141.62647,38.85532],[141.62729,38.85484],[141.62726,38.85637],[141.62579,38.85702],[141.62471,38.85806],[141.62243,38.85842],[141.62265,38.85767],[141.62435,38.85779],[141.62656,38.85627]]]]},"properties":{"林班":"A176","市町村名称":"気仙沼市","旧市町村":null}},
{"type":"Feature","geometry":{"type":"MultiPolygon","coordinates":[[[[141.62594,38.8386],[141.6252,38.83764],[141.6263,38.83729],[141.62434,38.83657],[141.62509,38.8359],[141.6246,38.83405],[141.62389,38.83448],[141.62299,38.83403],[141.62279,38.83328],[141.62438,38.83045],[141.62506,38.83112],[141.62416,38.83243],[141.6247,38.83317],[141.62553,38.83345],[141.62535,38.8344],[141.62662,38.83595],[141.62635,38.83648],[141.62691,38.83753],[141.62594,38.8386]]],[[[141.62409,38.83902],[141.62407,38.84057],[141.62317,38.84066],[141.62359,38.83937],[141.62409,38.83902]]]]},"properties":{"林班":"A179","市町村名称":"気仙沼市","旧市町村":null}},
{"type":"Feature","geometry":{"type":"MultiPolygon","coordinates":[[[[141.61737,38.84187],[141.61766,38.84167],[141.61808,38.84188],[141.61743,38.84227],[141.61737,38.84187]]],[[[141.6232,38.8419],[141.62324,38.84274],[141.62233,38.84304],[141.6225,38.84174],[141.6232,38.8419]]]]},"properties":{"林班":"A178","市町村名称":"気仙沼市","旧市町村":null}},
{"type":"Feature","geometry":{"type":"Polygon","coordinates":[[[141.60577,38.87285],[141.60629,38.87374],[141.60567,38.87432],[141.60569,38.87565],[141.60683,38.87541],[141.60762,38.87417],[141.60881,38.87377],[141.60856,38.87439],[141.60828,38.87507],[141.60915,38.87559],[141.61066,38.8751],[141.61083,38.87461],[141.61088,38.87457],[141.61108,38.87407],[141.61124,38.87388],[141.6115,38.87365],[141.61154,38.87327],[141.6132,38.87243],[141.61428,38.87223],[141.61509,38.87165],[141.61687,38.87134],[141.61851,38.87127],[141.61898,38.87094],[141.61991,38.87088],[141.6202,38.87018],[141.62111,38.87001],[141.62169,38.87146],[141.62283,38.87227],[141.62271,38.87341],[141.62259,38.8743],[141.62297,38.8746],[141.62237,38.87571],[141.62215,38.87677],[141.62255,38.87707],[141.62253,38.87728],[141.62297,38.87845],[141.62289,38.87923],[141.62244,38.88061],[141.62235,38.88212],[141.6218,38.88099],[141.62079,38.88087],[141.62002,38.87992],[141.61914,38.87943],[141.61851,38.87852],[141.61782,38.87871],[141.61634,38.87814],[141.6153,38.87667],[141.61321,38.87761],[141.61274,38.87829],[141.61119,38.87827],[141.61019,38.8775],[141.60937,38.87785],[141.60689,38.87721],[141.60482,38.87732],[141.60476,38.87663],[141.60324,38.874],[141.60335,38.87321],[141.60577,38.87285]]]},"properties":{"林班":"A171","市町村名称":"気仙沼市","旧市町村":null}},
{"type":"Feature","geometry":{"type":"MultiPolygon","coordinates":[[[[141.60335,38.87321],[141.60341,38.87188],[141.60473,38.87204],[141.6074,38.87074],[141.60768,38.87176],[141.60825,38.87202],[141.60971,38.87103],[141.60782,38.87098],[141.60754,38.87038],[141.60613,38.86914],[141.60637,38.86834],[141.6077,38.86915],[141.60873,38.869],[141.6086,38.86796],[141.60925,38.86703],[141.61016,38.86739],[141.61021,38.86858],[141.60964,38.86968],[141.61133,38.87014],[141.61115,38.8689],[141.61049,38.86729],[141.61223,38.8675],[141.61197,38.86848],[141.61342,38.86935],[141.61413,38.86836],[141.61281,38.8679],[141.61219,38.86659],[141.61297,38.86642],[141.61452,38.86673],[141.6145,38.86824],[141.61439,38.86865],[141.61387,38.87063],[141.61389,38.87198],[141.61428,38.87223],[141.6132,38.87243],[141.61154,38.87327],[141.6115,38.87365],[141.6106,38.87295],[141.60978,38.87292],[141.61124,38.87388],[141.61108,38.87407],[141.61088,38.87457],[141.61083,38.87461],[141.60881,38.87377],[141.60762,38.87417],[141.60577,38.87285],[141.60335,38.87321]]],[[[141.60856,38.87439],[141.60958,38.87516],[141.61066,38.8751],[141.60915,38.87559],[141.60828,38.87507],[141.60856,38.87439]]]]},"properties":{"林班":"A170","市町村名称":"気仙沼市","旧市町村":null}},
{"type":"Feature","geometry":{"type":"MultiPolygon","coordinates":[[[[141.62255,38.87707],[141.62216,38.87674],[141.62307,38.87592],[141.62291,38.87622],[141.62447,38.8778],[141.62732,38.87886],[141.62702,38.87947],[141.62808,38.87986],[141.62815,38.88104],[141.62768,38.88274],[141.62712,38.88333],[141.62599,38.88326],[141.62558,38.88143],[141.6244,38.88126],[141.62372,38.88185],[141.62343,38.8801],[141.62356,38.87933],[141.62253,38.87728],[141.62255,38.87707]]],[[[141.62235,38.88212],[141.62244,38.88061],[141.62289,38.87923],[141.62347,38.87926],[141.6233,38.88292],[141.62235,38.88212]]],[[[141.62321,38.88436],[141.62428,38.88458],[141.62394,38.88551],[141.62286,38.88495],[141.62321,38.88436]]]]},"properties":{"林班":"A173","市町村名称":"気仙沼市","旧市町村":null}},
{"type":"Feature","geometry":{"type":"Polygon","coordinates":[[[141.62511,38.87138],[141.62642,38.87277],[141.62745,38.87175],[141.62969,38.87121],[141.6289,38.87018],[141.62781,38.87029],[141.62704,38.86972],[141.62705,38.86967],[141.62766,38.86882],[141.62816,38.86656],[141.62839,38.8664],[141.62886,38.86573],[141.62971,38.86602],[141.6303,38.86553],[141.63044,38.8654],[141.63061,38.86518],[141.63007,38.86456],[141.62975,38.86426],[141.62891,38.86487],[141.6284,38.86432],[141.62934,38.86332],[141.63043,38.86471],[141.63219,38.86505],[141.63295,38.86575],[141.63298,38.86685],[141.63359,38.86758],[141.63297,38.86828],[141.63299,38.86924],[141.63146,38.86983],[141.63121,38.87073],[141.63167,38.87126],[141.63102,38.87194],[141.63177,38.87366],[141.63285,38.87415],[141.63442,38.87446],[141.63336,38.87592],[141.63238,38.87556],[141.63007,38.87599],[141.63126,38.87692],[141.63132,38.8776],[141.63031,38.87797],[141.62971,38.87898],[141.62732,38.87886],[141.62447,38.8778],[141.62291,38.87622],[141.62307,38.87592],[141.62285,38.8751],[141.62317,38.87464],[141.62266,38.8743],[141.62328,38.87281],[141.623,38.87205],[141.62353,38.87163],[141.62433,38.87154],[141.62511,38.87138]]]},"properties":{"林班":"A172","市町村名称":"気仙沼市","旧市町村":null}},
{"type":"Feature","geometry":{"type":"Polygon","coordinates":[[[141.61452,38.86673],[141.61657,38.86737],[141.61808,38.86579],[141.61877,38.86654],[141.61994,38.8664],[141.62029,38.86577],[141.62064,38.86615],[141.62069,38.86811],[141.62083,38.8684],[141.62111,38.87001],[141.6202,38.87018],[141.61991,38.87088],[141.61898,38.87094],[141.61687,38.87134],[141.61509,38.87165],[141.61428,38.87223],[141.61389,38.87198],[141.61387,38.87063],[141.61439,38.86865],[141.6145,38.86824],[141.61452,38.86673]]]},"properties":{"林班":"A175","市町村名称":"気仙沼市","旧市町村":null}},
{"type":"Feature","geometry":{"type":"MultiPolygon","coordinates":[[[[141.62075,38.86346],[141.62177,38.86277],[141.62261,38.86385],[141.62146,38.86479],[141.62075,38.86346]]],[[[141.62029,38.86577],[141.62206,38.86588],[141.62247,38.86444],[141.62444,38.86448],[141.6254,38.8636],[141.62683,38.86482],[141.62786,38.86381],[141.6284,38.86432],[141.62891,38.86487],[141.62975,38.86426],[141.629,38.86493],[141.62814,38.86645],[141.62684,38.86606],[141.62567,38.86446],[141.62543,38.8668],[141.62632,38.86618],[141.62734,38.86745],[141.62715,38.8684],[141.62551,38.86877],[141.62501,38.86837],[141.62318,38.86872],[141.62236,38.86994],[141.62329,38.87016],[141.62385,38.86922],[141.62684,38.86903],[141.62705,38.86967],[141.62704,38.86972],[141.6267,38.87034],[141.6254,38.8708],[141.62511,38.87138],[141.62433,38.87154],[141.62353,38.87163],[141.62169,38.87146],[141.62111,38.87001],[141.62083,38.8684],[141.62069,38.86811],[141.62064,38.86615],[141.62029,38.86577]]],[[[141.62886,38.86573],[141.63007,38.86456],[141.63061,38.86518],[141.63044,38.8654],[141.6303,38.86553],[141.62971,38.86602],[141.62886,38.86573]]]]},"properties":{"林班":"A174","市町村名称":"気仙沼市","旧市町村":null}},
{"type":"Feature","geometry":{"type":"MultiPolygon","coordinates":[[[[141.62691,38.83753],[141.62798,38.83887],[141.62892,38.84044],[141.62976,38.84022],[141.63217,38.84008],[141.63337,38.83957],[141.6332,38.83858],[141.63388,38.83838],[141.63454,38.83956],[141.63706,38.83939],[141.63754,38.84082],[141.63635,38.8413],[141.63597,38.84219],[141.63475,38.84253],[141.63417,38.84443],[141.63351,38.84456],[141.63273,38.84416],[141.63075,38.84468],[141.63087,38.84357],[141.62824,38.84281],[141.62818,38.84339],[141.62728,38.84341],[141.62725,38.84285],[141.62871,38.84176],[141.62716,38.84088],[141.6272,38.83973],[141.62594,38.8386],[141.62691,38.83753]]],[[[141.64345,38.84315],[141.6427,38.8439],[141.64043,38.84468],[141.64134,38.84319],[141.64125,38.84266],[141.64304,38.84133],[141.64405,38.84212],[141.64345,38.84315]]]]},"properties":{"林班":"A180","市町村名称":"気仙沼市","旧市町村":null}},
{"type":"Feature","geometry":{"type":"Polygon","coordinates":[[[141.48624,38.85851],[141.48647,38.85863],[141.48661,38.85878],[141.48665,38.85886],[141.48677,38.85894],[141.48688,38.85893],[141.4871,38.8589],[141.48721,38.85889],[141.48711,38.85861],[141.48699,38.85846],[141.48686,38.85824],[141.48695,38.85816],[141.48817,38.85846],[141.48841,38.85899],[141.48957,38.85922],[141.49034,38.85808],[141.491,38.85827],[141.49009,38.85976],[141.49005,38.8598],[141.48863,38.85958],[141.48724,38.85975],[141.48798,38.86063],[141.48804,38.86061],[141.48888,38.86062],[141.48978,38.8617],[141.49194,38.8629],[141.49148,38.8638],[141.48765,38.86394],[141.48691,38.86386],[141.48182,38.86146],[141.48185,38.85966],[141.48187,38.85941],[141.48187,38.85932],[141.48187,38.85859],[141.48183,38.85817],[141.48171,38.85742],[141.48163,38.85691],[141.48186,38.85558],[141.48186,38.85557],[141.48203,38.85552],[141.48217,38.85554],[141.48235,38.85565],[141.48252,38.85588],[141.48252,38.85603],[141.48247,38.85633],[141.48245,38.85642],[141.48244,38.85651],[141.48247,38.85657],[141.48364,38.85701],[141.48459,38.85639],[141.48464,38.85642],[141.48547,38.85685],[141.48619,38.85786],[141.486,38.85797],[141.48589,38.85804],[141.48595,38.85814],[141.48623,38.85845],[141.48624,38.85851]]]},"properties":{"林班":"A182","市町村名称":"気仙沼市","旧市町村":null}},
{"type":"Feature","geometry":{"type":"MultiPolygon","coordinates":[[[[141.62269,38.85013],[141.6251,38.84828],[141.62485,38.84678],[141.62355,38.84682],[141.62368,38.84817],[141.62274,38.84898],[141.62314,38.84947],[141.62212,38.85011],[141.6211,38.84794],[141.62204,38.84781],[141.62233,38.84715],[141.62037,38.84755],[141.6211,38.84665],[141.62191,38.8469],[141.62133,38.84526],[141.62262,38.84495],[141.62414,38.84516],[141.62311,38.84402],[141.62372,38.84264],[141.62471,38.84274],[141.62587,38.84365],[141.62711,38.84398],[141.62728,38.84341],[141.62818,38.84339],[141.62738,38.84439],[141.629,38.84569],[141.62856,38.84672],[141.62971,38.84809],[141.63065,38.84683],[141.63237,38.84694],[141.63233,38.84514],[141.63351,38.84456],[141.63417,38.84443],[141.63314,38.84605],[141.63333,38.8466],[141.63466,38.84771],[141.63592,38.84777],[141.63607,38.8484],[141.63351,38.84855],[141.6325,38.84898],[141.63215,38.84832],[141.62952,38.8486],[141.62873,38.84795],[141.6284,38.84692],[141.62787,38.84797],[141.62688,38.84747],[141.62639,38.8466],[141.62563,38.84693],[141.626,38.84826],[141.62518,38.84853],[141.62481,38.84954],[141.62403,38.8501],[141.62269,38.85013]]],[[[141.62075,38.84406],[141.62059,38.84498],[141.6217,38.84664],[141.62048,38.84641],[141.62015,38.8449],[141.62075,38.84406]]],[[[141.63847,38.85174],[141.63802,38.8516],[141.63807,38.84987],[141.63883,38.84926],[141.63942,38.85089],[141.63847,38.85174]]]]},"properties":{"林班":"A181","市町村名称":"気仙沼市","旧市町村":null}},
{"type":"Feature","geometry":{"type":"Polygon","coordinates":[[[141.55413,38.96971],[141.55441,38.96959],[141.55543,38.96902],[141.55595,38.96902],[141.55807,38.96794],[141.55929,38.96775],[141.55957,38.96704],[141.55889,38.96656],[141.55951,38.96557],[141.56042,38.96527],[141.5613,38.96572],[141.56265,38.96585],[141.56034,38.96815],[141.5605,38.96974],[141.55885,38.96955],[141.55773,38.97256],[141.55711,38.97376],[141.55721,38.97493],[141.55589,38.97586],[141.55509,38.97511],[141.55701,38.97401],[141.55498,38.97362],[141.55372,38.97271],[141.55381,38.97235],[141.55389,38.97226],[141.55223,38.97105],[141.55234,38.97064],[141.55413,38.96971]]]},"properties":{"林班":"A155","市町村名称":"気仙沼市","旧市町村":null}},
{"type":"Feature","geometry":{"type":"Polygon","coordinates":[[[141.55136,38.96623],[141.55164,38.9653],[141.55247,38.96448],[141.55269,38.96339],[141.55401,38.96261],[141.55644,38.96303],[141.55622,38.9642],[141.55861,38.96381],[141.55898,38.96455],[141.56043,38.96514],[141.56042,38.96527],[141.55951,38.96557],[141.55889,38.96656],[141.55957,38.96704],[141.55929,38.96775],[141.55807,38.96794],[141.55595,38.96902],[141.55543,38.96902],[141.5523,38.96659],[141.55136,38.96623]]]},"properties":{"林班":"A154","市町村名称":"気仙沼市","旧市町村":null}},
{"type":"Feature","geometry":{"type":"Polygon","coordinates":[[[141.55296,38.96016],[141.55408,38.96],[141.5549,38.95934],[141.55606,38.95919],[141.55627,38.95997],[141.55733,38.96079],[141.55641,38.96225],[141.55644,38.96303],[141.55401,38.96261],[141.55269,38.96339],[141.55247,38.96448],[141.55164,38.9653],[141.55136,38.96623],[141.54978,38.96634],[141.54847,38.9651],[141.54936,38.96407],[141.54944,38.96332],[141.5515,38.96163],[141.55191,38.96148],[141.55199,38.96111],[141.55296,38.96016]]]},"properties":{"林班":"A157","市町村名称":"気仙沼市","旧市町村":null}},
{"type":"Feature","geometry":{"type":"MultiPolygon","coordinates":[[[[141.55757,38.96063],[141.55841,38.9594],[141.55896,38.95962],[141.55958,38.95852],[141.55953,38.95754],[141.56112,38.9578],[141.56295,38.95765],[141.56335,38.95672],[141.56231,38.95545],[141.56335,38.95535],[141.56424,38.95609],[141.56766,38.95606],[141.56752,38.95712],[141.56887,38.95744],[141.56795,38.95863],[141.56703,38.95899],[141.56557,38.96055],[141.56436,38.96138],[141.56253,38.96144],[141.55992,38.96102],[141.55906,38.9606],[141.5583,38.96099],[141.55757,38.96063]]],[[[141.55644,38.96303],[141.55641,38.96225],[141.55733,38.96079],[141.55794,38.96112],[141.55922,38.9611],[141.56077,38.96182],[141.56192,38.96196],[141.56338,38.96172],[141.56434,38.96215],[141.56288,38.9648],[141.5612,38.96525],[141.56043,38.96514],[141.55898,38.96455],[141.55861,38.96381],[141.55622,38.9642],[141.55644,38.96303]]]]},"properties":{"林班":"A156","市町村名称":"気仙沼市","旧市町村":null}},
{"type":"Feature","geometry":{"type":"Polygon","coordinates":[[[141.53895,38.96095],[141.53986,38.96043],[141.54232,38.96008],[141.54328,38.95968],[141.54477,38.96021],[141.54785,38.96073],[141.5491,38.96002],[141.55059,38.9603],[141.55121,38.9607],[141.55169,38.96152],[141.5515,38.96163],[141.54944,38.96332],[141.54718,38.96234],[141.54517,38.96176],[141.54402,38.9607],[141.54275,38.96115],[141.54034,38.96096],[141.53951,38.96169],[141.53895,38.96095]]]},"properties":{"林班":"A159","市町村名称":"気仙沼市","旧市町村":null}},
{"type":"Feature","geometry":{"type":"Polygon","coordinates":[[[141.54275,38.96115],[141.54517,38.96176],[141.54718,38.96234],[141.54944,38.96332],[141.54936,38.96407],[141.54847,38.9651],[141.54978,38.96634],[141.54879,38.96704],[141.54764,38.96866],[141.54594,38.96923],[141.54425,38.96924],[141.54332,38.96959],[141.54254,38.96802],[141.54189,38.96608],[141.54089,38.96451],[141.53932,38.96346],[141.5397,38.96292],[141.53951,38.96169],[141.54034,38.96096],[141.54275,38.96115]]]},"properties":{"林班":"A158","市町村名称":"気仙沼市","旧市町村":null}},
{"type":"Feature","geometry":{"type":"MultiPolygon","coordinates":[[[[141.54712,38.97168],[141.54763,38.97262],[141.54889,38.97359],[141.55044,38.97405],[141.55229,38.97512],[141.55374,38.97586],[141.55425,38.9761],[141.55421,38.97652],[141.55241,38.97771],[141.55205,38.97915],[141.55092,38.98058],[141.55004,38.9807],[141.54705,38.97948],[141.54491,38.97913],[141.54157,38.97949],[141.54004,38.97859],[141.54059,38.97645],[141.54153,38.97558],[141.54301,38.97256],[141.54322,38.97066],[141.54406,38.9712],[141.54602,38.97136],[141.54712,38.97168]]],[[[141.55281,38.97509],[141.55151,38.97427],[141.55197,38.97387],[141.55509,38.97511],[141.55589,38.97586],[141.55446,38.97591],[141.55366,38.97554],[141.55281,38.97509]]]]},"properties":{"林班":"A151","市町村名称":"気仙沼市","旧市町村":null}},
{"type":"Feature","geometry":{"type":"MultiPolygon","coordinates":[[[[141.54979,38.98787],[141.55108,38.98727],[141.55096,38.98914],[141.54994,38.99039],[141.549,38.98997],[141.54979,38.98787]]],[[[141.5459,38.99102],[141.54819,38.99095],[141.54894,38.99101],[141.54968,38.99154],[141.54907,38.99227],[141.5482,38.993],[141.54799,38.99398],[141.54833,38.99465],[141.54707,38.9957],[141.547,38.99571],[141.547,38.99535],[141.54751,38.99298],[141.54827,38.9921],[141.54832,38.99205],[141.54834,38.99188],[141.54817,38.99166],[141.54742,38.99118],[141.54647,38.99148],[141.5459,38.99102]]],[[[141.55069,38.99262],[141.54977,38.99277],[141.54931,38.99238],[141.55003,38.992],[141.55069,38.99262]]],[[[141.55092,38.98058],[141.55205,38.97915],[141.55241,38.97771],[141.55421,38.97652],[141.558,38.97645],[141.557,38.97827],[141.55704,38.9798],[141.55794,38.98022],[141.55611,38.98137],[141.55599,38.98239],[141.55493,38.98396],[141.55179,38.98366],[141.55276,38.98097],[141.55198,38.9804],[141.55092,38.98058]]],[[[141.55248,38.98429],[141.55419,38.9839],[141.55419,38.98481],[141.55338,38.98507],[141.55248,38.98429]]],[[[141.55599,38.98239],[141.55656,38.98127],[141.55616,38.98244],[141.55599,38.98239]]]]},"properties":{"林班":"A150","市町村名称":"気仙沼市","旧市町村":null}},
{"type":"Feature","geometry":{"type":"Polygon","coordinates":[[[141.54332,38.96959],[141.54425,38.96924],[141.54594,38.96923],[141.54764,38.96866],[141.54879,38.96704],[141.54978,38.96634],[141.55136,38.96623],[141.5523,38.96659],[141.55543,38.96902],[141.55441,38.96959],[141.55413,38.96971],[141.55234,38.97064],[141.55223,38.97105],[141.55111,38.97099],[141.55037,38.97134],[141.54712,38.97168],[141.54602,38.97136],[141.54406,38.9712],[141.54322,38.97066],[141.54332,38.96959]]]},"properties":{"林班":"A153","市町村名称":"気仙沼市","旧市町村":null}},
{"type":"Feature","geometry":{"type":"MultiPolygon","coordinates":[[[[141.55229,38.97512],[141.55044,38.97405],[141.54889,38.97359],[141.54763,38.97262],[141.54712,38.97168],[141.55037,38.97134],[141.55111,38.97099],[141.55223,38.97105],[141.55389,38.97226],[141.55381,38.97235],[141.55372,38.97271],[141.55498,38.97362],[141.55701,38.97401],[141.55509,38.97511],[141.55197,38.97387],[141.55151,38.97427],[141.55281,38.97509],[141.55229,38.97512]]],[[[141.55366,38.97554],[141.55446,38.97591],[141.55425,38.9761],[141.55374,38.97586],[141.55366,38.97554]]]]},"properties":{"林班":"A152","市町村名称":"気仙沼市","旧市町村":null}},
{"type":"Feature","geometry":{"type":"Polygon","coordinates":[[[141.56015,38.94794],[141.56099,38.94719],[141.5653,38.9468],[141.56787,38.94476],[141.57035,38.94474],[141.57129,38.94502],[141.5732,38.94493],[141.57342,38.94532],[141.5716,38.94613],[141.57094,38.94767],[141.57005,38.9482],[141.56982,38.94904],[141.56871,38.94925],[141.56815,38.95112],[141.5694,38.95243],[141.56999,38.95376],[141.56913,38.95435],[141.56824,38.95591],[141.5664,38.95588],[141.5636,38.95514],[141.56415,38.9542],[141.56387,38.95318],[141.56287,38.95202],[141.56272,38.95137],[141.56109,38.95007],[141.56091,38.94917],[141.56015,38.94794]]]},"properties":{"林班":"A166","市町村名称":"気仙沼市","旧市町村":null}},
{"type":"Feature","geometry":{"type":"Polygon","coordinates":[[[141.55173,38.94429],[141.55326,38.94462],[141.55524,38.94451],[141.55606,38.94552],[141.55724,38.94591],[141.55964,38.94742],[141.56015,38.94794],[141.56091,38.94917],[141.56109,38.95007],[141.56272,38.95137],[141.56287,38.95202],[141.56387,38.95318],[141.56415,38.9542],[141.5636,38.95514],[141.5635,38.95524],[141.56231,38.95456],[141.56114,38.95278],[141.5598,38.9513],[141.55863,38.95034],[141.55748,38.9499],[141.55636,38.94954],[141.55531,38.9488],[141.55451,38.94766],[141.55133,38.94687],[141.54983,38.94622],[141.55056,38.94515],[141.55173,38.94429]]]},"properties":{"林班":"A165","市町村名称":"気仙沼市","旧市町村":null}},
{"type":"Feature","geometry":{"type":"MultiPolygon","coordinates":[[[[141.5741,38.92007],[141.57477,38.9197],[141.57618,38.92002],[141.57688,38.92065],[141.57662,38.9215],[141.57884,38.92128],[141.57999,38.9217],[141.57971,38.92268],[141.5809,38.92398],[141.57892,38.92399],[141.57727,38.92466],[141.57657,38.92452],[141.57633,38.92371],[141.57662,38.92235],[141.57456,38.91983],[141.5741,38.92007]]],[[[141.5757,38.92777],[141.57689,38.92796],[141.5789,38.92754],[141.57851,38.92853],[141.57623,38.92894],[141.57514,38.9288],[141.5757,38.92777]]],[[[141.57673,38.92922],[141.57981,38.92846],[141.58145,38.93038],[141.58128,38.93141],[141.5797,38.93199],[141.5772,38.93064],[141.57673,38.92922]]],[[[141.57938,38.92472],[141.58056,38.92454],[141.58102,38.92491],[141.58024,38.92805],[141.57852,38.92717],[141.5772,38.92548],[141.57821,38.92481],[141.57938,38.92472]]]]},"properties":{"林班":"A168","市町村名称":"気仙沼市","旧市町村":null}},
{"type":"Feature","geometry":{"type":"MultiPolygon","coordinates":[[[[141.57042,38.93562],[141.57074,38.9351],[141.57307,38.9358],[141.57494,38.93598],[141.57726,38.93684],[141.57673,38.93745],[141.57543,38.93737],[141.57648,38.939],[141.57481,38.93869],[141.57328,38.9393],[141.5723,38.93874],[141.57163,38.93962],[141.57051,38.93886],[141.57093,38.93819],[141.57047,38.93691],[141.57042,38.93562]]],[[[141.56913,38.94042],[141.57195,38.94069],[141.57366,38.93953],[141.57469,38.93953],[141.57526,38.94017],[141.5751,38.94098],[141.57422,38.94175],[141.57367,38.94434],[141.57275,38.94481],[141.5714,38.94474],[141.56994,38.94427],[141.57034,38.94332],[141.56963,38.94269],[141.57169,38.94214],[141.57147,38.94176],[141.56985,38.94167],[141.56913,38.94042]]],[[[141.57842,38.93216],[141.58124,38.93202],[141.5808,38.93336],[141.57971,38.93412],[141.57856,38.93414],[141.57729,38.93567],[141.57613,38.93514],[141.57634,38.93418],[141.57709,38.93384],[141.57734,38.93302],[141.57656,38.93215],[141.5778,38.93193],[141.57842,38.93216]]]]},"properties":{"林班":"A167","市町村名称":"気仙沼市","旧市町村":null}},
{"type":"Feature","geometry":{"type":"Polygon","coordinates":[[[141.57498,38.91357],[141.5752,38.91203],[141.57621,38.91194],[141.57743,38.91277],[141.57818,38.9155],[141.57924,38.91589],[141.57628,38.9166],[141.57878,38.91712],[141.57918,38.91835],[141.57834,38.9195],[141.57934,38.92043],[141.577,38.91996],[141.576,38.91951],[141.57436,38.91929],[141.57369,38.91946],[141.5728,38.91884],[141.57152,38.91687],[141.57228,38.91648],[141.57362,38.91649],[141.57409,38.91404],[141.57498,38.91357]]]},"properties":{"林班":"A169","市町村名称":"気仙沼市","旧市町村":null}},
{"type":"Feature","geometry":{"type":"Polygon","coordinates":[[[141.54454,38.95471],[141.54653,38.95524],[141.54798,38.95724],[141.54966,38.9577],[141.55044,38.95754],[141.55193,38.95797],[141.55369,38.9574],[141.55425,38.95765],[141.55524,38.959],[141.55296,38.96016],[141.55199,38.96111],[141.55169,38.96152],[141.55121,38.9607],[141.55059,38.9603],[141.5491,38.96002],[141.54785,38.96073],[141.54477,38.96021],[141.54328,38.95968],[141.54294,38.95857],[141.54208,38.9577],[141.54364,38.95721],[141.54472,38.95515],[141.54454,38.95471]]]},"properties":{"林班":"A160","市町村名称":"気仙沼市","旧市町村":null}},
{"type":"Feature","geometry":{"type":"Polygon","coordinates":[[[141.55377,38.95329],[141.55653,38.9523],[141.55896,38.95229],[141.56114,38.95278],[141.56231,38.95456],[141.5635,38.95524],[141.56335,38.95535],[141.56231,38.95545],[141.56335,38.95672],[141.56295,38.95765],[141.56112,38.9578],[141.55953,38.95754],[141.5582,38.95751],[141.55653,38.95711],[141.55656,38.95612],[141.55377,38.95329]]]},"properties":{"林班":"A162","市町村名称":"気仙沼市","旧市町村":null}},
{"type":"Feature","geometry":{"type":"Polygon","coordinates":[[[141.55052,38.95237],[141.55151,38.95278],[141.55232,38.95243],[141.55377,38.95329],[141.55656,38.95612],[141.55653,38.95711],[141.5582,38.95751],[141.55953,38.95754],[141.55958,38.95852],[141.55896,38.95962],[141.55841,38.9594],[141.55757,38.96063],[141.55654,38.95955],[141.55568,38.95886],[141.55524,38.959],[141.55425,38.95765],[141.55369,38.9574],[141.55193,38.95797],[141.55044,38.95754],[141.54966,38.9577],[141.54798,38.95724],[141.54653,38.95524],[141.54454,38.95471],[141.5459,38.95338],[141.54608,38.95194],[141.54765,38.95145],[141.54838,38.95071],[141.54932,38.9509],[141.55052,38.95237]]]},"properties":{"林班":"A161","市町村名称":"気仙沼市","旧市町村":null}},
{"type":"Feature","geometry":{"type":"Polygon","coordinates":[[[141.55748,38.9499],[141.55617,38.95042],[141.55482,38.95032],[141.5537,38.95063],[141.55052,38.95237],[141.54932,38.9509],[141.54838,38.95071],[141.54784,38.95024],[141.54882,38.94851],[141.54976,38.94785],[141.54983,38.94622],[141.55133,38.94687],[141.55451,38.94766],[141.55531,38.9488],[141.55636,38.94954],[141.55748,38.9499]]]},"properties":{"林班":"A164","市町村名称":"気仙沼市","旧市町村":null}},
{"type":"Feature","geometry":{"type":"Polygon","coordinates":[[[141.55052,38.95237],[141.5537,38.95063],[141.55482,38.95032],[141.55617,38.95042],[141.55748,38.9499],[141.55863,38.95034],[141.5598,38.9513],[141.56114,38.95278],[141.55896,38.95229],[141.55653,38.9523],[141.55377,38.95329],[141.55232,38.95243],[141.55151,38.95278],[141.55052,38.95237]]]},"properties":{"林班":"A163","市町村名称":"気仙沼市","旧市町村":null}},
{"type":"Feature","geometry":{"type":"Polygon","coordinates":[[[141.5911,38.89833],[141.59098,38.89775],[141.59323,38.89814],[141.59479,38.89849],[141.59476,38.89897],[141.59562,38.89903],[141.59599,38.89811],[141.5956,38.89644],[141.59432,38.89529],[141.59461,38.89489],[141.59407,38.89481],[141.59431,38.89473],[141.59452,38.89467],[141.59501,38.89453],[141.59546,38.89449],[141.59567,38.89452],[141.59581,38.89458],[141.59747,38.89595],[141.59748,38.89596],[141.59876,38.89636],[141.59992,38.89751],[141.60009,38.89757],[141.60121,38.89769],[141.60252,38.89852],[141.6027,38.89951],[141.60456,38.90084],[141.60467,38.9009],[141.6048,38.90097],[141.60473,38.9011],[141.60469,38.90117],[141.60451,38.90131],[141.60435,38.90144],[141.60381,38.90221],[141.60379,38.90225],[141.60383,38.90244],[141.60386,38.90263],[141.60038,38.90236],[141.60007,38.90232],[141.59952,38.90226],[141.59896,38.90221],[141.5979,38.90209],[141.59685,38.90101],[141.59675,38.90099],[141.59654,38.901],[141.59607,38.90107],[141.59595,38.90108],[141.59583,38.90109],[141.59572,38.90109],[141.5955,38.90112],[141.59477,38.9014],[141.59466,38.90144],[141.59438,38.90153],[141.59387,38.90165],[141.59373,38.9017],[141.59359,38.90175],[141.59353,38.90179],[141.59334,38.9019],[141.59325,38.90199],[141.59298,38.90221],[141.59263,38.90238],[141.59231,38.90248],[141.59178,38.9026],[141.592,38.90155],[141.59162,38.90033],[141.59024,38.9003],[141.58969,38.89983],[141.5906,38.89899],[141.5911,38.89833]]]},"properties":{"林班":"A133","市町村名称":"気仙沼市","旧市町村":null}},
{"type":"Feature","geometry":{"type":"MultiPolygon","coordinates":[[[[141.59391,38.89457],[141.59582,38.8937],[141.59851,38.89514],[141.59848,38.89399],[141.59995,38.89282],[141.60006,38.89146],[141.60183,38.89184],[141.60257,38.89273],[141.60285,38.89497],[141.60517,38.89544],[141.60567,38.89662],[141.60735,38.89782],[141.60721,38.89787],[141.60737,38.89918],[141.60738,38.89922],[141.60743,38.8994],[141.60744,38.89944],[141.60734,38.8997],[141.60651,38.90048],[141.60611,38.90057],[141.60563,38.9006],[141.605,38.9007],[141.60488,38.9008],[141.60467,38.9009],[141.60456,38.90084],[141.6027,38.89951],[141.60252,38.89852],[141.60121,38.89769],[141.60009,38.89757],[141.59992,38.89751],[141.59876,38.89636],[141.59748,38.89596],[141.59747,38.89595],[141.59581,38.89458],[141.59567,38.89452],[141.59546,38.89449],[141.59501,38.89453],[141.59452,38.89467],[141.59431,38.89473],[141.59407,38.89481],[141.59391,38.89457]]],[[[141.59291,38.89485],[141.59323,38.89516],[141.59294,38.89528],[141.59206,38.89549],[141.59291,38.89485],[141.59292,38.89494],[141.59291,38.89485]]]]},"properties":{"林班":"A132","市町村名称":"気仙沼市","旧市町村":null}},
{"type":"Feature","geometry":{"type":"MultiPolygon","coordinates":[[[[141.58834,38.9116],[141.58982,38.91063],[141.59063,38.91039],[141.59043,38.91138],[141.58947,38.91119],[141.58834,38.9116]]],[[[141.58928,38.91641],[141.58899,38.91746],[141.5881,38.91764],[141.5882,38.91653],[141.58928,38.91641]]],[[[141.59179,38.91946],[141.59031,38.91997],[141.59037,38.91914],[141.59139,38.91857],[141.59179,38.91946]]],[[[141.5931,38.91741],[141.59243,38.91805],[141.59164,38.91637],[141.593,38.91607],[141.5931,38.91741]]],[[[141.59182,38.90797],[141.59233,38.90712],[141.59259,38.90706],[141.59297,38.90699],[141.59384,38.90701],[141.59327,38.90752],[141.59182,38.90797]]],[[[141.59189,38.91223],[141.59122,38.91103],[141.5918,38.91062],[141.59142,38.90922],[141.5918,38.90852],[141.59206,38.90855],[141.59223,38.90847],[141.59281,38.90885],[141.59234,38.90908],[141.59239,38.90949],[141.59174,38.90983],[141.59232,38.91021],[141.59339,38.91024],[141.59376,38.91097],[141.59238,38.91162],[141.59235,38.9116],[141.59238,38.91162],[141.59189,38.91223]]],[[[141.59173,38.91283],[141.59292,38.91283],[141.59386,38.91352],[141.5923,38.91394],[141.59145,38.91329],[141.59173,38.91283]]],[[[141.5918,38.90852],[141.59223,38.90847],[141.59206,38.90855],[141.5918,38.90852]]]]},"properties":{"林班":"A135","市町村名称":"気仙沼市","旧市町村":null}},
{"type":"Feature","geometry":{"type":"MultiPolygon","coordinates":[[[[141.58969,38.90349],[141.5898,38.90344],[141.59013,38.90332],[141.59087,38.90327],[141.59178,38.9026],[141.59231,38.90248],[141.59263,38.90238],[141.59298,38.90221],[141.59325,38.90199],[141.59334,38.9019],[141.59353,38.90179],[141.59359,38.90175],[141.59373,38.9017],[141.59387,38.90165],[141.59438,38.90153],[141.59466,38.90144],[141.59477,38.9014],[141.5955,38.90112],[141.59572,38.90109],[141.59583,38.90109],[141.59595,38.90108],[141.59607,38.90107],[141.59654,38.901],[141.59675,38.90099],[141.59685,38.90101],[141.5979,38.90209],[141.59896,38.90221],[141.59952,38.90226],[141.60007,38.90232],[141.60038,38.90236],[141.60386,38.90263],[141.60389,38.90278],[141.60173,38.90322],[141.60065,38.90317],[141.59914,38.9039],[141.59678,38.90403],[141.59718,38.90479],[141.59691,38.90566],[141.59912,38.90625],[141.59835,38.90669],[141.59549,38.90647],[141.59384,38.90701],[141.59297,38.90699],[141.59259,38.90706],[141.59233,38.90712],[141.59248,38.90541],[141.59313,38.90416],[141.59469,38.90374],[141.59479,38.90371],[141.59469,38.90374],[141.59364,38.90343],[141.59301,38.90271],[141.59,38.90379],[141.58969,38.90349]]],[[[141.59037,38.90408],[141.59214,38.90465],[141.59192,38.90508],[141.59012,38.90516],[141.59037,38.90408]]],[[[141.58953,38.90544],[141.59166,38.90519],[141.59177,38.90599],[141.5903,38.90668],[141.58904,38.90678],[141.58894,38.9064],[141.58953,38.90544]]],[[[141.59059,38.90711],[141.59014,38.90787],[141.58848,38.90792],[141.59059,38.90711],[141.59072,38.90715],[141.59081,38.90739],[141.59072,38.90715],[141.59059,38.90711]]]]},"properties":{"林班":"A134","市町村名称":"気仙沼市","旧市町村":null}},
{"type":"Feature","geometry":{"type":"Polygon","coordinates":[[[141.59003,38.93026],[141.58933,38.92942],[141.58773,38.92859],[141.58773,38.92766],[141.58825,38.92627],[141.58797,38.92587],[141.58608,38.92531],[141.58667,38.92249],[141.58753,38.92176],[141.58841,38.9217],[141.58854,38.92212],[141.58859,38.92222],[141.58987,38.92273],[141.59053,38.92301],[141.59171,38.92352],[141.59209,38.92469],[141.59386,38.92657],[141.59512,38.92849],[141.59597,38.92855],[141.59649,38.92916],[141.5983,38.92867],[141.59905,38.92927],[141.59961,38.92865],[141.60095,38.92906],[141.59941,38.92989],[141.59813,38.92993],[141.5954,38.93048],[141.59393,38.93095],[141.59337,38.93065],[141.5915,38.93064],[141.59132,38.93115],[141.59003,38.93026]]]},"properties":{"林班":"A137","市町村名称":"気仙沼市","旧市町村":null}},
{"type":"Feature","geometry":{"type":"MultiPolygon","coordinates":[[[[141.58841,38.9217],[141.58969,38.92117],[141.59083,38.92128],[141.59177,38.92257],[141.59273,38.92337],[141.59454,38.92547],[141.59517,38.92538],[141.59855,38.92677],[141.60002,38.92698],[141.59943,38.92811],[141.5983,38.92867],[141.59649,38.92916],[141.59597,38.92855],[141.59512,38.92849],[141.59386,38.92657],[141.59209,38.92469],[141.59171,38.92352],[141.59053,38.92301],[141.58987,38.92273],[141.58859,38.92222],[141.58854,38.92212],[141.58841,38.9217]]],[[[141.59435,38.91933],[141.59543,38.91884],[141.59689,38.91886],[141.59874,38.91997],[141.60034,38.91982],[141.60027,38.92079],[141.59759,38.91969],[141.59701,38.91912],[141.59576,38.9191],[141.59571,38.92103],[141.5994,38.92301],[141.60097,38.9236],[141.6003,38.92409],[141.59668,38.92212],[141.59576,38.92144],[141.59365,38.91986],[141.59435,38.91933]]],[[[141.60083,38.92582],[141.59944,38.92642],[141.59848,38.92587],[141.5969,38.92574],[141.59436,38.92455],[141.59331,38.92288],[141.59495,38.9224],[141.59514,38.92184],[141.59646,38.92229],[141.60016,38.9243],[141.60017,38.92471],[141.60166,38.92502],[141.60083,38.92582]]],[[[141.60097,38.9236],[141.60274,38.92218],[141.60215,38.92384],[141.60097,38.9236]]]]},"properties":{"林班":"A136","市町村名称":"気仙沼市","旧市町村":null}},
{"type":"Feature","geometry":{"type":"Polygon","coordinates":[[[141.57643,38.94416],[141.57626,38.94297],[141.57716,38.94168],[141.5777,38.94025],[141.58029,38.94093],[141.5811,38.94169],[141.58234,38.94222],[141.58316,38.94336],[141.58244,38.94421],[141.5849,38.9452],[141.58544,38.94616],[141.58723,38.94632],[141.58791,38.94674],[141.5899,38.9473],[141.58897,38.94848],[141.58982,38.94976],[141.5896,38.95052],[141.59127,38.95254],[141.5913,38.9541],[141.59032,38.95402],[141.59019,38.9552],[141.58789,38.95513],[141.58567,38.95357],[141.58413,38.95319],[141.58333,38.95243],[141.58094,38.9518],[141.57922,38.95067],[141.57895,38.9493],[141.57655,38.94949],[141.57493,38.94843],[141.57513,38.94723],[141.57603,38.94646],[141.5752,38.94597],[141.57571,38.94448],[141.57643,38.94416]]]},"properties":{"林班":"A139","市町村名称":"気仙沼市","旧市町村":null}},
{"type":"Feature","geometry":{"type":"MultiPolygon","coordinates":[[[[141.58252,38.93576],[141.58368,38.93513],[141.58432,38.93559],[141.58457,38.93645],[141.58291,38.9369],[141.58204,38.93818],[141.58121,38.9373],[141.58178,38.9362],[141.58252,38.93576]]],[[[141.58018,38.93824],[141.58056,38.93942],[141.58132,38.93894],[141.58149,38.93817],[141.58345,38.93922],[141.58553,38.93993],[141.58514,38.94045],[141.58643,38.94154],[141.58568,38.94244],[141.58407,38.94107],[141.58163,38.94155],[141.58135,38.94112],[141.57808,38.93938],[141.58018,38.93824]]],[[[141.59132,38.93115],[141.59231,38.93248],[141.59087,38.93279],[141.58999,38.93184],[141.58948,38.93282],[141.58838,38.93304],[141.58815,38.93389],[141.58604,38.93363],[141.58571,38.93279],[141.58503,38.93253],[141.58476,38.93075],[141.5855,38.92928],[141.58619,38.92971],[141.58787,38.9299],[141.58867,38.92952],[141.59003,38.93026],[141.59132,38.93115]]],[[[141.58463,38.93432],[141.5854,38.9346],[141.58721,38.93434],[141.58953,38.93472],[141.58897,38.93573],[141.58757,38.93582],[141.58468,38.93535],[141.58391,38.93486],[141.58463,38.93432]]],[[[141.59719,38.93544],[141.59654,38.93607],[141.59553,38.93623],[141.59532,38.9371],[141.59623,38.93949],[141.5956,38.93987],[141.59502,38.93662],[141.59529,38.93594],[141.59651,38.93588],[141.59719,38.93544]]]]},"properties":{"林班":"A138","市町村名称":"気仙沼市","旧市町村":null}},
{"type":"Feature","geometry":{"type":"MultiPolygon","coordinates":[[[[141.60191,38.88458],[141.60133,38.88523],[141.60032,38.88754],[141.60101,38.88831],[141.6036,38.88821],[141.60211,38.88913],[141.60085,38.88853],[141.59967,38.88876],[141.60002,38.88723],[141.60088,38.88532],[141.60191,38.88458]]],[[[141.60183,38.89184],[141.60264,38.8911],[141.60214,38.88996],[141.60262,38.8892],[141.60405,38.88854],[141.60392,38.88672],[141.6059,38.88726],[141.60639,38.88685],[141.60497,38.88617],[141.60419,38.88533],[141.60593,38.88445],[141.60624,38.88381],[141.60719,38.88353],[141.60799,38.88443],[141.60854,38.88525],[141.60859,38.88674],[141.6087,38.88693],[141.60926,38.88755],[141.60851,38.89016],[141.60713,38.89209],[141.60665,38.89391],[141.60533,38.89451],[141.60517,38.89544],[141.60285,38.89497],[141.60257,38.89273],[141.60183,38.89184]]]]},"properties":{"林班":"A131","市町村名称":"気仙沼市","旧市町村":null}},
{"type":"Feature","geometry":{"type":"Polygon","coordinates":[[[141.60517,38.89544],[141.60533,38.89451],[141.60665,38.89391],[141.60713,38.89209],[141.60851,38.89016],[141.60926,38.88755],[141.6087,38.88693],[141.60859,38.88674],[141.60854,38.88525],[141.60799,38.88443],[141.60863,38.88416],[141.60985,38.8851],[141.60929,38.88592],[141.61056,38.88685],[141.61073,38.8884],[141.61168,38.88714],[141.61307,38.88369],[141.61318,38.88274],[141.61268,38.88181],[141.6132,38.8814],[141.6133,38.88188],[141.61358,38.88277],[141.61337,38.88426],[141.61376,38.88442],[141.61381,38.88462],[141.61328,38.88563],[141.61299,38.88839],[141.61307,38.8893],[141.6137,38.8902],[141.61335,38.8931],[141.6135,38.89333],[141.6129,38.89497],[141.61245,38.89709],[141.61223,38.89802],[141.61142,38.89788],[141.61095,38.89777],[141.61081,38.89776],[141.60943,38.89761],[141.60735,38.89782],[141.60567,38.89662],[141.60517,38.89544]]]},"properties":{"林班":"A130","市町村名称":"気仙沼市","旧市町村":null}},
{"type":"Feature","geometry":{"type":"Polygon","coordinates":[[[141.56379,38.98366],[141.56476,38.98306],[141.56591,38.98339],[141.56718,38.98353],[141.57335,38.98363],[141.57517,38.98562],[141.57648,38.98652],[141.5767,38.98675],[141.5759,38.98676],[141.57404,38.98739],[141.57395,38.98802],[141.57263,38.98922],[141.57099,38.99116],[141.57024,38.99291],[141.56965,38.99339],[141.56919,38.99463],[141.5672,38.99595],[141.56392,38.99455],[141.55994,38.99395],[141.55941,38.99261],[141.55953,38.99223],[141.56147,38.99229],[141.56334,38.99155],[141.5641,38.99079],[141.56506,38.98913],[141.5645,38.98665],[141.56415,38.98606],[141.5626,38.9851],[141.56272,38.98438],[141.56354,38.98387],[141.56362,38.9838],[141.56368,38.9837],[141.56379,38.98366]]]},"properties":{"林班":"A144","市町村名称":"気仙沼市","旧市町村":null}},
{"type":"Feature","geometry":{"type":"Polygon","coordinates":[[[141.56338,38.97814],[141.56329,38.97809],[141.56381,38.97757],[141.56714,38.97655],[141.56859,38.97652],[141.57018,38.97681],[141.57217,38.97677],[141.57403,38.97698],[141.57471,38.97679],[141.57475,38.97704],[141.57602,38.97828],[141.57568,38.97981],[141.57625,38.98062],[141.57624,38.9809],[141.57584,38.98136],[141.5753,38.98222],[141.57597,38.98396],[141.57573,38.98467],[141.57585,38.98534],[141.57606,38.98556],[141.57648,38.98652],[141.57517,38.98562],[141.57335,38.98363],[141.56718,38.98353],[141.56591,38.98339],[141.56578,38.98331],[141.56502,38.98289],[141.56401,38.98302],[141.56379,38.98366],[141.56368,38.9837],[141.56312,38.98318],[141.56393,38.98033],[141.56394,38.98028],[141.56381,38.97848],[141.56398,38.97829],[141.56372,38.97839],[141.56338,38.97814]]]},"properties":{"林班":"A143","市町村名称":"気仙沼市","旧市町村":null}},
{"type":"Feature","geometry":{"type":"Polygon","coordinates":[[[141.55656,38.98127],[141.55801,38.98046],[141.55786,38.97921],[141.55843,38.97898],[141.55919,38.97701],[141.55909,38.97614],[141.55979,38.97518],[141.56086,38.9758],[141.56078,38.97625],[141.56235,38.97753],[141.56329,38.97809],[141.56338,38.97814],[141.56372,38.97839],[141.56381,38.97848],[141.56394,38.98028],[141.56393,38.98033],[141.56312,38.98318],[141.56204,38.9843],[141.56149,38.98531],[141.55998,38.9856],[141.55928,38.98352],[141.55825,38.98224],[141.55656,38.98127]]]},"properties":{"林班":"A146","市町村名称":"気仙沼市","旧市町村":null}},
{"type":"Feature","geometry":{"type":"Polygon","coordinates":[[[141.56354,38.98387],[141.56272,38.98438],[141.5626,38.9851],[141.56415,38.98606],[141.5645,38.98665],[141.56506,38.98913],[141.5641,38.99079],[141.56334,38.99155],[141.56147,38.99229],[141.55953,38.99223],[141.56052,38.99131],[141.55946,38.98875],[141.55917,38.98691],[141.55998,38.9856],[141.56149,38.98531],[141.56204,38.9843],[141.56312,38.98318],[141.56368,38.9837],[141.56362,38.9838],[141.56354,38.98387]]]},"properties":{"林班":"A145","市町村名称":"気仙沼市","旧市町村":null}},
{"type":"Feature","geometry":{"type":"Polygon","coordinates":[[[141.55072,38.99115],[141.55166,38.99185],[141.55321,38.99164],[141.5561,38.9923],[141.55623,38.99232],[141.55798,38.99262],[141.55941,38.99261],[141.55994,38.99395],[141.55861,38.99518],[141.55606,38.99609],[141.5553,38.99513],[141.55366,38.99483],[141.5499,38.99555],[141.54861,38.99624],[141.54699,38.99603],[141.54707,38.9957],[141.54833,38.99465],[141.54799,38.99398],[141.5482,38.993],[141.54907,38.99227],[141.54931,38.99238],[141.54977,38.99277],[141.54988,38.99282],[141.55074,38.99268],[141.55069,38.99262],[141.55003,38.992],[141.55072,38.99115]]]},"properties":{"林班":"A148","市町村名称":"気仙沼市","旧市町村":null}},
{"type":"Feature","geometry":{"type":"Polygon","coordinates":[[[141.55072,38.99115],[141.55181,38.99004],[141.55185,38.9886],[141.55314,38.98661],[141.55584,38.984],[141.55616,38.98244],[141.55656,38.98127],[141.55825,38.98224],[141.55928,38.98352],[141.55998,38.9856],[141.55917,38.98691],[141.55946,38.98875],[141.56052,38.99131],[141.55953,38.99223],[141.55941,38.99261],[141.55798,38.99262],[141.55623,38.99232],[141.5561,38.9923],[141.55321,38.99164],[141.55166,38.99185],[141.55072,38.99115]]]},"properties":{"林班":"A147","市町村名称":"気仙沼市","旧市町村":null}},
{"type":"Feature","geometry":{"type":"MultiPolygon","coordinates":[[[[141.54699,38.99603],[141.54613,38.99605],[141.54418,38.9953],[141.54283,38.99571],[141.54076,38.99477],[141.53932,38.99475],[141.53713,38.99545],[141.53556,38.99499],[141.5332,38.99475],[141.53119,38.99419],[141.52731,38.99269],[141.52617,38.9926],[141.52595,38.99177],[141.52744,38.99047],[141.52878,38.98895],[141.52958,38.98864],[141.53052,38.98759],[141.53224,38.98891],[141.53343,38.99015],[141.53478,38.99036],[141.53665,38.99109],[141.53835,38.99126],[141.54045,38.99075],[141.5455,38.99127],[141.54619,38.9917],[141.54738,38.99207],[141.54641,38.99291],[141.54704,38.99406],[141.5467,38.99438],[141.54699,38.99474],[141.547,38.99571],[141.54707,38.9957],[141.54699,38.99603]]],[[[141.547,38.99535],[141.54709,38.99486],[141.54679,38.99441],[141.54717,38.99405],[141.54714,38.99287],[141.54747,38.992],[141.5461,38.99162],[141.5459,38.99102],[141.54647,38.99148],[141.54817,38.99166],[141.54834,38.99188],[141.54832,38.99205],[141.54827,38.9921],[141.54751,38.99298],[141.547,38.99535]]]]},"properties":{"林班":"A149","市町村名称":"気仙沼市","旧市町村":null}},
{"type":"Feature","geometry":{"type":"MultiPolygon","coordinates":[[[[141.57114,38.9508],[141.57203,38.95165],[141.57192,38.95258],[141.57036,38.95179],[141.57114,38.9508]]],[[[141.57433,38.95433],[141.57384,38.95516],[141.57262,38.95565],[141.57084,38.95537],[141.57111,38.95415],[141.57213,38.95297],[141.57317,38.95129],[141.57422,38.9518],[141.57551,38.95184],[141.5771,38.95298],[141.5783,38.9533],[141.5779,38.95433],[141.57639,38.9544],[141.57533,38.95355],[141.57433,38.95433]]],[[[141.5752,38.9493],[141.57685,38.95027],[141.57775,38.95054],[141.57708,38.95196],[141.57449,38.95068],[141.57346,38.94953],[141.57364,38.9491],[141.5752,38.9493]]],[[[141.58136,38.9572],[141.58163,38.95861],[141.5809,38.95861],[141.58136,38.9572]]],[[[141.58218,38.965],[141.58337,38.96555],[141.58316,38.9666],[141.58246,38.9672],[141.58218,38.965]]]]},"properties":{"林班":"A140","市町村名称":"気仙沼市","旧市町村":null}},
{"type":"Feature","geometry":{"type":"Polygon","coordinates":[[[141.56235,38.97753],[141.56242,38.9772],[141.56462,38.9755],[141.56395,38.97393],[141.56231,38.97397],[141.56103,38.97457],[141.56058,38.97527],[141.55878,38.97423],[141.55946,38.97395],[141.56037,38.97237],[141.56085,38.97218],[141.56263,38.97258],[141.56492,38.97297],[141.56727,38.97358],[141.56885,38.97373],[141.57063,38.97264],[141.57223,38.97347],[141.57417,38.97348],[141.5749,38.97488],[141.57475,38.97551],[141.57555,38.97643],[141.57489,38.97674],[141.57471,38.97679],[141.57403,38.97698],[141.57217,38.97677],[141.57018,38.97681],[141.56859,38.97652],[141.56714,38.97655],[141.56381,38.97757],[141.56329,38.97809],[141.56235,38.97753]]]},"properties":{"林班":"A142","市町村名称":"気仙沼市","旧市町村":null}},
{"type":"Feature","geometry":{"type":"MultiPolygon","coordinates":[[[[141.56085,38.97218],[141.56108,38.97114],[141.56278,38.97057],[141.56291,38.96972],[141.56373,38.96966],[141.56385,38.96807],[141.56447,38.96738],[141.56548,38.96455],[141.56737,38.96303],[141.56832,38.96133],[141.57022,38.96242],[141.57059,38.96311],[141.57034,38.96481],[141.56942,38.96421],[141.56825,38.96433],[141.56779,38.96532],[141.56683,38.96601],[141.56639,38.96753],[141.56547,38.96856],[141.56563,38.96941],[141.56499,38.97034],[141.56391,38.97115],[141.56378,38.9717],[141.56263,38.97258],[141.56085,38.97218]]],[[[141.56919,38.95938],[141.56977,38.95759],[141.5709,38.958],[141.57058,38.9594],[141.57091,38.96023],[141.57045,38.9609],[141.56902,38.961],[141.56867,38.96032],[141.56919,38.95938]]]]},"properties":{"林班":"A141","市町村名称":"気仙沼市","旧市町村":null}},
{"type":"Feature","geometry":{"type":"Polygon","coordinates":[[[141.52093,38.83125],[141.52027,38.8292],[141.52175,38.82862],[141.5227,38.82858],[141.52486,38.82774],[141.52579,38.82793],[141.5273,38.82822],[141.52736,38.82827],[141.52816,38.83013],[141.5289,38.83078],[141.53006,38.83101],[141.53033,38.83102],[141.53087,38.83122],[141.53121,38.83133],[141.53194,38.83174],[141.53288,38.83182],[141.53333,38.83291],[141.53276,38.83371],[141.53013,38.83494],[141.52796,38.83475],[141.52788,38.83475],[141.52616,38.83476],[141.52562,38.83511],[141.5247,38.83506],[141.5242,38.83331],[141.52241,38.83145],[141.52093,38.83125]]]},"properties":{"林班":"A111","市町村名称":"気仙沼市","旧市町村":null}},
{"type":"Feature","geometry":{"type":"MultiPolygon","coordinates":[[[[141.51405,38.83566],[141.51555,38.83533],[141.51623,38.83476],[141.51861,38.83435],[141.51977,38.83282],[141.52099,38.83297],[141.52308,38.83422],[141.52392,38.83444],[141.5243,38.83525],[141.52486,38.836],[141.52508,38.83607],[141.52528,38.83564],[141.52539,38.83589],[141.52548,38.83598],[141.52507,38.83775],[141.52473,38.83919],[141.52362,38.83913],[141.52453,38.84112],[141.52245,38.84045],[141.52132,38.84097],[141.51962,38.84082],[141.5191,38.84152],[141.52401,38.8416],[141.52512,38.84175],[141.5269,38.84279],[141.52712,38.84384],[141.52628,38.84584],[141.52544,38.84504],[141.52443,38.8448],[141.52224,38.84512],[141.52212,38.84548],[141.52142,38.84581],[141.51912,38.84511],[141.51823,38.84398],[141.51836,38.84292],[141.51706,38.84202],[141.51579,38.84201],[141.51387,38.84145],[141.51381,38.84045],[141.51227,38.8398],[141.51002,38.83928],[141.51024,38.83882],[141.51203,38.83836],[141.51321,38.83745],[141.51461,38.83806],[141.51445,38.83853],[141.5148,38.83898],[141.5151,38.83908],[141.51536,38.83909],[141.51547,38.83938],[141.51563,38.83949],[141.51591,38.83943],[141.51595,38.83921],[141.51583,38.83824],[141.51424,38.83653],[141.51405,38.83566]]],[[[141.51405,38.83566],[141.51405,38.83647],[141.51579,38.8382],[141.51588,38.8392],[141.51577,38.83944],[141.51553,38.83941],[141.5155,38.83911],[141.51494,38.83902],[141.51462,38.83872],[141.51451,38.83851],[141.5147,38.83812],[141.51443,38.83791],[141.51369,38.83754],[141.51316,38.83743],[141.51175,38.83782],[141.51289,38.83583],[141.51405,38.83566]]],[[[141.51261,38.8423],[141.51369,38.84157],[141.51629,38.84217],[141.51684,38.84203],[141.51823,38.8429],[141.51807,38.84376],[141.51827,38.84433],[141.51914,38.84518],[141.51919,38.84575],[141.51832,38.84552],[141.51697,38.84414],[141.51553,38.84343],[141.51351,38.8438],[141.51167,38.84447],[141.51113,38.84519],[141.51083,38.84347],[141.51166,38.84293],[141.51185,38.84281],[141.51246,38.84274],[141.51261,38.8423]]],[[[141.51054,38.84367],[141.51107,38.84522],[141.51073,38.8454],[141.51001,38.84408],[141.51054,38.84367]]],[[[141.5255,38.83592],[141.52537,38.83579],[141.5253,38.83549],[141.52508,38.836],[141.52498,38.83601],[141.52441,38.83534],[141.52395,38.83438],[141.52238,38.83365],[141.52199,38.83273],[141.51981,38.83276],[141.52093,38.83125],[141.52241,38.83145],[141.5242,38.83331],[141.5247,38.83506],[141.52562,38.83511],[141.5255,38.83592]]]]},"properties":{"林班":"A110","市町村名称":"気仙沼市","旧市町村":null}},
{"type":"Feature","geometry":{"type":"MultiPolygon","coordinates":[[[[141.51923,38.84665],[141.51832,38.84552],[141.51919,38.84575],[141.51923,38.84665]]],[[[141.52142,38.84581],[141.52212,38.84548],[141.52249,38.846],[141.5246,38.84636],[141.52561,38.84588],[141.52627,38.84625],[141.52619,38.84728],[141.52536,38.84802],[141.52569,38.84918],[141.52578,38.84986],[141.52636,38.85032],[141.52545,38.85074],[141.5258,38.8514],[141.52721,38.8515],[141.52627,38.85276],[141.5249,38.85384],[141.52361,38.85344],[141.52231,38.85214],[141.52182,38.85215],[141.52142,38.85154],[141.5216,38.85083],[141.5204,38.84927],[141.52142,38.84581]]]]},"properties":{"林班":"A113","市町村名称":"気仙沼市","旧市町村":null}},
{"type":"Feature","geometry":{"type":"MultiPolygon","coordinates":[[[[141.52562,38.83511],[141.52616,38.83476],[141.52788,38.83475],[141.52673,38.83531],[141.52628,38.83708],[141.52709,38.83748],[141.52763,38.83725],[141.52826,38.8383],[141.52721,38.83923],[141.52625,38.84069],[141.52559,38.83834],[141.52507,38.83775],[141.52548,38.83598],[141.5255,38.83592],[141.52562,38.83511]]],[[[141.52796,38.83475],[141.53013,38.83494],[141.53276,38.83371],[141.53321,38.83422],[141.53347,38.83601],[141.53431,38.83682],[141.53422,38.83836],[141.53367,38.8385],[141.53216,38.83784],[141.53181,38.83763],[141.53147,38.83806],[141.53082,38.83841],[141.53013,38.83827],[141.52975,38.83734],[141.52927,38.83693],[141.5279,38.8366],[141.52712,38.83745],[141.52636,38.83705],[141.52681,38.83534],[141.52796,38.83475]]],[[[141.52627,38.84625],[141.52695,38.84616],[141.52708,38.84501],[141.52783,38.84409],[141.52753,38.84233],[141.52943,38.84074],[141.53215,38.83984],[141.53306,38.83901],[141.53351,38.83967],[141.5335,38.84123],[141.53341,38.84237],[141.53336,38.84258],[141.5333,38.84262],[141.53305,38.84281],[141.53298,38.84282],[141.53343,38.84289],[141.53481,38.84365],[141.53486,38.84471],[141.53526,38.84589],[141.53653,38.84601],[141.53699,38.84624],[141.53719,38.84637],[141.53723,38.84639],[141.539,38.84805],[141.53924,38.84868],[141.53909,38.85044],[141.53811,38.85027],[141.53732,38.84935],[141.53569,38.84879],[141.53139,38.84919],[141.52985,38.85051],[141.52923,38.85088],[141.52855,38.84981],[141.52851,38.84979],[141.52735,38.8496],[141.52661,38.84891],[141.52705,38.84782],[141.52862,38.84721],[141.52804,38.84637],[141.52686,38.84659],[141.52627,38.84625]]],[[[141.52569,38.84918],[141.52663,38.84971],[141.52578,38.84986],[141.52569,38.84918]]],[[[141.53183,38.83769],[141.5323,38.83854],[141.53286,38.83826],[141.53366,38.8386],[141.53286,38.83903],[141.53213,38.83972],[141.52954,38.84058],[141.52749,38.84222],[141.52646,38.84145],[141.5267,38.84015],[141.5272,38.83934],[141.52819,38.83863],[141.52836,38.8381],[141.52813,38.83666],[141.52967,38.83741],[141.52957,38.83821],[141.53087,38.83848],[141.53148,38.83814],[141.53183,38.83769],[141.53184,38.83776],[141.53183,38.83769]]]]},"properties":{"林班":"A112","市町村名称":"気仙沼市","旧市町村":null}},
{"type":"Feature","geometry":{"type":"MultiPolygon","coordinates":[[[[141.53844,38.86885],[141.53789,38.86777],[141.53813,38.86704],[141.53729,38.86559],[141.53652,38.86492],[141.53876,38.86433],[141.54139,38.86597],[141.54144,38.86747],[141.53974,38.86755],[141.54009,38.86835],[141.53925,38.8698],[141.54024,38.87058],[141.54135,38.87082],[141.54179,38.86966],[141.54371,38.87008],[141.54321,38.86909],[141.54352,38.86813],[141.54316,38.86663],[141.54467,38.86645],[141.54566,38.86673],[141.54648,38.86768],[141.54517,38.86835],[141.54589,38.86936],[141.54659,38.86818],[141.54814,38.86791],[141.54928,38.86949],[141.54944,38.87026],[141.55097,38.87025],[141.55069,38.87182],[141.55314,38.87206],[141.55317,38.87107],[141.55213,38.87101],[141.55206,38.86997],[141.55302,38.87023],[141.55353,38.87092],[141.5545,38.87116],[141.55512,38.87044],[141.5574,38.87076],[141.55821,38.87059],[141.55751,38.8693],[141.55849,38.86895],[141.56124,38.86744],[141.5627,38.86956],[141.56196,38.87044],[141.5608,38.87],[141.55984,38.87093],[141.55731,38.87117],[141.55593,38.87162],[141.5559,38.87228],[141.55533,38.87359],[141.55313,38.87298],[141.55305,38.87296],[141.55098,38.87257],[141.55009,38.87217],[141.54917,38.8723],[141.54837,38.87287],[141.54674,38.87268],[141.54542,38.87282],[141.54512,38.87151],[141.54364,38.871],[141.54316,38.87223],[141.54235,38.87223],[141.54172,38.87228],[141.54051,38.87114],[141.53927,38.87048],[141.53877,38.86944],[141.53873,38.86936],[141.53844,38.86885]],[[141.54142,38.87121],[141.54239,38.87198],[141.54264,38.87093],[141.54142,38.87121]]],[[[141.54976,38.86786],[141.55019,38.8675],[141.54995,38.8661],[141.55025,38.86535],[141.55202,38.86639],[141.55212,38.86692],[141.55099,38.86801],[141.54976,38.86786]]],[[[141.5533,38.86515],[141.55496,38.86413],[141.55602,38.86497],[141.55395,38.86716],[141.55381,38.86541],[141.5533,38.86515]]],[[[141.55406,38.86778],[141.55525,38.86799],[141.55587,38.86761],[141.556,38.86587],[141.55687,38.86517],[141.55792,38.86496],[141.55881,38.86543],[141.55792,38.86628],[141.55903,38.8665],[141.55943,38.86716],[141.55725,38.8667],[141.55673,38.86718],[141.55923,38.86756],[141.55827,38.86821],[141.55655,38.86879],[141.55475,38.8684],[141.55406,38.86778]]]]},"properties":{"林班":"A115","市町村名称":"気仙沼市","旧市町村":null}},
{"type":"Feature","geometry":{"type":"MultiPolygon","coordinates":[[[[141.5249,38.85384],[141.52627,38.85276],[141.52721,38.8515],[141.52824,38.85226],[141.52746,38.85281],[141.52827,38.85376],[141.52894,38.85301],[141.52964,38.85356],[141.53046,38.85582],[141.53118,38.85676],[141.53131,38.85752],[141.53232,38.85904],[141.53275,38.85804],[141.5337,38.85898],[141.53537,38.85973],[141.53326,38.85985],[141.5316,38.85889],[141.53071,38.85942],[141.52925,38.85925],[141.52795,38.85979],[141.5272,38.85874],[141.52813,38.85745],[141.52599,38.85816],[141.52446,38.85896],[141.52406,38.85814],[141.52488,38.85691],[141.52464,38.85465],[141.52485,38.85394],[141.52703,38.85618],[141.52816,38.85622],[141.5288,38.85583],[141.52705,38.85463],[141.5249,38.85384]]],[[[141.52578,38.84986],[141.52663,38.84971],[141.52636,38.85032],[141.52578,38.84986]]],[[[141.52855,38.84981],[141.52923,38.85088],[141.52985,38.85051],[141.52945,38.85119],[141.52856,38.85084],[141.52855,38.84981]]],[[[141.53873,38.85724],[141.53997,38.85714],[141.5403,38.85788],[141.53779,38.85979],[141.53704,38.8594],[141.53812,38.85859],[141.538,38.85807],[141.53873,38.85724]]],[[[141.53801,38.86232],[141.53865,38.86243],[141.53933,38.86099],[141.54034,38.86216],[141.53949,38.86314],[141.53801,38.86232]]]]},"properties":{"林班":"A114","市町村名称":"気仙沼市","旧市町村":null}},
{"type":"Feature","geometry":{"type":"MultiPolygon","coordinates":[[[[141.53872,38.87498],[141.53897,38.876],[141.54206,38.87696],[141.54219,38.87783],[141.54316,38.87761],[141.54312,38.87599],[141.54446,38.87688],[141.5464,38.87644],[141.54746,38.87713],[141.54654,38.8784],[141.54641,38.87932],[141.54889,38.88006],[141.54816,38.88084],[141.54804,38.88161],[141.55058,38.88254],[141.55435,38.88272],[141.55617,38.88144],[141.557,38.88152],[141.55756,38.88321],[141.55723,38.88465],[141.55591,38.88421],[141.55488,38.88482],[141.55508,38.88549],[141.55346,38.88564],[141.5502,38.88501],[141.5476,38.88408],[141.54744,38.88282],[141.54638,38.8827],[141.54577,38.88188],[141.54504,38.8811],[141.54357,38.88041],[141.5419,38.88029],[141.53969,38.87967],[141.53993,38.87825],[141.53902,38.87741],[141.53887,38.87728],[141.53807,38.87667],[141.53831,38.87632],[141.53818,38.87547],[141.53872,38.87498]]],[[[141.54984,38.88172],[141.55186,38.87937],[141.55257,38.87976],[141.5537,38.87934],[141.55374,38.87814],[141.55415,38.87736],[141.55602,38.87891],[141.55637,38.87961],[141.5546,38.88236],[141.55408,38.88137],[141.55283,38.88047],[141.55142,38.88052],[141.55132,38.88134],[141.54984,38.88172]]],[[[141.55508,38.87717],[141.55609,38.8768],[141.55897,38.87653],[141.55887,38.87715],[141.56,38.87834],[141.56058,38.87952],[141.56047,38.88098],[141.56073,38.88221],[141.55842,38.8831],[141.55803,38.88231],[141.55971,38.88155],[141.55909,38.88076],[141.55803,38.88052],[141.55656,38.87967],[141.55643,38.87766],[141.55508,38.87717]]]]},"properties":{"林班":"A117","市町村名称":"気仙沼市","旧市町村":null}},
{"type":"Feature","geometry":{"type":"MultiPolygon","coordinates":[[[[141.54323,38.87245],[141.54356,38.87259],[141.54362,38.87263],[141.54413,38.87301],[141.54172,38.87228],[141.54235,38.87223],[141.54323,38.87245]]],[[[141.54693,38.87309],[141.5472,38.87521],[141.54889,38.87541],[141.54789,38.87613],[141.54551,38.87388],[141.54693,38.87309]]],[[[141.55305,38.87296],[141.55094,38.8733],[141.55098,38.87257],[141.55305,38.87296]]],[[[141.5559,38.87228],[141.55761,38.87166],[141.55887,38.87213],[141.5594,38.87351],[141.55819,38.8742],[141.55785,38.87493],[141.55692,38.87556],[141.55601,38.87556],[141.55509,38.87631],[141.55185,38.87536],[141.55078,38.87456],[141.55132,38.87337],[141.55313,38.87298],[141.55533,38.87359],[141.5559,38.87228]]]]},"properties":{"林班":"A116","市町村名称":"気仙沼市","旧市町村":null}},
{"type":"Feature","geometry":{"type":"Polygon","coordinates":[[[141.56152,38.87584],[141.56148,38.87547],[141.563,38.87536],[141.56228,38.87581],[141.56152,38.87584]]]},"properties":{"林班":"A119","市町村名称":"気仙沼市","旧市町村":null}},
{"type":"Feature","geometry":{"type":"Polygon","coordinates":[[[141.59112,38.87754],[141.59134,38.87864],[141.59083,38.87881],[141.59074,38.87808],[141.59112,38.87754]]]},"properties":{"林班":"A118","市町村名称":"気仙沼市","旧市町村":null}},
{"type":"Feature","geometry":{"type":"Polygon","coordinates":[[[141.55286,38.86018],[141.55567,38.86145],[141.55605,38.86306],[141.55426,38.86347],[141.55299,38.86402],[141.55127,38.86357],[141.55064,38.86286],[141.55094,38.86213],[141.54969,38.86074],[141.54924,38.86133],[141.54787,38.86126],[141.54795,38.86231],[141.54693,38.86209],[141.5465,38.86297],[141.54757,38.86368],[141.54813,38.8623],[141.54963,38.8632],[141.54969,38.86387],[141.55106,38.86447],[141.55097,38.86493],[141.54892,38.86522],[141.5483,38.86578],[141.54659,38.86528],[141.54626,38.86488],[141.54409,38.86468],[141.54277,38.86537],[141.54156,38.86475],[141.54187,38.86302],[141.54247,38.86185],[141.54314,38.86136],[141.54537,38.86097],[141.54643,38.85998],[141.54646,38.85867],[141.54737,38.85761],[141.54745,38.85764],[141.55076,38.85842],[141.55153,38.85933],[141.55286,38.86018]]]},"properties":{"林班":"A122","市町村名称":"気仙沼市","旧市町村":null}},
{"type":"Feature","geometry":{"type":"MultiPolygon","coordinates":[[[[141.56054,38.86408],[141.56179,38.8637],[141.56395,38.86441],[141.56203,38.86539],[141.56008,38.86436],[141.56054,38.86408]]],[[[141.56767,38.864],[141.56877,38.86429],[141.56935,38.8658],[141.56827,38.86597],[141.5675,38.86404],[141.56767,38.864]]]]},"properties":{"林班":"A121","市町村名称":"気仙沼市","旧市町村":null}},
{"type":"Feature","geometry":{"type":"MultiPolygon","coordinates":[[[[141.55647,38.85499],[141.55896,38.85493],[141.56096,38.85525],[141.56063,38.85767],[141.55927,38.85779],[141.55915,38.85903],[141.55701,38.85873],[141.55668,38.8595],[141.55583,38.85924],[141.55558,38.85913],[141.55334,38.85815],[141.55329,38.85685],[141.5533,38.85617],[141.55355,38.85546],[141.55496,38.85556],[141.55647,38.85499]]],[[[141.56475,38.85591],[141.56512,38.85657],[141.56619,38.8569],[141.56767,38.85775],[141.56734,38.85867],[141.56518,38.85815],[141.56314,38.85799],[141.56192,38.85724],[141.56223,38.85637],[141.56329,38.8558],[141.56342,38.85582],[141.56475,38.85591]]],[[[141.56317,38.85842],[141.56463,38.85875],[141.56509,38.85946],[141.56422,38.85993],[141.56317,38.85842]]]]},"properties":{"林班":"A124","市町村名称":"気仙沼市","旧市町村":null}},
{"type":"Feature","geometry":{"type":"MultiPolygon","coordinates":[[[[141.55076,38.85842],[141.5514,38.8575],[141.55334,38.85815],[141.55558,38.85913],[141.55527,38.85954],[141.55583,38.85924],[141.55668,38.8595],[141.55741,38.86019],[141.55757,38.86084],[141.55661,38.86027],[141.55372,38.85996],[141.55286,38.86018],[141.55153,38.85933],[141.55076,38.85842]]],[[[141.55797,38.86046],[141.56077,38.86002],[141.56097,38.86053],[141.56251,38.86061],[141.56373,38.86029],[141.56468,38.86081],[141.56209,38.8611],[141.56049,38.86104],[141.55979,38.86074],[141.55852,38.86085],[141.55797,38.86046]]],[[[141.55757,38.86084],[141.55929,38.86119],[141.56002,38.86186],[141.55986,38.86288],[141.55757,38.86084]]]]},"properties":{"林班":"A123","市町村名称":"気仙沼市","旧市町村":null}},
{"type":"Feature","geometry":{"type":"MultiPolygon","coordinates":[[[[141.56119,38.84844],[141.56211,38.84864],[141.56325,38.84806],[141.56434,38.84841],[141.56529,38.84919],[141.56686,38.84889],[141.5661,38.84819],[141.56703,38.84709],[141.567,38.84573],[141.56765,38.84534],[141.5686,38.84594],[141.56944,38.84697],[141.56959,38.84802],[141.56717,38.8486],[141.56734,38.84985],[141.56841,38.84986],[141.56936,38.85219],[141.56697,38.85349],[141.56592,38.85279],[141.56536,38.85304],[141.56226,38.85229],[141.56012,38.85063],[141.55964,38.85046],[141.55965,38.84928],[141.56033,38.84917],[141.56044,38.84915],[141.56076,38.84912],[141.56119,38.84869],[141.5612,38.8486],[141.56119,38.84844]]],[[[141.57312,38.84929],[141.57195,38.8496],[141.5697,38.84834],[141.57064,38.84755],[141.57285,38.84811],[141.57306,38.84879],[141.57312,38.84929]]],[[[141.56951,38.85367],[141.56913,38.8529],[141.56973,38.85125],[141.56961,38.85019],[141.5685,38.84987],[141.56911,38.84885],[141.57009,38.84959],[141.57169,38.8502],[141.57334,38.85039],[141.57208,38.85121],[141.57126,38.85239],[141.56952,38.85245],[141.57145,38.85372],[141.57101,38.85407],[141.56951,38.85367]]],[[[141.57316,38.85393],[141.57388,38.85392],[141.57424,38.85473],[141.57331,38.85508],[141.57316,38.85393]]]]},"properties":{"林班":"A126","市町村名称":"気仙沼市","旧市町村":null}},
{"type":"Feature","geometry":{"type":"MultiPolygon","coordinates":[[[[141.55627,38.85274],[141.55714,38.85184],[141.55632,38.85057],[141.55701,38.84981],[141.55805,38.85029],[141.55964,38.85046],[141.56012,38.85063],[141.56226,38.85229],[141.56552,38.85447],[141.56329,38.8558],[141.56174,38.85559],[141.56119,38.85528],[141.55963,38.85491],[141.55826,38.85487],[141.55643,38.85382],[141.55617,38.85307],[141.55627,38.85274]]],[[[141.5667,38.85495],[141.5677,38.85527],[141.56842,38.85662],[141.56711,38.85686],[141.56657,38.85644],[141.5667,38.85495]]]]},"properties":{"林班":"A125","市町村名称":"気仙沼市","旧市町村":null}},
{"type":"Feature","geometry":{"type":"MultiPolygon","coordinates":[[[[141.59085,38.82375],[141.59156,38.82518],[141.59087,38.82537],[141.59004,38.8245],[141.59085,38.82375]]],[[[141.59667,38.82938],[141.59569,38.82941],[141.59473,38.82887],[141.595,38.82867],[141.59667,38.82938]]]]},"properties":{"林班":"A128","市町村名称":"気仙沼市","旧市町村":null}},
{"type":"Feature","geometry":{"type":"MultiPolygon","coordinates":[[[[141.56761,38.84105],[141.56878,38.84148],[141.56847,38.84212],[141.56718,38.84177],[141.56761,38.84105]]],[[[141.56614,38.84201],[141.56622,38.84334],[141.56545,38.84315],[141.56614,38.84201]]],[[[141.57208,38.84395],[141.57158,38.84336],[141.56977,38.84338],[141.57036,38.84215],[141.57196,38.84284],[141.57262,38.84181],[141.57397,38.84241],[141.57513,38.84385],[141.5737,38.84357],[141.57271,38.84298],[141.57191,38.84301],[141.57208,38.84395]]],[[[141.567,38.84573],[141.5678,38.84483],[141.5686,38.84594],[141.56765,38.84534],[141.567,38.84573]]],[[[141.57064,38.84755],[141.56957,38.84639],[141.57009,38.84573],[141.57149,38.84485],[141.57327,38.84468],[141.57404,38.84582],[141.57339,38.84663],[141.57502,38.84805],[141.57285,38.84811],[141.57064,38.84755]]]]},"properties":{"林班":"A127","市町村名称":"気仙沼市","旧市町村":null}},
{"type":"Feature","geometry":{"type":"Polygon","coordinates":[[[141.54991,38.85085],[141.55003,38.85082],[141.55012,38.85078],[141.55034,38.85071],[141.55167,38.85041],[141.5518,38.85043],[141.55243,38.85022],[141.55252,38.85018],[141.55257,38.85017],[141.55322,38.85005],[141.55344,38.85001],[141.55367,38.85003],[141.55397,38.85],[141.55513,38.8498],[141.55609,38.84949],[141.5563,38.8494],[141.55844,38.84846],[141.55926,38.84877],[141.56019,38.84875],[141.56119,38.84844],[141.5612,38.8486],[141.56119,38.84869],[141.56076,38.84912],[141.56044,38.84915],[141.56033,38.84917],[141.55965,38.84928],[141.55964,38.85046],[141.55805,38.85029],[141.55701,38.84981],[141.55632,38.85057],[141.55714,38.85184],[141.55627,38.85274],[141.55617,38.85307],[141.55643,38.85382],[141.55826,38.85487],[141.55639,38.85483],[141.55515,38.85441],[141.55423,38.85445],[141.5539,38.85404],[141.55531,38.85348],[141.55539,38.85295],[141.55425,38.85247],[141.55141,38.85196],[141.5502,38.85224],[141.55035,38.8528],[141.55181,38.85206],[141.55461,38.85266],[141.55529,38.85339],[141.55388,38.85395],[141.55392,38.85439],[141.55419,38.85453],[141.55509,38.85449],[141.55647,38.85499],[141.55496,38.85556],[141.55355,38.85546],[141.5533,38.85617],[141.55329,38.85685],[141.55334,38.85815],[141.5514,38.8575],[141.55076,38.85842],[141.54745,38.85764],[141.54737,38.85761],[141.54683,38.8568],[141.54558,38.85677],[141.54509,38.85627],[141.54516,38.85491],[141.54614,38.85522],[141.54516,38.85491],[141.54513,38.8538],[141.54592,38.85211],[141.54562,38.85163],[141.54562,38.85162],[141.54615,38.85118],[141.54734,38.85068],[141.54848,38.8511],[141.54987,38.85086],[141.54991,38.85085]]]},"properties":{"林班":"A129","市町村名称":"気仙沼市","旧市町村":null}},
{"type":"Feature","geometry":{"type":"MultiPolygon","coordinates":[[[[141.56341,38.86944],[141.56516,38.86965],[141.56441,38.87064],[141.56352,38.87033],[141.56341,38.86944]]],[[[141.56503,38.87393],[141.56627,38.87409],[141.56602,38.87491],[141.56374,38.87448],[141.56503,38.87393]]],[[[141.575,38.87152],[141.57518,38.87246],[141.57365,38.87287],[141.57364,38.87352],[141.57186,38.8725],[141.57505,38.87203],[141.575,38.87152]]]]},"properties":{"林班":"A120","市町村名称":"気仙沼市","旧市町村":null}},
{"type":"Feature","geometry":{"type":"MultiPolygon","coordinates":[[[[141.51323,38.87178],[141.51214,38.87081],[141.51182,38.86977],[141.51098,38.86907],[141.51052,38.86906],[141.5099,38.86931],[141.50877,38.86894],[141.50805,38.86776],[141.50985,38.8666],[141.51,38.86661],[141.50998,38.86746],[141.51056,38.86833],[141.51237,38.8694],[141.51345,38.87161],[141.51349,38.87168],[141.51323,38.87178]]],[[[141.50799,38.86778],[141.50858,38.86891],[141.50996,38.86936],[141.51073,38.86909],[141.51121,38.86961],[141.51179,38.86982],[141.51208,38.87081],[141.51318,38.8718],[141.51071,38.87271],[141.50875,38.87364],[141.50717,38.87403],[141.50566,38.87352],[141.50636,38.8727],[141.50655,38.87127],[141.50714,38.87009],[141.50708,38.86808],[141.50799,38.86778]]]]},"properties":{"林班":"A100","市町村名称":"気仙沼市","旧市町村":null}},
{"type":"Feature","geometry":{"type":"Polygon","coordinates":[[[141.4934,38.8643],[141.49358,38.86602],[141.49617,38.86744],[141.49661,38.86806],[141.49867,38.86734],[141.49781,38.86949],[141.49875,38.87121],[141.49971,38.87192],[141.49964,38.87268],[141.49809,38.87318],[141.49602,38.87244],[141.4959,38.87239],[141.49434,38.8727],[141.49363,38.87244],[141.49147,38.87095],[141.49024,38.87037],[141.48804,38.86984],[141.48566,38.86948],[141.48555,38.86905],[141.4854,38.86873],[141.48844,38.86658],[141.49073,38.86531],[141.49117,38.86474],[141.49247,38.8647],[141.4934,38.8643]]]},"properties":{"林班":"A102","市町村名称":"気仙沼市","旧市町村":null}},
{"type":"Feature","geometry":{"type":"MultiPolygon","coordinates":[[[[141.5017,38.86733],[141.50268,38.8679],[141.50286,38.86824],[141.50365,38.86762],[141.50474,38.86833],[141.50556,38.86838],[141.50638,38.86753],[141.5073,38.8673],[141.50799,38.86778],[141.50708,38.86808],[141.50714,38.87009],[141.50655,38.87127],[141.50636,38.8727],[141.50566,38.87352],[141.50438,38.87328],[141.5005,38.87296],[141.49964,38.87268],[141.49971,38.87192],[141.49875,38.87121],[141.49781,38.86949],[141.49867,38.86734],[141.50037,38.86759],[141.50045,38.86757],[141.50134,38.86765],[141.5017,38.86733]]],[[[141.50805,38.86776],[141.50723,38.86725],[141.50638,38.86744],[141.50551,38.86835],[141.50476,38.86829],[141.50383,38.86747],[141.50494,38.86643],[141.50688,38.86591],[141.50985,38.8666],[141.50805,38.86776]]]]},"properties":{"林班":"A101","市町村名称":"気仙沼市","旧市町村":null}},
{"type":"Feature","geometry":{"type":"MultiPolygon","coordinates":[[[[141.46913,38.85396],[141.47147,38.85278],[141.47269,38.85189],[141.47121,38.84967],[141.47001,38.84847],[141.47095,38.84831],[141.47217,38.84782],[141.47231,38.84826],[141.47273,38.84957],[141.47372,38.84954],[141.47537,38.85012],[141.47546,38.85014],[141.47808,38.85181],[141.47872,38.85341],[141.47888,38.85348],[141.47892,38.8535],[141.4804,38.85401],[141.48046,38.85403],[141.48099,38.85466],[141.48113,38.85463],[141.47952,38.85557],[141.4778,38.85599],[141.47645,38.85533],[141.47291,38.85604],[141.47158,38.85614],[141.47038,38.85573],[141.46944,38.85616],[141.46755,38.85634],[141.46762,38.8574],[141.46535,38.85853],[141.46428,38.85848],[141.46586,38.85701],[141.4664,38.85683],[141.46719,38.85525],[141.46791,38.85471],[141.46812,38.85458],[141.46913,38.85396]]],[[[141.47681,38.85895],[141.47545,38.85911],[141.47007,38.85887],[141.46814,38.85866],[141.46753,38.85774],[141.46794,38.85678],[141.46979,38.85665],[141.47035,38.85611],[141.47193,38.85625],[141.47512,38.85566],[141.47617,38.856],[141.47731,38.85577],[141.47794,38.85632],[141.47907,38.85632],[141.48016,38.85564],[141.48161,38.85536],[141.48161,38.85561],[141.48163,38.85691],[141.48171,38.85742],[141.48183,38.85817],[141.48187,38.85859],[141.48187,38.85932],[141.48187,38.85941],[141.48185,38.85966],[141.47903,38.85899],[141.47681,38.85895]]]]},"properties":{"林班":"A104","市町村名称":"気仙沼市","旧市町村":null}},
{"type":"Feature","geometry":{"type":"Polygon","coordinates":[[[141.48182,38.86146],[141.48691,38.86386],[141.48765,38.86394],[141.49148,38.8638],[141.49194,38.8629],[141.49297,38.86384],[141.49304,38.86388],[141.4934,38.8643],[141.49247,38.8647],[141.49117,38.86474],[141.49073,38.86531],[141.48844,38.86658],[141.4854,38.86873],[141.48459,38.86675],[141.48311,38.86502],[141.4819,38.86314],[141.48182,38.86146]]]},"properties":{"林班":"A103","市町村名称":"気仙沼市","旧市町村":null}},
{"type":"Feature","geometry":{"type":"Polygon","coordinates":[[[141.48075,38.84724],[141.48273,38.84634],[141.4842,38.84661],[141.48724,38.84554],[141.48819,38.84448],[141.4893,38.84402],[141.48994,38.84352],[141.49006,38.84344],[141.49082,38.84295],[141.4924,38.84205],[141.49264,38.84276],[141.49269,38.84295],[141.49293,38.8435],[141.49304,38.84369],[141.49317,38.84392],[141.49351,38.84455],[141.49362,38.8448],[141.49369,38.84498],[141.49372,38.84506],[141.49379,38.84522],[141.49383,38.84533],[141.49465,38.84638],[141.49281,38.84701],[141.4917,38.84711],[141.48904,38.84915],[141.48616,38.84899],[141.48393,38.85078],[141.48248,38.85111],[141.48064,38.85086],[141.48067,38.84998],[141.48009,38.84879],[141.4799,38.84827],[141.4799,38.84822],[141.47994,38.84795],[141.48075,38.84724]]]},"properties":{"林班":"A106","市町村名称":"気仙沼市","旧市町村":null}},
{"type":"Feature","geometry":{"type":"Polygon","coordinates":[[[141.47985,38.84789],[141.47994,38.84795],[141.4799,38.84822],[141.4799,38.84827],[141.48009,38.84879],[141.48067,38.84998],[141.48064,38.85086],[141.48059,38.85111],[141.48176,38.85451],[141.48113,38.85463],[141.48099,38.85466],[141.48046,38.85403],[141.4804,38.85401],[141.47892,38.8535],[141.47888,38.85348],[141.47872,38.85341],[141.47808,38.85181],[141.47546,38.85014],[141.47537,38.85012],[141.47372,38.84954],[141.47273,38.84957],[141.47231,38.84826],[141.47225,38.8478],[141.47279,38.84767],[141.47374,38.84749],[141.47498,38.84747],[141.47551,38.84743],[141.47566,38.84742],[141.47708,38.84732],[141.47735,38.84737],[141.47745,38.84739],[141.47761,38.84742],[141.47829,38.8475],[141.47857,38.84768],[141.47985,38.84789]]]},"properties":{"林班":"A105","市町村名称":"気仙沼市","旧市町村":null}},
{"type":"Feature","geometry":{"type":"MultiPolygon","coordinates":[[[[141.49465,38.84638],[141.50018,38.84623],[141.50042,38.84617],[141.50065,38.84611],[141.50085,38.84608],[141.50096,38.84605],[141.50099,38.84605],[141.50163,38.84592],[141.50194,38.84584],[141.50252,38.84569],[141.50263,38.84566],[141.50286,38.84561],[141.50314,38.84555],[141.50317,38.84555],[141.50351,38.84547],[141.50371,38.84542],[141.50512,38.8451],[141.50521,38.84508],[141.50744,38.84449],[141.51001,38.84408],[141.51073,38.8454],[141.51044,38.84565],[141.51038,38.84574],[141.50991,38.84723],[141.50878,38.84773],[141.50846,38.84846],[141.50902,38.84946],[141.50894,38.85073],[141.50784,38.85047],[141.50684,38.85075],[141.50352,38.85105],[141.50129,38.85156],[141.49838,38.85124],[141.49696,38.85211],[141.4954,38.85196],[141.49434,38.8522],[141.49281,38.85214],[141.49212,38.85268],[141.49188,38.85266],[141.49155,38.85261],[141.49132,38.8528],[141.49126,38.85286],[141.49113,38.85301],[141.49092,38.85318],[141.49088,38.85321],[141.49053,38.85333],[141.48984,38.85348],[141.48961,38.85352],[141.48934,38.8535],[141.48915,38.85347],[141.4887,38.85345],[141.48853,38.85345],[141.48841,38.85344],[141.48832,38.85343],[141.48765,38.85334],[141.48733,38.85317],[141.48711,38.85319],[141.48646,38.85371],[141.48645,38.85372],[141.48617,38.85395],[141.48598,38.85406],[141.48411,38.85396],[141.48222,38.8542],[141.48176,38.85451],[141.48059,38.85111],[141.48064,38.85086],[141.48248,38.85111],[141.48393,38.85078],[141.48616,38.84899],[141.48904,38.84915],[141.4917,38.84711],[141.49281,38.84701],[141.49465,38.84638]]],[[[141.5008,38.852],[141.50307,38.85179],[141.50318,38.85177],[141.50361,38.85166],[141.50391,38.85159],[141.50393,38.85152],[141.50544,38.85107],[141.50428,38.8515],[141.50438,38.85155],[141.50498,38.85165],[141.5051,38.85166],[141.50537,38.85174],[141.5055,38.85176],[141.50561,38.85179],[141.50577,38.85183],[141.50605,38.85191],[141.50616,38.85194],[141.50695,38.85217],[141.50712,38.85221],[141.50756,38.85225],[141.50778,38.85231],[141.50799,38.85242],[141.50809,38.85245],[141.50854,38.85264],[141.50873,38.85303],[141.50833,38.85323],[141.50815,38.85331],[141.50778,38.85341],[141.50773,38.85342],[141.50729,38.85352],[141.50722,38.85354],[141.50661,38.85363],[141.5065,38.85364],[141.50642,38.85364],[141.50637,38.85363],[141.50617,38.85355],[141.50561,38.85322],[141.50096,38.85431],[141.50031,38.85474],[141.50019,38.85465],[141.50017,38.85463],[141.50009,38.85404],[141.5008,38.852]]]]},"properties":{"林班":"A108","市町村名称":"気仙沼市","旧市町村":null}},
{"type":"Feature","geometry":{"type":"Polygon","coordinates":[[[141.51001,38.84408],[141.50744,38.84449],[141.50521,38.84508],[141.50512,38.8451],[141.50371,38.84542],[141.50351,38.84547],[141.50317,38.84555],[141.50314,38.84555],[141.50286,38.84561],[141.50263,38.84566],[141.50252,38.84569],[141.50194,38.84584],[141.50163,38.84592],[141.50099,38.84605],[141.50096,38.84605],[141.50085,38.84608],[141.50065,38.84611],[141.50042,38.84617],[141.50018,38.84623],[141.49465,38.84638],[141.49383,38.84533],[141.49379,38.84522],[141.49372,38.84506],[141.49369,38.84498],[141.49362,38.8448],[141.49351,38.84455],[141.49317,38.84392],[141.49304,38.84369],[141.49293,38.8435],[141.49269,38.84295],[141.49264,38.84276],[141.49252,38.84204],[141.49456,38.84195],[141.4974,38.84252],[141.4986,38.84243],[141.50004,38.84195],[141.50172,38.84102],[141.50292,38.84087],[141.50408,38.84132],[141.50502,38.84081],[141.5067,38.84049],[141.50703,38.83997],[141.51002,38.83928],[141.51227,38.8398],[141.51381,38.84045],[141.51387,38.84145],[141.51369,38.84157],[141.51261,38.8423],[141.51253,38.84236],[141.51196,38.84274],[141.51185,38.84281],[141.51166,38.84293],[141.51083,38.84347],[141.51054,38.84367],[141.51001,38.84408]]]},"properties":{"林班":"A107","市町村名称":"気仙沼市","旧市町村":null}},
{"type":"Feature","geometry":{"type":"MultiPolygon","coordinates":[[[[141.51113,38.84519],[141.51167,38.84447],[141.51351,38.8438],[141.51553,38.84343],[141.51697,38.84414],[141.51832,38.84552],[141.51923,38.84665],[141.51974,38.84751],[141.5193,38.84867],[141.52017,38.84878],[141.52017,38.84955],[141.51922,38.85],[141.51812,38.84988],[141.51719,38.85031],[141.51546,38.8499],[141.5114,38.85127],[141.50894,38.85073],[141.50902,38.84946],[141.50846,38.84846],[141.50878,38.84773],[141.50991,38.84723],[141.51038,38.84574],[141.51113,38.84519]]],[[[141.51107,38.84522],[141.51044,38.84565],[141.51073,38.8454],[141.51107,38.84522]]]]},"properties":{"林班":"A109","市町村名称":"気仙沼市","旧市町村":null}},
{"type":"Feature","geometry":{"type":"MultiPolygon","coordinates":[[[[141.51498,38.86655],[141.51386,38.86612],[141.51368,38.86532],[141.51243,38.86455],[141.51261,38.86439],[141.51453,38.86539],[141.51412,38.86595],[141.51498,38.86655]]],[[[141.51176,38.86615],[141.51255,38.86508],[141.51368,38.86543],[141.51381,38.86616],[141.51325,38.8668],[141.51349,38.86765],[141.51205,38.86734],[141.51176,38.86615]]],[[[141.51345,38.87161],[141.51237,38.8694],[141.51056,38.86833],[141.50998,38.86746],[141.51,38.86661],[141.5117,38.86618],[141.51204,38.86742],[141.51241,38.86773],[141.51326,38.86778],[141.51355,38.86763],[141.51343,38.86679],[141.51499,38.86659],[141.51508,38.86717],[141.51506,38.86718],[141.51348,38.86807],[141.51417,38.8689],[141.51592,38.86943],[141.51696,38.86853],[141.51745,38.86878],[141.51744,38.86943],[141.51863,38.8699],[141.51895,38.87022],[141.51783,38.8707],[141.51754,38.8721],[141.51713,38.87121],[141.51581,38.87099],[141.5153,38.87153],[141.51345,38.87161]]],[[[141.50717,38.87403],[141.50875,38.87364],[141.51071,38.87271],[141.51318,38.8718],[141.51323,38.87178],[141.51349,38.87168],[141.5146,38.87318],[141.51372,38.87379],[141.51361,38.87456],[141.51405,38.87517],[141.51329,38.87708],[141.50979,38.87511],[141.50897,38.87481],[141.50806,38.87459],[141.50717,38.87403]]],[[[141.51475,38.87688],[141.51416,38.87589],[141.51421,38.87519],[141.51371,38.87408],[141.51475,38.87328],[141.51435,38.87276],[141.51456,38.87176],[141.51551,38.87157],[141.51591,38.87118],[141.51682,38.87123],[141.51825,38.87453],[141.51921,38.87514],[141.51934,38.8761],[141.51995,38.87721],[141.5228,38.87709],[141.52273,38.87748],[141.52033,38.87756],[141.51844,38.87736],[141.51656,38.8768],[141.51475,38.87688]]],[[[141.5183,38.87369],[141.51853,38.87437],[141.51994,38.8747],[141.52035,38.87533],[141.52229,38.87559],[141.52154,38.87598],[141.52127,38.8769],[141.52045,38.87582],[141.51851,38.87461],[141.5183,38.87369]]]]},"properties":{"林班":"A099","市町村名称":"気仙沼市","旧市町村":null}},
{"type":"Feature","geometry":{"type":"MultiPolygon","coordinates":[[[[141.51475,38.87688],[141.51656,38.8768],[141.51844,38.87736],[141.52033,38.87756],[141.52273,38.87748],[141.52479,38.87755],[141.52573,38.87827],[141.52913,38.88116],[141.52824,38.88151],[141.52778,38.88056],[141.52538,38.87924],[141.52434,38.87979],[141.52293,38.87905],[141.523,38.88031],[141.52371,38.88106],[141.5231,38.88144],[141.52559,38.88209],[141.52659,38.88208],[141.52819,38.88271],[141.52811,38.88352],[141.52732,38.88325],[141.52686,38.88356],[141.5266,38.88382],[141.52336,38.88366],[141.52291,38.88356],[141.52168,38.88334],[141.51994,38.88385],[141.51971,38.88369],[141.51955,38.88278],[141.52042,38.88198],[141.52152,38.88175],[141.52214,38.88236],[141.52318,38.88169],[141.52167,38.88129],[141.5202,38.88093],[141.52014,38.88091],[141.51843,38.88069],[141.51736,38.87992],[141.51718,38.8789],[141.51625,38.87882],[141.51637,38.87812],[141.5161,38.87789],[141.51498,38.87823],[141.51442,38.87894],[141.51404,38.87801],[141.51465,38.87689],[141.51475,38.87688]]],[[[141.51446,38.87896],[141.51498,38.87831],[141.51612,38.87796],[141.51617,38.87888],[141.51711,38.87892],[141.51724,38.87988],[141.51843,38.88069],[141.5178,38.88125],[141.51597,38.88101],[141.51528,38.88003],[141.51423,38.87962],[141.51446,38.87896]]]]},"properties":{"林班":"A090","市町村名称":"気仙沼市","旧市町村":null}},
{"type":"Feature","geometry":{"type":"MultiPolygon","coordinates":[[[[141.51895,38.87022],[141.51937,38.87034],[141.51892,38.87181],[141.51953,38.87265],[141.52061,38.87134],[141.51988,38.87059],[141.5213,38.87054],[141.52223,38.8713],[141.52332,38.87161],[141.52467,38.87113],[141.52673,38.86884],[141.52741,38.86897],[141.52803,38.86636],[141.52914,38.86695],[141.52859,38.86742],[141.52886,38.86816],[141.53079,38.86897],[141.53061,38.86951],[141.52864,38.86878],[141.52778,38.86889],[141.52782,38.86974],[141.52965,38.87069],[141.53153,38.87063],[141.53109,38.87149],[141.52937,38.87101],[141.5282,38.87313],[141.52836,38.87382],[141.52779,38.87481],[141.52615,38.8755],[141.52612,38.87551],[141.52505,38.87558],[141.52229,38.87559],[141.52035,38.87533],[141.51994,38.8747],[141.51853,38.87437],[141.5183,38.87369],[141.51762,38.87248],[141.51754,38.8721],[141.51783,38.8707],[141.51895,38.87022]],[[141.52746,38.87146],[141.52671,38.86985],[141.5259,38.87077],[141.5268,38.87214],[141.52746,38.87146]]],[[[141.52625,38.8755],[141.52802,38.87482],[141.52866,38.87406],[141.53063,38.87419],[141.53008,38.87294],[141.53169,38.87238],[141.53258,38.87289],[141.53329,38.8717],[141.53488,38.87139],[141.53609,38.87176],[141.53605,38.87261],[141.53674,38.87419],[141.53594,38.87445],[141.53364,38.87408],[141.53088,38.87475],[141.52973,38.87531],[141.52625,38.8755]]],[[[141.52911,38.86316],[141.52919,38.86458],[141.52859,38.86471],[141.52832,38.86346],[141.52911,38.86316]]],[[[141.53338,38.86582],[141.53336,38.86438],[141.53508,38.86443],[141.53588,38.86581],[141.53462,38.86644],[141.53501,38.86688],[141.53617,38.86597],[141.53701,38.8667],[141.53615,38.86758],[141.534,38.86663],[141.53338,38.86582]]],[[[141.53407,38.86727],[141.534,38.86667],[141.5361,38.86761],[141.53516,38.86829],[141.53407,38.86727]]],[[[141.53927,38.87048],[141.53844,38.87087],[141.53716,38.8709],[141.53666,38.87001],[141.53567,38.8691],[141.53769,38.86881],[141.53877,38.86944],[141.53927,38.87048]]]]},"properties":{"林班":"A092","市町村名称":"気仙沼市","旧市町村":null}},
{"type":"Feature","geometry":{"type":"MultiPolygon","coordinates":[[[[141.52625,38.8755],[141.52973,38.87531],[141.53053,38.87557],[141.53249,38.87478],[141.53375,38.87461],[141.53487,38.8751],[141.53544,38.87595],[141.53668,38.87655],[141.53709,38.87733],[141.53682,38.87796],[141.53833,38.8782],[141.53673,38.8789],[141.53663,38.87957],[141.53808,38.88037],[141.53779,38.88136],[141.53689,38.88216],[141.5356,38.88264],[141.53186,38.88234],[141.53144,38.88117],[141.53055,38.8811],[141.52991,38.87993],[141.52783,38.8792],[141.52793,38.87855],[141.52695,38.8779],[141.52807,38.87678],[141.52861,38.87583],[141.52666,38.87577],[141.52625,38.8755]],[[141.5335,38.88159],[141.53495,38.88189],[141.53525,38.88078],[141.53354,38.88105],[141.5335,38.88159]]],[[[141.52229,38.87559],[141.52505,38.87558],[141.52612,38.87551],[141.52615,38.8755],[141.52638,38.87577],[141.52715,38.87582],[141.52791,38.87666],[141.5272,38.87735],[141.52601,38.87772],[141.52573,38.87827],[141.52479,38.87755],[141.52273,38.87748],[141.5228,38.87709],[141.52127,38.8769],[141.52154,38.87598],[141.52229,38.87559]]],[[[141.53818,38.87547],[141.53831,38.87632],[141.53807,38.87667],[141.53717,38.87613],[141.53789,38.87464],[141.53872,38.87498],[141.53818,38.87547]]],[[[141.53699,38.88377],[141.53735,38.88193],[141.53877,38.88163],[141.53931,38.88069],[141.5403,38.88022],[141.54141,38.88076],[141.5417,38.8814],[141.54276,38.88199],[141.54452,38.88144],[141.54538,38.88181],[141.54248,38.88291],[141.54149,38.88309],[141.53976,38.88236],[141.53757,38.88299],[141.53715,38.8836],[141.53699,38.88377]]],[[[141.54577,38.88188],[141.54431,38.88127],[141.54357,38.88041],[141.54504,38.8811],[141.54577,38.88188]]]]},"properties":{"林班":"A091","市町村名称":"気仙沼市","旧市町村":null}},
{"type":"Feature","geometry":{"type":"MultiPolygon","coordinates":[[[[141.50506,38.85907],[141.5081,38.85862],[141.50709,38.85988],[141.50768,38.86036],[141.50915,38.85957],[141.51142,38.85996],[141.51275,38.85929],[141.51301,38.86011],[141.51273,38.86141],[141.51182,38.86265],[141.51271,38.86299],[141.51655,38.86297],[141.5159,38.86448],[141.51575,38.86462],[141.51517,38.86497],[141.51453,38.86539],[141.51261,38.86439],[141.51313,38.86344],[141.51043,38.86325],[141.51026,38.86454],[141.509,38.86359],[141.50788,38.8636],[141.508,38.86433],[141.50717,38.86449],[141.50609,38.86424],[141.50535,38.86463],[141.50422,38.86399],[141.5048,38.86342],[141.50581,38.86335],[141.50586,38.86195],[141.50482,38.86209],[141.50477,38.86273],[141.50378,38.86366],[141.50314,38.86421],[141.50211,38.86383],[141.50186,38.86311],[141.50356,38.86211],[141.50415,38.86135],[141.50401,38.86042],[141.50555,38.86072],[141.50475,38.85939],[141.50506,38.85907]],[[141.50739,38.86151],[141.50811,38.86234],[141.5106,38.86294],[141.51087,38.8611],[141.5088,38.86157],[141.50739,38.86151]]],[[[141.50203,38.86395],[141.50325,38.86458],[141.50178,38.86467],[141.50203,38.86395]]],[[[141.51366,38.8605],[141.5149,38.86124],[141.5141,38.86245],[141.5131,38.86094],[141.51366,38.8605]]],[[[141.51725,38.86237],[141.51611,38.86265],[141.51543,38.86128],[141.51671,38.86164],[141.51769,38.86121],[141.51725,38.86237]]]]},"properties":{"林班":"A094","市町村名称":"気仙沼市","旧市町村":null}},
{"type":"Feature","geometry":{"type":"MultiPolygon","coordinates":[[[[141.51769,38.86121],[141.517,38.85889],[141.51469,38.86037],[141.51498,38.85863],[141.51591,38.85821],[141.51722,38.85832],[141.51913,38.85895],[141.5196,38.8596],[141.51824,38.86063],[141.51902,38.86131],[141.51985,38.86064],[141.52034,38.85938],[141.52189,38.85978],[141.52338,38.85981],[141.52381,38.86067],[141.52393,38.86221],[141.52439,38.86318],[141.52287,38.86336],[141.52307,38.86265],[141.52184,38.86268],[141.52083,38.86198],[141.51829,38.8617],[141.51725,38.86237],[141.51769,38.86121]]],[[[141.51575,38.86462],[141.5159,38.86448],[141.51731,38.86499],[141.51857,38.86476],[141.51802,38.86405],[141.51698,38.86353],[141.5183,38.8629],[141.51978,38.86357],[141.52113,38.86349],[141.52169,38.86427],[141.52077,38.86507],[141.51963,38.86544],[141.52013,38.86624],[141.52133,38.866],[141.52143,38.86522],[141.52324,38.86519],[141.52434,38.86386],[141.52498,38.86418],[141.52531,38.86516],[141.5274,38.86604],[141.52735,38.86741],[141.52662,38.8676],[141.52673,38.86884],[141.52467,38.87113],[141.52332,38.87161],[141.52223,38.8713],[141.5213,38.87054],[141.51988,38.87059],[141.5198,38.87057],[141.51955,38.87042],[141.51897,38.87016],[141.51762,38.86885],[141.51774,38.86867],[141.51692,38.86797],[141.51581,38.86789],[141.51508,38.86717],[141.51499,38.86659],[141.51498,38.86655],[141.51412,38.86595],[141.51453,38.86539],[141.51517,38.86497],[141.51575,38.86462]],[[141.51894,38.86715],[141.51897,38.86613],[141.51827,38.86541],[141.51697,38.86567],[141.51699,38.86627],[141.51894,38.86715]]],[[[141.51592,38.86943],[141.51417,38.8689],[141.51348,38.86807],[141.51506,38.86718],[141.51578,38.86793],[141.51699,38.8684],[141.51592,38.86943]]],[[[141.51745,38.86878],[141.51863,38.8699],[141.51744,38.86943],[141.51745,38.86878]]]]},"properties":{"林班":"A093","市町村名称":"気仙沼市","旧市町村":null}},
{"type":"Feature","geometry":{"type":"Polygon","coordinates":[[[141.49566,38.86338],[141.49471,38.86232],[141.4954,38.86083],[141.49372,38.85846],[141.49448,38.85816],[141.49332,38.85647],[141.49491,38.85646],[141.49525,38.85589],[141.49833,38.85473],[141.49848,38.85338],[141.49955,38.8542],[141.50017,38.85463],[141.50019,38.85465],[141.50029,38.85552],[141.50159,38.85561],[141.50182,38.85613],[141.50008,38.85649],[141.49966,38.85712],[141.50039,38.85815],[141.50092,38.85971],[141.50092,38.86063],[141.50308,38.8597],[141.50401,38.86042],[141.50415,38.86135],[141.50356,38.86211],[141.50186,38.86311],[141.50172,38.86318],[141.50158,38.86325],[141.49951,38.86415],[141.49839,38.86431],[141.49566,38.86338]],[[141.50202,38.86103],[141.50326,38.86128],[141.50363,38.86086],[141.50257,38.86016],[141.50202,38.86103]]]},"properties":{"林班":"A096","市町村名称":"気仙沼市","旧市町村":null}},
{"type":"Feature","geometry":{"type":"MultiPolygon","coordinates":[[[[141.50544,38.85107],[141.50732,38.85151],[141.50813,38.85094],[141.50978,38.85158],[141.50998,38.85241],[141.51078,38.85308],[141.51213,38.85205],[141.51315,38.8522],[141.5138,38.85138],[141.51544,38.85093],[141.51659,38.85101],[141.51869,38.85022],[141.52051,38.85056],[141.52142,38.85154],[141.52182,38.85215],[141.52246,38.85317],[141.52269,38.85427],[141.52174,38.85488],[141.51987,38.8548],[141.51856,38.85389],[141.51815,38.853],[141.51638,38.85344],[141.51735,38.85579],[141.51797,38.85635],[141.51752,38.8569],[141.51645,38.8569],[141.51513,38.85743],[141.51459,38.85694],[141.51276,38.85674],[141.51373,38.85563],[141.5124,38.85502],[141.51107,38.85526],[141.51085,38.85381],[141.51021,38.85374],[141.50957,38.85564],[141.50805,38.85654],[141.50685,38.85678],[141.50567,38.85638],[141.50401,38.8552],[141.50306,38.85538],[141.50061,38.85505],[141.50031,38.85474],[141.50096,38.85431],[141.50561,38.85322],[141.50617,38.85355],[141.50637,38.85363],[141.50642,38.85364],[141.5065,38.85364],[141.50661,38.85363],[141.50722,38.85354],[141.50729,38.85352],[141.50773,38.85342],[141.50778,38.85341],[141.50815,38.85331],[141.50833,38.85323],[141.50873,38.85303],[141.50854,38.85264],[141.50809,38.85245],[141.50799,38.85242],[141.50778,38.85231],[141.50756,38.85225],[141.50712,38.85221],[141.50695,38.85217],[141.50616,38.85194],[141.50605,38.85191],[141.50577,38.85183],[141.50561,38.85179],[141.5055,38.85176],[141.50537,38.85174],[141.5051,38.85166],[141.50498,38.85165],[141.50438,38.85155],[141.50428,38.8515],[141.50544,38.85107]],[[141.51459,38.85571],[141.51625,38.85566],[141.5154,38.85468],[141.5146,38.85457],[141.51459,38.85571]],[[141.51926,38.8531],[141.52024,38.85345],[141.52082,38.85282],[141.51954,38.85164],[141.51926,38.8531]]],[[[141.50393,38.85152],[141.50391,38.85159],[141.50361,38.85166],[141.50318,38.85177],[141.50307,38.85179],[141.5008,38.852],[141.50393,38.85152]]],[[[141.49955,38.8542],[141.50009,38.85404],[141.50017,38.85463],[141.49955,38.8542]]],[[[141.52096,38.85525],[141.52152,38.8555],[141.5206,38.85652],[141.51996,38.856],[141.52096,38.85525]]]]},"properties":{"林班":"A095","市町村名称":"気仙沼市","旧市町村":null}},
{"type":"Feature","geometry":{"type":"MultiPolygon","coordinates":[[[[141.49447,38.86391],[141.49566,38.86338],[141.49839,38.86431],[141.49951,38.86415],[141.50158,38.86325],[141.50203,38.86395],[141.50178,38.86467],[141.50325,38.86458],[141.50312,38.86593],[141.50186,38.86688],[141.50165,38.86734],[141.50052,38.86756],[141.50045,38.86757],[141.50037,38.86759],[141.49867,38.86734],[141.49661,38.86806],[141.49617,38.86744],[141.49358,38.86602],[141.4934,38.8643],[141.49442,38.86394],[141.49447,38.86391]]],[[[141.50211,38.86383],[141.50172,38.86318],[141.50186,38.86311],[141.50211,38.86383]]],[[[141.50314,38.86421],[141.50378,38.86366],[141.50422,38.86399],[141.50535,38.86463],[141.50314,38.86421]]],[[[141.5017,38.86733],[141.50301,38.86616],[141.50386,38.86452],[141.50533,38.86468],[141.50602,38.86471],[141.50797,38.86458],[141.50845,38.86379],[141.50916,38.86399],[141.5095,38.86453],[141.50967,38.86466],[141.50987,38.86468],[141.51047,38.86457],[141.51136,38.86419],[141.5117,38.86421],[141.51237,38.86463],[141.51255,38.86508],[141.51176,38.86615],[141.5117,38.86618],[141.51,38.86661],[141.50985,38.8666],[141.50688,38.86591],[141.50494,38.86643],[141.50383,38.86747],[141.50365,38.86762],[141.50286,38.86824],[141.50268,38.8679],[141.5017,38.86733]]],[[[141.51026,38.86454],[141.51043,38.86325],[141.51313,38.86344],[141.51261,38.86439],[141.51243,38.86455],[141.51163,38.86413],[141.51134,38.86415],[141.51026,38.86454]]],[[[141.508,38.86433],[141.50788,38.8636],[141.509,38.86359],[141.51026,38.86454],[141.50981,38.86464],[141.50959,38.86457],[141.50948,38.86426],[141.50925,38.864],[141.50885,38.86375],[141.50834,38.86378],[141.508,38.86433]]]]},"properties":{"林班":"A098","市町村名称":"気仙沼市","旧市町村":null}},
{"type":"Feature","geometry":{"type":"MultiPolygon","coordinates":[[[[141.49132,38.8528],[141.49155,38.85261],[141.49188,38.85266],[141.49212,38.85268],[141.49077,38.85331],[141.49018,38.85344],[141.48961,38.85352],[141.48984,38.85348],[141.49053,38.85333],[141.49088,38.85321],[141.49092,38.85318],[141.49113,38.85301],[141.49126,38.85286],[141.49132,38.8528]]],[[[141.48934,38.8535],[141.48756,38.85343],[141.48586,38.85423],[141.48383,38.85417],[141.48176,38.85451],[141.48412,38.854],[141.48598,38.85406],[141.48617,38.85395],[141.48645,38.85372],[141.48646,38.85371],[141.48721,38.85321],[141.48765,38.85338],[141.48832,38.85343],[141.48841,38.85344],[141.48853,38.85345],[141.4887,38.85345],[141.48915,38.85347],[141.48934,38.8535]]],[[[141.48175,38.85462],[141.48349,38.85435],[141.48595,38.85439],[141.4875,38.85358],[141.49013,38.85372],[141.49039,38.85365],[141.49199,38.85304],[141.49331,38.85299],[141.49498,38.85255],[141.49726,38.85287],[141.49848,38.85338],[141.49833,38.85473],[141.49525,38.85589],[141.49491,38.85646],[141.49332,38.85647],[141.49448,38.85816],[141.49372,38.85846],[141.4954,38.86083],[141.49471,38.86232],[141.49566,38.86338],[141.49447,38.86391],[141.49442,38.86394],[141.4934,38.8643],[141.49304,38.86388],[141.49297,38.86384],[141.49194,38.8629],[141.48978,38.8617],[141.48888,38.86062],[141.48804,38.86061],[141.48798,38.86063],[141.48724,38.85975],[141.48863,38.85958],[141.49005,38.8598],[141.49009,38.85976],[141.491,38.85827],[141.49034,38.85808],[141.48957,38.85922],[141.48841,38.85899],[141.48817,38.85846],[141.48695,38.85816],[141.48686,38.85824],[141.48699,38.85846],[141.48711,38.85861],[141.48721,38.85889],[141.4871,38.8589],[141.48688,38.85893],[141.48677,38.85894],[141.48665,38.85886],[141.48661,38.85878],[141.48647,38.85863],[141.48624,38.85851],[141.48623,38.85845],[141.48595,38.85814],[141.48589,38.85804],[141.486,38.85797],[141.48619,38.85786],[141.48547,38.85685],[141.48464,38.85642],[141.48459,38.85639],[141.48364,38.85701],[141.48247,38.85657],[141.48244,38.85651],[141.48245,38.85642],[141.48247,38.85633],[141.48252,38.85603],[141.48252,38.85588],[141.48235,38.85565],[141.48217,38.85554],[141.48203,38.85552],[141.48186,38.85557],[141.48186,38.85558],[141.48161,38.85561],[141.48161,38.85536],[141.48169,38.85495],[141.48175,38.85462]]]]},"properties":{"林班":"A097","市町村名称":"気仙沼市","旧市町村":null}},
{"type":"Feature","geometry":{"type":"MultiPolygon","coordinates":[[[[141.51221,38.89415],[141.51439,38.89404],[141.51625,38.89222],[141.51677,38.89101],[141.51774,38.89193],[141.51817,38.89238],[141.51897,38.89388],[141.51936,38.89532],[141.52031,38.89767],[141.52204,38.89844],[141.52369,38.89913],[141.52438,38.90005],[141.5262,38.90077],[141.52651,38.9016],[141.52788,38.90312],[141.52822,38.90401],[141.52751,38.90435],[141.52782,38.90536],[141.52668,38.90569],[141.52565,38.90495],[141.52455,38.90541],[141.52447,38.90615],[141.52615,38.90649],[141.52672,38.90622],[141.52744,38.90741],[141.52827,38.90786],[141.52698,38.90869],[141.52632,38.90859],[141.5247,38.90672],[141.52382,38.90588],[141.52383,38.90308],[141.52184,38.90209],[141.5187,38.90178],[141.51781,38.9001],[141.51453,38.89946],[141.51351,38.8994],[141.51343,38.8986],[141.51447,38.89809],[141.51571,38.89818],[141.51756,38.89735],[141.51642,38.89684],[141.51514,38.89538],[141.51379,38.8946],[141.51221,38.89415]]],[[[141.52283,38.91081],[141.52358,38.90963],[141.52219,38.90873],[141.52295,38.90767],[141.52471,38.90736],[141.52557,38.9078],[141.5262,38.90859],[141.52649,38.90875],[141.52846,38.90876],[141.52929,38.90959],[141.52756,38.90984],[141.52614,38.91048],[141.52425,38.91051],[141.52283,38.91081]]]]},"properties":{"林班":"A078","市町村名称":"気仙沼市","旧市町村":null}},
{"type":"Feature","geometry":{"type":"MultiPolygon","coordinates":[[[[141.5109,38.89891],[141.5125,38.89841],[141.5112,38.89958],[141.5109,38.89891]]],[[[141.51085,38.90067],[141.51118,38.90009],[141.51255,38.90101],[141.51233,38.90165],[141.51343,38.90263],[141.51341,38.90304],[141.51486,38.90421],[141.51591,38.90548],[141.51811,38.90556],[141.51814,38.90722],[141.5195,38.9065],[141.52053,38.90745],[141.52128,38.90678],[141.52295,38.90767],[141.52219,38.90873],[141.52358,38.90963],[141.52283,38.91081],[141.52171,38.91017],[141.52172,38.90954],[141.52101,38.90799],[141.52006,38.90794],[141.51765,38.9072],[141.51686,38.9064],[141.51515,38.90554],[141.5147,38.90459],[141.51395,38.90515],[141.51354,38.90363],[141.51205,38.90293],[141.51096,38.90295],[141.51074,38.90262],[141.51085,38.90067]]],[[[141.52382,38.90588],[141.52178,38.90628],[141.51942,38.90603],[141.51895,38.90544],[141.51599,38.90372],[141.51489,38.90331],[141.51417,38.90361],[141.51296,38.90125],[141.51352,38.90105],[141.51278,38.89939],[141.51277,38.89848],[141.51343,38.8986],[141.51351,38.8994],[141.51453,38.89946],[141.51781,38.9001],[141.5187,38.90178],[141.52184,38.90209],[141.52383,38.90308],[141.52382,38.90588]]]]},"properties":{"林班":"A077","市町村名称":"気仙沼市","旧市町村":null}},
{"type":"Feature","geometry":{"type":"Polygon","coordinates":[[[141.50549,38.89369],[141.50503,38.89294],[141.50291,38.89175],[141.50686,38.8917],[141.50764,38.89148],[141.50757,38.89161],[141.50767,38.89158],[141.50773,38.89181],[141.5078,38.89201],[141.50784,38.8921],[141.50788,38.8922],[141.50802,38.89237],[141.5083,38.89254],[141.50908,38.89289],[141.51009,38.89335],[141.51019,38.89355],[141.51221,38.89415],[141.51379,38.8946],[141.51514,38.89538],[141.51642,38.89684],[141.51756,38.89735],[141.51571,38.89818],[141.51447,38.89809],[141.51343,38.8986],[141.51277,38.89848],[141.5125,38.89841],[141.5109,38.89891],[141.50963,38.89737],[141.50903,38.89583],[141.50818,38.89491],[141.50697,38.89592],[141.50664,38.89462],[141.50549,38.89369]]]},"properties":{"林班":"A079","市町村名称":"気仙沼市","旧市町村":null}},
{"type":"Feature","geometry":{"type":"MultiPolygon","coordinates":[[[[141.47696,38.88601],[141.47554,38.88577],[141.47538,38.88451],[141.4744,38.88405],[141.47292,38.88382],[141.47313,38.8835],[141.47522,38.88404],[141.47571,38.885],[141.47696,38.88601]]],[[[141.48603,38.88336],[141.48831,38.88404],[141.48981,38.8842],[141.49112,38.8836],[141.49165,38.88467],[141.49149,38.88521],[141.49219,38.88671],[141.49307,38.88655],[141.49284,38.88783],[141.49353,38.88846],[141.49283,38.88968],[141.49228,38.89146],[141.49139,38.89236],[141.49054,38.8924],[141.48914,38.89296],[141.48814,38.89217],[141.48695,38.89185],[141.48617,38.89025],[141.48496,38.89023],[141.48434,38.8896],[141.48499,38.8884],[141.48569,38.8883],[141.48602,38.88739],[141.48515,38.88717],[141.48484,38.88593],[141.48474,38.88451],[141.48533,38.88324],[141.4856,38.883],[141.48603,38.88336]],[[141.48627,38.88744],[141.48745,38.88795],[141.48806,38.88683],[141.48627,38.88744]]],[[[141.4788,38.88655],[141.48024,38.8868],[141.48051,38.88751],[141.4814,38.88739],[141.48165,38.88813],[141.48018,38.88811],[141.47931,38.88735],[141.47819,38.88752],[141.47755,38.88696],[141.47868,38.88647],[141.47877,38.88653],[141.4788,38.88655]]],[[[141.48282,38.88714],[141.48324,38.88719],[141.48318,38.88731],[141.48248,38.88749],[141.48282,38.88714]]]]},"properties":{"林班":"A070","市町村名称":"気仙沼市","旧市町村":null}},
{"type":"Feature","geometry":{"type":"MultiPolygon","coordinates":[[[[141.49307,38.88655],[141.49379,38.88656],[141.49364,38.88781],[141.49417,38.88964],[141.49554,38.89059],[141.49728,38.8903],[141.49871,38.8907],[141.49954,38.8899],[141.50108,38.88971],[141.50236,38.89145],[141.50291,38.89175],[141.50503,38.89294],[141.50549,38.89369],[141.50562,38.89662],[141.50497,38.89874],[141.50411,38.9005],[141.50411,38.90055],[141.50399,38.90072],[141.50309,38.90043],[141.50434,38.89919],[141.50453,38.89851],[141.50377,38.89815],[141.50271,38.89729],[141.50218,38.89855],[141.50144,38.89871],[141.5009,38.89805],[141.50139,38.89681],[141.50038,38.89638],[141.49951,38.89639],[141.49967,38.89769],[141.49885,38.89807],[141.49829,38.89898],[141.49788,38.8988],[141.49823,38.89792],[141.49785,38.89697],[141.49843,38.89539],[141.49772,38.8952],[141.49667,38.89592],[141.4951,38.89494],[141.49558,38.89353],[141.49398,38.8925],[141.49356,38.89243],[141.49188,38.89244],[141.49139,38.89236],[141.49228,38.89146],[141.49283,38.88968],[141.49353,38.88846],[141.49284,38.88783],[141.49307,38.88655]]],[[[141.50304,38.90036],[141.50375,38.89821],[141.50424,38.89896],[141.50304,38.90036]]]]},"properties":{"林班":"A072","市町村名称":"気仙沼市","旧市町村":null}},
{"type":"Feature","geometry":{"type":"MultiPolygon","coordinates":[[[[141.48914,38.89296],[141.49054,38.8924],[141.48984,38.8931],[141.48874,38.89356],[141.48932,38.89416],[141.49095,38.89403],[141.49278,38.89339],[141.49398,38.8925],[141.49558,38.89353],[141.4951,38.89494],[141.49667,38.89592],[141.49772,38.8952],[141.49843,38.89539],[141.49785,38.89697],[141.49823,38.89792],[141.49788,38.8988],[141.4973,38.89921],[141.49677,38.89876],[141.49469,38.89997],[141.49455,38.89928],[141.49345,38.89946],[141.49199,38.89904],[141.49111,38.89829],[141.49191,38.8973],[141.49028,38.89606],[141.48937,38.89572],[141.48787,38.89403],[141.48808,38.89346],[141.48914,38.89296]]],[[[141.49188,38.89244],[141.49356,38.89243],[141.49206,38.89288],[141.49188,38.89244]]]]},"properties":{"林班":"A071","市町村名称":"気仙沼市","旧市町村":null}},
{"type":"Feature","geometry":{"type":"Polygon","coordinates":[[[141.49829,38.89898],[141.49885,38.89807],[141.49967,38.89769],[141.49951,38.89639],[141.50038,38.89638],[141.50139,38.89681],[141.5009,38.89805],[141.50144,38.89871],[141.50218,38.89855],[141.50271,38.89729],[141.50377,38.89815],[141.50375,38.89821],[141.50304,38.90036],[141.50309,38.90043],[141.50399,38.90072],[141.50468,38.90225],[141.50528,38.90293],[141.50531,38.90373],[141.5065,38.90444],[141.50724,38.90551],[141.50696,38.90671],[141.50733,38.9079],[141.50673,38.90913],[141.50701,38.9101],[141.50626,38.91312],[141.50548,38.91499],[141.50388,38.91375],[141.50433,38.91161],[141.5033,38.91152],[141.50298,38.9107],[141.5036,38.91001],[141.50354,38.90901],[141.50474,38.90945],[141.50443,38.91065],[141.50489,38.91086],[141.50546,38.90881],[141.50486,38.90754],[141.50314,38.90873],[141.50238,38.90787],[141.50137,38.90738],[141.50163,38.90644],[141.50113,38.90555],[141.50026,38.90539],[141.50123,38.90422],[141.50209,38.90523],[141.50283,38.90486],[141.50252,38.90394],[141.50127,38.90346],[141.50002,38.90451],[141.49931,38.90446],[141.49833,38.90339],[141.49714,38.90316],[141.49594,38.9024],[141.49557,38.90098],[141.49469,38.89997],[141.49677,38.89876],[141.4973,38.89921],[141.49829,38.89898]]]},"properties":{"林班":"A074","市町村名称":"気仙沼市","旧市町村":null}},
{"type":"Feature","geometry":{"type":"Polygon","coordinates":[[[141.50497,38.89874],[141.50562,38.89662],[141.50549,38.89369],[141.50664,38.89462],[141.50697,38.89592],[141.50818,38.89491],[141.50903,38.89583],[141.50963,38.89737],[141.5109,38.89891],[141.5112,38.89958],[141.51118,38.90009],[141.51085,38.90067],[141.50966,38.90107],[141.50829,38.901],[141.50754,38.90083],[141.50739,38.90106],[141.50731,38.90114],[141.50553,38.90109],[141.50545,38.901],[141.50504,38.89997],[141.50553,38.89911],[141.50497,38.89874]]]},"properties":{"林班":"A073","市町村名称":"気仙沼市","旧市町村":null}},
{"type":"Feature","geometry":{"type":"Polygon","coordinates":[[[141.51096,38.90295],[141.51205,38.90293],[141.51354,38.90363],[141.51395,38.90515],[141.5147,38.90459],[141.51515,38.90554],[141.51686,38.9064],[141.51765,38.9072],[141.52006,38.90794],[141.52101,38.90799],[141.52172,38.90954],[141.52171,38.91017],[141.52127,38.90994],[141.51884,38.91013],[141.51726,38.90985],[141.51457,38.91025],[141.5127,38.91086],[141.51302,38.91005],[141.51166,38.90699],[141.51151,38.9051],[141.51096,38.90295]]]},"properties":{"林班":"A076","市町村名称":"気仙沼市","旧市町村":null}},
{"type":"Feature","geometry":{"type":"MultiPolygon","coordinates":[[[[141.50411,38.9005],[141.50497,38.89874],[141.50553,38.89911],[141.50504,38.89997],[141.50545,38.901],[141.50411,38.9005]]],[[[141.50553,38.90109],[141.50731,38.90114],[141.50739,38.90106],[141.50754,38.90083],[141.50829,38.901],[141.50966,38.90107],[141.51085,38.90067],[141.51074,38.90262],[141.51096,38.90295],[141.51151,38.9051],[141.51166,38.90699],[141.51302,38.91005],[141.5127,38.91086],[141.50966,38.91202],[141.5086,38.91258],[141.50704,38.91414],[141.50704,38.91482],[141.50659,38.915],[141.50548,38.91499],[141.50626,38.91312],[141.50701,38.9101],[141.50673,38.90913],[141.50733,38.9079],[141.50696,38.90671],[141.50724,38.90551],[141.5065,38.90444],[141.50531,38.90373],[141.50528,38.90293],[141.50468,38.90225],[141.50399,38.90072],[141.50411,38.90055],[141.50553,38.90109]],[[141.50807,38.90985],[141.50892,38.90968],[141.50994,38.90832],[141.50935,38.9073],[141.50865,38.90731],[141.50755,38.90938],[141.50807,38.90985]]]]},"properties":{"林班":"A075","市町村名称":"気仙沼市","旧市町村":null}},
{"type":"Feature","geometry":{"type":"MultiPolygon","coordinates":[[[[141.51994,38.88385],[141.52168,38.88334],[141.52291,38.88356],[141.52336,38.88366],[141.5266,38.88382],[141.52686,38.88356],[141.52719,38.8844],[141.52863,38.8839],[141.52921,38.88426],[141.52884,38.88526],[141.53,38.88592],[141.52929,38.88686],[141.53043,38.88736],[141.52942,38.88849],[141.52828,38.88879],[141.52662,38.88871],[141.52703,38.88954],[141.52802,38.88997],[141.52737,38.88992],[141.52703,38.88975],[141.52615,38.88962],[141.52467,38.88861],[141.52427,38.88843],[141.52361,38.88795],[141.52343,38.88783],[141.52242,38.88599],[141.51994,38.88385]]],[[[141.53299,38.88609],[141.53206,38.88643],[141.5297,38.88474],[141.53053,38.88384],[141.53174,38.88461],[141.5327,38.88476],[141.53266,38.88452],[141.53299,38.88398],[141.53336,38.88363],[141.53341,38.88372],[141.53303,38.88404],[141.53301,38.88499],[141.53269,38.88589],[141.5327,38.88595],[141.53299,38.88609]]],[[[141.532,38.89059],[141.53185,38.8898],[141.53109,38.88972],[141.52993,38.88873],[141.53041,38.88814],[141.5328,38.88694],[141.53312,38.88637],[141.5332,38.88771],[141.53483,38.88836],[141.53623,38.89026],[141.53516,38.89146],[141.53307,38.89062],[141.532,38.89059]]],[[[141.52875,38.88977],[141.52963,38.8897],[141.53034,38.89063],[141.52875,38.88977]]]]},"properties":{"林班":"A089","市町村名称":"気仙沼市","旧市町村":null}},
{"type":"Feature","geometry":{"type":"MultiPolygon","coordinates":[[[[141.53516,38.89146],[141.53623,38.89026],[141.53781,38.89085],[141.53982,38.8911],[141.54094,38.89223],[141.5375,38.89269],[141.53792,38.89368],[141.5392,38.89406],[141.53886,38.89492],[141.53734,38.89592],[141.53752,38.89685],[141.53673,38.89653],[141.53619,38.89487],[141.53644,38.8933],[141.53516,38.89146]]],[[[141.5391,38.89718],[141.54083,38.89709],[141.5403,38.89808],[141.5391,38.89718]]],[[[141.54296,38.89362],[141.54408,38.89544],[141.54255,38.89482],[141.54296,38.89362]]],[[[141.5457,38.8962],[141.54465,38.89589],[141.54371,38.89641],[141.54246,38.89602],[141.54277,38.89547],[141.54436,38.89564],[141.5457,38.8962]]],[[[141.54922,38.89834],[141.54945,38.89894],[141.55006,38.8992],[141.55051,38.89927],[141.5498,38.90097],[141.54858,38.90025],[141.54761,38.89902],[141.54878,38.89809],[141.54922,38.89834]]]]},"properties":{"林班":"A088","市町村名称":"気仙沼市","旧市町村":null}},
{"type":"Feature","geometry":{"type":"Polygon","coordinates":[[[141.50862,38.88516],[141.50991,38.88539],[141.51095,38.88578],[141.51087,38.88652],[141.51013,38.88754],[141.51051,38.88799],[141.51145,38.88806],[141.51278,38.88892],[141.5124,38.88939],[141.51393,38.89024],[141.51425,38.89041],[141.51497,38.89078],[141.51677,38.89101],[141.51625,38.89222],[141.51439,38.89404],[141.51221,38.89415],[141.51019,38.89355],[141.51009,38.89335],[141.50908,38.89289],[141.5083,38.89254],[141.50802,38.89237],[141.50788,38.8922],[141.50784,38.8921],[141.5078,38.89201],[141.50773,38.89181],[141.50767,38.89158],[141.50764,38.89148],[141.50686,38.8917],[141.50291,38.89175],[141.50236,38.89145],[141.50108,38.88971],[141.50312,38.88971],[141.505,38.88903],[141.50653,38.88727],[141.50779,38.8869],[141.50682,38.88616],[141.50752,38.88516],[141.50856,38.88513],[141.50862,38.88516]]]},"properties":{"林班":"A081","市町村名称":"気仙沼市","旧市町村":null}},
{"type":"Feature","geometry":{"type":"Polygon","coordinates":[[[141.51051,38.88799],[141.51089,38.8872],[141.51226,38.8878],[141.51358,38.88759],[141.51408,38.88708],[141.51498,38.88805],[141.51583,38.88841],[141.5163,38.8896],[141.51732,38.89033],[141.51818,38.88892],[141.51926,38.88855],[141.52122,38.88939],[141.52154,38.89035],[141.52254,38.89054],[141.52276,38.89121],[141.5243,38.89254],[141.52505,38.89358],[141.52449,38.89434],[141.52456,38.89565],[141.52336,38.89501],[141.52296,38.89555],[141.5237,38.89636],[141.52394,38.89757],[141.5237,38.89841],[141.52204,38.89844],[141.52031,38.89767],[141.51936,38.89532],[141.51897,38.89388],[141.51817,38.89238],[141.51774,38.89193],[141.51677,38.89101],[141.51497,38.89078],[141.51425,38.89041],[141.51393,38.89024],[141.5124,38.88939],[141.51278,38.88892],[141.51145,38.88806],[141.51051,38.88799]]]},"properties":{"林班":"A080","市町村名称":"気仙沼市","旧市町村":null}},
{"type":"Feature","geometry":{"type":"MultiPolygon","coordinates":[[[[141.5049,38.88346],[141.50438,38.8827],[141.50179,38.88167],[141.5008,38.88105],[141.50149,38.87945],[141.50293,38.87684],[141.50487,38.87712],[141.50981,38.87827],[141.51252,38.8788],[141.51423,38.87962],[141.51528,38.88003],[141.51597,38.88101],[141.5178,38.88125],[141.51843,38.88069],[141.52014,38.88091],[141.51942,38.8814],[141.51935,38.88169],[141.51958,38.88373],[141.51722,38.88361],[141.51518,38.88375],[141.51425,38.88289],[141.51262,38.88381],[141.51162,38.88337],[141.51039,38.88469],[141.50856,38.88513],[141.50752,38.88516],[141.50627,38.88429],[141.50625,38.88421],[141.5049,38.88346]]],[[[141.50862,38.88516],[141.51046,38.88475],[141.51162,38.88346],[141.5126,38.8839],[141.51424,38.883],[141.51518,38.88382],[141.5168,38.8837],[141.51838,38.88367],[141.5196,38.88381],[141.51971,38.88369],[141.51994,38.88385],[141.52242,38.88599],[141.52343,38.88783],[141.52316,38.88771],[141.5228,38.88745],[141.52077,38.88718],[141.51942,38.88832],[141.51962,38.88694],[141.51794,38.88576],[141.51788,38.88652],[141.51702,38.88698],[141.5159,38.88707],[141.51514,38.88576],[141.50991,38.88539],[141.50862,38.88516]]],[[[141.5202,38.88093],[141.52167,38.88129],[141.52152,38.88175],[141.52042,38.88198],[141.51955,38.88278],[141.51952,38.88144],[141.5202,38.88093]]]]},"properties":{"林班":"A083","市町村名称":"気仙沼市","旧市町村":null}},
{"type":"Feature","geometry":{"type":"Polygon","coordinates":[[[141.49739,38.88137],[141.50012,38.88205],[141.50106,38.88233],[141.50315,38.88264],[141.5049,38.88346],[141.50625,38.88421],[141.50627,38.88429],[141.50568,38.88494],[141.50595,38.88531],[141.50682,38.88616],[141.50779,38.8869],[141.50653,38.88727],[141.505,38.88903],[141.50312,38.88971],[141.50108,38.88971],[141.49935,38.88809],[141.49923,38.88643],[141.49865,38.88569],[141.49784,38.88482],[141.49736,38.88456],[141.49727,38.8845],[141.49667,38.8842],[141.49654,38.88414],[141.49621,38.88348],[141.49625,38.88339],[141.49631,38.88291],[141.49631,38.88284],[141.49633,38.88257],[141.49634,38.88252],[141.49656,38.88199],[141.49663,38.88186],[141.4967,38.88145],[141.49739,38.88137]]]},"properties":{"林班":"A082","市町村名称":"気仙沼市","旧市町村":null}},
{"type":"Feature","geometry":{"type":"MultiPolygon","coordinates":[[[[141.53156,38.90706],[141.53207,38.90667],[141.53379,38.90753],[141.53453,38.90866],[141.53325,38.90862],[141.53234,38.90814],[141.5321,38.90706],[141.53144,38.90715],[141.53156,38.90706]]],[[[141.52918,38.90769],[141.53039,38.90719],[141.53055,38.90724],[141.5321,38.90887],[141.53277,38.91074],[141.53204,38.9107],[141.52966,38.90937],[141.52912,38.90834],[141.52918,38.90769]]],[[[141.53441,38.91085],[141.53419,38.90916],[141.53497,38.90939],[141.53705,38.9092],[141.53752,38.90796],[141.5399,38.90767],[141.54067,38.90709],[141.54225,38.90789],[141.54228,38.90885],[141.54081,38.90836],[141.53931,38.9086],[141.53798,38.90933],[141.53717,38.91083],[141.53601,38.91231],[141.53522,38.9119],[141.53441,38.91085]]],[[[141.54076,38.9062],[141.54324,38.90662],[141.54399,38.90658],[141.54474,38.90762],[141.54356,38.90818],[141.54283,38.90802],[141.54176,38.90698],[141.54079,38.90684],[141.54076,38.9062]]]]},"properties":{"林班":"A085","市町村名称":"気仙沼市","旧市町村":null}},
{"type":"Feature","geometry":{"type":"MultiPolygon","coordinates":[[[[141.52343,38.88783],[141.52361,38.88795],[141.52427,38.88843],[141.52467,38.88861],[141.52519,38.88906],[141.52523,38.89007],[141.52612,38.89024],[141.52676,38.89088],[141.5268,38.89092],[141.52728,38.89155],[141.52779,38.89249],[141.52783,38.89348],[141.52786,38.89352],[141.528,38.89369],[141.52809,38.89381],[141.52818,38.89404],[141.52819,38.89506],[141.52809,38.89524],[141.52808,38.89569],[141.52837,38.89673],[141.52849,38.89691],[141.52751,38.89723],[141.527,38.89812],[141.52881,38.89865],[141.52936,38.90017],[141.52956,38.90054],[141.52732,38.90049],[141.52601,38.89915],[141.52499,38.89862],[141.52558,38.8975],[141.52581,38.89386],[141.52573,38.89279],[141.52345,38.89027],[141.52219,38.88976],[141.52161,38.88869],[141.52316,38.88771],[141.52343,38.88783]]],[[[141.52842,38.9015],[141.52912,38.90254],[141.5287,38.90294],[141.52727,38.90159],[141.52842,38.9015]]],[[[141.53039,38.90719],[141.52965,38.90587],[141.53002,38.9049],[141.53107,38.90457],[141.53143,38.90535],[141.53068,38.90591],[141.53058,38.90689],[141.53156,38.90706],[141.53144,38.90715],[141.53055,38.90724],[141.53039,38.90719]]]]},"properties":{"林班":"A084","市町村名称":"気仙沼市","旧市町村":null}},
{"type":"Feature","geometry":{"type":"MultiPolygon","coordinates":[[[[141.52703,38.88975],[141.52572,38.88986],[141.52519,38.88906],[141.52467,38.88861],[141.52615,38.88962],[141.52703,38.88975]]],[[[141.52786,38.89352],[141.52827,38.89291],[141.52922,38.89279],[141.53006,38.89203],[141.52953,38.89162],[141.52875,38.88977],[141.53034,38.89063],[141.53082,38.89048],[141.53161,38.89055],[141.532,38.89059],[141.53307,38.89062],[141.53516,38.89146],[141.53644,38.8933],[141.53619,38.89487],[141.53673,38.89653],[141.53752,38.89685],[141.53643,38.89777],[141.53595,38.89719],[141.53458,38.89767],[141.53272,38.89651],[141.53219,38.89545],[141.53116,38.89514],[141.53101,38.89592],[141.52874,38.89561],[141.52819,38.89506],[141.52818,38.89404],[141.52809,38.89381],[141.528,38.89369],[141.52786,38.89352]]],[[[141.52802,38.88997],[141.52885,38.89236],[141.52826,38.89283],[141.52783,38.89348],[141.52779,38.89249],[141.52728,38.89155],[141.5268,38.89092],[141.52676,38.89088],[141.52737,38.88992],[141.52802,38.88997]]]]},"properties":{"林班":"A087","市町村名称":"気仙沼市","旧市町村":null}},
{"type":"Feature","geometry":{"type":"MultiPolygon","coordinates":[[[[141.53743,38.89708],[141.53825,38.89749],[141.5391,38.89718],[141.5403,38.89808],[141.53921,38.89866],[141.537,38.89861],[141.53533,38.89823],[141.53557,38.89814],[141.53584,38.89823],[141.53695,38.8975],[141.53743,38.89708]]],[[[141.53719,38.89925],[141.53861,38.89966],[141.53719,38.90045],[141.53659,38.89981],[141.53719,38.89925]]],[[[141.5371,38.90066],[141.53817,38.90114],[141.53797,38.90182],[141.53711,38.90232],[141.53664,38.90085],[141.5371,38.90066]]],[[[141.54078,38.89865],[141.54044,38.8993],[141.54091,38.90017],[141.54159,38.9001],[141.54254,38.90109],[141.54203,38.90164],[141.5408,38.90129],[141.53935,38.90004],[141.53913,38.89929],[141.54078,38.89865]]],[[[141.53928,38.90047],[141.54005,38.90098],[141.54034,38.90177],[141.54161,38.9025],[141.54103,38.90286],[141.53991,38.90199],[141.53928,38.90047]]],[[[141.54501,38.90075],[141.54641,38.90224],[141.54563,38.9028],[141.54501,38.90075]]]]},"properties":{"林班":"A086","市町村名称":"気仙沼市","旧市町村":null}},
{"type":"Feature","geometry":{"type":"MultiPolygon","coordinates":[[[[141.49674,38.90947],[141.49642,38.911],[141.49738,38.91211],[141.49843,38.91231],[141.49941,38.91299],[141.49887,38.91443],[141.49746,38.91452],[141.49596,38.91492],[141.49557,38.91291],[141.493,38.91251],[141.49199,38.91276],[141.49006,38.91036],[141.48911,38.90714],[141.49149,38.90636],[141.49331,38.90827],[141.49456,38.90897],[141.49674,38.90947]]],[[[141.50004,38.90946],[141.49978,38.90859],[141.50064,38.90928],[141.5,38.90974],[141.50007,38.90961],[141.50004,38.90946]]],[[[141.49926,38.91079],[141.49803,38.91037],[141.49744,38.91101],[141.49651,38.91102],[141.49684,38.90952],[141.49874,38.91023],[141.49926,38.91079]]],[[[141.50289,38.91373],[141.50428,38.91513],[141.50241,38.91529],[141.50139,38.91491],[141.50075,38.91396],[141.50289,38.91373]]]]},"properties":{"林班":"A056","市町村名称":"気仙沼市","旧市町村":null}},
{"type":"Feature","geometry":{"type":"MultiPolygon","coordinates":[[[[141.49304,38.91459],[141.49471,38.91416],[141.49557,38.91504],[141.49562,38.91609],[141.49499,38.91625],[141.49471,38.9172],[141.4938,38.91732],[141.49497,38.91534],[141.49423,38.91452],[141.49324,38.91535],[141.49287,38.91627],[141.4917,38.91619],[141.49218,38.91514],[141.49304,38.91459]]],[[[141.49141,38.91769],[141.49262,38.91761],[141.4937,38.91942],[141.49275,38.91953],[141.49141,38.91769]]],[[[141.49718,38.91894],[141.498,38.91989],[141.49696,38.92031],[141.4966,38.91944],[141.49718,38.91894]]],[[[141.50243,38.9171],[141.50184,38.91834],[141.49929,38.91907],[141.4981,38.91906],[141.4981,38.91842],[141.49916,38.91813],[141.49993,38.91867],[141.50114,38.91761],[141.50243,38.9171]]]]},"properties":{"林班":"A055","市町村名称":"気仙沼市","旧市町村":null}},
{"type":"Feature","geometry":{"type":"MultiPolygon","coordinates":[[[[141.48421,38.90219],[141.48267,38.90144],[141.48233,38.89979],[141.4815,38.89898],[141.48147,38.89838],[141.48326,38.8987],[141.48409,38.89859],[141.48428,38.89854],[141.48572,38.89884],[141.48422,38.89931],[141.48473,38.90039],[141.4861,38.90014],[141.48709,38.89955],[141.48799,38.89972],[141.48799,38.90042],[141.48979,38.90036],[141.4906,38.90152],[141.48897,38.90218],[141.48824,38.90213],[141.48665,38.90334],[141.48483,38.90379],[141.48515,38.90326],[141.4858,38.90272],[141.48421,38.90219]]],[[[141.4814,38.8989],[141.48106,38.89828],[141.48138,38.89836],[141.4814,38.8989]]],[[[141.48368,38.90218],[141.48181,38.90191],[141.4823,38.90044],[141.48253,38.90149],[141.48368,38.90218]]]]},"properties":{"林班":"A058","市町村名称":"気仙沼市","旧市町村":null}},
{"type":"Feature","geometry":{"type":"MultiPolygon","coordinates":[[[[141.48911,38.90714],[141.48663,38.90544],[141.48711,38.90412],[141.48788,38.90385],[141.48991,38.90259],[141.49051,38.90368],[141.49165,38.90257],[141.49327,38.90251],[141.49439,38.90277],[141.49601,38.90462],[141.49707,38.9055],[141.49653,38.90632],[141.49571,38.90654],[141.49528,38.90729],[141.49629,38.90748],[141.49674,38.90947],[141.49456,38.90897],[141.49331,38.90827],[141.49149,38.90636],[141.48911,38.90714]]],[[[141.49684,38.90952],[141.49637,38.90759],[141.49757,38.90848],[141.49899,38.90791],[141.49978,38.90859],[141.50004,38.90946],[141.50007,38.90961],[141.5,38.90974],[141.49926,38.91079],[141.49874,38.91023],[141.49684,38.90952]]]]},"properties":{"林班":"A057","市町村名称":"気仙沼市","旧市町村":null}},
{"type":"Feature","geometry":{"type":"MultiPolygon","coordinates":[[[[141.4738,38.88552],[141.47326,38.88592],[141.47261,38.8845],[141.4738,38.88552]]],[[[141.47444,38.8853],[141.4755,38.88673],[141.47585,38.88802],[141.47826,38.88914],[141.47814,38.89041],[141.48077,38.89014],[141.48109,38.89096],[141.48233,38.89161],[141.48192,38.89224],[141.48052,38.89259],[141.48079,38.89335],[141.48207,38.89326],[141.48406,38.89488],[141.4853,38.89481],[141.48573,38.89554],[141.48495,38.89601],[141.48495,38.89665],[141.48619,38.89671],[141.4865,38.89748],[141.4847,38.89793],[141.48428,38.89854],[141.48409,38.89859],[141.48326,38.8987],[141.48147,38.89838],[141.48132,38.8976],[141.48041,38.89757],[141.47989,38.89658],[141.47923,38.89633],[141.47819,38.89575],[141.47749,38.89518],[141.4766,38.89511],[141.47548,38.89189],[141.47371,38.89163],[141.4729,38.88887],[141.47341,38.88815],[141.47307,38.88725],[141.4737,38.88692],[141.47444,38.8853]]],[[[141.48051,38.89762],[141.48138,38.89836],[141.48106,38.89828],[141.48051,38.89762]]]]},"properties":{"林班":"A059","市町村名称":"気仙沼市","旧市町村":null}},
{"type":"Feature","geometry":{"type":"MultiPolygon","coordinates":[[[[141.49961,38.921],[141.49995,38.92049],[141.50211,38.91905],[141.5033,38.91938],[141.50443,38.92052],[141.50493,38.92026],[141.5037,38.91903],[141.50539,38.91893],[141.50502,38.91823],[141.50578,38.91713],[141.50575,38.91642],[141.50659,38.9158],[141.50674,38.91549],[141.50719,38.91528],[141.50759,38.91531],[141.50798,38.91544],[141.50819,38.91531],[141.50827,38.91491],[141.50871,38.9145],[141.50904,38.9138],[141.50904,38.91419],[141.50906,38.91433],[141.5091,38.91482],[141.50935,38.91747],[141.50839,38.92077],[141.50708,38.92171],[141.50712,38.92206],[141.50676,38.92393],[141.50764,38.92585],[141.50664,38.92737],[141.50593,38.92954],[141.50592,38.93043],[141.50518,38.93171],[141.50419,38.93181],[141.50374,38.93237],[141.50262,38.93277],[141.5024,38.93414],[141.50158,38.93507],[141.50031,38.9353],[141.49928,38.9355],[141.49793,38.93532],[141.49636,38.93545],[141.49714,38.93388],[141.49941,38.93272],[141.49946,38.9327],[141.49967,38.93262],[141.49991,38.93251],[141.5003,38.93233],[141.50058,38.93216],[141.50068,38.93208],[141.50141,38.93196],[141.50219,38.93116],[141.502,38.93039],[141.50316,38.92914],[141.50517,38.92588],[141.50573,38.92521],[141.50465,38.92443],[141.50437,38.92373],[141.50378,38.92233],[141.5025,38.92137],[141.50138,38.92177],[141.50021,38.92117],[141.49961,38.921]]],[[[141.50543,38.9157],[141.50609,38.91541],[141.50659,38.915],[141.50704,38.91482],[141.50849,38.91304],[141.50903,38.91369],[141.50865,38.91443],[141.50822,38.91477],[141.50816,38.91523],[141.50787,38.91538],[141.50751,38.91524],[141.50716,38.91523],[141.50672,38.91543],[141.50661,38.91571],[141.50579,38.91632],[141.50543,38.9157]]]]},"properties":{"林班":"A050","市町村名称":"気仙沼市","旧市町村":null}},
{"type":"Feature","geometry":{"type":"Polygon","coordinates":[[[141.49115,38.92606],[141.49096,38.92675],[141.49173,38.92743],[141.49262,38.9269],[141.49383,38.92814],[141.49408,38.92848],[141.49418,38.92866],[141.49455,38.92902],[141.49627,38.93056],[141.49624,38.93192],[141.49662,38.93369],[141.49714,38.93388],[141.49636,38.93545],[141.49552,38.93588],[141.49321,38.93495],[141.49225,38.9342],[141.49053,38.93373],[141.48854,38.93356],[141.48695,38.93315],[141.48639,38.9331],[141.48611,38.93165],[141.48775,38.92924],[141.48871,38.92868],[141.48845,38.92802],[141.48898,38.9266],[141.49059,38.92559],[141.49103,38.92592],[141.49115,38.92606]]]},"properties":{"林班":"A052","市町村名称":"気仙沼市","旧市町村":null}},
{"type":"Feature","geometry":{"type":"Polygon","coordinates":[[[141.49103,38.92592],[141.49005,38.92457],[141.49317,38.92333],[141.49413,38.92223],[141.49536,38.92281],[141.49657,38.92372],[141.49748,38.92095],[141.49897,38.92162],[141.49961,38.921],[141.50021,38.92117],[141.50136,38.92192],[141.50251,38.92189],[141.50369,38.92388],[141.50295,38.92546],[141.50413,38.9255],[141.50466,38.92512],[141.50437,38.92373],[141.50465,38.92443],[141.5052,38.92499],[141.50517,38.92588],[141.50316,38.92914],[141.502,38.93039],[141.50219,38.93116],[141.50141,38.93196],[141.50068,38.93208],[141.50058,38.93216],[141.5003,38.93233],[141.49991,38.93251],[141.49967,38.93262],[141.49946,38.9327],[141.49941,38.93272],[141.49714,38.93388],[141.49662,38.93369],[141.49624,38.93192],[141.49627,38.93056],[141.49455,38.92902],[141.49418,38.92866],[141.49408,38.92848],[141.49383,38.92814],[141.49262,38.9269],[141.49115,38.92606],[141.49103,38.92592]]]},"properties":{"林班":"A051","市町村名称":"気仙沼市","旧市町村":null}},
{"type":"Feature","geometry":{"type":"MultiPolygon","coordinates":[[[[141.49887,38.94728],[141.49876,38.94828],[141.49726,38.94875],[141.4966,38.94938],[141.49581,38.94937],[141.49438,38.95],[141.49347,38.94999],[141.49206,38.95075],[141.49132,38.95185],[141.48995,38.95002],[141.49151,38.94859],[141.49115,38.94566],[141.49075,38.94545],[141.49046,38.94345],[141.49137,38.94338],[141.49318,38.94254],[141.49499,38.94256],[141.49427,38.94095],[141.49513,38.9406],[141.49557,38.9399],[141.49434,38.93737],[141.49446,38.93669],[141.49551,38.9381],[141.49528,38.93879],[141.49596,38.94026],[141.49503,38.94104],[141.49534,38.94236],[141.49606,38.94274],[141.49523,38.9458],[141.49548,38.94654],[141.49453,38.94768],[141.49392,38.94926],[141.49561,38.9487],[141.49596,38.94821],[141.49855,38.94707],[141.49887,38.94728]]],[[[141.49295,38.95039],[141.4943,38.95019],[141.49513,38.94967],[141.49669,38.9495],[141.49735,38.94883],[141.49944,38.94845],[141.49978,38.94908],[141.49854,38.94931],[141.49905,38.95007],[141.50069,38.95062],[141.49892,38.95192],[141.49584,38.9537],[141.49444,38.95493],[141.49366,38.95463],[141.49295,38.95342],[141.4919,38.95237],[141.49211,38.95094],[141.49295,38.95039]]]]},"properties":{"林班":"A054","市町村名称":"気仙沼市","旧市町村":null}},
{"type":"Feature","geometry":{"type":"Polygon","coordinates":[[[141.49046,38.94345],[141.48912,38.94147],[141.48897,38.9406],[141.48758,38.93988],[141.48687,38.93846],[141.48701,38.93768],[141.48619,38.93685],[141.48553,38.93419],[141.48639,38.9331],[141.48695,38.93315],[141.48856,38.93418],[141.49067,38.9344],[141.49446,38.93669],[141.49434,38.93737],[141.49557,38.9399],[141.49513,38.9406],[141.49427,38.94095],[141.49499,38.94256],[141.49318,38.94254],[141.49137,38.94338],[141.49046,38.94345]]]},"properties":{"林班":"A053","市町村名称":"気仙沼市","旧市町村":null}},
{"type":"Feature","geometry":{"type":"MultiPolygon","coordinates":[[[[141.48555,38.86905],[141.48566,38.86948],[141.48804,38.86984],[141.49024,38.87037],[141.49147,38.87095],[141.49107,38.87175],[141.491,38.87188],[141.49093,38.87206],[141.4904,38.87342],[141.4905,38.87515],[141.48996,38.87609],[141.49039,38.87769],[141.49018,38.87863],[141.48945,38.8784],[141.49002,38.8774],[141.48817,38.87694],[141.48834,38.87784],[141.48919,38.87822],[141.48893,38.87975],[141.49007,38.87914],[141.48977,38.88114],[141.48808,38.88125],[141.48687,38.88157],[141.48558,38.88298],[141.48385,38.88165],[141.48395,38.88024],[141.4836,38.87866],[141.4841,38.87785],[141.48389,38.87709],[141.48398,38.87463],[141.4836,38.87411],[141.48337,38.87269],[141.48252,38.87135],[141.48268,38.87088],[141.48306,38.87057],[141.48555,38.86905]]],[[[141.4856,38.883],[141.48695,38.88158],[141.48801,38.88128],[141.4887,38.88157],[141.48692,38.88197],[141.48603,38.88336],[141.4856,38.883]]]]},"properties":{"林班":"A067","市町村名称":"気仙沼市","旧市町村":null}},
{"type":"Feature","geometry":{"type":"Polygon","coordinates":[[[141.46817,38.87651],[141.47157,38.87457],[141.47328,38.87394],[141.47479,38.87279],[141.47656,38.87204],[141.47746,38.87268],[141.47997,38.87358],[141.48062,38.87258],[141.48144,38.8731],[141.48337,38.87269],[141.4836,38.87411],[141.48398,38.87463],[141.48389,38.87709],[141.4841,38.87785],[141.4836,38.87866],[141.48395,38.88024],[141.48385,38.88165],[141.48558,38.88298],[141.4856,38.883],[141.48533,38.88324],[141.48474,38.88451],[141.48484,38.88593],[141.48457,38.88686],[141.48325,38.88734],[141.48318,38.88731],[141.48324,38.88719],[141.48282,38.88714],[141.48248,38.88749],[141.48236,38.88744],[141.4821,38.88705],[141.48076,38.8863],[141.48024,38.8868],[141.4788,38.88655],[141.47926,38.8862],[141.47831,38.88465],[141.47808,38.88491],[141.47919,38.88618],[141.47877,38.88653],[141.47868,38.88647],[141.47795,38.88538],[141.47696,38.88601],[141.47571,38.885],[141.47522,38.88404],[141.47313,38.8835],[141.47292,38.88382],[141.47251,38.88376],[141.47139,38.88179],[141.47137,38.88063],[141.47002,38.87929],[141.47092,38.87923],[141.4703,38.87789],[141.46928,38.87867],[141.46824,38.87791],[141.46853,38.87724],[141.46817,38.87651]]]},"properties":{"林班":"A066","市町村名称":"気仙沼市","旧市町村":null}},
{"type":"Feature","geometry":{"type":"Polygon","coordinates":[[[141.49175,38.88135],[141.49399,38.88108],[141.49443,38.88132],[141.49452,38.88135],[141.49467,38.88134],[141.49474,38.88132],[141.49527,38.88113],[141.4967,38.88145],[141.49663,38.88186],[141.49633,38.88257],[141.49631,38.88284],[141.49621,38.88348],[141.49654,38.88414],[141.49736,38.88456],[141.49784,38.88482],[141.49865,38.88569],[141.49923,38.88643],[141.49935,38.88809],[141.50108,38.88971],[141.49954,38.8899],[141.49871,38.8907],[141.49728,38.8903],[141.49705,38.88952],[141.49485,38.88937],[141.49417,38.88964],[141.49364,38.88781],[141.49379,38.88656],[141.49307,38.88655],[141.49219,38.88671],[141.49149,38.88521],[141.49165,38.88467],[141.49112,38.8836],[141.48981,38.8842],[141.48831,38.88404],[141.48603,38.88336],[141.48692,38.88197],[141.4887,38.88157],[141.4903,38.88119],[141.49175,38.88135]]]},"properties":{"林班":"A069","市町村名称":"気仙沼市","旧市町村":null}},
{"type":"Feature","geometry":{"type":"MultiPolygon","coordinates":[[[[141.49018,38.87863],[141.49039,38.87769],[141.48996,38.87609],[141.4905,38.87515],[141.4904,38.87342],[141.49093,38.87206],[141.491,38.87188],[141.49107,38.87175],[141.49147,38.87095],[141.49363,38.87244],[141.49434,38.8727],[141.4959,38.87239],[141.49602,38.87244],[141.49809,38.87318],[141.49964,38.87268],[141.5005,38.87296],[141.50438,38.87328],[141.50566,38.87352],[141.50717,38.87403],[141.50806,38.87459],[141.50897,38.87481],[141.50979,38.87511],[141.51329,38.87708],[141.51176,38.87675],[141.51115,38.87733],[141.51091,38.87764],[141.51068,38.87769],[141.51031,38.87742],[141.50981,38.8775],[141.5093,38.87685],[141.50915,38.87658],[141.50876,38.87614],[141.50836,38.87589],[141.50813,38.87581],[141.50752,38.87572],[141.50723,38.87549],[141.50706,38.87544],[141.5067,38.87545],[141.5057,38.87569],[141.50443,38.87552],[141.50291,38.87621],[141.50151,38.87594],[141.50095,38.87588],[141.50045,38.87599],[141.5001,38.87627],[141.49991,38.878],[141.49935,38.87869],[141.49796,38.87859],[141.49712,38.87885],[141.49634,38.8779],[141.49577,38.87771],[141.49501,38.87762],[141.49416,38.87765],[141.49365,38.8787],[141.49333,38.87904],[141.49193,38.87946],[141.49184,38.87867],[141.49167,38.87822],[141.49103,38.87808],[141.49018,38.87863]]],[[[141.49018,38.87863],[141.49156,38.87822],[141.49185,38.87948],[141.4924,38.87938],[141.49338,38.87908],[141.49363,38.87893],[141.49412,38.87777],[141.49602,38.87783],[141.49709,38.87895],[141.49798,38.87866],[141.49937,38.87874],[141.4997,38.87931],[141.49734,38.88089],[141.49977,38.87934],[141.50019,38.87628],[141.50128,38.87594],[141.50206,38.87637],[141.5029,38.87627],[141.50429,38.87563],[141.50567,38.87572],[141.50672,38.8755],[141.50713,38.87547],[141.50768,38.87583],[141.50849,38.87599],[141.50905,38.87647],[141.50964,38.87743],[141.50985,38.87756],[141.51037,38.8775],[141.51078,38.87775],[141.51088,38.87771],[141.51183,38.87677],[141.51255,38.87712],[141.51349,38.87708],[141.51465,38.87689],[141.51404,38.87801],[141.51442,38.87894],[141.51446,38.87896],[141.51423,38.87962],[141.51252,38.8788],[141.50981,38.87827],[141.50487,38.87712],[141.50293,38.87684],[141.50149,38.87945],[141.5008,38.88105],[141.50179,38.88167],[141.50438,38.8827],[141.5049,38.88346],[141.50315,38.88264],[141.50106,38.88233],[141.50012,38.88205],[141.49739,38.88137],[141.4968,38.88086],[141.4957,38.88079],[141.49474,38.88132],[141.49467,38.88134],[141.49452,38.88135],[141.49443,38.88132],[141.49399,38.88108],[141.49175,38.88135],[141.49031,38.88102],[141.48977,38.88114],[141.49007,38.87914],[141.49018,38.87863]]],[[[141.4967,38.88145],[141.49527,38.88113],[141.49676,38.88094],[141.49739,38.88137],[141.4967,38.88145]]]]},"properties":{"林班":"A068","市町村名称":"気仙沼市","旧市町村":null}},
{"type":"Feature","geometry":{"type":"Polygon","coordinates":[[[141.46651,38.88703],[141.46641,38.88571],[141.4656,38.88503],[141.4643,38.88496],[141.46283,38.88398],[141.46092,38.88332],[141.45905,38.88162],[141.45678,38.88027],[141.45482,38.87965],[141.45256,38.87803],[141.45086,38.87574],[141.45117,38.87399],[141.45087,38.87292],[141.45104,38.87128],[141.45179,38.87074],[141.4526,38.87071],[141.45226,38.872],[141.45318,38.87194],[141.45516,38.87306],[141.4556,38.87395],[141.45666,38.87514],[141.45642,38.87609],[141.4568,38.8767],[141.4602,38.87764],[141.4636,38.87971],[141.46397,38.88004],[141.46405,38.88011],[141.46403,38.88109],[141.46447,38.88239],[141.46756,38.88199],[141.46785,38.88263],[141.46901,38.88206],[141.47062,38.88261],[141.47115,38.88355],[141.47221,38.88424],[141.47097,38.88525],[141.46967,38.88603],[141.468,38.88615],[141.46651,38.88703]]]},"properties":{"林班":"A061","市町村名称":"気仙沼市","旧市町村":null}},
{"type":"Feature","geometry":{"type":"MultiPolygon","coordinates":[[[[141.47261,38.8845],[141.47326,38.88592],[141.4738,38.88552],[141.47444,38.8853],[141.4737,38.88692],[141.47307,38.88725],[141.47341,38.88815],[141.4729,38.88887],[141.47371,38.89163],[141.47548,38.89189],[141.4766,38.89511],[141.47749,38.89518],[141.47819,38.89575],[141.47747,38.8953],[141.47619,38.89537],[141.47488,38.89427],[141.47264,38.89347],[141.47252,38.89256],[141.47015,38.89224],[141.46873,38.89134],[141.46865,38.89043],[141.46797,38.88967],[141.46789,38.88877],[141.46814,38.88807],[141.46706,38.88776],[141.46651,38.88703],[141.468,38.88615],[141.46967,38.88603],[141.47097,38.88525],[141.47261,38.8845]]],[[[141.48438,38.90384],[141.48288,38.90233],[141.48106,38.90209],[141.48012,38.90166],[141.47802,38.89961],[141.47655,38.8991],[141.47551,38.89916],[141.474,38.89803],[141.47243,38.89747],[141.47028,38.89487],[141.46941,38.89491],[141.4667,38.89449],[141.46551,38.89198],[141.46637,38.88977],[141.46747,38.88845],[141.46778,38.88938],[141.4681,38.89001],[141.46859,38.89048],[141.46873,38.89158],[141.47012,38.8923],[141.47242,38.89256],[141.47245,38.89349],[141.47484,38.8943],[141.47623,38.89548],[141.47721,38.89532],[141.47833,38.89591],[141.47907,38.89634],[141.47923,38.89633],[141.47989,38.89658],[141.48041,38.89757],[141.48051,38.89762],[141.48106,38.89828],[141.4814,38.8989],[141.48168,38.89933],[141.48225,38.9],[141.4823,38.90044],[141.48181,38.90191],[141.48368,38.90218],[141.4847,38.90381],[141.48438,38.90384]]],[[[141.4858,38.90272],[141.48515,38.90326],[141.48483,38.90379],[141.48421,38.90219],[141.4858,38.90272]]]]},"properties":{"林班":"A060","市町村名称":"気仙沼市","旧市町村":null}},
{"type":"Feature","geometry":{"type":"MultiPolygon","coordinates":[[[[141.45811,38.85962],[141.45826,38.86024],[141.46019,38.86171],[141.45966,38.86189],[141.45891,38.86312],[141.45719,38.86364],[141.45676,38.8645],[141.45584,38.86487],[141.45573,38.86556],[141.45406,38.8668],[141.45304,38.86658],[141.45417,38.86554],[141.45324,38.86275],[141.45406,38.86167],[141.45596,38.86011],[141.45696,38.86009],[141.45811,38.85962]]],[[[141.45179,38.87074],[141.45245,38.86982],[141.45263,38.86851],[141.45422,38.86691],[141.45705,38.86452],[141.45725,38.86382],[141.45906,38.86323],[141.46032,38.86181],[141.4615,38.86271],[141.46068,38.86369],[141.46129,38.8648],[141.46245,38.8662],[141.46148,38.86754],[141.4619,38.86797],[141.46187,38.86961],[141.46117,38.87083],[141.457,38.8705],[141.45551,38.8708],[141.4526,38.87071],[141.45179,38.87074]]]]},"properties":{"林班":"A063","市町村名称":"気仙沼市","旧市町村":null}},
{"type":"Feature","geometry":{"type":"MultiPolygon","coordinates":[[[[141.46117,38.87083],[141.46315,38.87224],[141.46323,38.87375],[141.46371,38.87434],[141.46372,38.8775],[141.4636,38.87971],[141.4602,38.87764],[141.4568,38.8767],[141.45642,38.87609],[141.45666,38.87514],[141.4556,38.87395],[141.45516,38.87306],[141.45318,38.87194],[141.45226,38.872],[141.4526,38.87071],[141.45551,38.8708],[141.457,38.8705],[141.46117,38.87083]]],[[[141.46397,38.88004],[141.4638,38.8791],[141.46429,38.87841],[141.46381,38.8775],[141.4638,38.87588],[141.46451,38.87433],[141.46533,38.87478],[141.46413,38.87632],[141.46473,38.87661],[141.46573,38.87548],[141.46625,38.87548],[141.46628,38.87591],[141.46587,38.87616],[141.46612,38.87762],[141.46571,38.87828],[141.46725,38.87897],[141.46732,38.87975],[141.46405,38.88011],[141.46397,38.88004]]]]},"properties":{"林班":"A062","市町村名称":"気仙沼市","旧市町村":null}},
{"type":"Feature","geometry":{"type":"Polygon","coordinates":[[[141.46817,38.87651],[141.46716,38.87616],[141.46702,38.87467],[141.46595,38.87319],[141.46656,38.8721],[141.46629,38.87116],[141.46637,38.86944],[141.46758,38.86782],[141.46904,38.86659],[141.47048,38.86667],[141.4725,38.86631],[141.47564,38.86612],[141.47742,38.8667],[141.48136,38.8672],[141.48017,38.86886],[141.47656,38.87204],[141.47479,38.87279],[141.47328,38.87394],[141.47157,38.87457],[141.46817,38.87651]]]},"properties":{"林班":"A065","市町村名称":"気仙沼市","旧市町村":null}},
{"type":"Feature","geometry":{"type":"MultiPolygon","coordinates":[[[[141.45811,38.85962],[141.45989,38.85957],[141.46113,38.85887],[141.46412,38.85953],[141.46247,38.86082],[141.46107,38.86162],[141.46019,38.86171],[141.45826,38.86024],[141.45811,38.85962]]],[[[141.46032,38.86181],[141.46134,38.86169],[141.46423,38.85955],[141.46568,38.85976],[141.4658,38.86078],[141.46235,38.86325],[141.4615,38.86271],[141.46032,38.86181]]],[[[141.47859,38.86242],[141.47738,38.86227],[141.47475,38.86253],[141.47462,38.86187],[141.47372,38.86163],[141.4735,38.86091],[141.47817,38.86077],[141.47923,38.86192],[141.47859,38.86242]]],[[[141.46995,38.86234],[141.4694,38.86206],[141.46734,38.86202],[141.46777,38.86137],[141.47016,38.86156],[141.46995,38.86234]]],[[[141.46645,38.8634],[141.46577,38.86302],[141.46693,38.86222],[141.46738,38.86296],[141.46645,38.8634]]],[[[141.46995,38.86234],[141.4731,38.86395],[141.47343,38.86387],[141.47298,38.86184],[141.47439,38.86182],[141.47465,38.86259],[141.47576,38.86267],[141.47742,38.86238],[141.47855,38.86249],[141.4792,38.86372],[141.48013,38.86475],[141.48032,38.86553],[141.48227,38.86799],[141.48227,38.86954],[141.48268,38.87088],[141.48252,38.87135],[141.48337,38.87269],[141.48144,38.8731],[141.48062,38.87258],[141.47997,38.87358],[141.47746,38.87268],[141.47656,38.87204],[141.48017,38.86886],[141.48136,38.8672],[141.47742,38.8667],[141.47564,38.86612],[141.4725,38.86631],[141.47092,38.86592],[141.47143,38.86393],[141.46978,38.86278],[141.46995,38.86234]]],[[[141.48306,38.87057],[141.48242,38.8697],[141.48238,38.86831],[141.48329,38.86776],[141.48138,38.86675],[141.48046,38.86555],[141.48026,38.86473],[141.47934,38.86364],[141.4789,38.86247],[141.48034,38.86195],[141.4819,38.86314],[141.48311,38.86502],[141.48459,38.86675],[141.4854,38.86873],[141.48555,38.86905],[141.48306,38.87057]]]]},"properties":{"林班":"A064","市町村名称":"気仙沼市","旧市町村":null}},
{"type":"Feature","geometry":{"type":"MultiPolygon","coordinates":[[[[141.49838,38.99076],[141.49803,38.99142],[141.49717,38.99144],[141.49716,38.99173],[141.49747,38.99217],[141.49621,38.99217],[141.49531,38.99337],[141.49324,38.99384],[141.49372,38.99484],[141.49303,38.99516],[141.49283,38.99546],[141.49263,38.9968],[141.49362,38.99643],[141.49496,38.99652],[141.49512,38.99792],[141.49712,38.99777],[141.49784,38.99823],[141.49865,38.998],[141.49933,38.99822],[141.49883,38.99887],[141.49769,38.99901],[141.49623,38.99865],[141.49285,38.99938],[141.49017,38.99792],[141.49001,38.99697],[141.489,38.99496],[141.49005,38.99371],[141.49134,38.99295],[141.49285,38.99255],[141.49395,38.99187],[141.49838,38.99076]]],[[[141.4979,38.99814],[141.49714,38.99771],[141.49673,38.99765],[141.49516,38.99778],[141.49496,38.99647],[141.4927,38.99633],[141.49303,38.99522],[141.49368,38.99503],[141.49384,38.99459],[141.49331,38.99388],[141.4955,38.99341],[141.4963,38.99224],[141.49727,38.99229],[141.49763,38.99211],[141.49763,38.99192],[141.49743,38.99145],[141.49814,38.99149],[141.49859,38.99097],[141.49847,38.99067],[141.4985,38.9902],[141.4986,38.99024],[141.49983,38.99043],[141.50065,38.99],[141.50117,38.99006],[141.50171,38.99109],[141.50055,38.99211],[141.49967,38.9936],[141.49924,38.99532],[141.49934,38.99676],[141.49898,38.99796],[141.49864,38.99795],[141.4979,38.99814]]]]},"properties":{"林班":"A034","市町村名称":"気仙沼市","旧市町村":null}},
{"type":"Feature","geometry":{"type":"MultiPolygon","coordinates":[[[[141.51672,38.97244],[141.51748,38.97133],[141.519,38.96841],[141.52006,38.96874],[141.52043,38.96976],[141.51924,38.97028],[141.51926,38.97114],[141.51856,38.97226],[141.51837,38.97376],[141.51774,38.97436],[141.51753,38.97563],[141.51671,38.97778],[141.51611,38.9782],[141.51488,38.97825],[141.51472,38.97606],[141.5157,38.97517],[141.51636,38.97385],[141.51672,38.97244]]],[[[141.51279,38.9788],[141.51415,38.97983],[141.51446,38.98091],[141.51218,38.9807],[141.51097,38.98009],[141.511,38.97958],[141.51279,38.9788]]],[[[141.51837,38.96663],[141.52076,38.96534],[141.52243,38.96662],[141.52274,38.96746],[141.52225,38.96823],[141.52109,38.96825],[141.52078,38.96871],[141.51823,38.9681],[141.51837,38.96663]]],[[[141.51717,38.98072],[141.5201,38.98155],[141.51881,38.98196],[141.51717,38.98072]]],[[[141.52127,38.96272],[141.52282,38.9633],[141.52318,38.96392],[141.52426,38.96456],[141.52391,38.965],[141.52269,38.96416],[141.52127,38.96272]]],[[[141.5213,38.96916],[141.52335,38.96999],[141.5232,38.97126],[141.52182,38.97034],[141.5213,38.96916]]],[[[141.52741,38.96589],[141.52701,38.96526],[141.52609,38.96505],[141.52448,38.96531],[141.52474,38.96416],[141.52809,38.96439],[141.52827,38.96449],[141.52942,38.96512],[141.52876,38.96584],[141.52741,38.96589]]]]},"properties":{"林班":"A033","市町村名称":"気仙沼市","旧市町村":null}},
{"type":"Feature","geometry":{"type":"Polygon","coordinates":[[[141.48572,38.98224],[141.48715,38.98191],[141.48886,38.98102],[141.49062,38.98097],[141.493,38.98266],[141.49759,38.98287],[141.50088,38.98428],[141.50055,38.98442],[141.49827,38.98468],[141.49622,38.98422],[141.4955,38.98489],[141.4938,38.98526],[141.49255,38.98544],[141.49075,38.98516],[141.48874,38.98519],[141.4849,38.98657],[141.48415,38.98539],[141.48416,38.98476],[141.48572,38.98224]]]},"properties":{"林班":"A036","市町村名称":"気仙沼市","旧市町村":null}},
{"type":"Feature","geometry":{"type":"Polygon","coordinates":[[[141.48631,38.98835],[141.48828,38.98824],[141.49153,38.98723],[141.49463,38.98659],[141.49734,38.98664],[141.50048,38.98781],[141.50055,38.98856],[141.49999,38.9897],[141.50005,38.99003],[141.49823,38.99012],[141.49838,38.99076],[141.49395,38.99187],[141.49285,38.99255],[141.49134,38.99295],[141.49005,38.99371],[141.489,38.99496],[141.48729,38.99381],[141.48689,38.99084],[141.48601,38.99019],[141.48631,38.98835]]]},"properties":{"林班":"A035","市町村名称":"気仙沼市","旧市町村":null}},
{"type":"Feature","geometry":{"type":"Polygon","coordinates":[[[141.48806,38.97754],[141.48864,38.97723],[141.48773,38.97639],[141.48954,38.97551],[141.49199,38.97568],[141.49516,38.97711],[141.49646,38.97725],[141.49741,38.97771],[141.49848,38.97828],[141.4986,38.97905],[141.49962,38.97997],[141.50106,38.98002],[141.50135,38.98008],[141.49959,38.98178],[141.49759,38.98287],[141.493,38.98266],[141.49062,38.98097],[141.48886,38.98102],[141.48715,38.98191],[141.48572,38.98224],[141.48473,38.98063],[141.4871,38.98006],[141.48714,38.97839],[141.48792,38.97756],[141.48806,38.97754]]]},"properties":{"林班":"A038","市町村名称":"気仙沼市","旧市町村":null}},
{"type":"Feature","geometry":{"type":"MultiPolygon","coordinates":[[[[141.50055,38.98442],[141.50175,38.98484],[141.5023,38.98422],[141.50345,38.98457],[141.5059,38.98487],[141.50669,38.98476],[141.50767,38.98545],[141.50686,38.98638],[141.50682,38.98643],[141.50585,38.98767],[141.50279,38.98961],[141.5012,38.98967],[141.50005,38.99003],[141.49999,38.9897],[141.50055,38.98856],[141.50048,38.98781],[141.49734,38.98664],[141.49463,38.98659],[141.49153,38.98723],[141.48828,38.98824],[141.48631,38.98835],[141.4849,38.98657],[141.48874,38.98519],[141.49075,38.98516],[141.49255,38.98544],[141.4938,38.98526],[141.4955,38.98489],[141.49622,38.98422],[141.49827,38.98468],[141.50055,38.98442]]],[[[141.4986,38.97905],[141.49848,38.97828],[141.49741,38.97771],[141.49783,38.9773],[141.50022,38.97752],[141.50185,38.97834],[141.50116,38.97865],[141.49985,38.97776],[141.49918,38.97838],[141.50169,38.97943],[141.50106,38.98002],[141.49962,38.97997],[141.4986,38.97905]]],[[[141.49759,38.98287],[141.49959,38.98178],[141.50135,38.98008],[141.50462,38.9804],[141.5056,38.9799],[141.50746,38.98011],[141.50927,38.98064],[141.50771,38.98292],[141.5069,38.98451],[141.50568,38.9848],[141.50372,38.98456],[141.5023,38.9841],[141.50088,38.98428],[141.49759,38.98287]]],[[[141.50065,38.99],[141.50296,38.98964],[141.50286,38.99063],[141.50171,38.99109],[141.50117,38.99006],[141.50065,38.99]]]]},"properties":{"林班":"A037","市町村名称":"気仙沼市","旧市町村":null}},
{"type":"Feature","geometry":{"type":"Polygon","coordinates":[[[141.48473,38.98063],[141.4849,38.97995],[141.48389,38.97839],[141.48391,38.97752],[141.48458,38.97701],[141.48509,38.97494],[141.48595,38.97331],[141.48625,38.97131],[141.48778,38.97243],[141.48896,38.97215],[141.48885,38.97139],[141.49033,38.97009],[141.49217,38.97096],[141.49292,38.97181],[141.49411,38.97384],[141.49756,38.97534],[141.49906,38.97518],[141.50101,38.97552],[141.50294,38.97635],[141.50404,38.97732],[141.50581,38.97839],[141.50572,38.97917],[141.50745,38.97931],[141.50746,38.98011],[141.5056,38.9799],[141.50293,38.97953],[141.50185,38.97834],[141.50022,38.97752],[141.49783,38.9773],[141.49741,38.97771],[141.49646,38.97725],[141.49516,38.97711],[141.49199,38.97568],[141.48954,38.97551],[141.48773,38.97639],[141.48864,38.97723],[141.48806,38.97754],[141.48792,38.97756],[141.48714,38.97839],[141.4871,38.98006],[141.48473,38.98063]]]},"properties":{"林班":"A039","市町村名称":"気仙沼市","旧市町村":null}},
{"type":"Feature","geometry":{"type":"Polygon","coordinates":[[[141.53566,38.96926],[141.53575,38.96931],[141.53636,38.96963],[141.53965,38.97039],[141.54193,38.9724],[141.54301,38.97256],[141.54153,38.97558],[141.54059,38.97645],[141.54004,38.97859],[141.5382,38.97883],[141.53751,38.97743],[141.53829,38.9761],[141.53784,38.97486],[141.53502,38.97341],[141.53496,38.97337],[141.53319,38.97287],[141.53427,38.97228],[141.53598,38.97049],[141.53568,38.96935],[141.53566,38.96926]]]},"properties":{"林班":"A030","市町村名称":"気仙沼市","旧市町村":null}},
{"type":"Feature","geometry":{"type":"MultiPolygon","coordinates":[[[[141.52741,38.96589],[141.52876,38.96584],[141.52942,38.96512],[141.53008,38.96633],[141.53383,38.96741],[141.53451,38.96765],[141.53574,38.96864],[141.53566,38.96926],[141.53556,38.96959],[141.53582,38.97036],[141.53492,38.9711],[141.53446,38.97165],[141.5328,38.9724],[141.5326,38.9727],[141.53259,38.97332],[141.53305,38.97318],[141.53226,38.97405],[141.53058,38.97506],[141.53049,38.97571],[141.52954,38.97782],[141.53005,38.97873],[141.53124,38.97921],[141.5316,38.98046],[141.53272,38.98147],[141.53246,38.98307],[141.53191,38.982],[141.53078,38.98151],[141.53006,38.98045],[141.52746,38.97985],[141.52686,38.97874],[141.52581,38.97798],[141.52631,38.97453],[141.52735,38.97282],[141.52769,38.97176],[141.52729,38.97129],[141.52695,38.9695],[141.52741,38.96881],[141.52672,38.96791],[141.52741,38.96589]]],[[[141.53312,38.97305],[141.53274,38.97256],[141.53387,38.97207],[141.5346,38.97161],[141.53494,38.97114],[141.53575,38.97057],[141.53587,38.9703],[141.53568,38.96935],[141.53598,38.97049],[141.53427,38.97228],[141.53319,38.97287],[141.53312,38.97305]]]]},"properties":{"林班":"A032","市町村名称":"気仙沼市","旧市町村":null}},
{"type":"Feature","geometry":{"type":"MultiPolygon","coordinates":[[[[141.53496,38.97337],[141.53312,38.97305],[141.53319,38.97287],[141.53496,38.97337]]],[[[141.53246,38.98307],[141.53272,38.98147],[141.5316,38.98046],[141.53124,38.97921],[141.53005,38.97873],[141.52954,38.97782],[141.53049,38.97571],[141.53058,38.97506],[141.53226,38.97405],[141.53305,38.97318],[141.53502,38.97341],[141.53784,38.97486],[141.53829,38.9761],[141.53751,38.97743],[141.5382,38.97883],[141.53656,38.98019],[141.53516,38.98043],[141.53441,38.98218],[141.53469,38.98276],[141.53386,38.98345],[141.53246,38.98307]]]]},"properties":{"林班":"A031","市町村名称":"気仙沼市","旧市町村":null}},
{"type":"Feature","geometry":{"type":"MultiPolygon","coordinates":[[[[141.51257,38.94098],[141.51312,38.9396],[141.51104,38.94074],[141.50994,38.94066],[141.50959,38.94191],[141.50917,38.94238],[141.50807,38.94171],[141.50697,38.94194],[141.50492,38.94156],[141.50483,38.93997],[141.50534,38.93992],[141.50584,38.93972],[141.50604,38.9402],[141.50696,38.94021],[141.50606,38.93886],[141.50866,38.93824],[141.5094,38.9375],[141.51053,38.93767],[141.5108,38.93681],[141.51176,38.93657],[141.5141,38.93773],[141.51255,38.93862],[141.51275,38.93911],[141.51389,38.93944],[141.51471,38.93871],[141.51585,38.93952],[141.51656,38.93865],[141.5172,38.93695],[141.51873,38.93672],[141.5198,38.93782],[141.51968,38.93877],[141.51882,38.94003],[141.51818,38.94026],[141.5178,38.94241],[141.51712,38.94323],[141.51819,38.94464],[141.51711,38.94485],[141.51632,38.94551],[141.51508,38.94585],[141.51407,38.94546],[141.51209,38.94555],[141.512,38.94554],[141.51155,38.94547],[141.51132,38.94541],[141.5103,38.9445],[141.50926,38.9443],[141.50774,38.94352],[141.50666,38.94238],[141.50806,38.94177],[141.50901,38.94247],[141.50948,38.9424],[141.50999,38.94075],[141.51257,38.94098],[141.51326,38.94173],[141.51298,38.94191],[141.51326,38.94173],[141.51342,38.94278],[141.51173,38.94288],[141.51134,38.94395],[141.51352,38.9439],[141.51498,38.94416],[141.51539,38.9426],[141.51394,38.94295],[141.51404,38.94222],[141.51508,38.94138],[141.51618,38.94091],[141.51656,38.94011],[141.51545,38.93994],[141.51495,38.94035],[141.51257,38.94098]]],[[[141.50316,38.93869],[141.50542,38.93935],[141.50531,38.93986],[141.50407,38.94008],[141.50247,38.94055],[141.50083,38.93979],[141.50106,38.93921],[141.50316,38.93869]]]]},"properties":{"林班":"A045","市町村名称":"気仙沼市","旧市町村":null}},
{"type":"Feature","geometry":{"type":"MultiPolygon","coordinates":[[[[141.50468,38.94299],[141.50528,38.94311],[141.50695,38.94441],[141.50634,38.94526],[141.50358,38.94605],[141.50331,38.94512],[141.50407,38.94321],[141.50468,38.94299]]],[[[141.51126,38.95628],[141.50991,38.95641],[141.51015,38.95468],[141.50849,38.95293],[141.50854,38.95103],[141.50782,38.95102],[141.50497,38.95187],[141.50406,38.95107],[141.50348,38.94916],[141.50293,38.94826],[141.50266,38.94657],[141.50406,38.94644],[141.50768,38.94525],[141.50846,38.94555],[141.5097,38.94501],[141.51132,38.94541],[141.51155,38.94547],[141.512,38.94554],[141.51209,38.94555],[141.51205,38.94647],[141.50924,38.94859],[141.50789,38.9486],[141.5082,38.94936],[141.50914,38.9503],[141.51011,38.95032],[141.51025,38.94958],[141.51124,38.94898],[141.51309,38.94687],[141.51407,38.94546],[141.51508,38.94585],[141.51501,38.94653],[141.51702,38.94595],[141.51781,38.94802],[141.51902,38.94917],[141.51669,38.94994],[141.51831,38.95055],[141.51603,38.95095],[141.51554,38.95237],[141.51321,38.95437],[141.51181,38.95608],[141.51126,38.95628]]]]},"properties":{"林班":"A044","市町村名称":"気仙沼市","旧市町村":null}},
{"type":"Feature","geometry":{"type":"MultiPolygon","coordinates":[[[[141.50764,38.92585],[141.50928,38.92466],[141.51021,38.92493],[141.51139,38.92422],[141.51325,38.92378],[141.51396,38.92286],[141.51449,38.92128],[141.51555,38.92113],[141.51705,38.92168],[141.51661,38.92261],[141.51717,38.924],[141.51522,38.92507],[141.51474,38.9257],[141.51332,38.92644],[141.51378,38.92782],[141.51259,38.92727],[141.51252,38.92884],[141.51375,38.92913],[141.51501,38.92791],[141.51672,38.9277],[141.51746,38.92951],[141.51549,38.9307],[141.51539,38.93105],[141.51294,38.93048],[141.51386,38.93026],[141.51333,38.92947],[141.51235,38.92954],[141.5126,38.93043],[141.51101,38.9302],[141.5097,38.93032],[141.50865,38.93076],[141.50592,38.93043],[141.50593,38.92954],[141.50664,38.92737],[141.50764,38.92585]]],[[[141.51833,38.92451],[141.51803,38.9277],[141.51912,38.92862],[141.51793,38.92881],[141.51758,38.92741],[141.51685,38.92673],[141.51692,38.9254],[141.51833,38.92451]]]]},"properties":{"林班":"A047","市町村名称":"気仙沼市","旧市町村":null}},
{"type":"Feature","geometry":{"type":"Polygon","coordinates":[[[141.50106,38.93921],[141.50162,38.93775],[141.50321,38.93709],[141.50451,38.93804],[141.50624,38.93778],[141.50601,38.93677],[141.50472,38.93639],[141.50511,38.93522],[141.50614,38.93518],[141.50757,38.9347],[141.50836,38.93407],[141.50909,38.932],[141.51008,38.93146],[141.5097,38.93032],[141.51101,38.9302],[141.5126,38.93043],[141.51294,38.93048],[141.51539,38.93105],[141.51528,38.93175],[141.51424,38.93193],[141.51392,38.93278],[141.51532,38.93264],[141.51677,38.93328],[141.51563,38.93502],[141.51254,38.93585],[141.50853,38.93543],[141.50973,38.93624],[141.51176,38.93657],[141.5108,38.93681],[141.508,38.93723],[141.50757,38.93776],[141.50483,38.9385],[141.50316,38.93869],[141.50106,38.93921]],[[141.51371,38.93524],[141.51344,38.93418],[141.5119,38.93414],[141.51182,38.93472],[141.51371,38.93524]]]},"properties":{"林班":"A046","市町村名称":"気仙沼市","旧市町村":null}},
{"type":"Feature","geometry":{"type":"MultiPolygon","coordinates":[[[[141.50903,38.91369],[141.50849,38.91304],[141.50992,38.91206],[141.51205,38.91125],[141.51351,38.91135],[141.51418,38.9121],[141.5139,38.91255],[141.51444,38.91249],[141.51457,38.9125],[141.51468,38.91251],[141.51522,38.91259],[141.51522,38.91297],[141.51521,38.91309],[141.51529,38.91317],[141.51564,38.91402],[141.51592,38.91452],[141.51617,38.91459],[141.51584,38.91508],[141.51573,38.91522],[141.51573,38.91542],[141.51573,38.91548],[141.51575,38.91568],[141.51568,38.91642],[141.51567,38.91647],[141.51564,38.91671],[141.51579,38.91799],[141.5159,38.91841],[141.51548,38.91913],[141.51506,38.91953],[141.51454,38.92103],[141.51449,38.92128],[141.51396,38.92286],[141.51325,38.92378],[141.51139,38.92422],[141.51021,38.92493],[141.50928,38.92466],[141.50764,38.92585],[141.50676,38.92393],[141.50712,38.92206],[141.50708,38.92171],[141.50839,38.92077],[141.50935,38.91747],[141.5091,38.91482],[141.50906,38.91433],[141.50904,38.91419],[141.50904,38.9138],[141.50903,38.91369]],[[141.51239,38.9202],[141.51351,38.92047],[141.51271,38.92223],[141.51151,38.92239],[141.51171,38.92299],[141.51307,38.92285],[141.51305,38.92203],[141.51371,38.92111],[141.51399,38.91919],[141.51288,38.91863],[141.51352,38.91748],[141.51418,38.91736],[141.5136,38.91602],[141.51294,38.91651],[141.51282,38.91741],[141.51193,38.91832],[141.51128,38.91839],[141.51094,38.91936],[141.50998,38.91987],[141.50973,38.92083],[141.51058,38.92134],[141.51181,38.92114],[141.51208,38.92053],[141.51239,38.9202]]],[[[141.51506,38.91953],[141.51512,38.92016],[141.5146,38.92089],[141.51506,38.91953]]]]},"properties":{"林班":"A049","市町村名称":"気仙沼市","旧市町村":null}},
{"type":"Feature","geometry":{"type":"Polygon","coordinates":[[[141.51418,38.9121],[141.51494,38.91183],[141.51582,38.91075],[141.51641,38.91129],[141.51728,38.91096],[141.5182,38.9114],[141.51953,38.91132],[141.52068,38.91312],[141.51963,38.91338],[141.5188,38.91418],[141.52003,38.91491],[141.51829,38.91571],[141.51676,38.91607],[141.51764,38.91706],[141.51845,38.91607],[141.52101,38.91613],[141.52217,38.91642],[141.52278,38.91597],[141.52227,38.91504],[141.52283,38.91429],[141.52345,38.91271],[141.52228,38.91232],[141.52283,38.91172],[141.52387,38.91164],[141.52446,38.91102],[141.52618,38.91102],[141.52677,38.91041],[141.52933,38.91071],[141.53033,38.91206],[141.53023,38.91284],[141.52846,38.9138],[141.52668,38.91372],[141.52641,38.91267],[141.52544,38.91327],[141.52541,38.91336],[141.52416,38.91416],[141.52356,38.91574],[141.52356,38.91664],[141.52306,38.9179],[141.52215,38.91817],[141.52008,38.91852],[141.51957,38.91937],[141.51988,38.92027],[141.5182,38.92066],[141.51705,38.92168],[141.51555,38.92113],[141.51449,38.92128],[141.51454,38.92103],[141.5146,38.92089],[141.51512,38.92016],[141.51584,38.9203],[141.51662,38.9194],[141.51548,38.91913],[141.5159,38.91841],[141.51579,38.91799],[141.51564,38.91671],[141.51567,38.91647],[141.51568,38.91642],[141.51575,38.91568],[141.51573,38.91548],[141.51573,38.91542],[141.51573,38.91522],[141.51584,38.91508],[141.51617,38.91459],[141.51592,38.91452],[141.51564,38.91402],[141.51529,38.91317],[141.51521,38.91309],[141.51522,38.91297],[141.51522,38.91259],[141.51468,38.91251],[141.51457,38.9125],[141.51444,38.91249],[141.5139,38.91255],[141.51418,38.9121]]]},"properties":{"林班":"A048","市町村名称":"気仙沼市","旧市町村":null}},
{"type":"Feature","geometry":{"type":"Polygon","coordinates":[[[141.50554,38.97033],[141.50726,38.96911],[141.50803,38.96826],[141.50997,38.96686],[141.51216,38.96555],[141.51334,38.96515],[141.51429,38.96435],[141.51441,38.96429],[141.51534,38.96355],[141.51547,38.96342],[141.5157,38.96284],[141.51603,38.96258],[141.51623,38.96239],[141.51703,38.96217],[141.5181,38.96129],[141.51979,38.96073],[141.52031,38.96006],[141.52145,38.95948],[141.51932,38.96316],[141.5193,38.96406],[141.51739,38.96582],[141.51697,38.96701],[141.51723,38.96783],[141.51525,38.96994],[141.51556,38.97077],[141.5141,38.97301],[141.51343,38.97277],[141.5124,38.97332],[141.51055,38.97313],[141.50806,38.97151],[141.50675,38.97115],[141.50554,38.97033]]]},"properties":{"林班":"A041","市町村名称":"気仙沼市","旧市町村":null}},
{"type":"Feature","geometry":{"type":"Polygon","coordinates":[[[141.4961,38.9702],[141.49714,38.97079],[141.49879,38.97062],[141.50015,38.97095],[141.50164,38.97046],[141.50554,38.97033],[141.50675,38.97115],[141.50806,38.97151],[141.51055,38.97313],[141.5124,38.97332],[141.51343,38.97277],[141.5141,38.97301],[141.51329,38.97483],[141.51089,38.97439],[141.50981,38.97378],[141.50887,38.97379],[141.50801,38.97328],[141.50524,38.97369],[141.50309,38.97424],[141.5042,38.97421],[141.50552,38.97372],[141.50809,38.97337],[141.50903,38.97391],[141.50974,38.97388],[141.51141,38.97473],[141.51171,38.97521],[141.51294,38.97565],[141.51277,38.97674],[141.51267,38.978],[141.51167,38.97785],[141.51017,38.97843],[141.51066,38.97892],[141.50999,38.98004],[141.50746,38.98011],[141.50745,38.97931],[141.50572,38.97917],[141.50581,38.97839],[141.50404,38.97732],[141.50294,38.97635],[141.50101,38.97552],[141.49906,38.97518],[141.49756,38.97534],[141.49411,38.97384],[141.49292,38.97181],[141.49217,38.97096],[141.49317,38.97046],[141.4961,38.9702]]]},"properties":{"林班":"A040","市町村名称":"気仙沼市","旧市町村":null}},
{"type":"Feature","geometry":{"type":"Polygon","coordinates":[[[141.51126,38.95628],[141.51181,38.95608],[141.51321,38.95437],[141.51554,38.95237],[141.51603,38.95095],[141.51831,38.95055],[141.51744,38.95297],[141.51787,38.95433],[141.51783,38.95601],[141.5189,38.95657],[141.51619,38.95821],[141.51764,38.95941],[141.51714,38.96036],[141.51638,38.96058],[141.51615,38.95962],[141.51459,38.95853],[141.51164,38.95685],[141.51126,38.95628]]]},"properties":{"林班":"A043","市町村名称":"気仙沼市","旧市町村":null}},
{"type":"Feature","geometry":{"type":"MultiPolygon","coordinates":[[[[141.4961,38.9702],[141.49793,38.96878],[141.49997,38.96833],[141.5009,38.96772],[141.50067,38.96633],[141.4997,38.96505],[141.49961,38.96405],[141.50012,38.96301],[141.50374,38.9616],[141.50459,38.96065],[141.50346,38.95915],[141.50386,38.95836],[141.5052,38.95891],[141.50571,38.95954],[141.50723,38.96016],[141.5082,38.96004],[141.51007,38.96044],[141.5113,38.96146],[141.51211,38.96162],[141.51454,38.96124],[141.51504,38.96079],[141.51709,38.96048],[141.51801,38.96055],[141.5181,38.96129],[141.51703,38.96217],[141.51623,38.96239],[141.51603,38.96258],[141.5157,38.96284],[141.51547,38.96342],[141.51534,38.96355],[141.51441,38.96429],[141.51429,38.96435],[141.51334,38.96515],[141.51216,38.96555],[141.50997,38.96686],[141.50803,38.96826],[141.50726,38.96911],[141.50554,38.97033],[141.50164,38.97046],[141.50015,38.97095],[141.49879,38.97062],[141.49714,38.97079],[141.4961,38.9702]]],[[[141.52031,38.96006],[141.52028,38.95927],[141.52145,38.95948],[141.52031,38.96006]]]]},"properties":{"林班":"A042","市町村名称":"気仙沼市","旧市町村":null}},
{"type":"Feature","geometry":{"type":"MultiPolygon","coordinates":[[[[141.54491,38.92835],[141.54408,38.92746],[141.54307,38.92586],[141.5438,38.92429],[141.54367,38.9227],[141.54409,38.92142],[141.54465,38.92105],[141.54604,38.92118],[141.54799,38.92213],[141.55054,38.92487],[141.55246,38.92598],[141.55296,38.92699],[141.55425,38.92827],[141.55307,38.92846],[141.55276,38.92859],[141.55268,38.92855],[141.55197,38.92805],[141.55128,38.92698],[141.55001,38.92583],[141.54933,38.92629],[141.54858,38.92679],[141.55027,38.92818],[141.5501,38.92856],[141.54698,38.92966],[141.54598,38.92996],[141.5458,38.92874],[141.54568,38.92847],[141.54526,38.92836],[141.54491,38.92835]]],[[[141.55611,38.92908],[141.55562,38.92842],[141.55671,38.92809],[141.55775,38.92956],[141.55611,38.92908]]]]},"properties":{"林班":"A012","市町村名称":"気仙沼市","旧市町村":null}},
{"type":"Feature","geometry":{"type":"Polygon","coordinates":[[[141.542,38.91919],[141.54266,38.91854],[141.54454,38.91897],[141.54497,38.91953],[141.54616,38.9193],[141.54717,38.9186],[141.5475,38.91717],[141.54891,38.91849],[141.54916,38.9179],[141.54819,38.91702],[141.54837,38.91604],[141.55067,38.91474],[141.5518,38.91465],[141.55163,38.91369],[141.55225,38.91302],[141.55236,38.91309],[141.55268,38.91345],[141.55256,38.9141],[141.55362,38.91529],[141.55423,38.91523],[141.55494,38.91554],[141.55569,38.91703],[141.55715,38.91786],[141.55868,38.91943],[141.56022,38.91947],[141.56022,38.92098],[141.55977,38.92283],[141.55884,38.92446],[141.55992,38.92574],[141.56028,38.9271],[141.56165,38.9277],[141.56126,38.92906],[141.56001,38.93009],[141.55875,38.93027],[141.55593,38.92955],[141.55466,38.92981],[141.55383,38.9296],[141.55277,38.9286],[141.55307,38.92846],[141.55425,38.92827],[141.55296,38.92699],[141.55246,38.92598],[141.55054,38.92487],[141.54799,38.92213],[141.54604,38.92118],[141.54465,38.92105],[141.54317,38.92156],[141.54176,38.92125],[141.54134,38.9207],[141.54203,38.91965],[141.542,38.91919]],[[141.55611,38.92908],[141.55775,38.92956],[141.55671,38.92809],[141.55562,38.92842],[141.55611,38.92908]]]},"properties":{"林班":"A011","市町村名称":"気仙沼市","旧市町村":null}},
{"type":"Feature","geometry":{"type":"MultiPolygon","coordinates":[[[[141.54266,38.92877],[141.54127,38.92752],[141.54182,38.92628],[141.54293,38.9277],[141.54435,38.92851],[141.54491,38.92835],[141.54526,38.92836],[141.54568,38.92847],[141.5458,38.92874],[141.5453,38.92899],[141.54588,38.93005],[141.54734,38.93036],[141.54799,38.93071],[141.54789,38.93175],[141.54965,38.93276],[141.54883,38.93336],[141.54819,38.93476],[141.54921,38.93518],[141.54982,38.934],[141.55093,38.93437],[141.55077,38.93591],[141.55035,38.93663],[141.55052,38.93785],[141.55059,38.93792],[141.55265,38.93908],[141.55324,38.93995],[141.55334,38.94014],[141.55339,38.94025],[141.55349,38.94037],[141.55167,38.9427],[141.55105,38.94188],[141.54945,38.94148],[141.54901,38.94082],[141.54763,38.93784],[141.54785,38.93736],[141.54698,38.93644],[141.54696,38.93632],[141.54601,38.93531],[141.54582,38.93407],[141.54502,38.93364],[141.54436,38.93229],[141.54412,38.9297],[141.54357,38.92876],[141.54266,38.92877]]],[[[141.54971,38.9327],[141.54815,38.93171],[141.54988,38.93205],[141.54971,38.9327]]]]},"properties":{"林班":"A014","市町村名称":"気仙沼市","旧市町村":null}},
{"type":"Feature","geometry":{"type":"Polygon","coordinates":[[[141.54933,38.92629],[141.55001,38.92583],[141.55128,38.92698],[141.55197,38.92805],[141.55268,38.92855],[141.55276,38.92859],[141.55277,38.9286],[141.55383,38.9296],[141.55466,38.92981],[141.55593,38.92955],[141.55875,38.93027],[141.56001,38.93009],[141.56144,38.93179],[141.56034,38.93399],[141.55949,38.93507],[141.55905,38.9363],[141.55904,38.93746],[141.55761,38.93884],[141.55631,38.93912],[141.55527,38.93974],[141.55405,38.94112],[141.55196,38.94304],[141.55167,38.9427],[141.55349,38.94037],[141.55339,38.94025],[141.55334,38.94014],[141.55324,38.93995],[141.55265,38.93908],[141.55059,38.93792],[141.55052,38.93785],[141.55035,38.93663],[141.55077,38.93591],[141.55093,38.93437],[141.54982,38.934],[141.54921,38.93518],[141.54819,38.93476],[141.54883,38.93336],[141.54965,38.93276],[141.54971,38.9327],[141.54988,38.93205],[141.54815,38.93171],[141.54789,38.93175],[141.54799,38.93071],[141.54734,38.93036],[141.54698,38.92966],[141.5501,38.92856],[141.55027,38.92818],[141.54858,38.92679],[141.54933,38.92629]]]},"properties":{"林班":"A013","市町村名称":"気仙沼市","旧市町村":null}},
{"type":"Feature","geometry":{"type":"MultiPolygon","coordinates":[[[[141.53618,38.94459],[141.53701,38.9439],[141.53774,38.94272],[141.53772,38.94141],[141.53693,38.94111],[141.53688,38.94027],[141.53856,38.93967],[141.53894,38.93883],[141.53642,38.93956],[141.53501,38.93805],[141.53463,38.93716],[141.53648,38.93666],[141.53905,38.93761],[141.54172,38.93808],[141.54308,38.93892],[141.54406,38.94],[141.54445,38.9411],[141.54708,38.94159],[141.54905,38.94166],[141.54945,38.94148],[141.55105,38.94188],[141.55167,38.9427],[141.55196,38.94304],[141.55173,38.94429],[141.55056,38.94515],[141.54983,38.94622],[141.54547,38.94542],[141.54362,38.94478],[141.54254,38.94548],[141.54183,38.94541],[141.5413,38.94423],[141.53994,38.94397],[141.53866,38.94498],[141.53722,38.94467],[141.53641,38.94481],[141.53618,38.94459]]],[[[141.53487,38.93912],[141.5364,38.94012],[141.53619,38.9408],[141.53751,38.94175],[141.53546,38.94164],[141.53466,38.94188],[141.53384,38.94245],[141.53283,38.94256],[141.53217,38.94082],[141.53087,38.94075],[141.53062,38.94033],[141.53205,38.93981],[141.53309,38.94017],[141.53487,38.93912]]],[[[141.53503,38.94177],[141.53658,38.94181],[141.53722,38.9422],[141.53655,38.94291],[141.53508,38.94325],[141.53412,38.94263],[141.53503,38.94177]]]]},"properties":{"林班":"A016","市町村名称":"気仙沼市","旧市町村":null}},
{"type":"Feature","geometry":{"type":"Polygon","coordinates":[[[141.54122,38.93439],[141.53968,38.93436],[141.53772,38.9329],[141.53858,38.93195],[141.54045,38.93285],[141.54092,38.93188],[141.54002,38.9318],[141.53945,38.93101],[141.54047,38.93007],[141.54097,38.92882],[141.54269,38.92885],[141.54266,38.92877],[141.54357,38.92876],[141.54412,38.9297],[141.54436,38.93229],[141.54502,38.93364],[141.54582,38.93407],[141.54601,38.93531],[141.54696,38.93632],[141.54698,38.93644],[141.54785,38.93736],[141.54763,38.93784],[141.54901,38.94082],[141.54905,38.94166],[141.54708,38.94159],[141.54445,38.9411],[141.54406,38.94],[141.54308,38.93892],[141.54172,38.93808],[141.53905,38.93761],[141.53648,38.93666],[141.53463,38.93716],[141.5366,38.93541],[141.53753,38.93517],[141.53824,38.93441],[141.53892,38.93465],[141.54122,38.93439]]]},"properties":{"林班":"A015","市町村名称":"気仙沼市","旧市町村":null}},
{"type":"Feature","geometry":{"type":"MultiPolygon","coordinates":[[[[141.52578,38.94362],[141.52741,38.94306],[141.52843,38.94201],[141.53015,38.94144],[141.5304,38.9408],[141.53151,38.94085],[141.53199,38.94251],[141.53148,38.94376],[141.53069,38.94468],[141.53154,38.94513],[141.53098,38.94657],[141.5313,38.94802],[141.53056,38.94881],[141.52879,38.9492],[141.52865,38.95005],[141.52728,38.95158],[141.5259,38.95109],[141.52568,38.95158],[141.52557,38.95257],[141.52494,38.95181],[141.52529,38.95092],[141.52626,38.95087],[141.52646,38.9504],[141.52582,38.94912],[141.52526,38.94829],[141.52507,38.94667],[141.52546,38.94588],[141.5251,38.94446],[141.52536,38.94403],[141.52578,38.94362]]],[[[141.52342,38.95692],[141.52556,38.95286],[141.5258,38.95135],[141.52611,38.95123],[141.5274,38.95169],[141.52938,38.94923],[141.53126,38.94889],[141.53135,38.94972],[141.53095,38.9512],[141.53032,38.95197],[141.52937,38.95436],[141.5271,38.95458],[141.52764,38.95528],[141.52683,38.95678],[141.52664,38.95698],[141.52628,38.95731],[141.52612,38.95751],[141.52594,38.95792],[141.52486,38.95979],[141.5229,38.95998],[141.52285,38.9599],[141.52308,38.9598],[141.52401,38.95895],[141.52362,38.95751],[141.52342,38.95692]]]]},"properties":{"林班":"A018","市町村名称":"気仙沼市","旧市町村":null}},
{"type":"Feature","geometry":{"type":"MultiPolygon","coordinates":[[[[141.53641,38.94481],[141.53652,38.94509],[141.53485,38.94645],[141.5339,38.94624],[141.53214,38.94703],[141.53177,38.94617],[141.53193,38.94471],[141.5329,38.94288],[141.53357,38.94385],[141.53539,38.94493],[141.53618,38.94459],[141.53641,38.94481]]],[[[141.53297,38.95233],[141.53324,38.9529],[141.53196,38.95356],[141.53064,38.95287],[141.53104,38.95234],[141.53297,38.95233]]],[[[141.52955,38.95509],[141.52995,38.95436],[141.5318,38.95493],[141.53292,38.95407],[141.53352,38.95454],[141.53499,38.95653],[141.5338,38.95698],[141.5334,38.95803],[141.53243,38.95794],[141.53071,38.95643],[141.52955,38.95509]]],[[[141.53228,38.95096],[141.53329,38.95187],[141.53245,38.95232],[141.53228,38.95096]]],[[[141.5353,38.94748],[141.536,38.94881],[141.53525,38.94914],[141.53427,38.94796],[141.5353,38.94748]]]]},"properties":{"林班":"A017","市町村名称":"気仙沼市","旧市町村":null}},
{"type":"Feature","geometry":{"type":"Polygon","coordinates":[[[141.52514,38.93533],[141.52662,38.93515],[141.53076,38.93562],[141.5327,38.93626],[141.53435,38.93554],[141.53487,38.93467],[141.53559,38.93464],[141.53542,38.93565],[141.5339,38.93692],[141.53459,38.93856],[141.5343,38.93893],[141.53172,38.9396],[141.52999,38.94037],[141.5304,38.9408],[141.53015,38.94144],[141.52843,38.94201],[141.52741,38.94306],[141.52578,38.94362],[141.52537,38.94203],[141.5252,38.93984],[141.52559,38.93909],[141.52524,38.93725],[141.52512,38.93655],[141.52536,38.93548],[141.52514,38.93533]]]},"properties":{"林班":"A019","市町村名称":"気仙沼市","旧市町村":null}},
{"type":"Feature","geometry":{"type":"MultiPolygon","coordinates":[[[[141.5576,38.91716],[141.55804,38.91637],[141.5576,38.91555],[141.5585,38.91512],[141.5597,38.91512],[141.55846,38.91554],[141.55827,38.91705],[141.5576,38.91716]]],[[[141.5606,38.91508],[141.56209,38.91667],[141.56264,38.91684],[141.56303,38.91671],[141.56347,38.91673],[141.56372,38.91686],[141.56398,38.9168],[141.56368,38.91582],[141.56438,38.91359],[141.56455,38.91444],[141.56544,38.91641],[141.56592,38.9169],[141.56534,38.91786],[141.56381,38.91797],[141.56169,38.91854],[141.56152,38.91903],[141.56022,38.91947],[141.55868,38.91943],[141.55715,38.91786],[141.55758,38.91728],[141.55879,38.91715],[141.55834,38.91658],[141.5586,38.91572],[141.55963,38.91583],[141.55978,38.91508],[141.55989,38.91508],[141.56033,38.91539],[141.5606,38.91508]]],[[[141.56115,38.91434],[141.56245,38.91491],[141.56241,38.91389],[141.56187,38.91311],[141.56219,38.91196],[141.56342,38.91171],[141.56422,38.91176],[141.56425,38.91291],[141.56432,38.91343],[141.5638,38.91461],[141.56362,38.91588],[141.56392,38.91681],[141.56309,38.91664],[141.56217,38.91666],[141.56062,38.91504],[141.56115,38.91434]]]]},"properties":{"林班":"A010","市町村名称":"気仙沼市","旧市町村":null}},
{"type":"Feature","geometry":{"type":"Polygon","coordinates":[[[141.5295,38.92004],[141.53081,38.91872],[141.53233,38.91615],[141.53321,38.91504],[141.5357,38.91524],[141.5375,38.91509],[141.53825,38.91474],[141.53917,38.91365],[141.54009,38.91327],[141.54197,38.91386],[141.54262,38.91432],[141.5424,38.91471],[141.54234,38.91504],[141.54255,38.91561],[141.5417,38.91542],[141.54097,38.9159],[141.54024,38.9165],[141.5391,38.91684],[141.53827,38.916],[141.537,38.91737],[141.5346,38.91768],[141.53316,38.91967],[141.53201,38.92048],[141.5303,38.92206],[141.52851,38.92198],[141.52898,38.92095],[141.52898,38.92092],[141.52946,38.9201],[141.5295,38.92004]]]},"properties":{"林班":"A023","市町村名称":"気仙沼市","旧市町村":null}},
{"type":"Feature","geometry":{"type":"Polygon","coordinates":[[[141.5303,38.92206],[141.53201,38.92048],[141.53316,38.91967],[141.5346,38.91768],[141.537,38.91737],[141.53831,38.91832],[141.53988,38.91722],[141.54024,38.9165],[141.54097,38.9159],[141.54255,38.91561],[141.54234,38.91504],[141.5424,38.91471],[141.54262,38.91432],[141.54408,38.91443],[141.54534,38.91571],[141.54485,38.91675],[141.54375,38.91794],[141.5419,38.91789],[141.542,38.91919],[141.54203,38.91965],[141.54099,38.92031],[141.54094,38.92083],[141.54193,38.92189],[141.54134,38.9245],[141.54027,38.92536],[141.53984,38.92501],[141.53899,38.92497],[141.53825,38.92585],[141.53722,38.92575],[141.5363,38.92596],[141.53339,38.92342],[141.53176,38.9231],[141.53151,38.92251],[141.53031,38.92274],[141.52975,38.92232],[141.5303,38.92206]]]},"properties":{"林班":"A022","市町村名称":"気仙沼市","旧市町村":null}},
{"type":"Feature","geometry":{"type":"MultiPolygon","coordinates":[[[[141.5243,38.92446],[141.52552,38.92354],[141.52315,38.92315],[141.52239,38.92233],[141.5219,38.92001],[141.52086,38.9199],[141.52088,38.9192],[141.52215,38.91817],[141.52306,38.9179],[141.52356,38.91664],[141.52356,38.91574],[141.52416,38.91416],[141.52541,38.91336],[141.52516,38.91447],[141.52575,38.91593],[141.52569,38.91784],[141.5268,38.91809],[141.52651,38.92004],[141.52642,38.92014],[141.52582,38.92099],[141.52573,38.92106],[141.52569,38.92114],[141.52564,38.92141],[141.52555,38.9223],[141.52685,38.92258],[141.52856,38.92387],[141.52865,38.92452],[141.52733,38.92553],[141.52671,38.92646],[141.52542,38.92597],[141.5241,38.9251],[141.5243,38.92446]]],[[[141.51877,38.9237],[141.51742,38.92275],[141.51784,38.92157],[141.51904,38.92164],[141.52068,38.92087],[141.52076,38.92166],[141.52331,38.92362],[141.52426,38.92339],[141.5243,38.92446],[141.52355,38.9249],[141.52179,38.92394],[141.52029,38.92372],[141.51877,38.9237]]],[[[141.52851,38.92198],[141.52747,38.92238],[141.52898,38.92095],[141.52851,38.92198]]],[[[141.52826,38.92335],[141.52739,38.92271],[141.52833,38.92223],[141.52826,38.92335]]],[[[141.52664,38.92661],[141.52769,38.9263],[141.52766,38.92554],[141.52862,38.92466],[141.52818,38.92592],[141.52734,38.92671],[141.5273,38.92681],[141.52729,38.92682],[141.52664,38.92661]]]]},"properties":{"林班":"A025","市町村名称":"気仙沼市","旧市町村":null}},
{"type":"Feature","geometry":{"type":"Polygon","coordinates":[[[141.52544,38.91327],[141.52706,38.91592],[141.52783,38.91634],[141.52917,38.91572],[141.52905,38.91408],[141.53116,38.91305],[141.53245,38.91389],[141.53321,38.91504],[141.53233,38.91615],[141.53092,38.91845],[141.52945,38.91946],[141.5295,38.92004],[141.52946,38.9201],[141.52898,38.92092],[141.52898,38.92095],[141.52747,38.92238],[141.52685,38.92258],[141.52555,38.9223],[141.52564,38.92141],[141.52569,38.92114],[141.52573,38.92106],[141.52582,38.92099],[141.52642,38.92014],[141.52651,38.92004],[141.5268,38.91809],[141.52569,38.91784],[141.52575,38.91593],[141.52516,38.91447],[141.52541,38.91336],[141.52544,38.91327]]]},"properties":{"林班":"A024","市町村名称":"気仙沼市","旧市町村":null}},
{"type":"Feature","geometry":{"type":"MultiPolygon","coordinates":[[[[141.52582,38.94912],[141.52385,38.94902],[141.5229,38.94846],[141.52315,38.94747],[141.52093,38.94627],[141.52178,38.94534],[141.52157,38.94366],[141.51976,38.94264],[141.5211,38.94214],[141.52425,38.94304],[141.52536,38.94403],[141.5251,38.94446],[141.52546,38.94588],[141.52507,38.94667],[141.52526,38.94829],[141.52582,38.94912]]],[[[141.52342,38.95692],[141.52101,38.95648],[141.51998,38.95668],[141.52014,38.95502],[141.5218,38.95536],[141.5231,38.95509],[141.52101,38.95383],[141.52255,38.95331],[141.52304,38.95221],[141.52471,38.95284],[141.52556,38.95286],[141.52342,38.95692]]],[[[141.52308,38.9598],[141.52247,38.95847],[141.52174,38.95803],[141.5204,38.95785],[141.52031,38.95711],[141.52125,38.95698],[141.52362,38.95751],[141.52401,38.95895],[141.52308,38.9598]]],[[[141.52557,38.95257],[141.52462,38.95271],[141.52305,38.95214],[141.52233,38.95129],[141.52259,38.94987],[141.52408,38.94968],[141.52551,38.95004],[141.52626,38.95087],[141.52529,38.95092],[141.52494,38.95181],[141.52557,38.95257]]]]},"properties":{"林班":"A027","市町村名称":"気仙沼市","旧市町村":null}},
{"type":"Feature","geometry":{"type":"MultiPolygon","coordinates":[[[[141.52473,38.93546],[141.52449,38.93564],[141.52338,38.9378],[141.52388,38.93522],[141.52282,38.93451],[141.51879,38.93274],[141.51755,38.93288],[141.51703,38.93205],[141.51678,38.93085],[141.51973,38.92927],[141.52014,38.92871],[141.51889,38.9276],[141.51883,38.92632],[141.51955,38.92549],[141.5191,38.92504],[141.51877,38.9237],[141.52029,38.92372],[141.52235,38.92507],[141.52333,38.92737],[141.52474,38.92612],[141.52664,38.92661],[141.52729,38.92682],[141.52724,38.92709],[141.52703,38.92859],[141.52743,38.92935],[141.52772,38.93184],[141.52656,38.93317],[141.52538,38.93349],[141.52378,38.93347],[141.52467,38.9347],[141.52473,38.93546]]],[[[141.5211,38.94214],[141.52159,38.94104],[141.5217,38.9399],[141.52282,38.93918],[141.52441,38.93586],[141.52514,38.93533],[141.52536,38.93548],[141.52512,38.93655],[141.52524,38.93725],[141.52559,38.93909],[141.5252,38.93984],[141.52537,38.94203],[141.52578,38.94362],[141.52536,38.94403],[141.52425,38.94304],[141.5211,38.94214]]]]},"properties":{"林班":"A026","市町村名称":"気仙沼市","旧市町村":null}},
{"type":"Feature","geometry":{"type":"MultiPolygon","coordinates":[[[[141.52809,38.96439],[141.52785,38.96336],[141.52667,38.96287],[141.52488,38.96259],[141.52285,38.96185],[141.52207,38.96094],[141.52285,38.9599],[141.5229,38.95998],[141.52295,38.96006],[141.52351,38.96112],[141.52557,38.96207],[141.52886,38.96302],[141.53011,38.96269],[141.53092,38.96212],[141.53218,38.96219],[141.53329,38.96279],[141.53399,38.96356],[141.53488,38.9638],[141.53774,38.9634],[141.53932,38.96346],[141.54089,38.96451],[141.54189,38.96608],[141.54254,38.96802],[141.54332,38.96959],[141.54322,38.97066],[141.54301,38.97256],[141.54193,38.9724],[141.53965,38.97039],[141.53636,38.96963],[141.53575,38.96931],[141.53578,38.9681],[141.53422,38.96736],[141.53383,38.96741],[141.53008,38.96633],[141.52942,38.96512],[141.52827,38.96449],[141.52809,38.96439]]],[[[141.53451,38.96765],[141.53577,38.96814],[141.53574,38.96864],[141.53451,38.96765]]]]},"properties":{"林班":"A029","市町村名称":"気仙沼市","旧市町村":null}},
{"type":"Feature","geometry":{"type":"Polygon","coordinates":[[[141.52683,38.95678],[141.52909,38.95639],[141.52925,38.95717],[141.53023,38.95711],[141.52924,38.95554],[141.52955,38.95509],[141.53071,38.95643],[141.53243,38.95794],[141.5334,38.95803],[141.53531,38.95863],[141.53581,38.95961],[141.53685,38.96014],[141.53895,38.96095],[141.53951,38.96169],[141.5397,38.96292],[141.53932,38.96346],[141.53774,38.9634],[141.53488,38.9638],[141.53399,38.96356],[141.53329,38.96279],[141.53218,38.96219],[141.53092,38.96212],[141.53011,38.96269],[141.52886,38.96302],[141.52557,38.96207],[141.52351,38.96112],[141.52295,38.96006],[141.52408,38.96084],[141.52756,38.96018],[141.52861,38.96043],[141.53022,38.96026],[141.53255,38.96083],[141.53362,38.96087],[141.53022,38.96021],[141.52949,38.96032],[141.52744,38.95955],[141.52486,38.95979],[141.52594,38.95792],[141.52612,38.95751],[141.52628,38.95731],[141.52664,38.95698],[141.52683,38.95678]]]},"properties":{"林班":"A028","市町村名称":"気仙沼市","旧市町村":null}},
{"type":"Feature","geometry":{"type":"Polygon","coordinates":[[[141.53722,38.92575],[141.53825,38.92585],[141.53899,38.92497],[141.53984,38.92501],[141.53995,38.9254],[141.54136,38.92617],[141.541,38.92679],[141.54093,38.92829],[141.54019,38.92802],[141.5401,38.92948],[141.53858,38.93195],[141.53716,38.93222],[141.53622,38.93141],[141.53556,38.93029],[141.53566,38.9297],[141.53494,38.92823],[141.53576,38.92744],[141.53656,38.92593],[141.53722,38.92575]]]},"properties":{"林班":"A021","市町村名称":"気仙沼市","旧市町村":null}},
{"type":"Feature","geometry":{"type":"Polygon","coordinates":[[[141.52975,38.92232],[141.53031,38.92274],[141.53151,38.92251],[141.53176,38.9231],[141.53339,38.92342],[141.5363,38.92596],[141.53527,38.92656],[141.53576,38.92744],[141.53494,38.92823],[141.53446,38.92875],[141.53508,38.92945],[141.53467,38.93034],[141.53561,38.93173],[141.53545,38.93286],[141.53613,38.93329],[141.53559,38.93464],[141.53487,38.93467],[141.53435,38.93554],[141.5327,38.93626],[141.53102,38.93543],[141.52927,38.93487],[141.53033,38.93363],[141.53106,38.93307],[141.53182,38.93307],[141.53179,38.93241],[141.53124,38.93095],[141.53199,38.93065],[141.53172,38.9298],[141.53253,38.9297],[141.53281,38.92917],[141.53108,38.92798],[141.53007,38.9282],[141.53108,38.92823],[141.53251,38.92937],[141.53138,38.92988],[141.53166,38.93053],[141.53094,38.93091],[141.53132,38.93138],[141.53089,38.93201],[141.53164,38.93284],[141.53061,38.93288],[141.53026,38.93352],[141.52858,38.93398],[141.52741,38.93502],[141.52658,38.93487],[141.52571,38.93508],[141.52473,38.93546],[141.52467,38.9347],[141.52378,38.93347],[141.52538,38.93349],[141.52656,38.93317],[141.52772,38.93184],[141.52743,38.92935],[141.52703,38.92859],[141.52724,38.92709],[141.5273,38.92681],[141.52734,38.92671],[141.52818,38.92592],[141.52862,38.92466],[141.529,38.92421],[141.52826,38.92335],[141.52833,38.92223],[141.52975,38.92232]]]},"properties":{"林班":"A020","市町村名称":"気仙沼市","旧市町村":null}},
{"type":"Feature","geometry":{"type":"MultiPolygon","coordinates":[[[[141.53495,38.88564],[141.53354,38.88567],[141.53353,38.88562],[141.53346,38.88553],[141.5335,38.88543],[141.53361,38.88544],[141.53369,38.88543],[141.53458,38.88558],[141.53495,38.88564]]],[[[141.53355,38.88571],[141.5333,38.88594],[141.53347,38.88578],[141.53355,38.88571]]],[[[141.53312,38.88637],[141.53457,38.88703],[141.53557,38.8882],[141.53738,38.88804],[141.53596,38.8871],[141.53658,38.88608],[141.5391,38.88675],[141.53987,38.88638],[141.54123,38.88675],[141.5415,38.88722],[141.54094,38.88804],[141.54107,38.88892],[141.54257,38.88847],[141.54368,38.88859],[141.54406,38.88922],[141.54503,38.88905],[141.54503,38.89137],[141.54344,38.89126],[141.54213,38.89075],[141.54094,38.89223],[141.53982,38.8911],[141.53781,38.89085],[141.53623,38.89026],[141.53483,38.88836],[141.5332,38.88771],[141.53312,38.88637]]],[[[141.54296,38.89362],[141.54275,38.89284],[141.54383,38.8923],[141.54631,38.89357],[141.54482,38.89423],[141.54418,38.89487],[141.54509,38.89533],[141.5457,38.8962],[141.54436,38.89564],[141.54408,38.89544],[141.54296,38.89362]]]]},"properties":{"林班":"A001","市町村名称":"気仙沼市","旧市町村":null}},
{"type":"Feature","geometry":{"type":"Polygon","coordinates":[[[141.55863,38.8926],[141.55852,38.89277],[141.55812,38.89262],[141.55815,38.8925],[141.55863,38.8926]]]},"properties":{"林班":"A003","市町村名称":"気仙沼市","旧市町村":null}},
{"type":"Feature","geometry":{"type":"MultiPolygon","coordinates":[[[[141.54986,38.89525],[141.55135,38.89585],[141.55213,38.8954],[141.55344,38.89578],[141.55432,38.89639],[141.55374,38.89706],[141.55392,38.89855],[141.55535,38.89825],[141.55577,38.89893],[141.55745,38.89943],[141.55631,38.9],[141.55505,38.89993],[141.55354,38.90046],[141.5524,38.89806],[141.55285,38.89709],[141.54986,38.89525]]],[[[141.54878,38.89809],[141.54955,38.89725],[141.55023,38.89734],[141.55006,38.8992],[141.54945,38.89894],[141.54922,38.89834],[141.54878,38.89809]]]]},"properties":{"林班":"A002","市町村名称":"気仙沼市","旧市町村":null}},
{"type":"Feature","geometry":{"type":"MultiPolygon","coordinates":[[[[141.53715,38.8836],[141.53757,38.88299],[141.53976,38.88236],[141.54149,38.88309],[141.54248,38.88291],[141.54538,38.88181],[141.5447,38.88263],[141.54582,38.88304],[141.54742,38.88498],[141.55026,38.88605],[141.55052,38.88757],[141.55101,38.8885],[141.55104,38.88953],[141.55257,38.89011],[141.55232,38.89093],[141.55131,38.89133],[141.55024,38.89118],[141.54957,38.89061],[141.54963,38.88951],[141.54806,38.8905],[141.5458,38.88917],[141.54612,38.8889],[141.5434,38.88617],[141.54267,38.88505],[141.54165,38.88517],[141.54116,38.8858],[141.53904,38.88608],[141.53763,38.88467],[141.53858,38.88439],[141.53826,38.88351],[141.53715,38.8836]]],[[[141.53269,38.88589],[141.53329,38.88503],[141.53495,38.88564],[141.53458,38.88558],[141.53369,38.88543],[141.53361,38.88544],[141.5335,38.88543],[141.53346,38.88553],[141.53353,38.88562],[141.53354,38.88567],[141.53355,38.88571],[141.53347,38.88578],[141.5333,38.88594],[141.53299,38.88609],[141.5327,38.88595],[141.53269,38.88589]]]]},"properties":{"林班":"A004","市町村名称":"気仙沼市","旧市町村":null}},
{"type":"Feature","geometry":{"type":"MultiPolygon","coordinates":[[[[141.56648,38.90692],[141.56778,38.90741],[141.56655,38.90841],[141.56506,38.90796],[141.56648,38.90692]]],[[[141.5644,38.90793],[141.56543,38.90989],[141.56501,38.9104],[141.56378,38.90933],[141.56308,38.90801],[141.5644,38.90793]]],[[[141.56576,38.91233],[141.56523,38.91118],[141.56734,38.91163],[141.56852,38.91207],[141.56849,38.91251],[141.56648,38.91215],[141.56576,38.91233]]],[[[141.56673,38.91032],[141.56802,38.91],[141.56739,38.90849],[141.56806,38.90751],[141.56938,38.90767],[141.56873,38.90951],[141.5706,38.90993],[141.57131,38.91031],[141.57288,38.90925],[141.57311,38.9105],[141.57172,38.91221],[141.5714,38.9116],[141.56996,38.91242],[141.56927,38.91081],[141.56825,38.9109],[141.56673,38.91032]]]]},"properties":{"林班":"A007","市町村名称":"気仙沼市","旧市町村":null}},
{"type":"Feature","geometry":{"type":"Polygon","coordinates":[[[141.57068,38.90592],[141.57149,38.90511],[141.57176,38.90528],[141.57068,38.90592]]]},"properties":{"林班":"A006","市町村名称":"気仙沼市","旧市町村":null}},
{"type":"Feature","geometry":{"type":"MultiPolygon","coordinates":[[[[141.56734,38.91163],[141.56673,38.91032],[141.56825,38.9109],[141.56927,38.91081],[141.56996,38.91242],[141.5714,38.9116],[141.57172,38.91221],[141.57291,38.91257],[141.57344,38.91298],[141.57225,38.91308],[141.57189,38.91306],[141.57098,38.91336],[141.57082,38.91326],[141.57098,38.91265],[141.57088,38.91241],[141.56991,38.91265],[141.56939,38.91186],[141.56888,38.91168],[141.56852,38.91207],[141.56734,38.91163]]],[[[141.56425,38.91291],[141.56576,38.91233],[141.56648,38.91215],[141.56849,38.91251],[141.5678,38.91371],[141.56738,38.91313],[141.56695,38.91313],[141.56655,38.91456],[141.56623,38.91464],[141.56567,38.91417],[141.56514,38.91407],[141.56432,38.91343],[141.56425,38.91291]]],[[[141.56438,38.91359],[141.56499,38.91406],[141.56573,38.91427],[141.56623,38.9147],[141.56649,38.91473],[141.56668,38.91441],[141.56702,38.91314],[141.56775,38.91374],[141.56808,38.91379],[141.56854,38.91252],[141.56859,38.91209],[141.56933,38.91186],[141.56969,38.91272],[141.57091,38.91253],[141.57077,38.91331],[141.57093,38.91342],[141.57196,38.91312],[141.57239,38.91343],[141.57308,38.9136],[141.57385,38.91415],[141.57293,38.91485],[141.57048,38.91538],[141.56932,38.915],[141.56796,38.91642],[141.56592,38.9169],[141.56544,38.91641],[141.56455,38.91444],[141.56438,38.91359]]]]},"properties":{"林班":"A009","市町村名称":"気仙沼市","旧市町村":null}},
{"type":"Feature","geometry":{"type":"MultiPolygon","coordinates":[[[[141.55225,38.91302],[141.55309,38.9126],[141.55423,38.9137],[141.55304,38.91459],[141.55256,38.9141],[141.55268,38.91345],[141.55236,38.91309],[141.55225,38.91302]]],[[[141.55423,38.91523],[141.55464,38.91443],[141.55559,38.91561],[141.55624,38.91328],[141.55794,38.91342],[141.55873,38.91316],[141.55929,38.91165],[141.55982,38.91133],[141.56059,38.91274],[141.56051,38.91364],[141.56115,38.91434],[141.56062,38.91504],[141.55998,38.91482],[141.5597,38.91512],[141.5585,38.91512],[141.5576,38.91555],[141.55804,38.91637],[141.5576,38.91716],[141.55758,38.91728],[141.55715,38.91786],[141.55569,38.91703],[141.55494,38.91554],[141.55423,38.91523]]],[[[141.5606,38.91508],[141.56033,38.91539],[141.55989,38.91508],[141.55978,38.91508],[141.55997,38.91485],[141.5606,38.91508]]]]},"properties":{"林班":"A008","市町村名称":"気仙沼市","旧市町村":null}},
{"type":"Feature","geometry":{"type":"Polygon","coordinates":[[[141.40401,38.72976],[141.40573,38.72961],[141.40747,38.72885],[141.40859,38.72866],[141.40902,38.73002],[141.41055,38.73109],[141.41144,38.73156],[141.41186,38.73253],[141.41219,38.73322],[141.4124,38.73406],[141.41224,38.73439],[141.41179,38.73507],[141.41155,38.73586],[141.40978,38.73636],[141.40842,38.73607],[141.40753,38.73625],[141.40539,38.73575],[141.40202,38.73451],[141.4016,38.73371],[141.40144,38.7324],[141.40252,38.73168],[141.40247,38.73029],[141.40401,38.72976]]]},"properties":{"林班":"A049","市町村名称":"南三陸町","旧市町村":null}},
{"type":"Feature","geometry":{"type":"Polygon","coordinates":[[[141.40884,38.7199],[141.41041,38.71907],[141.41058,38.7191],[141.41095,38.71998],[141.41198,38.72072],[141.41362,38.72136],[141.41408,38.72219],[141.41612,38.72103],[141.41648,38.72051],[141.41684,38.72069],[141.41701,38.72019],[141.41707,38.72016],[141.41789,38.72035],[141.41773,38.72181],[141.41667,38.72256],[141.41591,38.72393],[141.41514,38.72437],[141.41336,38.72425],[141.41113,38.72276],[141.41065,38.72279],[141.40987,38.72215],[141.41196,38.7226],[141.41208,38.72193],[141.4107,38.7215],[141.40965,38.7218],[141.4087,38.72133],[141.40884,38.7199]]]},"properties":{"林班":"A046","市町村名称":"南三陸町","旧市町村":null}},
{"type":"Feature","geometry":{"type":"Polygon","coordinates":[[[141.41058,38.7191],[141.41084,38.71839],[141.41181,38.71792],[141.41433,38.71747],[141.41438,38.71563],[141.41537,38.71503],[141.41575,38.7147],[141.41656,38.71414],[141.41827,38.71357],[141.41954,38.71336],[141.41919,38.7145],[141.4178,38.71412],[141.41692,38.71591],[141.4165,38.71632],[141.4168,38.71754],[141.41629,38.71791],[141.41557,38.71902],[141.41634,38.71912],[141.41707,38.72016],[141.41701,38.72019],[141.41648,38.72051],[141.41612,38.72103],[141.41408,38.72219],[141.41362,38.72136],[141.41198,38.72072],[141.41095,38.71998],[141.41058,38.7191]]]},"properties":{"林班":"A045","市町村名称":"南三陸町","旧市町村":null}},
{"type":"Feature","geometry":{"type":"Polygon","coordinates":[[[141.39588,38.73252],[141.39358,38.73186],[141.39215,38.73114],[141.39303,38.72994],[141.39347,38.7285],[141.39335,38.72584],[141.39428,38.72537],[141.3953,38.72597],[141.39687,38.72591],[141.39812,38.72661],[141.39895,38.72723],[141.40108,38.7277],[141.40357,38.72954],[141.40213,38.72996],[141.40227,38.73168],[141.40093,38.73272],[141.40141,38.73382],[141.4004,38.73448],[141.39891,38.73345],[141.39615,38.73286],[141.39588,38.73252],[141.39608,38.73237],[141.39631,38.73199],[141.39666,38.73152],[141.3979,38.73151],[141.39878,38.73164],[141.39846,38.73061],[141.39691,38.73128],[141.39666,38.73152],[141.39631,38.73199],[141.39608,38.73237],[141.39588,38.73252]]]},"properties":{"林班":"A048","市町村名称":"南三陸町","旧市町村":null}},
{"type":"Feature","geometry":{"type":"Polygon","coordinates":[[[141.40124,38.72558],[141.40416,38.725],[141.40562,38.72433],[141.40612,38.72313],[141.40628,38.72163],[141.40686,38.72087],[141.40884,38.7199],[141.4087,38.72133],[141.40965,38.7218],[141.40987,38.72215],[141.41065,38.72279],[141.41166,38.72386],[141.41329,38.72454],[141.41494,38.72468],[141.41452,38.72527],[141.41193,38.7255],[141.4102,38.72534],[141.40944,38.72483],[141.40765,38.72466],[141.40691,38.72587],[141.40627,38.72582],[141.40472,38.72663],[141.40506,38.72845],[141.40725,38.72809],[141.40738,38.72768],[141.40949,38.72716],[141.40886,38.7284],[141.40731,38.72858],[141.40586,38.72926],[141.40357,38.72954],[141.40108,38.7277],[141.39895,38.72723],[141.39812,38.72661],[141.40108,38.72599],[141.40124,38.72558]]]},"properties":{"林班":"A047","市町村名称":"南三陸町","旧市町村":null}},
{"type":"Feature","geometry":{"type":"MultiPolygon","coordinates":[[[[141.41017,38.71159],[141.40738,38.71203],[141.40713,38.71058],[141.40481,38.71059],[141.4052,38.70975],[141.40616,38.7092],[141.40697,38.7094],[141.40723,38.71028],[141.40814,38.71036],[141.40884,38.70971],[141.41056,38.70926],[141.41063,38.70999],[141.41017,38.71159]]],[[[141.40478,38.71297],[141.4054,38.71314],[141.40658,38.71258],[141.40766,38.71325],[141.40686,38.71409],[141.40566,38.71442],[141.40502,38.71477],[141.40478,38.71297]]]]},"properties":{"林班":"A042","市町村名称":"南三陸町","旧市町村":null}},
{"type":"Feature","geometry":{"type":"Polygon","coordinates":[[[141.40799,38.71875],[141.4068,38.71894],[141.4055,38.71855],[141.4042,38.71869],[141.40277,38.71686],[141.40165,38.71618],[141.40118,38.7147],[141.40195,38.71424],[141.40094,38.71332],[141.40093,38.7128],[141.40353,38.71207],[141.40478,38.71297],[141.40502,38.71477],[141.40519,38.71503],[141.40566,38.71587],[141.40912,38.71633],[141.41059,38.7175],[141.41028,38.71795],[141.40899,38.71816],[141.40744,38.71759],[141.4066,38.71826],[141.40769,38.71874],[141.40905,38.71862],[141.40799,38.71875]]]},"properties":{"林班":"A041","市町村名称":"南三陸町","旧市町村":null}},
{"type":"Feature","geometry":{"type":"MultiPolygon","coordinates":[[[[141.40766,38.71325],[141.40856,38.71392],[141.40998,38.71287],[141.41196,38.71339],[141.41381,38.71301],[141.41352,38.71229],[141.41435,38.70972],[141.41583,38.71036],[141.41673,38.71172],[141.41667,38.71294],[141.41615,38.71345],[141.41827,38.71357],[141.41656,38.71414],[141.41575,38.7147],[141.41537,38.71503],[141.41438,38.71563],[141.41433,38.71747],[141.41181,38.71792],[141.41084,38.71839],[141.41058,38.7191],[141.41041,38.71907],[141.41051,38.71863],[141.41059,38.7175],[141.40912,38.71633],[141.40566,38.71587],[141.40519,38.71503],[141.40566,38.71442],[141.40686,38.71409],[141.40766,38.71325]]],[[[141.41017,38.71159],[141.41063,38.70999],[141.41103,38.71041],[141.41017,38.71159]]]]},"properties":{"林班":"A044","市町村名称":"南三陸町","旧市町村":null}},
{"type":"Feature","geometry":{"type":"MultiPolygon","coordinates":[[[[141.4089,38.70301],[141.40749,38.70347],[141.40675,38.7027],[141.40749,38.70263],[141.40784,38.70245],[141.4089,38.70301]]],[[[141.40865,38.70314],[141.41041,38.70536],[141.40801,38.70735],[141.40547,38.70639],[141.40629,38.70535],[141.40761,38.7051],[141.40669,38.70407],[141.40865,38.70314]]],[[[141.41034,38.70205],[141.41132,38.70325],[141.41058,38.70349],[141.40953,38.70274],[141.41034,38.70205]]],[[[141.41235,38.70488],[141.41305,38.70502],[141.41375,38.70617],[141.41328,38.70693],[141.41218,38.70667],[141.41235,38.70488]]],[[[141.41393,38.70506],[141.41474,38.70611],[141.41374,38.70643],[141.41393,38.70506]]]]},"properties":{"林班":"A043","市町村名称":"南三陸町","旧市町村":null}},
{"type":"Feature","geometry":{"type":"Polygon","coordinates":[[[141.40272,38.71867],[141.40424,38.71893],[141.40681,38.71896],[141.40799,38.71875],[141.40905,38.71862],[141.41024,38.71864],[141.41051,38.71863],[141.41041,38.71907],[141.40884,38.7199],[141.40686,38.72087],[141.40628,38.72163],[141.40612,38.72313],[141.40562,38.72433],[141.40416,38.725],[141.40124,38.72558],[141.40073,38.72444],[141.40127,38.72389],[141.40247,38.72079],[141.40272,38.71867]]]},"properties":{"林班":"A040","市町村名称":"南三陸町","旧市町村":null}},
{"type":"Feature","geometry":{"type":"Polygon","coordinates":[[[141.40038,38.7213],[141.40077,38.72062],[141.40109,38.72041],[141.40122,38.71977],[141.40159,38.71955],[141.40195,38.71875],[141.40272,38.71867],[141.40247,38.72079],[141.40127,38.72389],[141.40073,38.72444],[141.40124,38.72558],[141.40108,38.72599],[141.39812,38.72661],[141.39687,38.72591],[141.3953,38.72597],[141.39428,38.72537],[141.39435,38.72527],[141.39538,38.72522],[141.39752,38.72401],[141.39872,38.72362],[141.39981,38.72194],[141.40038,38.7213]]]},"properties":{"林班":"A039","市町村名称":"南三陸町","旧市町村":null}},
{"type":"Feature","geometry":{"type":"Polygon","coordinates":[[[141.39435,38.72527],[141.39506,38.72402],[141.39496,38.7225],[141.39457,38.72144],[141.39523,38.72033],[141.398,38.71927],[141.39978,38.71827],[141.39985,38.71673],[141.4011,38.71764],[141.40138,38.71881],[141.40107,38.72037],[141.40015,38.72094],[141.39981,38.72194],[141.39872,38.72362],[141.39752,38.72401],[141.39538,38.72522],[141.39435,38.72527]]]},"properties":{"林班":"A038","市町村名称":"南三陸町","旧市町村":null}},
{"type":"Feature","geometry":{"type":"MultiPolygon","coordinates":[[[[141.39307,38.71217],[141.39252,38.7132],[141.39141,38.71401],[141.38957,38.71358],[141.38904,38.71283],[141.39016,38.71287],[141.39174,38.71193],[141.39307,38.71217]]],[[[141.38042,38.72117],[141.38092,38.72056],[141.38263,38.71975],[141.38359,38.71854],[141.38589,38.71724],[141.38631,38.71667],[141.38864,38.71554],[141.39027,38.71412],[141.39192,38.71397],[141.39201,38.7152],[141.39128,38.71623],[141.39017,38.71722],[141.38998,38.71738],[141.38947,38.71762],[141.38925,38.71809],[141.38783,38.71868],[141.38537,38.7199],[141.38477,38.72048],[141.3826,38.72066],[141.38042,38.72117]]]]},"properties":{"林班":"A035","市町村名称":"南三陸町","旧市町村":null}},
{"type":"Feature","geometry":{"type":"MultiPolygon","coordinates":[[[[141.38904,38.71283],[141.38776,38.71279],[141.38766,38.71163],[141.38807,38.71049],[141.3896,38.70892],[141.39103,38.70927],[141.39308,38.70934],[141.39394,38.70888],[141.39462,38.70939],[141.39356,38.71066],[141.39307,38.71217],[141.39174,38.71193],[141.39016,38.71287],[141.38904,38.71283]]],[[[141.39036,38.70889],[141.39103,38.70803],[141.39114,38.70722],[141.39195,38.70708],[141.39318,38.70651],[141.39488,38.70638],[141.39587,38.70668],[141.39681,38.70588],[141.39815,38.70665],[141.39673,38.70696],[141.39629,38.70739],[141.39474,38.70738],[141.39414,38.70779],[141.39362,38.70885],[141.3909,38.70903],[141.39036,38.70889]]],[[[141.39558,38.70551],[141.3975,38.70546],[141.39913,38.70442],[141.40036,38.7044],[141.39926,38.70538],[141.39807,38.70601],[141.39558,38.70551]]]]},"properties":{"林班":"A034","市町村名称":"南三陸町","旧市町村":null}},
{"type":"Feature","geometry":{"type":"MultiPolygon","coordinates":[[[[141.39516,38.71245],[141.39665,38.71173],[141.39785,38.70958],[141.39788,38.70893],[141.39703,38.70788],[141.39742,38.70723],[141.39836,38.7071],[141.39837,38.70804],[141.39881,38.70953],[141.39855,38.71072],[141.39902,38.71172],[141.3987,38.71239],[141.39748,38.71305],[141.39533,38.71325],[141.39411,38.71425],[141.39403,38.71391],[141.39516,38.71245]]],[[[141.39467,38.71448],[141.39693,38.71367],[141.39794,38.7131],[141.39924,38.71344],[141.3994,38.71498],[141.39872,38.7152],[141.39985,38.71673],[141.39978,38.71827],[141.398,38.71927],[141.39761,38.71868],[141.39619,38.71791],[141.3949,38.71656],[141.39424,38.71512],[141.39467,38.71448]]]]},"properties":{"林班":"A037","市町村名称":"南三陸町","旧市町村":null}},
{"type":"Feature","geometry":{"type":"MultiPolygon","coordinates":[[[[141.38783,38.71868],[141.38927,38.7181],[141.38953,38.71766],[141.39056,38.71742],[141.3908,38.71686],[141.39227,38.71541],[141.3928,38.7145],[141.39467,38.71448],[141.39424,38.71512],[141.3949,38.71656],[141.39619,38.71791],[141.39761,38.71868],[141.398,38.71927],[141.39523,38.72033],[141.39457,38.72144],[141.39496,38.7225],[141.39506,38.72402],[141.39435,38.72527],[141.39428,38.72537],[141.39335,38.72584],[141.39109,38.72539],[141.39092,38.72471],[141.38977,38.72387],[141.38818,38.72356],[141.38652,38.72383],[141.38482,38.72358],[141.38337,38.72188],[141.38122,38.7217],[141.38042,38.72117],[141.3826,38.72066],[141.38477,38.72048],[141.38537,38.7199],[141.38783,38.71868]]],[[[141.39411,38.71425],[141.39282,38.71441],[141.39287,38.7136],[141.39355,38.71207],[141.39419,38.71186],[141.39406,38.71047],[141.39575,38.70891],[141.39613,38.70993],[141.396,38.71138],[141.39516,38.71245],[141.39403,38.71391],[141.39411,38.71425]]]]},"properties":{"林班":"A036","市町村名称":"南三陸町","旧市町村":null}},
{"type":"Feature","geometry":{"type":"MultiPolygon","coordinates":[[[[141.3722,38.69128],[141.37307,38.69197],[141.37434,38.69297],[141.37637,38.69335],[141.37393,38.69302],[141.3722,38.69128]]],[[[141.37071,38.69022],[141.37092,38.69087],[141.37188,38.69147],[141.37239,38.69256],[141.37661,38.69465],[141.37728,38.69467],[141.3786,38.69556],[141.37738,38.69655],[141.3785,38.69806],[141.38028,38.69903],[141.37848,38.69928],[141.37732,38.69888],[141.37659,38.69904],[141.37506,38.69909],[141.37272,38.70015],[141.37134,38.70114],[141.37111,38.70119],[141.3703,38.69875],[141.37107,38.69625],[141.37185,38.6955],[141.37098,38.69396],[141.37148,38.69342],[141.37114,38.69273],[141.36998,38.6919],[141.36945,38.69106],[141.36826,38.69109],[141.36771,38.68993],[141.3681,38.69013],[141.36894,38.69033],[141.37071,38.69022]]],[[[141.37926,38.69538],[141.37963,38.69789],[141.3792,38.69802],[141.37769,38.69693],[141.37904,38.69576],[141.37727,38.69414],[141.37709,38.69367],[141.37781,38.69389],[141.37895,38.69485],[141.37926,38.69538]]]]},"properties":{"林班":"A031","市町村名称":"南三陸町","旧市町村":null}},
{"type":"Feature","geometry":{"type":"Polygon","coordinates":[[[141.36771,38.68993],[141.37092,38.68963],[141.37198,38.68833],[141.37329,38.68837],[141.37431,38.68923],[141.37447,38.69006],[141.37401,38.69105],[141.37401,38.69148],[141.37401,38.69105],[141.37447,38.69006],[141.37626,38.68998],[141.37705,38.69019],[141.37759,38.68952],[141.379,38.6901],[141.37958,38.68954],[141.38094,38.69049],[141.38199,38.69152],[141.38031,38.69355],[141.37911,38.69414],[141.37895,38.69485],[141.37781,38.69389],[141.37709,38.69367],[141.37637,38.69335],[141.37434,38.69297],[141.37307,38.69197],[141.3722,38.69128],[141.37071,38.69022],[141.36894,38.69033],[141.3681,38.69013],[141.36771,38.68993]]]},"properties":{"林班":"A030","市町村名称":"南三陸町","旧市町村":null}},
{"type":"Feature","geometry":{"type":"Polygon","coordinates":[[[141.37037,38.70542],[141.37122,38.70552],[141.37196,38.70501],[141.37571,38.70565],[141.37663,38.70602],[141.37889,38.7057],[141.37813,38.70637],[141.37509,38.70694],[141.37722,38.70735],[141.37769,38.7085],[141.37925,38.70769],[141.37978,38.70712],[141.37902,38.70665],[141.38095,38.70513],[141.38341,38.70442],[141.38379,38.70399],[141.38535,38.70427],[141.38709,38.70408],[141.38823,38.70481],[141.38947,38.70519],[141.39094,38.70509],[141.39194,38.70438],[141.39324,38.70474],[141.39555,38.70351],[141.39707,38.7036],[141.39788,38.70397],[141.39991,38.70406],[141.40036,38.7044],[141.39913,38.70442],[141.3975,38.70546],[141.39558,38.70551],[141.39488,38.70638],[141.39318,38.70651],[141.39195,38.70708],[141.39114,38.70722],[141.39103,38.70803],[141.39036,38.70889],[141.38964,38.70886],[141.38743,38.70695],[141.38648,38.70725],[141.38402,38.70749],[141.38285,38.70719],[141.38149,38.70736],[141.38088,38.70785],[141.37775,38.70915],[141.37577,38.70939],[141.37522,38.70911],[141.37201,38.70928],[141.37116,38.70867],[141.36996,38.70662],[141.37036,38.70543],[141.37036,38.70542],[141.37037,38.70542]]]},"properties":{"林班":"A033","市町村名称":"南三陸町","旧市町村":null}},
{"type":"Feature","geometry":{"type":"Polygon","coordinates":[[[141.37659,38.69904],[141.38065,38.6996],[141.38133,38.70096],[141.38202,38.70171],[141.38323,38.70218],[141.38366,38.70343],[141.38257,38.70378],[141.38262,38.70386],[141.38129,38.70428],[141.38028,38.70476],[141.37889,38.7057],[141.37663,38.70602],[141.37571,38.70565],[141.37196,38.70501],[141.37122,38.70552],[141.37037,38.70542],[141.37036,38.70542],[141.37036,38.70543],[141.37044,38.70484],[141.36974,38.70345],[141.37121,38.70184],[141.37111,38.70119],[141.37134,38.70114],[141.37272,38.70015],[141.37506,38.69909],[141.37659,38.69904]]]},"properties":{"林班":"A032","市町村名称":"南三陸町","旧市町村":null}},
{"type":"Feature","geometry":{"type":"MultiPolygon","coordinates":[[[[141.38094,38.69871],[141.38203,38.69723],[141.3847,38.69749],[141.38483,38.69667],[141.38558,38.69625],[141.38775,38.69621],[141.38932,38.69657],[141.39145,38.69823],[141.39173,38.69876],[141.39272,38.69944],[141.39299,38.70085],[141.39386,38.70172],[141.39126,38.70208],[141.38958,38.70177],[141.38913,38.70221],[141.388,38.7022],[141.38645,38.70158],[141.38537,38.70169],[141.38401,38.70102],[141.38304,38.70096],[141.38094,38.69871]]],[[[141.38456,38.70187],[141.38727,38.70239],[141.3892,38.70292],[141.38957,38.70257],[141.39283,38.70241],[141.39389,38.70185],[141.39415,38.70254],[141.39534,38.70313],[141.39394,38.70401],[141.39259,38.70415],[141.39125,38.70369],[141.38836,38.70394],[141.38792,38.70326],[141.38689,38.70282],[141.38592,38.70373],[141.38462,38.70251],[141.38456,38.70187]]]]},"properties":{"林班":"A028","市町村名称":"南三陸町","旧市町村":null}},
{"type":"Feature","geometry":{"type":"Polygon","coordinates":[[[141.38811,38.6879],[141.38947,38.68821],[141.38993,38.68889],[141.39272,38.69019],[141.3939,38.69057],[141.39539,38.68993],[141.39632,38.69042],[141.3968,38.6923],[141.39765,38.69318],[141.39671,38.6946],[141.3966,38.69475],[141.39569,38.6966],[141.39581,38.69698],[141.39579,38.69773],[141.39453,38.69775],[141.39397,38.70091],[141.39332,38.70073],[141.39285,38.69946],[141.39214,38.69895],[141.39211,38.69818],[141.3916,38.69666],[141.3913,38.6961],[141.39064,38.6953],[141.39015,38.69521],[141.39005,38.69457],[141.38947,38.69331],[141.38933,38.69217],[141.38974,38.69067],[141.38989,38.69019],[141.38947,38.68919],[141.38764,38.68795],[141.38811,38.6879]]]},"properties":{"林班":"A027","市町村名称":"南三陸町","旧市町村":null}},
{"type":"Feature","geometry":{"type":"MultiPolygon","coordinates":[[[[141.38001,38.68873],[141.38119,38.68798],[141.38185,38.68876],[141.38209,38.6895],[141.38257,38.68982],[141.38449,38.68958],[141.38545,38.68974],[141.38566,38.68863],[141.38658,38.68795],[141.38764,38.68795],[141.38947,38.68919],[141.38989,38.69019],[141.38889,38.69138],[141.38883,38.6917],[141.38886,38.69191],[141.38893,38.69206],[141.38924,38.6924],[141.38945,38.69407],[141.39012,38.69522],[141.39118,38.69604],[141.39139,38.69716],[141.39189,38.69762],[141.39173,38.69876],[141.39145,38.69823],[141.38932,38.69657],[141.38775,38.69621],[141.38558,38.69625],[141.38483,38.69667],[141.3847,38.69749],[141.38203,38.69723],[141.38094,38.69871],[141.38004,38.69667],[141.37926,38.69538],[141.37895,38.69485],[141.37911,38.69414],[141.38031,38.69355],[141.38199,38.69152],[141.38094,38.69049],[141.37958,38.68954],[141.38001,38.68873]]],[[[141.39005,38.69457],[141.38949,38.69407],[141.38926,38.69239],[141.38888,38.69191],[141.38886,38.69172],[141.38893,38.69138],[141.38919,38.69132],[141.38974,38.69067],[141.38933,38.69217],[141.38947,38.69331],[141.39005,38.69457]]]]},"properties":{"林班":"A029","市町村名称":"南三陸町","旧市町村":null}},
{"type":"Feature","geometry":{"type":"MultiPolygon","coordinates":[[[[141.40595,38.6918],[141.4085,38.69094],[141.41078,38.69055],[141.41122,38.69145],[141.40976,38.6924],[141.4082,38.69245],[141.40795,38.6932],[141.40602,38.69418],[141.40469,38.69376],[141.40519,38.69296],[141.406,38.69295],[141.40595,38.6918]]],[[[141.40732,38.69395],[141.4087,38.69313],[141.41017,38.69339],[141.40902,38.69496],[141.40732,38.69395]]],[[[141.40796,38.69763],[141.40976,38.6975],[141.41045,38.69714],[141.4122,38.69692],[141.41298,38.69888],[141.41246,38.69971],[141.41069,38.69985],[141.41058,38.69912],[141.41062,38.69882],[141.40858,38.69844],[141.40828,38.69832],[141.40796,38.69763]]],[[[141.41081,38.69244],[141.41171,38.69193],[141.41377,38.6921],[141.41486,38.69239],[141.41486,38.6932],[141.41657,38.69467],[141.415,38.69534],[141.41371,38.69497],[141.41301,38.69423],[141.41411,38.69295],[141.41408,38.69235],[141.41197,38.69291],[141.41153,38.69367],[141.40961,38.69294],[141.41081,38.69244]]],[[[141.41046,38.69513],[141.41156,38.6956],[141.41097,38.69648],[141.40956,38.69567],[141.41046,38.69513]]],[[[141.41309,38.69436],[141.41402,38.69605],[141.41325,38.69613],[141.41309,38.69436]]]]},"properties":{"林班":"A024","市町村名称":"南三陸町","旧市町村":null}},
{"type":"Feature","geometry":{"type":"MultiPolygon","coordinates":[[[[141.40082,38.68763],[141.40204,38.68738],[141.40349,38.68746],[141.40414,38.68691],[141.40587,38.68736],[141.40711,38.68696],[141.40886,38.686],[141.41023,38.68628],[141.4113,38.68811],[141.41131,38.68815],[141.41134,38.68818],[141.41153,38.68864],[141.41219,38.68893],[141.41293,38.68908],[141.4132,38.68905],[141.4135,38.68929],[141.41411,38.68943],[141.41512,38.69007],[141.41328,38.69097],[141.41173,38.69102],[141.41078,38.69055],[141.4085,38.69094],[141.40595,38.6918],[141.40567,38.69203],[141.40266,38.69112],[141.40085,38.69093],[141.40013,38.69047],[141.39938,38.6893],[141.39975,38.68884],[141.40031,38.68792],[141.40073,38.68765],[141.40082,38.68763]]],[[[141.41436,38.69123],[141.41566,38.69089],[141.41592,38.69171],[141.41634,38.69221],[141.41653,38.69257],[141.4167,38.69253],[141.41708,38.69356],[141.4158,38.69374],[141.41436,38.69123]]],[[[141.41796,38.69089],[141.41689,38.69144],[141.41656,38.69206],[141.41609,38.69191],[141.41618,38.69101],[141.41747,38.69066],[141.41796,38.69089]]],[[[141.41872,38.69088],[141.41901,38.69153],[141.41829,38.6926],[141.41818,38.69295],[141.41734,38.69355],[141.4174,38.69171],[141.41872,38.69088]]],[[[141.41848,38.69242],[141.41899,38.69178],[141.42007,38.69151],[141.4193,38.69062],[141.42053,38.69036],[141.42207,38.69096],[141.42024,38.6936],[141.41984,38.69293],[141.4184,38.69325],[141.41848,38.69242]]],[[[141.42412,38.69348],[141.42268,38.69297],[141.42327,38.69047],[141.42468,38.6907],[141.42523,38.69102],[141.42524,38.69105],[141.42574,38.69232],[141.42559,38.69299],[141.4243,38.69271],[141.42412,38.69348]]]]},"properties":{"林班":"A023","市町村名称":"南三陸町","旧市町村":null}},
{"type":"Feature","geometry":{"type":"MultiPolygon","coordinates":[[[[141.39671,38.6946],[141.39765,38.69318],[141.3968,38.6923],[141.39632,38.69042],[141.39644,38.69045],[141.39917,38.69177],[141.40099,38.69296],[141.40238,38.69378],[141.40265,38.69415],[141.40263,38.69436],[141.40282,38.6945],[141.40276,38.69457],[141.40282,38.69473],[141.40317,38.69483],[141.40302,38.6951],[141.40327,38.69566],[141.40306,38.69602],[141.40218,38.69675],[141.40123,38.69691],[141.40046,38.69606],[141.39863,38.69518],[141.39797,38.69527],[141.39671,38.6946]]],[[[141.39569,38.6966],[141.3966,38.69475],[141.39797,38.69529],[141.39861,38.6952],[141.40045,38.69607],[141.40139,38.69719],[141.40314,38.69768],[141.40301,38.69912],[141.40399,38.70048],[141.40262,38.70104],[141.40216,38.70175],[141.39906,38.70285],[141.39688,38.70285],[141.39552,38.70316],[141.39483,38.70202],[141.39428,38.70174],[141.39751,38.70049],[141.39593,38.70035],[141.39554,38.70109],[141.39392,38.70126],[141.39453,38.69775],[141.39579,38.69773],[141.39581,38.69698],[141.39581,38.69697],[141.3964,38.69713],[141.39581,38.69697],[141.39569,38.6966]],[[141.39723,38.69618],[141.39727,38.69623],[141.39736,38.69623],[141.39727,38.69623],[141.39744,38.69608],[141.39723,38.69618]]]]},"properties":{"林班":"A026","市町村名称":"南三陸町","旧市町村":null}},
{"type":"Feature","geometry":{"type":"MultiPolygon","coordinates":[[[[141.39975,38.68884],[141.39938,38.6893],[141.40013,38.69047],[141.40085,38.69093],[141.40266,38.69112],[141.40567,38.69203],[141.40568,38.69224],[141.4052,38.69294],[141.40472,38.69322],[141.40466,38.69378],[141.40416,38.69354],[141.40313,38.69323],[141.40314,38.69379],[141.40348,38.6945],[141.40407,38.6952],[141.40331,38.69569],[141.40308,38.69515],[141.40318,38.69481],[141.40284,38.69471],[141.40279,38.69458],[141.40286,38.69447],[141.40281,38.69442],[141.40297,38.69401],[141.40099,38.69296],[141.39917,38.69177],[141.39644,38.69045],[141.39777,38.68979],[141.39877,38.68978],[141.39975,38.68884]]],[[[141.40313,38.69336],[141.40453,38.69372],[141.40524,38.69453],[141.40419,38.69531],[141.4035,38.69449],[141.40313,38.69336]]],[[[141.40369,38.69658],[141.4048,38.69701],[141.40443,38.69777],[141.40457,38.69905],[141.4055,38.69826],[141.40697,38.70021],[141.40554,38.70016],[141.40448,38.70051],[141.40378,38.69972],[141.40402,38.69789],[141.40369,38.69658]]],[[[141.41058,38.69912],[141.40956,38.69894],[141.40921,38.69949],[141.40775,38.69958],[141.40727,38.69998],[141.40606,38.69845],[141.40565,38.69723],[141.40737,38.69689],[141.40786,38.69745],[141.40796,38.69763],[141.40828,38.69832],[141.40858,38.69844],[141.41062,38.69882],[141.41058,38.69912]]],[[[141.41246,38.69971],[141.41267,38.70052],[141.41153,38.70135],[141.4102,38.70117],[141.40906,38.7007],[141.40945,38.70021],[141.41069,38.69985],[141.41246,38.69971]]]]},"properties":{"林班":"A025","市町村名称":"南三陸町","旧市町村":null}},
{"type":"Feature","geometry":{"type":"MultiPolygon","coordinates":[[[[141.39799,38.68143],[141.39976,38.68297],[141.40231,38.68322],[141.40392,38.68394],[141.40485,38.68385],[141.40731,38.6842],[141.40763,38.68416],[141.40766,38.68422],[141.40887,38.68566],[141.40886,38.686],[141.40711,38.68696],[141.40587,38.68736],[141.40414,38.68691],[141.40349,38.68746],[141.40204,38.68738],[141.40082,38.68763],[141.40021,38.68769],[141.39927,38.68619],[141.39818,38.68568],[141.39668,38.68308],[141.39785,38.68211],[141.39638,38.68205],[141.39799,38.68143]]],[[[141.40024,38.68775],[141.40073,38.68765],[141.40031,38.68792],[141.40024,38.68775]]]]},"properties":{"林班":"A020","市町村名称":"南三陸町","旧市町村":null}},
{"type":"Feature","geometry":{"type":"MultiPolygon","coordinates":[[[[141.41787,38.68453],[141.41949,38.68317],[141.42188,38.68243],[141.42162,38.68386],[141.4206,38.68447],[141.42032,38.6852],[141.41949,38.68569],[141.41982,38.68749],[141.41973,38.68881],[141.41747,38.68974],[141.4154,38.68978],[141.41547,38.68834],[141.41585,38.68725],[141.41655,38.68659],[141.41679,38.68549],[141.41787,38.68453]]],[[[141.41954,38.68919],[141.42107,38.68933],[141.42053,38.68996],[141.41954,38.68919]]],[[[141.42208,38.68337],[141.42248,38.68254],[141.42339,38.68217],[141.42451,38.68319],[141.42427,38.68464],[141.42465,38.68591],[141.42411,38.68632],[141.42265,38.68585],[141.42301,38.68517],[141.42192,38.6841],[141.42208,38.68337]]],[[[141.42631,38.68302],[141.42601,38.68347],[141.42571,38.68492],[141.42673,38.68592],[141.42501,38.68593],[141.42465,38.68468],[141.4251,38.6831],[141.42631,38.68302]]]]},"properties":{"林班":"A022","市町村名称":"南三陸町","旧市町村":null}},
{"type":"Feature","geometry":{"type":"MultiPolygon","coordinates":[[[[141.40893,38.68563],[141.41,38.68471],[141.41141,38.68421],[141.41184,38.68341],[141.41186,38.68301],[141.41161,38.68285],[141.41134,38.68223],[141.4112,38.68206],[141.41182,38.68068],[141.41176,38.67954],[141.41337,38.679],[141.41625,38.67948],[141.41931,38.68107],[141.41798,38.68169],[141.41657,38.68169],[141.41382,38.68202],[141.41414,38.68242],[141.41564,38.68244],[141.41724,38.68173],[141.41774,38.68192],[141.41912,38.68146],[141.42065,38.68127],[141.42203,38.68209],[141.41928,38.68293],[141.41819,38.68249],[141.41595,38.68328],[141.41616,38.68372],[141.41841,38.68326],[141.41683,38.68444],[141.41505,38.68476],[141.41278,38.68476],[141.41277,38.68563],[141.41272,38.68602],[141.41256,38.6863],[141.41272,38.68602],[141.41277,38.68563],[141.41323,38.68519],[141.41516,38.68499],[141.41554,38.68544],[141.41441,38.68678],[141.41503,38.68699],[141.41587,38.68495],[141.4165,38.68492],[141.41611,38.6863],[141.41483,38.68772],[141.41537,38.68897],[141.41515,38.69006],[141.41413,38.68941],[141.41331,38.68907],[141.41308,38.68902],[141.41269,38.68902],[141.41158,38.68865],[141.41134,38.68818],[141.41131,38.68815],[141.4113,38.68811],[141.41076,38.68671],[141.41025,38.68626],[141.40893,38.68563]]],[[[141.40766,38.68422],[141.41038,38.68322],[141.41112,38.68223],[141.41132,38.68222],[141.41182,38.6834],[141.41139,38.6842],[141.41,38.68469],[141.40887,38.68566],[141.40766,38.68422]]]]},"properties":{"林班":"A021","市町村名称":"南三陸町","旧市町村":null}},
{"type":"Feature","geometry":{"type":"MultiPolygon","coordinates":[[[[141.374,38.67934],[141.37446,38.67974],[141.37451,38.67982],[141.37455,38.68018],[141.37513,38.68162],[141.37456,38.68207],[141.37521,38.68247],[141.37483,38.68272],[141.37469,38.68327],[141.37563,38.68417],[141.37639,38.68408],[141.3768,38.68283],[141.37808,38.68242],[141.37719,38.68314],[141.37637,38.68546],[141.37418,38.68412],[141.37324,38.68211],[141.37206,38.68206],[141.37216,38.68102],[141.37294,38.67896],[141.37271,38.67777],[141.37287,38.6779],[141.37326,38.67832],[141.37404,38.67908],[141.374,38.67934]]],[[[141.38385,38.68599],[141.38231,38.6846],[141.38051,38.68501],[141.37996,38.68359],[141.37933,38.68339],[141.37854,38.6838],[141.37819,38.6823],[141.38003,38.68115],[141.38189,38.68138],[141.38322,38.68191],[141.38403,38.68142],[141.38682,38.67985],[141.38869,38.67945],[141.39079,38.67884],[141.39078,38.67933],[141.39022,38.67929],[141.38848,38.68012],[141.38694,38.68129],[141.3859,38.68111],[141.38362,38.68254],[141.38399,38.68384],[141.38369,38.68417],[141.38413,38.68569],[141.38385,38.68599]]],[[[141.38001,38.68873],[141.37888,38.68921],[141.3795,38.68714],[141.37914,38.68583],[141.37988,38.6853],[141.37908,38.68361],[141.37968,38.6836],[141.38024,38.68489],[141.38106,38.68538],[141.38193,38.68488],[141.38291,38.6853],[141.38386,38.68627],[141.38396,38.68803],[141.38347,38.68921],[141.3824,38.68947],[141.38185,38.68876],[141.38119,38.68798],[141.38001,38.68873]]],[[[141.38434,38.68574],[141.38386,38.68411],[141.38413,38.68387],[141.38396,38.68345],[141.38407,38.68289],[141.38494,38.68205],[141.38615,38.68221],[141.38602,38.68125],[141.38766,38.68137],[141.38769,38.68245],[141.38854,38.68312],[141.38813,38.68371],[141.38664,38.68473],[141.38434,38.68574]]]]},"properties":{"林班":"A017","市町村名称":"南三陸町","旧市町村":null}},
{"type":"Feature","geometry":{"type":"MultiPolygon","coordinates":[[[[141.37555,38.67817],[141.37568,38.67758],[141.37493,38.67697],[141.37558,38.67635],[141.37869,38.67639],[141.37963,38.67719],[141.38077,38.67702],[141.38205,38.67595],[141.38347,38.67597],[141.38402,38.67439],[141.38573,38.67368],[141.38586,38.67155],[141.38601,38.67114],[141.38611,38.67082],[141.38656,38.67007],[141.38683,38.66989],[141.38779,38.66951],[141.38901,38.66873],[141.38904,38.66898],[141.38923,38.66944],[141.38916,38.66992],[141.39116,38.6738],[141.3908,38.67449],[141.39166,38.67522],[141.39202,38.67608],[141.39305,38.67706],[141.39355,38.67664],[141.39407,38.67775],[141.39482,38.67785],[141.39445,38.67856],[141.39329,38.67802],[141.39194,38.67854],[141.39043,38.67857],[141.38869,38.67945],[141.38682,38.67985],[141.38403,38.68142],[141.3832,38.6817],[141.38182,38.68111],[141.37982,38.68106],[141.37753,38.68233],[141.37651,38.68155],[141.37631,38.68095],[141.37635,38.68046],[141.37655,38.67963],[141.37657,38.67951],[141.3767,38.67882],[141.37555,38.67817]]],[[[141.37271,38.67777],[141.37257,38.67671],[141.37354,38.67659],[141.37544,38.67767],[141.37493,38.67741],[141.37544,38.67767],[141.37466,38.67797],[141.37518,38.67876],[141.37635,38.6792],[141.37574,38.68056],[141.37558,38.68072],[141.37569,38.68106],[141.37717,38.68245],[141.37808,38.68242],[141.3768,38.68283],[141.37639,38.68408],[141.37563,38.68417],[141.37469,38.68327],[141.37483,38.68272],[141.37521,38.68247],[141.37456,38.68207],[141.37513,38.68162],[141.37455,38.68018],[141.37451,38.67982],[141.37446,38.67974],[141.374,38.67934],[141.37404,38.67908],[141.37326,38.67832],[141.37287,38.6779],[141.37271,38.67777]]],[[[141.37655,38.67963],[141.37635,38.68046],[141.37631,38.68095],[141.37596,38.68116],[141.37572,38.68077],[141.37597,38.68053],[141.37598,38.68026],[141.37623,38.67961],[141.37657,38.67951],[141.37655,38.67963]]],[[[141.41029,38.68174],[141.40884,38.68317],[141.40724,38.68385],[141.40506,38.6834],[141.404,38.68362],[141.40283,38.68276],[141.40004,38.68265],[141.39883,38.68159],[141.39761,38.67978],[141.39629,38.67902],[141.3949,38.67775],[141.39412,38.67758],[141.39369,38.67663],[141.39285,38.67658],[141.39231,38.67563],[141.39093,38.6743],[141.39131,38.67386],[141.38928,38.67004],[141.38946,38.66904],[141.3899,38.66903],[141.3905,38.67048],[141.39235,38.67159],[141.39371,38.67318],[141.39412,38.67328],[141.39498,38.67407],[141.39665,38.67434],[141.39705,38.67468],[141.39753,38.67686],[141.39727,38.67758],[141.39838,38.67899],[141.40055,38.68001],[141.40155,38.68133],[141.40238,38.68119],[141.4039,38.68221],[141.40527,38.68238],[141.40605,38.68286],[141.40837,38.68222],[141.4085,38.68154],[141.40933,38.6811],[141.40951,38.68095],[141.40968,38.6809],[141.40988,38.68083],[141.40997,38.6808],[141.4101,38.6805],[141.41018,38.68029],[141.41053,38.68017],[141.41029,38.68174]]]]},"properties":{"林班":"A016","市町村名称":"南三陸町","旧市町村":null}},
{"type":"Feature","geometry":{"type":"MultiPolygon","coordinates":[[[[141.38811,38.6879],[141.3899,38.68729],[141.39125,38.68614],[141.39188,38.68496],[141.39173,38.68402],[141.39227,38.68291],[141.39491,38.68194],[141.39583,38.68156],[141.39638,38.68205],[141.39785,38.68211],[141.39668,38.68308],[141.39818,38.68568],[141.39927,38.68619],[141.40021,38.68769],[141.40024,38.68775],[141.40031,38.68792],[141.39975,38.68884],[141.39877,38.68978],[141.39777,38.68979],[141.39644,38.69045],[141.39632,38.69042],[141.39539,38.68993],[141.3939,38.69057],[141.39272,38.69019],[141.38993,38.68889],[141.38947,38.68821],[141.38811,38.6879]]],[[[141.39528,38.68155],[141.39714,38.6811],[141.39654,38.68186],[141.39598,38.68142],[141.39528,38.68155]]],[[[141.39638,38.68205],[141.39715,38.68141],[141.39799,38.68143],[141.39638,38.68205]]]]},"properties":{"林班":"A019","市町村名称":"南三陸町","旧市町村":null}},
{"type":"Feature","geometry":{"type":"MultiPolygon","coordinates":[[[[141.38766,38.68137],[141.38835,38.68038],[141.39256,38.67925],[141.39347,38.67927],[141.39482,38.68038],[141.39571,38.67997],[141.39666,38.68065],[141.39567,38.68084],[141.39469,38.68132],[141.39491,38.68194],[141.39227,38.68291],[141.39173,38.68402],[141.39188,38.68496],[141.39125,38.68614],[141.3899,38.68729],[141.38811,38.6879],[141.38764,38.68795],[141.38658,38.68795],[141.38566,38.68863],[141.38545,38.68974],[141.38449,38.68958],[141.38257,38.68982],[141.38209,38.6895],[141.3824,38.68947],[141.38347,38.68921],[141.38396,38.68803],[141.38386,38.68627],[141.38385,38.68599],[141.38413,38.68569],[141.38434,38.68574],[141.38664,38.68473],[141.38813,38.68371],[141.38854,38.68312],[141.38769,38.68245],[141.38766,38.68137]]],[[[141.39079,38.67884],[141.39194,38.67863],[141.3932,38.67812],[141.3944,38.6786],[141.39507,38.67865],[141.39693,38.67957],[141.39812,38.68075],[141.39714,38.6811],[141.39528,38.68155],[141.39565,38.68096],[141.39638,38.68101],[141.39685,38.68049],[141.39628,38.67998],[141.39544,38.67988],[141.39456,38.68006],[141.39354,38.67915],[141.39078,38.67933],[141.39079,38.67884]]]]},"properties":{"林班":"A018","市町村名称":"南三陸町","旧市町村":null}},
{"type":"Feature","geometry":{"type":"Polygon","coordinates":[[[141.39412,38.67328],[141.39659,38.67152],[141.39889,38.67048],[141.3998,38.67052],[141.40012,38.66983],[141.40148,38.66901],[141.40225,38.66813],[141.40315,38.66789],[141.40524,38.66799],[141.40638,38.66835],[141.40749,38.66921],[141.4079,38.67071],[141.40843,38.67128],[141.40979,38.6716],[141.41041,38.67244],[141.41019,38.6725],[141.41018,38.67254],[141.40947,38.67325],[141.4088,38.67284],[141.40937,38.67334],[141.40948,38.67379],[141.40903,38.67368],[141.40848,38.67404],[141.40764,38.67419],[141.40582,38.67434],[141.40551,38.67422],[141.40549,38.67421],[141.40528,38.67414],[141.40518,38.67412],[141.40511,38.67406],[141.4033,38.67456],[141.40241,38.67396],[141.40132,38.67377],[141.4001,38.67425],[141.3973,38.67399],[141.39665,38.67434],[141.39498,38.67407],[141.39412,38.67328]]]},"properties":{"林班":"A013","市町村名称":"南三陸町","旧市町村":null}},
{"type":"Feature","geometry":{"type":"Polygon","coordinates":[[[141.38948,38.66835],[141.3923,38.66642],[141.3935,38.66587],[141.3952,38.66611],[141.39649,38.66592],[141.39684,38.66556],[141.39684,38.66543],[141.39698,38.66522],[141.39729,38.66525],[141.39773,38.66514],[141.39874,38.66519],[141.40063,38.66599],[141.40145,38.66597],[141.40188,38.66665],[141.40324,38.66754],[141.40524,38.66799],[141.40315,38.66789],[141.40225,38.66813],[141.40148,38.66901],[141.40012,38.66983],[141.3998,38.67052],[141.39889,38.67048],[141.39659,38.67152],[141.39412,38.67328],[141.39371,38.67318],[141.39235,38.67159],[141.3905,38.67048],[141.3899,38.66903],[141.38948,38.66835]]]},"properties":{"林班":"A012","市町村名称":"南三陸町","旧市町村":null}},
{"type":"Feature","geometry":{"type":"Polygon","coordinates":[[[141.40279,38.67847],[141.40286,38.6785],[141.40376,38.67865],[141.40472,38.67911],[141.40576,38.67928],[141.40816,38.68028],[141.41053,38.68017],[141.41018,38.68029],[141.4101,38.6805],[141.40981,38.68059],[141.4101,38.6805],[141.40997,38.6808],[141.40988,38.68083],[141.40968,38.6809],[141.40951,38.68095],[141.40933,38.6811],[141.4085,38.68154],[141.40837,38.68222],[141.40605,38.68286],[141.40527,38.68238],[141.4039,38.68221],[141.40238,38.68119],[141.40155,38.68133],[141.40055,38.68001],[141.39838,38.67899],[141.39727,38.67758],[141.39753,38.67686],[141.39705,38.67468],[141.39815,38.67527],[141.40082,38.67588],[141.40192,38.67697],[141.40279,38.67847]]]},"properties":{"林班":"A015","市町村名称":"南三陸町","旧市町村":null}},
{"type":"Feature","geometry":{"type":"Polygon","coordinates":[[[141.39665,38.67434],[141.3973,38.67399],[141.4001,38.67425],[141.40132,38.67377],[141.40241,38.67396],[141.4033,38.67456],[141.40511,38.67406],[141.40518,38.67412],[141.40528,38.67414],[141.40549,38.67421],[141.40551,38.67422],[141.40582,38.67434],[141.40764,38.67419],[141.40848,38.67404],[141.40903,38.67368],[141.40948,38.67379],[141.40937,38.67334],[141.40947,38.67325],[141.41018,38.67254],[141.41041,38.67244],[141.41072,38.6745],[141.41111,38.67454],[141.41154,38.67663],[141.41127,38.67772],[141.41145,38.67853],[141.41087,38.67922],[141.40976,38.67932],[141.40923,38.67991],[141.40834,38.67983],[141.40472,38.67889],[141.40362,38.6783],[141.40279,38.67847],[141.40192,38.67697],[141.40082,38.67588],[141.39815,38.67527],[141.39705,38.67468],[141.39665,38.67434]]]},"properties":{"林班":"A014","市町村名称":"南三陸町","旧市町村":null}},
{"type":"Feature","geometry":{"type":"Polygon","coordinates":[[[141.3894,38.66835],[141.38913,38.66689],[141.38792,38.6662],[141.38767,38.66529],[141.38789,38.66436],[141.38707,38.66278],[141.38762,38.66222],[141.38987,38.66117],[141.391,38.65887],[141.39189,38.65858],[141.39423,38.65925],[141.39479,38.66021],[141.39589,38.66327],[141.39666,38.66396],[141.39742,38.66394],[141.39818,38.6649],[141.39731,38.66521],[141.39718,38.66515],[141.39693,38.6652],[141.39685,38.66528],[141.39645,38.66587],[141.3952,38.66611],[141.3935,38.66587],[141.3923,38.66642],[141.38948,38.66835],[141.3894,38.66835]]]},"properties":{"林班":"A011","市町村名称":"南三陸町","旧市町村":null}},
{"type":"Feature","geometry":{"type":"MultiPolygon","coordinates":[[[[141.38528,38.6592],[141.38578,38.65861],[141.38831,38.65789],[141.38915,38.6582],[141.391,38.65791],[141.39189,38.65858],[141.391,38.65887],[141.38987,38.66117],[141.38762,38.66222],[141.38707,38.66278],[141.38789,38.66436],[141.38767,38.66529],[141.38792,38.6662],[141.38913,38.66689],[141.3894,38.66835],[141.3892,38.66834],[141.38912,38.66872],[141.38901,38.66873],[141.3886,38.66893],[141.38779,38.66951],[141.38683,38.66989],[141.38656,38.67007],[141.38611,38.67082],[141.38601,38.67114],[141.38586,38.67155],[141.38417,38.67119],[141.3837,38.67043],[141.38412,38.66936],[141.38418,38.66986],[141.38404,38.67028],[141.38462,38.67037],[141.38404,38.67028],[141.38418,38.66986],[141.38434,38.66942],[141.38412,38.66936],[141.38523,38.66716],[141.38583,38.66591],[141.38596,38.66518],[141.38555,38.66419],[141.38537,38.66393],[141.38488,38.66372],[141.38438,38.66303],[141.3843,38.66191],[141.385,38.66123],[141.38495,38.66051],[141.38528,38.6592]]],[[[141.38946,38.66904],[141.3894,38.66835],[141.38948,38.66835],[141.3899,38.66903],[141.38946,38.66904]]]]},"properties":{"林班":"A010","市町村名称":"南三陸町","旧市町村":null}},
{"type":"Feature","geometry":{"type":"Polygon","coordinates":[[[141.37786,38.66299],[141.37922,38.6626],[141.37962,38.66214],[141.37974,38.66206],[141.38076,38.6614],[141.38154,38.66066],[141.38197,38.66035],[141.38367,38.66025],[141.3845,38.65891],[141.38563,38.65826],[141.38528,38.6592],[141.38495,38.66051],[141.38401,38.66199],[141.38438,38.66303],[141.38488,38.66372],[141.38537,38.66393],[141.38555,38.66419],[141.38596,38.66518],[141.38583,38.66591],[141.38523,38.66716],[141.38412,38.66936],[141.3837,38.67043],[141.38229,38.67012],[141.38004,38.66886],[141.37981,38.66786],[141.3772,38.66802],[141.37656,38.6677],[141.376,38.66665],[141.37732,38.66336],[141.37745,38.6633],[141.37786,38.66299]]]},"properties":{"林班":"A009","市町村名称":"南三陸町","旧市町村":null}},
{"type":"Feature","geometry":{"type":"MultiPolygon","coordinates":[[[[141.38099,38.64834],[141.38168,38.64759],[141.38265,38.64776],[141.38281,38.64792],[141.38435,38.64867],[141.38371,38.65106],[141.38461,38.65176],[141.3862,38.65242],[141.38621,38.65281],[141.38456,38.65278],[141.38118,38.6541],[141.38116,38.65423],[141.3812,38.65448],[141.38071,38.65524],[141.37984,38.65492],[141.37881,38.65539],[141.37846,38.65433],[141.37879,38.65359],[141.37732,38.65211],[141.37827,38.65074],[141.37929,38.65084],[141.37951,38.65076],[141.37995,38.65072],[141.38032,38.65067],[141.37995,38.65072],[141.37951,38.65076],[141.37994,38.64972],[141.37984,38.64863],[141.38099,38.64834],[141.38134,38.64902],[141.38099,38.64834]]],[[[141.38585,38.64719],[141.3847,38.64783],[141.38417,38.64849],[141.38281,38.64792],[141.38265,38.64776],[141.38168,38.64759],[141.38357,38.64703],[141.38455,38.64646],[141.38597,38.64608],[141.38585,38.64719]]],[[[141.38999,38.65729],[141.38868,38.65644],[141.38839,38.65583],[141.38665,38.65502],[141.38637,38.65394],[141.38703,38.65328],[141.38705,38.65285],[141.38768,38.65351],[141.3883,38.65392],[141.38928,38.65621],[141.38999,38.65729]]]]},"properties":{"林班":"A006","市町村名称":"南三陸町","旧市町村":null}},
{"type":"Feature","geometry":{"type":"Polygon","coordinates":[[[141.38681,38.64648],[141.38725,38.64648],[141.38728,38.64648],[141.38732,38.6465],[141.38951,38.64701],[141.39048,38.64704],[141.39105,38.6483],[141.39187,38.64892],[141.39245,38.65028],[141.39224,38.6511],[141.39271,38.65196],[141.39255,38.65318],[141.39123,38.65527],[141.3902,38.65594],[141.38832,38.65365],[141.38768,38.65351],[141.38705,38.65285],[141.3862,38.65242],[141.38461,38.65176],[141.38371,38.65106],[141.38435,38.64867],[141.3847,38.64783],[141.38585,38.64719],[141.38597,38.64608],[141.3862,38.64635],[141.38625,38.6464],[141.38632,38.64644],[141.38681,38.64648]]]},"properties":{"林班":"A005","市町村名称":"南三陸町","旧市町村":null}},
{"type":"Feature","geometry":{"type":"Polygon","coordinates":[[[141.37732,38.65211],[141.37879,38.65359],[141.37846,38.65433],[141.37881,38.65539],[141.37905,38.65609],[141.37932,38.65728],[141.38001,38.65777],[141.38093,38.65921],[141.38128,38.65912],[141.38178,38.65946],[141.38187,38.65954],[141.38178,38.65946],[141.38176,38.65895],[141.38517,38.65813],[141.38563,38.65826],[141.3845,38.65891],[141.38367,38.66025],[141.38197,38.66035],[141.38154,38.66066],[141.38076,38.6614],[141.37974,38.66206],[141.37962,38.66214],[141.37922,38.6626],[141.37786,38.66299],[141.37745,38.6633],[141.37732,38.66336],[141.37704,38.66176],[141.37636,38.66127],[141.37632,38.6595],[141.37558,38.65848],[141.37532,38.6573],[141.37612,38.65646],[141.376,38.65517],[141.37636,38.65485],[141.37662,38.6548],[141.37677,38.65478],[141.37662,38.6548],[141.37636,38.65485],[141.37589,38.65394],[141.37696,38.6533],[141.37732,38.65211]]]},"properties":{"林班":"A008","市町村名称":"南三陸町","旧市町村":null}},
{"type":"Feature","geometry":{"type":"Polygon","coordinates":[[[141.38118,38.6541],[141.38456,38.65278],[141.38621,38.65281],[141.38703,38.65328],[141.38637,38.65394],[141.38665,38.65502],[141.38839,38.65583],[141.38868,38.65644],[141.38999,38.65729],[141.38889,38.65735],[141.38727,38.65797],[141.38588,38.65817],[141.38445,38.65776],[141.38137,38.65903],[141.38064,38.65861],[141.38015,38.65772],[141.37944,38.65726],[141.37905,38.65609],[141.37881,38.65539],[141.37984,38.65492],[141.38071,38.65524],[141.3812,38.65448],[141.38116,38.65423],[141.38118,38.6541]]]},"properties":{"林班":"A007","市町村名称":"南三陸町","旧市町村":null}},
{"type":"Feature","geometry":{"type":"Polygon","coordinates":[[[141.40259,38.6656],[141.40485,38.66549],[141.40668,38.66459],[141.40696,38.66373],[141.40743,38.66393],[141.40872,38.66509],[141.41007,38.66533],[141.4107,38.66654],[141.41154,38.66724],[141.41157,38.66816],[141.41105,38.66924],[141.41105,38.66926],[141.41016,38.66958],[141.40844,38.66936],[141.40824,38.66882],[141.40692,38.66815],[141.40363,38.66683],[141.40259,38.6656]]]},"properties":{"林班":"A002","市町村名称":"南三陸町","旧市町村":null}},
{"type":"Feature","geometry":{"type":"MultiPolygon","coordinates":[[[[141.42032,38.67693],[141.42227,38.67772],[141.42282,38.67848],[141.42227,38.67936],[141.4228,38.68013],[141.42248,38.6809],[141.4211,38.68086],[141.41958,38.67952],[141.41837,38.67797],[141.41769,38.67771],[141.41389,38.67765],[141.41241,38.67745],[141.41207,38.67669],[141.41262,38.6758],[141.41208,38.67452],[141.41117,38.67149],[141.40941,38.67111],[141.4083,38.67036],[141.40837,38.66942],[141.41047,38.66977],[141.41134,38.66945],[141.4116,38.67009],[141.41259,38.66993],[141.41438,38.67061],[141.41522,38.67233],[141.41442,38.67375],[141.41579,38.67352],[141.41651,38.67453],[141.41649,38.67546],[141.41565,38.67613],[141.41698,38.67637],[141.4178,38.67596],[141.41919,38.67661],[141.41917,38.67729],[141.41922,38.67725],[141.41942,38.6771],[141.41952,38.67705],[141.41975,38.67695],[141.41983,38.67695],[141.41996,38.67692],[141.42004,38.67689],[141.42032,38.67693]]],[[[141.42512,38.678],[141.42612,38.67912],[141.42362,38.67947],[141.424,38.6782],[141.42512,38.678]]]]},"properties":{"林班":"A001","市町村名称":"南三陸町","旧市町村":null}},
{"type":"Feature","geometry":{"type":"MultiPolygon","coordinates":[[[[141.39327,38.6523],[141.39296,38.6535],[141.39194,38.65442],[141.39252,38.65476],[141.39186,38.65633],[141.3912,38.6572],[141.39023,38.65593],[141.39126,38.65528],[141.39257,38.65319],[141.39274,38.65197],[141.39327,38.6523]]],[[[141.39654,38.6577],[141.39457,38.65858],[141.39322,38.65881],[141.39191,38.65752],[141.39226,38.65575],[141.39365,38.65488],[141.39307,38.65367],[141.39348,38.65228],[141.39422,38.65178],[141.39502,38.6526],[141.39599,38.65247],[141.3972,38.65295],[141.39914,38.6528],[141.40022,38.65244],[141.40172,38.65364],[141.40111,38.65457],[141.40035,38.65463],[141.39988,38.65426],[141.3987,38.65447],[141.39791,38.65521],[141.39624,38.65713],[141.39654,38.6577]]]]},"properties":{"林班":"A004","市町村名称":"南三陸町","旧市町村":null}},
{"type":"Feature","geometry":{"type":"MultiPolygon","coordinates":[[[[141.39654,38.6577],[141.39624,38.65713],[141.39791,38.65521],[141.40035,38.65463],[141.40111,38.65457],[141.40172,38.65364],[141.40139,38.65459],[141.40294,38.65602],[141.40233,38.65654],[141.39968,38.65754],[141.39961,38.65795],[141.40015,38.65838],[141.39895,38.65951],[141.39787,38.66118],[141.39712,38.66157],[141.39574,38.66119],[141.39597,38.66008],[141.39518,38.65849],[141.39622,38.65801],[141.39742,38.65727],[141.39654,38.6577]]],[[[141.40259,38.6656],[141.40041,38.66508],[141.39872,38.66361],[141.39669,38.66261],[141.39664,38.66181],[141.39789,38.66121],[141.39882,38.65976],[141.40058,38.65878],[141.3997,38.65758],[141.40224,38.65664],[141.40298,38.65612],[141.40323,38.65691],[141.4042,38.65736],[141.40467,38.6571],[141.40614,38.65725],[141.40741,38.65759],[141.40753,38.6581],[141.40697,38.6587],[141.40668,38.65949],[141.40701,38.66089],[141.4071,38.6615],[141.40704,38.662],[141.40709,38.66257],[141.40675,38.66339],[141.40677,38.66349],[141.40696,38.66373],[141.40668,38.66459],[141.40485,38.66549],[141.40259,38.6656]]]]},"properties":{"林班":"A003","市町村名称":"南三陸町","旧市町村":null}},
{"type":"Feature","geometry":{"type":"MultiPolygon","coordinates":[[[[141.43254,38.73419],[141.43286,38.73369],[141.43287,38.73409],[141.43288,38.73423],[141.43327,38.73637],[141.43388,38.73757],[141.43484,38.73803],[141.43619,38.73922],[141.43719,38.74027],[141.43817,38.74056],[141.44013,38.7399],[141.44351,38.73953],[141.44493,38.74019],[141.44316,38.74041],[141.44258,38.74094],[141.44063,38.74121],[141.43974,38.74262],[141.43881,38.74354],[141.43761,38.7441],[141.43705,38.74498],[141.43604,38.74515],[141.43573,38.74513],[141.4356,38.74339],[141.43526,38.74247],[141.43411,38.74181],[141.43359,38.74133],[141.43357,38.74134],[141.4325,38.74071],[141.43215,38.74069],[141.43111,38.74046],[141.43134,38.74003],[141.4317,38.73972],[141.43189,38.73944],[141.43242,38.73909],[141.43246,38.73898],[141.43239,38.73825],[141.43237,38.7379],[141.43251,38.73647],[141.43249,38.73639],[141.43252,38.73623],[141.43257,38.73583],[141.43262,38.7356],[141.43266,38.73539],[141.43267,38.73526],[141.43268,38.73522],[141.43263,38.735],[141.43254,38.73419]]],[[[141.43644,38.73942],[141.43709,38.73997],[141.43847,38.74027],[141.43961,38.73979],[141.43814,38.7405],[141.43722,38.74024],[141.43644,38.73942]]]]},"properties":{"林班":"B018","市町村名称":"南三陸町","旧市町村":null}},
{"type":"Feature","geometry":{"type":"Polygon","coordinates":[[[141.43366,38.7331],[141.43498,38.73316],[141.43521,38.73314],[141.43558,38.73312],[141.43639,38.73316],[141.43796,38.73344],[141.43843,38.73335],[141.43907,38.73378],[141.43918,38.73433],[141.43898,38.73506],[141.43932,38.73557],[141.4411,38.7359],[141.44109,38.73622],[141.44103,38.7365],[141.44164,38.73705],[141.44199,38.73743],[141.44164,38.73705],[141.44103,38.7365],[141.44109,38.73622],[141.4411,38.7359],[141.44151,38.73563],[141.44159,38.7356],[141.44188,38.73572],[141.44256,38.73627],[141.44359,38.73647],[141.44489,38.73717],[141.44586,38.73896],[141.44445,38.73949],[141.44322,38.73916],[141.44179,38.73946],[141.44064,38.73932],[141.43961,38.73979],[141.43847,38.74027],[141.43709,38.73997],[141.43644,38.73942],[141.43619,38.73922],[141.43484,38.73803],[141.43388,38.73757],[141.43327,38.73637],[141.43288,38.73423],[141.43287,38.73409],[141.43286,38.73369],[141.43285,38.73363],[141.43294,38.73355],[141.43366,38.7331]]]},"properties":{"林班":"B017","市町村名称":"南三陸町","旧市町村":null}},
{"type":"Feature","geometry":{"type":"Polygon","coordinates":[[[141.43974,38.74262],[141.44063,38.74121],[141.44258,38.74094],[141.44316,38.74041],[141.44493,38.74019],[141.44583,38.7404],[141.447,38.73947],[141.44761,38.73857],[141.44792,38.73902],[141.44782,38.74029],[141.44725,38.74156],[141.44689,38.74398],[141.4469,38.7441],[141.4469,38.74429],[141.4469,38.74518],[141.44688,38.74537],[141.44679,38.7458],[141.44677,38.74578],[141.44594,38.74603],[141.44573,38.74614],[141.44546,38.74629],[141.44482,38.74658],[141.44411,38.74722],[141.4441,38.74722],[141.44174,38.74871],[141.44171,38.74874],[141.44164,38.7488],[141.44122,38.74858],[141.44112,38.74851],[141.44011,38.74734],[141.43921,38.74662],[141.439,38.74635],[141.43874,38.74628],[141.43811,38.74621],[141.43763,38.74583],[141.43705,38.74498],[141.43761,38.7441],[141.43881,38.74354],[141.43974,38.74262]]]},"properties":{"林班":"B019","市町村名称":"南三陸町","旧市町村":null}},
{"type":"Feature","geometry":{"type":"MultiPolygon","coordinates":[[[[141.45924,38.72657],[141.45973,38.72629],[141.46004,38.72636],[141.46109,38.72692],[141.46114,38.72721],[141.46095,38.7274],[141.4607,38.72768],[141.46041,38.72828],[141.46029,38.72864],[141.46017,38.72885],[141.46029,38.72864],[141.46041,38.72828],[141.4607,38.72768],[141.46095,38.7274],[141.46114,38.72721],[141.46132,38.72701],[141.46157,38.72711],[141.46149,38.72783],[141.46152,38.72849],[141.46149,38.72783],[141.46157,38.72711],[141.46174,38.72714],[141.46208,38.72712],[141.46228,38.72711],[141.46282,38.72693],[141.4639,38.72744],[141.46462,38.72709],[141.46479,38.72703],[141.46484,38.72702],[141.46512,38.72699],[141.46591,38.72678],[141.46616,38.72635],[141.46692,38.72603],[141.46805,38.72557],[141.46805,38.7256],[141.46674,38.72615],[141.46791,38.72571],[141.46792,38.72676],[141.46889,38.72682],[141.46881,38.72796],[141.47017,38.72867],[141.4696,38.72942],[141.46965,38.72942],[141.4696,38.72942],[141.46988,38.72931],[141.47049,38.72957],[141.47068,38.73067],[141.46933,38.73132],[141.46858,38.73097],[141.46792,38.73119],[141.46694,38.73077],[141.46695,38.73067],[141.4669,38.73045],[141.46671,38.73011],[141.46635,38.72967],[141.46623,38.7294],[141.46615,38.72926],[141.46619,38.72883],[141.46615,38.72926],[141.46623,38.7294],[141.46635,38.72967],[141.46671,38.73011],[141.4669,38.73045],[141.46695,38.73067],[141.46694,38.73077],[141.46582,38.73068],[141.4646,38.73114],[141.46251,38.7315],[141.46118,38.73199],[141.46049,38.73185],[141.45859,38.73259],[141.45747,38.73242],[141.45647,38.73149],[141.45618,38.72897],[141.45656,38.72824],[141.45782,38.72765],[141.45793,38.72757],[141.45859,38.72649],[141.45937,38.72625],[141.45924,38.72657],[141.45917,38.72686],[141.45924,38.72657]]],[[[141.46886,38.72559],[141.46947,38.72547],[141.46973,38.72527],[141.46978,38.72526],[141.46979,38.72526],[141.47015,38.72521],[141.47076,38.72577],[141.47111,38.726],[141.47055,38.72647],[141.47079,38.72664],[141.47196,38.7278],[141.47253,38.72877],[141.47036,38.72712],[141.4701,38.72658],[141.46862,38.7267],[141.4685,38.72558],[141.46886,38.72559]]],[[[141.47261,38.729],[141.47442,38.73058],[141.47515,38.73208],[141.47462,38.73198],[141.4725,38.73058],[141.47261,38.729]]]]},"properties":{"林班":"B014","市町村名称":"南三陸町","旧市町村":null}},
{"type":"Feature","geometry":{"type":"MultiPolygon","coordinates":[[[[141.47307,38.72354],[141.47412,38.72329],[141.4742,38.72326],[141.47457,38.72329],[141.475,38.72363],[141.47555,38.72368],[141.47565,38.72379],[141.47571,38.72378],[141.47777,38.72503],[141.4788,38.72611],[141.48004,38.72686],[141.48066,38.72904],[141.48058,38.72994],[141.4814,38.73101],[141.4794,38.7306],[141.47745,38.72962],[141.47682,38.72896],[141.47614,38.72953],[141.47427,38.72905],[141.47292,38.72827],[141.47253,38.72877],[141.47196,38.7278],[141.47079,38.72664],[141.47111,38.726],[141.47076,38.72577],[141.47015,38.72521],[141.47025,38.7252],[141.47049,38.7249],[141.4706,38.72478],[141.4718,38.72376],[141.472,38.72367],[141.47223,38.72351],[141.47228,38.7235],[141.47307,38.72354]]],[[[141.47515,38.73208],[141.47442,38.73058],[141.47261,38.729],[141.47469,38.72956],[141.4764,38.73053],[141.47515,38.73208]]]]},"properties":{"林班":"B013","市町村名称":"南三陸町","旧市町村":null}},
{"type":"Feature","geometry":{"type":"MultiPolygon","coordinates":[[[[141.44531,38.72477],[141.44705,38.7258],[141.44713,38.72622],[141.44712,38.72624],[141.44723,38.72733],[141.44806,38.72897],[141.44779,38.72938],[141.44606,38.72971],[141.44382,38.72958],[141.44265,38.72895],[141.44316,38.72819],[141.44336,38.72812],[141.44344,38.7281],[141.44371,38.72808],[141.44401,38.72799],[141.44425,38.72779],[141.44436,38.72767],[141.44459,38.72694],[141.44522,38.72546],[141.44521,38.72541],[141.4453,38.72481],[141.44531,38.72477]]],[[[141.44254,38.72925],[141.44325,38.73004],[141.44665,38.73002],[141.4477,38.72951],[141.44802,38.72964],[141.44809,38.72989],[141.44906,38.73087],[141.4506,38.73164],[141.44884,38.7333],[141.44883,38.7342],[141.44827,38.73537],[141.44841,38.73653],[141.44777,38.73693],[141.44656,38.7388],[141.44586,38.73896],[141.44489,38.73717],[141.44359,38.73647],[141.44256,38.73627],[141.44188,38.73572],[141.44159,38.7356],[141.44151,38.73563],[141.43967,38.73557],[141.43898,38.73505],[141.43918,38.73433],[141.43907,38.73378],[141.43843,38.73335],[141.43965,38.73317],[141.44005,38.7328],[141.44017,38.73268],[141.44021,38.73264],[141.44051,38.73231],[141.44065,38.7322],[141.44116,38.73169],[141.44132,38.7316],[141.44178,38.73097],[141.44187,38.73079],[141.44201,38.73058],[141.44229,38.73003],[141.44239,38.72989],[141.44253,38.72932],[141.44254,38.72925]]]]},"properties":{"林班":"B016","市町村名称":"南三陸町","旧市町村":null}},
{"type":"Feature","geometry":{"type":"MultiPolygon","coordinates":[[[[141.4465,38.72298],[141.44669,38.7231],[141.44704,38.72324],[141.4477,38.72345],[141.44787,38.7235],[141.44788,38.7235],[141.44784,38.72351],[141.44671,38.72417],[141.44771,38.72537],[141.44713,38.72622],[141.44705,38.7258],[141.44531,38.72477],[141.44555,38.72405],[141.44542,38.72371],[141.44535,38.7234],[141.44534,38.72338],[141.44591,38.72337],[141.44546,38.72286],[141.44539,38.72266],[141.4455,38.72258],[141.44561,38.72239],[141.44574,38.72245],[141.44644,38.72293],[141.4465,38.72298]]],[[[141.44712,38.72624],[141.44774,38.72535],[141.44676,38.72419],[141.44791,38.7235],[141.44818,38.72349],[141.44891,38.72346],[141.44942,38.72371],[141.45035,38.72363],[141.45073,38.72342],[141.45191,38.72295],[141.45196,38.72298],[141.45229,38.72308],[141.45247,38.72316],[141.45297,38.72353],[141.45339,38.72388],[141.45352,38.72392],[141.45456,38.72435],[141.45459,38.72443],[141.45456,38.72435],[141.45474,38.7243],[141.45478,38.72431],[141.45502,38.72439],[141.45536,38.72453],[141.45555,38.72458],[141.45596,38.72473],[141.45616,38.72486],[141.45685,38.72512],[141.4568,38.72517],[141.45696,38.72633],[141.4568,38.72517],[141.45758,38.7254],[141.45808,38.7256],[141.45937,38.72625],[141.45859,38.72649],[141.45793,38.72757],[141.45782,38.72765],[141.45656,38.72824],[141.45618,38.72897],[141.45647,38.73149],[141.45747,38.73242],[141.45859,38.73259],[141.45734,38.73313],[141.45627,38.73261],[141.45499,38.73238],[141.45555,38.73145],[141.45484,38.73102],[141.45342,38.73087],[141.45289,38.73043],[141.45265,38.72908],[141.4546,38.72686],[141.45474,38.7269],[141.45506,38.72694],[141.45526,38.72693],[141.45562,38.72691],[141.45526,38.72693],[141.45506,38.72694],[141.45474,38.7269],[141.4546,38.72686],[141.45336,38.72719],[141.45355,38.72771],[141.45245,38.72891],[141.45223,38.7308],[141.45185,38.73119],[141.45051,38.73128],[141.44923,38.73059],[141.44874,38.73005],[141.44825,38.72992],[141.44832,38.72956],[141.44779,38.72938],[141.44806,38.72897],[141.44723,38.72733],[141.44712,38.72624]]]]},"properties":{"林班":"B015","市町村名称":"南三陸町","旧市町村":null}},
{"type":"Feature","geometry":{"type":"Polygon","coordinates":[[[141.48746,38.72631],[141.48905,38.72558],[141.48938,38.72479],[141.49058,38.72427],[141.49071,38.72321],[141.49162,38.72297],[141.49298,38.72355],[141.49447,38.7234],[141.4951,38.72299],[141.49752,38.72348],[141.49785,38.72375],[141.49677,38.72422],[141.49614,38.72569],[141.49514,38.72697],[141.49394,38.72792],[141.49314,38.72791],[141.49131,38.72852],[141.48948,38.72854],[141.48816,38.72892],[141.4867,38.72837],[141.48628,38.72756],[141.48735,38.72732],[141.48736,38.72646],[141.48746,38.72631]]]},"properties":{"林班":"B010","市町村名称":"南三陸町","旧市町村":null}},
{"type":"Feature","geometry":{"type":"Polygon","coordinates":[[[141.47777,38.72503],[141.47898,38.72502],[141.48046,38.72434],[141.48065,38.72535],[141.48334,38.72705],[141.48536,38.72708],[141.48628,38.72756],[141.4867,38.72837],[141.48816,38.72892],[141.48654,38.73014],[141.48437,38.72997],[141.48397,38.73111],[141.48251,38.73084],[141.4814,38.73101],[141.48058,38.72994],[141.48066,38.72904],[141.48004,38.72686],[141.4788,38.72611],[141.47777,38.72503]]]},"properties":{"林班":"B012","市町村名称":"南三陸町","旧市町村":null}},
{"type":"Feature","geometry":{"type":"Polygon","coordinates":[[[141.48216,38.72032],[141.48237,38.7205],[141.48238,38.72062],[141.48312,38.72096],[141.48317,38.72106],[141.48339,38.72117],[141.48418,38.72117],[141.48567,38.72124],[141.48718,38.72229],[141.48852,38.72224],[141.48869,38.7227],[141.49071,38.72321],[141.49058,38.72427],[141.48938,38.72479],[141.48905,38.72558],[141.48746,38.72631],[141.48736,38.72646],[141.48735,38.72732],[141.48628,38.72756],[141.48536,38.72708],[141.48334,38.72705],[141.48065,38.72535],[141.48046,38.72434],[141.47898,38.72502],[141.47777,38.72503],[141.47571,38.72378],[141.47601,38.72364],[141.47669,38.72329],[141.4773,38.7227],[141.47732,38.72251],[141.47783,38.72201],[141.47807,38.72185],[141.47849,38.72205],[141.47849,38.72223],[141.47888,38.72245],[141.4789,38.72251],[141.47888,38.72245],[141.47849,38.72223],[141.47849,38.72205],[141.47849,38.72196],[141.47873,38.72193],[141.47944,38.72171],[141.48039,38.72124],[141.48035,38.72162],[141.48093,38.72253],[141.48127,38.7233],[141.48198,38.72338],[141.48127,38.7233],[141.48093,38.72253],[141.48035,38.72162],[141.48039,38.72124],[141.48069,38.72119],[141.4807,38.72119],[141.48082,38.72118],[141.4811,38.72116],[141.48194,38.72065],[141.48193,38.7206],[141.48194,38.72023],[141.48207,38.72011],[141.48216,38.72032]]]},"properties":{"林班":"B011","市町村名称":"南三陸町","旧市町村":null}},
{"type":"Feature","geometry":{"type":"Polygon","coordinates":[[[141.48595,38.7197],[141.48603,38.71976],[141.4864,38.71994],[141.48661,38.71995],[141.48704,38.72013],[141.48743,38.72021],[141.48826,38.72092],[141.4886,38.72079],[141.49024,38.72103],[141.4912,38.72202],[141.49157,38.72207],[141.49162,38.72297],[141.49071,38.72321],[141.48869,38.7227],[141.48852,38.72224],[141.48718,38.72229],[141.48567,38.72124],[141.48418,38.72117],[141.48339,38.72117],[141.48317,38.72106],[141.48312,38.72096],[141.48238,38.72062],[141.48237,38.7205],[141.48216,38.72032],[141.48272,38.72068],[141.48207,38.72011],[141.48224,38.71955],[141.48234,38.7193],[141.48246,38.71902],[141.48247,38.71901],[141.48274,38.7187],[141.48285,38.71848],[141.48314,38.71825],[141.48315,38.71818],[141.48317,38.71799],[141.48318,38.71798],[141.48331,38.71791],[141.48341,38.71785],[141.48414,38.7177],[141.48415,38.7177],[141.48449,38.71756],[141.48458,38.71754],[141.48643,38.71803],[141.48698,38.71801],[141.4873,38.71765],[141.48765,38.71738],[141.48771,38.71733],[141.48782,38.71725],[141.48813,38.71708],[141.48823,38.71695],[141.48832,38.71684],[141.49016,38.71623],[141.49035,38.71597],[141.49061,38.71577],[141.49082,38.71565],[141.49103,38.71555],[141.49136,38.7155],[141.49223,38.71507],[141.49222,38.71499],[141.49226,38.71494],[141.49269,38.71471],[141.49279,38.71471],[141.49288,38.71469],[141.49377,38.71454],[141.49379,38.71452],[141.49418,38.71425],[141.4944,38.71412],[141.49472,38.71394],[141.49475,38.71393],[141.49562,38.71345],[141.49658,38.71283],[141.49684,38.71279],[141.49736,38.71242],[141.49788,38.71254],[141.49887,38.71336],[141.49834,38.71447],[141.4965,38.71525],[141.49557,38.71525],[141.49494,38.71614],[141.49482,38.71609],[141.49469,38.71663],[141.49372,38.71684],[141.49271,38.71662],[141.49244,38.71786],[141.49127,38.71941],[141.49127,38.71984],[141.49133,38.72019],[141.49051,38.72127],[141.49024,38.72101],[141.48861,38.72076],[141.48827,38.7209],[141.48746,38.72019],[141.48704,38.72012],[141.48661,38.71994],[141.4864,38.71993],[141.48603,38.71976],[141.48595,38.7197]]]},"properties":{"林班":"B007","市町村名称":"南三陸町","旧市町村":null}},
{"type":"Feature","geometry":{"type":"MultiPolygon","coordinates":[[[[141.50326,38.70678],[141.50277,38.70753],[141.50255,38.70723],[141.50194,38.70695],[141.50098,38.7073],[141.50174,38.70713],[141.50234,38.70718],[141.50263,38.70761],[141.50093,38.70867],[141.49926,38.7094],[141.49824,38.70957],[141.49813,38.70965],[141.49804,38.70977],[141.49779,38.70989],[141.49746,38.71018],[141.49765,38.70949],[141.49941,38.70865],[141.49983,38.70836],[141.49999,38.70831],[141.5,38.70831],[141.5005,38.70726],[141.50145,38.70665],[141.50163,38.70641],[141.50169,38.70641],[141.50189,38.70641],[141.50237,38.70656],[141.50267,38.70663],[141.50326,38.70678]]],[[[141.49747,38.71036],[141.49782,38.71013],[141.49802,38.70989],[141.49813,38.70965],[141.49846,38.70963],[141.49865,38.70958],[141.49914,38.70958],[141.49965,38.70958],[141.49946,38.71033],[141.49974,38.71049],[141.50001,38.70963],[141.50075,38.70923],[141.50091,38.70959],[141.50122,38.71045],[141.50297,38.70927],[141.50392,38.7083],[141.50431,38.70959],[141.50252,38.70981],[141.5034,38.71093],[141.50443,38.71062],[141.50465,38.71155],[141.50072,38.71377],[141.50019,38.71321],[141.49887,38.71336],[141.49788,38.71254],[141.49736,38.71242],[141.49728,38.71174],[141.49697,38.71094],[141.49728,38.7106],[141.49747,38.71036]]],[[[141.50232,38.71295],[141.50335,38.71241],[141.50326,38.71373],[141.50262,38.71422],[141.50158,38.71341],[141.50232,38.71295]]],[[[141.50277,38.71575],[141.50241,38.71426],[141.50185,38.71394],[141.50275,38.71431],[141.50277,38.71575]]],[[[141.50552,38.70424],[141.50625,38.70347],[141.50634,38.70336],[141.50675,38.70293],[141.50678,38.70291],[141.50773,38.70479],[141.50843,38.70573],[141.50714,38.70602],[141.50798,38.70698],[141.50829,38.70795],[141.50707,38.70835],[141.50636,38.70785],[141.50593,38.70689],[141.5065,38.70836],[141.50447,38.70755],[141.50428,38.70654],[141.50502,38.7061],[141.50629,38.70674],[141.50637,38.70722],[141.50674,38.70756],[141.50703,38.70767],[141.5078,38.70782],[141.50703,38.70767],[141.50674,38.70756],[141.50637,38.70722],[141.50629,38.70674],[141.50604,38.70588],[141.50498,38.70589],[141.50497,38.70578],[141.50496,38.70566],[141.50497,38.70578],[141.50498,38.70589],[141.50452,38.70494],[141.50537,38.70438],[141.50543,38.70431],[141.50549,38.70426],[141.50552,38.70424]]],[[[141.50431,38.70832],[141.50545,38.7089],[141.50435,38.70934],[141.50431,38.70832]]],[[[141.50999,38.70227],[141.50923,38.70247],[141.50814,38.70087],[141.50908,38.70019],[141.51042,38.70054],[141.50999,38.70227]]],[[[141.5115,38.70243],[141.51171,38.70256],[141.5113,38.70297],[141.51076,38.70258],[141.5115,38.70243]]]]},"properties":{"林班":"B006","市町村名称":"南三陸町","旧市町村":null}},
{"type":"Feature","geometry":{"type":"MultiPolygon","coordinates":[[[[141.49051,38.72127],[141.49133,38.72019],[141.49259,38.72088],[141.49281,38.72006],[141.49438,38.72045],[141.49438,38.71976],[141.49497,38.71976],[141.49516,38.71978],[141.4952,38.71978],[141.49732,38.71982],[141.49813,38.72064],[141.49761,38.72126],[141.49706,38.72135],[141.49683,38.72143],[141.49613,38.7219],[141.49515,38.72187],[141.49355,38.72217],[141.49349,38.7223],[141.493,38.72253],[141.49262,38.72249],[141.49151,38.72201],[141.49051,38.72127]]],[[[141.49157,38.72207],[141.49259,38.72251],[141.49287,38.72256],[141.49314,38.72252],[141.4935,38.72232],[141.49357,38.72219],[141.49514,38.7219],[141.49615,38.72193],[141.49657,38.7217],[141.49685,38.72146],[141.49709,38.72136],[141.49775,38.72134],[141.49815,38.72115],[141.49824,38.72068],[141.49968,38.72094],[141.5006,38.72142],[141.49956,38.72233],[141.49949,38.72382],[141.49785,38.72375],[141.49752,38.72348],[141.4951,38.72299],[141.49447,38.7234],[141.49298,38.72355],[141.49162,38.72297],[141.49157,38.72207]]]]},"properties":{"林班":"B009","市町村名称":"南三陸町","旧市町村":null}},
{"type":"Feature","geometry":{"type":"Polygon","coordinates":[[[141.49494,38.71614],[141.49557,38.71525],[141.4965,38.71525],[141.49834,38.71447],[141.49887,38.71336],[141.50019,38.71321],[141.50072,38.71377],[141.50185,38.71394],[141.50241,38.71426],[141.50277,38.71575],[141.50426,38.7167],[141.5038,38.71769],[141.50342,38.71796],[141.50312,38.71867],[141.50337,38.71938],[141.50305,38.71919],[141.50294,38.71885],[141.50301,38.71835],[141.50299,38.71757],[141.50256,38.71753],[141.50263,38.71952],[141.50212,38.72071],[141.50075,38.72109],[141.49968,38.72065],[141.49813,38.72064],[141.49732,38.71982],[141.4952,38.71978],[141.49438,38.71976],[141.49438,38.72045],[141.49281,38.72006],[141.49259,38.72088],[141.49133,38.72019],[141.49127,38.71984],[141.49127,38.71941],[141.49244,38.71786],[141.49271,38.71662],[141.49372,38.71684],[141.49469,38.71663],[141.49494,38.71614]]]},"properties":{"林班":"B008","市町村名称":"南三陸町","旧市町村":null}},
{"type":"Feature","geometry":{"type":"MultiPolygon","coordinates":[[[[141.51273,38.70159],[141.51425,38.70164],[141.51507,38.70225],[141.51503,38.70333],[141.51732,38.70512],[141.51741,38.70583],[141.51562,38.70513],[141.51411,38.70322],[141.51441,38.70232],[141.51273,38.70159]]],[[[141.51114,38.70224],[141.51165,38.70229],[141.51171,38.70256],[141.5115,38.70243],[141.51089,38.70229],[141.51114,38.70224]]],[[[141.5113,38.70297],[141.51171,38.70256],[141.51301,38.70295],[141.51393,38.70487],[141.51478,38.70537],[141.51608,38.70559],[141.51645,38.70678],[141.51446,38.70691],[141.51281,38.70655],[141.51075,38.70704],[141.50957,38.70467],[141.5113,38.70297]]],[[[141.51653,38.70037],[141.5176,38.70043],[141.51854,38.70111],[141.51725,38.70202],[141.51593,38.70148],[141.51574,38.70069],[141.51653,38.70037]]],[[[141.51624,38.70227],[141.51764,38.70205],[141.51778,38.70301],[141.5183,38.70391],[141.51922,38.70477],[141.51954,38.70586],[141.51763,38.70716],[141.51744,38.70505],[141.51682,38.70471],[141.51624,38.70227]]],[[[141.51957,38.69979],[141.52063,38.70046],[141.52003,38.70155],[141.52018,38.70239],[141.5214,38.70268],[141.52178,38.7039],[141.52125,38.70429],[141.52047,38.70544],[141.51973,38.70398],[141.51863,38.70383],[141.51799,38.70337],[141.51819,38.70239],[141.5192,38.70165],[141.51876,38.70104],[141.51932,38.70003],[141.51957,38.69979]]],[[[141.51832,38.70684],[141.51966,38.70616],[141.52075,38.7068],[141.52002,38.70747],[141.51843,38.70767],[141.51832,38.70684]]],[[[141.52058,38.70735],[141.52113,38.70677],[141.52109,38.7057],[141.52136,38.70439],[141.52245,38.70437],[141.52337,38.70557],[141.52307,38.70654],[141.52183,38.70655],[141.52058,38.70735]]]]},"properties":{"林班":"B003","市町村名称":"南三陸町","旧市町村":null}},
{"type":"Feature","geometry":{"type":"MultiPolygon","coordinates":[[[[141.50792,38.69377],[141.51048,38.69531],[141.51019,38.69612],[141.50796,38.69444],[141.50792,38.69377]]],[[[141.50656,38.69418],[141.50703,38.69486],[141.50758,38.69492],[141.50798,38.69528],[141.50808,38.69548],[141.50772,38.69559],[141.50739,38.69582],[141.5071,38.69586],[141.50623,38.69573],[141.50571,38.6956],[141.50534,38.69433],[141.50656,38.69418]]],[[[141.50693,38.69586],[141.50712,38.69587],[141.50739,38.69583],[141.50774,38.6956],[141.50802,38.69556],[141.50817,38.69542],[141.50878,38.69568],[141.50916,38.69641],[141.50825,38.69784],[141.5069,38.6974],[141.50634,38.69679],[141.50693,38.69586]]],[[[141.50605,38.69798],[141.5058,38.69691],[141.50679,38.6974],[141.50858,38.69798],[141.50947,38.69854],[141.5088,38.69972],[141.50812,38.69986],[141.50677,38.69928],[141.50686,38.69838],[141.50605,38.69798]]],[[[141.51096,38.69518],[141.51251,38.69482],[141.51261,38.69429],[141.51404,38.69428],[141.51507,38.69394],[141.5155,38.69493],[141.51505,38.69663],[141.51444,38.69778],[141.51387,38.69758],[141.51349,38.69764],[141.51267,38.69739],[141.51255,38.69736],[141.51239,38.6974],[141.51172,38.69694],[141.51141,38.69556],[141.51096,38.69518]]],[[[141.50913,38.69604],[141.50965,38.6964],[141.50978,38.69739],[141.50868,38.69757],[141.50919,38.69646],[141.50913,38.69604]]],[[[141.51135,38.6981],[141.51155,38.69807],[141.51234,38.69755],[141.51248,38.69738],[141.51264,38.69742],[141.51296,38.69758],[141.51329,38.6977],[141.51452,38.69781],[141.51518,38.69651],[141.51528,38.69578],[141.51696,38.69529],[141.51721,38.69789],[141.51387,38.69844],[141.51267,38.69876],[141.51135,38.6981]]],[[[141.5102,38.69929],[141.51258,38.69899],[141.51239,38.69956],[141.51081,38.69989],[141.5102,38.69929]]],[[[141.51653,38.70037],[141.51337,38.69907],[141.51531,38.69827],[141.51727,38.69853],[141.51688,38.6993],[141.51802,38.69935],[141.51869,38.69814],[141.51969,38.69912],[141.51957,38.69979],[141.51932,38.70003],[141.5176,38.70043],[141.51653,38.70037]]],[[[141.51466,38.69175],[141.51669,38.69137],[141.51765,38.69164],[141.51734,38.69298],[141.51855,38.69321],[141.51785,38.69402],[141.51884,38.69486],[141.51632,38.69483],[141.51711,38.69396],[141.51619,38.69321],[141.51561,38.69187],[141.51466,38.69175]]]]},"properties":{"林班":"B002","市町村名称":"南三陸町","旧市町村":null}},
{"type":"Feature","geometry":{"type":"MultiPolygon","coordinates":[[[[141.50477,38.71127],[141.50481,38.71029],[141.50538,38.70957],[141.50809,38.71064],[141.50827,38.71151],[141.50911,38.7123],[141.50982,38.71358],[141.50894,38.71373],[141.50622,38.71301],[141.50605,38.71248],[141.50499,38.71224],[141.50477,38.71127]]],[[[141.50466,38.71276],[141.50585,38.7133],[141.50843,38.7137],[141.50982,38.71428],[141.51003,38.71568],[141.50846,38.71663],[141.5058,38.71514],[141.50388,38.71484],[141.50348,38.71385],[141.50466,38.71276]]],[[[141.50417,38.7171],[141.50708,38.71645],[141.50829,38.7169],[141.50708,38.71758],[141.50633,38.71858],[141.50424,38.71872],[141.50318,38.71853],[141.50344,38.71798],[141.50385,38.71766],[141.50417,38.7171]]],[[[141.51344,38.71027],[141.51172,38.71038],[141.51073,38.71058],[141.51117,38.70844],[141.51197,38.70912],[141.51266,38.70867],[141.51288,38.70989],[141.51344,38.71027]]],[[[141.51059,38.71185],[141.51215,38.71191],[141.51317,38.71239],[141.51326,38.71294],[141.51444,38.71372],[141.51295,38.71394],[141.51205,38.71461],[141.51118,38.71404],[141.51105,38.71299],[141.51027,38.71265],[141.51059,38.71185]]]]},"properties":{"林班":"B005","市町村名称":"南三陸町","旧市町村":null}},
{"type":"Feature","geometry":{"type":"MultiPolygon","coordinates":[[[[141.51266,38.70867],[141.51192,38.70798],[141.51193,38.70728],[141.51332,38.70753],[141.51437,38.70739],[141.51564,38.70794],[141.51658,38.70718],[141.518,38.70858],[141.51904,38.70823],[141.51964,38.70882],[141.51898,38.70885],[141.5187,38.71005],[141.51954,38.71028],[141.51997,38.70927],[141.52133,38.70933],[141.51922,38.71106],[141.51812,38.71233],[141.51782,38.71314],[141.51803,38.71438],[141.51618,38.7135],[141.51471,38.7135],[141.51217,38.71117],[141.51092,38.71156],[141.51105,38.7107],[141.51172,38.7104],[141.51344,38.71027],[141.51288,38.70989],[141.51266,38.70867]]],[[[141.52019,38.71329],[141.52089,38.7121],[141.52224,38.71158],[141.52305,38.71088],[141.52331,38.71011],[141.52513,38.71009],[141.52611,38.71071],[141.5244,38.71162],[141.52386,38.71343],[141.52322,38.71345],[141.52199,38.71424],[141.52001,38.71442],[141.52019,38.71329]]]]},"properties":{"林班":"B004","市町村名称":"南三陸町","旧市町村":null}},
{"type":"Feature","geometry":{"type":"MultiPolygon","coordinates":[[[[141.5084,38.68846],[141.5095,38.68746],[141.50889,38.68637],[141.50918,38.68559],[141.51081,38.68586],[141.51038,38.6869],[141.51067,38.68778],[141.51163,38.68811],[141.51289,38.68787],[141.51443,38.68863],[141.51484,38.68916],[141.51596,38.68921],[141.51646,38.69081],[141.51436,38.69166],[141.51378,38.69169],[141.51218,38.69088],[141.5126,38.69027],[141.51463,38.69098],[141.51486,38.69049],[141.51379,38.68982],[141.51462,38.68918],[141.51303,38.68833],[141.51226,38.6899],[141.51088,38.68939],[141.51011,38.68879],[141.50967,38.68784],[141.50872,38.68874],[141.50935,38.6898],[141.50807,38.68966],[141.5084,38.68846]]],[[[141.50711,38.69041],[141.50864,38.69109],[141.5095,38.69101],[141.51064,38.69186],[141.51157,38.69188],[141.51213,38.69337],[141.5099,38.6929],[141.5088,38.69291],[141.50788,38.69245],[141.50786,38.69174],[141.50711,38.69041]]],[[[141.51211,38.69136],[141.51402,38.69197],[141.51245,38.69308],[141.51203,38.69282],[141.51211,38.69136]]]]},"properties":{"林班":"B001","市町村名称":"南三陸町","旧市町村":null}},
{"type":"Feature","geometry":{"type":"MultiPolygon","coordinates":[[[[141.49055,38.80558],[141.4916,38.80573],[141.49283,38.80442],[141.49362,38.80569],[141.49497,38.80688],[141.49487,38.80754],[141.49315,38.80793],[141.4925,38.80847],[141.49078,38.80853],[141.49004,38.80749],[141.48811,38.80752],[141.48847,38.80694],[141.49003,38.80647],[141.49055,38.80558]]],[[[141.49346,38.80418],[141.49517,38.8047],[141.49602,38.80455],[141.49681,38.80529],[141.49634,38.80692],[141.49656,38.80758],[141.4947,38.8083],[141.49497,38.80732],[141.49498,38.80658],[141.49478,38.80606],[141.49493,38.80492],[141.49403,38.80478],[141.49346,38.80418]]]]},"properties":{"林班":"B161","市町村名称":"気仙沼市","旧市町村":null}},
{"type":"Feature","geometry":{"type":"MultiPolygon","coordinates":[[[[141.49298,38.81103],[141.4952,38.81028],[141.49582,38.81058],[141.49611,38.81286],[141.49671,38.81357],[141.49647,38.81463],[141.49458,38.81493],[141.49251,38.81465],[141.49298,38.81103]]],[[[141.49618,38.81036],[141.49765,38.81069],[141.49811,38.81163],[141.496,38.81162],[141.49618,38.81036]]],[[[141.49608,38.81185],[141.49731,38.8118],[141.49757,38.81231],[141.49622,38.8127],[141.49608,38.81185]]]]},"properties":{"林班":"B160","市町村名称":"気仙沼市","旧市町村":null}},
{"type":"Feature","geometry":{"type":"MultiPolygon","coordinates":[[[[141.46923,38.84077],[141.46975,38.8401],[141.47144,38.84129],[141.47477,38.84191],[141.47089,38.84125],[141.46923,38.84077]]],[[[141.46637,38.84612],[141.46617,38.84548],[141.46776,38.84388],[141.46875,38.84218],[141.46907,38.84104],[141.47268,38.84161],[141.47535,38.84234],[141.47684,38.84305],[141.47715,38.84376],[141.47885,38.84577],[141.47889,38.84674],[141.47829,38.8475],[141.47761,38.84742],[141.47745,38.84739],[141.47735,38.84737],[141.47708,38.84732],[141.47566,38.84742],[141.47551,38.84743],[141.47498,38.84747],[141.47374,38.84749],[141.47279,38.84767],[141.47225,38.8478],[141.47217,38.84782],[141.47095,38.84831],[141.4695,38.84844],[141.46936,38.84846],[141.4692,38.84847],[141.46888,38.84843],[141.46882,38.84835],[141.46728,38.84753],[141.46637,38.84612]]]]},"properties":{"林班":"B145","市町村名称":"気仙沼市","旧市町村":null}},
{"type":"Feature","geometry":{"type":"Polygon","coordinates":[[[141.46212,38.84877],[141.46213,38.84873],[141.4621,38.84867],[141.46207,38.84866],[141.4619,38.84866],[141.46184,38.84864],[141.46183,38.8486],[141.46196,38.84859],[141.462,38.84854],[141.46216,38.84825],[141.46211,38.8478],[141.46266,38.84733],[141.46405,38.84684],[141.46463,38.84658],[141.46588,38.84707],[141.46728,38.84753],[141.46882,38.84835],[141.46888,38.84843],[141.4692,38.84847],[141.46936,38.84846],[141.4695,38.84844],[141.46994,38.84842],[141.47136,38.8499],[141.47177,38.85094],[141.47267,38.85188],[141.47147,38.85278],[141.46913,38.85396],[141.46791,38.85471],[141.46738,38.85504],[141.46505,38.85408],[141.46457,38.85281],[141.46384,38.85283],[141.46246,38.85217],[141.46189,38.85149],[141.45977,38.8513],[141.45926,38.85096],[141.46196,38.84952],[141.46212,38.84877]]]},"properties":{"林班":"B144","市町村名称":"気仙沼市","旧市町村":null}},
{"type":"Feature","geometry":{"type":"Polygon","coordinates":[[[141.46524,38.82288],[141.46612,38.82296],[141.46593,38.82184],[141.4673,38.82123],[141.46767,38.82182],[141.46671,38.82253],[141.46738,38.82337],[141.46693,38.82532],[141.46725,38.82701],[141.46818,38.82697],[141.46968,38.82565],[141.46976,38.82592],[141.47055,38.82653],[141.46985,38.82764],[141.47086,38.82953],[141.47086,38.83044],[141.47138,38.83093],[141.47216,38.83342],[141.47209,38.83397],[141.47341,38.83515],[141.47329,38.83555],[141.47418,38.83701],[141.47466,38.8373],[141.47444,38.83853],[141.47487,38.83983],[141.4746,38.84034],[141.47564,38.84122],[141.47602,38.84208],[141.47477,38.84191],[141.47144,38.84129],[141.46975,38.8401],[141.46881,38.83749],[141.46907,38.83675],[141.46907,38.83668],[141.46982,38.83417],[141.46894,38.83231],[141.46745,38.83152],[141.46702,38.83031],[141.46628,38.82973],[141.46626,38.82807],[141.46506,38.82669],[141.46558,38.82528],[141.46449,38.82509],[141.46393,38.82441],[141.46454,38.82351],[141.46529,38.8233],[141.4652,38.82303],[141.46524,38.82288]]]},"properties":{"林班":"B147","市町村名称":"気仙沼市","旧市町村":null}},
{"type":"Feature","geometry":{"type":"Polygon","coordinates":[[[141.47602,38.84208],[141.47564,38.84122],[141.4773,38.84169],[141.47806,38.84244],[141.48053,38.84276],[141.4806,38.84274],[141.48079,38.84266],[141.48138,38.84244],[141.48198,38.84238],[141.48388,38.8427],[141.48398,38.84222],[141.48439,38.8422],[141.48443,38.84217],[141.4847,38.84146],[141.48479,38.84134],[141.48536,38.84096],[141.48564,38.84087],[141.48601,38.84102],[141.48623,38.84117],[141.48648,38.8412],[141.48663,38.84125],[141.48682,38.84128],[141.48689,38.84118],[141.48704,38.84124],[141.4874,38.84129],[141.48765,38.84135],[141.48811,38.84119],[141.48818,38.8413],[141.48797,38.84156],[141.48792,38.8416],[141.48793,38.84174],[141.48822,38.84177],[141.48854,38.84178],[141.48874,38.84192],[141.48918,38.84272],[141.48925,38.84303],[141.48994,38.84352],[141.4893,38.84402],[141.48819,38.84448],[141.48673,38.84464],[141.48706,38.84556],[141.48405,38.84657],[141.48256,38.84628],[141.48075,38.84724],[141.47985,38.84789],[141.47857,38.84768],[141.47933,38.84642],[141.47853,38.8443],[141.47766,38.84333],[141.47602,38.84208]]]},"properties":{"林班":"B146","市町村名称":"気仙沼市","旧市町村":null}},
{"type":"Feature","geometry":{"type":"Polygon","coordinates":[[[141.47666,38.83366],[141.47669,38.83314],[141.47755,38.833],[141.47914,38.83327],[141.48065,38.8344],[141.48378,38.83433],[141.48499,38.83373],[141.48545,38.83497],[141.48546,38.83555],[141.48568,38.83653],[141.48547,38.83771],[141.48601,38.83855],[141.48595,38.83862],[141.48579,38.83868],[141.4849,38.83898],[141.48487,38.8391],[141.48524,38.83922],[141.48537,38.83939],[141.4855,38.8395],[141.48593,38.83992],[141.48612,38.84002],[141.48617,38.84011],[141.48628,38.84022],[141.48652,38.84041],[141.48637,38.84042],[141.48586,38.84032],[141.4858,38.84039],[141.48594,38.84068],[141.48602,38.84076],[141.48618,38.84084],[141.48653,38.84094],[141.48649,38.84098],[141.48672,38.84125],[141.48663,38.84125],[141.48648,38.8412],[141.48623,38.84117],[141.48601,38.84102],[141.48564,38.84087],[141.48536,38.84096],[141.48479,38.84134],[141.4847,38.84146],[141.48443,38.84217],[141.48439,38.8422],[141.48398,38.84222],[141.48383,38.84225],[141.48324,38.842],[141.48321,38.84191],[141.48318,38.84182],[141.48276,38.84176],[141.48266,38.84175],[141.48242,38.84162],[141.48193,38.84137],[141.48033,38.83896],[141.47916,38.83819],[141.47886,38.83712],[141.47813,38.8368],[141.47794,38.83568],[141.47666,38.83366]]]},"properties":{"林班":"B149","市町村名称":"気仙沼市","旧市町村":null}},
{"type":"Feature","geometry":{"type":"Polygon","coordinates":[[[141.46985,38.82764],[141.47223,38.82825],[141.47288,38.82863],[141.47316,38.82883],[141.47346,38.82908],[141.47457,38.82985],[141.47512,38.83074],[141.47601,38.83267],[141.47666,38.83366],[141.47794,38.83568],[141.47813,38.8368],[141.47886,38.83712],[141.47916,38.83819],[141.48033,38.83896],[141.48193,38.84137],[141.48242,38.84162],[141.48266,38.84175],[141.48276,38.84176],[141.48318,38.84182],[141.48321,38.84191],[141.48324,38.842],[141.48383,38.84225],[141.48198,38.84238],[141.48138,38.84244],[141.48079,38.84266],[141.4806,38.84274],[141.48053,38.84276],[141.48014,38.84241],[141.47806,38.84244],[141.4773,38.84169],[141.47564,38.84122],[141.4746,38.84034],[141.47487,38.83983],[141.47444,38.83853],[141.47466,38.8373],[141.47418,38.83701],[141.47329,38.83555],[141.47341,38.83515],[141.47209,38.83397],[141.47216,38.83342],[141.47138,38.83093],[141.47086,38.83044],[141.47086,38.82953],[141.46985,38.82764]]]},"properties":{"林班":"B148","市町村名称":"気仙沼市","旧市町村":null}},
{"type":"Feature","geometry":{"type":"MultiPolygon","coordinates":[[[[141.53234,38.71644],[141.5332,38.71619],[141.53344,38.71703],[141.5321,38.71839],[141.53095,38.71847],[141.53063,38.71772],[141.53113,38.717],[141.53234,38.71644]]],[[[141.5322,38.71903],[141.53313,38.71916],[141.53218,38.72058],[141.53165,38.71995],[141.5322,38.71903]]],[[[141.53464,38.71423],[141.53464,38.71337],[141.53513,38.71232],[141.53584,38.71215],[141.5369,38.71289],[141.53766,38.71477],[141.53676,38.71595],[141.53601,38.71583],[141.5355,38.71652],[141.53441,38.71678],[141.53401,38.71595],[141.53537,38.71488],[141.53464,38.71423]]],[[[141.53324,38.7209],[141.53423,38.72167],[141.53386,38.72231],[141.53286,38.72181],[141.53324,38.7209]]],[[[141.53605,38.71147],[141.53715,38.71209],[141.53795,38.71306],[141.53821,38.71337],[141.53821,38.71376],[141.53645,38.71221],[141.53605,38.71147]]],[[[141.53595,38.72174],[141.537,38.72078],[141.53755,38.71935],[141.53858,38.72174],[141.53817,38.72261],[141.53731,38.7222],[141.53721,38.72106],[141.53595,38.72174]]]]},"properties":{"林班":"B057","市町村名称":"南三陸町","旧市町村":null}},
{"type":"Feature","geometry":{"type":"MultiPolygon","coordinates":[[[[141.55307,38.71001],[141.55418,38.70999],[141.55344,38.711],[141.55212,38.71092],[141.55307,38.71001]]],[[[141.55479,38.69565],[141.55565,38.69441],[141.55679,38.69446],[141.55762,38.69374],[141.55746,38.69332],[141.55782,38.69283],[141.5577,38.69189],[141.55836,38.6917],[141.56026,38.6901],[141.56156,38.69151],[141.56173,38.69235],[141.561,38.69291],[141.56105,38.69381],[141.55957,38.69511],[141.55804,38.69608],[141.55741,38.69547],[141.55915,38.69438],[141.55924,38.69313],[141.56061,38.69244],[141.56032,38.69143],[141.55799,38.69192],[141.55813,38.69257],[141.55769,38.69332],[141.55793,38.6937],[141.55737,38.69411],[141.5569,38.69519],[141.55636,38.69571],[141.55649,38.6962],[141.55766,38.69644],[141.55702,38.69729],[141.5552,38.69723],[141.55472,38.69655],[141.55479,38.69565]]],[[[141.55431,38.71801],[141.55503,38.71836],[141.55516,38.71914],[141.55378,38.71936],[141.55431,38.71801]]],[[[141.55841,38.71435],[141.55855,38.71254],[141.56,38.71224],[141.5611,38.71287],[141.56073,38.71386],[141.55936,38.71463],[141.55841,38.71435]]],[[[141.55939,38.7102],[141.56125,38.71116],[141.56195,38.71013],[141.56292,38.71088],[141.5619,38.71228],[141.56012,38.71185],[141.55939,38.7102]]],[[[141.56287,38.69706],[141.5639,38.69786],[141.56345,38.69833],[141.56445,38.70011],[141.56329,38.70083],[141.56382,38.70203],[141.56262,38.70328],[141.56396,38.70392],[141.56417,38.7052],[141.56574,38.70574],[141.56524,38.70687],[141.56596,38.70735],[141.56524,38.70901],[141.56623,38.71076],[141.5655,38.71142],[141.56541,38.71219],[141.56432,38.71224],[141.56333,38.7129],[141.56195,38.71275],[141.56191,38.71228],[141.56299,38.71135],[141.56319,38.71022],[141.56467,38.71136],[141.56515,38.71041],[141.56468,38.70954],[141.56492,38.70604],[141.56417,38.70621],[141.56333,38.70435],[141.56241,38.70335],[141.56345,38.70198],[141.56279,38.70116],[141.56356,38.69924],[141.56287,38.69706]]]]},"properties":{"林班":"B054","市町村名称":"南三陸町","旧市町村":null}},
{"type":"Feature","geometry":{"type":"MultiPolygon","coordinates":[[[[141.46469,38.83738],[141.4651,38.83656],[141.46698,38.83642],[141.46845,38.83632],[141.46832,38.8376],[141.4683,38.83761],[141.46832,38.8376],[141.46809,38.83801],[141.46825,38.83822],[141.46868,38.83819],[141.46921,38.83938],[141.46907,38.84104],[141.46875,38.84218],[141.46776,38.84388],[141.46617,38.84548],[141.46637,38.84612],[141.46728,38.84753],[141.46588,38.84707],[141.46463,38.84658],[141.46413,38.84482],[141.46326,38.84308],[141.46162,38.84187],[141.46285,38.84055],[141.46209,38.84004],[141.4614,38.83884],[141.46223,38.83828],[141.46408,38.8387],[141.46411,38.83861],[141.46418,38.83854],[141.46424,38.83846],[141.46409,38.83826],[141.46443,38.83753],[141.46452,38.83746],[141.46469,38.83738]]],[[[141.46923,38.84077],[141.46964,38.83992],[141.46895,38.83862],[141.46892,38.83822],[141.46832,38.83811],[141.46827,38.83787],[141.46859,38.83741],[141.4686,38.83633],[141.46899,38.83617],[141.46907,38.83675],[141.46881,38.83749],[141.46975,38.8401],[141.46923,38.84077]]]]},"properties":{"林班":"B141","市町村名称":"気仙沼市","旧市町村":null}},
{"type":"Feature","geometry":{"type":"MultiPolygon","coordinates":[[[[141.54721,38.72236],[141.54926,38.72271],[141.54868,38.72393],[141.54782,38.72405],[141.54646,38.72336],[141.54721,38.72236]]],[[[141.54574,38.72436],[141.54756,38.72411],[141.54794,38.72487],[141.54656,38.72496],[141.54648,38.72492],[141.54574,38.72436]]],[[[141.55216,38.728],[141.55268,38.72874],[141.55244,38.72992],[141.55122,38.73047],[141.55123,38.72922],[141.55159,38.72884],[141.55159,38.72821],[141.55216,38.728]]],[[[141.55235,38.73221],[141.55294,38.73182],[141.55333,38.73045],[141.55522,38.72972],[141.55512,38.73065],[141.55235,38.73221]]],[[[141.55292,38.72109],[141.55467,38.72122],[141.55431,38.72178],[141.55318,38.72194],[141.55292,38.72109]]],[[[141.55329,38.72591],[141.55406,38.72563],[141.55457,38.72627],[141.55328,38.72689],[141.55329,38.72591]]],[[[141.55352,38.72868],[141.55507,38.72851],[141.55418,38.72996],[141.55297,38.72992],[141.55352,38.72868]]],[[[141.56472,38.72765],[141.56416,38.72667],[141.56251,38.72676],[141.56235,38.72543],[141.56183,38.7249],[141.56082,38.72484],[141.56042,38.72559],[141.55925,38.72487],[141.55909,38.72413],[141.56027,38.72393],[141.56158,38.72425],[141.56316,38.72538],[141.56417,38.72575],[141.56578,38.72505],[141.56587,38.72831],[141.56488,38.72801],[141.56472,38.72765]]]]},"properties":{"林班":"B053","市町村名称":"南三陸町","旧市町村":null}},
{"type":"Feature","geometry":{"type":"MultiPolygon","coordinates":[[[[141.45941,38.83202],[141.46093,38.83214],[141.461,38.83215],[141.46286,38.83135],[141.46289,38.83134],[141.46332,38.83104],[141.46391,38.83108],[141.4652,38.83192],[141.46641,38.83165],[141.46683,38.83273],[141.46746,38.83349],[141.46762,38.83379],[141.46837,38.83367],[141.46844,38.83525],[141.46783,38.83632],[141.46698,38.83642],[141.46507,38.83656],[141.46259,38.8368],[141.46137,38.83654],[141.45969,38.83525],[141.45874,38.83546],[141.45635,38.83454],[141.45693,38.83347],[141.45786,38.83262],[141.4597,38.83279],[141.45941,38.83202]]],[[[141.46899,38.83617],[141.46864,38.8358],[141.46851,38.83362],[141.46757,38.83353],[141.46784,38.83302],[141.46773,38.83231],[141.46684,38.83266],[141.46663,38.83159],[141.46602,38.83089],[141.46514,38.83071],[141.46463,38.82969],[141.46494,38.82821],[141.46398,38.82716],[141.46498,38.82679],[141.46614,38.82814],[141.46617,38.83045],[141.46745,38.83152],[141.46894,38.83231],[141.46982,38.83417],[141.46907,38.83668],[141.46899,38.83617]]]]},"properties":{"林班":"B140","市町村名称":"気仙沼市","旧市町村":null}},
{"type":"Feature","geometry":{"type":"MultiPolygon","coordinates":[[[[141.53645,38.70561],[141.53736,38.70713],[141.5372,38.70765],[141.53551,38.70744],[141.53645,38.70561]]],[[[141.53605,38.71147],[141.53664,38.71069],[141.53732,38.71142],[141.53803,38.71124],[141.53837,38.71236],[141.53795,38.71306],[141.53715,38.71209],[141.53605,38.71147]]],[[[141.53821,38.71471],[141.53883,38.71453],[141.53995,38.71599],[141.53904,38.71645],[141.53821,38.71471]]],[[[141.53845,38.71784],[141.53922,38.71807],[141.53939,38.71973],[141.53849,38.7197],[141.53845,38.71784]]],[[[141.54035,38.70925],[141.54111,38.70922],[141.54204,38.71044],[141.5415,38.71097],[141.54227,38.71168],[141.54227,38.71227],[141.53991,38.71235],[141.54052,38.71053],[141.53953,38.70998],[141.54035,38.70925]]],[[[141.54059,38.71761],[141.54135,38.71725],[141.54188,38.71811],[141.54093,38.71848],[141.54059,38.71761]]],[[[141.54034,38.71897],[141.54128,38.71901],[141.54164,38.71836],[141.54302,38.71955],[141.54285,38.72012],[141.54168,38.72105],[141.54045,38.7209],[141.54107,38.7193],[141.54034,38.71897]]],[[[141.54083,38.71403],[141.54234,38.71339],[141.54377,38.71397],[141.54321,38.71499],[141.54433,38.71574],[141.54343,38.71607],[141.54191,38.71602],[141.54132,38.7157],[141.54154,38.7146],[141.54083,38.71403]]],[[[141.54259,38.7129],[141.54237,38.71237],[141.54378,38.71203],[141.54334,38.71306],[141.54259,38.7129]]],[[[141.54277,38.7179],[141.54338,38.71792],[141.54383,38.71916],[141.54287,38.71909],[141.54221,38.71843],[141.54277,38.7179]]]]},"properties":{"林班":"B056","市町村名称":"南三陸町","旧市町村":null}},
{"type":"Feature","geometry":{"type":"Polygon","coordinates":[[[141.45233,38.83449],[141.45278,38.83751],[141.45451,38.83991],[141.45473,38.84064],[141.45567,38.84133],[141.45686,38.84345],[141.4578,38.84444],[141.45886,38.84426],[141.4593,38.84478],[141.46236,38.84458],[141.46413,38.84482],[141.46463,38.84658],[141.46405,38.84684],[141.46266,38.84733],[141.46211,38.8478],[141.46216,38.84825],[141.462,38.84854],[141.46196,38.84859],[141.46183,38.8486],[141.46184,38.84864],[141.4619,38.84866],[141.46207,38.84866],[141.4621,38.84867],[141.46213,38.84873],[141.46212,38.84877],[141.46196,38.84952],[141.45926,38.85096],[141.45695,38.84986],[141.45403,38.84668],[141.4535,38.84566],[141.4531,38.84305],[141.45136,38.84015],[141.45011,38.83857],[141.4498,38.83723],[141.45052,38.83545],[141.4503,38.83499],[141.45074,38.83379],[141.45233,38.83449]]]},"properties":{"林班":"B143","市町村名称":"気仙沼市","旧市町村":null}},
{"type":"Feature","geometry":{"type":"MultiPolygon","coordinates":[[[[141.54565,38.71796],[141.54636,38.71734],[141.5471,38.71789],[141.54647,38.71898],[141.54565,38.71796]]],[[[141.54492,38.71873],[141.54541,38.71976],[141.54472,38.72117],[141.54385,38.72055],[141.54468,38.7196],[141.54492,38.71873]]],[[[141.5462,38.72079],[141.54872,38.72129],[141.54806,38.72198],[141.54614,38.72209],[141.5454,38.72176],[141.5462,38.72079]]],[[[141.54684,38.7148],[141.54796,38.71271],[141.54923,38.71213],[141.54982,38.71338],[141.54901,38.71427],[141.54911,38.7149],[141.54719,38.71658],[141.54593,38.71582],[141.54684,38.7148]]],[[[141.54735,38.71715],[141.54789,38.71647],[141.55013,38.71683],[141.55046,38.71769],[141.55029,38.71946],[141.54886,38.72021],[141.5492,38.71771],[141.54735,38.71715]]],[[[141.54842,38.72103],[141.54962,38.72062],[141.55141,38.71822],[141.55211,38.71918],[141.55232,38.72046],[141.549,38.72122],[141.54842,38.72103]]],[[[141.55059,38.71786],[141.55099,38.71679],[141.55195,38.71707],[141.55059,38.71786]]]]},"properties":{"林班":"B055","市町村名称":"南三陸町","旧市町村":null}},
{"type":"Feature","geometry":{"type":"Polygon","coordinates":[[[141.45457,38.83319],[141.45635,38.83454],[141.45874,38.83546],[141.45969,38.83525],[141.46137,38.83654],[141.46259,38.8368],[141.46507,38.83656],[141.46469,38.83738],[141.46452,38.83746],[141.46443,38.83753],[141.46409,38.83826],[141.46424,38.83846],[141.46418,38.83854],[141.46411,38.83861],[141.46408,38.8387],[141.46223,38.83828],[141.4614,38.83884],[141.46209,38.84004],[141.46285,38.84055],[141.46162,38.84187],[141.46326,38.84308],[141.46413,38.84482],[141.46236,38.84458],[141.4593,38.84478],[141.45886,38.84426],[141.4578,38.84444],[141.45686,38.84345],[141.45567,38.84133],[141.45473,38.84064],[141.45451,38.83991],[141.45278,38.83751],[141.45233,38.83449],[141.45289,38.83453],[141.45433,38.83308],[141.45457,38.83319]]]},"properties":{"林班":"B142","市町村名称":"気仙沼市","旧市町村":null}},
{"type":"Feature","geometry":{"type":"MultiPolygon","coordinates":[[[[141.53386,38.73572],[141.53492,38.73623],[141.53622,38.73626],[141.53697,38.73694],[141.53583,38.73756],[141.53657,38.73796],[141.53611,38.73882],[141.538,38.73891],[141.53736,38.73806],[141.53819,38.73773],[141.53905,38.73856],[141.54019,38.73911],[141.5394,38.74042],[141.53934,38.74162],[141.53844,38.74186],[141.5382,38.74068],[141.53734,38.7397],[141.53524,38.73967],[141.53474,38.73936],[141.5347,38.73805],[141.53215,38.73756],[141.53248,38.73688],[141.53386,38.73572]]],[[[141.53611,38.73467],[141.53669,38.73453],[141.53737,38.73581],[141.53613,38.73623],[141.53494,38.73622],[141.53433,38.73546],[141.53563,38.73517],[141.53611,38.73467]]],[[[141.53863,38.73521],[141.53952,38.73538],[141.5394,38.73636],[141.53828,38.7366],[141.53796,38.73566],[141.53863,38.73521]]],[[[141.53913,38.73729],[141.54138,38.73652],[141.54336,38.73689],[141.54453,38.73634],[141.54657,38.73585],[141.5468,38.73695],[141.5463,38.73787],[141.54649,38.73911],[141.54613,38.73989],[141.54431,38.73889],[141.54368,38.7396],[141.5403,38.73867],[141.53874,38.73793],[141.53913,38.73729]]]]},"properties":{"林班":"B050","市町村名称":"南三陸町","旧市町村":null}},
{"type":"Feature","geometry":{"type":"Polygon","coordinates":[[[141.48706,38.8247],[141.48762,38.82441],[141.48803,38.82315],[141.48924,38.82229],[141.48972,38.82107],[141.49114,38.82197],[141.49126,38.82235],[141.49187,38.82228],[141.49275,38.82257],[141.49497,38.82269],[141.49582,38.82305],[141.49454,38.82414],[141.49485,38.82488],[141.49486,38.82494],[141.4947,38.82581],[141.49785,38.82654],[141.4982,38.82694],[141.49834,38.82713],[141.49758,38.82762],[141.49514,38.8275],[141.49349,38.8284],[141.49271,38.82902],[141.49073,38.8289],[141.4904,38.82852],[141.48859,38.82956],[141.48651,38.82959],[141.48455,38.83009],[141.48411,38.82938],[141.48234,38.82842],[141.48251,38.82771],[141.48467,38.82535],[141.48647,38.82504],[141.48706,38.8247]]]},"properties":{"林班":"B156","市町村名称":"気仙沼市","旧市町村":null}},
{"type":"Feature","geometry":{"type":"MultiPolygon","coordinates":[[[[141.47517,38.8157],[141.4744,38.81465],[141.47631,38.81367],[141.47725,38.81383],[141.47698,38.81494],[141.47731,38.81579],[141.47609,38.81558],[141.47517,38.8157]]],[[[141.47276,38.82038],[141.47269,38.81954],[141.47385,38.81906],[141.47349,38.81713],[141.47437,38.81591],[141.47517,38.8157],[141.47561,38.81686],[141.47693,38.81791],[141.47755,38.81987],[141.47711,38.82018],[141.47657,38.8208],[141.47628,38.82131],[141.47599,38.82157],[141.47521,38.82113],[141.47443,38.8209],[141.47404,38.82033],[141.47276,38.82038]]],[[[141.47708,38.81577],[141.47822,38.81746],[141.47814,38.81819],[141.47873,38.81913],[141.47737,38.81903],[141.47695,38.8179],[141.47607,38.81714],[141.47641,38.81618],[141.47708,38.81577]]],[[[141.47625,38.82167],[141.47706,38.82029],[141.47773,38.82015],[141.47747,38.82136],[141.47812,38.82301],[141.47761,38.82415],[141.47758,38.82297],[141.47625,38.82167]]],[[[141.47919,38.81661],[141.48042,38.81593],[141.48194,38.81643],[141.48098,38.81765],[141.47919,38.81661]]],[[[141.47748,38.82419],[141.47815,38.82406],[141.47814,38.82301],[141.4775,38.82137],[141.47776,38.82015],[141.47767,38.81989],[141.47897,38.81978],[141.47979,38.82032],[141.48025,38.82123],[141.47991,38.82187],[141.47976,38.8225],[141.47969,38.82378],[141.47864,38.82541],[141.47748,38.82419]]],[[[141.47864,38.82543],[141.47973,38.82379],[141.47982,38.82251],[141.47995,38.82189],[141.48036,38.82134],[141.48012,38.82051],[141.48181,38.82011],[141.4826,38.82056],[141.48482,38.82011],[141.48528,38.82119],[141.48709,38.82085],[141.48612,38.82139],[141.48661,38.82349],[141.48347,38.82358],[141.48076,38.82411],[141.48044,38.82543],[141.47856,38.82584],[141.47864,38.82543]]],[[[141.47859,38.82586],[141.48058,38.82542],[141.4808,38.82412],[141.48348,38.82363],[141.48664,38.82353],[141.48706,38.8247],[141.48647,38.82504],[141.48467,38.82535],[141.48251,38.82771],[141.48038,38.82666],[141.47943,38.82651],[141.47859,38.82586]]],[[[141.48141,38.81724],[141.48297,38.81751],[141.48166,38.81854],[141.481,38.81766],[141.48141,38.81724]]],[[[141.4852,38.81792],[141.48535,38.81882],[141.48642,38.81911],[141.48672,38.81978],[141.48554,38.8204],[141.4851,38.81998],[141.4836,38.82009],[141.48279,38.81953],[141.48212,38.81824],[141.48341,38.81744],[141.4852,38.81792]]]]},"properties":{"林班":"B155","市町村名称":"気仙沼市","旧市町村":null}},
{"type":"Feature","geometry":{"type":"MultiPolygon","coordinates":[[[[141.55125,38.73078],[141.55213,38.73161],[141.55096,38.73294],[141.5494,38.73284],[141.55014,38.7321],[141.55006,38.73154],[141.55125,38.73078]]],[[[141.55522,38.72972],[141.55598,38.7298],[141.55577,38.73094],[141.55491,38.73108],[141.55365,38.73174],[141.55215,38.73413],[141.55155,38.73275],[141.55235,38.73221],[141.55512,38.73065],[141.55522,38.72972]]],[[[141.54811,38.7333],[141.54909,38.73365],[141.54949,38.73299],[141.55067,38.7342],[141.55168,38.73445],[141.55077,38.73532],[141.54936,38.73451],[141.54811,38.7333]]],[[[141.55158,38.73679],[141.55248,38.73714],[141.55387,38.73639],[141.5555,38.73728],[141.55735,38.73652],[141.55912,38.73643],[141.55938,38.73702],[141.55827,38.7375],[141.55718,38.73718],[141.55702,38.73785],[141.55553,38.73776],[141.55446,38.73817],[141.55252,38.73767],[141.55158,38.73679]]],[[[141.55375,38.73192],[141.55497,38.73119],[141.55635,38.73117],[141.55642,38.73213],[141.55563,38.73384],[141.55557,38.73531],[141.55626,38.73532],[141.55646,38.73634],[141.55364,38.73629],[141.55276,38.73653],[141.55216,38.73525],[141.55253,38.73378],[141.55375,38.73192]]],[[[141.55659,38.73309],[141.55795,38.73306],[141.55665,38.73482],[141.55601,38.73415],[141.55659,38.73309]]],[[[141.55851,38.73474],[141.55991,38.73501],[141.55984,38.73542],[141.56017,38.73593],[141.55977,38.73639],[141.55847,38.73556],[141.55851,38.73474]]],[[[141.56488,38.72801],[141.56311,38.72938],[141.56112,38.72995],[141.5604,38.72878],[141.56151,38.7289],[141.56185,38.72826],[141.56338,38.72837],[141.56472,38.72765],[141.56488,38.72801]]],[[[141.56039,38.73703],[141.56008,38.73639],[141.56062,38.73596],[141.55996,38.73547],[141.56104,38.73492],[141.5614,38.73609],[141.56039,38.73703]]],[[[141.56149,38.7365],[141.56267,38.7367],[141.56216,38.73774],[141.56112,38.73725],[141.56149,38.7365]]],[[[141.56372,38.73272],[141.56442,38.73282],[141.56504,38.73444],[141.56479,38.73558],[141.56556,38.73605],[141.56428,38.73787],[141.56383,38.73649],[141.56491,38.73588],[141.56417,38.73527],[141.56426,38.73445],[141.56372,38.73272]]]]},"properties":{"林班":"B052","市町村名称":"南三陸町","旧市町村":null}},
{"type":"Feature","geometry":{"type":"MultiPolygon","coordinates":[[[[141.48391,38.81571],[141.48436,38.81588],[141.48557,38.81651],[141.48645,38.81737],[141.48724,38.81682],[141.48818,38.81704],[141.48949,38.81763],[141.49111,38.81729],[141.4894,38.81909],[141.49007,38.82056],[141.48972,38.82103],[141.48825,38.82064],[141.48684,38.81966],[141.48685,38.81946],[141.48575,38.81828],[141.48535,38.81808],[141.48461,38.81702],[141.48356,38.81621],[141.48391,38.81571]]],[[[141.48709,38.82085],[141.48828,38.82093],[141.48661,38.82349],[141.48612,38.82139],[141.48709,38.82085]]],[[[141.48972,38.82107],[141.48924,38.82229],[141.48803,38.82315],[141.48762,38.82441],[141.48706,38.8247],[141.48664,38.82353],[141.48799,38.82173],[141.48878,38.82174],[141.48972,38.82107]]]]},"properties":{"林班":"B158","市町村名称":"気仙沼市","旧市町村":null}},
{"type":"Feature","geometry":{"type":"MultiPolygon","coordinates":[[[[141.54251,38.72561],[141.54157,38.7247],[141.54406,38.72405],[141.5442,38.72585],[141.54337,38.72656],[141.54144,38.72703],[141.54141,38.72522],[141.54251,38.72561]]],[[[141.54083,38.73018],[141.54143,38.73007],[141.54204,38.72906],[141.54273,38.72934],[141.5435,38.73055],[141.54161,38.73063],[141.54083,38.73018]]],[[[141.54153,38.73223],[141.54213,38.73316],[141.54297,38.73377],[141.54357,38.73502],[141.54245,38.73572],[141.54085,38.73513],[141.54084,38.734],[141.5401,38.73297],[141.54006,38.73172],[141.54097,38.73152],[141.54251,38.73217],[141.54378,38.7315],[141.54396,38.73239],[141.54307,38.73296],[141.54153,38.73223]]],[[[141.54133,38.72786],[141.54218,38.72784],[141.5441,38.7271],[141.54432,38.7276],[141.54267,38.72804],[141.54146,38.72883],[141.54133,38.72786]]],[[[141.54648,38.72492],[141.54625,38.7256],[141.54481,38.72653],[141.54469,38.72445],[141.54574,38.72436],[141.54648,38.72492]]],[[[141.54466,38.73106],[141.54584,38.72966],[141.54837,38.72852],[141.54943,38.72911],[141.54912,38.73008],[141.54668,38.73101],[141.54626,38.73175],[141.54466,38.73106]]],[[[141.54486,38.73207],[141.5457,38.73214],[141.54509,38.73385],[141.54409,38.73351],[141.54486,38.73207]]],[[[141.54863,38.72508],[141.54914,38.72607],[141.54769,38.72683],[141.54535,38.72671],[141.5464,38.72576],[141.54656,38.72496],[141.54794,38.72487],[141.54849,38.72477],[141.54863,38.72508]]],[[[141.54565,38.72703],[141.54694,38.72693],[141.54727,38.72849],[141.54478,38.72774],[141.54565,38.72703]]],[[[141.54513,38.72823],[141.54649,38.72844],[141.54673,38.72911],[141.54575,38.72937],[141.54513,38.72823]]],[[[141.55006,38.72653],[141.55076,38.72601],[141.55219,38.72657],[141.55176,38.7273],[141.55142,38.72872],[141.55049,38.72856],[141.5501,38.72887],[141.54933,38.72834],[141.55096,38.72753],[141.55006,38.72653]]]]},"properties":{"林班":"B051","市町村名称":"南三陸町","旧市町村":null}},
{"type":"Feature","geometry":{"type":"MultiPolygon","coordinates":[[[[141.49111,38.81729],[141.49137,38.81647],[141.49251,38.81465],[141.49458,38.81493],[141.49647,38.81463],[141.49701,38.81463],[141.49874,38.81411],[141.49875,38.81584],[141.49673,38.81554],[141.49724,38.81648],[141.49613,38.8172],[141.4969,38.81798],[141.49534,38.81968],[141.49662,38.82021],[141.49838,38.81942],[141.49887,38.81862],[141.49966,38.81942],[141.49924,38.82052],[141.49848,38.82046],[141.49788,38.82156],[141.497,38.82193],[141.49546,38.82212],[141.49457,38.82246],[141.49496,38.82171],[141.49493,38.82144],[141.49472,38.82138],[141.4944,38.82156],[141.49332,38.82189],[141.49129,38.82227],[141.49124,38.82196],[141.48972,38.82103],[141.49007,38.82056],[141.4894,38.81909],[141.49111,38.81729]]],[[[141.49491,38.82156],[141.49472,38.82195],[141.49374,38.82255],[141.4921,38.82217],[141.49333,38.82194],[141.49444,38.8216],[141.49464,38.82146],[141.49491,38.82156]]],[[[141.49742,38.81615],[141.49885,38.81644],[141.49834,38.81745],[141.49758,38.81733],[141.49742,38.81615]]]]},"properties":{"林班":"B157","市町村名称":"気仙沼市","旧市町村":null}},
{"type":"Feature","geometry":{"type":"MultiPolygon","coordinates":[[[[141.48312,38.8158],[141.4822,38.81596],[141.48147,38.81552],[141.47979,38.81531],[141.47873,38.81383],[141.47738,38.8129],[141.47866,38.81231],[141.47888,38.81172],[141.48055,38.81105],[141.48325,38.81135],[141.48415,38.81298],[141.48583,38.81409],[141.48585,38.81457],[141.48631,38.81535],[141.48685,38.8159],[141.48592,38.81611],[141.48414,38.81557],[141.48373,38.81567],[141.48312,38.8158]],[[141.4824,38.81414],[141.48325,38.8137],[141.48297,38.81304],[141.48175,38.81321],[141.4824,38.81414]]],[[[141.48818,38.81704],[141.48771,38.81666],[141.48817,38.81572],[141.48885,38.81558],[141.48915,38.81474],[141.48912,38.81454],[141.48865,38.81403],[141.48875,38.81363],[141.48836,38.81325],[141.48806,38.81322],[141.48681,38.81382],[141.48551,38.8136],[141.48431,38.81298],[141.48441,38.81209],[141.48604,38.8108],[141.48697,38.81104],[141.48759,38.81096],[141.48805,38.81031],[141.48937,38.80991],[141.49044,38.81117],[141.49157,38.81059],[141.49298,38.81103],[141.49251,38.81465],[141.49137,38.81647],[141.49111,38.81729],[141.48949,38.81763],[141.48818,38.81704]]],[[[141.48656,38.81017],[141.48814,38.80912],[141.48922,38.80965],[141.48802,38.8103],[141.48759,38.81093],[141.48697,38.81102],[141.48656,38.81017]]],[[[141.48586,38.81408],[141.48732,38.81396],[141.48827,38.81328],[141.48856,38.81404],[141.48905,38.81458],[141.4889,38.8153],[141.4887,38.81556],[141.48828,38.81562],[141.48797,38.81581],[141.48771,38.81646],[141.48634,38.81534],[141.48588,38.81456],[141.48586,38.81408]]]]},"properties":{"林班":"B159","市町村名称":"気仙沼市","旧市町村":null}},
{"type":"Feature","geometry":{"type":"MultiPolygon","coordinates":[[[[141.51641,38.72657],[141.5174,38.72574],[141.51764,38.72678],[141.51643,38.72722],[141.51714,38.7284],[141.51782,38.72658],[141.51753,38.72574],[141.51923,38.72508],[141.52072,38.72549],[141.52043,38.72661],[141.52105,38.72736],[141.5216,38.73045],[141.52001,38.73004],[141.51885,38.73016],[141.51755,38.72967],[141.51667,38.72994],[141.51515,38.72923],[141.51531,38.72846],[141.51637,38.72878],[141.51707,38.72845],[141.5163,38.72709],[141.51641,38.72657]]],[[[141.52064,38.73848],[141.51753,38.7367],[141.51507,38.73494],[141.51458,38.7339],[141.51379,38.73341],[141.51481,38.73261],[141.51457,38.73213],[141.51506,38.73117],[141.51593,38.73114],[141.51535,38.72945],[141.51673,38.73006],[141.51791,38.72997],[141.51808,38.73115],[141.51867,38.73265],[141.51977,38.73224],[141.52109,38.73215],[141.52138,38.73154],[141.52163,38.73207],[141.52171,38.73227],[141.52172,38.73275],[141.52069,38.73259],[141.52205,38.73306],[141.52234,38.73378],[141.52259,38.73474],[141.52133,38.73462],[141.52095,38.7352],[141.52063,38.7357],[141.52101,38.73732],[141.52064,38.73848]]]]},"properties":{"林班":"B047","市町村名称":"南三陸町","旧市町村":null}},
{"type":"Feature","geometry":{"type":"Polygon","coordinates":[[[141.52177,38.72377],[141.52178,38.72173],[141.5234,38.72065],[141.52416,38.71946],[141.52529,38.71895],[141.52579,38.7193],[141.52574,38.71968],[141.52598,38.71994],[141.52623,38.72027],[141.52624,38.7207],[141.5266,38.72068],[141.5267,38.7204],[141.52703,38.72028],[141.52731,38.72039],[141.52741,38.72038],[141.52756,38.72061],[141.52755,38.72105],[141.52889,38.72314],[141.52949,38.7236],[141.53146,38.72333],[141.53239,38.7238],[141.5335,38.72489],[141.53267,38.72585],[141.53341,38.72687],[141.53156,38.7266],[141.53006,38.7261],[141.52835,38.727],[141.52782,38.72752],[141.52738,38.72777],[141.52708,38.72782],[141.52685,38.72765],[141.5264,38.72758],[141.52469,38.72753],[141.52467,38.72833],[141.52382,38.72915],[141.52311,38.72896],[141.52103,38.72732],[141.52048,38.72661],[141.52126,38.72517],[141.52119,38.72439],[141.52177,38.72377]]]},"properties":{"林班":"B046","市町村名称":"南三陸町","旧市町村":null}},
{"type":"Feature","geometry":{"type":"MultiPolygon","coordinates":[[[[141.53156,38.7266],[141.53266,38.7273],[141.53224,38.72849],[141.53212,38.72843],[141.53171,38.72836],[141.53118,38.72831],[141.53026,38.72845],[141.52969,38.72819],[141.52835,38.727],[141.53006,38.7261],[141.53156,38.7266]]],[[[141.52286,38.73053],[141.52308,38.72987],[141.52402,38.72942],[141.5247,38.72834],[141.52469,38.72755],[141.52711,38.72784],[141.52739,38.72778],[141.52784,38.72752],[141.52836,38.72702],[141.52966,38.72821],[141.53026,38.72848],[141.53119,38.72834],[141.53211,38.72846],[141.53253,38.72881],[141.53307,38.72892],[141.53344,38.72932],[141.53343,38.72954],[141.53322,38.72981],[141.53309,38.73029],[141.53306,38.73075],[141.53335,38.73156],[141.53326,38.73297],[141.52915,38.7322],[141.52826,38.73137],[141.52705,38.73086],[141.52507,38.7308],[141.52286,38.73053]]],[[[141.5339,38.72885],[141.53515,38.72919],[141.53552,38.72865],[141.53684,38.72871],[141.53642,38.73017],[141.53751,38.73147],[141.53847,38.73195],[141.53628,38.73286],[141.53583,38.73226],[141.53484,38.73188],[141.5345,38.73038],[141.53333,38.72972],[141.5339,38.72885]]],[[[141.53322,38.72989],[141.53448,38.73039],[141.53483,38.73189],[141.53581,38.73227],[141.53338,38.73282],[141.53339,38.73163],[141.5331,38.73071],[141.53322,38.72989]]],[[[141.53554,38.72683],[141.53644,38.72764],[141.53496,38.72801],[141.53481,38.72705],[141.53554,38.72683]]]]},"properties":{"林班":"B049","市町村名称":"南三陸町","旧市町村":null}},
{"type":"Feature","geometry":{"type":"Polygon","coordinates":[[[141.4866,38.83554],[141.48807,38.83626],[141.48833,38.83715],[141.48896,38.8375],[141.48984,38.83882],[141.48981,38.83939],[141.48945,38.84018],[141.49095,38.84255],[141.49082,38.84295],[141.49006,38.84344],[141.48925,38.84303],[141.48918,38.84272],[141.48874,38.84192],[141.48854,38.84178],[141.48822,38.84177],[141.48793,38.84174],[141.48792,38.8416],[141.48797,38.84156],[141.48818,38.8413],[141.48811,38.84119],[141.48765,38.84135],[141.4874,38.84129],[141.48704,38.84124],[141.48689,38.84118],[141.48672,38.84125],[141.48649,38.84098],[141.48653,38.84094],[141.48618,38.84084],[141.48602,38.84076],[141.48594,38.84068],[141.4858,38.84039],[141.48586,38.84032],[141.48637,38.84042],[141.48652,38.84041],[141.48628,38.84022],[141.48617,38.84011],[141.48612,38.84002],[141.48593,38.83992],[141.4855,38.8395],[141.48537,38.83939],[141.48524,38.83922],[141.48487,38.8391],[141.4849,38.83898],[141.48579,38.83868],[141.48595,38.83862],[141.48601,38.83855],[141.48547,38.83771],[141.48568,38.83653],[141.4866,38.83554]]]},"properties":{"林班":"B150","市町村名称":"気仙沼市","旧市町村":null}},
{"type":"Feature","geometry":{"type":"MultiPolygon","coordinates":[[[[141.52507,38.7308],[141.52687,38.73091],[141.52836,38.73177],[141.52841,38.73412],[141.52775,38.73422],[141.52646,38.73327],[141.52511,38.7332],[141.52346,38.73274],[141.5219,38.7309],[141.52286,38.73053],[141.52507,38.7308]]],[[[141.52171,38.73227],[141.52294,38.73255],[141.5238,38.73421],[141.52494,38.73472],[141.52584,38.73646],[141.52711,38.73776],[141.52586,38.73811],[141.5255,38.73745],[141.52442,38.73689],[141.52324,38.73723],[141.52186,38.73501],[141.52133,38.73462],[141.52259,38.73474],[141.52234,38.73378],[141.5222,38.73308],[141.52172,38.73275],[141.52171,38.73227]]],[[[141.52095,38.7352],[141.52165,38.73659],[141.52281,38.73754],[141.52064,38.73848],[141.52101,38.73732],[141.52063,38.7357],[141.52095,38.7352]]],[[[141.52384,38.7342],[141.5237,38.73362],[141.52558,38.73335],[141.52653,38.73344],[141.52723,38.73407],[141.52728,38.73511],[141.5293,38.7354],[141.52965,38.73667],[141.52905,38.73743],[141.52653,38.73683],[141.52586,38.73645],[141.52495,38.73468],[141.52384,38.7342]]],[[[141.52891,38.73472],[141.53041,38.73421],[141.53088,38.73463],[141.53054,38.73562],[141.52968,38.73572],[141.52891,38.73472]]]]},"properties":{"林班":"B048","市町村名称":"南三陸町","旧市町村":null}},
{"type":"Feature","geometry":{"type":"MultiPolygon","coordinates":[[[[141.50926,38.71869],[141.51031,38.7191],[141.51102,38.71984],[141.51212,38.72234],[141.51232,38.72084],[141.51165,38.71861],[141.51178,38.71786],[141.51103,38.7169],[141.51266,38.71565],[141.5141,38.71595],[141.51471,38.7165],[141.51533,38.71549],[141.51658,38.71503],[141.51903,38.71633],[141.51834,38.71711],[141.51662,38.71835],[141.51579,38.71845],[141.51495,38.71915],[141.51484,38.72068],[141.51346,38.72223],[141.5136,38.72301],[141.51258,38.72325],[141.51166,38.72428],[141.51031,38.72503],[141.50841,38.72372],[141.50698,38.72353],[141.50595,38.72237],[141.50598,38.72146],[141.50682,38.72088],[141.50932,38.7197],[141.50926,38.71869]]],[[[141.51084,38.717],[141.51111,38.71929],[141.51007,38.7182],[141.51084,38.717]]]]},"properties":{"林班":"B043","市町村名称":"南三陸町","旧市町村":null}},
{"type":"Feature","geometry":{"type":"Polygon","coordinates":[[[141.47385,38.82807],[141.4775,38.82837],[141.47964,38.82879],[141.48234,38.82842],[141.48411,38.82938],[141.48455,38.83009],[141.48568,38.83216],[141.48499,38.83373],[141.48378,38.83433],[141.48065,38.8344],[141.47914,38.83327],[141.47755,38.833],[141.47669,38.83314],[141.47595,38.83245],[141.47512,38.83074],[141.47457,38.82985],[141.47462,38.82975],[141.47464,38.82974],[141.47412,38.82874],[141.47385,38.82807]]]},"properties":{"林班":"B152","市町村名称":"気仙沼市","旧市町村":null}},
{"type":"Feature","geometry":{"type":"MultiPolygon","coordinates":[[[[141.50337,38.72428],[141.5047,38.72221],[141.50561,38.72202],[141.50577,38.72283],[141.50646,38.7236],[141.50632,38.72441],[141.5071,38.72497],[141.50773,38.72619],[141.50676,38.7269],[141.50371,38.72783],[141.50303,38.72934],[141.50211,38.72997],[141.50083,38.72996],[141.49985,38.72885],[141.49982,38.72772],[141.50216,38.72609],[141.50274,38.72651],[141.50368,38.72604],[141.50286,38.72514],[141.50337,38.72428]]],[[[141.50985,38.72635],[141.51032,38.72617],[141.51155,38.72683],[141.51093,38.72732],[141.50989,38.72686],[141.50985,38.72635]]],[[[141.51093,38.72868],[141.51011,38.72922],[141.50924,38.7283],[141.51059,38.7278],[141.51093,38.72868]]],[[[141.51336,38.72494],[141.51405,38.72568],[141.51461,38.72716],[141.51197,38.72701],[141.51166,38.72597],[141.51102,38.72542],[141.51211,38.72461],[141.51336,38.72494]]],[[[141.51121,38.73197],[141.51289,38.7323],[141.51355,38.73153],[141.51223,38.73131],[141.51101,38.72966],[141.51165,38.72893],[141.51281,38.72903],[141.51388,38.72858],[141.51504,38.72931],[141.51554,38.73063],[141.51473,38.73117],[141.51441,38.73264],[141.51329,38.7334],[141.5126,38.73288],[141.51144,38.73275],[141.51121,38.73197]]],[[[141.51561,38.72574],[141.51605,38.72636],[141.51523,38.72681],[141.51341,38.72431],[141.51435,38.72447],[141.51486,38.72595],[141.51561,38.72574]]]]},"properties":{"林班":"B042","市町村名称":"南三陸町","旧市町村":null}},
{"type":"Feature","geometry":{"type":"MultiPolygon","coordinates":[[[[141.48455,38.83009],[141.48651,38.82959],[141.48859,38.82956],[141.4904,38.82852],[141.49073,38.8289],[141.49271,38.82902],[141.49349,38.8284],[141.49428,38.82908],[141.49593,38.82964],[141.49783,38.82948],[141.49698,38.8303],[141.49573,38.83053],[141.49505,38.83114],[141.49287,38.83183],[141.49148,38.83251],[141.4904,38.83257],[141.48772,38.834],[141.48726,38.83487],[141.48666,38.83547],[141.48545,38.83497],[141.48499,38.83373],[141.48568,38.83216],[141.48455,38.83009]]],[[[141.48546,38.83555],[141.4866,38.83554],[141.48568,38.83653],[141.48546,38.83555]]],[[[141.50258,38.82765],[141.50275,38.8286],[141.50111,38.82935],[141.5003,38.83005],[141.49671,38.83118],[141.49702,38.83041],[141.49814,38.82969],[141.49827,38.82913],[141.49927,38.82816],[141.5001,38.82831],[141.50104,38.82752],[141.50258,38.82765]]]]},"properties":{"林班":"B151","市町村名称":"気仙沼市","旧市町村":null}},
{"type":"Feature","geometry":{"type":"MultiPolygon","coordinates":[[[[141.52529,38.71895],[141.52691,38.71811],[141.52723,38.71901],[141.52598,38.71994],[141.52574,38.71968],[141.52579,38.7193],[141.52529,38.71895]]],[[[141.52623,38.72027],[141.5267,38.7204],[141.5266,38.72068],[141.52624,38.7207],[141.52623,38.72027]]],[[[141.52755,38.72105],[141.5285,38.72157],[141.52912,38.72241],[141.5315,38.72177],[141.52949,38.7236],[141.52889,38.72314],[141.52755,38.72105]]],[[[141.53239,38.7238],[141.53335,38.7243],[141.53494,38.72459],[141.53386,38.72567],[141.53267,38.72585],[141.5335,38.72489],[141.53239,38.7238]]],[[[141.53497,38.7249],[141.53593,38.72428],[141.53782,38.72543],[141.53717,38.72621],[141.53497,38.7249]]],[[[141.53481,38.72543],[141.5358,38.72572],[141.53647,38.72636],[141.53463,38.72669],[141.53383,38.72645],[141.53394,38.72563],[141.53481,38.72543]]],[[[141.53927,38.72646],[141.53959,38.7269],[141.53881,38.72776],[141.53792,38.72683],[141.53927,38.72646]]]]},"properties":{"林班":"B045","市町村名称":"南三陸町","旧市町村":null}},
{"type":"Feature","geometry":{"type":"MultiPolygon","coordinates":[[[[141.46818,38.82697],[141.46725,38.82701],[141.46693,38.82532],[141.46738,38.82337],[141.46671,38.82253],[141.46767,38.82182],[141.46875,38.82239],[141.46909,38.82362],[141.46892,38.82429],[141.4697,38.82547],[141.46818,38.82697]]],[[[141.4733,38.82724],[141.47237,38.82701],[141.47163,38.82631],[141.47074,38.82486],[141.47009,38.8245],[141.46959,38.82324],[141.46964,38.82098],[141.47067,38.82101],[141.47116,38.82098],[141.47172,38.82132],[141.47192,38.82143],[141.47207,38.82146],[141.47231,38.82125],[141.47239,38.82135],[141.47237,38.82157],[141.47259,38.82179],[141.47301,38.8229],[141.4733,38.82308],[141.47321,38.8233],[141.47253,38.82351],[141.47232,38.82375],[141.47074,38.82318],[141.47079,38.82408],[141.47263,38.82677],[141.4733,38.82724]]],[[[141.46985,38.82764],[141.47055,38.82653],[141.47152,38.82685],[141.47263,38.8277],[141.47288,38.82863],[141.47223,38.82825],[141.46985,38.82764]]],[[[141.47194,38.82141],[141.47174,38.8213],[141.47157,38.82112],[141.47117,38.82095],[141.47069,38.821],[141.47043,38.82059],[141.47101,38.82027],[141.47168,38.82055],[141.47198,38.82106],[141.47194,38.82141]]],[[[141.47241,38.82141],[141.47296,38.82183],[141.47321,38.82217],[141.47317,38.82263],[141.47358,38.82328],[141.47302,38.82337],[141.47322,38.82332],[141.47334,38.82317],[141.47329,38.82304],[141.47303,38.82288],[141.47262,38.82178],[141.47241,38.82141]]],[[[141.47333,38.82725],[141.47385,38.82807],[141.47412,38.82874],[141.47333,38.82725]]]]},"properties":{"林班":"B154","市町村名称":"気仙沼市","旧市町村":null}},
{"type":"Feature","geometry":{"type":"MultiPolygon","coordinates":[[[[141.51546,38.71911],[141.51707,38.71865],[141.51701,38.71938],[141.51885,38.72099],[141.51657,38.72098],[141.51682,38.722],[141.5145,38.72222],[141.51531,38.72039],[141.51546,38.71911]]],[[[141.51561,38.72574],[141.51462,38.72489],[141.51438,38.72376],[141.51507,38.72351],[141.51512,38.72507],[141.51561,38.72574]]],[[[141.51759,38.72489],[141.51841,38.72379],[141.51972,38.72315],[141.52165,38.72341],[141.52108,38.72408],[141.52105,38.72514],[141.51759,38.72489]]],[[[141.51806,38.718],[141.5189,38.71752],[141.51952,38.71885],[141.51825,38.71927],[141.51765,38.71847],[141.51806,38.718]]]]},"properties":{"林班":"B044","市町村名称":"南三陸町","旧市町村":null}},
{"type":"Feature","geometry":{"type":"MultiPolygon","coordinates":[[[[141.47101,38.82027],[141.4711,38.81986],[141.47265,38.81975],[141.47296,38.82183],[141.47241,38.82141],[141.47236,38.82124],[141.4723,38.82124],[141.47205,38.82144],[141.47194,38.82141],[141.47198,38.82106],[141.47168,38.82055],[141.47101,38.82027]]],[[[141.47276,38.82038],[141.47404,38.82033],[141.47443,38.8209],[141.47309,38.82179],[141.47276,38.82038]]],[[[141.4733,38.82724],[141.47263,38.82677],[141.47079,38.82408],[141.47074,38.82318],[141.47232,38.82375],[141.47267,38.82348],[141.47302,38.82337],[141.47358,38.82328],[141.47317,38.82263],[141.47321,38.82217],[141.4733,38.82169],[141.47422,38.82134],[141.47537,38.82125],[141.47612,38.82168],[141.47625,38.82167],[141.47758,38.82297],[141.47761,38.82415],[141.47748,38.82419],[141.47864,38.82541],[141.47864,38.82543],[141.47856,38.82584],[141.47859,38.82586],[141.47943,38.82651],[141.48038,38.82666],[141.48251,38.82771],[141.48234,38.82842],[141.47964,38.82879],[141.4775,38.82837],[141.47385,38.82807],[141.47333,38.82725],[141.4733,38.82724]]]]},"properties":{"林班":"B153","市町村名称":"気仙沼市","旧市町村":null}},
{"type":"Feature","geometry":{"type":"MultiPolygon","coordinates":[[[[141.44312,38.80062],[141.44235,38.79943],[141.44321,38.79931],[141.44312,38.80062]]],[[[141.43997,38.80182],[141.44081,38.80184],[141.44139,38.80113],[141.44377,38.80124],[141.44533,38.80055],[141.44631,38.801],[141.44547,38.80122],[141.44545,38.80123],[141.44493,38.80209],[141.4447,38.80208],[141.44408,38.80271],[141.44264,38.80251],[141.44046,38.80252],[141.43997,38.80182]]],[[[141.44704,38.79265],[141.44806,38.79384],[141.44801,38.79485],[141.4475,38.79549],[141.44675,38.7931],[141.44704,38.79265]]],[[[141.44639,38.80101],[141.44701,38.8001],[141.44766,38.80032],[141.44639,38.80101]]]]},"properties":{"林班":"B123","市町村名称":"気仙沼市","旧市町村":null}},
{"type":"Feature","geometry":{"type":"Polygon","coordinates":[[[141.44639,38.80101],[141.44766,38.80032],[141.44852,38.79915],[141.45048,38.79843],[141.45011,38.79734],[141.45092,38.79676],[141.45149,38.79616],[141.4536,38.79574],[141.4546,38.79595],[141.45312,38.79864],[141.45262,38.79842],[141.45165,38.79918],[141.45206,38.79994],[141.45083,38.80014],[141.45046,38.80112],[141.4494,38.80146],[141.44837,38.80259],[141.44717,38.80291],[141.44663,38.80223],[141.44639,38.80101]]]},"properties":{"林班":"B122","市町村名称":"気仙沼市","旧市町村":null}},
{"type":"Feature","geometry":{"type":"MultiPolygon","coordinates":[[[[141.48644,38.73793],[141.48686,38.73743],[141.488,38.73741],[141.48975,38.73628],[141.49365,38.73296],[141.49378,38.73406],[141.49355,38.73487],[141.49313,38.73412],[141.49214,38.73453],[141.49169,38.73547],[141.49226,38.73624],[141.49178,38.73687],[141.48986,38.73692],[141.48847,38.73814],[141.48824,38.73902],[141.48753,38.73951],[141.48666,38.73987],[141.48557,38.7409],[141.48511,38.74182],[141.48414,38.74149],[141.48559,38.74028],[141.4862,38.73927],[141.48644,38.73793]]],[[[141.49475,38.73273],[141.49384,38.73255],[141.49387,38.7307],[141.49482,38.72998],[141.49505,38.72947],[141.4962,38.72928],[141.49674,38.72873],[141.49724,38.72724],[141.49796,38.72739],[141.49709,38.72518],[141.49825,38.72458],[141.49838,38.72575],[141.49978,38.72602],[141.5007,38.72508],[141.50122,38.72531],[141.50258,38.72381],[141.50328,38.72223],[141.50391,38.72329],[141.50337,38.72428],[141.50286,38.72514],[141.50368,38.72604],[141.50274,38.72651],[141.50216,38.72609],[141.49982,38.72772],[141.49985,38.72885],[141.49983,38.72885],[141.49769,38.72991],[141.49656,38.73138],[141.49475,38.73273]]]]},"properties":{"林班":"B041","市町村名称":"南三陸町","旧市町村":null}},
{"type":"Feature","geometry":{"type":"MultiPolygon","coordinates":[[[[141.43367,38.79786],[141.43555,38.79695],[141.43693,38.79661],[141.43862,38.79704],[141.4389,38.79798],[141.43957,38.79851],[141.43885,38.80102],[141.43745,38.80164],[141.43686,38.80171],[141.43478,38.79881],[141.43367,38.79786]]],[[[141.4415,38.79793],[141.44148,38.79915],[141.4409,38.80068],[141.43964,38.80122],[141.44138,38.79881],[141.4415,38.79793]]]]},"properties":{"林班":"B125","市町村名称":"気仙沼市","旧市町村":null}},
{"type":"Feature","geometry":{"type":"MultiPolygon","coordinates":[[[[141.49409,38.7337],[141.49554,38.73318],[141.49542,38.73415],[141.49409,38.7337]]],[[[141.49226,38.73624],[141.49373,38.73478],[141.4939,38.73585],[141.49374,38.73727],[141.49312,38.73791],[141.49233,38.73796],[141.49023,38.73891],[141.48824,38.73902],[141.48847,38.73814],[141.48986,38.73692],[141.49178,38.73687],[141.49226,38.73624]]],[[[141.49475,38.73273],[141.49656,38.73138],[141.49769,38.72991],[141.49983,38.72885],[141.50085,38.73],[141.50233,38.73],[141.50262,38.7313],[141.50323,38.73123],[141.5029,38.72993],[141.50401,38.72995],[141.50584,38.72901],[141.50658,38.72912],[141.50667,38.73032],[141.5074,38.7311],[141.50475,38.73183],[141.50362,38.73259],[141.50267,38.73242],[141.50105,38.73117],[141.50047,38.73252],[141.49985,38.73232],[141.49653,38.73311],[141.49475,38.73273]]],[[[141.49812,38.73379],[141.49969,38.73333],[141.49999,38.73267],[141.50208,38.73267],[141.50378,38.73338],[141.50416,38.73433],[141.5034,38.73494],[141.50509,38.73579],[141.50368,38.73622],[141.50267,38.73589],[141.5018,38.7359],[141.49982,38.73513],[141.49888,38.73524],[141.4984,38.73522],[141.4982,38.73531],[141.49781,38.73467],[141.49812,38.73379]]],[[[141.51144,38.73275],[141.50948,38.73255],[141.50875,38.73216],[141.50835,38.73088],[141.50929,38.73008],[141.5106,38.7301],[141.51128,38.7313],[141.51121,38.73197],[141.51144,38.73275]]]]},"properties":{"林班":"B040","市町村名称":"南三陸町","旧市町村":null}},
{"type":"Feature","geometry":{"type":"MultiPolygon","coordinates":[[[[141.43532,38.79045],[141.43571,38.78956],[141.4373,38.78888],[141.4383,38.78877],[141.43958,38.79015],[141.43778,38.79033],[141.43742,38.79078],[141.4387,38.79146],[141.43805,38.79268],[141.43732,38.7927],[141.43547,38.79207],[141.43532,38.79045]]],[[[141.43367,38.79786],[141.43397,38.79649],[141.43278,38.79513],[141.4326,38.79366],[141.43305,38.79235],[141.43447,38.79402],[141.43539,38.79465],[141.4367,38.79475],[141.43762,38.79374],[141.43894,38.79282],[141.43932,38.79357],[141.43917,38.79464],[141.44015,38.79552],[141.43906,38.79616],[141.43862,38.79704],[141.43693,38.79661],[141.43555,38.79695],[141.43367,38.79786]]]]},"properties":{"林班":"B124","市町村名称":"気仙沼市","旧市町村":null}},
{"type":"Feature","geometry":{"type":"MultiPolygon","coordinates":[[[[141.44242,38.80882],[141.44296,38.81161],[141.44124,38.81128],[141.4394,38.8124],[141.43786,38.81261],[141.43718,38.8119],[141.43603,38.81194],[141.43458,38.81102],[141.43265,38.81131],[141.43247,38.8121],[141.43176,38.81229],[141.4307,38.81113],[141.42955,38.81062],[141.43035,38.81007],[141.43044,38.80891],[141.43118,38.80745],[141.43193,38.80678],[141.43329,38.80775],[141.4342,38.80724],[141.43452,38.80651],[141.43606,38.80605],[141.43646,38.80548],[141.43778,38.8057],[141.43955,38.80634],[141.44113,38.80872],[141.44242,38.80882]]],[[[141.44265,38.8089],[141.44458,38.80915],[141.4449,38.80965],[141.44647,38.81047],[141.44545,38.81111],[141.44307,38.81159],[141.44265,38.8089]]]]},"properties":{"林班":"B127","市町村名称":"気仙沼市","旧市町村":null}},
{"type":"Feature","geometry":{"type":"MultiPolygon","coordinates":[[[[141.43745,38.80164],[141.43997,38.80182],[141.44046,38.80252],[141.44264,38.80251],[141.44408,38.80271],[141.4447,38.80208],[141.44588,38.8026],[141.44585,38.80352],[141.44565,38.8055],[141.44463,38.80659],[141.44451,38.8072],[141.44242,38.80882],[141.44113,38.80872],[141.43955,38.80634],[141.43778,38.8057],[141.43646,38.80548],[141.4362,38.80459],[141.43671,38.80358],[141.43631,38.80255],[141.43686,38.80171],[141.43745,38.80164]]],[[[141.44493,38.80209],[141.44545,38.80123],[141.44642,38.80145],[141.44586,38.80235],[141.44493,38.80209]]]]},"properties":{"林班":"B126","市町村名称":"気仙沼市","旧市町村":null}},
{"type":"Feature","geometry":{"type":"Polygon","coordinates":[[[141.45201,38.80477],[141.4538,38.80519],[141.45384,38.80523],[141.45456,38.80622],[141.4558,38.8045],[141.45762,38.8039],[141.45874,38.80508],[141.45859,38.80577],[141.45903,38.80666],[141.45755,38.80724],[141.45721,38.80877],[141.45537,38.81043],[141.45478,38.8106],[141.45352,38.81145],[141.45145,38.81201],[141.45075,38.81135],[141.44973,38.81113],[141.45018,38.80946],[141.45088,38.80845],[141.45075,38.80779],[141.45217,38.80651],[141.45201,38.80477]]]},"properties":{"林班":"B129","市町村名称":"気仙沼市","旧市町村":null}},
{"type":"Feature","geometry":{"type":"Polygon","coordinates":[[[141.44265,38.8089],[141.44442,38.80761],[141.44577,38.80558],[141.44608,38.80473],[141.44729,38.80444],[141.44739,38.80341],[141.44808,38.80336],[141.44982,38.80193],[141.45037,38.80368],[141.45201,38.80477],[141.45217,38.80651],[141.45075,38.80779],[141.45088,38.80845],[141.45018,38.80946],[141.44973,38.81113],[141.44835,38.81138],[141.44647,38.81047],[141.4449,38.80965],[141.44458,38.80915],[141.44265,38.8089]]]},"properties":{"林班":"B128","市町村名称":"気仙沼市","旧市町村":null}},
{"type":"Feature","geometry":{"type":"MultiPolygon","coordinates":[[[[141.50997,38.73309],[141.51114,38.73462],[141.51222,38.73319],[141.51347,38.73386],[141.51355,38.73518],[141.51384,38.73545],[141.51353,38.73594],[141.51306,38.73604],[141.51261,38.73631],[141.51251,38.73661],[141.51304,38.73663],[141.51321,38.73692],[141.51246,38.73769],[141.51334,38.73836],[141.5118,38.73909],[141.51051,38.73863],[141.5097,38.7387],[141.50958,38.73761],[141.51029,38.7361],[141.50997,38.73309]]],[[[141.51343,38.73833],[141.51254,38.73771],[141.51328,38.73697],[141.51326,38.73661],[141.51276,38.73651],[141.51301,38.73614],[141.51375,38.73587],[141.51404,38.73545],[141.51437,38.73555],[141.51535,38.73547],[141.51567,38.73653],[141.51639,38.73729],[141.51534,38.73776],[141.51496,38.73776],[141.51343,38.73833]]]]},"properties":{"林班":"B039","市町村名称":"南三陸町","旧市町村":null}},
{"type":"Feature","geometry":{"type":"MultiPolygon","coordinates":[[[[141.5209,38.74512],[141.52151,38.74439],[141.52162,38.74323],[141.52304,38.74404],[141.52166,38.74671],[141.52069,38.74708],[141.52039,38.74669],[141.5209,38.74512]]],[[[141.52285,38.74572],[141.52422,38.74639],[141.52257,38.74702],[141.52285,38.74572]]],[[[141.52297,38.74719],[141.52385,38.74671],[141.52489,38.74723],[141.52269,38.74826],[141.52146,38.74797],[141.52203,38.74691],[141.52297,38.74719]]],[[[141.52389,38.7435],[141.52554,38.74391],[141.52661,38.74519],[141.52568,38.74592],[141.5248,38.74614],[141.52319,38.7451],[141.52389,38.7435]]],[[[141.52727,38.74303],[141.52764,38.74348],[141.5296,38.74412],[141.53029,38.74463],[141.53127,38.74682],[141.53099,38.74822],[141.52998,38.74715],[141.52874,38.74717],[141.52795,38.74643],[141.52748,38.74546],[141.52727,38.74303]]],[[[141.53168,38.74674],[141.5306,38.74459],[141.52984,38.74393],[141.53043,38.74296],[141.5308,38.74312],[141.53166,38.74337],[141.53185,38.7438],[141.53188,38.74428],[141.53209,38.74463],[141.53261,38.74501],[141.53283,38.74605],[141.53168,38.74674]]]]},"properties":{"林班":"B036","市町村名称":"南三陸町","旧市町村":null}},
{"type":"Feature","geometry":{"type":"MultiPolygon","coordinates":[[[[141.51496,38.73776],[141.51441,38.73852],[141.51473,38.74006],[141.51379,38.74038],[141.5132,38.73932],[141.51343,38.73833],[141.51496,38.73776]]],[[[141.51334,38.73836],[141.5129,38.73939],[141.51388,38.74102],[141.5137,38.74253],[141.51206,38.74272],[141.5104,38.7419],[141.50917,38.74085],[141.50943,38.74048],[141.50857,38.7391],[141.5097,38.7387],[141.51051,38.73863],[141.5118,38.73909],[141.51334,38.73836]]],[[[141.51722,38.74739],[141.5165,38.74671],[141.51471,38.74619],[141.51441,38.74381],[141.51392,38.74277],[141.51435,38.74238],[141.51418,38.7412],[141.51547,38.74153],[141.51565,38.7424],[141.51708,38.74161],[141.51751,38.74192],[141.51732,38.74308],[141.51946,38.74321],[141.51956,38.74332],[141.52055,38.74519],[141.5201,38.74553],[141.51963,38.74575],[141.51946,38.74593],[141.51912,38.74591],[141.51863,38.74645],[141.51729,38.74743],[141.51722,38.74739]]],[[[141.5209,38.74512],[141.52039,38.74669],[141.52069,38.74708],[141.51959,38.74739],[141.51907,38.74754],[141.51821,38.74778],[141.51735,38.74745],[141.51881,38.74653],[141.51965,38.74576],[141.52012,38.74554],[141.52056,38.7452],[141.5209,38.74512]]]]},"properties":{"林班":"B035","市町村名称":"南三陸町","旧市町村":null}},
{"type":"Feature","geometry":{"type":"MultiPolygon","coordinates":[[[[141.51535,38.73547],[141.51673,38.73666],[141.51847,38.73766],[141.51959,38.73869],[141.52098,38.73903],[141.52131,38.73831],[141.52289,38.7377],[141.52287,38.73903],[141.5235,38.7393],[141.52326,38.74066],[141.52344,38.74189],[141.52248,38.74284],[141.52123,38.74322],[141.52065,38.7421],[141.52076,38.74151],[141.51895,38.74102],[141.51818,38.74121],[141.51621,38.74039],[141.51649,38.73968],[141.51534,38.73776],[141.51639,38.73729],[141.51567,38.73653],[141.51535,38.73547]]],[[[141.52322,38.73765],[141.52469,38.7385],[141.52373,38.73899],[141.52322,38.73765]]],[[[141.52486,38.73905],[141.52534,38.73917],[141.52709,38.73829],[141.52826,38.73842],[141.52837,38.739],[141.5254,38.7398],[141.52486,38.73905]]],[[[141.5256,38.74107],[141.5263,38.74171],[141.526,38.74231],[141.5249,38.74206],[141.5256,38.74107]]]]},"properties":{"林班":"B038","市町村名称":"南三陸町","旧市町村":null}},
{"type":"Feature","geometry":{"type":"MultiPolygon","coordinates":[[[[141.53188,38.73916],[141.53271,38.73924],[141.53436,38.74055],[141.53323,38.74078],[141.53304,38.74135],[141.53317,38.74156],[141.53256,38.74172],[141.53224,38.74085],[141.5318,38.74108],[141.53135,38.74033],[141.53188,38.73916]]],[[[141.53261,38.74501],[141.53211,38.74462],[141.53187,38.7438],[141.53168,38.74336],[141.53155,38.74326],[141.5302,38.74275],[141.53027,38.74227],[141.53129,38.74181],[141.53191,38.74116],[141.53227,38.74147],[141.53237,38.74162],[141.5326,38.74174],[141.53262,38.74353],[141.53339,38.74375],[141.53347,38.74473],[141.53398,38.7453],[141.53334,38.74611],[141.53293,38.74619],[141.53259,38.74649],[141.53168,38.74674],[141.53283,38.74605],[141.53261,38.74501]]],[[[141.53179,38.74757],[141.53186,38.74695],[141.53299,38.74624],[141.53344,38.74611],[141.53381,38.74647],[141.53447,38.74541],[141.53565,38.74621],[141.5348,38.74737],[141.53257,38.74842],[141.53179,38.74757]]],[[[141.53368,38.74223],[141.53506,38.74145],[141.53669,38.74262],[141.53463,38.74306],[141.53368,38.74223]]],[[[141.53567,38.7462],[141.53555,38.74511],[141.53634,38.74496],[141.53712,38.74652],[141.53567,38.7462]]],[[[141.53568,38.7468],[141.53667,38.74772],[141.53775,38.74655],[141.53734,38.74594],[141.53789,38.74499],[141.53903,38.74491],[141.53857,38.74398],[141.5397,38.74323],[141.54084,38.744],[141.54041,38.74458],[141.54059,38.74563],[141.54012,38.74691],[141.53879,38.74726],[141.53736,38.74808],[141.53688,38.74899],[141.53585,38.74792],[141.53568,38.7468]]]]},"properties":{"林班":"B037","市町村名称":"南三陸町","旧市町村":null}},
{"type":"Feature","geometry":{"type":"Polygon","coordinates":[[[141.49023,38.73891],[141.49177,38.73832],[141.49295,38.73853],[141.49293,38.73874],[141.49394,38.73989],[141.49508,38.74069],[141.49558,38.74096],[141.49571,38.74176],[141.49634,38.74133],[141.49644,38.74165],[141.49649,38.74164],[141.49696,38.7422],[141.49712,38.74237],[141.49784,38.74259],[141.49815,38.74261],[141.49905,38.74253],[141.49937,38.7422],[141.4994,38.74217],[141.49987,38.74186],[141.50017,38.74171],[141.50033,38.74224],[141.50011,38.74234],[141.50005,38.74276],[141.49956,38.7431],[141.49944,38.74325],[141.4993,38.74376],[141.49925,38.74424],[141.49924,38.74428],[141.49895,38.74473],[141.49847,38.74488],[141.49775,38.74518],[141.49677,38.74576],[141.49673,38.74577],[141.49636,38.74605],[141.49634,38.74606],[141.49599,38.746],[141.49425,38.74601],[141.49172,38.74616],[141.49149,38.7462],[141.49147,38.74604],[141.49159,38.74575],[141.49162,38.74553],[141.49164,38.74543],[141.49168,38.74524],[141.49169,38.74515],[141.49168,38.74524],[141.49164,38.74543],[141.49162,38.74553],[141.49162,38.74571],[141.49159,38.74575],[141.49147,38.74604],[141.49147,38.7462],[141.48927,38.74573],[141.48864,38.74534],[141.48787,38.74538],[141.48779,38.74478],[141.48723,38.74319],[141.48733,38.74178],[141.48685,38.7406],[141.48753,38.73951],[141.48824,38.73902],[141.49023,38.73891]],[[141.49496,38.74559],[141.49495,38.74545],[141.49486,38.74495],[141.49485,38.74479],[141.49471,38.74366],[141.49479,38.74352],[141.49471,38.74366],[141.49485,38.74479],[141.49486,38.74495],[141.49495,38.74545],[141.49496,38.74559]]]},"properties":{"林班":"B032","市町村名称":"南三陸町","旧市町村":null}},
{"type":"Feature","geometry":{"type":"MultiPolygon","coordinates":[[[[141.48215,38.74686],[141.482,38.74565],[141.48228,38.74532],[141.48268,38.74561],[141.48311,38.74551],[141.48281,38.74429],[141.48333,38.74306],[141.48399,38.74226],[141.484,38.74177],[141.48414,38.74149],[141.48511,38.74182],[141.48557,38.7409],[141.48666,38.73987],[141.48753,38.73951],[141.48685,38.7406],[141.48733,38.74178],[141.48723,38.74319],[141.48779,38.74478],[141.48745,38.74445],[141.48779,38.74478],[141.48787,38.74538],[141.48726,38.7454],[141.48695,38.74542],[141.48653,38.74535],[141.48613,38.74522],[141.48599,38.74516],[141.48613,38.74522],[141.48653,38.74535],[141.48695,38.74542],[141.48682,38.7456],[141.48634,38.74577],[141.48542,38.74625],[141.48535,38.74602],[141.48534,38.74595],[141.48535,38.74602],[141.48542,38.74625],[141.48459,38.7475],[141.4841,38.74774],[141.48379,38.7479],[141.48382,38.74776],[141.48368,38.74805],[141.48211,38.74881],[141.48207,38.74851],[141.48207,38.74773],[141.48216,38.74698],[141.48215,38.74686]]],[[[141.48079,38.74547],[141.48118,38.74494],[141.48249,38.74442],[141.482,38.74565],[141.48215,38.74686],[141.48216,38.74698],[141.48207,38.74773],[141.48207,38.74851],[141.48166,38.74914],[141.48134,38.7493],[141.48136,38.75043],[141.48016,38.75155],[141.4793,38.75174],[141.47932,38.75035],[141.47871,38.7502],[141.47825,38.75129],[141.47824,38.75116],[141.47774,38.75081],[141.47778,38.74915],[141.4786,38.74778],[141.47866,38.74779],[141.47871,38.7478],[141.48,38.74613],[141.48079,38.74547]]]]},"properties":{"林班":"B031","市町村名称":"南三陸町","旧市町村":null}},
{"type":"Feature","geometry":{"type":"MultiPolygon","coordinates":[[[[141.50092,38.74151],[141.50112,38.7415],[141.50108,38.74193],[141.5011,38.74221],[141.50104,38.74229],[141.50107,38.7428],[141.50252,38.74302],[141.50251,38.74228],[141.50397,38.742],[141.50452,38.74119],[141.50639,38.74158],[141.50698,38.74186],[141.50681,38.74413],[141.50747,38.74531],[141.50667,38.74547],[141.50332,38.74437],[141.50185,38.74448],[141.50055,38.74371],[141.49978,38.74301],[141.50005,38.74276],[141.50011,38.74234],[141.50033,38.74224],[141.50017,38.74171],[141.4999,38.74106],[141.49996,38.74082],[141.50007,38.74082],[141.50035,38.7408],[141.50031,38.74114],[141.50092,38.74151]]],[[[141.50917,38.74085],[141.5104,38.7419],[141.51206,38.74272],[141.5137,38.74253],[141.51441,38.74539],[141.51445,38.74628],[141.51387,38.74691],[141.51277,38.74721],[141.51202,38.74658],[141.51078,38.7465],[141.51053,38.74599],[141.50946,38.7458],[141.50812,38.74484],[141.50763,38.7438],[141.50799,38.74326],[141.50819,38.74138],[141.50757,38.74064],[141.50833,38.73995],[141.50917,38.74085]]]]},"properties":{"林班":"B034","市町村名称":"南三陸町","旧市町村":null}},
{"type":"Feature","geometry":{"type":"MultiPolygon","coordinates":[[[[141.45092,38.79676],[141.45002,38.79465],[141.44936,38.79418],[141.44829,38.79455],[141.44789,38.79327],[141.44841,38.79224],[141.44934,38.79229],[141.45113,38.7912],[141.45156,38.79009],[141.45247,38.79121],[141.45412,38.78991],[141.45496,38.78985],[141.45336,38.79114],[141.45286,38.79268],[141.45233,38.79327],[141.45267,38.79421],[141.45428,38.79381],[141.4553,38.79405],[141.4552,38.79532],[141.4546,38.79595],[141.4536,38.79574],[141.45149,38.79616],[141.45092,38.79676]]],[[[141.4571,38.79003],[141.45911,38.79024],[141.46031,38.79148],[141.46055,38.7926],[141.46099,38.79351],[141.46055,38.79453],[141.45769,38.79535],[141.45694,38.79482],[141.45576,38.79496],[141.4554,38.79381],[141.4579,38.79406],[141.45741,38.79334],[141.45816,38.79256],[141.45706,38.79156],[141.4575,38.7909],[141.4571,38.79003]]]]},"properties":{"林班":"B121","市町村名称":"気仙沼市","旧市町村":null}},
{"type":"Feature","geometry":{"type":"MultiPolygon","coordinates":[[[[141.50603,38.73589],[141.50534,38.73684],[141.50289,38.73724],[141.50051,38.73681],[141.5,38.73643],[141.49715,38.73677],[141.49653,38.73716],[141.49533,38.73709],[141.49692,38.73599],[141.49723,38.73588],[141.49841,38.73525],[141.49887,38.73527],[141.49981,38.73516],[141.50178,38.73592],[141.50266,38.73592],[141.50367,38.73625],[141.50391,38.73625],[141.50545,38.73583],[141.50603,38.73589]]],[[[141.49732,38.73749],[141.49564,38.73881],[141.49539,38.73788],[141.49717,38.73692],[141.49732,38.73749]]],[[[141.49634,38.74133],[141.49628,38.73902],[141.49663,38.73845],[141.49923,38.73696],[141.50007,38.73701],[141.50256,38.73805],[141.50464,38.73831],[141.50588,38.73883],[141.50522,38.74016],[141.50657,38.74128],[141.50639,38.74158],[141.50452,38.74119],[141.50397,38.742],[141.50251,38.74228],[141.50252,38.74302],[141.50107,38.7428],[141.50104,38.74229],[141.5011,38.74221],[141.50108,38.74193],[141.50112,38.7415],[141.50092,38.74151],[141.50031,38.74114],[141.50035,38.7408],[141.50007,38.74082],[141.49996,38.74082],[141.4999,38.74106],[141.50017,38.74171],[141.49987,38.74186],[141.4994,38.74217],[141.49901,38.74226],[141.49937,38.7422],[141.49905,38.74253],[141.49815,38.74261],[141.49784,38.74259],[141.49712,38.74237],[141.49696,38.7422],[141.49649,38.74164],[141.49644,38.74165],[141.49634,38.74133]]],[[[141.49644,38.74105],[141.49644,38.74051],[141.49645,38.74028],[141.4965,38.74009],[141.49645,38.74028],[141.49644,38.74051],[141.49644,38.74105]]],[[[141.49508,38.74069],[141.49527,38.73893],[141.4962,38.73905],[141.49629,38.74134],[141.49591,38.74156],[141.49566,38.74113],[141.49558,38.74096],[141.49508,38.74069]]],[[[141.50757,38.74064],[141.50637,38.74014],[141.50723,38.73832],[141.50748,38.73709],[141.50817,38.73711],[141.50887,38.73601],[141.50829,38.73522],[141.50863,38.73401],[141.50951,38.73298],[141.50997,38.73309],[141.51029,38.7361],[141.50958,38.73761],[141.5097,38.7387],[141.50857,38.7391],[141.50943,38.74048],[141.50833,38.73995],[141.50757,38.74064]]],[[[141.50857,38.73239],[141.50926,38.73291],[141.50884,38.73372],[141.50796,38.73367],[141.50857,38.73239]]]]},"properties":{"林班":"B033","市町村名称":"南三陸町","旧市町村":null}},
{"type":"Feature","geometry":{"type":"MultiPolygon","coordinates":[[[[141.43971,38.78586],[141.43981,38.78586],[141.44019,38.78611],[141.43864,38.7872],[141.44,38.7872],[141.44136,38.78641],[141.44162,38.78673],[141.4405,38.78747],[141.43781,38.78763],[141.43971,38.78586]]],[[[141.4489,38.78892],[141.44963,38.79034],[141.44798,38.79179],[141.44328,38.79071],[141.44276,38.79006],[141.44094,38.78985],[141.4396,38.78919],[141.44131,38.78882],[141.44201,38.7892],[141.44479,38.78918],[141.44523,38.78991],[141.4461,38.78908],[141.44788,38.78895],[141.44838,38.78854],[141.44871,38.78855],[141.4489,38.78892]]]]},"properties":{"林班":"B120","市町村名称":"気仙沼市","旧市町村":null}},
{"type":"Feature","geometry":{"type":"MultiPolygon","coordinates":[[[[141.46994,38.80879],[141.46884,38.80872],[141.46822,38.80827],[141.46696,38.80899],[141.46617,38.80905],[141.46552,38.80834],[141.46597,38.80788],[141.46755,38.80759],[141.46828,38.80784],[141.46902,38.80825],[141.46922,38.80825],[141.46994,38.80879]]],[[[141.46476,38.81026],[141.46495,38.80962],[141.46646,38.80986],[141.46707,38.81069],[141.46645,38.81122],[141.46533,38.81111],[141.46476,38.81026]]],[[[141.4675,38.81158],[141.46715,38.81033],[141.4692,38.81026],[141.46815,38.81128],[141.4675,38.81158]]],[[[141.46837,38.81249],[141.46976,38.81244],[141.47149,38.81283],[141.47206,38.81276],[141.47289,38.81308],[141.47309,38.81308],[141.47369,38.81376],[141.47254,38.8142],[141.47167,38.81539],[141.4709,38.8152],[141.47069,38.81487],[141.47024,38.81463],[141.46983,38.81416],[141.46868,38.81358],[141.46916,38.81296],[141.46795,38.81238],[141.46837,38.81249]]],[[[141.46697,38.81315],[141.4681,38.81254],[141.46913,38.81299],[141.46865,38.81359],[141.46815,38.81318],[141.46697,38.81315]]],[[[141.46819,38.81686],[141.46575,38.81634],[141.4657,38.81597],[141.46717,38.81505],[141.46831,38.81491],[141.47012,38.81553],[141.47017,38.81609],[141.46819,38.81686]]],[[[141.46837,38.81807],[141.46843,38.81705],[141.47179,38.8158],[141.4719,38.81732],[141.47085,38.81907],[141.46857,38.81893],[141.46837,38.81807]]],[[[141.46741,38.81418],[141.47008,38.81498],[141.47048,38.81476],[141.47088,38.81523],[141.47013,38.8155],[141.46775,38.81467],[141.46741,38.81418]]],[[[141.47055,38.80983],[141.47144,38.81002],[141.47329,38.8109],[141.47245,38.81097],[141.47205,38.81125],[141.4716,38.81073],[141.4711,38.81044],[141.47104,38.81],[141.47055,38.80983]]],[[[141.47408,38.80848],[141.47387,38.80879],[141.47563,38.81],[141.47627,38.81001],[141.47734,38.81082],[141.47491,38.81064],[141.47239,38.81021],[141.47279,38.80928],[141.47357,38.80938],[141.47369,38.80846],[141.47408,38.80848]]],[[[141.47134,38.81153],[141.47207,38.81127],[141.47245,38.81099],[141.47417,38.81131],[141.47366,38.81196],[141.47251,38.81155],[141.47134,38.81153]]]]},"properties":{"林班":"B134","市町村名称":"気仙沼市","旧市町村":null}},
{"type":"Feature","geometry":{"type":"MultiPolygon","coordinates":[[[[141.47327,38.8022],[141.47471,38.80479],[141.47526,38.80517],[141.4748,38.80553],[141.47606,38.80719],[141.47268,38.8072],[141.47003,38.80769],[141.46903,38.80822],[141.4683,38.80782],[141.46756,38.80756],[141.46647,38.80775],[141.46638,38.80696],[141.46874,38.80444],[141.4701,38.80433],[141.47159,38.80326],[141.4726,38.80291],[141.47327,38.8022]]],[[[141.46996,38.8088],[141.46994,38.80879],[141.46922,38.80825],[141.47054,38.80895],[141.47062,38.80929],[141.46996,38.8088]]],[[[141.47408,38.80848],[141.47546,38.80953],[141.4763,38.8095],[141.47715,38.80865],[141.47752,38.80908],[141.47842,38.80978],[141.47864,38.81034],[141.47734,38.81082],[141.47627,38.81001],[141.47563,38.81],[141.47387,38.80879],[141.47408,38.80848]]]]},"properties":{"林班":"B133","市町村名称":"気仙沼市","旧市町村":null}},
{"type":"Feature","geometry":{"type":"MultiPolygon","coordinates":[[[[141.46866,38.74978],[141.46901,38.7514],[141.46721,38.75087],[141.46725,38.74995],[141.46866,38.74978]]],[[[141.46929,38.75117],[141.46876,38.74981],[141.46971,38.75062],[141.47298,38.75113],[141.47554,38.75083],[141.4762,38.75035],[141.47651,38.74965],[141.47755,38.7507],[141.47824,38.75116],[141.47825,38.75129],[141.47849,38.75199],[141.4784,38.75203],[141.47739,38.75246],[141.47569,38.75337],[141.47489,38.75334],[141.47355,38.75254],[141.47343,38.75241],[141.47323,38.7521],[141.47321,38.75206],[141.47328,38.75163],[141.47321,38.75206],[141.47323,38.7521],[141.47343,38.75241],[141.47355,38.75254],[141.47356,38.75278],[141.47245,38.75272],[141.47192,38.75262],[141.47095,38.75227],[141.46929,38.75117]]],[[[141.46939,38.75165],[141.46914,38.75149],[141.46982,38.75156],[141.4707,38.75227],[141.47138,38.75249],[141.47052,38.75233],[141.46939,38.75165]]]]},"properties":{"林班":"B030","市町村名称":"南三陸町","旧市町村":null}},
{"type":"Feature","geometry":{"type":"MultiPolygon","coordinates":[[[[141.46178,38.8132],[141.46217,38.81376],[141.4653,38.81522],[141.46831,38.81491],[141.46717,38.81505],[141.4657,38.81597],[141.46575,38.81634],[141.46819,38.81686],[141.46717,38.817],[141.46612,38.81666],[141.46544,38.81772],[141.46716,38.81771],[141.46745,38.81708],[141.46843,38.81705],[141.46837,38.81807],[141.46653,38.8188],[141.4638,38.8188],[141.46091,38.81726],[141.45935,38.816],[141.45908,38.81524],[141.45867,38.81395],[141.45919,38.81363],[141.46178,38.8132]]],[[[141.46795,38.81238],[141.46903,38.8112],[141.47082,38.81174],[141.47134,38.81153],[141.47251,38.81155],[141.47366,38.81196],[141.47459,38.81251],[141.47376,38.81372],[141.47337,38.81331],[141.47317,38.81307],[141.47291,38.81305],[141.47208,38.8127],[141.46975,38.81241],[141.46837,38.81249],[141.46795,38.81238]]],[[[141.46697,38.81315],[141.46815,38.81318],[141.46865,38.81359],[141.46877,38.814],[141.47048,38.81476],[141.47008,38.81498],[141.46741,38.81418],[141.46697,38.81315]]]]},"properties":{"林班":"B136","市町村名称":"気仙沼市","旧市町村":null}},
{"type":"Feature","geometry":{"type":"MultiPolygon","coordinates":[[[[141.45903,38.80666],[141.46065,38.80781],[141.46057,38.80866],[141.45978,38.81001],[141.45861,38.81063],[141.457,38.81096],[141.45575,38.8116],[141.45478,38.8106],[141.45537,38.81043],[141.45721,38.80877],[141.45755,38.80724],[141.45903,38.80666]]],[[[141.45867,38.81395],[141.45745,38.81274],[141.45668,38.81246],[141.45761,38.81123],[141.4597,38.81007],[141.46282,38.80933],[141.46369,38.81021],[141.46476,38.81026],[141.46533,38.81111],[141.46402,38.81095],[141.4621,38.81194],[141.46235,38.81271],[141.46178,38.8132],[141.45919,38.81363],[141.45867,38.81395]]]]},"properties":{"林班":"B135","市町村名称":"気仙沼市","旧市町村":null}},
{"type":"Feature","geometry":{"type":"MultiPolygon","coordinates":[[[[141.45626,38.82122],[141.45748,38.82106],[141.45701,38.82236],[141.45817,38.82278],[141.45663,38.82421],[141.45636,38.8246],[141.45616,38.82517],[141.45592,38.82536],[141.45587,38.82332],[141.45558,38.82208],[141.45673,38.82198],[141.45626,38.82122]]],[[[141.45757,38.82342],[141.45842,38.82282],[141.45989,38.82298],[141.46028,38.82454],[141.4602,38.82523],[141.45846,38.82729],[141.45628,38.82827],[141.4558,38.82886],[141.4544,38.82953],[141.45421,38.82871],[141.45478,38.82807],[141.45553,38.82697],[141.45748,38.82657],[141.45831,38.82536],[141.45619,38.82514],[141.45647,38.82446],[141.45757,38.82342]]],[[[141.45772,38.82976],[141.45802,38.82841],[141.4589,38.82789],[141.46051,38.82587],[141.46116,38.82758],[141.46082,38.82906],[141.46093,38.83214],[141.45941,38.83202],[141.4585,38.83015],[141.45772,38.82976]]],[[[141.4613,38.8236],[141.46219,38.82334],[141.46295,38.8244],[141.46283,38.82612],[141.4618,38.82623],[141.46106,38.82587],[141.46102,38.82437],[141.4613,38.8236]]],[[[141.461,38.83215],[141.46128,38.82956],[141.46221,38.82979],[141.46286,38.83135],[141.461,38.83215]]],[[[141.46383,38.82266],[141.46519,38.82284],[141.46518,38.82303],[141.46526,38.82329],[141.46452,38.8235],[141.46385,38.82401],[141.46274,38.82382],[141.4626,38.82312],[141.46383,38.82266]]]]},"properties":{"林班":"B138","市町村名称":"気仙沼市","旧市町村":null}},
{"type":"Feature","geometry":{"type":"Polygon","coordinates":[[[141.46857,38.81893],[141.46759,38.81959],[141.46728,38.82029],[141.46599,38.82068],[141.46446,38.82182],[141.46285,38.82216],[141.46177,38.82171],[141.46044,38.82017],[141.45911,38.81964],[141.45777,38.81973],[141.45567,38.82047],[141.45435,38.82124],[141.45339,38.81943],[141.45318,38.81854],[141.45417,38.81658],[141.4558,38.81597],[141.45684,38.81593],[141.45832,38.81524],[141.45908,38.81524],[141.45935,38.816],[141.46091,38.81726],[141.4638,38.8188],[141.46653,38.8188],[141.46837,38.81807],[141.46857,38.81893]]]},"properties":{"林班":"B137","市町村名称":"気仙沼市","旧市町村":null}},
{"type":"Feature","geometry":{"type":"MultiPolygon","coordinates":[[[[141.45457,38.83319],[141.45381,38.83254],[141.45282,38.83245],[141.45179,38.83119],[141.45242,38.83037],[141.45191,38.82875],[141.45198,38.82803],[141.45286,38.82738],[141.45278,38.82634],[141.45396,38.8254],[141.45379,38.82378],[141.45436,38.82315],[141.4546,38.82178],[141.45626,38.82122],[141.45673,38.82198],[141.45558,38.82208],[141.45587,38.82332],[141.45592,38.82536],[141.45584,38.8264],[141.45474,38.82804],[141.45416,38.82867],[141.45415,38.82913],[141.45456,38.82996],[141.45497,38.83042],[141.45443,38.83177],[141.45519,38.83223],[141.45648,38.83068],[141.45772,38.82976],[141.4585,38.83015],[141.45941,38.83202],[141.4597,38.83279],[141.45786,38.83262],[141.45693,38.83347],[141.45635,38.83454],[141.45457,38.83319]]],[[[141.45074,38.83379],[141.45146,38.83283],[141.45282,38.83289],[141.45379,38.83259],[141.45433,38.83308],[141.45289,38.83453],[141.45233,38.83449],[141.45074,38.83379]]]]},"properties":{"林班":"B139","市町村名称":"気仙沼市","旧市町村":null}},
{"type":"Feature","geometry":{"type":"MultiPolygon","coordinates":[[[[141.47341,38.74782],[141.47351,38.74781],[141.47392,38.74748],[141.47508,38.74638],[141.47584,38.74584],[141.47668,38.74445],[141.47649,38.74357],[141.47494,38.74439],[141.47429,38.74567],[141.47478,38.74432],[141.47555,38.74393],[141.47669,38.74251],[141.47718,38.74237],[141.47844,38.74331],[141.47987,38.74388],[141.48022,38.74428],[141.48096,38.74424],[141.48111,38.74496],[141.48084,38.74534],[141.48079,38.74547],[141.48,38.74613],[141.47871,38.7478],[141.47866,38.74779],[141.4786,38.74778],[141.47664,38.74872],[141.4744,38.74845],[141.47341,38.74782]]],[[[141.47726,38.74229],[141.47936,38.74311],[141.4813,38.74289],[141.48101,38.74401],[141.4803,38.74415],[141.48,38.74384],[141.47907,38.74355],[141.47726,38.74229]]],[[[141.48342,38.7419],[141.48312,38.74279],[141.48191,38.74403],[141.48113,38.7437],[141.4813,38.74296],[141.48234,38.74206],[141.48321,38.74177],[141.48342,38.7419]]]]},"properties":{"林班":"B029","市町村名称":"南三陸町","旧市町村":null}},
{"type":"Feature","geometry":{"type":"MultiPolygon","coordinates":[[[[141.4731,38.74166],[141.47205,38.74307],[141.47276,38.74306],[141.47386,38.74426],[141.47378,38.74545],[141.47266,38.74678],[141.4715,38.74697],[141.47075,38.7473],[141.47056,38.74799],[141.47049,38.748],[141.46773,38.74693],[141.46682,38.74714],[141.46653,38.74633],[141.46659,38.74502],[141.46776,38.74395],[141.47137,38.74283],[141.4731,38.74166]],[[141.47205,38.74307],[141.47166,38.74346],[141.47151,38.74554],[141.47244,38.74589],[141.4731,38.74541],[141.47268,38.74465],[141.47168,38.74452],[141.47205,38.74307]]],[[[141.47366,38.7413],[141.47468,38.74084],[141.47667,38.74166],[141.47531,38.74142],[141.47485,38.74098],[141.47366,38.7413]]],[[[141.47429,38.74567],[141.47438,38.74412],[141.47528,38.74382],[141.47537,38.74297],[141.47669,38.74251],[141.47555,38.74393],[141.47478,38.74432],[141.47429,38.74567]]],[[[141.47068,38.74797],[141.47077,38.74736],[141.47147,38.74708],[141.47342,38.74738],[141.47425,38.74672],[141.47436,38.74696],[141.47348,38.74777],[141.4722,38.7477],[141.47181,38.74754],[141.4713,38.74787],[141.47068,38.74797]]]]},"properties":{"林班":"B028","市町村名称":"南三陸町","旧市町村":null}},
{"type":"Feature","geometry":{"type":"Polygon","coordinates":[[[141.49297,38.73134],[141.49255,38.73243],[141.49169,38.73345],[141.48825,38.73588],[141.48607,38.73649],[141.4839,38.73639],[141.48333,38.73674],[141.4818,38.73621],[141.48145,38.73632],[141.48142,38.73647],[141.48108,38.7367],[141.48053,38.73662],[141.48016,38.7367],[141.4796,38.73744],[141.47881,38.73777],[141.47827,38.73774],[141.478,38.738],[141.47739,38.73798],[141.47704,38.73814],[141.47605,38.73835],[141.47601,38.73787],[141.47646,38.73705],[141.47919,38.73658],[141.47969,38.736],[141.48087,38.73563],[141.48237,38.73555],[141.48307,38.73584],[141.48432,38.73507],[141.48509,38.73522],[141.48524,38.73512],[141.48716,38.73392],[141.48839,38.73378],[141.48966,38.73297],[141.49095,38.73141],[141.49297,38.73134]]]},"properties":{"林班":"B025","市町村名称":"南三陸町","旧市町村":null}},
{"type":"Feature","geometry":{"type":"Polygon","coordinates":[[[141.47919,38.73658],[141.47801,38.7343],[141.47745,38.73365],[141.47767,38.73244],[141.47728,38.73171],[141.47756,38.73142],[141.47954,38.73179],[141.48028,38.73153],[141.48423,38.7323],[141.48616,38.73182],[141.4871,38.73064],[141.48799,38.73063],[141.49063,38.72979],[141.49178,38.72965],[141.49261,38.72909],[141.49465,38.72839],[141.49493,38.72904],[141.49462,38.72993],[141.49351,38.73025],[141.49297,38.73134],[141.49095,38.73141],[141.48966,38.73297],[141.48839,38.73378],[141.48716,38.73392],[141.48524,38.73512],[141.48509,38.73522],[141.48432,38.73507],[141.48307,38.73584],[141.48237,38.73555],[141.48087,38.73563],[141.47969,38.736],[141.47919,38.73658]]]},"properties":{"林班":"B024","市町村名称":"南三陸町","旧市町村":null}},
{"type":"Feature","geometry":{"type":"MultiPolygon","coordinates":[[[[141.46721,38.74145],[141.46757,38.74077],[141.46822,38.74031],[141.46721,38.74145]]],[[[141.46525,38.74365],[141.46589,38.74268],[141.46717,38.74155],[141.46732,38.74232],[141.46525,38.74365]]],[[[141.4731,38.74166],[141.47137,38.74283],[141.46776,38.74395],[141.46659,38.74502],[141.46653,38.74633],[141.46492,38.74543],[141.46603,38.7432],[141.46751,38.74234],[141.46728,38.74167],[141.46817,38.74111],[141.46843,38.74026],[141.46921,38.73986],[141.47166,38.74002],[141.47279,38.73983],[141.47601,38.73787],[141.47605,38.73835],[141.47477,38.739],[141.47456,38.74007],[141.4731,38.74166]]],[[[141.46649,38.74829],[141.46722,38.74767],[141.46762,38.74857],[141.46669,38.74859],[141.46659,38.74845],[141.46649,38.74829]]],[[[141.46725,38.74995],[141.46802,38.74818],[141.46773,38.74693],[141.47049,38.748],[141.47077,38.74823],[141.47033,38.74902],[141.47008,38.74918],[141.46908,38.74862],[141.46833,38.74893],[141.46847,38.74925],[141.4692,38.74911],[141.46933,38.74951],[141.46866,38.74978],[141.46725,38.74995]]],[[[141.46876,38.74981],[141.46942,38.74956],[141.46963,38.74926],[141.4695,38.74894],[141.4699,38.74918],[141.47007,38.74921],[141.47027,38.74914],[141.47052,38.74871],[141.47166,38.74765],[141.47341,38.74782],[141.4744,38.74845],[141.47664,38.74872],[141.4763,38.74999],[141.47554,38.75083],[141.47298,38.75113],[141.46971,38.75062],[141.46876,38.74981]]],[[[141.4713,38.74787],[141.47094,38.7482],[141.47056,38.74799],[141.47068,38.74797],[141.4713,38.74787]]]]},"properties":{"林班":"B027","市町村名称":"南三陸町","旧市町村":null}},
{"type":"Feature","geometry":{"type":"MultiPolygon","coordinates":[[[[141.47366,38.7413],[141.47453,38.7402],[141.47585,38.73948],[141.47599,38.73925],[141.4759,38.73911],[141.47682,38.73857],[141.4773,38.73806],[141.4777,38.73814],[141.47803,38.73803],[141.47829,38.73777],[141.47889,38.7378],[141.47976,38.73742],[141.4803,38.7367],[141.48089,38.73675],[141.48115,38.73672],[141.48134,38.73663],[141.48184,38.73624],[141.48279,38.73678],[141.48339,38.73681],[141.48397,38.73641],[141.48618,38.73738],[141.48614,38.73889],[141.48537,38.7404],[141.48477,38.74056],[141.48441,38.741],[141.48386,38.74124],[141.4838,38.74152],[141.48232,38.74205],[141.4813,38.74289],[141.47936,38.74311],[141.47726,38.74229],[141.47667,38.74166],[141.47468,38.74084],[141.47366,38.7413]]],[[[141.47605,38.73835],[141.47704,38.73814],[141.47626,38.73857],[141.47623,38.73886],[141.47587,38.73906],[141.47593,38.7393],[141.47521,38.73981],[141.47456,38.74007],[141.47477,38.739],[141.47605,38.73835]]],[[[141.48342,38.7419],[141.48321,38.74177],[141.48344,38.74181],[141.48342,38.7419]]],[[[141.48372,38.74197],[141.48347,38.74215],[141.48344,38.74181],[141.48383,38.74154],[141.48389,38.74124],[141.48442,38.74102],[141.48477,38.74063],[141.48547,38.74038],[141.48622,38.73916],[141.48644,38.73793],[141.4862,38.73927],[141.48559,38.74028],[141.48414,38.74149],[141.484,38.74177],[141.48397,38.74191],[141.48378,38.74199],[141.48372,38.74197]]]]},"properties":{"林班":"B026","市町村名称":"南三陸町","旧市町村":null}},
{"type":"Feature","geometry":{"type":"MultiPolygon","coordinates":[[[[141.4497,38.73644],[141.44945,38.73562],[141.44967,38.73444],[141.45053,38.73294],[141.45232,38.73212],[141.45234,38.73344],[141.45165,38.73393],[141.45126,38.73572],[141.45444,38.73513],[141.45547,38.73518],[141.45545,38.73417],[141.45635,38.73316],[141.45745,38.73342],[141.45935,38.73285],[141.45897,38.73575],[141.45902,38.73657],[141.45841,38.73737],[141.45789,38.7395],[141.4588,38.74033],[141.45888,38.74079],[141.45843,38.74206],[141.45834,38.74222],[141.45813,38.7424],[141.45804,38.74244],[141.45792,38.74244],[141.4578,38.74243],[141.45747,38.74238],[141.45679,38.74223],[141.45663,38.74258],[141.45633,38.74252],[141.45642,38.74234],[141.45587,38.74178],[141.45545,38.7414],[141.455,38.74077],[141.45495,38.74046],[141.45481,38.73914],[141.45475,38.73907],[141.45456,38.73885],[141.45444,38.73882],[141.45414,38.73877],[141.45369,38.73802],[141.45341,38.7378],[141.45314,38.73759],[141.45275,38.73747],[141.45202,38.73737],[141.45163,38.73716],[141.45126,38.73667],[141.45122,38.7365],[141.45102,38.73677],[141.45083,38.73696],[141.45068,38.737],[141.45056,38.73697],[141.45033,38.73659],[141.45011,38.73645],[141.4497,38.73644]]],[[[141.45403,38.73115],[141.45508,38.73151],[141.45484,38.73278],[141.45577,38.73306],[141.45514,38.73388],[141.45287,38.7333],[141.45271,38.73204],[141.4532,38.73132],[141.45403,38.73115]]]]},"properties":{"林班":"B021","市町村名称":"南三陸町","旧市町村":null}},
{"type":"Feature","geometry":{"type":"MultiPolygon","coordinates":[[[[141.45384,38.80523],[141.45395,38.80341],[141.45424,38.80287],[141.45407,38.8023],[141.45445,38.80157],[141.45367,38.80071],[141.45237,38.79989],[141.45426,38.7972],[141.45639,38.79536],[141.45675,38.7953],[141.45667,38.79766],[141.45703,38.7998],[141.45835,38.80059],[141.45879,38.80166],[141.45872,38.80294],[141.45843,38.80303],[141.45814,38.80322],[141.45799,38.80364],[141.45724,38.80384],[141.45578,38.80449],[141.45456,38.80622],[141.45384,38.80523]]],[[[141.44982,38.80193],[141.4507,38.80141],[141.45144,38.80035],[141.45275,38.80039],[141.45438,38.80156],[141.45403,38.80223],[141.45421,38.80285],[141.45391,38.80339],[141.45373,38.80417],[141.4538,38.80519],[141.45201,38.80477],[141.45037,38.80368],[141.44982,38.80193]]]]},"properties":{"林班":"B130","市町村名称":"気仙沼市","旧市町村":null}},
{"type":"Feature","geometry":{"type":"MultiPolygon","coordinates":[[[[141.44916,38.74291],[141.44943,38.74287],[141.44926,38.7425],[141.44876,38.7421],[141.44891,38.74187],[141.44885,38.74109],[141.4485,38.74068],[141.44874,38.73877],[141.44808,38.73787],[141.44885,38.73762],[141.4497,38.73644],[141.45011,38.73645],[141.45033,38.73659],[141.45056,38.73697],[141.45068,38.737],[141.45083,38.73696],[141.45102,38.73677],[141.45122,38.7365],[141.45126,38.73667],[141.45163,38.73716],[141.45202,38.73737],[141.45275,38.73747],[141.45314,38.73759],[141.45341,38.7378],[141.45369,38.73802],[141.45414,38.73877],[141.45444,38.73882],[141.45456,38.73885],[141.45475,38.73907],[141.45481,38.73914],[141.45495,38.74046],[141.455,38.74077],[141.45545,38.7414],[141.45587,38.74178],[141.45571,38.74199],[141.45642,38.74234],[141.45633,38.74252],[141.4542,38.74216],[141.45369,38.74189],[141.45331,38.74148],[141.45322,38.74133],[141.45331,38.74148],[141.45369,38.74189],[141.45308,38.74298],[141.45289,38.74343],[141.45276,38.74358],[141.45206,38.74402],[141.45164,38.74455],[141.45151,38.74442],[141.45115,38.74416],[141.45116,38.74519],[141.45101,38.74513],[141.44958,38.74523],[141.44917,38.74538],[141.44908,38.74542],[141.44793,38.74608],[141.44707,38.74606],[141.44679,38.7458],[141.44688,38.74537],[141.4469,38.74518],[141.4469,38.74429],[141.4469,38.7441],[141.44689,38.74398],[141.44725,38.74156],[141.44782,38.74029],[141.44792,38.73902],[141.44761,38.73857],[141.44834,38.73952],[141.44833,38.74164],[141.44887,38.74226],[141.44925,38.74258],[141.44916,38.74291]]],[[[141.44734,38.73843],[141.44774,38.73818],[141.44787,38.73857],[141.44757,38.73845],[141.44739,38.7386],[141.44734,38.73843]]]]},"properties":{"林班":"B020","市町村名称":"南三陸町","旧市町村":null}},
{"type":"Feature","geometry":{"type":"MultiPolygon","coordinates":[[[[141.4675,38.73129],[141.46858,38.73121],[141.46933,38.73167],[141.47102,38.73143],[141.47041,38.73257],[141.4693,38.73283],[141.46726,38.7326],[141.4675,38.73129]]],[[[141.46738,38.7339],[141.46849,38.73352],[141.47125,38.73363],[141.47105,38.73517],[141.47246,38.73517],[141.4729,38.7347],[141.47177,38.73319],[141.47113,38.73284],[141.47204,38.73129],[141.47353,38.73164],[141.4751,38.73247],[141.47609,38.73193],[141.47631,38.73128],[141.47756,38.73142],[141.47728,38.73171],[141.47767,38.73244],[141.47745,38.73365],[141.47801,38.7343],[141.47919,38.73658],[141.47646,38.73705],[141.47601,38.73787],[141.47279,38.73983],[141.47166,38.74002],[141.46921,38.73986],[141.46843,38.74026],[141.46713,38.73997],[141.46688,38.73943],[141.46765,38.73813],[141.46848,38.73768],[141.46797,38.73679],[141.4681,38.73574],[141.46738,38.7339]]],[[[141.46724,38.74017],[141.46822,38.74031],[141.46757,38.74077],[141.46724,38.74017]]]]},"properties":{"林班":"B023","市町村名称":"南三陸町","旧市町村":null}},
{"type":"Feature","geometry":{"type":"MultiPolygon","coordinates":[[[[141.46176,38.80194],[141.46315,38.80218],[141.46293,38.80443],[141.46063,38.80309],[141.45965,38.80263],[141.46057,38.8021],[141.46176,38.80194]]],[[[141.45762,38.8039],[141.45803,38.80366],[141.45845,38.80305],[141.45874,38.80298],[141.45905,38.80317],[141.45945,38.80303],[141.46062,38.80311],[141.46288,38.80455],[141.46271,38.80553],[141.46144,38.80662],[141.46187,38.80715],[141.46139,38.80822],[141.46004,38.80961],[141.46061,38.80867],[141.46068,38.80778],[141.45901,38.80658],[141.45874,38.80508],[141.45762,38.8039]]],[[[141.46108,38.80854],[141.46141,38.80824],[141.46191,38.80715],[141.46151,38.80668],[141.46305,38.80531],[141.46366,38.80683],[141.46108,38.80854]]],[[[141.46151,38.80913],[141.46344,38.80786],[141.4652,38.80831],[141.46353,38.80927],[141.46151,38.80913]]],[[[141.46369,38.80207],[141.46428,38.8022],[141.46483,38.80339],[141.46706,38.80378],[141.46796,38.80371],[141.46874,38.80444],[141.46638,38.80696],[141.46647,38.80775],[141.46595,38.80786],[141.46526,38.80829],[141.46354,38.80775],[141.4644,38.80615],[141.46316,38.80439],[141.46369,38.80207]]]]},"properties":{"林班":"B132","市町村名称":"気仙沼市","旧市町村":null}},
{"type":"Feature","geometry":{"type":"MultiPolygon","coordinates":[[[[141.45935,38.73285],[141.46199,38.73306],[141.46304,38.73351],[141.46412,38.7335],[141.46505,38.73222],[141.46586,38.73251],[141.46503,38.73514],[141.46545,38.73587],[141.46544,38.73708],[141.4646,38.7382],[141.46336,38.73877],[141.4629,38.73999],[141.4631,38.74116],[141.46268,38.74196],[141.46664,38.74122],[141.46724,38.74017],[141.46757,38.74077],[141.46721,38.74145],[141.46717,38.74155],[141.46589,38.74268],[141.46525,38.74365],[141.46433,38.74329],[141.4618,38.74348],[141.46164,38.74239],[141.4601,38.74274],[141.45885,38.74337],[141.45797,38.74281],[141.45796,38.74249],[141.458,38.74246],[141.45804,38.74244],[141.45813,38.7424],[141.45834,38.74222],[141.45843,38.74206],[141.4587,38.74117],[141.45888,38.74079],[141.4588,38.74033],[141.45789,38.7395],[141.45841,38.73737],[141.45902,38.73657],[141.45897,38.73575],[141.45935,38.73285]]],[[[141.45763,38.74304],[141.45809,38.74394],[141.45774,38.74329],[141.45763,38.74304]]],[[[141.46713,38.73997],[141.46639,38.74033],[141.46637,38.74113],[141.46353,38.74154],[141.46308,38.74059],[141.46342,38.73923],[141.46552,38.73778],[141.46624,38.7376],[141.46564,38.73658],[141.46661,38.73551],[141.46587,38.73487],[141.4657,38.73383],[141.46613,38.73242],[141.46527,38.73157],[141.46685,38.73116],[141.4675,38.73129],[141.46726,38.7326],[141.46651,38.7339],[141.46738,38.7339],[141.4681,38.73574],[141.46797,38.73679],[141.46848,38.73768],[141.46765,38.73813],[141.46688,38.73943],[141.46713,38.73997]]]]},"properties":{"林班":"B022","市町村名称":"南三陸町","旧市町村":null}},
{"type":"Feature","geometry":{"type":"MultiPolygon","coordinates":[[[[141.45675,38.7953],[141.45773,38.7956],[141.45994,38.79501],[141.46067,38.79457],[141.46113,38.79367],[141.46097,38.7926],[141.46267,38.79264],[141.46382,38.79241],[141.46501,38.79261],[141.46592,38.79233],[141.46709,38.79475],[141.46686,38.7948],[141.46615,38.79405],[141.46533,38.79392],[141.46541,38.79526],[141.46619,38.7953],[141.46621,38.79646],[141.46601,38.79677],[141.46533,38.79734],[141.46417,38.79723],[141.46273,38.79748],[141.46224,38.79783],[141.46202,38.79858],[141.46073,38.79939],[141.45923,38.79902],[141.45792,38.7977],[141.45667,38.79766],[141.45675,38.7953]]],[[[141.45965,38.80263],[141.46131,38.80085],[141.46176,38.79979],[141.46086,38.79936],[141.46202,38.79868],[141.46263,38.79759],[141.46418,38.79727],[141.46534,38.79782],[141.46384,38.79926],[141.46358,38.80017],[141.4634,38.80208],[141.46176,38.80194],[141.46057,38.8021],[141.45965,38.80263]]]]},"properties":{"林班":"B131","市町村名称":"気仙沼市","旧市町村":null}},
{"type":"Feature","geometry":{"type":"MultiPolygon","coordinates":[[[[141.4488,38.77275],[141.44832,38.77339],[141.44711,38.77356],[141.44717,38.77264],[141.4488,38.77275]]],[[[141.44584,38.77563],[141.4454,38.7753],[141.4462,38.77375],[141.44676,38.77495],[141.44868,38.77483],[141.44938,38.7765],[141.44708,38.77599],[141.44622,38.77636],[141.44584,38.77563]]],[[[141.45511,38.77259],[141.45467,38.77329],[141.45322,38.77413],[141.45305,38.77478],[141.45348,38.77597],[141.45268,38.77713],[141.45262,38.77802],[141.45,38.77631],[141.45058,38.77524],[141.45234,38.77346],[141.4527,38.77265],[141.45217,38.77114],[141.45127,38.77187],[141.45055,38.77368],[141.44862,38.77322],[141.44943,38.77236],[141.44872,38.772],[141.44983,38.76766],[141.45125,38.76763],[141.45194,38.76757],[141.45324,38.76722],[141.45393,38.76651],[141.45481,38.76659],[141.45533,38.7677],[141.45588,38.76843],[141.45617,38.76859],[141.45628,38.76904],[141.45657,38.76907],[141.45713,38.76955],[141.4558,38.77053],[141.45586,38.771],[141.45511,38.77259]]],[[[141.44961,38.77361],[141.45033,38.77409],[141.45024,38.77482],[141.4494,38.77611],[141.44828,38.77343],[141.44961,38.77361]]],[[[141.45843,38.77034],[141.45736,38.7694],[141.45698,38.76936],[141.45669,38.76907],[141.45628,38.76891],[141.45621,38.76849],[141.4558,38.76786],[141.45543,38.76766],[141.45542,38.76721],[141.45503,38.76691],[141.45502,38.76644],[141.45481,38.76487],[141.45498,38.7645],[141.45552,38.76464],[141.45869,38.76408],[141.46129,38.76427],[141.4615,38.76519],[141.46089,38.76631],[141.46163,38.7672],[141.461,38.76793],[141.45897,38.76948],[141.45843,38.77034]]]]},"properties":{"林班":"B101","市町村名称":"気仙沼市","旧市町村":null}},
{"type":"Feature","geometry":{"type":"MultiPolygon","coordinates":[[[[141.42748,38.77284],[141.43095,38.77306],[141.43183,38.77344],[141.43288,38.77341],[141.43301,38.77465],[141.43453,38.77504],[141.43349,38.77633],[141.43144,38.77654],[141.43014,38.77754],[141.4279,38.77661],[141.42916,38.77541],[141.42897,38.77398],[141.42811,38.77368],[141.42748,38.77284]]],[[[141.42791,38.77666],[141.42901,38.77723],[141.42853,38.77816],[141.42732,38.7768],[141.42791,38.77666]]],[[[141.43351,38.77249],[141.43517,38.77276],[141.43643,38.77243],[141.4372,38.7726],[141.43859,38.77402],[141.43744,38.7746],[141.43543,38.77523],[141.43371,38.77427],[141.43321,38.77322],[141.43351,38.77249]]]]},"properties":{"林班":"B100","市町村名称":"気仙沼市","旧市町村":null}},
{"type":"Feature","geometry":{"type":"MultiPolygon","coordinates":[[[[141.46447,38.77807],[141.4644,38.77685],[141.46481,38.77615],[141.46607,38.77683],[141.46546,38.77803],[141.46447,38.77807]]],[[[141.46667,38.77829],[141.46748,38.77941],[141.46689,38.78023],[141.46692,38.7821],[141.46584,38.78222],[141.46639,38.78054],[141.46652,38.77881],[141.46535,38.77834],[141.4661,38.77686],[141.46667,38.77829]]],[[[141.46855,38.77614],[141.47076,38.77653],[141.47215,38.77791],[141.47107,38.77837],[141.47063,38.77693],[141.4692,38.77684],[141.46824,38.77648],[141.46842,38.77599],[141.46855,38.77614]]],[[[141.4708,38.77967],[141.47083,38.78044],[141.47316,38.78074],[141.47306,38.78186],[141.4744,38.78196],[141.47505,38.78292],[141.47474,38.78342],[141.47276,38.78318],[141.47292,38.78261],[141.47152,38.78174],[141.47112,38.78241],[141.46901,38.78226],[141.46925,38.78066],[141.4685,38.78],[141.46963,38.77962],[141.4708,38.77967]]]]},"properties":{"林班":"B103","市町村名称":"気仙沼市","旧市町村":null}},
{"type":"Feature","geometry":{"type":"MultiPolygon","coordinates":[[[[141.45511,38.77259],[141.45586,38.771],[141.45595,38.77201],[141.45511,38.77259]]],[[[141.46265,38.78255],[141.46102,38.78201],[141.46111,38.77918],[141.46155,38.77858],[141.4606,38.77762],[141.46092,38.77662],[141.4601,38.7757],[141.45993,38.77759],[141.45969,38.7782],[141.4591,38.77829],[141.45866,38.77872],[141.45738,38.77857],[141.45637,38.77875],[141.45719,38.77683],[141.45634,38.77672],[141.45577,38.77799],[141.456,38.77934],[141.45494,38.77906],[141.45504,38.77865],[141.45496,38.77814],[141.45518,38.77778],[141.45517,38.77752],[141.45504,38.77738],[141.45528,38.77718],[141.45538,38.77684],[141.45477,38.77618],[141.45597,38.77444],[141.45503,38.77411],[141.45546,38.7733],[141.45513,38.77263],[141.45557,38.7724],[141.45605,38.77193],[141.45588,38.77096],[141.45619,38.77037],[141.4574,38.76948],[141.45865,38.77089],[141.45974,38.77161],[141.46052,38.77201],[141.46144,38.77234],[141.46236,38.7724],[141.46248,38.77376],[141.46403,38.77442],[141.46417,38.77542],[141.46352,38.77626],[141.4644,38.77685],[141.46447,38.77807],[141.46427,38.78054],[141.46357,38.7807],[141.46309,38.7819],[141.46265,38.78255]]],[[[141.45514,38.7773],[141.45502,38.77738],[141.45514,38.77753],[141.45515,38.77776],[141.455,38.77789],[141.45481,38.77849],[141.45311,38.77835],[141.45366,38.77746],[141.45367,38.77629],[141.45411,38.77585],[141.45536,38.77683],[141.45514,38.7773]]],[[[141.45623,38.77927],[141.45738,38.77859],[141.45867,38.77874],[141.45911,38.77831],[141.45971,38.77821],[141.46034,38.77776],[141.4606,38.77888],[141.46038,38.7799],[141.45895,38.78093],[141.45716,38.78009],[141.45623,38.77927]]],[[[141.46237,38.77238],[141.46147,38.77233],[141.46126,38.77199],[141.46053,38.77197],[141.45975,38.77159],[141.45851,38.77064],[141.46065,38.77012],[141.46237,38.7697],[141.46257,38.77068],[141.46237,38.77238]]],[[[141.46027,38.78358],[141.46043,38.7827],[141.46147,38.78237],[141.4625,38.78278],[141.46246,38.78318],[141.46101,38.78367],[141.46027,38.78358]]]]},"properties":{"林班":"B102","市町村名称":"気仙沼市","旧市町村":null}},
{"type":"Feature","geometry":{"type":"MultiPolygon","coordinates":[[[[141.48428,38.77927],[141.48524,38.78046],[141.48422,38.78085],[141.48296,38.78021],[141.4831,38.77944],[141.48428,38.77927]]],[[[141.48333,38.78094],[141.48493,38.78087],[141.4861,38.78112],[141.48657,38.78137],[141.48725,38.78371],[141.48711,38.78428],[141.48595,38.78466],[141.48505,38.78549],[141.48435,38.78381],[141.48289,38.78155],[141.48333,38.78094]]],[[[141.48679,38.78156],[141.4874,38.78188],[141.48972,38.78161],[141.4914,38.78176],[141.49223,38.78196],[141.4931,38.78271],[141.49266,38.78347],[141.49004,38.78358],[141.48862,38.7843],[141.48741,38.78445],[141.48679,38.78156]]]]},"properties":{"林班":"B105","市町村名称":"気仙沼市","旧市町村":null}},
{"type":"Feature","geometry":{"type":"MultiPolygon","coordinates":[[[[141.47785,38.77957],[141.479,38.77853],[141.47883,38.77726],[141.4801,38.77767],[141.47973,38.77909],[141.47894,38.78058],[141.47741,38.78092],[141.47709,38.78035],[141.47785,38.77957]]],[[[141.47731,38.78111],[141.47771,38.78182],[141.479,38.78257],[141.47884,38.78367],[141.48036,38.78381],[141.4795,38.78516],[141.4788,38.7843],[141.47724,38.7842],[141.47648,38.78328],[141.47724,38.78262],[141.47676,38.78189],[141.47731,38.78111]]],[[[141.48207,38.77969],[141.4818,38.78116],[141.48242,38.78241],[141.48336,38.78305],[141.48412,38.78451],[141.4818,38.78551],[141.48186,38.7844],[141.48237,38.78338],[141.48205,38.78194],[141.4813,38.78144],[141.48098,38.77939],[141.48207,38.77969]]]]},"properties":{"林班":"B104","市町村名称":"気仙沼市","旧市町村":null}},
{"type":"Feature","geometry":{"type":"MultiPolygon","coordinates":[[[[141.48269,38.79134],[141.48293,38.79255],[141.48236,38.79281],[141.48229,38.79382],[141.48114,38.79452],[141.48058,38.79529],[141.48045,38.79663],[141.47883,38.79595],[141.4797,38.79428],[141.47934,38.79305],[141.47843,38.79196],[141.47894,38.79149],[141.4805,38.79181],[141.48269,38.79134]]],[[[141.48207,38.79514],[141.48111,38.79457],[141.48231,38.79384],[141.48251,38.79323],[141.48361,38.79213],[141.48439,38.7923],[141.48337,38.79359],[141.48313,38.79487],[141.48207,38.79514]]],[[[141.48554,38.7914],[141.48701,38.79166],[141.48748,38.791],[141.48903,38.79335],[141.48993,38.79408],[141.4907,38.79393],[141.49127,38.79365],[141.49157,38.79332],[141.49224,38.79416],[141.49131,38.79543],[141.4901,38.79592],[141.48907,38.79538],[141.48824,38.79328],[141.48696,38.79187],[141.48626,38.79234],[141.48554,38.7914]]],[[[141.48664,38.7929],[141.48736,38.79376],[141.48534,38.79361],[141.48532,38.79227],[141.48664,38.7929]]],[[[141.49071,38.79046],[141.49247,38.78966],[141.4915,38.7913],[141.4915,38.79267],[141.49132,38.79353],[141.48983,38.79262],[141.48944,38.79145],[141.49071,38.79046]]],[[[141.48867,38.79125],[141.48966,38.7923],[141.48863,38.79242],[141.48867,38.79125]]],[[[141.49106,38.78528],[141.49324,38.78466],[141.49335,38.78681],[141.49385,38.78808],[141.49239,38.78786],[141.49123,38.78621],[141.49106,38.78528]]],[[[141.49336,38.79529],[141.49583,38.79477],[141.49696,38.79578],[141.49498,38.79669],[141.49304,38.79686],[141.49206,38.7975],[141.49109,38.79623],[141.49123,38.79583],[141.49336,38.79529]]]]},"properties":{"林班":"B107","市町村名称":"気仙沼市","旧市町村":null}},
{"type":"Feature","geometry":{"type":"MultiPolygon","coordinates":[[[[141.48679,38.78156],[141.48646,38.78127],[141.48612,38.7811],[141.48568,38.78097],[141.48549,38.78085],[141.48465,38.77935],[141.48473,38.77863],[141.48613,38.7793],[141.48652,38.7802],[141.48794,38.78062],[141.48877,38.77996],[141.48989,38.78001],[141.49082,38.78051],[141.49232,38.78082],[141.49246,38.78131],[141.4914,38.78176],[141.48972,38.78161],[141.4874,38.78188],[141.48679,38.78156]]],[[[141.48813,38.77863],[141.48901,38.77832],[141.49054,38.7786],[141.49177,38.77763],[141.492,38.77867],[141.49111,38.78036],[141.49018,38.77983],[141.48891,38.77972],[141.48813,38.77863]]]]},"properties":{"林班":"B106","市町村名称":"気仙沼市","旧市町村":null}},
{"type":"Feature","geometry":{"type":"MultiPolygon","coordinates":[[[[141.4646,38.80183],[141.46628,38.8003],[141.46743,38.79958],[141.46852,38.80014],[141.46879,38.80016],[141.46909,38.79952],[141.47076,38.79936],[141.47193,38.7986],[141.47339,38.79859],[141.47429,38.79798],[141.47639,38.79779],[141.47678,38.79733],[141.47765,38.79844],[141.47865,38.8007],[141.47713,38.8008],[141.47547,38.80137],[141.47455,38.80225],[141.47327,38.8022],[141.4726,38.80291],[141.47159,38.80326],[141.4701,38.80433],[141.46874,38.80444],[141.46796,38.80371],[141.46706,38.80378],[141.46483,38.80339],[141.46428,38.8022],[141.4646,38.80183]]],[[[141.46817,38.7994],[141.47158,38.79861],[141.46907,38.79948],[141.46864,38.80012],[141.46747,38.79949],[141.46812,38.79942],[141.46817,38.7994]]]]},"properties":{"林班":"B109","市町村名称":"気仙沼市","旧市町村":null}},
{"type":"Feature","geometry":{"type":"MultiPolygon","coordinates":[[[[141.47982,38.80032],[141.48059,38.79941],[141.48246,38.79862],[141.48527,38.79801],[141.48683,38.79911],[141.48717,38.80017],[141.48959,38.80105],[141.48895,38.80292],[141.48767,38.80324],[141.48587,38.80264],[141.48488,38.80177],[141.48348,38.80148],[141.48281,38.80067],[141.47982,38.80032]]],[[[141.47606,38.80719],[141.4748,38.80553],[141.47526,38.80517],[141.47634,38.80578],[141.477,38.80679],[141.47941,38.80736],[141.48052,38.80862],[141.48056,38.80955],[141.47923,38.81008],[141.47763,38.8091],[141.47693,38.80779],[141.47683,38.80727],[141.47606,38.80719]]],[[[141.48037,38.80626],[141.48173,38.80619],[141.48359,38.80746],[141.48283,38.80806],[141.48109,38.80841],[141.47957,38.80743],[141.48037,38.80626]]],[[[141.48469,38.80332],[141.48643,38.80313],[141.48745,38.80342],[141.48628,38.80437],[141.48531,38.8041],[141.48469,38.80332]]],[[[141.48303,38.80357],[141.48446,38.80354],[141.4853,38.80412],[141.48601,38.80433],[141.48664,38.80483],[141.48618,38.80523],[141.4849,38.80537],[141.48317,38.8047],[141.48303,38.80357]]]]},"properties":{"林班":"B108","市町村名称":"気仙沼市","旧市町村":null}}
]}