{"type":"FeatureCollection", "features": [
{"type":"Feature","geometry":{"type":"MultiPolygon","coordinates":[[[[141.31134,38.56589],[141.30992,38.56536],[141.30883,38.56537],[141.30436,38.56395],[141.30306,38.56315],[141.30024,38.56207],[141.30237,38.56194],[141.30373,38.5614],[141.30384,38.56186],[141.30406,38.562],[141.30417,38.56164],[141.30437,38.56164],[141.30466,38.56153],[141.30503,38.56134],[141.30532,38.56136],[141.30604,38.5607],[141.30605,38.56056],[141.30629,38.56041],[141.30691,38.55999],[141.30699,38.55994],[141.30737,38.5596],[141.30749,38.55959],[141.30826,38.56063],[141.30887,38.56057],[141.30915,38.56058],[141.30953,38.5606],[141.30971,38.56064],[141.31008,38.56085],[141.31061,38.5607],[141.31073,38.56064],[141.31144,38.56014],[141.31152,38.56011],[141.31193,38.56006],[141.31267,38.56022],[141.31303,38.56031],[141.31398,38.56006],[141.31443,38.56033],[141.31483,38.56056],[141.31611,38.56119],[141.31986,38.56133],[141.32178,38.56077],[141.32234,38.56114],[141.322,38.56216],[141.32229,38.56351],[141.32402,38.56327],[141.32548,38.56236],[141.32562,38.56227],[141.32579,38.56225],[141.3259,38.56351],[141.32704,38.56488],[141.32674,38.56547],[141.32683,38.56591],[141.32692,38.56676],[141.32633,38.56838],[141.32593,38.56857],[141.32472,38.56929],[141.32427,38.56919],[141.32338,38.56911],[141.32287,38.56902],[141.32266,38.56892],[141.32242,38.56851],[141.32235,38.56856],[141.32263,38.56894],[141.3227,38.56904],[141.32255,38.56898],[141.3222,38.56866],[141.32207,38.56863],[141.32182,38.56856],[141.32106,38.56848],[141.32046,38.5685],[141.31979,38.56826],[141.31812,38.56644],[141.31756,38.56589],[141.31633,38.56632],[141.31526,38.56635],[141.31398,38.56624],[141.3135,38.56624],[141.31346,38.56624],[141.31211,38.56631],[141.31134,38.56589]]],[[[141.30604,38.5607],[141.30531,38.56133],[141.30502,38.56131],[141.30466,38.56143],[141.30437,38.56162],[141.30415,38.56163],[141.30387,38.56185],[141.30376,38.56137],[141.30237,38.56192],[141.30326,38.56071],[141.30364,38.56089],[141.30369,38.5609],[141.30373,38.5609],[141.30604,38.5607]]]]},"properties":{"林班":"E019","市町村名称":"石巻市","旧市町村":null}},
{"type":"Feature","geometry":{"type":"MultiPolygon","coordinates":[[[[141.32633,38.56838],[141.33007,38.56793],[141.33165,38.5665],[141.33421,38.56619],[141.33522,38.56649],[141.33553,38.56667],[141.33577,38.56676],[141.33664,38.56698],[141.33674,38.56766],[141.33684,38.56777],[141.33702,38.56794],[141.3373,38.56825],[141.33747,38.56871],[141.33845,38.56975],[141.33866,38.5699],[141.33989,38.57078],[141.34025,38.57111],[141.3412,38.57141],[141.34124,38.5715],[141.34123,38.57172],[141.34052,38.57344],[141.34048,38.57345],[141.34001,38.5729],[141.33678,38.57284],[141.33545,38.57257],[141.335,38.57235],[141.33393,38.57157],[141.33196,38.57065],[141.3294,38.57078],[141.32498,38.56938],[141.32548,38.56886],[141.32593,38.56857],[141.32633,38.56838]]],[[[141.32413,38.56936],[141.32427,38.56997],[141.32413,38.56966],[141.32387,38.56956],[141.32361,38.56938],[141.32413,38.56936]]],[[[141.32593,38.57049],[141.32601,38.57039],[141.32601,38.57043],[141.32593,38.57049]]]]},"properties":{"林班":"E021","市町村名称":"石巻市","旧市町村":null}},
{"type":"Feature","geometry":{"type":"MultiPolygon","coordinates":[[[[141.32576,38.55974],[141.32712,38.55963],[141.3282,38.55939],[141.32863,38.55952],[141.32887,38.55962],[141.33071,38.56036],[141.33166,38.56015],[141.33188,38.56037],[141.33162,38.56067],[141.33188,38.56037],[141.33231,38.56061],[141.33234,38.56076],[141.3326,38.56107],[141.3328,38.56138],[141.33264,38.56184],[141.33244,38.56207],[141.33205,38.56266],[141.3327,38.56302],[141.33241,38.56389],[141.33242,38.56394],[141.33245,38.56402],[141.33262,38.56417],[141.33289,38.56432],[141.33212,38.56471],[141.33313,38.56431],[141.33373,38.56436],[141.33393,38.56444],[141.3341,38.56453],[141.33484,38.56504],[141.33607,38.56511],[141.33621,38.56562],[141.33626,38.56575],[141.33641,38.56606],[141.33643,38.56608],[141.33553,38.56667],[141.33522,38.56649],[141.33421,38.56619],[141.33165,38.5665],[141.33007,38.56793],[141.32633,38.56838],[141.32692,38.56676],[141.32683,38.56591],[141.32674,38.56547],[141.32704,38.56488],[141.3259,38.56351],[141.32579,38.56225],[141.32595,38.56215],[141.32562,38.56227],[141.32548,38.56236],[141.32402,38.56327],[141.32229,38.56351],[141.322,38.56216],[141.32234,38.56114],[141.32476,38.56074],[141.32525,38.56035],[141.32559,38.55998],[141.32576,38.55974]]],[[[141.33577,38.56676],[141.33553,38.56667],[141.33643,38.56608],[141.33655,38.56633],[141.33577,38.56676]]]]},"properties":{"林班":"E020","市町村名称":"石巻市","旧市町村":null}},
{"type":"Feature","geometry":{"type":"Polygon","coordinates":[[[141.22777,38.52933],[141.23304,38.52753],[141.23455,38.52748],[141.23415,38.52968],[141.23366,38.53091],[141.23168,38.53196],[141.22895,38.53208],[141.22762,38.53103],[141.22841,38.52998],[141.22777,38.52933]]]},"properties":{"林班":"E025","市町村名称":"石巻市","旧市町村":null}},
{"type":"Feature","geometry":{"type":"MultiPolygon","coordinates":[[[[141.24007,38.56891],[141.23938,38.56933],[141.23822,38.56772],[141.23899,38.5675],[141.24007,38.56891]]],[[[141.25632,38.57007],[141.25771,38.56974],[141.25773,38.57121],[141.2562,38.57055],[141.25632,38.57007]]],[[[141.26182,38.56541],[141.26253,38.56669],[141.26414,38.56643],[141.26488,38.5668],[141.26328,38.56872],[141.26157,38.56623],[141.26182,38.56541]]],[[[141.2644,38.56569],[141.26595,38.5653],[141.26854,38.56595],[141.26617,38.56643],[141.2644,38.56569]]]]},"properties":{"林班":"E024","市町村名称":"石巻市","旧市町村":null}},
{"type":"Feature","geometry":{"type":"Polygon","coordinates":[[[141.30158,38.57104],[141.30129,38.56843],[141.30088,38.5668],[141.30121,38.5649],[141.30378,38.56537],[141.30551,38.56612],[141.30788,38.56639],[141.30804,38.56783],[141.30774,38.56815],[141.30805,38.5679],[141.30856,38.56838],[141.30878,38.5691],[141.30879,38.56912],[141.3091,38.56939],[141.30918,38.56955],[141.30894,38.56957],[141.30782,38.56953],[141.30701,38.56942],[141.30698,38.56942],[141.30686,38.56945],[141.30627,38.56992],[141.30619,38.57],[141.306,38.5702],[141.30593,38.57036],[141.30584,38.57083],[141.30572,38.57108],[141.30562,38.5712],[141.30474,38.57139],[141.30447,38.57161],[141.30412,38.57148],[141.30401,38.57095],[141.30394,38.57097],[141.30227,38.57101],[141.30158,38.57104]]]},"properties":{"林班":"E023","市町村名称":"石巻市","旧市町村":null}},
{"type":"Feature","geometry":{"type":"Polygon","coordinates":[[[141.30788,38.56639],[141.30958,38.56633],[141.31134,38.56589],[141.31211,38.56631],[141.31346,38.56624],[141.3135,38.56624],[141.31398,38.56624],[141.31526,38.56635],[141.31633,38.56632],[141.31648,38.56632],[141.31653,38.56631],[141.31812,38.56644],[141.31979,38.56826],[141.32046,38.5685],[141.32106,38.56848],[141.32182,38.56856],[141.32207,38.56863],[141.32236,38.56984],[141.3217,38.57157],[141.32133,38.57265],[141.32116,38.57303],[141.321,38.57297],[141.31948,38.57209],[141.31962,38.57141],[141.31956,38.57108],[141.31898,38.57018],[141.3186,38.56942],[141.31836,38.5693],[141.31764,38.56907],[141.3176,38.56905],[141.31706,38.56886],[141.31683,38.56878],[141.31504,38.56876],[141.31469,38.5688],[141.31334,38.56862],[141.31247,38.56854],[141.31194,38.56857],[141.31129,38.56878],[141.31111,38.56888],[141.31089,38.56899],[141.31056,38.56928],[141.31023,38.56896],[141.31056,38.56928],[141.31034,38.56941],[141.31002,38.56943],[141.30918,38.56955],[141.3091,38.56939],[141.30879,38.56912],[141.30878,38.5691],[141.30856,38.56838],[141.30805,38.5679],[141.30804,38.56783],[141.30788,38.56639]]]},"properties":{"林班":"E022","市町村名称":"石巻市","旧市町村":null}},
{"type":"Feature","geometry":{"type":"MultiPolygon","coordinates":[[[[141.32601,38.57039],[141.32623,38.57005],[141.3294,38.57078],[141.33225,38.57083],[141.33285,38.57112],[141.33265,38.57152],[141.33287,38.57292],[141.3329,38.5737],[141.33299,38.57388],[141.33317,38.57414],[141.33331,38.57476],[141.33314,38.57534],[141.33308,38.57564],[141.3327,38.57621],[141.33269,38.57621],[141.33246,38.57626],[141.332,38.5763],[141.33192,38.57626],[141.33176,38.57615],[141.33153,38.57601],[141.33056,38.57595],[141.32958,38.57628],[141.32881,38.57645],[141.32868,38.57643],[141.32694,38.57645],[141.32687,38.57646],[141.32488,38.57651],[141.32408,38.57575],[141.32407,38.57571],[141.32315,38.57557],[141.32275,38.57419],[141.32174,38.57317],[141.32123,38.5731],[141.32116,38.57303],[141.32133,38.57265],[141.3217,38.57157],[141.32236,38.56984],[141.32255,38.56898],[141.3227,38.56904],[141.32339,38.56935],[141.32361,38.56938],[141.32387,38.56956],[141.32413,38.56966],[141.32427,38.56997],[141.32593,38.57049],[141.32601,38.57043],[141.32601,38.57039]]],[[[141.33545,38.57257],[141.33678,38.57284],[141.34001,38.5729],[141.34048,38.57345],[141.34044,38.5737],[141.34057,38.57421],[141.34144,38.57591],[141.3415,38.57621],[141.34198,38.57756],[141.34241,38.5779],[141.34241,38.57829],[141.34203,38.5788],[141.34179,38.5787],[141.34152,38.57865],[141.34095,38.57867],[141.34028,38.57875],[141.34013,38.57873],[141.33965,38.57863],[141.33817,38.5778],[141.33745,38.57772],[141.33692,38.57669],[141.33687,38.57667],[141.3368,38.57666],[141.3362,38.57687],[141.33537,38.57697],[141.33498,38.57703],[141.3335,38.57653],[141.33291,38.57627],[141.3329,38.57627],[141.33288,38.57626],[141.3327,38.57621],[141.33308,38.57564],[141.33314,38.57534],[141.33331,38.57476],[141.33317,38.57414],[141.33299,38.57388],[141.3329,38.5737],[141.33287,38.57292],[141.33265,38.57152],[141.33285,38.57112],[141.335,38.57235],[141.33545,38.57257]]]]},"properties":{"林班":"E026","市町村名称":"石巻市","旧市町村":null}},
{"type":"Feature","geometry":{"type":"MultiPolygon","coordinates":[[[[141.4072,38.42009],[141.40869,38.41999],[141.40945,38.42045],[141.41115,38.41927],[141.4124,38.42111],[141.41096,38.42228],[141.40905,38.42191],[141.40771,38.42101],[141.4072,38.42009]]],[[[141.41389,38.42098],[141.41384,38.41924],[141.41565,38.41925],[141.41675,38.41968],[141.41788,38.41955],[141.41905,38.41977],[141.41912,38.41987],[141.41954,38.42007],[141.41953,38.42072],[141.41958,38.42091],[141.4194,38.42106],[141.41934,38.42122],[141.41939,38.42135],[141.41838,38.42155],[141.41755,38.42066],[141.41586,38.42115],[141.41389,38.42098]]]]},"properties":{"林班":"A041","市町村名称":"女川町","旧市町村":null}},
{"type":"Feature","geometry":{"type":"MultiPolygon","coordinates":[[[[141.40423,38.41973],[141.40504,38.42036],[141.404,38.42091],[141.40418,38.42249],[141.40198,38.42208],[141.40138,38.4213],[141.4024,38.42072],[141.4027,38.41968],[141.40423,38.41973]]],[[[141.4072,38.42009],[141.40771,38.42101],[141.40905,38.42191],[141.40901,38.42271],[141.4099,38.42543],[141.40954,38.42663],[141.40918,38.42565],[141.40732,38.42529],[141.40649,38.4261],[141.40549,38.42455],[141.40707,38.42328],[141.40535,38.42137],[141.4072,38.42009]]]]},"properties":{"林班":"A040","市町村名称":"女川町","旧市町村":null}},
{"type":"Feature","geometry":{"type":"MultiPolygon","coordinates":[[[[141.40954,38.42663],[141.4099,38.42543],[141.40901,38.42271],[141.40905,38.42191],[141.41096,38.42228],[141.41322,38.4225],[141.41338,38.4237],[141.41272,38.42497],[141.41157,38.42443],[141.41082,38.42554],[141.40954,38.42663]]],[[[141.41348,38.42381],[141.41435,38.42281],[141.41595,38.42423],[141.41397,38.42451],[141.41348,38.42381]]],[[[141.41389,38.42098],[141.41586,38.42115],[141.41755,38.42066],[141.41838,38.42155],[141.41939,38.42135],[141.41962,38.42176],[141.42018,38.42197],[141.42021,38.42281],[141.42092,38.42321],[141.42119,38.4241],[141.42114,38.42465],[141.41935,38.42459],[141.41682,38.42267],[141.41624,38.42359],[141.41483,38.42259],[141.41389,38.42098]]],[[[141.42115,38.42394],[141.42093,38.42316],[141.42071,38.42299],[141.42096,38.42294],[141.42115,38.42394]]]]},"properties":{"林班":"A039","市町村名称":"女川町","旧市町村":null}},
{"type":"Feature","geometry":{"type":"MultiPolygon","coordinates":[[[[141.43181,38.42355],[141.43437,38.42199],[141.43575,38.42162],[141.43758,38.42161],[141.44004,38.4232],[141.43994,38.42638],[141.43805,38.42673],[141.4373,38.42566],[141.43627,38.42517],[141.43429,38.4251],[141.43244,38.42431],[141.43181,38.42355]]],[[[141.43812,38.42683],[141.44037,38.42632],[141.44018,38.42522],[141.44042,38.42341],[141.44105,38.42266],[141.44197,38.42353],[141.44171,38.42469],[141.44279,38.4254],[141.44294,38.42605],[141.44212,38.42742],[141.44105,38.42805],[141.44004,38.42792],[141.43863,38.42743],[141.43812,38.42683]]]]},"properties":{"林班":"A032","市町村名称":"女川町","旧市町村":null}},
{"type":"Feature","geometry":{"type":"MultiPolygon","coordinates":[[[[141.4288,38.42665],[141.42982,38.42582],[141.43038,38.42427],[141.43181,38.42355],[141.43244,38.42431],[141.43429,38.4251],[141.43627,38.42517],[141.4373,38.42566],[141.43805,38.42673],[141.43847,38.42867],[141.4373,38.42884],[141.4366,38.42951],[141.43453,38.43027],[141.43327,38.43011],[141.43107,38.43035],[141.42987,38.42998],[141.42991,38.42941],[141.43154,38.42906],[141.43136,38.42741],[141.42985,38.42741],[141.42905,38.42787],[141.42873,38.42696],[141.42875,38.42695],[141.4288,38.42665]]],[[[141.42891,38.43029],[141.42971,38.43003],[141.42912,38.43034],[141.42891,38.43029]]],[[[141.43867,38.4286],[141.43812,38.42683],[141.43863,38.42743],[141.44004,38.42792],[141.43867,38.4286]]]]},"properties":{"林班":"A031","市町村名称":"女川町","旧市町村":null}},
{"type":"Feature","geometry":{"type":"Polygon","coordinates":[[[141.43826,38.42082],[141.43817,38.42033],[141.43997,38.4195],[141.44117,38.41864],[141.44244,38.41711],[141.44271,38.41734],[141.44244,38.41711],[141.44244,38.41691],[141.44245,38.41453],[141.44321,38.414],[141.44522,38.41152],[141.44555,38.41242],[141.44684,38.41415],[141.44698,38.41452],[141.44699,38.4148],[141.44701,38.41512],[141.44702,38.41526],[141.44704,38.41531],[141.4471,38.41539],[141.44717,38.41545],[141.44745,38.41561],[141.44767,38.41585],[141.44771,38.41594],[141.44771,38.41596],[141.44774,38.41609],[141.44798,38.41653],[141.44811,38.41665],[141.44827,38.41675],[141.44841,38.41682],[141.44853,38.41687],[141.44872,38.41885],[141.44768,38.42019],[141.44819,38.42106],[141.44796,38.42123],[141.4476,38.4217],[141.44577,38.42111],[141.44413,38.42142],[141.44211,38.42057],[141.44058,38.42082],[141.44057,38.42075],[141.44037,38.42073],[141.43941,38.42064],[141.43826,38.42082]]]},"properties":{"林班":"A034","市町村名称":"女川町","旧市町村":null}},
{"type":"Feature","geometry":{"type":"MultiPolygon","coordinates":[[[[141.43575,38.42162],[141.43697,38.42113],[141.43847,38.42102],[141.4394,38.42084],[141.4406,38.42091],[141.44222,38.42067],[141.44222,38.4213],[141.44,38.42199],[141.44004,38.4232],[141.43758,38.42161],[141.43575,38.42162]]],[[[141.44042,38.42341],[141.44021,38.42212],[141.44206,38.4216],[141.44252,38.42074],[141.44333,38.42126],[141.44387,38.42135],[141.44415,38.42155],[141.44372,38.42212],[141.44359,38.42285],[141.44197,38.42353],[141.44105,38.42266],[141.44042,38.42341]]],[[[141.44413,38.42142],[141.44577,38.42111],[141.4476,38.4217],[141.44783,38.42246],[141.4475,38.42297],[141.44558,38.42471],[141.44294,38.42605],[141.44279,38.4254],[141.44375,38.42456],[141.4438,38.42214],[141.44413,38.42181],[141.44423,38.42155],[141.44413,38.42142]]]]},"properties":{"林班":"A033","市町村名称":"女川町","旧市町村":null}},
{"type":"Feature","geometry":{"type":"MultiPolygon","coordinates":[[[[141.42899,38.41453],[141.42896,38.41442],[141.42914,38.41388],[141.42985,38.41417],[141.42899,38.41453]]],[[[141.42985,38.41417],[141.43047,38.41484],[141.43234,38.41538],[141.43265,38.41464],[141.43508,38.41319],[141.43633,38.41383],[141.43747,38.41351],[141.43709,38.41518],[141.43657,38.4158],[141.43656,38.4163],[141.43615,38.41707],[141.4377,38.41785],[141.43666,38.4201],[141.43673,38.42083],[141.43473,38.42084],[141.43502,38.41972],[141.43404,38.4181],[141.43237,38.41746],[141.43115,38.41621],[141.42943,38.41556],[141.42913,38.41536],[141.42899,38.41453],[141.42985,38.41417]]]]},"properties":{"林班":"A036","市町村名称":"女川町","旧市町村":null}},
{"type":"Feature","geometry":{"type":"MultiPolygon","coordinates":[[[[141.43657,38.4158],[141.43709,38.41518],[141.43747,38.41351],[141.43829,38.41284],[141.44021,38.41237],[141.44214,38.4132],[141.44245,38.41453],[141.44244,38.41691],[141.44244,38.41711],[141.44117,38.41864],[141.43997,38.4195],[141.43817,38.42033],[141.43826,38.42082],[141.43673,38.42083],[141.43666,38.4201],[141.4377,38.41785],[141.43615,38.41707],[141.43656,38.4163],[141.43657,38.4158]]],[[[141.43646,38.42086],[141.43808,38.42086],[141.43806,38.42097],[141.43758,38.42095],[141.43659,38.4212],[141.43646,38.42086]]]]},"properties":{"林班":"A035","市町村名称":"女川町","旧市町村":null}},
{"type":"Feature","geometry":{"type":"Polygon","coordinates":[[[141.42071,38.42299],[141.42028,38.42199],[141.41963,38.42175],[141.41956,38.42147],[141.41937,38.42127],[141.41941,38.42109],[141.4196,38.42092],[141.41959,38.42014],[141.42022,38.42037],[141.42436,38.41923],[141.42585,38.41744],[141.42639,38.4158],[141.42757,38.4154],[141.42789,38.41569],[141.42849,38.41595],[141.42922,38.41636],[141.42912,38.41657],[141.42909,38.41668],[141.42912,38.41675],[141.42845,38.41765],[141.42824,38.41925],[141.42661,38.41987],[141.42746,38.42334],[141.42674,38.4242],[141.42288,38.42478],[141.42179,38.42471],[141.42115,38.42394],[141.42096,38.42294],[141.42071,38.42299]]]},"properties":{"林班":"A038","市町村名称":"女川町","旧市町村":null}},
{"type":"Feature","geometry":{"type":"MultiPolygon","coordinates":[[[[141.42899,38.41453],[141.42913,38.41536],[141.42875,38.41594],[141.4276,38.41539],[141.42822,38.41454],[141.42863,38.41425],[141.42868,38.41421],[141.42914,38.41388],[141.42896,38.41442],[141.42899,38.41453]]],[[[141.42674,38.4242],[141.42746,38.42334],[141.42661,38.41987],[141.42824,38.41925],[141.42845,38.41765],[141.42912,38.41675],[141.42925,38.41686],[141.43013,38.41722],[141.43037,38.41748],[141.4304,38.41793],[141.43033,38.41811],[141.43078,38.42024],[141.42929,38.42123],[141.42915,38.42378],[141.42781,38.42439],[141.42674,38.4242]]],[[[141.43473,38.42084],[141.4333,38.42166],[141.43321,38.42233],[141.43105,38.42273],[141.42925,38.42391],[141.42932,38.42123],[141.43081,38.42024],[141.43079,38.41945],[141.43035,38.41811],[141.43042,38.41793],[141.43044,38.41764],[141.4304,38.41748],[141.43016,38.41721],[141.42926,38.41684],[141.42912,38.41668],[141.42915,38.41657],[141.42924,38.41635],[141.42917,38.41625],[141.42875,38.41594],[141.42943,38.41556],[141.43115,38.41621],[141.43237,38.41746],[141.43404,38.4181],[141.43502,38.41972],[141.43473,38.42084]]]]},"properties":{"林班":"A037","市町村名称":"女川町","旧市町村":null}},
{"type":"Feature","geometry":{"type":"MultiPolygon","coordinates":[[[[141.41139,38.44994],[141.41303,38.44975],[141.41305,38.45091],[141.41388,38.45134],[141.41276,38.45377],[141.41252,38.45383],[141.4118,38.45217],[141.41177,38.45027],[141.41139,38.44994]]],[[[141.41321,38.45364],[141.4136,38.45212],[141.4142,38.45151],[141.41306,38.45035],[141.41313,38.44978],[141.41486,38.44918],[141.41718,38.44987],[141.41817,38.45058],[141.41881,38.45247],[141.42016,38.45335],[141.4192,38.45523],[141.41703,38.45458],[141.41543,38.45436],[141.41321,38.45364]]]]},"properties":{"林班":"A050","市町村名称":"女川町","旧市町村":null}},
{"type":"Feature","geometry":{"type":"MultiPolygon","coordinates":[[[[141.41079,38.44601],[141.41009,38.44458],[141.41119,38.44349],[141.41137,38.44271],[141.41266,38.44321],[141.41598,38.44394],[141.41767,38.44542],[141.41857,38.44635],[141.41875,38.44731],[141.41713,38.44714],[141.41416,38.44704],[141.41291,38.44635],[141.41079,38.44601]]],[[[141.41877,38.44662],[141.42017,38.44798],[141.42113,38.44953],[141.42129,38.44968],[141.42097,38.44965],[141.42045,38.44927],[141.41927,38.44847],[141.41877,38.44662]]]]},"properties":{"林班":"A052","市町村名称":"女川町","旧市町村":null}},
{"type":"Feature","geometry":{"type":"MultiPolygon","coordinates":[[[[141.41139,38.44994],[141.41026,38.44853],[141.41079,38.44601],[141.41291,38.44635],[141.41416,38.44704],[141.41713,38.44714],[141.41507,38.44775],[141.41288,38.44769],[141.41245,38.44876],[141.41303,38.44975],[141.41139,38.44994]]],[[[141.41313,38.44978],[141.41264,38.44879],[141.41341,38.44792],[141.41529,38.44823],[141.4164,38.44743],[141.41773,38.44769],[141.41849,38.44855],[141.41927,38.44847],[141.42045,38.44927],[141.42097,38.44965],[141.42129,38.44968],[141.42144,38.45066],[141.42194,38.45163],[141.42217,38.45322],[141.42167,38.45612],[141.42082,38.45557],[141.4192,38.45523],[141.42016,38.45335],[141.41881,38.45247],[141.41817,38.45058],[141.41718,38.44987],[141.41486,38.44918],[141.41313,38.44978]]]]},"properties":{"林班":"A051","市町村名称":"女川町","旧市町村":null}},
{"type":"Feature","geometry":{"type":"Polygon","coordinates":[[[141.4123,38.41178],[141.41221,38.41135],[141.41318,38.41107],[141.41631,38.41088],[141.41643,38.41086],[141.41645,38.41127],[141.41645,38.41122],[141.41643,38.41085],[141.41655,38.41083],[141.41682,38.4108],[141.41739,38.41082],[141.41793,38.41095],[141.41882,38.41084],[141.42027,38.40999],[141.42151,38.4099],[141.42198,38.41032],[141.42207,38.41111],[141.42233,38.41162],[141.42317,38.41156],[141.42334,38.41152],[141.42412,38.4114],[141.42442,38.41155],[141.42624,38.41331],[141.42601,38.41381],[141.42759,38.41479],[141.42757,38.4154],[141.42639,38.4158],[141.42606,38.41562],[141.42146,38.41596],[141.42061,38.41581],[141.41687,38.41642],[141.41464,38.41621],[141.41367,38.4168],[141.41249,38.41707],[141.41131,38.41652],[141.40971,38.41644],[141.41053,38.4153],[141.41143,38.41374],[141.41247,38.41274],[141.41259,38.41234],[141.41246,38.41201],[141.4123,38.41178]]]},"properties":{"林班":"A043","市町村名称":"女川町","旧市町村":null}},
{"type":"Feature","geometry":{"type":"Polygon","coordinates":[[[141.41367,38.4168],[141.41392,38.41707],[141.41687,38.41642],[141.42061,38.41581],[141.42146,38.41596],[141.42606,38.41562],[141.42639,38.4158],[141.42585,38.41744],[141.42436,38.41923],[141.42022,38.42037],[141.41959,38.42014],[141.41955,38.42006],[141.41913,38.41985],[141.41906,38.41976],[141.41849,38.4196],[141.41873,38.41943],[141.41746,38.41897],[141.41706,38.41962],[141.41421,38.41877],[141.41249,38.41707],[141.41367,38.4168]]]},"properties":{"林班":"A042","市町村名称":"女川町","旧市町村":null}},
{"type":"Feature","geometry":{"type":"Polygon","coordinates":[[[141.4061,38.44496],[141.40632,38.44517],[141.40905,38.44512],[141.40941,38.4448],[141.40991,38.44597],[141.40991,38.44837],[141.41164,38.45138],[141.41171,38.45378],[141.40996,38.45248],[141.40682,38.4516],[141.40615,38.4507],[141.40672,38.45189],[141.40844,38.45208],[141.41073,38.45325],[141.41006,38.45481],[141.40772,38.45509],[141.40485,38.45619],[141.40428,38.45585],[141.40422,38.4558],[141.40409,38.45571],[141.40482,38.45494],[141.40585,38.4546],[141.40588,38.45457],[141.40676,38.45362],[141.40655,38.4534],[141.40573,38.45054],[141.4058,38.45034],[141.40534,38.44952],[141.40545,38.44903],[141.40594,38.44863],[141.40587,38.4476],[141.406,38.44713],[141.40592,38.44579],[141.40546,38.44486],[141.40566,38.44475],[141.40572,38.44482],[141.40582,38.44484],[141.4061,38.44496]]]},"properties":{"林班":"A045","市町村名称":"女川町","旧市町村":null}},
{"type":"Feature","geometry":{"type":"MultiPolygon","coordinates":[[[[141.40123,38.43831],[141.40125,38.43721],[141.40192,38.43665],[141.40418,38.43653],[141.4057,38.43768],[141.40804,38.43883],[141.40836,38.438],[141.40946,38.43795],[141.4102,38.44085],[141.41116,38.44247],[141.4094,38.44422],[141.40941,38.4448],[141.40905,38.44512],[141.40632,38.44517],[141.4061,38.44496],[141.40582,38.44484],[141.40572,38.44482],[141.4057,38.44473],[141.40566,38.44475],[141.40546,38.44486],[141.40542,38.44439],[141.4051,38.44365],[141.40479,38.44313],[141.40418,38.4422],[141.40434,38.44143],[141.40407,38.4408],[141.40331,38.44008],[141.4028,38.43958],[141.4022,38.43925],[141.40213,38.43916],[141.40206,38.439],[141.40187,38.43881],[141.40181,38.43879],[141.40175,38.43875],[141.40147,38.43856],[141.40146,38.43856],[141.40145,38.43857],[141.40123,38.43831]]],[[[141.40834,38.43601],[141.41094,38.43483],[141.41002,38.43402],[141.41108,38.43365],[141.41186,38.43435],[141.41078,38.43614],[141.40958,38.43639],[141.40834,38.43601]]]]},"properties":{"林班":"A044","市町村名称":"女川町","旧市町村":null}},
{"type":"Feature","geometry":{"type":"Polygon","coordinates":[[[141.40729,38.45753],[141.4078,38.45757],[141.40813,38.45759],[141.40836,38.45841],[141.40838,38.45895],[141.40872,38.45867],[141.40974,38.45858],[141.41316,38.45743],[141.41421,38.46024],[141.41364,38.46225],[141.4134,38.46486],[141.41371,38.46524],[141.41368,38.46656],[141.4144,38.46709],[141.41476,38.46818],[141.41441,38.46901],[141.41297,38.4688],[141.41294,38.46852],[141.41293,38.46852],[141.4121,38.46792],[141.41204,38.46788],[141.41088,38.46756],[141.41067,38.46719],[141.41046,38.46647],[141.40985,38.46589],[141.40965,38.46547],[141.40983,38.46498],[141.40978,38.46466],[141.40874,38.46342],[141.40863,38.46113],[141.40777,38.46025],[141.40734,38.45891],[141.40612,38.45834],[141.40589,38.45783],[141.40545,38.45741],[141.40409,38.45661],[141.40409,38.45571],[141.40422,38.4558],[141.40428,38.45585],[141.40488,38.45621],[141.40649,38.45571],[141.40639,38.45601],[141.40729,38.45753]]]},"properties":{"林班":"A047","市町村名称":"女川町","旧市町村":null}},
{"type":"Feature","geometry":{"type":"Polygon","coordinates":[[[141.40649,38.45571],[141.40773,38.45512],[141.41008,38.45483],[141.41146,38.4541],[141.41263,38.45497],[141.41316,38.45743],[141.40974,38.45858],[141.40872,38.45867],[141.40836,38.45841],[141.40813,38.45759],[141.4078,38.45757],[141.40729,38.45753],[141.40639,38.45601],[141.40649,38.45571]]]},"properties":{"林班":"A046","市町村名称":"女川町","旧市町村":null}},
{"type":"Feature","geometry":{"type":"Polygon","coordinates":[[[141.41604,38.45914],[141.41525,38.45919],[141.41475,38.4593],[141.41452,38.45942],[141.41429,38.45767],[141.4135,38.45606],[141.41303,38.45369],[141.41319,38.45365],[141.41321,38.45364],[141.41543,38.45436],[141.41703,38.45458],[141.4192,38.45523],[141.42082,38.45557],[141.42167,38.45612],[141.42182,38.4564],[141.42226,38.45719],[141.42228,38.45785],[141.42031,38.45893],[141.41978,38.45955],[141.41733,38.45895],[141.41604,38.45914]]]},"properties":{"林班":"A049","市町村名称":"女川町","旧市町村":null}},
{"type":"Feature","geometry":{"type":"Polygon","coordinates":[[[141.41371,38.46524],[141.41365,38.46412],[141.41411,38.46128],[141.41451,38.46067],[141.41448,38.45989],[141.41455,38.45952],[141.41476,38.45932],[141.41604,38.45914],[141.41733,38.45895],[141.41978,38.45955],[141.41944,38.46215],[141.41894,38.46284],[141.4193,38.46445],[141.41872,38.46553],[141.41923,38.4664],[141.41857,38.46729],[141.41709,38.46842],[141.41441,38.46901],[141.41476,38.46818],[141.4144,38.46709],[141.41368,38.46656],[141.41371,38.46524]]]},"properties":{"林班":"A048","市町村名称":"女川町","旧市町村":null}},
{"type":"Feature","geometry":{"type":"Polygon","coordinates":[[[141.43504,38.44438],[141.43656,38.44289],[141.43825,38.442],[141.43965,38.44201],[141.44038,38.44271],[141.44165,38.44374],[141.44139,38.44427],[141.43897,38.44467],[141.43947,38.44532],[141.43893,38.44625],[141.43717,38.44667],[141.43664,38.44714],[141.43479,38.44722],[141.43372,38.44681],[141.43352,38.44614],[141.43504,38.44438]]]},"properties":{"林班":"A061","市町村名称":"女川町","旧市町村":null}},
{"type":"Feature","geometry":{"type":"Polygon","coordinates":[[[141.436,38.44102],[141.43821,38.44044],[141.44059,38.44049],[141.44184,38.4413],[141.44038,38.44271],[141.43965,38.44201],[141.43825,38.442],[141.43656,38.44289],[141.43558,38.44152],[141.436,38.44102]]]},"properties":{"林班":"A060","市町村名称":"女川町","旧市町村":null}},
{"type":"Feature","geometry":{"type":"MultiPolygon","coordinates":[[[[141.42343,38.44934],[141.42447,38.44863],[141.42558,38.44845],[141.42757,38.44756],[141.42953,38.44944],[141.43332,38.45035],[141.43281,38.45077],[141.43115,38.45146],[141.42881,38.45134],[141.4268,38.45213],[141.42532,38.45345],[141.42433,38.45184],[141.42266,38.45053],[141.42343,38.44934]]],[[[141.42318,38.4494],[141.42242,38.45073],[141.42503,38.45365],[141.42338,38.45476],[141.42182,38.4564],[141.42167,38.45612],[141.42217,38.45322],[141.42194,38.45163],[141.42144,38.45066],[141.42318,38.4494]]]]},"properties":{"林班":"A063","市町村名称":"女川町","旧市町村":null}},
{"type":"Feature","geometry":{"type":"MultiPolygon","coordinates":[[[[141.4302,38.44492],[141.43213,38.4444],[141.43326,38.4448],[141.43504,38.44438],[141.43352,38.44614],[141.43372,38.44681],[141.43489,38.44739],[141.43671,38.44719],[141.43674,38.44798],[141.438,38.44848],[141.43626,38.44984],[141.43489,38.44979],[141.43329,38.45024],[141.42953,38.44944],[141.42757,38.44756],[141.42868,38.44707],[141.42915,38.44596],[141.4302,38.44492]]],[[[141.43465,38.44987],[141.43527,38.44989],[141.43467,38.44988],[141.43465,38.44987]]]]},"properties":{"林班":"A062","市町村名称":"女川町","旧市町村":null}},
{"type":"Feature","geometry":{"type":"Polygon","coordinates":[[[141.32539,38.76335],[141.32539,38.76404],[141.32633,38.76582],[141.32585,38.76766],[141.32516,38.76842],[141.32519,38.76933],[141.32341,38.76953],[141.32278,38.77027],[141.32119,38.77029],[141.31689,38.769],[141.3151,38.76893],[141.31383,38.76908],[141.31353,38.7691],[141.31293,38.76926],[141.31235,38.76947],[141.31191,38.76944],[141.31315,38.76776],[141.31524,38.76711],[141.31592,38.76719],[141.31832,38.76548],[141.3189,38.76403],[141.32096,38.76368],[141.32304,38.76384],[141.32539,38.76335]]]},"properties":{"林班":"C023","市町村名称":"登米市","旧市町村":null}},
{"type":"Feature","geometry":{"type":"Polygon","coordinates":[[[141.3098,38.76332],[141.31042,38.76292],[141.3128,38.76254],[141.3149,38.76151],[141.31836,38.76154],[141.31878,38.76171],[141.32032,38.76137],[141.32176,38.76143],[141.3228,38.76242],[141.32539,38.76335],[141.32304,38.76384],[141.32096,38.76368],[141.3189,38.76403],[141.31832,38.76548],[141.31592,38.76719],[141.31524,38.76711],[141.31315,38.76776],[141.31174,38.76709],[141.30989,38.76689],[141.31029,38.76438],[141.3098,38.76332]]]},"properties":{"林班":"C022","市町村名称":"登米市","旧市町村":null}},
{"type":"Feature","geometry":{"type":"MultiPolygon","coordinates":[[[[141.3098,38.76332],[141.30951,38.76248],[141.3074,38.76341],[141.3066,38.76256],[141.30666,38.76013],[141.30548,38.75994],[141.30543,38.75912],[141.30712,38.75827],[141.30786,38.75731],[141.30974,38.75728],[141.31007,38.75718],[141.31046,38.75695],[141.31092,38.75699],[141.31204,38.75754],[141.31244,38.75787],[141.31451,38.75891],[141.31629,38.75935],[141.31722,38.75924],[141.31769,38.75912],[141.31778,38.75978],[141.31854,38.76012],[141.31979,38.75956],[141.32027,38.75933],[141.32063,38.75884],[141.3211,38.7589],[141.32143,38.75942],[141.32159,38.76031],[141.31937,38.76105],[141.31878,38.76171],[141.31836,38.76154],[141.3149,38.76151],[141.3128,38.76254],[141.31042,38.76292],[141.3098,38.76332]]],[[[141.3106,38.75695],[141.31127,38.7565],[141.31331,38.75694],[141.31449,38.75661],[141.31587,38.75535],[141.31677,38.75499],[141.31873,38.75506],[141.32012,38.75466],[141.32114,38.75795],[141.32091,38.75878],[141.32062,38.75881],[141.32034,38.75896],[141.31978,38.75953],[141.31907,38.75957],[141.31851,38.7601],[141.31773,38.75912],[141.31756,38.75904],[141.31709,38.75924],[141.3163,38.75932],[141.31452,38.75888],[141.31244,38.75785],[141.31207,38.75751],[141.31093,38.75696],[141.3106,38.75695]]]]},"properties":{"林班":"C021","市町村名称":"登米市","旧市町村":null}},
{"type":"Feature","geometry":{"type":"Polygon","coordinates":[[[141.32075,38.74985],[141.32099,38.75016],[141.31991,38.75269],[141.32012,38.75466],[141.31873,38.75506],[141.31677,38.75499],[141.31587,38.75535],[141.31449,38.75661],[141.31331,38.75694],[141.31127,38.7565],[141.3106,38.75695],[141.31046,38.75693],[141.3103,38.75702],[141.30936,38.75672],[141.30913,38.75581],[141.30997,38.75543],[141.31002,38.75528],[141.30995,38.75472],[141.31013,38.75423],[141.30992,38.75316],[141.31031,38.75291],[141.31059,38.75222],[141.31244,38.75245],[141.31615,38.75152],[141.31676,38.75165],[141.3185,38.75077],[141.31947,38.75076],[141.32075,38.74985]]]},"properties":{"林班":"C020","市町村名称":"登米市","旧市町村":null}},
{"type":"Feature","geometry":{"type":"MultiPolygon","coordinates":[[[[141.29148,38.73505],[141.29289,38.73381],[141.29394,38.73407],[141.294,38.73486],[141.29148,38.73505]]],[[[141.29079,38.73779],[141.29023,38.73704],[141.29135,38.73645],[141.29264,38.7362],[141.2927,38.73713],[141.29123,38.73707],[141.29079,38.73779]]],[[[141.29179,38.73781],[141.29327,38.73671],[141.29469,38.73687],[141.29651,38.73761],[141.29519,38.73894],[141.29389,38.73956],[141.29184,38.73952],[141.29102,38.73831],[141.29179,38.73781]]],[[[141.29178,38.7417],[141.29203,38.73953],[141.29397,38.73961],[141.29308,38.74129],[141.29451,38.74191],[141.2944,38.74337],[141.2934,38.74386],[141.29355,38.74516],[141.29273,38.74596],[141.29189,38.74529],[141.29173,38.74409],[141.29065,38.74353],[141.29178,38.7417]]],[[[141.29414,38.7479],[141.29409,38.74603],[141.29471,38.74479],[141.29586,38.74701],[141.29415,38.7479],[141.29414,38.7479]]],[[[141.29606,38.74188],[141.29727,38.74111],[141.29761,38.74025],[141.2985,38.73981],[141.29925,38.74272],[141.29909,38.7435],[141.29784,38.74403],[141.29606,38.74188]]],[[[141.29572,38.74208],[141.29725,38.74352],[141.29579,38.74462],[141.29572,38.74208]]],[[[141.29874,38.7467],[141.29831,38.74756],[141.29676,38.74808],[141.29617,38.74654],[141.29689,38.74541],[141.29854,38.74534],[141.29874,38.7467]]],[[[141.29981,38.74527],[141.29855,38.74519],[141.29783,38.74416],[141.29889,38.74372],[141.29915,38.74351],[141.29936,38.74303],[141.30052,38.74351],[141.30282,38.74402],[141.30301,38.74507],[141.30048,38.74467],[141.29981,38.74527]]]]},"properties":{"林班":"C016","市町村名称":"登米市","旧市町村":null}},
{"type":"Feature","geometry":{"type":"MultiPolygon","coordinates":[[[[141.27383,38.72319],[141.27493,38.72293],[141.27534,38.72394],[141.27455,38.7242],[141.27383,38.72319]]],[[[141.27731,38.72066],[141.27896,38.72101],[141.27866,38.72258],[141.27934,38.72366],[141.27839,38.72388],[141.27726,38.72204],[141.27731,38.72066]]],[[[141.28097,38.72],[141.28245,38.72061],[141.28107,38.72121],[141.28097,38.72]]]]},"properties":{"林班":"C015","市町村名称":"登米市","旧市町村":null}},
{"type":"Feature","geometry":{"type":"MultiPolygon","coordinates":[[[[141.28682,38.73155],[141.28841,38.73278],[141.28744,38.73307],[141.28597,38.73267],[141.28682,38.73155]]],[[[141.29079,38.73779],[141.28987,38.73792],[141.28883,38.73674],[141.28646,38.73671],[141.28692,38.73537],[141.28808,38.73486],[141.28717,38.734],[141.28855,38.73372],[141.28864,38.73296],[141.28747,38.73169],[141.28979,38.7321],[141.2917,38.73285],[141.29289,38.73381],[141.29148,38.73505],[141.29135,38.73645],[141.29023,38.73704],[141.29079,38.73779]]],[[[141.28628,38.73865],[141.28846,38.73944],[141.28835,38.74001],[141.28854,38.74054],[141.28794,38.74049],[141.28719,38.74063],[141.28613,38.74048],[141.28628,38.73865]]],[[[141.28616,38.74226],[141.28515,38.74201],[141.28612,38.7405],[141.28718,38.74065],[141.28794,38.74051],[141.28861,38.74058],[141.28923,38.74045],[141.28905,38.74203],[141.28745,38.74176],[141.28616,38.74226]]],[[[141.28702,38.73769],[141.289,38.73775],[141.29085,38.73882],[141.28981,38.73908],[141.28895,38.74034],[141.28815,38.73882],[141.28702,38.73769]]]]},"properties":{"林班":"C014","市町村名称":"登米市","旧市町村":null}},
{"type":"Feature","geometry":{"type":"MultiPolygon","coordinates":[[[[141.28084,38.73669],[141.28117,38.73717],[141.28294,38.73684],[141.28405,38.73711],[141.28434,38.73939],[141.28477,38.74014],[141.28469,38.74132],[141.28408,38.74137],[141.28293,38.74063],[141.2823,38.73889],[141.28208,38.73854],[141.28175,38.73833],[141.28072,38.73801],[141.28084,38.73669]]],[[[141.27891,38.73739],[141.27938,38.73728],[141.28103,38.73821],[141.28205,38.73855],[141.28244,38.73961],[141.28244,38.74011],[141.2829,38.74065],[141.28354,38.74108],[141.28233,38.74303],[141.2831,38.7446],[141.28598,38.74445],[141.2849,38.74535],[141.28408,38.74535],[141.28275,38.74577],[141.28099,38.7438],[141.28,38.7417],[141.27798,38.73802],[141.27891,38.73739]]],[[[141.28372,38.74717],[141.28518,38.7469],[141.28527,38.74588],[141.28578,38.74525],[141.28579,38.7448],[141.28675,38.74401],[141.2882,38.74451],[141.28882,38.74578],[141.28823,38.74707],[141.28715,38.74786],[141.28621,38.74933],[141.28515,38.74984],[141.2834,38.74859],[141.28222,38.74614],[141.28357,38.74553],[141.28577,38.74525],[141.28526,38.74588],[141.28517,38.74689],[141.28372,38.74717]]],[[[141.28511,38.73701],[141.28648,38.73712],[141.28585,38.73817],[141.28586,38.73956],[141.28438,38.73918],[141.28447,38.73812],[141.28511,38.73701]]]]},"properties":{"林班":"C013","市町村名称":"登米市","旧市町村":null}},
{"type":"Feature","geometry":{"type":"Polygon","coordinates":[[[141.30852,38.74403],[141.30925,38.74401],[141.31075,38.74289],[141.31193,38.7417],[141.31281,38.74173],[141.31403,38.74288],[141.31533,38.74273],[141.31715,38.74396],[141.3172,38.74463],[141.3184,38.74616],[141.31841,38.74757],[141.32075,38.74985],[141.31947,38.75076],[141.3185,38.75077],[141.31676,38.75165],[141.31615,38.75152],[141.31244,38.75245],[141.31059,38.75222],[141.31105,38.75083],[141.31102,38.75055],[141.31122,38.75034],[141.31124,38.75017],[141.31118,38.75007],[141.31097,38.74875],[141.31075,38.74805],[141.31058,38.74764],[141.31035,38.74727],[141.31007,38.747],[141.3094,38.74662],[141.30891,38.74616],[141.30874,38.74565],[141.30847,38.74548],[141.30755,38.74543],[141.30852,38.74403]]]},"properties":{"林班":"C019","市町村名称":"登米市","旧市町村":null}},
{"type":"Feature","geometry":{"type":"MultiPolygon","coordinates":[[[[141.3034,38.74346],[141.30242,38.74286],[141.30224,38.74283],[141.30189,38.74292],[141.30152,38.7431],[141.3011,38.74306],[141.30076,38.74283],[141.30048,38.74252],[141.30025,38.74212],[141.30028,38.74193],[141.30072,38.74174],[141.29972,38.73975],[141.29984,38.73897],[141.30152,38.73835],[141.30179,38.73956],[141.30414,38.73901],[141.30462,38.74062],[141.30345,38.74192],[141.30377,38.74331],[141.3034,38.74346]]],[[[141.30284,38.74399],[141.30054,38.74348],[141.2995,38.74194],[141.30068,38.74173],[141.30026,38.74189],[141.3002,38.74213],[141.30045,38.74255],[141.3007,38.74283],[141.30103,38.74305],[141.3015,38.74313],[141.30194,38.74293],[141.30233,38.74286],[141.30229,38.7431],[141.30236,38.74344],[141.30287,38.74375],[141.30341,38.7435],[141.30284,38.74399]]],[[[141.30755,38.74543],[141.30674,38.74499],[141.30652,38.74493],[141.30514,38.74464],[141.3037,38.74452],[141.30398,38.74373],[141.30346,38.74193],[141.30465,38.74063],[141.30446,38.73965],[141.30659,38.73992],[141.30687,38.74047],[141.30636,38.74182],[141.30694,38.74219],[141.31015,38.74187],[141.31122,38.74209],[141.31061,38.74299],[141.30942,38.74388],[141.30852,38.74403],[141.30755,38.74543]]],[[[141.30867,38.73983],[141.3071,38.74038],[141.30678,38.73914],[141.30867,38.73983]]]]},"properties":{"林班":"C018","市町村名称":"登米市","旧市町村":null}},
{"type":"Feature","geometry":{"type":"MultiPolygon","coordinates":[[[[141.30341,38.7435],[141.3034,38.74346],[141.30377,38.74331],[141.30362,38.74452],[141.30513,38.74466],[141.30585,38.7452],[141.30608,38.74668],[141.30563,38.7471],[141.30504,38.74694],[141.30428,38.74688],[141.30417,38.7467],[141.30452,38.74638],[141.30448,38.74626],[141.30381,38.74631],[141.30375,38.74606],[141.30381,38.74583],[141.30352,38.74574],[141.30305,38.74501],[141.30284,38.74399],[141.30341,38.7435]]],[[[141.29981,38.74527],[141.30048,38.74467],[141.30301,38.74507],[141.30351,38.74575],[141.30375,38.74582],[141.30368,38.74607],[141.30376,38.74634],[141.30388,38.7464],[141.3043,38.74628],[141.30447,38.74638],[141.30411,38.74676],[141.30426,38.7469],[141.30475,38.74701],[141.30563,38.74711],[141.3061,38.74667],[141.30587,38.74519],[141.30594,38.74495],[141.30658,38.74494],[141.3073,38.74535],[141.30785,38.74553],[141.30873,38.74565],[141.3089,38.74617],[141.30939,38.74662],[141.31008,38.74702],[141.31057,38.74764],[141.31096,38.74875],[141.31083,38.74971],[141.31119,38.75011],[141.31122,38.75031],[141.31101,38.75055],[141.31104,38.75083],[141.3103,38.7529],[141.30991,38.75316],[141.31012,38.75423],[141.30994,38.75472],[141.31001,38.7553],[141.30986,38.75545],[141.30928,38.75552],[141.30913,38.75579],[141.30934,38.75671],[141.30785,38.7573],[141.30712,38.75825],[141.30542,38.75911],[141.30408,38.75864],[141.304,38.75769],[141.30481,38.75636],[141.30426,38.7557],[141.30423,38.75404],[141.30344,38.75253],[141.30266,38.75221],[141.30237,38.75044],[141.30148,38.74978],[141.30241,38.74786],[141.30273,38.7466],[141.30104,38.74627],[141.29981,38.74527]]]]},"properties":{"林班":"C017","市町村名称":"登米市","旧市町村":null}},
{"type":"Feature","geometry":{"type":"Polygon","coordinates":[[[141.41169,38.43868],[141.41192,38.43597],[141.41428,38.43359],[141.41627,38.43401],[141.41768,38.43502],[141.41794,38.43575],[141.41757,38.43674],[141.41796,38.43749],[141.41605,38.43793],[141.41559,38.43907],[141.41423,38.43905],[141.41399,38.4389],[141.41169,38.43868]]]},"properties":{"林班":"A054","市町村名称":"女川町","旧市町村":null}},
{"type":"Feature","geometry":{"type":"Polygon","coordinates":[[[141.41169,38.43868],[141.41399,38.4389],[141.41423,38.43905],[141.41558,38.4392],[141.41586,38.4395],[141.41609,38.43972],[141.41698,38.44067],[141.41745,38.44245],[141.41716,38.44356],[141.41767,38.44542],[141.41598,38.44394],[141.41266,38.44321],[141.41137,38.44271],[141.41072,38.44041],[141.41169,38.43868]]]},"properties":{"林班":"A053","市町村名称":"女川町","旧市町村":null}},
{"type":"Feature","geometry":{"type":"MultiPolygon","coordinates":[[[[141.41745,38.44245],[141.41863,38.4414],[141.4188,38.44067],[141.41991,38.43975],[141.42137,38.43912],[141.42132,38.44037],[141.42225,38.44106],[141.42269,38.44344],[141.42229,38.44437],[141.42249,38.44627],[141.42226,38.44792],[141.42155,38.44893],[141.42099,38.44789],[141.41857,38.44635],[141.41767,38.44542],[141.41716,38.44356],[141.41745,38.44245]]],[[[141.41877,38.44662],[141.42078,38.448],[141.42137,38.44917],[141.42113,38.44953],[141.42017,38.44798],[141.41877,38.44662]]]]},"properties":{"林班":"A056","市町村名称":"女川町","旧市町村":null}},
{"type":"Feature","geometry":{"type":"Polygon","coordinates":[[[141.41559,38.43907],[141.41605,38.43793],[141.41796,38.43749],[141.41757,38.43674],[141.41794,38.43575],[141.41838,38.43536],[141.42028,38.43655],[141.41966,38.43751],[141.42124,38.43763],[141.42137,38.43912],[141.41991,38.43975],[141.4188,38.44067],[141.41863,38.4414],[141.41745,38.44245],[141.41698,38.44067],[141.41609,38.43972],[141.41586,38.4395],[141.41558,38.4392],[141.41559,38.43907]]]},"properties":{"林班":"A055","市町村名称":"女川町","旧市町村":null}},
{"type":"Feature","geometry":{"type":"Polygon","coordinates":[[[141.42301,38.43991],[141.42254,38.43784],[141.42343,38.43769],[141.42594,38.43805],[141.42779,38.43993],[141.42738,38.44265],[141.4289,38.44393],[141.42892,38.44394],[141.4302,38.44492],[141.42915,38.44596],[141.42868,38.44707],[141.42757,38.44756],[141.42558,38.44845],[141.42447,38.44863],[141.42294,38.44851],[141.4241,38.44744],[141.42366,38.44671],[141.42364,38.44458],[141.42435,38.44324],[141.42497,38.44047],[141.42457,38.43961],[141.42301,38.43991]]]},"properties":{"林班":"A058","市町村名称":"女川町","旧市町村":null}},
{"type":"Feature","geometry":{"type":"MultiPolygon","coordinates":[[[[141.42249,38.44627],[141.42231,38.4444],[141.42273,38.44344],[141.42247,38.44179],[141.42301,38.43991],[141.42457,38.43961],[141.42497,38.44047],[141.42435,38.44324],[141.42364,38.44458],[141.42366,38.44671],[141.4241,38.44744],[141.42294,38.44851],[141.42447,38.44863],[141.42343,38.44934],[141.42155,38.44893],[141.42226,38.44792],[141.42249,38.44627]]],[[[141.42113,38.44953],[141.42137,38.44917],[141.42318,38.4494],[141.42144,38.45066],[141.42129,38.44968],[141.42113,38.44953]]]]},"properties":{"林班":"A057","市町村名称":"女川町","旧市町村":null}},
{"type":"Feature","geometry":{"type":"MultiPolygon","coordinates":[[[[141.42779,38.43993],[141.42954,38.43944],[141.42945,38.44049],[141.42976,38.44055],[141.42985,38.44105],[141.42967,38.44173],[141.42939,38.4431],[141.4289,38.44393],[141.42738,38.44265],[141.42779,38.43993]]],[[[141.42892,38.44394],[141.42941,38.44311],[141.4297,38.44172],[141.42982,38.44144],[141.42987,38.44104],[141.42986,38.44084],[141.43088,38.44019],[141.43293,38.44076],[141.43493,38.44292],[141.43558,38.44152],[141.43656,38.44289],[141.43504,38.44438],[141.43326,38.4448],[141.43213,38.4444],[141.4302,38.44492],[141.42892,38.44394]]]]},"properties":{"林班":"A059","市町村名称":"女川町","旧市町村":null}},
{"type":"Feature","geometry":{"type":"MultiPolygon","coordinates":[[[[141.41441,38.46901],[141.41709,38.46842],[141.41857,38.46729],[141.41923,38.4664],[141.42066,38.46651],[141.42129,38.46712],[141.42108,38.46796],[141.42159,38.46934],[141.42347,38.47033],[141.42424,38.47111],[141.42526,38.47052],[141.42534,38.46986],[141.42571,38.46984],[141.42664,38.46954],[141.42709,38.4692],[141.42776,38.46876],[141.42791,38.46837],[141.42787,38.46764],[141.42836,38.46709],[141.43008,38.46704],[141.43006,38.46707],[141.42913,38.46796],[141.42903,38.46895],[141.42727,38.47094],[141.42732,38.47146],[141.42653,38.47252],[141.42035,38.47548],[141.41778,38.47558],[141.41735,38.47468],[141.41672,38.47473],[141.41506,38.47449],[141.41492,38.47429],[141.41492,38.4738],[141.41526,38.4732],[141.41537,38.473],[141.41538,38.47298],[141.41431,38.47144],[141.41253,38.47086],[141.41189,38.46991],[141.41226,38.47011],[141.41189,38.46991],[141.41297,38.4688],[141.41441,38.46901]]],[[[141.41492,38.47429],[141.41491,38.47429],[141.41491,38.47428],[141.41492,38.47429]]]]},"properties":{"林班":"A070","市町村名称":"女川町","旧市町村":null}},
{"type":"Feature","geometry":{"type":"MultiPolygon","coordinates":[[[[141.43016,38.46685],[141.43004,38.46452],[141.43095,38.46338],[141.43244,38.46312],[141.43372,38.46358],[141.43509,38.46362],[141.43628,38.46426],[141.43485,38.46526],[141.4361,38.46714],[141.43332,38.46733],[141.43247,38.46683],[141.43016,38.46685]]],[[[141.43006,38.46707],[141.43239,38.46724],[141.43446,38.46812],[141.43181,38.47069],[141.43092,38.47195],[141.4286,38.47131],[141.42732,38.47146],[141.42727,38.47094],[141.42903,38.46895],[141.42913,38.46796],[141.43006,38.46707]]],[[[141.43215,38.47041],[141.43104,38.472],[141.43097,38.47194],[141.43215,38.47041]]]]},"properties":{"林班":"A072","市町村名称":"女川町","旧市町村":null}},
{"type":"Feature","geometry":{"type":"Polygon","coordinates":[[[141.42031,38.45893],[141.42114,38.46003],[141.42292,38.46142],[141.42453,38.46186],[141.4261,38.46161],[141.42742,38.46202],[141.4296,38.46156],[141.43081,38.46226],[141.43159,38.46235],[141.4319,38.46267],[141.43231,38.46274],[141.43244,38.46312],[141.43095,38.46338],[141.43004,38.46452],[141.43016,38.46685],[141.43012,38.4669],[141.43009,38.46699],[141.43008,38.46704],[141.42836,38.46709],[141.42756,38.46779],[141.42785,38.46848],[141.4262,38.46938],[141.42569,38.46978],[141.42532,38.46983],[141.42508,38.47019],[141.42424,38.47111],[141.42347,38.47033],[141.42159,38.46934],[141.42108,38.46796],[141.42129,38.46712],[141.42066,38.46651],[141.41923,38.4664],[141.41872,38.46553],[141.4193,38.46445],[141.41894,38.46284],[141.41944,38.46215],[141.41978,38.45955],[141.42031,38.45893]]]},"properties":{"林班":"A071","市町村名称":"女川町","旧市町村":null}},
{"type":"Feature","geometry":{"type":"Polygon","coordinates":[[[141.43749,38.47214],[141.43753,38.47015],[141.43681,38.46855],[141.43759,38.46725],[141.43792,38.46589],[141.4405,38.46352],[141.44131,38.46104],[141.44267,38.4642],[141.44177,38.4661],[141.44091,38.46644],[141.44023,38.4669],[141.43952,38.46947],[141.43856,38.47122],[141.43749,38.47214]]]},"properties":{"林班":"A074","市町村名称":"女川町","旧市町村":null}},
{"type":"Feature","geometry":{"type":"Polygon","coordinates":[[[141.43215,38.47041],[141.43357,38.46974],[141.43364,38.46909],[141.435,38.4677],[141.43615,38.4672],[141.43545,38.46565],[141.43745,38.46243],[141.43843,38.46224],[141.43985,38.46129],[141.44131,38.46104],[141.4405,38.46352],[141.43792,38.46589],[141.43759,38.46725],[141.43681,38.46855],[141.43753,38.47015],[141.43749,38.47214],[141.43744,38.47303],[141.4358,38.47363],[141.43765,38.47613],[141.43562,38.47633],[141.43329,38.47392],[141.43104,38.472],[141.43215,38.47041]]]},"properties":{"林班":"A073","市町村名称":"女川町","旧市町村":null}},
{"type":"Feature","geometry":{"type":"Polygon","coordinates":[[[141.30532,38.79168],[141.30829,38.79194],[141.3091,38.79171],[141.31161,38.79208],[141.31338,38.79302],[141.31461,38.79359],[141.31458,38.79384],[141.31457,38.79384],[141.31457,38.79386],[141.31456,38.79391],[141.31456,38.79393],[141.31401,38.79387],[141.31344,38.79353],[141.31399,38.79391],[141.31485,38.794],[141.31519,38.79395],[141.31496,38.79492],[141.31692,38.79597],[141.31678,38.79616],[141.31682,38.79637],[141.31703,38.79657],[141.31757,38.79691],[141.31802,38.79702],[141.31803,38.7973],[141.31641,38.79693],[141.31558,38.79605],[141.31496,38.7968],[141.31498,38.79718],[141.31633,38.79775],[141.31642,38.79747],[141.31548,38.79686],[141.31584,38.79663],[141.31661,38.79718],[141.31803,38.79733],[141.31746,38.79807],[141.31802,38.79874],[141.31792,38.79887],[141.3156,38.79854],[141.31369,38.79774],[141.31242,38.79855],[141.31211,38.79823],[141.30919,38.79738],[141.31208,38.79835],[141.3132,38.79951],[141.3122,38.79947],[141.31048,38.79832],[141.30871,38.79784],[141.30694,38.79821],[141.30559,38.79815],[141.30382,38.79806],[141.30462,38.79606],[141.30495,38.79445],[141.30401,38.7932],[141.30474,38.79188],[141.30532,38.79168]]]},"properties":{"林班":"C030","市町村名称":"登米市","旧市町村":null}},
{"type":"Feature","geometry":{"type":"MultiPolygon","coordinates":[[[[141.31556,38.81138],[141.31576,38.81155],[141.31586,38.81165],[141.31607,38.81184],[141.31684,38.81234],[141.31731,38.81243],[141.31894,38.81263],[141.31988,38.81289],[141.32015,38.81293],[141.32059,38.81292],[141.32091,38.81293],[141.32103,38.81292],[141.32134,38.81338],[141.32142,38.81376],[141.32215,38.81435],[141.32302,38.8149],[141.32328,38.81509],[141.32431,38.81567],[141.32401,38.81703],[141.32225,38.81764],[141.32103,38.81851],[141.31791,38.8194],[141.31726,38.82054],[141.31441,38.82058],[141.31531,38.81955],[141.31414,38.81651],[141.31494,38.81373],[141.31448,38.81273],[141.31514,38.81096],[141.3154,38.81123],[141.31556,38.81138]]],[[[141.31445,38.81829],[141.31378,38.81644],[141.3141,38.81571],[141.31396,38.81653],[141.31445,38.81829]]],[[[141.31539,38.8212],[141.31605,38.82065],[141.3171,38.82113],[141.31819,38.82049],[141.31797,38.81952],[141.32023,38.81907],[141.31963,38.82024],[141.31824,38.82115],[141.31805,38.82211],[141.31625,38.82331],[141.31404,38.82272],[141.31385,38.82191],[141.31539,38.8212]]]]},"properties":{"林班":"C034","市町村名称":"登米市","旧市町村":null}},
{"type":"Feature","geometry":{"type":"Polygon","coordinates":[[[141.31345,38.80842],[141.31446,38.81036],[141.31466,38.81169],[141.31382,38.81258],[141.31448,38.81354],[141.31423,38.81515],[141.3142,38.81561],[141.3141,38.81571],[141.31378,38.81644],[141.31445,38.81829],[141.31418,38.81998],[141.3136,38.82142],[141.31365,38.82167],[141.31218,38.82267],[141.30884,38.82203],[141.30932,38.82098],[141.30644,38.8191],[141.30735,38.81797],[141.30798,38.81653],[141.30727,38.81511],[141.30768,38.81349],[141.30662,38.81081],[141.3072,38.81019],[141.30842,38.80999],[141.3104,38.81012],[141.31255,38.80924],[141.31345,38.80842]]]},"properties":{"林班":"C033","市町村名称":"登米市","旧市町村":null}},
{"type":"Feature","geometry":{"type":"Polygon","coordinates":[[[141.30766,38.80603],[141.31071,38.80601],[141.31581,38.80414],[141.31521,38.80587],[141.31345,38.80842],[141.31255,38.80924],[141.3104,38.81012],[141.30842,38.80999],[141.3072,38.81019],[141.30662,38.81081],[141.30658,38.80972],[141.30723,38.80869],[141.30633,38.80834],[141.30726,38.80774],[141.30706,38.80738],[141.30774,38.80664],[141.30789,38.80651],[141.30766,38.80603]]]},"properties":{"林班":"C032","市町村名称":"登米市","旧市町村":null}},
{"type":"Feature","geometry":{"type":"Polygon","coordinates":[[[141.30559,38.79815],[141.30694,38.79821],[141.30871,38.79784],[141.31048,38.79832],[141.3122,38.79947],[141.3132,38.79951],[141.31233,38.80011],[141.31173,38.79983],[141.31018,38.80024],[141.30921,38.80001],[141.30799,38.79988],[141.30802,38.79999],[141.30912,38.80007],[141.30976,38.80032],[141.30798,38.80141],[141.30748,38.80251],[141.308,38.80145],[141.30894,38.80112],[141.30932,38.8007],[141.30989,38.80027],[141.31019,38.8003],[141.31172,38.7999],[141.31232,38.80017],[141.31361,38.7997],[141.31307,38.80098],[141.31206,38.80191],[141.3103,38.80271],[141.31038,38.80355],[141.31298,38.80449],[141.31454,38.80405],[141.31581,38.80414],[141.31071,38.80601],[141.30766,38.80603],[141.30789,38.80651],[141.30774,38.80664],[141.30706,38.80738],[141.3065,38.80815],[141.30515,38.80705],[141.30395,38.80551],[141.30293,38.80518],[141.30328,38.80424],[141.30241,38.80335],[141.30336,38.8021],[141.30242,38.80052],[141.30276,38.79974],[141.30186,38.79895],[141.30345,38.79811],[141.30559,38.79815]]]},"properties":{"林班":"C031","市町村名称":"登米市","旧市町村":null}},
{"type":"Feature","geometry":{"type":"Polygon","coordinates":[[[141.30614,38.77946],[141.30761,38.77887],[141.30863,38.7775],[141.30999,38.77778],[141.30997,38.77926],[141.31074,38.7814],[141.3116,38.78238],[141.31342,38.78237],[141.31496,38.78352],[141.31459,38.78481],[141.31244,38.78579],[141.31183,38.78697],[141.31033,38.78835],[141.3077,38.78969],[141.30598,38.78955],[141.30611,38.7885],[141.30559,38.78775],[141.30603,38.78674],[141.30479,38.78616],[141.30492,38.78491],[141.30563,38.78347],[141.30664,38.78261],[141.30598,38.78207],[141.30655,38.78115],[141.30645,38.781],[141.30614,38.77946]]]},"properties":{"林班":"C027","市町村名称":"登米市","旧市町村":null}},
{"type":"Feature","geometry":{"type":"MultiPolygon","coordinates":[[[[141.30999,38.77778],[141.31094,38.77751],[141.31181,38.778],[141.3145,38.77855],[141.31644,38.77997],[141.31754,38.78162],[141.32105,38.78232],[141.32088,38.78286],[141.32014,38.78305],[141.31928,38.78288],[141.31897,38.78241],[141.31807,38.78278],[141.31519,38.78345],[141.31346,38.78233],[141.31162,38.78235],[141.31079,38.78139],[141.30997,38.77926],[141.30999,38.77778]]],[[[141.31496,38.78352],[141.31618,38.7835],[141.31686,38.78314],[141.31894,38.78269],[141.3193,38.78299],[141.31989,38.78309],[141.3212,38.78438],[141.32259,38.78454],[141.3231,38.78526],[141.32164,38.78627],[141.32221,38.78737],[141.32086,38.78961],[141.31901,38.78919],[141.31747,38.7892],[141.31665,38.78832],[141.31484,38.78722],[141.31534,38.78598],[141.31459,38.78481],[141.31496,38.78352]]]]},"properties":{"林班":"C026","市町村名称":"登米市","旧市町村":null}},
{"type":"Feature","geometry":{"type":"MultiPolygon","coordinates":[[[[141.31681,38.77552],[141.3179,38.77485],[141.3199,38.77498],[141.32057,38.7754],[141.31987,38.775],[141.31889,38.77538],[141.31778,38.77493],[141.31681,38.77552]]],[[[141.31595,38.7758],[141.31739,38.77537],[141.31777,38.77498],[141.31887,38.77542],[141.31986,38.77505],[141.32037,38.77544],[141.32136,38.77563],[141.32171,38.77562],[141.32205,38.77589],[141.32285,38.77555],[141.32392,38.77549],[141.32479,38.77599],[141.32455,38.77699],[141.32383,38.77703],[141.32418,38.77723],[141.32396,38.77745],[141.32366,38.77806],[141.32361,38.77835],[141.323,38.77858],[141.32211,38.77834],[141.32136,38.77928],[141.32189,38.77991],[141.3231,38.77992],[141.32707,38.78152],[141.32517,38.78292],[141.32465,38.78177],[141.32275,38.78106],[141.32105,38.78232],[141.31754,38.78162],[141.31644,38.77997],[141.3145,38.77855],[141.31181,38.778],[141.31094,38.77751],[141.3139,38.77602],[141.31498,38.77618],[141.31544,38.77623],[141.31561,38.77595],[141.31595,38.7758]]],[[[141.32431,38.77714],[141.32499,38.77733],[141.32575,38.77765],[141.32634,38.77772],[141.32726,38.77843],[141.32629,38.77903],[141.32722,38.77999],[141.32713,38.78111],[141.32595,38.781],[141.32431,38.78034],[141.32488,38.77927],[141.32345,38.77862],[141.32363,38.77836],[141.32369,38.77805],[141.32398,38.77746],[141.32431,38.77714]]]]},"properties":{"林班":"C025","市町村名称":"登米市","旧市町村":null}},
{"type":"Feature","geometry":{"type":"Polygon","coordinates":[[[141.31235,38.76947],[141.31354,38.76913],[141.31422,38.76923],[141.31548,38.76896],[141.31683,38.76904],[141.3212,38.77035],[141.32227,38.77041],[141.32386,38.76999],[141.32528,38.7708],[141.32505,38.77189],[141.32425,38.7727],[141.32477,38.77499],[141.32241,38.77502],[141.32204,38.77576],[141.32172,38.77557],[141.32136,38.77558],[141.32057,38.7754],[141.3199,38.77498],[141.3179,38.77485],[141.31681,38.77552],[141.315,38.776],[141.31312,38.77552],[141.31407,38.77437],[141.31352,38.77203],[141.31257,38.77124],[141.31269,38.77047],[141.31191,38.76944],[141.31235,38.76947]]]},"properties":{"林班":"C024","市町村名称":"登米市","旧市町村":null}},
{"type":"Feature","geometry":{"type":"MultiPolygon","coordinates":[[[[141.31383,38.7919],[141.31328,38.79084],[141.31351,38.78843],[141.31405,38.78834],[141.31638,38.78913],[141.31755,38.79052],[141.31858,38.79051],[141.31994,38.79138],[141.32024,38.7926],[141.31978,38.79322],[141.31979,38.79478],[141.31878,38.79487],[141.31683,38.79404],[141.31656,38.79351],[141.31477,38.79296],[141.31383,38.7919]]],[[[141.31338,38.79302],[141.31407,38.79249],[141.31477,38.79302],[141.31585,38.79344],[141.31457,38.79386],[141.31457,38.79384],[141.31458,38.79384],[141.31461,38.79359],[141.31338,38.79302]]],[[[141.31242,38.79855],[141.31369,38.79774],[141.3156,38.79854],[141.31792,38.79887],[141.3149,38.79996],[141.31334,38.79938],[141.31283,38.79907],[141.31242,38.79855]]],[[[141.31361,38.7997],[141.31627,38.8003],[141.31685,38.80174],[141.31624,38.804],[141.31455,38.80402],[141.31298,38.80449],[141.31038,38.80355],[141.3103,38.80271],[141.31206,38.80191],[141.31307,38.80098],[141.31361,38.7997]]],[[[141.31484,38.78722],[141.31665,38.78832],[141.31747,38.7892],[141.31901,38.78919],[141.32086,38.78961],[141.31948,38.79084],[141.3186,38.79048],[141.31759,38.7905],[141.3164,38.78909],[141.31406,38.78828],[141.31484,38.78722]]],[[[141.31519,38.79395],[141.31644,38.7939],[141.3179,38.79544],[141.31695,38.79597],[141.31496,38.79492],[141.31519,38.79395]]],[[[141.3181,38.79545],[141.31894,38.79534],[141.31846,38.79716],[141.31806,38.79729],[141.31806,38.79701],[141.31755,38.79688],[141.31704,38.79655],[141.31681,38.79616],[141.31717,38.79598],[141.31771,38.79557],[141.3181,38.79545]]],[[[141.31802,38.79874],[141.31746,38.79807],[141.31803,38.79733],[141.31802,38.79874]]]]},"properties":{"林班":"C029","市町村名称":"登米市","旧市町村":null}},
{"type":"Feature","geometry":{"type":"Polygon","coordinates":[[[141.30598,38.78955],[141.3077,38.78969],[141.31033,38.78835],[141.31183,38.78697],[141.31244,38.78579],[141.31459,38.78481],[141.31534,38.78598],[141.31484,38.78722],[141.31406,38.78828],[141.31405,38.78834],[141.31351,38.78843],[141.31328,38.79084],[141.31383,38.7919],[141.31407,38.79249],[141.31338,38.79302],[141.31161,38.79208],[141.3091,38.79171],[141.30829,38.79194],[141.30532,38.79168],[141.30598,38.78955]]]},"properties":{"林班":"C028","市町村名称":"登米市","旧市町村":null}},
{"type":"Feature","geometry":{"type":"Polygon","coordinates":[[[141.43527,38.44989],[141.43729,38.45019],[141.43633,38.45122],[141.43743,38.45253],[141.4349,38.45366],[141.43375,38.45319],[141.43281,38.45077],[141.43332,38.45035],[141.43467,38.44988],[141.43527,38.44989]]]},"properties":{"林班":"A065","市町村名称":"女川町","旧市町村":null}},
{"type":"Feature","geometry":{"type":"MultiPolygon","coordinates":[[[[141.42532,38.45345],[141.4268,38.45213],[141.42881,38.45134],[141.43115,38.45146],[141.43281,38.45077],[141.43375,38.45319],[141.4349,38.45366],[141.43743,38.45253],[141.43766,38.45232],[141.43804,38.45305],[141.43597,38.45381],[141.43706,38.45461],[141.43607,38.45451],[141.43459,38.45487],[141.43378,38.45492],[141.43357,38.45496],[141.43329,38.45508],[141.43312,38.45506],[141.43308,38.45513],[141.4328,38.45534],[141.43287,38.45555],[141.4325,38.45589],[141.43228,38.45621],[141.43146,38.45529],[141.43225,38.45464],[141.43131,38.45403],[141.43032,38.45446],[141.42928,38.45404],[141.42836,38.45451],[141.4262,38.45433],[141.42641,38.4535],[141.42532,38.45345]]],[[[141.42503,38.45365],[141.42614,38.45382],[141.42611,38.45476],[141.42778,38.45507],[141.42898,38.45436],[141.43097,38.45526],[141.4306,38.45641],[141.42835,38.45574],[141.42571,38.45684],[141.42464,38.45753],[141.42226,38.45719],[141.42182,38.4564],[141.42338,38.45476],[141.42503,38.45365]]]]},"properties":{"林班":"A064","市町村名称":"女川町","旧市町村":null}},
{"type":"Feature","geometry":{"type":"MultiPolygon","coordinates":[[[[141.43314,38.45508],[141.43325,38.45511],[141.43359,38.45498],[141.43461,38.45488],[141.43609,38.45453],[141.43667,38.45467],[141.43801,38.45448],[141.43823,38.45484],[141.43786,38.45577],[141.43692,38.45664],[141.43613,38.45587],[141.43514,38.45555],[141.43289,38.45604],[141.43254,38.4559],[141.43286,38.45562],[141.43291,38.45548],[141.43284,38.45535],[141.43314,38.45508]]],[[[141.43061,38.45643],[141.43188,38.45658],[141.43464,38.45575],[141.43603,38.45593],[141.4366,38.45705],[141.43799,38.45727],[141.43862,38.45817],[141.4396,38.4582],[141.4406,38.45701],[141.44191,38.45711],[141.44217,38.45785],[141.44077,38.45852],[141.43804,38.4583],[141.43662,38.45752],[141.43227,38.45907],[141.43068,38.45937],[141.4293,38.45788],[141.43061,38.45643]]],[[[141.438,38.45572],[141.43985,38.4571],[141.43912,38.45802],[141.43776,38.45682],[141.438,38.45572]]],[[[141.43832,38.45543],[141.43917,38.45531],[141.44082,38.45579],[141.44241,38.45466],[141.4436,38.45494],[141.44405,38.45608],[141.4425,38.45708],[141.44054,38.45695],[141.43832,38.45543]]]]},"properties":{"林班":"A067","市町村名称":"女川町","旧市町村":null}},
{"type":"Feature","geometry":{"type":"MultiPolygon","coordinates":[[[[141.43706,38.45461],[141.43597,38.45381],[141.43804,38.45305],[141.43766,38.45232],[141.43883,38.45266],[141.43805,38.45324],[141.43841,38.45449],[141.43773,38.45447],[141.43706,38.45461]]],[[[141.44666,38.44648],[141.44771,38.44717],[141.44761,38.44813],[141.44588,38.44961],[141.44495,38.44974],[141.44664,38.4483],[141.44723,38.44801],[141.4472,38.44721],[141.44666,38.44648]]]]},"properties":{"林班":"A066","市町村名称":"女川町","旧市町村":null}},
{"type":"Feature","geometry":{"type":"Polygon","coordinates":[[[141.42226,38.45719],[141.42464,38.45753],[141.42571,38.45684],[141.42835,38.45574],[141.4306,38.45641],[141.43061,38.45643],[141.4293,38.45788],[141.43068,38.45937],[141.43086,38.46018],[141.42982,38.46154],[141.42836,38.46167],[141.42743,38.46199],[141.4261,38.46158],[141.42452,38.46183],[141.42292,38.46142],[141.42114,38.46003],[141.42031,38.45893],[141.42228,38.45785],[141.42226,38.45719]]]},"properties":{"林班":"A069","市町村名称":"女川町","旧市町村":null}},
{"type":"Feature","geometry":{"type":"Polygon","coordinates":[[[141.43068,38.45937],[141.43227,38.45907],[141.43662,38.45752],[141.43804,38.4583],[141.44077,38.45852],[141.44095,38.4585],[141.44119,38.4589],[141.44072,38.45966],[141.43908,38.4606],[141.43872,38.46172],[141.43737,38.4621],[141.43628,38.46397],[141.43453,38.46327],[141.43335,38.46331],[141.43254,38.46297],[141.43235,38.46272],[141.43193,38.46265],[141.43161,38.46233],[141.43086,38.46223],[141.42982,38.46154],[141.43086,38.46018],[141.43068,38.45937]]]},"properties":{"林班":"A068","市町村名称":"女川町","旧市町村":null}},
{"type":"Feature","geometry":{"type":"Polygon","coordinates":[[[141.44397,38.45797],[141.446,38.45893],[141.44711,38.45897],[141.44868,38.4597],[141.45291,38.46016],[141.45366,38.46097],[141.45491,38.46077],[141.4548,38.46341],[141.45292,38.46384],[141.45123,38.46353],[141.45007,38.46379],[141.44785,38.46363],[141.44729,38.46334],[141.44665,38.46328],[141.44613,38.46334],[141.44597,38.46322],[141.4456,38.46322],[141.44517,38.4631],[141.44453,38.46282],[141.44397,38.46224],[141.44294,38.46212],[141.44274,38.46051],[141.44415,38.45912],[141.44397,38.45797]]]},"properties":{"林班":"A081","市町村名称":"女川町","旧市町村":null}},
{"type":"Feature","geometry":{"type":"Polygon","coordinates":[[[141.44205,38.46622],[141.44323,38.46452],[141.44323,38.46297],[141.44387,38.46234],[141.44451,38.46284],[141.44515,38.46312],[141.44569,38.46326],[141.44596,38.46325],[141.44611,38.46337],[141.44664,38.46358],[141.44682,38.46393],[141.44785,38.46363],[141.45007,38.46379],[141.45123,38.46353],[141.45292,38.46384],[141.4548,38.46341],[141.45502,38.4641],[141.45447,38.46536],[141.45478,38.46602],[141.45421,38.46916],[141.45127,38.46919],[141.45077,38.46848],[141.44932,38.46802],[141.44833,38.46719],[141.44528,38.46702],[141.44273,38.46617],[141.44205,38.46622]]]},"properties":{"林班":"A080","市町村名称":"女川町","旧市町村":null}},
{"type":"Feature","geometry":{"type":"Polygon","coordinates":[[[141.44988,38.45508],[141.44777,38.45597],[141.44668,38.45577],[141.44634,38.45582],[141.44587,38.45533],[141.44566,38.45375],[141.445,38.4528],[141.44503,38.45164],[141.44584,38.45082],[141.44823,38.45053],[141.44883,38.45101],[141.44936,38.45307],[141.45016,38.4544],[141.44988,38.45508]]]},"properties":{"林班":"A083","市町村名称":"女川町","旧市町村":null}},
{"type":"Feature","geometry":{"type":"Polygon","coordinates":[[[141.44603,38.45652],[141.44664,38.45585],[141.44774,38.45603],[141.44953,38.45553],[141.44988,38.45508],[141.45016,38.4544],[141.45079,38.45498],[141.45087,38.45562],[141.45283,38.45648],[141.45393,38.45777],[141.45679,38.45863],[141.45649,38.45948],[141.45491,38.46077],[141.45366,38.46097],[141.45291,38.46016],[141.44868,38.4597],[141.44711,38.45897],[141.446,38.45893],[141.44397,38.45797],[141.44414,38.45738],[141.44603,38.45652]]]},"properties":{"林班":"A082","市町村名称":"女川町","旧市町村":null}},
{"type":"Feature","geometry":{"type":"Polygon","coordinates":[[[141.45079,38.45498],[141.45092,38.45363],[141.45377,38.45173],[141.45329,38.45062],[141.4551,38.44959],[141.45737,38.4517],[141.45858,38.45411],[141.45929,38.45449],[141.45936,38.45464],[141.45938,38.45486],[141.45985,38.45571],[141.45997,38.45736],[141.45898,38.45846],[141.45679,38.45863],[141.45393,38.45777],[141.45283,38.45648],[141.45087,38.45562],[141.45079,38.45498]]]},"properties":{"林班":"A085","市町村名称":"女川町","旧市町村":null}},
{"type":"Feature","geometry":{"type":"Polygon","coordinates":[[[141.44823,38.45053],[141.44785,38.44932],[141.44837,38.44896],[141.4526,38.45077],[141.45329,38.45062],[141.45377,38.45173],[141.45092,38.45363],[141.45079,38.45498],[141.45016,38.4544],[141.44936,38.45307],[141.44883,38.45101],[141.44823,38.45053]]]},"properties":{"林班":"A084","市町村名称":"女川町","旧市町村":null}},
{"type":"Feature","geometry":{"type":"Polygon","coordinates":[[[141.34484,38.78799],[141.34546,38.7879],[141.34718,38.78833],[141.34852,38.78825],[141.34926,38.78888],[141.34814,38.78942],[141.3466,38.79081],[141.34691,38.79217],[141.34744,38.79285],[141.34758,38.79317],[141.34851,38.79379],[141.34863,38.79382],[141.34921,38.79398],[141.34863,38.79382],[141.34851,38.79379],[141.34758,38.79317],[141.34744,38.79285],[141.34664,38.79082],[141.34817,38.78944],[141.34948,38.78893],[141.34989,38.78924],[141.35118,38.78904],[141.35124,38.78818],[141.35225,38.78655],[141.35286,38.78629],[141.35293,38.78579],[141.35527,38.78569],[141.35717,38.78474],[141.35759,38.78539],[141.35617,38.78621],[141.35613,38.78776],[141.35519,38.78995],[141.3529,38.7903],[141.35387,38.79241],[141.35372,38.79297],[141.35491,38.79431],[141.35613,38.79482],[141.35552,38.79538],[141.35524,38.79573],[141.35515,38.79609],[141.35502,38.79633],[141.35443,38.79657],[141.35379,38.79676],[141.35302,38.79842],[141.35049,38.80004],[141.34945,38.79902],[141.34833,38.79845],[141.34759,38.79814],[141.34715,38.798],[141.34665,38.79785],[141.34591,38.79654],[141.34573,38.79522],[141.34481,38.79463],[141.34478,38.79297],[141.34415,38.79097],[141.34411,38.78955],[141.34484,38.78799]]]},"properties":{"林班":"C041","市町村名称":"登米市","旧市町村":null}},
{"type":"Feature","geometry":{"type":"MultiPolygon","coordinates":[[[[141.33945,38.78975],[141.33933,38.78919],[141.33857,38.78879],[141.33831,38.78788],[141.34008,38.78745],[141.34,38.78847],[141.34491,38.78765],[141.34484,38.78799],[141.34411,38.78955],[141.34415,38.79097],[141.34478,38.79297],[141.34481,38.79463],[141.34573,38.79522],[141.34591,38.79654],[141.34665,38.79785],[141.34715,38.798],[141.34759,38.79814],[141.34833,38.79845],[141.34945,38.79902],[141.35015,38.80053],[141.35055,38.8007],[141.3505,38.80105],[141.34977,38.80142],[141.34946,38.80203],[141.34905,38.80229],[141.34878,38.80266],[141.34855,38.80285],[141.34827,38.8029],[141.34799,38.80287],[141.34727,38.80256],[141.34656,38.80264],[141.34601,38.80239],[141.34609,38.80225],[141.34622,38.80207],[141.34682,38.8011],[141.3467,38.80088],[141.34297,38.79842],[141.34256,38.79813],[141.34234,38.79797],[141.34206,38.79783],[141.34082,38.79648],[141.34025,38.79321],[141.34135,38.7921],[141.3412,38.79043],[141.34076,38.79024],[141.33945,38.78975]]],[[[141.34778,38.80299],[141.34633,38.80296],[141.3462,38.80292],[141.34778,38.80299]]]]},"properties":{"林班":"C040","市町村名称":"登米市","旧市町村":null}},
{"type":"Feature","geometry":{"type":"MultiPolygon","coordinates":[[[[141.33121,38.77704],[141.33157,38.77813],[141.33128,38.78006],[141.33207,38.78055],[141.33287,38.78222],[141.33431,38.78252],[141.33567,38.78465],[141.33518,38.78524],[141.33227,38.78525],[141.33036,38.78546],[141.32845,38.78386],[141.32827,38.78316],[141.33015,38.78107],[141.33009,38.77801],[141.33037,38.77693],[141.33121,38.77704]]],[[[141.33446,38.7827],[141.33557,38.78256],[141.33783,38.78383],[141.33947,38.78415],[141.3419,38.7841],[141.34243,38.78473],[141.34371,38.78515],[141.34452,38.78609],[141.34377,38.78586],[141.34082,38.78506],[141.33734,38.78555],[141.33591,38.78489],[141.33446,38.7827]]]]},"properties":{"林班":"C045","市町村名称":"登米市","旧市町村":null}},
{"type":"Feature","geometry":{"type":"MultiPolygon","coordinates":[[[[141.32659,38.78355],[141.32685,38.78381],[141.32689,38.78425],[141.32698,38.78425],[141.32722,38.78474],[141.32748,38.78493],[141.32857,38.78645],[141.32867,38.78783],[141.33012,38.79028],[141.32948,38.79031],[141.32757,38.78884],[141.32567,38.78766],[141.32609,38.78664],[141.32585,38.7851],[141.32659,38.78355]]],[[[141.32933,38.78874],[141.32869,38.78783],[141.32859,38.78644],[141.32749,38.78491],[141.32724,38.78473],[141.32699,38.78423],[141.32692,38.78423],[141.32682,38.78359],[141.32728,38.78406],[141.32763,38.78461],[141.32813,38.78474],[141.32928,38.7855],[141.32929,38.78631],[141.33032,38.78685],[141.32922,38.78749],[141.32933,38.78874]]],[[[141.32352,38.78997],[141.32464,38.78918],[141.32564,38.78769],[141.32754,38.78887],[141.33029,38.7911],[141.3296,38.79163],[141.32871,38.79095],[141.32732,38.79097],[141.32352,38.78997]]],[[[141.33312,38.78651],[141.33,38.78624],[141.32965,38.7857],[141.33228,38.7853],[141.33518,38.78529],[141.33693,38.78561],[141.34079,38.78509],[141.34377,38.78586],[141.34452,38.78609],[141.34491,38.78765],[141.34,38.78847],[141.34008,38.78745],[141.33832,38.78784],[141.33682,38.78752],[141.33595,38.78682],[141.33481,38.78631],[141.33352,38.78619],[141.33312,38.78651]]],[[[141.33048,38.78669],[141.33255,38.78678],[141.33489,38.78833],[141.33272,38.78789],[141.33048,38.78669]]]]},"properties":{"林班":"C044","市町村名称":"登米市","旧市町村":null}},
{"type":"Feature","geometry":{"type":"MultiPolygon","coordinates":[[[[141.32296,38.79776],[141.32122,38.79755],[141.3204,38.79645],[141.32083,38.79563],[141.32276,38.79505],[141.32394,38.79552],[141.3242,38.79542],[141.32483,38.79684],[141.32353,38.79694],[141.32296,38.79776]]],[[[141.32206,38.79983],[141.32,38.7997],[141.32053,38.79876],[141.31967,38.79844],[141.32076,38.79748],[141.32362,38.79803],[141.32393,38.79958],[141.32219,38.79924],[141.32206,38.79983]]],[[[141.31744,38.80331],[141.31787,38.80192],[141.31863,38.80112],[141.31865,38.80001],[141.31959,38.79979],[141.31992,38.80103],[141.31948,38.80241],[141.31744,38.80331]]],[[[141.32559,38.79576],[141.32424,38.79537],[141.32391,38.79549],[141.3221,38.79479],[141.32266,38.79329],[141.32197,38.79167],[141.32435,38.79167],[141.32594,38.79195],[141.32758,38.7936],[141.32633,38.7942],[141.3272,38.79526],[141.32615,38.7952],[141.32597,38.79537],[141.32559,38.79576]]],[[[141.32352,38.78997],[141.32732,38.79097],[141.32871,38.79095],[141.3296,38.79163],[141.32872,38.79287],[141.32547,38.7917],[141.32352,38.78997]]],[[[141.32763,38.79342],[141.32874,38.79292],[141.32834,38.79321],[141.32763,38.79342]]]]},"properties":{"林班":"C043","市町村名称":"登米市","旧市町村":null}},
{"type":"Feature","geometry":{"type":"Polygon","coordinates":[[[141.32933,38.78874],[141.32922,38.78749],[141.33032,38.78685],[141.33048,38.78669],[141.33272,38.78789],[141.33489,38.78833],[141.33639,38.78935],[141.33609,38.79023],[141.33709,38.79068],[141.33817,38.79189],[141.33839,38.79374],[141.33902,38.79481],[141.33869,38.79561],[141.33899,38.79673],[141.34003,38.79767],[141.33951,38.79861],[141.34057,38.79943],[141.34037,38.80044],[141.33929,38.7999],[141.33716,38.79777],[141.33446,38.79678],[141.33048,38.79501],[141.33035,38.79438],[141.32834,38.79321],[141.32874,38.79292],[141.32872,38.79287],[141.3296,38.79163],[141.33029,38.7911],[141.33014,38.79027],[141.32933,38.78874]]]},"properties":{"林班":"C042","市町村名称":"登米市","旧市町村":null}},
{"type":"Feature","geometry":{"type":"Polygon","coordinates":[[[141.32763,38.79342],[141.32834,38.79321],[141.33035,38.79438],[141.33048,38.79501],[141.33446,38.79678],[141.33716,38.79777],[141.33929,38.7999],[141.34037,38.80044],[141.34036,38.80057],[141.34031,38.80095],[141.34028,38.80114],[141.34261,38.80401],[141.342,38.80459],[141.34118,38.80642],[141.3415,38.80479],[141.34073,38.80501],[141.34083,38.80604],[141.33971,38.80646],[141.3378,38.80617],[141.3366,38.80478],[141.33669,38.80364],[141.33597,38.80329],[141.33549,38.80308],[141.33524,38.80276],[141.33495,38.80185],[141.33188,38.80014],[141.33177,38.79913],[141.33093,38.79882],[141.33021,38.79765],[141.32921,38.79707],[141.32861,38.79678],[141.32843,38.79663],[141.32821,38.79634],[141.32812,38.79612],[141.32804,38.79598],[141.32737,38.79531],[141.3272,38.79526],[141.32633,38.7942],[141.32758,38.7936],[141.32763,38.79342]]]},"properties":{"林班":"C038","市町村名称":"登米市","旧市町村":null}},
{"type":"Feature","geometry":{"type":"Polygon","coordinates":[[[141.32206,38.79983],[141.32219,38.79924],[141.32393,38.79958],[141.32362,38.79803],[141.32296,38.79776],[141.32353,38.79694],[141.32483,38.79684],[141.3242,38.79542],[141.32559,38.79576],[141.32597,38.79537],[141.32615,38.7952],[141.32737,38.79531],[141.32804,38.79598],[141.32812,38.79612],[141.32821,38.79634],[141.32843,38.79663],[141.32861,38.79678],[141.32921,38.79707],[141.33021,38.79765],[141.33093,38.79882],[141.33177,38.79913],[141.33188,38.80014],[141.33495,38.80185],[141.33524,38.80276],[141.33524,38.80294],[141.33375,38.80265],[141.33199,38.80271],[141.33134,38.80344],[141.32742,38.80429],[141.32719,38.80488],[141.32565,38.80536],[141.325,38.80596],[141.32454,38.806],[141.32396,38.80623],[141.32317,38.80644],[141.32266,38.80655],[141.32201,38.80678],[141.32124,38.80648],[141.32032,38.80562],[141.31877,38.80566],[141.31656,38.80475],[141.31722,38.80396],[141.31779,38.80415],[141.31915,38.80403],[141.32041,38.80439],[141.32124,38.80544],[141.32156,38.80474],[141.31928,38.80397],[141.31781,38.80406],[141.31744,38.80331],[141.31948,38.80241],[141.31992,38.80103],[141.32025,38.80052],[141.32206,38.79983]]]},"properties":{"林班":"C037","市町村名称":"登米市","旧市町村":null}},
{"type":"Feature","geometry":{"type":"Polygon","coordinates":[[[141.32719,38.80488],[141.32742,38.80429],[141.33134,38.80344],[141.33199,38.80271],[141.33375,38.80265],[141.33524,38.80294],[141.33549,38.80308],[141.33597,38.80329],[141.33669,38.80364],[141.3366,38.80478],[141.3378,38.80617],[141.33727,38.80703],[141.33392,38.80706],[141.33374,38.80857],[141.33222,38.81067],[141.33252,38.81124],[141.33077,38.81118],[141.32868,38.81146],[141.32538,38.81005],[141.32489,38.809],[141.3235,38.80806],[141.32235,38.80744],[141.32152,38.80815],[141.31835,38.80708],[141.31713,38.8069],[141.31693,38.80611],[141.3162,38.80543],[141.31656,38.80475],[141.31877,38.80566],[141.32032,38.80562],[141.32124,38.80648],[141.32201,38.80678],[141.32266,38.80655],[141.32317,38.80644],[141.32396,38.80623],[141.32454,38.806],[141.325,38.80596],[141.32565,38.80536],[141.32719,38.80488]]]},"properties":{"林班":"C036","市町村名称":"登米市","旧市町村":null}},
{"type":"Feature","geometry":{"type":"Polygon","coordinates":[[[141.31514,38.81096],[141.31415,38.80913],[141.31595,38.80586],[141.31654,38.80655],[141.31758,38.80726],[141.31834,38.80714],[141.32153,38.80819],[141.32236,38.80748],[141.3235,38.80806],[141.32489,38.809],[141.32538,38.81005],[141.32868,38.81146],[141.33077,38.81118],[141.33252,38.81124],[141.33233,38.81196],[141.33114,38.81284],[141.32848,38.81368],[141.32823,38.81439],[141.3271,38.81453],[141.32431,38.81567],[141.32328,38.81509],[141.32302,38.8149],[141.32215,38.81435],[141.32142,38.81376],[141.32134,38.81338],[141.32103,38.81292],[141.32091,38.81293],[141.32059,38.81292],[141.32015,38.81293],[141.31988,38.81289],[141.31894,38.81263],[141.31731,38.81243],[141.31684,38.81234],[141.31607,38.81184],[141.31586,38.81165],[141.31576,38.81155],[141.31556,38.81138],[141.3154,38.81123],[141.31514,38.81096]],[[141.31764,38.81048],[141.31778,38.80978],[141.31657,38.80945],[141.31699,38.80796],[141.31561,38.80703],[141.31537,38.80827],[141.31609,38.80979],[141.31764,38.81048]]]},"properties":{"林班":"C035","市町村名称":"登米市","旧市町村":null}},
{"type":"Feature","geometry":{"type":"MultiPolygon","coordinates":[[[[141.33255,38.78678],[141.33388,38.78641],[141.33537,38.78671],[141.33627,38.78736],[141.33731,38.78831],[141.33769,38.78893],[141.33872,38.78894],[141.33927,38.78963],[141.34002,38.79024],[141.34112,38.79047],[141.34127,38.79209],[141.34026,38.79307],[141.3401,38.79384],[141.34056,38.79625],[141.34206,38.79783],[141.34234,38.79797],[141.34256,38.79813],[141.34297,38.79842],[141.3467,38.80088],[141.34682,38.8011],[141.34622,38.80207],[141.34609,38.80225],[141.34601,38.80239],[141.34567,38.80293],[141.34387,38.80329],[141.34276,38.80397],[141.34261,38.80401],[141.34028,38.80114],[141.34031,38.80095],[141.34036,38.80057],[141.34037,38.80044],[141.34057,38.79943],[141.33951,38.79861],[141.34003,38.79767],[141.33899,38.79673],[141.33869,38.79561],[141.33902,38.79481],[141.33839,38.79374],[141.33817,38.79189],[141.33709,38.79068],[141.33609,38.79023],[141.33639,38.78935],[141.33489,38.78833],[141.33255,38.78678]]],[[[141.33312,38.78651],[141.33352,38.78619],[141.33481,38.78631],[141.33595,38.78682],[141.33682,38.78752],[141.33574,38.78694],[141.33561,38.78673],[141.33476,38.78638],[141.33369,38.78631],[141.33312,38.78651]]],[[[141.34076,38.79024],[141.34038,38.79027],[141.33945,38.78975],[141.34076,38.79024]]],[[[141.34356,38.80377],[141.34428,38.80364],[141.34408,38.80376],[141.34356,38.80377]]]]},"properties":{"林班":"C039","市町村名称":"登米市","旧市町村":null}},
{"type":"Feature","geometry":{"type":"Polygon","coordinates":[[[141.41513,38.4763],[141.41459,38.47513],[141.41506,38.47449],[141.41672,38.47473],[141.41735,38.47468],[141.41778,38.47558],[141.42035,38.47548],[141.42653,38.47252],[141.42732,38.47146],[141.4286,38.47131],[141.43092,38.47195],[141.43097,38.47194],[141.43104,38.472],[141.43329,38.47392],[141.43562,38.47633],[141.43765,38.47613],[141.43963,38.47814],[141.44027,38.47915],[141.43893,38.48026],[141.43744,38.48061],[141.43537,38.4818],[141.43317,38.48197],[141.43215,38.48335],[141.43093,38.48397],[141.4293,38.48368],[141.42729,38.484],[141.42551,38.48361],[141.42464,38.48468],[141.42268,38.48579],[141.42015,38.48565],[141.4199,38.48654],[141.41958,38.48674],[141.41947,38.48686],[141.41947,38.48691],[141.41896,38.48658],[141.41868,38.48627],[141.41728,38.48577],[141.41747,38.48434],[141.41645,38.48249],[141.41556,38.4818],[141.41543,38.48068],[141.41528,38.48037],[141.41517,38.48022],[141.41499,38.48009],[141.41497,38.48005],[141.41504,38.47982],[141.41514,38.47949],[141.41527,38.47917],[141.41558,38.47851],[141.41513,38.4763]]]},"properties":{"林班":"A076","市町村名称":"女川町","旧市町村":null}},
{"type":"Feature","geometry":{"type":"Polygon","coordinates":[[[141.44177,38.4661],[141.44249,38.46758],[141.44328,38.46811],[141.4431,38.46857],[141.44361,38.46889],[141.444,38.46963],[141.44519,38.47092],[141.44381,38.47345],[141.44283,38.47589],[141.44084,38.47578],[141.4397,38.47678],[141.43765,38.47613],[141.4358,38.47363],[141.43744,38.47303],[141.43749,38.47214],[141.43856,38.47122],[141.43952,38.46947],[141.44023,38.4669],[141.44091,38.46644],[141.44177,38.4661]]]},"properties":{"林班":"A075","市町村名称":"女川町","旧市町村":null}},
{"type":"Feature","geometry":{"type":"Polygon","coordinates":[[[141.44689,38.47166],[141.45195,38.47169],[141.45345,38.47124],[141.45429,38.46985],[141.45454,38.47102],[141.45341,38.47295],[141.45216,38.47419],[141.45207,38.47548],[141.45051,38.47699],[141.45027,38.47774],[141.45086,38.47858],[141.45127,38.47963],[141.44998,38.48211],[141.4487,38.4815],[141.44749,38.48003],[141.44709,38.47688],[141.44724,38.47618],[141.44722,38.47516],[141.44634,38.47412],[141.44697,38.47209],[141.44689,38.47166]]]},"properties":{"林班":"A078","市町村名称":"女川町","旧市町村":null}},
{"type":"Feature","geometry":{"type":"Polygon","coordinates":[[[141.43765,38.47613],[141.4397,38.47678],[141.44084,38.47578],[141.44283,38.47589],[141.44381,38.47345],[141.44519,38.47092],[141.44528,38.47116],[141.44571,38.47117],[141.44627,38.47144],[141.44681,38.47213],[141.4463,38.47413],[141.44718,38.47518],[141.44724,38.47618],[141.44709,38.47688],[141.44749,38.48003],[141.4487,38.4815],[141.44998,38.48211],[141.4489,38.48226],[141.44681,38.48177],[141.44626,38.48109],[141.44428,38.48024],[141.44027,38.47915],[141.43963,38.47814],[141.43765,38.47613]]]},"properties":{"林班":"A077","市町村名称":"女川町","旧市町村":null}},
{"type":"Feature","geometry":{"type":"Polygon","coordinates":[[[141.44205,38.46622],[141.44273,38.46617],[141.44528,38.46702],[141.44833,38.46719],[141.44932,38.46802],[141.45077,38.46848],[141.45127,38.46919],[141.45421,38.46916],[141.45429,38.46985],[141.45345,38.47124],[141.45195,38.47169],[141.44689,38.47166],[141.44596,38.47111],[141.44541,38.47113],[141.44508,38.47078],[141.44454,38.46975],[141.44319,38.46846],[141.44333,38.46811],[141.44323,38.46784],[141.44268,38.46766],[141.44205,38.46622]]]},"properties":{"林班":"A079","市町村名称":"女川町","旧市町村":null}},
{"type":"Feature","geometry":{"type":"MultiPolygon","coordinates":[[[[141.47418,38.44112],[141.47514,38.44028],[141.47488,38.43941],[141.47544,38.43865],[141.47648,38.43958],[141.47678,38.44059],[141.47615,38.44023],[141.47604,38.44005],[141.47582,38.44007],[141.47565,38.44017],[141.47553,38.44033],[141.47534,38.44041],[141.47527,38.44053],[141.47434,38.44167],[141.47418,38.44112]]],[[[141.47431,38.44199],[141.47494,38.44167],[141.47534,38.44104],[141.47536,38.44042],[141.47555,38.44034],[141.47567,38.44019],[141.47602,38.44007],[141.47613,38.44024],[141.47677,38.4406],[141.47715,38.4407],[141.47805,38.44158],[141.47716,38.44297],[141.47556,38.4431],[141.47525,38.44377],[141.47431,38.44199]]],[[[141.47605,38.44819],[141.47583,38.44721],[141.47492,38.44578],[141.47548,38.44467],[141.47854,38.446],[141.4795,38.44604],[141.47821,38.4473],[141.4772,38.44725],[141.47605,38.44819]]]]},"properties":{"林班":"A090","市町村名称":"女川町","旧市町村":null}},
{"type":"Feature","geometry":{"type":"MultiPolygon","coordinates":[[[[141.48225,38.43904],[141.48043,38.43912],[141.48098,38.43775],[141.48276,38.43727],[141.48225,38.43904]]],[[[141.4795,38.44603],[141.47848,38.44594],[141.47785,38.44523],[141.47801,38.44377],[141.47951,38.44231],[141.48074,38.44176],[141.4806,38.44071],[141.48124,38.4395],[141.48226,38.43919],[141.48275,38.44036],[141.48257,38.44232],[141.48174,38.44565],[141.47986,38.44538],[141.4795,38.44603]]]]},"properties":{"林班":"A092","市町村名称":"女川町","旧市町村":null}},
{"type":"Feature","geometry":{"type":"Polygon","coordinates":[[[141.47605,38.44819],[141.4772,38.44725],[141.47821,38.4473],[141.4795,38.44604],[141.4795,38.44603],[141.47986,38.44538],[141.48174,38.44565],[141.48164,38.44626],[141.48296,38.44759],[141.48238,38.4484],[141.4817,38.44963],[141.47992,38.45083],[141.47904,38.4523],[141.47903,38.45232],[141.47902,38.45234],[141.47874,38.4527],[141.47821,38.4526],[141.4757,38.45217],[141.47474,38.45239],[141.47474,38.45034],[141.47499,38.44948],[141.47605,38.44819]]]},"properties":{"林班":"A091","市町村名称":"女川町","旧市町村":null}},
{"type":"Feature","geometry":{"type":"Polygon","coordinates":[[[141.48174,38.44565],[141.48257,38.44232],[141.48275,38.44036],[141.48226,38.43919],[141.48411,38.43997],[141.48454,38.44068],[141.48416,38.44272],[141.48362,38.44294],[141.48338,38.44367],[141.48358,38.44459],[141.48568,38.44467],[141.48632,38.44598],[141.48586,38.4461],[141.48765,38.44757],[141.48755,38.44765],[141.48519,38.44862],[141.48238,38.4484],[141.48296,38.44759],[141.48164,38.44626],[141.48174,38.44565]]]},"properties":{"林班":"A094","市町村名称":"女川町","旧市町村":null}},
{"type":"Feature","geometry":{"type":"MultiPolygon","coordinates":[[[[141.48276,38.43727],[141.48359,38.4371],[141.48569,38.43962],[141.48679,38.43991],[141.48716,38.4413],[141.48495,38.44091],[141.48405,38.4395],[141.48225,38.43904],[141.48276,38.43727]]],[[[141.48378,38.44314],[141.48587,38.44238],[141.48762,38.4431],[141.4861,38.44468],[141.48397,38.44455],[141.48366,38.44389],[141.48378,38.44314]]]]},"properties":{"林班":"A093","市町村名称":"女川町","旧市町村":null}},
{"type":"Feature","geometry":{"type":"MultiPolygon","coordinates":[[[[141.49211,38.44366],[141.49133,38.44148],[141.48993,38.4403],[141.49131,38.44087],[141.49437,38.44036],[141.49466,38.43922],[141.49575,38.4387],[141.49634,38.43953],[141.49516,38.44191],[141.49456,38.44174],[141.4936,38.44291],[141.49249,38.4439],[141.49211,38.44366]]],[[[141.49211,38.44368],[141.4925,38.44391],[141.49305,38.44347],[141.49417,38.44299],[141.4951,38.44321],[141.49649,38.44418],[141.49808,38.44321],[141.49922,38.44366],[141.50096,38.44339],[141.50147,38.44394],[141.49971,38.4437],[141.49877,38.44426],[141.49825,38.44537],[141.49667,38.44578],[141.49513,38.44516],[141.49433,38.44551],[141.49282,38.44516],[141.49217,38.44469],[141.49211,38.44368]]]]},"properties":{"林班":"A096","市町村名称":"女川町","旧市町村":null}},
{"type":"Feature","geometry":{"type":"MultiPolygon","coordinates":[[[[141.48632,38.44598],[141.48736,38.4455],[141.48843,38.44713],[141.48765,38.44757],[141.48586,38.4461],[141.48632,38.44598]]],[[[141.48997,38.44768],[141.48838,38.4461],[141.48943,38.44518],[141.49082,38.4448],[141.49113,38.44392],[141.49211,38.44368],[141.49217,38.44469],[141.49282,38.44516],[141.49227,38.44609],[141.49076,38.44732],[141.48997,38.44768]]],[[[141.49211,38.44366],[141.49049,38.44309],[141.49006,38.44251],[141.48993,38.4403],[141.49133,38.44148],[141.49211,38.44366]]]]},"properties":{"林班":"A095","市町村名称":"女川町","旧市町村":null}},
{"type":"Feature","geometry":{"type":"Polygon","coordinates":[[[141.35015,38.80053],[141.35304,38.79842],[141.35381,38.79677],[141.35445,38.79658],[141.35504,38.79634],[141.35506,38.7963],[141.35673,38.79623],[141.3586,38.79667],[141.35877,38.7967],[141.36001,38.79697],[141.36062,38.79728],[141.36471,38.79706],[141.36522,38.79718],[141.36667,38.79802],[141.36684,38.79825],[141.36694,38.7984],[141.36445,38.79954],[141.36299,38.79996],[141.36259,38.8009],[141.35923,38.8028],[141.35831,38.80222],[141.35588,38.80165],[141.3543,38.80041],[141.35071,38.80077],[141.35055,38.8007],[141.35015,38.80053]]]},"properties":{"林班":"C052","市町村名称":"登米市","旧市町村":null}},
{"type":"Feature","geometry":{"type":"Polygon","coordinates":[[[141.36239,38.78941],[141.36349,38.78907],[141.36451,38.79019],[141.3657,38.78987],[141.36708,38.78947],[141.36707,38.78908],[141.36786,38.78991],[141.3702,38.79041],[141.37024,38.7904],[141.37157,38.78915],[141.37161,38.78834],[141.37264,38.78801],[141.37367,38.78906],[141.37401,38.79001],[141.37323,38.79002],[141.37247,38.79216],[141.37283,38.79293],[141.37146,38.79331],[141.3695,38.79514],[141.3685,38.79589],[141.36759,38.79619],[141.36706,38.79738],[141.36605,38.79721],[141.36522,38.79718],[141.36471,38.79706],[141.36062,38.79728],[141.36001,38.79697],[141.36009,38.79686],[141.36045,38.79645],[141.36009,38.79686],[141.36001,38.79697],[141.35877,38.7967],[141.3586,38.79667],[141.35673,38.79623],[141.35506,38.7963],[141.35616,38.79481],[141.35633,38.79481],[141.35708,38.79471],[141.35778,38.79497],[141.35904,38.79564],[141.35942,38.79518],[141.36004,38.7947],[141.36198,38.79469],[141.36117,38.79332],[141.36218,38.793],[141.36297,38.79027],[141.36239,38.78941]]]},"properties":{"林班":"C051","市町村名称":"登米市","旧市町村":null}},
{"type":"Feature","geometry":{"type":"Polygon","coordinates":[[[141.37172,38.78297],[141.37422,38.78347],[141.37528,38.78319],[141.3765,38.78122],[141.38081,38.78205],[141.38167,38.7831],[141.38203,38.78444],[141.38181,38.78596],[141.37913,38.78684],[141.37692,38.78719],[141.37604,38.7878],[141.37602,38.78883],[141.37498,38.78967],[141.37361,38.78874],[141.37246,38.78585],[141.37283,38.78558],[141.37408,38.78534],[141.3746,38.78556],[141.37472,38.7849],[141.37307,38.78553],[141.37221,38.78551],[141.37184,38.78561],[141.37101,38.78534],[141.37027,38.78478],[141.36976,38.78344],[141.37172,38.78297]]]},"properties":{"林班":"C050","市町村名称":"登米市","旧市町村":null}},
{"type":"Feature","geometry":{"type":"Polygon","coordinates":[[[141.37159,38.7971],[141.37328,38.79614],[141.37364,38.79443],[141.37448,38.79301],[141.37565,38.79365],[141.37782,38.79408],[141.3786,38.79482],[141.38019,38.79456],[141.37895,38.79601],[141.37775,38.79736],[141.37717,38.79929],[141.37609,38.80008],[141.37496,38.80268],[141.37411,38.80181],[141.37299,38.80141],[141.37235,38.80005],[141.3716,38.79957],[141.37159,38.7971]]]},"properties":{"林班":"C056","市町村名称":"登米市","旧市町村":null}},
{"type":"Feature","geometry":{"type":"Polygon","coordinates":[[[141.37496,38.80268],[141.37407,38.80294],[141.37221,38.80446],[141.37272,38.80509],[141.3717,38.80615],[141.37127,38.80741],[141.36859,38.80788],[141.36755,38.80741],[141.36833,38.80626],[141.36849,38.80271],[141.3671,38.8019],[141.36699,38.80073],[141.36819,38.79897],[141.36953,38.7987],[141.37159,38.7971],[141.3716,38.79957],[141.37235,38.80005],[141.37299,38.80141],[141.37411,38.80181],[141.37496,38.80268]]]},"properties":{"林班":"C055","市町村名称":"登米市","旧市町村":null}},
{"type":"Feature","geometry":{"type":"Polygon","coordinates":[[[141.36487,38.80107],[141.36695,38.79956],[141.36702,38.80196],[141.36839,38.80274],[141.3681,38.80511],[141.36831,38.80626],[141.36752,38.8074],[141.36738,38.80887],[141.36615,38.80944],[141.36476,38.80844],[141.36202,38.80811],[141.36262,38.80521],[141.36383,38.80335],[141.36308,38.80216],[141.36487,38.80107]]]},"properties":{"林班":"C054","市町村名称":"登米市","旧市町村":null}},
{"type":"Feature","geometry":{"type":"Polygon","coordinates":[[[141.34428,38.80364],[141.3462,38.80292],[141.34633,38.80296],[141.34778,38.80299],[141.34825,38.80295],[141.34853,38.80287],[141.34881,38.80273],[141.34997,38.80225],[141.35006,38.80147],[141.3505,38.80105],[141.35071,38.80077],[141.3543,38.80041],[141.35588,38.80165],[141.35831,38.80222],[141.35923,38.8028],[141.35772,38.80479],[141.35667,38.80528],[141.35583,38.80687],[141.35396,38.80799],[141.35213,38.80859],[141.34981,38.80894],[141.34699,38.80802],[141.34558,38.80853],[141.34229,38.80907],[141.34115,38.80868],[141.34118,38.80642],[141.342,38.80459],[141.34276,38.80397],[141.34356,38.80377],[141.34408,38.80376],[141.34428,38.80364]]]},"properties":{"林班":"C053","市町村名称":"登米市","旧市町村":null}},
{"type":"Feature","geometry":{"type":"MultiPolygon","coordinates":[[[[141.37024,38.7904],[141.37013,38.79002],[141.36795,38.78881],[141.36696,38.78839],[141.36657,38.7868],[141.36399,38.78503],[141.36303,38.78476],[141.36246,38.78357],[141.36418,38.78266],[141.36523,38.78318],[141.3665,38.7825],[141.36843,38.78344],[141.3696,38.78323],[141.37,38.7846],[141.37095,38.78547],[141.37229,38.78577],[141.37254,38.78692],[141.37351,38.78872],[141.3744,38.78936],[141.37401,38.79001],[141.37367,38.78906],[141.37264,38.78801],[141.37161,38.78834],[141.37157,38.78915],[141.37024,38.7904]],[[141.37052,38.78802],[141.37224,38.78646],[141.37045,38.78572],[141.36963,38.78677],[141.37052,38.78802]]],[[[141.36237,38.7894],[141.36157,38.78842],[141.36187,38.78726],[141.36136,38.78614],[141.36156,38.78479],[141.36125,38.78351],[141.36192,38.78334],[141.36221,38.78443],[141.36319,38.78551],[141.36428,38.78592],[141.36533,38.78731],[141.36636,38.78772],[141.36652,38.78958],[141.3657,38.78987],[141.36451,38.79019],[141.36349,38.78907],[141.36239,38.78941],[141.36237,38.7894]]],[[[141.36707,38.78908],[141.3675,38.78866],[141.37009,38.79004],[141.3702,38.79041],[141.36786,38.78991],[141.36707,38.78908]]],[[[141.36605,38.79721],[141.36706,38.79738],[141.36759,38.79619],[141.3685,38.79589],[141.3695,38.79514],[141.37148,38.79333],[141.37286,38.79293],[141.37308,38.79069],[141.37441,38.79059],[141.37456,38.79155],[141.37418,38.79203],[141.37414,38.79284],[141.37303,38.79449],[141.37304,38.79517],[141.37209,38.79623],[141.3698,38.79746],[141.36873,38.79856],[141.36694,38.7984],[141.36684,38.79825],[141.36667,38.79802],[141.36605,38.79721]]]]},"properties":{"林班":"C049","市町村名称":"登米市","旧市町村":null}},
{"type":"Feature","geometry":{"type":"MultiPolygon","coordinates":[[[[141.3583,38.78167],[141.35876,38.78227],[141.35775,38.78294],[141.35697,38.78223],[141.3583,38.78167]]],[[[141.35616,38.79481],[141.35493,38.79431],[141.35374,38.79296],[141.35389,38.7924],[141.35293,38.79031],[141.35521,38.78997],[141.35615,38.78777],[141.35619,38.78622],[141.3579,38.78541],[141.35749,38.78465],[141.35803,38.78381],[141.35931,38.78359],[141.35993,38.78403],[141.35937,38.78506],[141.35948,38.78606],[141.35989,38.78643],[141.3604,38.78661],[141.36022,38.78813],[141.36145,38.78925],[141.36234,38.78955],[141.36293,38.79027],[141.36214,38.79298],[141.36117,38.79332],[141.36198,38.79469],[141.36004,38.7947],[141.35942,38.79518],[141.35731,38.79468],[141.35742,38.79426],[141.35633,38.79481],[141.35616,38.79481]]],[[[141.36237,38.7894],[141.36148,38.78923],[141.36027,38.78814],[141.36044,38.78657],[141.35957,38.78611],[141.35944,38.78507],[141.36056,38.784],[141.36103,38.7826],[141.36192,38.78334],[141.36125,38.78351],[141.36156,38.78479],[141.36136,38.78614],[141.36187,38.78726],[141.36157,38.78842],[141.36237,38.7894]]]]},"properties":{"林班":"C048","市町村名称":"登米市","旧市町村":null}},
{"type":"Feature","geometry":{"type":"MultiPolygon","coordinates":[[[[141.34586,38.7792],[141.34594,38.77784],[141.34547,38.77673],[141.34627,38.77652],[141.34736,38.7775],[141.34765,38.77883],[141.34843,38.77909],[141.34809,38.77974],[141.35076,38.78106],[141.35047,38.78284],[141.35096,38.78301],[141.35083,38.78339],[141.35018,38.78365],[141.35006,38.78397],[141.35167,38.78307],[141.35198,38.78323],[141.35198,38.78375],[141.35266,38.78403],[141.35276,38.78614],[141.35212,38.78649],[141.3507,38.78895],[141.34992,38.78921],[141.34855,38.78823],[141.34707,38.78827],[141.34546,38.7879],[141.34484,38.78799],[141.34491,38.78765],[141.34452,38.78609],[141.34374,38.78515],[141.34444,38.78292],[141.34542,38.78147],[141.34618,38.78119],[141.3462,38.78068],[141.34612,38.78042],[141.34621,38.78031],[141.34607,38.78012],[141.34594,38.77972],[141.34597,38.77951],[141.34594,38.77934],[141.34586,38.7792]]],[[[141.34785,38.77776],[141.35076,38.7788],[141.35175,38.77963],[141.35136,38.78068],[141.35049,38.78039],[141.34948,38.77967],[141.34871,38.77934],[141.34844,38.77907],[141.34769,38.77869],[141.34785,38.77776]]],[[[141.35096,38.78317],[141.35098,38.78301],[141.35089,38.78292],[141.35051,38.78283],[141.35093,38.78131],[141.35166,38.78047],[141.352,38.77966],[141.35286,38.78016],[141.35244,38.78265],[141.35137,38.78278],[141.35096,38.78317]]],[[[141.35294,38.78096],[141.35374,38.78018],[141.35507,38.78071],[141.3565,38.78069],[141.35761,38.78108],[141.35658,38.7825],[141.35537,38.78258],[141.35435,38.78318],[141.35358,38.78431],[141.35199,38.78374],[141.35265,38.78284],[141.35294,38.78096]]],[[[141.35293,38.78579],[141.35297,38.78469],[141.35364,38.78435],[141.35437,38.78337],[141.35568,38.78267],[141.35721,38.78312],[141.35717,38.78474],[141.35527,38.78569],[141.35293,38.78579]]]]},"properties":{"林班":"C047","市町村名称":"登米市","旧市町村":null}},
{"type":"Feature","geometry":{"type":"MultiPolygon","coordinates":[[[[141.33121,38.77704],[141.33237,38.77776],[141.33215,38.77826],[141.33206,38.77867],[141.33213,38.77892],[141.33248,38.77942],[141.33327,38.77998],[141.33431,38.78252],[141.33287,38.78222],[141.33207,38.78055],[141.33128,38.78006],[141.33157,38.77813],[141.33121,38.77704]]],[[[141.33446,38.7827],[141.33329,38.77996],[141.33253,38.7794],[141.33213,38.77868],[141.33272,38.77735],[141.33569,38.77762],[141.33674,38.77911],[141.33873,38.77992],[141.3397,38.78165],[141.34163,38.78254],[141.34239,38.78375],[141.3419,38.7841],[141.33947,38.78415],[141.33783,38.78383],[141.33557,38.78256],[141.33446,38.7827]]],[[[141.33924,38.77943],[141.34395,38.77829],[141.3447,38.77894],[141.3451,38.77905],[141.34555,38.77876],[141.34565,38.77888],[141.34592,38.77935],[141.34592,38.77972],[141.346,38.78004],[141.34619,38.78031],[141.34609,38.78043],[141.34618,38.78067],[141.34617,38.78118],[141.34539,38.78148],[141.34441,38.78292],[141.34372,38.78513],[141.34244,38.78471],[141.34242,38.78375],[141.34159,38.78245],[141.33973,38.78162],[141.33878,38.7799],[141.33924,38.77943]]],[[[141.34586,38.7792],[141.34565,38.77886],[141.34549,38.77869],[141.34473,38.77894],[141.34382,38.77808],[141.34474,38.77635],[141.34547,38.77673],[141.34594,38.77784],[141.34586,38.7792]]]]},"properties":{"林班":"C046","市町村名称":"登米市","旧市町村":null}},
{"type":"Feature","geometry":{"type":"MultiPolygon","coordinates":[[[[141.46329,38.45037],[141.46332,38.44898],[141.46493,38.44854],[141.46698,38.44914],[141.47035,38.45086],[141.47197,38.45122],[141.47253,38.45222],[141.47321,38.4527],[141.47417,38.45315],[141.47244,38.45345],[141.47132,38.4533],[141.46982,38.45418],[141.46764,38.45455],[141.46531,38.45451],[141.46474,38.45272],[141.46386,38.45278],[141.46383,38.45134],[141.46329,38.45037]]],[[[141.46272,38.45434],[141.46384,38.45285],[141.46408,38.45328],[141.46272,38.45434]]],[[[141.46259,38.45457],[141.46362,38.45393],[141.46457,38.45394],[141.46521,38.45576],[141.46398,38.45675],[141.46254,38.45714],[141.46176,38.45804],[141.46099,38.45644],[141.4615,38.45569],[141.46213,38.45529],[141.46259,38.45457]]]]},"properties":{"林班":"A087","市町村名称":"女川町","旧市町村":null}},
{"type":"Feature","geometry":{"type":"Polygon","coordinates":[[[141.4551,38.44959],[141.45553,38.44896],[141.45684,38.45061],[141.45741,38.44837],[141.4587,38.44885],[141.46106,38.44846],[141.46276,38.44953],[141.46329,38.45037],[141.46383,38.45134],[141.46386,38.45278],[141.46384,38.45285],[141.46272,38.45434],[141.4615,38.45569],[141.46099,38.45644],[141.46176,38.45804],[141.46017,38.45843],[141.45898,38.45846],[141.45997,38.45736],[141.45985,38.45571],[141.46039,38.45563],[141.45938,38.45486],[141.45936,38.45464],[141.45929,38.45449],[141.4596,38.45462],[141.45929,38.45449],[141.45858,38.45411],[141.45737,38.4517],[141.4551,38.44959]]]},"properties":{"林班":"A086","市町村名称":"女川町","旧市町村":null}},
{"type":"Feature","geometry":{"type":"MultiPolygon","coordinates":[[[[141.46903,38.43947],[141.46911,38.43898],[141.47119,38.43926],[141.47159,38.44042],[141.47418,38.44112],[141.47434,38.44167],[141.4729,38.44206],[141.47137,38.441],[141.46984,38.44046],[141.46903,38.43947]]],[[[141.46957,38.44386],[141.46966,38.44237],[141.47214,38.44283],[141.47313,38.44268],[141.47548,38.44467],[141.47492,38.44578],[141.47583,38.44721],[141.47605,38.44819],[141.47499,38.44948],[141.47474,38.45034],[141.47347,38.44935],[141.47029,38.44777],[141.46942,38.44661],[141.46996,38.44509],[141.46957,38.44386]]],[[[141.47525,38.44377],[141.47397,38.4432],[141.47288,38.44212],[141.47431,38.44199],[141.47525,38.44377]]]]},"properties":{"林班":"A089","市町村名称":"女川町","旧市町村":null}},
{"type":"Feature","geometry":{"type":"MultiPolygon","coordinates":[[[[141.46364,38.44367],[141.46478,38.44363],[141.46476,38.44267],[141.46624,38.44209],[141.46774,38.44042],[141.46813,38.44097],[141.4668,38.44202],[141.46731,38.44257],[141.46549,38.44472],[141.46438,38.44529],[141.46364,38.44367]]],[[[141.47419,38.45313],[141.47326,38.4527],[141.47243,38.45197],[141.47198,38.45119],[141.47059,38.45079],[141.46698,38.44896],[141.46226,38.4472],[141.46176,38.44645],[141.46538,38.44488],[141.46735,38.4426],[141.46682,38.44202],[141.46813,38.44099],[141.46808,38.44213],[141.46824,38.443],[141.46906,38.44346],[141.46957,38.44386],[141.46996,38.44509],[141.46942,38.44661],[141.47029,38.44777],[141.47347,38.44935],[141.47474,38.45034],[141.47474,38.45239],[141.47419,38.45313]]]]},"properties":{"林班":"A088","市町村名称":"女川町","旧市町村":null}},
{"type":"Feature","geometry":{"type":"Polygon","coordinates":[[[141.39881,38.78387],[141.39968,38.78212],[141.39963,38.7812],[141.40114,38.7807],[141.40212,38.77742],[141.40207,38.77549],[141.40474,38.77402],[141.40661,38.77235],[141.40782,38.77292],[141.40898,38.77458],[141.40888,38.77547],[141.40791,38.77627],[141.40689,38.77828],[141.40678,38.77969],[141.40537,38.78136],[141.40431,38.7841],[141.4036,38.78515],[141.40243,38.78428],[141.4025,38.78375],[141.39881,38.78387]]]},"properties":{"林班":"C063","市町村名称":"登米市","旧市町村":null}},
{"type":"Feature","geometry":{"type":"Polygon","coordinates":[[[141.4036,38.78515],[141.40431,38.7841],[141.40537,38.78136],[141.40678,38.77969],[141.40689,38.77828],[141.40791,38.77627],[141.40888,38.77547],[141.4102,38.77585],[141.41064,38.77684],[141.4125,38.77803],[141.41258,38.77968],[141.41353,38.78104],[141.41398,38.78241],[141.41376,38.78488],[141.41319,38.78474],[141.41124,38.78472],[141.41028,38.7862],[141.4077,38.78698],[141.40397,38.7855],[141.4036,38.78515]]]},"properties":{"林班":"C062","市町村名称":"登米市","旧市町村":null}},
{"type":"Feature","geometry":{"type":"Polygon","coordinates":[[[141.40586,38.77071],[141.40668,38.76911],[141.40967,38.76789],[141.40975,38.76888],[141.41092,38.77006],[141.41085,38.77103],[141.4097,38.77273],[141.40996,38.77332],[141.41259,38.77476],[141.41252,38.77566],[141.41502,38.77928],[141.41537,38.78024],[141.41526,38.78194],[141.41584,38.78388],[141.41559,38.78462],[141.41446,38.78511],[141.41521,38.78603],[141.414,38.78651],[141.41306,38.78631],[141.41271,38.78521],[141.41319,38.78474],[141.41376,38.78488],[141.41398,38.78241],[141.41353,38.78104],[141.41258,38.77968],[141.4125,38.77803],[141.41064,38.77684],[141.4102,38.77585],[141.40888,38.77547],[141.40898,38.77458],[141.40782,38.77292],[141.40661,38.77235],[141.40586,38.77071]]]},"properties":{"林班":"C061","市町村名称":"登米市","旧市町村":null}},
{"type":"Feature","geometry":{"type":"MultiPolygon","coordinates":[[[[141.38762,38.78605],[141.38824,38.78559],[141.38846,38.7855],[141.38867,38.78528],[141.38904,38.78468],[141.38918,38.78379],[141.3902,38.78367],[141.39171,38.78527],[141.39433,38.78539],[141.3957,38.7859],[141.39666,38.7857],[141.3965,38.78711],[141.39613,38.78727],[141.39548,38.78786],[141.39502,38.78796],[141.39478,38.78834],[141.3943,38.78772],[141.39268,38.78753],[141.38879,38.78754],[141.38635,38.78712],[141.38762,38.78605]]],[[[141.39465,38.78844],[141.39508,38.78813],[141.39504,38.78798],[141.39549,38.78789],[141.39616,38.7873],[141.39652,38.78715],[141.39682,38.78576],[141.40195,38.78656],[141.4036,38.78773],[141.40308,38.78824],[141.40424,38.78895],[141.40091,38.78953],[141.39777,38.78962],[141.39648,38.79053],[141.39573,38.78928],[141.39516,38.78877],[141.39482,38.78859],[141.39465,38.78844]]]]},"properties":{"林班":"C060","市町村名称":"登米市","旧市町村":null}},
{"type":"Feature","geometry":{"type":"Polygon","coordinates":[[[141.38211,38.77287],[141.38331,38.77311],[141.3846,38.77213],[141.38635,38.77234],[141.3875,38.77314],[141.38635,38.77442],[141.38606,38.77619],[141.38469,38.77776],[141.38413,38.77719],[141.38407,38.77621],[141.38292,38.77562],[141.38211,38.77287]]]},"properties":{"林班":"C067","市町村名称":"登米市","旧市町村":null}},
{"type":"Feature","geometry":{"type":"Polygon","coordinates":[[[141.38779,38.7785],[141.38693,38.77733],[141.38779,38.77379],[141.38874,38.77357],[141.38913,38.7725],[141.3899,38.77203],[141.38978,38.77105],[141.39103,38.76991],[141.3912,38.76894],[141.392,38.76879],[141.39211,38.76724],[141.3937,38.76769],[141.39495,38.76759],[141.39662,38.76577],[141.40051,38.76663],[141.40188,38.76739],[141.40435,38.76804],[141.40619,38.76781],[141.4074,38.76733],[141.40967,38.76789],[141.40668,38.76911],[141.40586,38.77071],[141.40413,38.76995],[141.40189,38.76964],[141.40104,38.76913],[141.39793,38.76871],[141.39605,38.7694],[141.39527,38.77062],[141.39244,38.77063],[141.39149,38.77113],[141.39127,38.77229],[141.39003,38.77433],[141.39044,38.77561],[141.38845,38.77617],[141.38848,38.77766],[141.38779,38.7785]]]},"properties":{"林班":"C066","市町村名称":"登米市","旧市町村":null}},
{"type":"Feature","geometry":{"type":"MultiPolygon","coordinates":[[[[141.38779,38.7785],[141.38848,38.77766],[141.38845,38.77617],[141.39044,38.77561],[141.39003,38.77433],[141.39127,38.77229],[141.39149,38.77113],[141.39244,38.77063],[141.39527,38.77062],[141.39605,38.7694],[141.39793,38.76871],[141.40104,38.76913],[141.40189,38.76964],[141.39912,38.76993],[141.39837,38.77114],[141.39676,38.77168],[141.39745,38.77308],[141.39714,38.77499],[141.39737,38.77569],[141.39674,38.77665],[141.39661,38.77667],[141.39604,38.77711],[141.39502,38.77806],[141.39459,38.77864],[141.39439,38.77961],[141.39569,38.78038],[141.39685,38.78182],[141.39651,38.78343],[141.39576,38.78402],[141.39425,38.78355],[141.39279,38.784],[141.39191,38.78175],[141.39064,38.78068],[141.38895,38.78017],[141.38583,38.7796],[141.38779,38.7785]]],[[[141.39775,38.77533],[141.39742,38.77562],[141.39719,38.775],[141.39748,38.77308],[141.39679,38.77167],[141.39841,38.77133],[141.39837,38.7728],[141.39755,38.77481],[141.39746,38.77546],[141.39754,38.77536],[141.39775,38.77533]]]]},"properties":{"林班":"C065","市町村名称":"登米市","旧市町村":null}},
{"type":"Feature","geometry":{"type":"Polygon","coordinates":[[[141.39881,38.78387],[141.39703,38.7835],[141.39706,38.78204],[141.39566,38.78028],[141.39463,38.77968],[141.39504,38.7781],[141.39663,38.77671],[141.39679,38.77674],[141.39731,38.77644],[141.39775,38.77533],[141.39754,38.77536],[141.39746,38.77546],[141.39755,38.77481],[141.39837,38.7728],[141.39841,38.77133],[141.39837,38.77114],[141.39912,38.76993],[141.40189,38.76964],[141.40413,38.76995],[141.40586,38.77071],[141.40661,38.77235],[141.40474,38.77402],[141.40207,38.77549],[141.40212,38.77742],[141.40114,38.7807],[141.39963,38.7812],[141.39968,38.78212],[141.39881,38.78387]]]},"properties":{"林班":"C064","市町村名称":"登米市","旧市町村":null}},
{"type":"Feature","geometry":{"type":"MultiPolygon","coordinates":[[[[141.38048,38.79455],[141.38196,38.79293],[141.38342,38.78899],[141.38458,38.78805],[141.38635,38.78712],[141.38879,38.78754],[141.39268,38.78753],[141.3943,38.78772],[141.39478,38.78834],[141.39464,38.78841],[141.39452,38.78855],[141.39439,38.78893],[141.3949,38.7894],[141.39508,38.78984],[141.39531,38.7902],[141.39538,38.79036],[141.39509,38.79038],[141.39501,38.79043],[141.39493,38.79069],[141.39451,38.79102],[141.39417,38.79105],[141.39325,38.79138],[141.39191,38.79086],[141.39081,38.79195],[141.38997,38.79221],[141.38909,38.7938],[141.38665,38.79407],[141.38556,38.79458],[141.38277,38.79473],[141.38168,38.79436],[141.38048,38.79455]]],[[[141.39465,38.78844],[141.39482,38.78859],[141.39516,38.78877],[141.39573,38.78928],[141.39648,38.79053],[141.39539,38.79042],[141.39542,38.79036],[141.39534,38.79018],[141.39511,38.78983],[141.39503,38.78955],[141.39477,38.78923],[141.39442,38.78893],[141.39454,38.78856],[141.39465,38.78844]]]]},"properties":{"林班":"C059","市町村名称":"登米市","旧市町村":null}},
{"type":"Feature","geometry":{"type":"Polygon","coordinates":[[[141.38556,38.79458],[141.38665,38.79407],[141.38909,38.7938],[141.38997,38.79221],[141.39081,38.79195],[141.39191,38.79086],[141.39274,38.79169],[141.39339,38.79169],[141.39391,38.79145],[141.39396,38.79118],[141.39455,38.79106],[141.39503,38.79072],[141.39661,38.79152],[141.39621,38.79204],[141.39705,38.79377],[141.39607,38.79398],[141.39602,38.79273],[141.39486,38.79268],[141.39378,38.7932],[141.39267,38.79431],[141.39129,38.79497],[141.38959,38.79506],[141.38964,38.7958],[141.39212,38.79671],[141.39273,38.79745],[141.39487,38.79802],[141.39358,38.7987],[141.39087,38.79891],[141.38955,38.79857],[141.38863,38.79986],[141.38676,38.8001],[141.38539,38.79887],[141.38401,38.79908],[141.38245,38.79803],[141.38184,38.7971],[141.3805,38.79617],[141.37895,38.79601],[141.38019,38.79456],[141.38048,38.79455],[141.38168,38.79436],[141.38276,38.79475],[141.38556,38.79458]]]},"properties":{"林班":"C058","市町村名称":"登米市","旧市町村":null}},
{"type":"Feature","geometry":{"type":"Polygon","coordinates":[[[141.3786,38.79482],[141.37783,38.79407],[141.37567,38.79363],[141.37457,38.79298],[141.37576,38.79174],[141.37708,38.78814],[141.37764,38.7876],[141.38002,38.78677],[141.38089,38.78695],[141.38248,38.78648],[141.38274,38.78371],[141.38258,38.78221],[141.38368,38.78167],[141.38529,38.78146],[141.38675,38.78179],[141.38789,38.78254],[141.38931,38.78259],[141.38901,38.78467],[141.38864,38.78528],[141.38843,38.7855],[141.38823,38.78558],[141.38776,38.78589],[141.38762,38.78605],[141.38635,38.78712],[141.38458,38.78805],[141.38342,38.78899],[141.38196,38.79293],[141.38048,38.79455],[141.38019,38.79456],[141.3786,38.79482]]]},"properties":{"林班":"C057","市町村名称":"登米市","旧市町村":null}},
{"type":"Feature","geometry":{"type":"MultiPolygon","coordinates":[[[[141.49831,38.44591],[141.50039,38.44502],[141.50349,38.44558],[141.50497,38.44697],[141.50585,38.44693],[141.50651,38.44659],[141.50842,38.44783],[141.50878,38.44867],[141.50916,38.4488],[141.50778,38.44963],[141.50741,38.44825],[141.50664,38.44778],[141.50554,38.44796],[141.50403,38.44689],[141.50272,38.44679],[141.50147,38.4475],[141.50225,38.45002],[141.50178,38.45111],[141.50126,38.44933],[141.50008,38.44899],[141.49831,38.44591]]],[[[141.50519,38.44675],[141.50363,38.44562],[141.50481,38.44601],[141.50519,38.44675]]],[[[141.51184,38.45289],[141.51023,38.45226],[141.50995,38.45345],[141.50874,38.45342],[141.50825,38.45278],[141.50993,38.4521],[141.50967,38.45044],[141.51009,38.44992],[141.51061,38.45168],[141.51184,38.45289]]]]},"properties":{"林班":"A098","市町村名称":"女川町","旧市町村":null}},
{"type":"Feature","geometry":{"type":"Polygon","coordinates":[[[141.49825,38.44537],[141.49877,38.44426],[141.49971,38.4437],[141.50147,38.44394],[141.5021,38.44495],[141.50485,38.44485],[141.50651,38.44616],[141.50838,38.4462],[141.50956,38.44495],[141.51023,38.44591],[141.509,38.44756],[141.50931,38.44872],[141.51001,38.44946],[141.51233,38.44971],[141.51265,38.45046],[141.51133,38.4514],[141.51184,38.45289],[141.51061,38.45168],[141.51009,38.44992],[141.50961,38.44949],[141.50931,38.4489],[141.50916,38.4488],[141.50878,38.44867],[141.50842,38.44783],[141.50651,38.44659],[141.50585,38.44693],[141.50519,38.44675],[141.50481,38.44601],[141.50363,38.44562],[141.50349,38.44558],[141.50039,38.44502],[141.49831,38.44591],[141.49825,38.44537]]]},"properties":{"林班":"A097","市町村名称":"女川町","旧市町村":null}},
{"type":"Feature","geometry":{"type":"Polygon","coordinates":[[[141.49282,38.44516],[141.49433,38.44551],[141.49513,38.44516],[141.49667,38.44578],[141.49825,38.44537],[141.49831,38.44591],[141.50008,38.44899],[141.50126,38.44933],[141.50178,38.45111],[141.5011,38.45024],[141.49923,38.45],[141.49794,38.4487],[141.49571,38.44805],[141.49661,38.44929],[141.49739,38.45164],[141.49702,38.45268],[141.49472,38.4525],[141.49484,38.4513],[141.49302,38.45011],[141.49295,38.44863],[141.49237,38.44749],[141.49076,38.44732],[141.49227,38.44609],[141.49282,38.44516]]]},"properties":{"林班":"A099","市町村名称":"女川町","旧市町村":null}},
{"type":"Feature","geometry":{"type":"MultiPolygon","coordinates":[[[[141.35719,38.77064],[141.35544,38.7687],[141.35577,38.76811],[141.3581,38.76757],[141.35883,38.76819],[141.3583,38.76992],[141.35719,38.77064]]],[[[141.36377,38.76915],[141.36474,38.76868],[141.36712,38.76946],[141.36807,38.77087],[141.36757,38.77247],[141.36726,38.77247],[141.36726,38.77167],[141.36702,38.77143],[141.36654,38.77124],[141.36587,38.77112],[141.36553,38.7713],[141.36468,38.77156],[141.3641,38.77196],[141.36372,38.77115],[141.36425,38.76991],[141.36377,38.76915]]],[[[141.33384,38.7739],[141.33375,38.77439],[141.33156,38.77508],[141.33142,38.77447],[141.33384,38.7739]]],[[[141.36957,38.77397],[141.36979,38.77322],[141.3709,38.77322],[141.37104,38.77322],[141.37152,38.77373],[141.37216,38.77372],[141.37186,38.77292],[141.37273,38.77341],[141.37373,38.77318],[141.37562,38.77356],[141.37642,38.77509],[141.37808,38.77633],[141.37795,38.77683],[141.37786,38.77682],[141.37622,38.77645],[141.37569,38.77627],[141.37562,38.77625],[141.37495,38.77638],[141.37396,38.77712],[141.37137,38.77645],[141.37025,38.77585],[141.36887,38.77445],[141.36957,38.77397]]]]},"properties":{"林班":"C070","市町村名称":"登米市","旧市町村":null}},
{"type":"Feature","geometry":{"type":"MultiPolygon","coordinates":[[[[141.33733,38.76685],[141.33591,38.76589],[141.33282,38.76464],[141.33198,38.7633],[141.33193,38.76218],[141.33231,38.76178],[141.33423,38.76158],[141.33683,38.76042],[141.33865,38.75927],[141.34093,38.75865],[141.34151,38.75783],[141.34199,38.75728],[141.34395,38.75779],[141.34488,38.75847],[141.34351,38.76051],[141.34336,38.76222],[141.34265,38.76349],[141.341,38.76454],[141.33814,38.7655],[141.33733,38.76685]]],[[[141.34293,38.75735],[141.34202,38.7572],[141.34231,38.75696],[141.34293,38.75735]]]]},"properties":{"林班":"C074","市町村名称":"登米市","旧市町村":null}},
{"type":"Feature","geometry":{"type":"MultiPolygon","coordinates":[[[[141.33733,38.76685],[141.33814,38.7655],[141.341,38.76454],[141.34265,38.76349],[141.34336,38.76222],[141.34548,38.76277],[141.34872,38.76512],[141.35083,38.76563],[141.35064,38.76652],[141.34891,38.76774],[141.3474,38.7683],[141.34669,38.76892],[141.34631,38.76944],[141.34545,38.7696],[141.3437,38.76982],[141.34163,38.77138],[141.34091,38.7712],[141.34053,38.77172],[141.3399,38.77227],[141.3384,38.77197],[141.33826,38.77052],[141.33753,38.76972],[141.33782,38.76881],[141.33733,38.76685]]],[[[141.33968,38.77582],[141.33859,38.77497],[141.33831,38.7731],[141.34054,38.77291],[141.33942,38.77363],[141.33968,38.77582]]]]},"properties":{"林班":"C073","市町村名称":"登米市","旧市町村":null}},
{"type":"Feature","geometry":{"type":"MultiPolygon","coordinates":[[[[141.34053,38.77172],[141.34091,38.7712],[141.34163,38.77138],[141.3437,38.76982],[141.34545,38.7696],[141.34595,38.76958],[141.34627,38.77045],[141.3462,38.77066],[141.34618,38.77106],[141.34621,38.77115],[141.346,38.77124],[141.34547,38.77169],[141.34514,38.7718],[141.34473,38.77296],[141.34327,38.7735],[141.34237,38.77178],[141.34181,38.77156],[141.34096,38.7714],[141.34082,38.77148],[141.3408,38.77167],[141.34053,38.77172]]],[[[141.34106,38.77243],[141.34075,38.77218],[141.34089,38.77194],[141.34083,38.77148],[141.3418,38.77158],[141.34231,38.77192],[141.34262,38.77249],[141.34229,38.77418],[141.33968,38.77582],[141.33942,38.77363],[141.34054,38.77291],[141.34065,38.77277],[141.34106,38.77243]]],[[[141.35308,38.77629],[141.34878,38.77489],[141.34764,38.77365],[141.34656,38.7731],[141.34493,38.77289],[141.34517,38.77183],[141.3455,38.77172],[141.34604,38.77127],[141.3463,38.77115],[141.34621,38.77106],[141.3463,38.77045],[141.34598,38.76959],[141.34633,38.76946],[141.3467,38.76893],[141.34741,38.76831],[141.34891,38.76774],[141.35064,38.76652],[141.35097,38.76727],[141.35224,38.76845],[141.35396,38.76847],[141.35357,38.77154],[141.35406,38.77216],[141.35411,38.77501],[141.35308,38.77629]]]]},"properties":{"林班":"C072","市町村名称":"登米市","旧市町村":null}},
{"type":"Feature","geometry":{"type":"MultiPolygon","coordinates":[[[[141.35308,38.77629],[141.35411,38.77501],[141.35406,38.77216],[141.35357,38.77154],[141.35396,38.76847],[141.35518,38.76867],[141.35719,38.77064],[141.35834,38.77181],[141.359,38.77415],[141.3574,38.77564],[141.35632,38.77514],[141.35545,38.77604],[141.35308,38.77629]]],[[[141.36029,38.77647],[141.36104,38.77758],[141.36032,38.77858],[141.35885,38.77862],[141.35797,38.7777],[141.35795,38.77636],[141.35935,38.77456],[141.36053,38.7749],[141.36029,38.77647]]],[[[141.36372,38.77115],[141.36406,38.77196],[141.36278,38.77302],[141.36158,38.77164],[141.36233,38.77087],[141.36372,38.77115]]],[[[141.36162,38.77884],[141.3626,38.77833],[141.36317,38.77617],[141.36485,38.7751],[141.36391,38.77355],[141.36408,38.77288],[141.36472,38.77159],[141.36527,38.77151],[141.36587,38.77114],[141.367,38.77144],[141.36721,38.77169],[141.36704,38.77239],[141.36856,38.77324],[141.36681,38.7751],[141.36657,38.776],[141.36707,38.77667],[141.36556,38.77787],[141.3639,38.77822],[141.3641,38.77991],[141.36282,38.77991],[141.36162,38.77884]]]]},"properties":{"林班":"C071","市町村名称":"登米市","旧市町村":null}},
{"type":"Feature","geometry":{"type":"MultiPolygon","coordinates":[[[[141.34231,38.75696],[141.34215,38.75616],[141.34356,38.75505],[141.34413,38.75366],[141.34605,38.75201],[141.34627,38.75352],[141.34831,38.75454],[141.34819,38.75516],[141.35001,38.75564],[141.35112,38.75679],[141.35034,38.75702],[141.34937,38.75794],[141.34811,38.75988],[141.34561,38.7618],[141.3455,38.76273],[141.34345,38.76216],[141.34359,38.7605],[141.34495,38.75844],[141.34399,38.75773],[141.34293,38.75735],[141.34231,38.75696]]],[[[141.34811,38.75988],[141.3494,38.75795],[141.35046,38.75699],[141.35139,38.75683],[141.35447,38.75858],[141.35382,38.75937],[141.35455,38.76146],[141.3526,38.76145],[141.35021,38.761],[141.34811,38.75988]]]]},"properties":{"林班":"C078","市町村名称":"登米市","旧市町村":null}},
{"type":"Feature","geometry":{"type":"MultiPolygon","coordinates":[[[[141.33382,38.75034],[141.33442,38.75051],[141.334,38.75192],[141.3343,38.7527],[141.33396,38.75412],[141.33508,38.75422],[141.33561,38.75357],[141.33583,38.75265],[141.33651,38.75206],[141.33862,38.75317],[141.34019,38.75333],[141.34087,38.75287],[141.34059,38.75175],[141.34148,38.75115],[141.34311,38.75095],[141.34419,38.75144],[141.34566,38.7515],[141.34605,38.75201],[141.34413,38.75366],[141.34356,38.75505],[141.34215,38.75616],[141.34231,38.75696],[141.34202,38.7572],[141.34059,38.75712],[141.34039,38.75648],[141.3391,38.7561],[141.33696,38.7567],[141.336,38.75646],[141.33463,38.75584],[141.33298,38.75557],[141.33239,38.75429],[141.33292,38.75207],[141.33376,38.75133],[141.33382,38.75034]]],[[[141.3349,38.75082],[141.33612,38.7518],[141.33578,38.75263],[141.3356,38.75355],[141.33504,38.75418],[141.33398,38.75408],[141.33434,38.75268],[141.33406,38.75193],[141.3349,38.75082]]]]},"properties":{"林班":"C077","市町村名称":"登米市","旧市町村":null}},
{"type":"Feature","geometry":{"type":"MultiPolygon","coordinates":[[[[141.32768,38.75222],[141.32885,38.75236],[141.32968,38.75162],[141.3305,38.75198],[141.33149,38.75275],[141.33047,38.75344],[141.32719,38.75464],[141.32632,38.75315],[141.32768,38.75222]]],[[[141.32982,38.75783],[141.32892,38.7583],[141.32843,38.75696],[141.32753,38.75584],[141.3272,38.75469],[141.33047,38.75346],[141.33151,38.75275],[141.33207,38.75213],[141.3324,38.75144],[141.33382,38.75034],[141.33376,38.75133],[141.33292,38.75207],[141.33239,38.75429],[141.33298,38.75557],[141.33463,38.75584],[141.336,38.75646],[141.33333,38.75737],[141.32982,38.75783]]]]},"properties":{"林班":"C076","市町村名称":"登米市","旧市町村":null}},
{"type":"Feature","geometry":{"type":"Polygon","coordinates":[[[141.32982,38.75783],[141.33333,38.75737],[141.336,38.75646],[141.33696,38.7567],[141.3391,38.7561],[141.34034,38.75652],[141.34052,38.75715],[141.34151,38.75783],[141.34093,38.75865],[141.33865,38.75927],[141.33683,38.76042],[141.33423,38.76158],[141.33231,38.76178],[141.33193,38.76218],[141.33135,38.76013],[141.32939,38.75907],[141.32887,38.75833],[141.32982,38.75783]]]},"properties":{"林班":"C075","市町村名称":"登米市","旧市町村":null}},
{"type":"Feature","geometry":{"type":"MultiPolygon","coordinates":[[[[141.37351,38.77771],[141.37273,38.77962],[141.37303,38.78124],[141.37008,38.78062],[141.3692,38.78115],[141.36746,38.78153],[141.36497,38.78114],[141.36455,38.77983],[141.36741,38.77689],[141.3667,38.77569],[141.36781,38.77501],[141.36943,38.7733],[141.37098,38.77275],[141.37186,38.77292],[141.37216,38.77372],[141.37152,38.77373],[141.37104,38.77322],[141.3709,38.77322],[141.36979,38.77322],[141.36957,38.77397],[141.36887,38.77445],[141.37025,38.77585],[141.37137,38.77645],[141.37396,38.77712],[141.37351,38.77771]]],[[[141.37972,38.76925],[141.38056,38.76991],[141.37991,38.77053],[141.37805,38.77062],[141.37745,38.77122],[141.37461,38.77181],[141.37397,38.77121],[141.37648,38.76945],[141.37748,38.76925],[141.37861,38.76825],[141.37972,38.76925]]]]},"properties":{"林班":"C069","市町村名称":"登米市","旧市町村":null}},
{"type":"Feature","geometry":{"type":"MultiPolygon","coordinates":[[[[141.37622,38.77645],[141.37786,38.77682],[141.37795,38.77683],[141.37973,38.7765],[141.38054,38.77693],[141.3799,38.77785],[141.37666,38.77911],[141.3762,38.77969],[141.37439,38.77934],[141.37375,38.78112],[141.37278,38.77962],[141.37351,38.77771],[141.37396,38.77712],[141.37495,38.77638],[141.37562,38.77625],[141.37569,38.77627],[141.37622,38.77645]]],[[[141.37978,38.77797],[141.37968,38.77848],[141.37979,38.77882],[141.38049,38.7796],[141.38053,38.78071],[141.37779,38.78066],[141.37638,38.78032],[141.37668,38.77913],[141.37978,38.77797]]],[[[141.38407,38.77621],[141.3841,38.77722],[141.38467,38.7778],[141.38543,38.77804],[141.38569,38.77902],[141.38257,38.78025],[141.38082,38.78064],[141.38051,38.77953],[141.38025,38.77911],[141.3798,38.77881],[141.3797,38.77848],[141.38056,38.77694],[141.38019,38.77547],[141.38076,38.77415],[141.38211,38.77287],[141.38292,38.77562],[141.38407,38.77621]]]]},"properties":{"林班":"C068","市町村名称":"登米市","旧市町村":null}},
{"type":"Feature","geometry":{"type":"Polygon","coordinates":[[[141.3992,38.74645],[141.39917,38.74473],[141.39985,38.74333],[141.3996,38.74257],[141.40118,38.74205],[141.40176,38.74018],[141.40343,38.73806],[141.40326,38.73739],[141.40585,38.73614],[141.4084,38.73607],[141.40978,38.73637],[141.40945,38.73809],[141.40804,38.73888],[141.40812,38.73938],[141.40655,38.74016],[141.40626,38.7411],[141.40411,38.74309],[141.40349,38.74429],[141.40253,38.74402],[141.40136,38.74454],[141.40016,38.74588],[141.3992,38.74645]]]},"properties":{"林班":"C081","市町村名称":"登米市","旧市町村":null}},
{"type":"Feature","geometry":{"type":"MultiPolygon","coordinates":[[[[141.40101,38.74783],[141.40272,38.74678],[141.40422,38.74743],[141.40345,38.74873],[141.40398,38.75036],[141.40346,38.75106],[141.39877,38.75037],[141.39809,38.74899],[141.39908,38.74802],[141.40101,38.74783]]],[[[141.40349,38.74429],[141.40411,38.74309],[141.40626,38.7411],[141.40655,38.74016],[141.40812,38.73938],[141.40804,38.73888],[141.40945,38.73809],[141.40978,38.73637],[141.41155,38.73587],[141.41228,38.73628],[141.41297,38.73753],[141.414,38.7382],[141.41425,38.73963],[141.41255,38.7403],[141.41165,38.74156],[141.40707,38.74329],[141.40647,38.74377],[141.40448,38.74708],[141.40211,38.74651],[141.40392,38.74493],[141.40349,38.74429]]]]},"properties":{"林班":"C080","市町村名称":"登米市","旧市町村":null}},
{"type":"Feature","geometry":{"type":"Polygon","coordinates":[[[141.3863,38.74175],[141.3875,38.73961],[141.38763,38.73833],[141.38851,38.73784],[141.3886,38.73653],[141.38984,38.73574],[141.38781,38.73339],[141.3883,38.73255],[141.3899,38.73123],[141.39207,38.73115],[141.39465,38.73222],[141.39445,38.73242],[141.39429,38.73254],[141.39434,38.73451],[141.39399,38.736],[141.393,38.73743],[141.39277,38.7384],[141.39322,38.73986],[141.39142,38.74037],[141.39139,38.73815],[141.39095,38.73692],[141.39107,38.73468],[141.39166,38.73414],[141.39169,38.73409],[141.39173,38.73401],[141.39176,38.73395],[141.39184,38.73367],[141.39176,38.73395],[141.39173,38.73401],[141.39169,38.73409],[141.39166,38.73414],[141.39103,38.73453],[141.3909,38.7369],[141.39134,38.73815],[141.39132,38.74075],[141.3891,38.74349],[141.38653,38.74508],[141.38629,38.74411],[141.3863,38.74175]]]},"properties":{"林班":"C085","市町村名称":"登米市","旧市町村":null}},
{"type":"Feature","geometry":{"type":"Polygon","coordinates":[[[141.39043,38.74282],[141.39104,38.74124],[141.39354,38.73983],[141.39446,38.73856],[141.39665,38.73766],[141.39701,38.73714],[141.3973,38.73617],[141.39692,38.73726],[141.39632,38.73723],[141.39549,38.73796],[141.3943,38.73827],[141.39372,38.73915],[141.39281,38.7384],[141.39304,38.73738],[141.39402,38.73601],[141.39437,38.73452],[141.39429,38.73254],[141.39434,38.73253],[141.39457,38.73313],[141.39434,38.73253],[141.39445,38.73242],[141.39465,38.73222],[141.39615,38.73286],[141.39866,38.73339],[141.4004,38.73448],[141.39903,38.73507],[141.3968,38.73496],[141.39801,38.7359],[141.39772,38.73612],[141.39801,38.7359],[141.3968,38.73496],[141.39855,38.73561],[141.39848,38.73593],[141.39855,38.73561],[141.3994,38.73494],[141.40217,38.73457],[141.40585,38.73614],[141.40326,38.73739],[141.40094,38.73904],[141.39976,38.74032],[141.39566,38.7417],[141.39485,38.74513],[141.3941,38.74577],[141.39294,38.74558],[141.39089,38.74575],[141.38832,38.74729],[141.38711,38.74749],[141.38487,38.7467],[141.38797,38.74476],[141.3898,38.74336],[141.39043,38.74282]]]},"properties":{"林班":"C084","市町村名称":"登米市","旧市町村":null}},
{"type":"Feature","geometry":{"type":"Polygon","coordinates":[[[141.39125,38.7511],[141.38923,38.75146],[141.38741,38.7529],[141.38499,38.75288],[141.38409,38.75368],[141.38281,38.75347],[141.38165,38.75461],[141.38019,38.75471],[141.37871,38.75309],[141.37756,38.75281],[141.37891,38.75151],[141.37953,38.75139],[141.37999,38.75053],[141.38025,38.7509],[141.38064,38.7512],[141.38174,38.75277],[141.38284,38.75163],[141.38387,38.75163],[141.38391,38.75047],[141.38614,38.74899],[141.38631,38.74803],[141.38711,38.74749],[141.38832,38.74729],[141.39089,38.74575],[141.39294,38.74558],[141.3941,38.74577],[141.39502,38.74734],[141.39399,38.74865],[141.39412,38.74951],[141.39256,38.75],[141.39125,38.7511]]]},"properties":{"林班":"C083","市町村名称":"登米市","旧市町村":null}},
{"type":"Feature","geometry":{"type":"Polygon","coordinates":[[[141.3941,38.74577],[141.39485,38.74513],[141.39566,38.7417],[141.39976,38.74032],[141.40094,38.73904],[141.40326,38.73739],[141.40343,38.73806],[141.40176,38.74018],[141.40118,38.74205],[141.3996,38.74257],[141.39985,38.74333],[141.39917,38.74473],[141.3992,38.74645],[141.3991,38.74699],[141.39635,38.74984],[141.39522,38.75035],[141.39125,38.7511],[141.39256,38.75],[141.39412,38.74951],[141.39399,38.74865],[141.39502,38.74734],[141.3941,38.74577]]]},"properties":{"林班":"C082","市町村名称":"登米市","旧市町村":null}},
{"type":"Feature","geometry":{"type":"Polygon","coordinates":[[[141.36968,38.74074],[141.37269,38.73884],[141.37375,38.73943],[141.37626,38.74215],[141.37635,38.74388],[141.37688,38.747],[141.37569,38.74958],[141.37463,38.74894],[141.37398,38.74897],[141.37337,38.74935],[141.37248,38.74955],[141.37207,38.7497],[141.3719,38.74943],[141.37151,38.74963],[141.37087,38.74975],[141.3711,38.74894],[141.37105,38.7477],[141.37166,38.74742],[141.37126,38.74485],[141.37197,38.7442],[141.37108,38.7421],[141.36968,38.74074]]]},"properties":{"林班":"C089","市町村名称":"登米市","旧市町村":null}},
{"type":"Feature","geometry":{"type":"MultiPolygon","coordinates":[[[[141.37436,38.73227],[141.37496,38.73181],[141.37636,38.73271],[141.37471,38.73344],[141.37436,38.73227]]],[[[141.37291,38.73419],[141.37351,38.73362],[141.37544,38.73412],[141.37666,38.73561],[141.37697,38.73717],[141.3755,38.7396],[141.37369,38.73907],[141.37293,38.73722],[141.37291,38.73419]]],[[[141.37595,38.73108],[141.37713,38.73035],[141.3787,38.72887],[141.38035,38.72892],[141.37945,38.73056],[141.38098,38.73144],[141.37881,38.73272],[141.37684,38.7326],[141.3758,38.73182],[141.37595,38.73108]]],[[[141.37984,38.73633],[141.3811,38.73734],[141.38006,38.7377],[141.37984,38.73633]]]]},"properties":{"林班":"C088","市町村名称":"登米市","旧市町村":null}},
{"type":"Feature","geometry":{"type":"Polygon","coordinates":[[[141.37528,38.75215],[141.3753,38.75164],[141.37716,38.75049],[141.37666,38.74873],[141.37772,38.74673],[141.37764,38.74569],[141.37868,38.74519],[141.3797,38.74377],[141.38039,38.74344],[141.38027,38.74223],[141.38121,38.74096],[141.38351,38.74025],[141.38372,38.73957],[141.38525,38.73887],[141.38538,38.73825],[141.38365,38.73774],[141.3851,38.73682],[141.38449,38.73518],[141.38644,38.73357],[141.38781,38.73339],[141.38984,38.73574],[141.3886,38.73653],[141.38851,38.73784],[141.38763,38.73833],[141.3875,38.73961],[141.3863,38.74175],[141.38431,38.74187],[141.38372,38.7431],[141.38296,38.74335],[141.38259,38.74449],[141.38109,38.74495],[141.37996,38.74611],[141.3794,38.74745],[141.37859,38.74747],[141.37789,38.74976],[141.37809,38.7507],[141.37694,38.75155],[141.3769,38.7516],[141.37528,38.75215]]]},"properties":{"林班":"C087","市町村名称":"登米市","旧市町村":null}},
{"type":"Feature","geometry":{"type":"MultiPolygon","coordinates":[[[[141.37694,38.75155],[141.37809,38.7507],[141.37789,38.74976],[141.37859,38.74747],[141.3794,38.74745],[141.37996,38.74611],[141.38109,38.74495],[141.38259,38.74449],[141.38296,38.74335],[141.38372,38.7431],[141.38431,38.74187],[141.3863,38.74175],[141.38629,38.74411],[141.38653,38.74508],[141.38471,38.74625],[141.38351,38.74805],[141.38117,38.74871],[141.37993,38.75002],[141.37944,38.75124],[141.37877,38.75136],[141.37716,38.75282],[141.37528,38.75215],[141.3769,38.7516],[141.37694,38.75155]]],[[[141.37999,38.75053],[141.38151,38.7489],[141.38335,38.74875],[141.38487,38.7467],[141.38711,38.74749],[141.38631,38.74803],[141.38614,38.74899],[141.38391,38.75047],[141.38387,38.75163],[141.38284,38.75163],[141.38174,38.75277],[141.38064,38.7512],[141.38025,38.7509],[141.37999,38.75053]]]]},"properties":{"林班":"C086","市町村名称":"登米市","旧市町村":null}},
{"type":"Feature","geometry":{"type":"MultiPolygon","coordinates":[[[[141.35608,38.75735],[141.35846,38.75695],[141.35903,38.7573],[141.35844,38.75839],[141.35608,38.75735]]],[[[141.35447,38.75858],[141.3554,38.75788],[141.35625,38.75874],[141.35699,38.75804],[141.35878,38.75906],[141.36116,38.7599],[141.36293,38.75922],[141.36362,38.75855],[141.366,38.75747],[141.36692,38.75802],[141.36637,38.75937],[141.36566,38.75927],[141.36476,38.76013],[141.36335,38.7607],[141.36163,38.76074],[141.35745,38.76187],[141.35455,38.76146],[141.35382,38.75937],[141.35447,38.75858]]],[[[141.36696,38.75801],[141.36766,38.75823],[141.3677,38.7595],[141.36659,38.75933],[141.36696,38.75801]]],[[[141.36841,38.75898],[141.3706,38.75827],[141.37195,38.75906],[141.3709,38.75978],[141.36814,38.75961],[141.36841,38.75898]]],[[[141.37227,38.75603],[141.37328,38.75563],[141.37367,38.75661],[141.37344,38.75782],[141.37197,38.75904],[141.37063,38.75826],[141.37135,38.75757],[141.37114,38.75661],[141.37227,38.75603]]]]},"properties":{"林班":"C079","市町村名称":"登米市","旧市町村":null}},
{"type":"Feature","geometry":{"type":"Polygon","coordinates":[[[141.36222,38.73978],[141.36651,38.73923],[141.36729,38.74066],[141.36813,38.7411],[141.36968,38.74074],[141.37108,38.7421],[141.37197,38.7442],[141.37126,38.74485],[141.37166,38.74742],[141.37105,38.7477],[141.3711,38.74894],[141.37087,38.74975],[141.36954,38.75004],[141.369,38.7504],[141.36808,38.75005],[141.36811,38.75047],[141.36761,38.7505],[141.36694,38.75009],[141.36677,38.74968],[141.36516,38.74872],[141.36396,38.74925],[141.36223,38.74911],[141.35979,38.74922],[141.35934,38.74854],[141.36016,38.74782],[141.36112,38.74524],[141.36372,38.74189],[141.36222,38.73978]]]},"properties":{"林班":"C092","市町村名称":"登米市","旧市町村":null}},
{"type":"Feature","geometry":{"type":"MultiPolygon","coordinates":[[[[141.34847,38.752],[141.34954,38.75251],[141.35171,38.75258],[141.35281,38.75303],[141.3558,38.75142],[141.35596,38.75077],[141.35737,38.75073],[141.35813,38.75],[141.3593,38.75035],[141.36103,38.75018],[141.36187,38.75194],[141.36386,38.7525],[141.3655,38.75347],[141.36603,38.75365],[141.36682,38.75435],[141.36695,38.7548],[141.36624,38.75486],[141.36619,38.75537],[141.36521,38.75615],[141.36281,38.75666],[141.36208,38.75723],[141.36188,38.75829],[141.36109,38.7588],[141.3603,38.75819],[141.36005,38.75675],[141.35818,38.75663],[141.35761,38.75606],[141.35612,38.75576],[141.35432,38.75625],[141.35357,38.75541],[141.35383,38.75463],[141.35298,38.75404],[141.35209,38.75424],[141.34831,38.75313],[141.34847,38.752]]],[[[141.36495,38.75312],[141.36386,38.75248],[141.36189,38.75192],[141.36158,38.74974],[141.36312,38.74969],[141.36404,38.75079],[141.36412,38.75228],[141.36495,38.75312]]]]},"properties":{"林班":"C091","市町村名称":"登米市","旧市町村":null}},
{"type":"Feature","geometry":{"type":"MultiPolygon","coordinates":[[[[141.36404,38.75079],[141.36314,38.74968],[141.36544,38.74917],[141.36671,38.74969],[141.36688,38.75012],[141.36756,38.75053],[141.36806,38.75064],[141.36895,38.75043],[141.36988,38.74998],[141.3704,38.74997],[141.37138,38.7497],[141.37189,38.74948],[141.37205,38.74973],[141.37276,38.74952],[141.37335,38.74956],[141.37372,38.7495],[141.37438,38.74986],[141.3749,38.74993],[141.37519,38.75084],[141.37458,38.75254],[141.37338,38.75358],[141.37319,38.75437],[141.37216,38.75563],[141.37111,38.755],[141.37001,38.75543],[141.3699,38.757],[141.36793,38.7568],[141.3679,38.75498],[141.36721,38.75484],[141.36686,38.75433],[141.36606,38.75362],[141.36495,38.75312],[141.36412,38.75228],[141.36404,38.75079]]],[[[141.37248,38.74955],[141.37337,38.74935],[141.37398,38.74897],[141.37463,38.74894],[141.37569,38.74958],[141.37589,38.75025],[141.37389,38.7495],[141.37372,38.74947],[141.37344,38.74952],[141.37275,38.7495],[141.37248,38.74955]]]]},"properties":{"林班":"C090","市町村名称":"登米市","旧市町村":null}},
{"type":"Feature","geometry":{"type":"Polygon","coordinates":[[[141.34888,38.7413],[141.35032,38.74035],[141.3515,38.74015],[141.35241,38.73977],[141.35342,38.73861],[141.3547,38.7387],[141.35633,38.73828],[141.35746,38.7391],[141.3601,38.73921],[141.36217,38.73978],[141.36148,38.741],[141.36148,38.74108],[141.36151,38.74214],[141.36139,38.74229],[141.36055,38.74417],[141.35877,38.74574],[141.35788,38.74599],[141.35536,38.74819],[141.35523,38.74769],[141.35552,38.74721],[141.35647,38.7465],[141.357,38.74589],[141.35901,38.74492],[141.35956,38.74419],[141.35898,38.7449],[141.35698,38.74587],[141.3559,38.74671],[141.35547,38.7472],[141.35516,38.74784],[141.35465,38.74839],[141.35452,38.74774],[141.35339,38.74661],[141.35365,38.74558],[141.35562,38.74472],[141.35621,38.74379],[141.35917,38.74199],[141.35617,38.74376],[141.35558,38.74468],[141.35363,38.74554],[141.35257,38.74652],[141.35178,38.74676],[141.35155,38.74657],[141.35211,38.74589],[141.35339,38.74492],[141.35373,38.74281],[141.35309,38.74197],[141.35145,38.74203],[141.34993,38.74271],[141.34942,38.7432],[141.34912,38.74364],[141.34911,38.74374],[141.34811,38.74226],[141.34759,38.74221],[141.34807,38.74184],[141.34888,38.7413]]]},"properties":{"林班":"C096","市町村名称":"登米市","旧市町村":null}},
{"type":"Feature","geometry":{"type":"MultiPolygon","coordinates":[[[[141.33627,38.74098],[141.33612,38.7421],[141.33482,38.74237],[141.33295,38.74364],[141.33147,38.74384],[141.33194,38.74319],[141.33209,38.74308],[141.33222,38.74276],[141.33253,38.74249],[141.33278,38.74209],[141.33316,38.74196],[141.33381,38.74101],[141.33418,38.74033],[141.33433,38.73923],[141.33457,38.73887],[141.33477,38.73774],[141.33529,38.73739],[141.33751,38.7378],[141.33596,38.73974],[141.33627,38.74098]]],[[[141.34207,38.73957],[141.34207,38.74065],[141.34099,38.74122],[141.33867,38.74209],[141.3382,38.74296],[141.33832,38.74332],[141.33825,38.7436],[141.33809,38.74381],[141.33738,38.74433],[141.33694,38.74462],[141.33662,38.74489],[141.33631,38.74503],[141.33614,38.74521],[141.33535,38.74569],[141.33333,38.74516],[141.33309,38.74414],[141.33444,38.74277],[141.33575,38.74247],[141.33623,38.74218],[141.33634,38.74167],[141.33889,38.74178],[141.34017,38.74102],[141.34151,38.74068],[141.34207,38.73957]]],[[[141.33288,38.74777],[141.33155,38.74889],[141.33094,38.74796],[141.33288,38.74777]]],[[[141.34317,38.74039],[141.34148,38.74166],[141.34123,38.74287],[141.33867,38.74479],[141.33793,38.74397],[141.33812,38.74381],[141.33827,38.74362],[141.33834,38.74341],[141.3383,38.7431],[141.33822,38.74297],[141.33868,38.74211],[141.341,38.74124],[141.34209,38.74066],[141.34243,38.74016],[141.34317,38.74039]]],[[[141.33887,38.74727],[141.33793,38.7471],[141.3368,38.74596],[141.33848,38.74564],[141.3389,38.74725],[141.33887,38.74727]]],[[[141.34356,38.74023],[141.34465,38.74061],[141.34458,38.74068],[141.34446,38.74069],[141.34426,38.74083],[141.34406,38.741],[141.34389,38.74103],[141.34338,38.74135],[141.34199,38.74201],[141.34154,38.74168],[141.34338,38.74034],[141.34356,38.74023]]],[[[141.34378,38.74279],[141.34316,38.74314],[141.34178,38.74461],[141.34094,38.74482],[141.34024,38.74378],[141.34124,38.74296],[141.34675,38.74111],[141.3475,38.74198],[141.34627,38.74238],[141.34423,38.74252],[141.34378,38.74279]]],[[[141.34467,38.74063],[141.3448,38.74175],[141.34202,38.74203],[141.34407,38.74103],[141.34467,38.74063]]]]},"properties":{"林班":"C095","市町村名称":"登米市","旧市町村":null}},
{"type":"Feature","geometry":{"type":"MultiPolygon","coordinates":[[[[141.34269,38.74365],[141.3432,38.74317],[141.34432,38.74258],[141.34505,38.74258],[141.34491,38.74305],[141.34634,38.74258],[141.34763,38.74262],[141.3477,38.7434],[141.34654,38.74516],[141.34684,38.74574],[141.34612,38.74715],[141.34444,38.74734],[141.34425,38.74815],[141.34294,38.74839],[141.34206,38.74753],[141.34206,38.74645],[141.33965,38.74678],[141.34032,38.74524],[141.34189,38.74465],[141.34269,38.74365]]],[[[141.33901,38.74775],[141.3392,38.74835],[141.33835,38.74983],[141.33754,38.74907],[141.33901,38.74775]]],[[[141.34378,38.74279],[141.34423,38.74252],[141.34627,38.74238],[141.3475,38.74198],[141.34755,38.74215],[141.34506,38.74296],[141.34531,38.7427],[141.34494,38.74249],[141.3443,38.74255],[141.34378,38.74279]]],[[[141.34911,38.74374],[141.34889,38.74526],[141.34844,38.74557],[141.34916,38.74771],[141.34834,38.74871],[141.34628,38.749],[141.34541,38.74855],[141.34494,38.74733],[141.34612,38.74718],[141.34687,38.74576],[141.34656,38.74516],[141.34772,38.7434],[141.34759,38.74221],[141.34811,38.74226],[141.34911,38.74374]]],[[[141.35309,38.74197],[141.35369,38.7428],[141.35332,38.74494],[141.35121,38.7465],[141.34919,38.74767],[141.34847,38.74559],[141.34893,38.74526],[141.34912,38.74442],[141.34909,38.7441],[141.34915,38.74366],[141.34993,38.74271],[141.35145,38.74203],[141.35309,38.74197]]]]},"properties":{"林班":"C094","市町村名称":"登米市","旧市町村":null}},
{"type":"Feature","geometry":{"type":"MultiPolygon","coordinates":[[[[141.35257,38.74652],[141.35332,38.74664],[141.35283,38.74836],[141.35083,38.74716],[141.35178,38.74676],[141.35257,38.74652]]],[[[141.35465,38.74839],[141.35413,38.74929],[141.35436,38.75009],[141.3538,38.75172],[141.35266,38.75281],[141.35181,38.75236],[141.34954,38.75219],[141.34924,38.75089],[141.34811,38.74998],[141.34875,38.7488],[141.3506,38.74781],[141.35286,38.74839],[141.35339,38.74661],[141.35452,38.74774],[141.35465,38.74839]]],[[[141.35536,38.74819],[141.35788,38.74599],[141.35877,38.74574],[141.36055,38.74417],[141.36139,38.74229],[141.36151,38.74214],[141.36148,38.74108],[141.36148,38.741],[141.36217,38.73978],[141.36222,38.73978],[141.36372,38.74189],[141.36112,38.74524],[141.36016,38.74782],[141.35934,38.74854],[141.35923,38.74853],[141.35841,38.74963],[141.35689,38.74999],[141.35505,38.7508],[141.35596,38.74911],[141.35536,38.74819]]]]},"properties":{"林班":"C093","市町村名称":"登米市","旧市町村":null}},
{"type":"Feature","geometry":{"type":"MultiPolygon","coordinates":[[[[141.32626,38.73836],[141.32615,38.73851],[141.32612,38.73868],[141.32608,38.73908],[141.3261,38.74009],[141.32567,38.74025],[141.32596,38.74072],[141.32634,38.74108],[141.3255,38.74201],[141.32323,38.74143],[141.32216,38.74039],[141.32338,38.74013],[141.32482,38.73886],[141.32626,38.73836]]],[[[141.33221,38.73762],[141.32938,38.73861],[141.32913,38.74018],[141.32724,38.74137],[141.32659,38.74092],[141.32596,38.74069],[141.32627,38.73962],[141.32611,38.73908],[141.32617,38.73851],[141.32646,38.73803],[141.32812,38.73692],[141.32969,38.73641],[141.32953,38.735],[141.33179,38.73405],[141.33286,38.73411],[141.33289,38.73469],[141.33175,38.73599],[141.33221,38.73762]]],[[[141.32727,38.74883],[141.3277,38.74806],[141.32924,38.74807],[141.32845,38.7491],[141.32727,38.74883]]],[[[141.33323,38.73742],[141.33456,38.73804],[141.33453,38.73886],[141.33428,38.73921],[141.33416,38.73957],[141.33412,38.74031],[141.33371,38.74087],[141.33372,38.74112],[141.333,38.74198],[141.33268,38.74211],[141.33251,38.74248],[141.3322,38.74274],[141.33207,38.74307],[141.33192,38.74318],[141.33163,38.74355],[141.33066,38.74526],[141.32911,38.7452],[141.33018,38.74369],[141.32852,38.74326],[141.32821,38.74178],[141.32919,38.74088],[141.32934,38.73901],[141.33003,38.73847],[141.33323,38.73742]]]]},"properties":{"林班":"C099","市町村名称":"登米市","旧市町村":null}},
{"type":"Feature","geometry":{"type":"MultiPolygon","coordinates":[[[[141.32353,38.73437],[141.32373,38.73281],[141.32353,38.73253],[141.32344,38.7321],[141.32359,38.7316],[141.32403,38.73078],[141.32623,38.72889],[141.32634,38.72886],[141.32677,38.72905],[141.32707,38.72924],[141.32736,38.72923],[141.32837,38.72942],[141.3288,38.72956],[141.3293,38.72959],[141.32974,38.72976],[141.33024,38.72953],[141.33125,38.72939],[141.33102,38.7299],[141.33066,38.73024],[141.33041,38.73104],[141.32918,38.73205],[141.32716,38.73277],[141.32609,38.73462],[141.32569,38.73487],[141.32353,38.73437]]],[[[141.33218,38.7301],[141.3328,38.7305],[141.33335,38.73071],[141.33361,38.73071],[141.33406,38.73052],[141.33479,38.73069],[141.33538,38.73071],[141.33626,38.73117],[141.33676,38.73094],[141.33837,38.73144],[141.34012,38.7324],[141.34127,38.73243],[141.34298,38.73328],[141.34389,38.73422],[141.34527,38.73477],[141.3443,38.73504],[141.34244,38.73487],[141.34132,38.73444],[141.3395,38.73427],[141.33884,38.73434],[141.33753,38.73485],[141.33586,38.73613],[141.33221,38.73762],[141.33175,38.73599],[141.33289,38.73469],[141.33286,38.73411],[141.33178,38.73403],[141.32949,38.735],[141.32771,38.73524],[141.32692,38.73472],[141.32778,38.73451],[141.33066,38.73356],[141.33254,38.73145],[141.33218,38.7301]]]]},"properties":{"林班":"C098","市町村名称":"登米市","旧市町村":null}},
{"type":"Feature","geometry":{"type":"Polygon","coordinates":[[[141.3443,38.73504],[141.34527,38.73477],[141.34635,38.73521],[141.3475,38.73704],[141.34854,38.73758],[141.35191,38.73807],[141.35339,38.7386],[141.35237,38.73976],[141.35148,38.74013],[141.3503,38.74033],[141.34985,38.74051],[141.34755,38.74215],[141.3475,38.74198],[141.34675,38.74111],[141.3448,38.74175],[141.34467,38.74063],[141.34491,38.74057],[141.34523,38.74033],[141.34557,38.74003],[141.34554,38.74002],[141.34519,38.74032],[141.34489,38.74054],[141.34465,38.74061],[141.34422,38.74032],[141.34356,38.74023],[141.34338,38.74034],[141.34317,38.74039],[141.34243,38.74016],[141.34207,38.73957],[141.34151,38.74068],[141.34017,38.74102],[141.33889,38.74178],[141.33634,38.74167],[141.33627,38.74098],[141.33596,38.73974],[141.33751,38.7378],[141.33754,38.73774],[141.33751,38.73705],[141.33466,38.73743],[141.33323,38.73742],[141.33586,38.73617],[141.33718,38.73522],[141.33885,38.73436],[141.3395,38.73429],[141.34043,38.73463],[141.34131,38.73446],[141.34243,38.73488],[141.3443,38.73504]]]},"properties":{"林班":"C097","市町村名称":"登米市","旧市町村":null}},
{"type":"Feature","geometry":{"type":"MultiPolygon","coordinates":[[[[141.48338,38.46039],[141.4844,38.45836],[141.48545,38.45809],[141.48625,38.45807],[141.4872,38.45899],[141.48738,38.45996],[141.48436,38.46075],[141.48338,38.46039]]],[[[141.47983,38.46256],[141.48033,38.46204],[141.48183,38.46229],[141.4823,38.46142],[141.48345,38.46088],[141.48469,38.461],[141.48669,38.46054],[141.48757,38.45991],[141.48807,38.4608],[141.4854,38.46088],[141.48428,38.46172],[141.48271,38.46239],[141.48007,38.46286],[141.47983,38.46256]]]]},"properties":{"林班":"A106","市町村名称":"女川町","旧市町村":null}},
{"type":"Feature","geometry":{"type":"MultiPolygon","coordinates":[[[[141.4838,38.45264],[141.48557,38.45293],[141.48476,38.45349],[141.48319,38.4533],[141.48132,38.45356],[141.47932,38.45286],[141.47903,38.45232],[141.47904,38.4523],[141.47976,38.45266],[141.48248,38.4529],[141.4838,38.45264]]],[[[141.48525,38.45365],[141.48633,38.45485],[141.48647,38.45611],[141.48625,38.45807],[141.48545,38.45809],[141.48499,38.45689],[141.48125,38.45406],[141.47991,38.45337],[141.47874,38.4527],[141.47902,38.45234],[141.47931,38.45288],[141.48132,38.45357],[141.4832,38.45332],[141.48525,38.45365]]]]},"properties":{"林班":"A105","市町村名称":"女川町","旧市町村":null}},
{"type":"Feature","geometry":{"type":"Polygon","coordinates":[[[141.47474,38.45239],[141.4757,38.45217],[141.47821,38.4526],[141.47991,38.45337],[141.48125,38.45406],[141.48037,38.45458],[141.48085,38.45613],[141.48046,38.45847],[141.47919,38.45831],[141.47916,38.45829],[141.47729,38.45689],[141.47677,38.45553],[141.47647,38.45522],[141.47587,38.45518],[141.47486,38.45469],[141.47483,38.45421],[141.47431,38.45407],[141.47419,38.45313],[141.47474,38.45239]]]},"properties":{"林班":"A108","市町村名称":"女川町","旧市町村":null}},
{"type":"Feature","geometry":{"type":"Polygon","coordinates":[[[141.48046,38.45847],[141.48085,38.45613],[141.48037,38.45458],[141.48125,38.45406],[141.48499,38.45689],[141.48545,38.45809],[141.4844,38.45836],[141.48338,38.46039],[141.48131,38.46215],[141.47986,38.46174],[141.47919,38.46078],[141.48047,38.45948],[141.48046,38.45847]]]},"properties":{"林班":"A107","市町村名称":"女川町","旧市町村":null}},
{"type":"Feature","geometry":{"type":"MultiPolygon","coordinates":[[[[141.47916,38.45829],[141.47851,38.4593],[141.47807,38.46118],[141.4783,38.46171],[141.47789,38.46281],[141.47665,38.46247],[141.47544,38.46322],[141.47491,38.46275],[141.47591,38.4615],[141.47647,38.45967],[141.47656,38.45826],[141.47729,38.45689],[141.47916,38.45829]]],[[[141.47919,38.45831],[141.48046,38.45847],[141.48047,38.45948],[141.47919,38.46078],[141.47986,38.46174],[141.47855,38.46227],[141.47811,38.46119],[141.47855,38.45931],[141.47919,38.45831]]]]},"properties":{"林班":"A109","市町村名称":"女川町","旧市町村":null}},
{"type":"Feature","geometry":{"type":"MultiPolygon","coordinates":[[[[141.48755,38.44765],[141.48775,38.44845],[141.48937,38.44895],[141.48969,38.45036],[141.48893,38.45115],[141.48913,38.45256],[141.4879,38.45242],[141.48696,38.45127],[141.48594,38.4493],[141.48519,38.44862],[141.48755,38.44765]]],[[[141.49472,38.4525],[141.49381,38.45239],[141.49144,38.45078],[141.49145,38.44954],[141.49063,38.44797],[141.48997,38.44768],[141.49076,38.44732],[141.49237,38.44749],[141.49295,38.44863],[141.49302,38.45011],[141.49484,38.4513],[141.49472,38.4525]]]]},"properties":{"林班":"A100","市町村名称":"女川町","旧市町村":null}},
{"type":"Feature","geometry":{"type":"MultiPolygon","coordinates":[[[[141.48525,38.45365],[141.48728,38.45398],[141.48633,38.45485],[141.48525,38.45365]]],[[[141.48872,38.45632],[141.4898,38.45596],[141.48973,38.45505],[141.49094,38.45469],[141.49357,38.45512],[141.49379,38.45674],[141.49309,38.45724],[141.49247,38.45853],[141.4908,38.45913],[141.48922,38.45794],[141.48872,38.45632]]]]},"properties":{"林班":"A102","市町村名称":"女川町","旧市町村":null}},
{"type":"Feature","geometry":{"type":"Polygon","coordinates":[[[141.48238,38.4484],[141.48519,38.44862],[141.48594,38.4493],[141.48696,38.45127],[141.4879,38.45242],[141.48876,38.45396],[141.48665,38.45292],[141.4838,38.45264],[141.48248,38.4529],[141.47976,38.45266],[141.47904,38.4523],[141.47992,38.45083],[141.4817,38.44963],[141.48238,38.4484]]]},"properties":{"林班":"A101","市町村名称":"女川町","旧市町村":null}},
{"type":"Feature","geometry":{"type":"Polygon","coordinates":[[[141.48732,38.45536],[141.48764,38.45572],[141.48872,38.45632],[141.48922,38.45794],[141.4908,38.45913],[141.49111,38.46043],[141.4905,38.46217],[141.48807,38.4608],[141.48757,38.45991],[141.48681,38.45789],[141.48684,38.45612],[141.48732,38.45536]]]},"properties":{"林班":"A104","市町村名称":"女川町","旧市町村":null}},
{"type":"Feature","geometry":{"type":"Polygon","coordinates":[[[141.49247,38.45853],[141.49339,38.45724],[141.49481,38.45664],[141.49874,38.45736],[141.50022,38.45785],[141.50074,38.45976],[141.49971,38.46123],[141.49882,38.46114],[141.49756,38.46008],[141.49523,38.46057],[141.4933,38.45972],[141.49296,38.4614],[141.49212,38.46252],[141.4905,38.46217],[141.49111,38.46043],[141.4908,38.45913],[141.49247,38.45853]]]},"properties":{"林班":"A103","市町村名称":"女川町","旧市町村":null}},
{"type":"Feature","geometry":{"type":"Polygon","coordinates":[[[141.46095,38.46889],[141.46169,38.46866],[141.46359,38.46749],[141.46661,38.46639],[141.46774,38.46546],[141.47133,38.4647],[141.4727,38.46486],[141.47317,38.46554],[141.47242,38.46668],[141.47357,38.46687],[141.4731,38.468],[141.47233,38.46844],[141.47122,38.46699],[141.46903,38.4667],[141.4676,38.46699],[141.46697,38.46893],[141.46477,38.46919],[141.46178,38.47004],[141.46095,38.46889]]]},"properties":{"林班":"A117","市町村名称":"女川町","旧市町村":null}},
{"type":"Feature","geometry":{"type":"MultiPolygon","coordinates":[[[[141.46176,38.46605],[141.46281,38.46543],[141.46381,38.46563],[141.46497,38.46528],[141.4653,38.4655],[141.46569,38.46538],[141.46605,38.46542],[141.46669,38.46535],[141.46614,38.46651],[141.46307,38.46726],[141.46189,38.4671],[141.46196,38.46642],[141.46176,38.46605]]],[[[141.4577,38.46802],[141.45882,38.46744],[141.46125,38.46729],[141.46282,38.46776],[141.46167,38.46863],[141.45872,38.46947],[141.4589,38.46865],[141.4577,38.46802]]]]},"properties":{"林班":"A116","市町村名称":"女川町","旧市町村":null}},
{"type":"Feature","geometry":{"type":"Polygon","coordinates":[[[141.45454,38.47102],[141.45653,38.47243],[141.45742,38.47251],[141.45835,38.47288],[141.4593,38.47355],[141.45977,38.47417],[141.46292,38.47431],[141.46628,38.47494],[141.46418,38.47564],[141.46305,38.47542],[141.46153,38.4763],[141.45936,38.47675],[141.45935,38.47677],[141.45933,38.4768],[141.45696,38.47738],[141.45611,38.47715],[141.45355,38.47722],[141.4512,38.47789],[141.45086,38.47858],[141.45027,38.47774],[141.45051,38.47699],[141.45207,38.47548],[141.45216,38.47419],[141.45341,38.47295],[141.45454,38.47102]]]},"properties":{"林班":"A119","市町村名称":"女川町","旧市町村":null}},
{"type":"Feature","geometry":{"type":"MultiPolygon","coordinates":[[[[141.46178,38.47004],[141.46477,38.46919],[141.46697,38.46893],[141.4676,38.46699],[141.46903,38.4667],[141.47122,38.46699],[141.47233,38.46844],[141.46702,38.47254],[141.46739,38.47383],[141.46653,38.47477],[141.46635,38.47457],[141.46603,38.47448],[141.46514,38.47448],[141.46089,38.47408],[141.46058,38.47236],[141.46178,38.47004]]],[[[141.46292,38.47431],[141.46632,38.4746],[141.46628,38.47494],[141.46292,38.47431]]]]},"properties":{"林班":"A118","市町村名称":"女川町","旧市町村":null}},
{"type":"Feature","geometry":{"type":"MultiPolygon","coordinates":[[[[141.46764,38.45455],[141.46982,38.45418],[141.47132,38.4533],[141.47244,38.45345],[141.47417,38.45315],[141.47429,38.45409],[141.47482,38.45424],[141.47482,38.45469],[141.47522,38.45493],[141.47463,38.45556],[141.47409,38.45723],[141.47314,38.45678],[141.4717,38.45688],[141.4715,38.4579],[141.47037,38.45876],[141.46863,38.45938],[141.46778,38.45828],[141.46688,38.45845],[141.46581,38.45825],[141.46466,38.45834],[141.46413,38.45806],[141.46404,38.45758],[141.46519,38.45746],[141.46476,38.45689],[141.46537,38.45592],[141.46701,38.45539],[141.46764,38.45455]]],[[[141.46176,38.45804],[141.46254,38.45714],[141.46398,38.45675],[141.46521,38.45576],[141.46413,38.45738],[141.46385,38.45758],[141.464,38.45813],[141.46458,38.45842],[141.46444,38.45939],[141.46426,38.45937],[141.46364,38.45895],[141.4613,38.46023],[141.46017,38.45843],[141.46176,38.45804]]],[[[141.46604,38.45834],[141.4668,38.45854],[141.46672,38.45876],[141.46657,38.45859],[141.46604,38.45834]]]]},"properties":{"林班":"A111","市町村名称":"女川町","旧市町村":null}},
{"type":"Feature","geometry":{"type":"Polygon","coordinates":[[[141.46863,38.45938],[141.47037,38.45876],[141.4715,38.4579],[141.4717,38.45688],[141.47314,38.45678],[141.47409,38.45723],[141.47463,38.45556],[141.47522,38.45493],[141.47588,38.45522],[141.47657,38.45535],[141.47678,38.45653],[141.47721,38.45688],[141.47652,38.45825],[141.47643,38.45966],[141.4759,38.46147],[141.47406,38.46339],[141.47316,38.46331],[141.47103,38.46176],[141.47081,38.46119],[141.4704,38.46072],[141.46934,38.46041],[141.46863,38.45938]]]},"properties":{"林班":"A110","市町村名称":"女川町","旧市町村":null}},
{"type":"Feature","geometry":{"type":"Polygon","coordinates":[[[141.4613,38.46023],[141.46364,38.45895],[141.46426,38.45937],[141.4642,38.46051],[141.46445,38.46068],[141.46442,38.46071],[141.46471,38.46166],[141.46561,38.46191],[141.46916,38.46327],[141.47063,38.46443],[141.46988,38.46492],[141.46726,38.46504],[141.46666,38.46532],[141.46584,38.46538],[141.46568,38.46534],[141.4653,38.46547],[141.46497,38.46524],[141.4646,38.46527],[141.46336,38.46553],[141.46218,38.46511],[141.46199,38.46422],[141.46137,38.46346],[141.45987,38.4629],[141.45917,38.46189],[141.45887,38.46062],[141.45962,38.46016],[141.4613,38.46023]]]},"properties":{"林班":"A113","市町村名称":"女川町","旧市町村":null}},
{"type":"Feature","geometry":{"type":"MultiPolygon","coordinates":[[[[141.46604,38.45834],[141.46657,38.45859],[141.46734,38.45975],[141.46732,38.46054],[141.46586,38.45996],[141.46538,38.45997],[141.46444,38.45939],[141.46458,38.45842],[141.46604,38.45834]]],[[[141.46426,38.45937],[141.46537,38.45999],[141.46671,38.46051],[141.46735,38.46058],[141.46833,38.46032],[141.4691,38.46036],[141.47097,38.46161],[141.47108,38.46196],[141.47022,38.46285],[141.47063,38.46443],[141.46916,38.46327],[141.46561,38.46191],[141.46575,38.46131],[141.46471,38.46166],[141.46442,38.46071],[141.46445,38.46068],[141.4642,38.46051],[141.46426,38.45937]]]]},"properties":{"林班":"A112","市町村名称":"女川町","旧市町村":null}},
{"type":"Feature","geometry":{"type":"Polygon","coordinates":[[[141.45478,38.46602],[141.45754,38.46564],[141.45847,38.46664],[141.46015,38.46686],[141.46196,38.46642],[141.46189,38.4671],[141.45969,38.46722],[141.4588,38.46742],[141.4577,38.46802],[141.4589,38.46865],[141.45872,38.46947],[141.46095,38.46889],[141.46178,38.47004],[141.46058,38.47236],[141.46089,38.47408],[141.45973,38.47412],[141.45932,38.47354],[141.45836,38.47287],[141.45742,38.47251],[141.45653,38.47243],[141.45454,38.47102],[141.45429,38.46985],[141.45421,38.46916],[141.45478,38.46602]]]},"properties":{"林班":"A115","市町村名称":"女川町","旧市町村":null}},
{"type":"Feature","geometry":{"type":"Polygon","coordinates":[[[141.45679,38.45863],[141.45898,38.45846],[141.46017,38.45843],[141.4613,38.46023],[141.45962,38.46016],[141.45887,38.46062],[141.45917,38.46189],[141.45984,38.46291],[141.46135,38.46348],[141.46196,38.46422],[141.46217,38.46566],[141.46176,38.46605],[141.46196,38.46642],[141.46015,38.46686],[141.45847,38.46664],[141.45754,38.46564],[141.45478,38.46602],[141.45447,38.46536],[141.45502,38.4641],[141.4548,38.46341],[141.45491,38.46077],[141.45649,38.45948],[141.45679,38.45863]]]},"properties":{"林班":"A114","市町村名称":"女川町","旧市町村":null}},
{"type":"Feature","geometry":{"type":"Polygon","coordinates":[[[141.48342,38.47311],[141.48432,38.47149],[141.48499,38.47298],[141.48714,38.47393],[141.48844,38.47513],[141.48927,38.47643],[141.48889,38.47791],[141.48718,38.47945],[141.48664,38.47986],[141.48392,38.48073],[141.48269,38.4805],[141.48095,38.48091],[141.48041,38.47889],[141.48167,38.47763],[141.48288,38.47561],[141.48342,38.47311]]]},"properties":{"林班":"A128","市町村名称":"女川町","旧市町村":null}},
{"type":"Feature","geometry":{"type":"MultiPolygon","coordinates":[[[[141.47338,38.47521],[141.47591,38.4748],[141.47559,38.47212],[141.47601,38.47111],[141.47919,38.46935],[141.47939,38.46977],[141.47799,38.47135],[141.48099,38.4718],[141.48259,38.47136],[141.48107,38.4748],[141.48038,38.47557],[141.47945,38.47682],[141.47764,38.47746],[141.47756,38.47727],[141.47706,38.47719],[141.47729,38.47688],[141.47734,38.47672],[141.47719,38.47664],[141.47655,38.47677],[141.47608,38.47701],[141.47582,38.47691],[141.47569,38.4769],[141.47453,38.47684],[141.47385,38.4767],[141.47318,38.47621],[141.47338,38.47521]]],[[[141.47317,38.47623],[141.47384,38.47672],[141.47452,38.47686],[141.47521,38.47693],[141.4758,38.47693],[141.47609,38.47704],[141.47656,38.47678],[141.47691,38.47673],[141.47732,38.47673],[141.47727,38.47687],[141.47703,38.47707],[141.47703,38.47723],[141.47726,38.47728],[141.47762,38.47748],[141.47905,38.47745],[141.48053,38.47627],[141.48031,38.4761],[141.48071,38.47522],[141.48169,38.47463],[141.48288,38.47561],[141.48167,38.47763],[141.48041,38.47889],[141.48095,38.48091],[141.48015,38.48155],[141.47639,38.48212],[141.4733,38.48203],[141.47273,38.4822],[141.47327,38.48076],[141.47276,38.47788],[141.47317,38.47623]]],[[[141.48342,38.47311],[141.48255,38.47291],[141.4836,38.47161],[141.48432,38.47149],[141.48342,38.47311]]]]},"properties":{"林班":"A127","市町村名称":"女川町","旧市町村":null}},
{"type":"Feature","geometry":{"type":"MultiPolygon","coordinates":[[[[141.48685,38.46982],[141.48894,38.46906],[141.48979,38.47063],[141.48742,38.47246],[141.48684,38.47136],[141.48685,38.46982]]],[[[141.49464,38.48007],[141.49377,38.4787],[141.49393,38.47738],[141.49303,38.47581],[141.49171,38.47474],[141.49097,38.47336],[141.48834,38.47267],[141.48887,38.47137],[141.4899,38.47097],[141.49194,38.47265],[141.49409,38.47343],[141.49556,38.47616],[141.49703,38.47675],[141.49869,38.47849],[141.4981,38.47946],[141.49652,38.48006],[141.49547,38.47999],[141.49529,38.48],[141.4952,38.48007],[141.49492,38.48011],[141.49464,38.48007]]],[[[141.48772,38.47334],[141.48949,38.47323],[141.49072,38.47356],[141.49105,38.4747],[141.49046,38.47462],[141.48968,38.47471],[141.48772,38.47334]]],[[[141.48844,38.47513],[141.48871,38.47408],[141.48974,38.47476],[141.49025,38.47468],[141.4906,38.47535],[141.49041,38.47572],[141.49076,38.47606],[141.49065,38.47656],[141.49121,38.4791],[141.49173,38.47993],[141.49133,38.47996],[141.49036,38.48042],[141.48822,38.48023],[141.48718,38.47945],[141.48889,38.47791],[141.48927,38.47643],[141.48844,38.47513]]],[[[141.49044,38.47487],[141.49241,38.4755],[141.49357,38.4778],[141.49342,38.47853],[141.49182,38.47959],[141.49109,38.47805],[141.491,38.47686],[141.49068,38.47655],[141.49078,38.47605],[141.49044,38.47572],[141.49063,38.47535],[141.49044,38.47487]]],[[[141.49221,38.48001],[141.49218,38.47962],[141.49343,38.47882],[141.49296,38.48025],[141.49284,38.4802],[141.49245,38.48013],[141.49221,38.48001]]]]},"properties":{"林班":"A129","市町村名称":"女川町","旧市町村":null}},
{"type":"Feature","geometry":{"type":"Polygon","coordinates":[[[141.45086,38.47858],[141.4512,38.47789],[141.45355,38.47722],[141.45611,38.47715],[141.45696,38.47738],[141.45933,38.4768],[141.45941,38.47942],[141.45906,38.48053],[141.4596,38.48103],[141.456,38.482],[141.45491,38.48185],[141.45327,38.48251],[141.45049,38.48325],[141.44998,38.48211],[141.45127,38.47963],[141.45086,38.47858]]]},"properties":{"林班":"A120","市町村名称":"女川町","旧市町村":null}},
{"type":"Feature","geometry":{"type":"Polygon","coordinates":[[[141.45037,38.48484],[141.45082,38.48404],[141.45825,38.48304],[141.46183,38.48283],[141.46258,38.48142],[141.46499,38.4807],[141.46401,38.4835],[141.46436,38.48409],[141.46386,38.48432],[141.4637,38.48447],[141.4632,38.48465],[141.46288,38.48488],[141.46138,38.48537],[141.46036,38.48666],[141.46047,38.48751],[141.45957,38.48896],[141.45927,38.49142],[141.45885,38.49214],[141.45845,38.49163],[141.45648,38.48986],[141.45564,38.48954],[141.45452,38.48788],[141.45383,38.48758],[141.45233,38.48524],[141.45037,38.48484]]]},"properties":{"林班":"A122","市町村名称":"女川町","旧市町村":null}},
{"type":"Feature","geometry":{"type":"Polygon","coordinates":[[[141.45933,38.4768],[141.46157,38.47639],[141.46317,38.47556],[141.46512,38.47572],[141.46618,38.47784],[141.46576,38.47977],[141.46496,38.48068],[141.46254,38.48141],[141.46181,38.48281],[141.45825,38.48304],[141.45082,38.48404],[141.45037,38.48484],[141.45049,38.48325],[141.45327,38.48251],[141.45491,38.48185],[141.456,38.482],[141.4596,38.48103],[141.45906,38.48053],[141.45941,38.47942],[141.45933,38.4768]]]},"properties":{"林班":"A121","市町村名称":"女川町","旧市町村":null}},
{"type":"Feature","geometry":{"type":"Polygon","coordinates":[[[141.4661,38.47666],[141.46817,38.47751],[141.47019,38.47883],[141.4713,38.47997],[141.47327,38.48076],[141.47273,38.4822],[141.4725,38.48351],[141.47148,38.48403],[141.47155,38.48415],[141.4711,38.48434],[141.47097,38.48427],[141.47023,38.48598],[141.47011,38.48624],[141.47053,38.4872],[141.47057,38.48728],[141.47075,38.48794],[141.47089,38.48833],[141.47022,38.48923],[141.4702,38.48952],[141.47015,38.48954],[141.46915,38.48985],[141.46786,38.48939],[141.4675,38.48938],[141.46715,38.48952],[141.46686,38.48958],[141.46673,38.48967],[141.46642,38.48965],[141.46545,38.48975],[141.46498,38.48965],[141.46437,38.48975],[141.46359,38.48991],[141.46363,38.48955],[141.46371,38.48898],[141.46369,38.48842],[141.46318,38.48781],[141.46389,38.48624],[141.46367,38.48525],[141.46394,38.48505],[141.46381,38.48455],[141.46387,38.48434],[141.46439,38.48409],[141.46405,38.4835],[141.46427,38.48288],[141.46504,38.48251],[141.46556,38.4809],[141.46649,38.47973],[141.46654,38.47748],[141.4661,38.47666]]]},"properties":{"林班":"A124","市町村名称":"女川町","旧市町村":null}},
{"type":"Feature","geometry":{"type":"Polygon","coordinates":[[[141.46036,38.48666],[141.46142,38.48539],[141.46291,38.48491],[141.4632,38.48468],[141.46372,38.48449],[141.46387,38.48434],[141.46381,38.48455],[141.46394,38.48505],[141.46367,38.48525],[141.46389,38.48624],[141.46318,38.48781],[141.46369,38.48842],[141.46371,38.48898],[141.46363,38.48955],[141.46359,38.48991],[141.4634,38.48989],[141.46322,38.48987],[141.46205,38.49011],[141.46189,38.49017],[141.46173,38.49024],[141.46157,38.49034],[141.46107,38.49069],[141.46066,38.49113],[141.45885,38.49214],[141.45927,38.49142],[141.45957,38.48896],[141.46047,38.48751],[141.46036,38.48666]]]},"properties":{"林班":"A123","市町村名称":"女川町","旧市町村":null}},
{"type":"Feature","geometry":{"type":"Polygon","coordinates":[[[141.47032,38.47027],[141.47135,38.46968],[141.47413,38.47],[141.47655,38.46962],[141.47702,38.46909],[141.47919,38.46935],[141.47601,38.47111],[141.47559,38.47212],[141.47591,38.4748],[141.47338,38.47521],[141.472,38.4751],[141.47185,38.47385],[141.47254,38.47257],[141.47152,38.4721],[141.47032,38.47027]]]},"properties":{"林班":"A126","市町村名称":"女川町","旧市町村":null}},
{"type":"Feature","geometry":{"type":"Polygon","coordinates":[[[141.4661,38.47666],[141.4659,38.476],[141.4669,38.47524],[141.46744,38.47422],[141.46755,38.47325],[141.4686,38.47201],[141.47021,38.47074],[141.47032,38.47027],[141.47152,38.4721],[141.47254,38.47257],[141.47185,38.47385],[141.472,38.4751],[141.47338,38.47521],[141.47318,38.47621],[141.47317,38.47623],[141.47276,38.47788],[141.47327,38.48076],[141.4713,38.47997],[141.47019,38.47883],[141.46817,38.47751],[141.4661,38.47666]]]},"properties":{"林班":"A125","市町村名称":"女川町","旧市町村":null}},
{"type":"Feature","geometry":{"type":"Polygon","coordinates":[[[141.59833,38.39745],[141.5979,38.39773],[141.59759,38.39777],[141.59748,38.39747],[141.59785,38.39736],[141.59833,38.39745]]]},"properties":{"林班":"A138","市町村名称":"女川町","旧市町村":null}},
{"type":"Feature","geometry":{"type":"MultiPolygon","coordinates":[[[[141.51702,38.45757],[141.51815,38.4583],[141.51794,38.459],[141.51963,38.45906],[141.5188,38.45998],[141.51733,38.45992],[141.51648,38.45877],[141.51702,38.45757]]],[[[141.51859,38.46055],[141.5201,38.45892],[141.52023,38.45817],[141.52195,38.45897],[141.52184,38.46102],[141.5213,38.46166],[141.51859,38.46055]]]]},"properties":{"林班":"A131","市町村名称":"女川町","旧市町村":null}},
{"type":"Feature","geometry":{"type":"MultiPolygon","coordinates":[[[[141.52026,38.46338],[141.52063,38.46467],[141.51795,38.46558],[141.51586,38.4651],[141.51681,38.4643],[141.51588,38.46235],[141.51753,38.46208],[141.51731,38.4612],[141.51859,38.46055],[141.5213,38.46166],[141.52008,38.46231],[141.52026,38.46338]]],[[[141.52333,38.46082],[141.5236,38.46264],[141.52272,38.46286],[141.52104,38.4626],[141.52264,38.46028],[141.52333,38.46082]]]]},"properties":{"林班":"A130","市町村名称":"女川町","旧市町村":null}},
{"type":"Feature","geometry":{"type":"Polygon","coordinates":[[[141.5188,38.45359],[141.51786,38.45198],[141.51749,38.45066],[141.51673,38.44971],[141.51789,38.44948],[141.51891,38.44772],[141.51851,38.44653],[141.51988,38.4465],[141.5201,38.44653],[141.52034,38.44656],[141.52121,38.4474],[141.5218,38.44872],[141.52171,38.44876],[141.52173,38.44931],[141.52186,38.4495],[141.52095,38.44975],[141.52126,38.45076],[141.5217,38.45108],[141.52117,38.45193],[141.52011,38.45318],[141.5188,38.45359]]]},"properties":{"林班":"A133","市町村名称":"女川町","旧市町村":null}},
{"type":"Feature","geometry":{"type":"MultiPolygon","coordinates":[[[[141.5188,38.45359],[141.52011,38.45318],[141.52117,38.45193],[141.52212,38.4528],[141.51988,38.45407],[141.5188,38.45359]]],[[[141.5202,38.45655],[141.52134,38.45656],[141.52133,38.45559],[141.52273,38.45585],[141.52337,38.45669],[141.5233,38.45767],[141.52077,38.45782],[141.5202,38.45655]]],[[[141.52173,38.44931],[141.52171,38.44876],[141.5218,38.44872],[141.52186,38.4495],[141.52173,38.44931]]],[[[141.52126,38.45076],[141.52366,38.45066],[141.52371,38.45231],[141.52257,38.45266],[141.5217,38.45108],[141.52126,38.45076]]]]},"properties":{"林班":"A132","市町村名称":"女川町","旧市町村":null}},
{"type":"Feature","geometry":{"type":"Polygon","coordinates":[[[141.52942,38.44696],[141.52789,38.4472],[141.52658,38.44621],[141.52541,38.44613],[141.52433,38.44496],[141.52611,38.4438],[141.52704,38.44255],[141.52864,38.44226],[141.52954,38.44323],[141.52992,38.44368],[141.52995,38.44371],[141.53066,38.44333],[141.53214,38.44324],[141.53304,38.4431],[141.53382,38.44369],[141.53479,38.44355],[141.53403,38.44614],[141.53204,38.44646],[141.53246,38.44737],[141.53082,38.44692],[141.52942,38.44696]]]},"properties":{"林班":"A135","市町村名称":"女川町","旧市町村":null}},
{"type":"Feature","geometry":{"type":"Polygon","coordinates":[[[141.52195,38.45897],[141.52384,38.45764],[141.52434,38.45657],[141.52326,38.45483],[141.52296,38.45362],[141.52406,38.45222],[141.52383,38.45039],[141.52523,38.45019],[141.52728,38.4509],[141.52734,38.45187],[141.52915,38.45197],[141.52895,38.45079],[141.52684,38.45072],[141.52547,38.45003],[141.52405,38.44868],[141.52534,38.44806],[141.52523,38.44702],[141.52629,38.44638],[141.52777,38.44787],[141.52868,38.44816],[141.52942,38.44696],[141.53082,38.44692],[141.53246,38.44737],[141.53222,38.44822],[141.53097,38.44786],[141.52943,38.44859],[141.53053,38.44939],[141.52934,38.4499],[141.53003,38.45107],[141.52997,38.45185],[141.53097,38.45418],[141.53028,38.45479],[141.52898,38.45448],[141.52663,38.4526],[141.52637,38.45331],[141.5246,38.45368],[141.52439,38.45455],[141.52671,38.45577],[141.5267,38.45779],[141.52605,38.45802],[141.52435,38.46002],[141.52333,38.46082],[141.52264,38.46028],[141.52195,38.45897]]]},"properties":{"林班":"A134","市町村名称":"女川町","旧市町村":null}},
{"type":"Feature","geometry":{"type":"MultiPolygon","coordinates":[[[[141.51988,38.4465],[141.51778,38.44578],[141.51808,38.44506],[141.5201,38.44653],[141.51988,38.4465]]],[[[141.52034,38.44656],[141.51999,38.44404],[141.5203,38.44336],[141.52153,38.44324],[141.52193,38.44382],[141.52162,38.44559],[141.52034,38.44656]]]]},"properties":{"林班":"A137","市町村名称":"女川町","旧市町村":null}},
{"type":"Feature","geometry":{"type":"MultiPolygon","coordinates":[[[[141.52954,38.44323],[141.52932,38.44123],[141.52953,38.44058],[141.52853,38.43941],[141.5268,38.43858],[141.52709,38.4369],[141.52847,38.43811],[141.53021,38.43768],[141.53084,38.43848],[141.52992,38.43947],[141.53164,38.44187],[141.53304,38.4431],[141.53214,38.44324],[141.53066,38.44333],[141.52995,38.44371],[141.52992,38.44368],[141.52954,38.44323]]],[[[141.5219,38.43966],[141.52329,38.43945],[141.52346,38.4407],[141.52205,38.44009],[141.5219,38.43966]]],[[[141.52595,38.4428],[141.52539,38.44162],[141.52688,38.44108],[141.52601,38.44276],[141.52595,38.4428]]]]},"properties":{"林班":"A136","市町村名称":"女川町","旧市町村":null}},
{"type":"Feature","geometry":{"type":"MultiPolygon","coordinates":[[[[141.26645,38.78228],[141.26708,38.78175],[141.26932,38.7814],[141.271,38.78178],[141.2718,38.7816],[141.27224,38.78192],[141.27225,38.78313],[141.27286,38.78412],[141.27141,38.78515],[141.27037,38.78524],[141.26903,38.78546],[141.26839,38.78532],[141.26764,38.78524],[141.26689,38.78521],[141.26547,38.78556],[141.26446,38.78524],[141.26472,38.78421],[141.26663,38.78353],[141.26645,38.78228]]],[[[141.26764,38.78526],[141.26904,38.78548],[141.26955,38.78548],[141.26995,38.7862],[141.26819,38.78668],[141.26777,38.7872],[141.2656,38.78762],[141.26495,38.78722],[141.26469,38.78588],[141.26688,38.78523],[141.26764,38.78526]]],[[[141.26807,38.7799],[141.26841,38.77885],[141.27074,38.77921],[141.27171,38.77896],[141.27278,38.77991],[141.27199,38.78128],[141.27106,38.78176],[141.26931,38.78137],[141.26815,38.78147],[141.26807,38.7799]]]]},"properties":{"林班":"C001","市町村名称":"登米市","旧市町村":null}},
{"type":"Feature","geometry":{"type":"MultiPolygon","coordinates":[[[[141.28616,38.74226],[141.28745,38.74176],[141.28905,38.74203],[141.28903,38.74254],[141.28879,38.74265],[141.28848,38.74369],[141.28802,38.7439],[141.28576,38.74324],[141.28616,38.74226]]],[[[141.28872,38.74526],[141.28839,38.74418],[141.28881,38.74266],[141.28931,38.7428],[141.28997,38.74352],[141.2917,38.74411],[141.29187,38.7453],[141.29271,38.74597],[141.29285,38.74764],[141.29412,38.74845],[141.29572,38.74871],[141.29605,38.74917],[141.29739,38.74885],[141.29897,38.74878],[141.29957,38.74936],[141.30059,38.74978],[141.30146,38.7498],[141.30234,38.75044],[141.30264,38.75222],[141.3003,38.75327],[141.29751,38.75372],[141.29617,38.75298],[141.29271,38.75231],[141.29228,38.75204],[141.29154,38.75176],[141.29089,38.75127],[141.29044,38.75108],[141.28986,38.75124],[141.28949,38.75154],[141.28598,38.75077],[141.28591,38.74974],[141.28652,38.74896],[141.28723,38.74796],[141.28826,38.74708],[141.28886,38.74575],[141.28872,38.74526]]],[[[141.29065,38.74353],[141.28999,38.7435],[141.28949,38.74227],[141.2902,38.7419],[141.29178,38.7417],[141.29065,38.74353]]],[[[141.29874,38.7467],[141.29854,38.74534],[141.29973,38.74528],[141.30101,38.74631],[141.30273,38.7466],[141.30241,38.74786],[141.30148,38.74978],[141.30059,38.74976],[141.29957,38.74934],[141.29899,38.74875],[141.29847,38.74858],[141.2992,38.7476],[141.29874,38.7467]]]]},"properties":{"林班":"C012","市町村名称":"登米市","旧市町村":null}},
{"type":"Feature","geometry":{"type":"MultiPolygon","coordinates":[[[[141.28771,38.75178],[141.28949,38.75154],[141.28986,38.75124],[141.29068,38.7512],[141.29165,38.75187],[141.29228,38.75204],[141.29271,38.75231],[141.29617,38.75298],[141.29751,38.75372],[141.3003,38.75327],[141.30264,38.75222],[141.30342,38.75253],[141.30421,38.75404],[141.30423,38.75571],[141.30479,38.75636],[141.30398,38.75769],[141.30401,38.75874],[141.30163,38.75812],[141.30072,38.75741],[141.29934,38.75747],[141.29761,38.75638],[141.2943,38.75685],[141.29189,38.75684],[141.29479,38.75528],[141.29439,38.75482],[141.2922,38.75424],[141.29088,38.75265],[141.28879,38.75316],[141.28771,38.75178]]],[[[141.29654,38.75673],[141.29759,38.75642],[141.29857,38.75701],[141.29654,38.75673]]]]},"properties":{"林班":"C011","市町村名称":"登米市","旧市町村":null}},
{"type":"Feature","geometry":{"type":"Polygon","coordinates":[[[141.29189,38.75684],[141.29169,38.75623],[141.29073,38.75648],[141.2898,38.75627],[141.28933,38.75699],[141.28657,38.75689],[141.28473,38.75723],[141.28407,38.75649],[141.28261,38.75636],[141.28564,38.75165],[141.28771,38.75178],[141.28879,38.75316],[141.29088,38.75265],[141.2922,38.75424],[141.29439,38.75482],[141.29479,38.75528],[141.29189,38.75684]]]},"properties":{"林班":"C010","市町村名称":"登米市","旧市町村":null}},
{"type":"Feature","geometry":{"type":"MultiPolygon","coordinates":[[[[141.2199,38.63507],[141.22153,38.63436],[141.22203,38.6332],[141.22341,38.63294],[141.22469,38.63422],[141.22435,38.63478],[141.22267,38.6341],[141.22164,38.63585],[141.22022,38.6371],[141.22175,38.63824],[141.21823,38.6384],[141.21755,38.63736],[141.21878,38.63708],[141.2199,38.63507]]],[[[141.22527,38.64895],[141.22716,38.64983],[141.22603,38.65029],[141.22527,38.64895]]]]},"properties":{"林班":"F004","市町村名称":"登米市","旧市町村":null}},
{"type":"Feature","geometry":{"type":"MultiPolygon","coordinates":[[[[141.2932,38.77983],[141.2941,38.77943],[141.29592,38.77919],[141.29714,38.77936],[141.29916,38.78081],[141.29703,38.77944],[141.29495,38.77937],[141.29331,38.78004],[141.2932,38.77983]]],[[[141.30559,38.78775],[141.30137,38.78788],[141.30024,38.78823],[141.29855,38.78707],[141.29702,38.78562],[141.29665,38.78466],[141.29756,38.78352],[141.29745,38.78103],[141.29513,38.78161],[141.29335,38.78009],[141.29491,38.77943],[141.29695,38.77947],[141.29944,38.78104],[141.30025,38.78119],[141.30124,38.78183],[141.30253,38.78257],[141.30276,38.78256],[141.30289,38.78245],[141.30282,38.78224],[141.30234,38.78199],[141.3023,38.78155],[141.30401,38.78109],[141.30511,38.78172],[141.30655,38.78115],[141.30598,38.78207],[141.30664,38.78261],[141.30563,38.78347],[141.30492,38.78491],[141.30479,38.78616],[141.30603,38.78674],[141.30559,38.78775]]],[[[141.30176,38.78198],[141.30252,38.7823],[141.30274,38.78251],[141.30176,38.78198]]]]},"properties":{"林班":"C005","市町村名称":"登米市","旧市町村":null}},
{"type":"Feature","geometry":{"type":"MultiPolygon","coordinates":[[[[141.20877,38.63814],[141.2105,38.63826],[141.21145,38.63921],[141.21005,38.63961],[141.2088,38.6388],[141.20877,38.63814]]],[[[141.21242,38.64201],[141.21343,38.64147],[141.2158,38.64243],[141.21473,38.64291],[141.21325,38.64291],[141.21242,38.64201]]]]},"properties":{"林班":"F003","市町村名称":"登米市","旧市町村":null}},
{"type":"Feature","geometry":{"type":"MultiPolygon","coordinates":[[[[141.29331,38.78004],[141.29259,38.78037],[141.29478,38.78256],[141.2944,38.78341],[141.29317,38.78355],[141.29184,38.78295],[141.29001,38.78284],[141.29035,38.78363],[141.28827,38.78436],[141.2872,38.78441],[141.28581,38.78345],[141.28328,38.78249],[141.28392,38.78163],[141.2859,38.782],[141.2861,38.78107],[141.28432,38.78085],[141.28523,38.78],[141.29033,38.77974],[141.29106,38.78019],[141.29194,38.78033],[141.2932,38.77983],[141.29331,38.78004]]],[[[141.28399,38.78346],[141.28435,38.78424],[141.28629,38.78478],[141.28618,38.78532],[141.28448,38.78593],[141.28357,38.78471],[141.28399,38.78346]]],[[[141.28361,38.79273],[141.28442,38.7925],[141.2853,38.79368],[141.28459,38.79415],[141.28287,38.79325],[141.28361,38.79273]]]]},"properties":{"林班":"C004","市町村名称":"登米市","旧市町村":null}},
{"type":"Feature","geometry":{"type":"MultiPolygon","coordinates":[[[[141.22652,38.62696],[141.22838,38.62668],[141.23007,38.62607],[141.22956,38.62464],[141.22994,38.62426],[141.22946,38.6227],[141.22772,38.6228],[141.22776,38.62202],[141.22884,38.62142],[141.23221,38.62249],[141.23124,38.62358],[141.23272,38.6249],[141.23113,38.62643],[141.22968,38.6265],[141.22714,38.62737],[141.22664,38.62711],[141.22652,38.62696]]],[[[141.234,38.63044],[141.23261,38.63034],[141.22943,38.63105],[141.22881,38.63029],[141.23255,38.63002],[141.23446,38.63023],[141.234,38.63044]]],[[[141.23215,38.6209],[141.23303,38.62111],[141.23338,38.62235],[141.23194,38.62187],[141.23215,38.6209]]],[[[141.2421,38.62592],[141.24266,38.62544],[141.24304,38.62334],[141.24232,38.62205],[141.24022,38.62107],[141.23983,38.6196],[141.23799,38.6188],[141.2362,38.61892],[141.2376,38.61643],[141.2399,38.61739],[141.24209,38.6178],[141.24255,38.61659],[141.24365,38.61654],[141.24503,38.61904],[141.24569,38.62103],[141.24518,38.62233],[141.2448,38.62429],[141.2421,38.62592]]],[[[141.23866,38.61558],[141.23765,38.61465],[141.23891,38.6142],[141.23944,38.61514],[141.23866,38.61558]]]]},"properties":{"林班":"F002","市町村名称":"登米市","旧市町村":null}},
{"type":"Feature","geometry":{"type":"MultiPolygon","coordinates":[[[[141.27421,38.76713],[141.27516,38.76837],[141.27776,38.76884],[141.27898,38.76982],[141.27894,38.77122],[141.28048,38.77176],[141.28003,38.77267],[141.28023,38.77357],[141.2813,38.77381],[141.28079,38.77453],[141.27994,38.77464],[141.27829,38.77467],[141.27737,38.77456],[141.27685,38.77467],[141.27627,38.77134],[141.27596,38.7711],[141.27565,38.77108],[141.27623,38.77047],[141.27623,38.76989],[141.27541,38.76955],[141.2747,38.76904],[141.27437,38.76833],[141.27438,38.76779],[141.27384,38.76708],[141.27421,38.76713]]],[[[141.27738,38.77458],[141.27829,38.77469],[141.27994,38.77466],[141.28058,38.7746],[141.28115,38.77445],[141.2818,38.77349],[141.28266,38.77369],[141.28231,38.77518],[141.28118,38.77521],[141.28044,38.77606],[141.27877,38.77711],[141.27661,38.77526],[141.27679,38.77486],[141.27738,38.77458]]],[[[141.27862,38.77927],[141.27886,38.77805],[141.2809,38.77774],[141.28064,38.77899],[141.27939,38.77969],[141.27862,38.77927]]],[[[141.27932,38.78212],[141.27908,38.7808],[141.2794,38.77972],[141.28077,38.77916],[141.28099,38.77789],[141.28275,38.77745],[141.28286,38.77849],[141.28204,38.77977],[141.28189,38.78109],[141.27992,38.78151],[141.27932,38.78212]]],[[[141.27932,38.78212],[141.27994,38.78154],[141.28174,38.78115],[141.28169,38.78374],[141.28004,38.78395],[141.2791,38.78327],[141.27932,38.78212]]]]},"properties":{"林班":"C003","市町村名称":"登米市","旧市町村":null}},
{"type":"Feature","geometry":{"type":"MultiPolygon","coordinates":[[[[141.22313,38.62815],[141.22323,38.62879],[141.2211,38.62983],[141.21968,38.62959],[141.21977,38.62829],[141.22103,38.62779],[141.22313,38.62815]]],[[[141.22871,38.61949],[141.22905,38.61894],[141.23057,38.61977],[141.22931,38.62038],[141.22871,38.61949]]],[[[141.23307,38.61257],[141.23397,38.61127],[141.23496,38.61079],[141.23601,38.61103],[141.23386,38.61324],[141.23307,38.61257]]]]},"properties":{"林班":"F001","市町村名称":"登米市","旧市町村":null}},
{"type":"Feature","geometry":{"type":"MultiPolygon","coordinates":[[[[141.27173,38.7691],[141.27289,38.76837],[141.27376,38.76705],[141.27456,38.76886],[141.27468,38.76906],[141.27504,38.7694],[141.27558,38.76968],[141.27567,38.7704],[141.2753,38.77091],[141.27544,38.7711],[141.27595,38.77111],[141.27626,38.77134],[141.27682,38.77467],[141.27584,38.77718],[141.27364,38.77779],[141.27295,38.77639],[141.27368,38.77584],[141.27437,38.77401],[141.27055,38.77325],[141.26872,38.77246],[141.27189,38.77245],[141.27237,38.7714],[141.27135,38.77004],[141.27173,38.7691]]],[[[141.27083,38.77628],[141.2725,38.77535],[141.27195,38.77749],[141.27083,38.77628]]],[[[141.27541,38.76955],[141.27623,38.76989],[141.27623,38.77047],[141.27565,38.77108],[141.27533,38.77091],[141.2757,38.77041],[141.2756,38.76968],[141.27541,38.76955]]]]},"properties":{"林班":"C002","市町村名称":"登米市","旧市町村":null}},
{"type":"Feature","geometry":{"type":"Polygon","coordinates":[[[141.29857,38.75701],[141.29932,38.75748],[141.30023,38.75766],[141.29822,38.75934],[141.29652,38.76012],[141.29572,38.76131],[141.29473,38.76162],[141.29404,38.76085],[141.29487,38.76002],[141.29347,38.75902],[141.29209,38.75919],[141.2891,38.75796],[141.28422,38.75839],[141.28478,38.75724],[141.28667,38.7569],[141.28841,38.75708],[141.28938,38.75701],[141.29025,38.75678],[141.29159,38.75673],[141.29194,38.75731],[141.29323,38.75692],[141.29654,38.75673],[141.29857,38.75701]]]},"properties":{"林班":"C009","市町村名称":"登米市","旧市町村":null}},
{"type":"Feature","geometry":{"type":"MultiPolygon","coordinates":[[[[141.27731,38.76153],[141.27784,38.76085],[141.27962,38.76224],[141.28068,38.76352],[141.28052,38.76441],[141.28135,38.7648],[141.28133,38.76697],[141.28325,38.76834],[141.28159,38.7702],[141.28026,38.77065],[141.2798,38.76889],[141.27787,38.76701],[141.27635,38.76715],[141.27534,38.76632],[141.27472,38.76499],[141.27573,38.76342],[141.27771,38.76436],[141.27844,38.76246],[141.27731,38.76153]],[[141.27709,38.76591],[141.27845,38.76458],[141.27784,38.76432],[141.27709,38.76591]]],[[[141.28118,38.7624],[141.28218,38.76281],[141.28228,38.76526],[141.2836,38.7644],[141.28417,38.76596],[141.2836,38.7667],[141.28209,38.76671],[141.28138,38.76462],[141.28155,38.76317],[141.28118,38.7624]]],[[[141.28679,38.76363],[141.28739,38.76435],[141.28482,38.76789],[141.28402,38.7679],[141.28354,38.76693],[141.2842,38.76596],[141.28679,38.76363]]]]},"properties":{"林班":"C008","市町村名称":"登米市","旧市町村":null}},
{"type":"Feature","geometry":{"type":"MultiPolygon","coordinates":[[[[141.29272,38.7689],[141.29152,38.76908],[141.2896,38.76988],[141.28889,38.77056],[141.28842,38.77017],[141.28811,38.77017],[141.28752,38.76979],[141.28751,38.76871],[141.2882,38.7684],[141.28967,38.769],[141.29133,38.76823],[141.29272,38.7689]]],[[[141.29272,38.7689],[141.29391,38.77046],[141.29261,38.77213],[141.29163,38.77196],[141.29044,38.77215],[141.2898,38.772],[141.28933,38.77198],[141.28886,38.77208],[141.28723,38.77171],[141.28628,38.7715],[141.28817,38.77098],[141.28875,38.77067],[141.2889,38.77057],[141.28921,38.7703],[141.28962,38.7699],[141.29152,38.76909],[141.29272,38.7689]]],[[[141.28625,38.77337],[141.28651,38.77298],[141.28724,38.77286],[141.28829,38.77234],[141.28848,38.77242],[141.28924,38.77201],[141.28978,38.77202],[141.29037,38.77229],[141.29164,38.77201],[141.29213,38.77254],[141.29256,38.77388],[141.29242,38.77532],[141.28967,38.77425],[141.28774,38.77434],[141.28625,38.77337]]],[[[141.2856,38.7747],[141.28658,38.77385],[141.28773,38.77438],[141.28967,38.77428],[141.29171,38.77541],[141.28738,38.77462],[141.28677,38.77476],[141.28622,38.77471],[141.2856,38.7747]]],[[[141.2882,38.7684],[141.28788,38.76768],[141.28912,38.76572],[141.29026,38.76508],[141.29159,38.76504],[141.29284,38.76554],[141.29361,38.765],[141.29503,38.76526],[141.29523,38.76623],[141.29255,38.76766],[141.28967,38.76899],[141.2882,38.7684]]]]},"properties":{"林班":"C007","市町村名称":"登米市","旧市町村":null}},
{"type":"Feature","geometry":{"type":"MultiPolygon","coordinates":[[[[141.29171,38.77541],[141.29126,38.77821],[141.28926,38.77837],[141.28826,38.77764],[141.28706,38.7776],[141.28694,38.77729],[141.28707,38.77707],[141.28676,38.77695],[141.28676,38.77677],[141.28655,38.77658],[141.28677,38.77476],[141.28738,38.77462],[141.29171,38.77541]]],[[[141.29106,38.78019],[141.29036,38.77967],[141.28789,38.77962],[141.28589,38.77846],[141.28604,38.77807],[141.28523,38.77728],[141.28604,38.77632],[141.28642,38.77646],[141.28674,38.77678],[141.28673,38.77696],[141.28705,38.77709],[141.2869,38.7773],[141.28705,38.77763],[141.28824,38.77765],[141.28925,38.7784],[141.29128,38.77822],[141.29185,38.77762],[141.29471,38.77777],[141.29565,38.77748],[141.29723,38.77799],[141.29802,38.77734],[141.29926,38.77751],[141.30133,38.77878],[141.30614,38.77946],[141.30645,38.781],[141.30511,38.78164],[141.30411,38.78104],[141.30218,38.78151],[141.30209,38.78183],[141.3028,38.7823],[141.30274,38.78251],[141.30252,38.7823],[141.30176,38.78198],[141.30022,38.7811],[141.29916,38.78081],[141.29714,38.77936],[141.29592,38.77919],[141.2941,38.77943],[141.2932,38.77983],[141.29194,38.78033],[141.29106,38.78019]]],[[[141.28595,38.77823],[141.28558,38.77874],[141.28376,38.77928],[141.28342,38.77846],[141.28478,38.77798],[141.28595,38.77823]]]]},"properties":{"林班":"C006","市町村名称":"登米市","旧市町村":null}},
{"type":"Feature","geometry":{"type":"MultiPolygon","coordinates":[[[[141.32855,38.63129],[141.32734,38.632],[141.32679,38.63212],[141.32595,38.632],[141.32531,38.63176],[141.32504,38.63175],[141.32469,38.63158],[141.32443,38.63162],[141.32437,38.63139],[141.32446,38.63097],[141.32191,38.62894],[141.32061,38.62711],[141.31699,38.6252],[141.31511,38.62126],[141.31589,38.61934],[141.31661,38.61942],[141.31637,38.62087],[141.3167,38.6225],[141.31745,38.62308],[141.31868,38.62308],[141.31928,38.62389],[141.32194,38.62433],[141.32334,38.62452],[141.32627,38.62699],[141.32719,38.62838],[141.32906,38.62953],[141.32855,38.63129]]],[[[141.32815,38.6338],[141.32739,38.63348],[141.32603,38.63375],[141.32499,38.63319],[141.32453,38.63165],[141.32486,38.63167],[141.32483,38.63184],[141.32522,38.63176],[141.32595,38.63202],[141.32663,38.63215],[141.3268,38.63214],[141.32736,38.63201],[141.32855,38.63131],[141.32887,38.63267],[141.32815,38.6338]]]]},"properties":{"林班":"I080","市町村名称":"登米市","旧市町村":null}},
{"type":"Feature","geometry":{"type":"Polygon","coordinates":[[[141.392,38.55707],[141.39251,38.55668],[141.39395,38.55282],[141.39489,38.55242],[141.39625,38.55184],[141.39712,38.55003],[141.39758,38.54949],[141.39868,38.5507],[141.39843,38.55137],[141.39887,38.55309],[141.40029,38.55161],[141.4015,38.55148],[141.40055,38.55245],[141.40007,38.55294],[141.39985,38.55309],[141.39939,38.55332],[141.39779,38.5543],[141.39594,38.55502],[141.39329,38.55686],[141.392,38.55707]]]},"properties":{"林班":"F004","市町村名称":"石巻市","旧市町村":null}},
{"type":"Feature","geometry":{"type":"Polygon","coordinates":[[[141.38793,38.54698],[141.38782,38.54628],[141.39016,38.54718],[141.39115,38.54815],[141.38887,38.54957],[141.38906,38.55016],[141.39033,38.54942],[141.39088,38.54932],[141.39169,38.54955],[141.39043,38.5508],[141.39233,38.55057],[141.39306,38.55197],[141.39507,38.55089],[141.39637,38.54974],[141.39758,38.54949],[141.39712,38.55003],[141.39489,38.55242],[141.39395,38.55282],[141.39251,38.55668],[141.392,38.55707],[141.39005,38.55754],[141.38947,38.55799],[141.38629,38.55763],[141.38509,38.55799],[141.38506,38.55633],[141.38454,38.55482],[141.3853,38.55352],[141.38645,38.55253],[141.38777,38.55036],[141.38823,38.54728],[141.38793,38.54698]]]},"properties":{"林班":"F003","市町村名称":"石巻市","旧市町村":null}},
{"type":"Feature","geometry":{"type":"Polygon","coordinates":[[[141.37913,38.5558],[141.38006,38.55469],[141.38101,38.55257],[141.38258,38.55108],[141.38233,38.54953],[141.38152,38.54739],[141.38417,38.54549],[141.38506,38.54559],[141.38342,38.54766],[141.38492,38.54763],[141.38544,38.54891],[141.38535,38.54941],[141.38556,38.55088],[141.38679,38.54984],[141.38697,38.54687],[141.38782,38.54628],[141.38793,38.54698],[141.38823,38.54728],[141.38777,38.55036],[141.38645,38.55253],[141.3853,38.55352],[141.38454,38.55482],[141.38506,38.55633],[141.38509,38.55799],[141.38378,38.55884],[141.38351,38.56081],[141.38184,38.56198],[141.38018,38.56251],[141.38091,38.56149],[141.38208,38.56069],[141.38162,38.55977],[141.38228,38.55783],[141.38252,38.55607],[141.38163,38.5559],[141.37916,38.55663],[141.37913,38.5558]]]},"properties":{"林班":"F002","市町村名称":"石巻市","旧市町村":null}},
{"type":"Feature","geometry":{"type":"Polygon","coordinates":[[[141.37351,38.54418],[141.37432,38.54372],[141.3747,38.54339],[141.37598,38.5429],[141.37629,38.54191],[141.37617,38.54173],[141.375,38.54123],[141.3747,38.54073],[141.37475,38.53985],[141.37623,38.54091],[141.37739,38.54234],[141.37671,38.54412],[141.37907,38.54381],[141.3797,38.54449],[141.37863,38.54744],[141.38009,38.54857],[141.37957,38.54757],[141.37987,38.54647],[141.38177,38.54413],[141.38506,38.54559],[141.38417,38.54549],[141.38152,38.54739],[141.38233,38.54953],[141.38258,38.55108],[141.38101,38.55257],[141.38006,38.55469],[141.37913,38.5558],[141.37745,38.55456],[141.37731,38.55386],[141.37734,38.55284],[141.37626,38.55154],[141.37597,38.55135],[141.37621,38.55037],[141.37617,38.55029],[141.37382,38.54826],[141.37358,38.54819],[141.37242,38.54753],[141.37184,38.54735],[141.37186,38.54633],[141.37178,38.5462],[141.37161,38.54608],[141.37135,38.54589],[141.37158,38.54566],[141.37185,38.54549],[141.37309,38.54478],[141.3732,38.54452],[141.3736,38.5446],[141.3732,38.54452],[141.3733,38.54439],[141.37351,38.54418]]]},"properties":{"林班":"F001","市町村名称":"石巻市","旧市町村":null}},
{"type":"Feature","geometry":{"type":"Polygon","coordinates":[[[141.39535,38.56264],[141.39619,38.56154],[141.39785,38.56091],[141.39893,38.56109],[141.4002,38.56067],[141.40104,38.55982],[141.40269,38.55719],[141.40454,38.5564],[141.40493,38.55502],[141.40605,38.55402],[141.40609,38.55294],[141.40692,38.55244],[141.40764,38.55444],[141.41014,38.55431],[141.4099,38.55506],[141.40867,38.5557],[141.40796,38.55559],[141.40622,38.55632],[141.40489,38.55804],[141.40359,38.5585],[141.40186,38.56057],[141.40078,38.56118],[141.3977,38.56218],[141.3968,38.563],[141.39537,38.56566],[141.39361,38.56747],[141.39176,38.56801],[141.38973,38.56818],[141.3903,38.5677],[141.39205,38.56727],[141.3937,38.56536],[141.39511,38.56407],[141.39535,38.56264]]]},"properties":{"林班":"F008","市町村名称":"石巻市","旧市町村":null}},
{"type":"Feature","geometry":{"type":"Polygon","coordinates":[[[141.38774,38.56744],[141.38815,38.56625],[141.39036,38.5637],[141.39073,38.56265],[141.39203,38.56149],[141.39332,38.56076],[141.3935,38.5598],[141.39507,38.5589],[141.39659,38.55726],[141.39824,38.5569],[141.40044,38.55575],[141.39997,38.55664],[141.40231,38.55613],[141.40102,38.55827],[141.40084,38.55945],[141.40023,38.56017],[141.39885,38.56072],[141.39713,38.56061],[141.39553,38.56169],[141.39535,38.56264],[141.39511,38.56407],[141.3937,38.56536],[141.39205,38.56727],[141.3903,38.5677],[141.38973,38.56818],[141.38774,38.56744]]]},"properties":{"林班":"F007","市町村名称":"石巻市","旧市町村":null}},
{"type":"Feature","geometry":{"type":"Polygon","coordinates":[[[141.38018,38.56251],[141.38184,38.56198],[141.38351,38.56081],[141.38554,38.56069],[141.38852,38.56144],[141.38874,38.56237],[141.38777,38.56346],[141.38646,38.56401],[141.38606,38.56733],[141.38353,38.56667],[141.38221,38.56688],[141.38022,38.56675],[141.38,38.56623],[141.38066,38.56411],[141.38018,38.56251]]]},"properties":{"林班":"F006","市町村名称":"石巻市","旧市町村":null}},
{"type":"Feature","geometry":{"type":"Polygon","coordinates":[[[141.4015,38.55148],[141.4017,38.55256],[141.40052,38.55375],[141.39723,38.55566],[141.3953,38.55619],[141.39556,38.55666],[141.39728,38.55644],[141.39943,38.55551],[141.40044,38.55575],[141.39824,38.5569],[141.39659,38.55726],[141.39507,38.5589],[141.3935,38.5598],[141.39332,38.56076],[141.39203,38.56149],[141.39073,38.56265],[141.39036,38.5637],[141.38815,38.56625],[141.38774,38.56744],[141.38606,38.56733],[141.38646,38.56401],[141.38777,38.56346],[141.38874,38.56237],[141.38852,38.56144],[141.38554,38.56069],[141.38351,38.56081],[141.38378,38.55884],[141.38509,38.55799],[141.38629,38.55763],[141.38947,38.55799],[141.39005,38.55754],[141.392,38.55707],[141.39329,38.55686],[141.39594,38.55502],[141.39779,38.5543],[141.39939,38.55332],[141.39985,38.55309],[141.40007,38.55294],[141.40055,38.55245],[141.4015,38.55148]]]},"properties":{"林班":"F005","市町村名称":"石巻市","旧市町村":null}},
{"type":"Feature","geometry":{"type":"MultiPolygon","coordinates":[[[[141.15031,38.33762],[141.15092,38.33657],[141.15301,38.33689],[141.15312,38.33827],[141.15193,38.33924],[141.15251,38.34061],[141.15196,38.34239],[141.15102,38.34201],[141.15109,38.3406],[141.1508,38.33848],[141.15031,38.33762]]],[[[141.15759,38.33832],[141.15726,38.33878],[141.15531,38.33927],[141.15573,38.34125],[141.15432,38.34177],[141.15317,38.34097],[141.15376,38.3395],[141.15456,38.33871],[141.15671,38.33816],[141.15795,38.33739],[141.15848,38.33781],[141.15797,38.33805],[141.15759,38.33832]]]]},"properties":{"林班":"B003","市町村名称":"東松島市","旧市町村":null}},
{"type":"Feature","geometry":{"type":"MultiPolygon","coordinates":[[[[141.15787,38.33828],[141.15826,38.33935],[141.15942,38.33979],[141.15909,38.34084],[141.1605,38.34172],[141.15906,38.34362],[141.15808,38.34207],[141.15652,38.34139],[141.15535,38.33941],[141.15748,38.33882],[141.15787,38.33828]]],[[[141.16018,38.33701],[141.16081,38.33736],[141.1606,38.33956],[141.15975,38.34048],[141.15943,38.3378],[141.16018,38.33701]]],[[[141.16064,38.33634],[141.16148,38.33742],[141.16376,38.33855],[141.16296,38.34012],[141.16103,38.33945],[141.16091,38.33737],[141.16064,38.33634]]]]},"properties":{"林班":"B004","市町村名称":"東松島市","旧市町村":null}},
{"type":"Feature","geometry":{"type":"MultiPolygon","coordinates":[[[[141.1495,38.34904],[141.15426,38.34941],[141.15435,38.34989],[141.15096,38.35018],[141.14892,38.352],[141.14813,38.35002],[141.1495,38.34904]]],[[[141.14572,38.35173],[141.14743,38.35167],[141.14682,38.35326],[141.14572,38.35173]]],[[[141.15185,38.35043],[141.15339,38.35026],[141.15468,38.35162],[141.15282,38.35321],[141.15242,38.3527],[141.15256,38.35138],[141.15185,38.35043]]]]},"properties":{"林班":"B001","市町村名称":"東松島市","旧市町村":null}},
{"type":"Feature","geometry":{"type":"MultiPolygon","coordinates":[[[[141.1478,38.34359],[141.14939,38.34384],[141.15019,38.34547],[141.14955,38.34654],[141.14942,38.34782],[141.14853,38.34754],[141.14694,38.3492],[141.14616,38.34867],[141.14501,38.34943],[141.14335,38.34971],[141.14267,38.34863],[141.1446,38.34833],[141.14445,38.34755],[141.14639,38.34632],[141.14615,38.34497],[141.14778,38.34403],[141.1478,38.34359]]],[[[141.14986,38.34379],[141.15012,38.34406],[141.15048,38.34416],[141.15325,38.34523],[141.15321,38.34655],[141.15119,38.34585],[141.14983,38.34468],[141.14986,38.34379]]],[[[141.15012,38.34404],[141.14983,38.34363],[141.15028,38.34329],[141.1517,38.34331],[141.1534,38.34447],[141.15296,38.34501],[141.15088,38.34376],[141.15049,38.34414],[141.15012,38.34404]]],[[[141.15076,38.34659],[141.15041,38.34557],[141.15305,38.34697],[141.15326,38.34783],[141.15208,38.34799],[141.15076,38.34659]]]]},"properties":{"林班":"B002","市町村名称":"東松島市","旧市町村":null}},
{"type":"Feature","geometry":{"type":"MultiPolygon","coordinates":[[[[141.16337,38.33],[141.16518,38.33097],[141.16494,38.33264],[141.16542,38.33397],[141.16458,38.33467],[141.16329,38.33381],[141.16275,38.3317],[141.1622,38.33088],[141.16337,38.33]]],[[[141.16538,38.32899],[141.16628,38.32913],[141.16793,38.32727],[141.16892,38.32719],[141.17035,38.32682],[141.17047,38.32677],[141.17057,38.32667],[141.17066,38.32652],[141.17071,38.32571],[141.17058,38.3252],[141.17128,38.32494],[141.17163,38.32462],[141.17223,38.32452],[141.17271,38.32436],[141.17309,38.32448],[141.17347,38.32425],[141.17295,38.32554],[141.17177,38.3254],[141.17146,38.32678],[141.17026,38.32854],[141.16898,38.32912],[141.16895,38.32969],[141.16674,38.33196],[141.16625,38.33302],[141.16532,38.33337],[141.16557,38.33136],[141.16466,38.32946],[141.16538,38.32899]]],[[[141.167,38.32593],[141.16894,38.32621],[141.16934,38.32515],[141.16882,38.32468],[141.16956,38.32355],[141.17116,38.324],[141.17271,38.32334],[141.17368,38.32365],[141.17687,38.32116],[141.17675,38.32258],[141.17567,38.32456],[141.17346,38.32423],[141.17309,38.32445],[141.17271,38.32434],[141.17206,38.32455],[141.17166,38.32446],[141.17127,38.32492],[141.17054,38.32518],[141.17068,38.32571],[141.17053,38.32623],[141.17063,38.32653],[141.17057,38.32665],[141.1704,38.32679],[141.17021,38.32671],[141.16995,38.32668],[141.16958,38.32689],[141.16893,38.32716],[141.16791,38.32726],[141.167,38.32593]]]]},"properties":{"林班":"B007","市町村名称":"東松島市","旧市町村":null}},
{"type":"Feature","geometry":{"type":"MultiPolygon","coordinates":[[[[141.14947,38.32645],[141.15014,38.32666],[141.15139,38.32564],[141.1522,38.32565],[141.15064,38.32758],[141.14716,38.32989],[141.14554,38.32966],[141.14709,38.32849],[141.14884,38.32673],[141.14947,38.32645]]],[[[141.15145,38.32535],[141.15331,38.32336],[141.15358,38.32452],[141.15236,38.3247],[141.15145,38.32535]]],[[[141.15835,38.31707],[141.16082,38.31743],[141.16045,38.31864],[141.15916,38.3192],[141.15896,38.32083],[141.15771,38.32069],[141.15761,38.31822],[141.15676,38.31761],[141.15835,38.31707]]]]},"properties":{"林班":"B008","市町村名称":"東松島市","旧市町村":null}},
{"type":"Feature","geometry":{"type":"Polygon","coordinates":[[[141.16556,38.3378],[141.1666,38.33827],[141.16744,38.33927],[141.16778,38.34064],[141.16687,38.34175],[141.16685,38.34282],[141.16454,38.34278],[141.16386,38.34206],[141.16547,38.34162],[141.16396,38.3406],[141.16464,38.33908],[141.16434,38.33821],[141.16556,38.3378]]]},"properties":{"林班":"B005","市町村名称":"東松島市","旧市町村":null}},
{"type":"Feature","geometry":{"type":"MultiPolygon","coordinates":[[[[141.15805,38.33292],[141.15929,38.33185],[141.16157,38.33121],[141.16293,38.33336],[141.16298,38.3347],[141.16226,38.33475],[141.16165,38.33451],[141.16106,38.33447],[141.1608,38.33451],[141.16041,38.33443],[141.16017,38.33426],[141.15995,38.33423],[141.15986,38.33427],[141.1581,38.33462],[141.15805,38.33292]]],[[[141.15795,38.33739],[141.15664,38.33777],[141.15576,38.33623],[141.15468,38.3352],[141.1556,38.3343],[141.15626,38.33504],[141.15715,38.33412],[141.15798,38.33486],[141.15957,38.33471],[141.15976,38.33484],[141.15988,38.33427],[141.16015,38.33427],[141.16032,38.3344],[141.16052,38.33447],[141.1608,38.33452],[141.16192,38.33462],[141.16065,38.33567],[141.16031,38.33666],[141.1591,38.33787],[141.15848,38.33781],[141.15795,38.33739]]]]},"properties":{"林班":"B006","市町村名称":"東松島市","旧市町村":null}},
{"type":"Feature","geometry":{"type":"Polygon","coordinates":[[[141.15629,38.32779],[141.15897,38.3289],[141.15999,38.3304],[141.15735,38.3312],[141.15657,38.32995],[141.15683,38.32884],[141.15629,38.32779]]]},"properties":{"林班":"B009","市町村名称":"東松島市","旧市町村":null}},
{"type":"Feature","geometry":{"type":"Polygon","coordinates":[[[141.15215,38.33452],[141.1513,38.33408],[141.15115,38.33238],[141.15271,38.33167],[141.15256,38.33021],[141.15359,38.32959],[141.15393,38.3284],[141.15558,38.32881],[141.15661,38.33172],[141.15528,38.33171],[141.15477,38.33266],[141.15501,38.33369],[141.15458,38.33442],[141.15272,38.33436],[141.15215,38.33452]]]},"properties":{"林班":"B010","市町村名称":"東松島市","旧市町村":null}},
{"type":"Feature","geometry":{"type":"MultiPolygon","coordinates":[[[[141.14287,38.33309],[141.14461,38.33254],[141.14479,38.33341],[141.1441,38.33411],[141.14394,38.33538],[141.14277,38.33609],[141.14198,38.33591],[141.14192,38.33466],[141.14287,38.33309]]],[[[141.15272,38.33436],[141.15379,38.335],[141.15334,38.3358],[141.15051,38.33578],[141.15048,38.33459],[141.15215,38.33452],[141.15272,38.33436]]]]},"properties":{"林班":"B011","市町村名称":"東松島市","旧市町村":null}},
{"type":"Feature","geometry":{"type":"Polygon","coordinates":[[[141.13519,38.33325],[141.13635,38.33152],[141.1367,38.3328],[141.13519,38.33325]]]},"properties":{"林班":"B014","市町村名称":"東松島市","旧市町村":null}},
{"type":"Feature","geometry":{"type":"MultiPolygon","coordinates":[[[[141.13498,38.33713],[141.13654,38.3367],[141.1359,38.33822],[141.13634,38.33916],[141.13619,38.34066],[141.1347,38.34002],[141.13463,38.33743],[141.13498,38.33713]]],[[[141.13729,38.33646],[141.13813,38.3359],[141.1395,38.33699],[141.1388,38.33852],[141.1366,38.33783],[141.13729,38.33646]]]]},"properties":{"林班":"B015","市町村名称":"東松島市","旧市町村":null}},
{"type":"Feature","geometry":{"type":"Polygon","coordinates":[[[141.13773,38.33121],[141.13996,38.32977],[141.14103,38.33006],[141.1418,38.33101],[141.14309,38.33083],[141.14371,38.33186],[141.14153,38.33308],[141.13931,38.33258],[141.13854,38.33333],[141.13672,38.33278],[141.13773,38.33121]]]},"properties":{"林班":"B012","市町村名称":"東松島市","旧市町村":null}},
{"type":"Feature","geometry":{"type":"MultiPolygon","coordinates":[[[[141.13792,38.33406],[141.13799,38.33394],[141.13829,38.33343],[141.13898,38.33411],[141.13919,38.33626],[141.13749,38.33482],[141.13792,38.33406]]],[[[141.13987,38.33375],[141.14131,38.33471],[141.14136,38.3364],[141.13908,38.33492],[141.13987,38.33375]]]]},"properties":{"林班":"B013","市町村名称":"東松島市","旧市町村":null}},
{"type":"Feature","geometry":{"type":"MultiPolygon","coordinates":[[[[141.15072,38.37857],[141.15192,38.3778],[141.15314,38.37814],[141.15379,38.37914],[141.154,38.38163],[141.15372,38.38435],[141.15209,38.38432],[141.15059,38.38351],[141.14992,38.38224],[141.15063,38.38183],[141.15017,38.37972],[141.15072,38.37857]]],[[[141.15511,38.38114],[141.15638,38.38119],[141.1576,38.38011],[141.15918,38.38065],[141.161,38.38264],[141.16035,38.38457],[141.1598,38.3852],[141.15846,38.38523],[141.15813,38.38455],[141.15559,38.38489],[141.15471,38.38418],[141.1548,38.38153],[141.15511,38.38114]]],[[[141.16451,38.37965],[141.16408,38.38058],[141.16176,38.38215],[141.16072,38.38163],[141.16058,38.38083],[141.16272,38.38072],[141.16451,38.37965]]]]},"properties":{"林班":"B018","市町村名称":"東松島市","旧市町村":null}},
{"type":"Feature","geometry":{"type":"MultiPolygon","coordinates":[[[[141.14332,38.37806],[141.14409,38.37734],[141.14569,38.37791],[141.14705,38.37928],[141.14753,38.38054],[141.14707,38.38337],[141.14408,38.38386],[141.14448,38.3827],[141.14261,38.38304],[141.14123,38.38243],[141.14128,38.38088],[141.14317,38.37973],[141.14252,38.37864],[141.14332,38.37806]]],[[[141.15057,38.38409],[141.14887,38.38384],[141.14839,38.38294],[141.14835,38.38154],[141.1477,38.37953],[141.14657,38.37764],[141.14998,38.37789],[141.15072,38.37857],[141.15017,38.37972],[141.15063,38.38183],[141.14992,38.38224],[141.15059,38.38351],[141.15071,38.38366],[141.15057,38.38409]]]]},"properties":{"林班":"B019","市町村名称":"東松島市","旧市町村":null}},
{"type":"Feature","geometry":{"type":"MultiPolygon","coordinates":[[[[141.15651,38.35953],[141.15687,38.36118],[141.15805,38.36382],[141.1589,38.36513],[141.15754,38.365],[141.15668,38.36244],[141.15626,38.35974],[141.15651,38.35953]]],[[[141.15166,38.37021],[141.15059,38.36947],[141.1505,38.36794],[141.15231,38.36972],[141.15166,38.37021]]],[[[141.15815,38.37088],[141.15867,38.37156],[141.15588,38.37231],[141.15593,38.37138],[141.15815,38.37088]]],[[[141.16027,38.367],[141.16221,38.36918],[141.16151,38.36978],[141.1599,38.36819],[141.15787,38.36558],[141.15895,38.36521],[141.16027,38.367]]],[[[141.16378,38.37048],[141.1637,38.37135],[141.16156,38.36983],[141.16225,38.36921],[141.16378,38.37048]]],[[[141.16589,38.37273],[141.16382,38.37144],[141.16442,38.37098],[141.16559,38.3719],[141.16589,38.37273],[141.16585,38.37265],[141.16589,38.37273]]],[[[141.16659,38.37233],[141.16811,38.37287],[141.16712,38.37373],[141.16647,38.37311],[141.16659,38.37233]]],[[[141.16956,38.37428],[141.17003,38.37415],[141.17182,38.37542],[141.17191,38.37531],[141.17201,38.37518],[141.17191,38.37531],[141.17182,38.37542],[141.17055,38.37481],[141.16956,38.37428]]],[[[141.1666,38.37643],[141.16783,38.37647],[141.16797,38.3776],[141.16644,38.37688],[141.1666,38.37643]]]]},"properties":{"林班":"B016","市町村名称":"東松島市","旧市町村":null}},
{"type":"Feature","geometry":{"type":"MultiPolygon","coordinates":[[[[141.14839,38.36955],[141.14919,38.37095],[141.14803,38.3709],[141.14839,38.36955]]],[[[141.15171,38.37594],[141.15027,38.37563],[141.14885,38.37485],[141.14745,38.37506],[141.14724,38.37407],[141.14884,38.3733],[141.14833,38.37208],[141.15036,38.37282],[141.1499,38.37468],[141.15054,38.37542],[141.15183,38.37497],[141.15272,38.3754],[141.15221,38.37632],[141.15171,38.37594]]],[[[141.14582,38.37281],[141.14532,38.37435],[141.14421,38.37466],[141.14514,38.37406],[141.14582,38.37281]]],[[[141.15555,38.37473],[141.15638,38.37553],[141.156,38.37623],[141.15717,38.3766],[141.15729,38.37799],[141.15615,38.37844],[141.15468,38.3775],[141.1549,38.37615],[141.15555,38.37473]]],[[[141.15962,38.38027],[141.15824,38.37922],[141.16043,38.37873],[141.16113,38.37743],[141.16301,38.37673],[141.1637,38.37751],[141.16522,38.37776],[141.1653,38.37929],[141.16328,38.37866],[141.16325,38.37941],[141.16451,38.37965],[141.16272,38.38072],[141.16058,38.38083],[141.16058,38.38078],[141.15962,38.38027]]],[[[141.16548,38.37786],[141.16731,38.37874],[141.16743,38.37935],[141.16545,38.37971],[141.16548,38.37786]]]]},"properties":{"林班":"B017","市町村名称":"東松島市","旧市町村":null}},
{"type":"Feature","geometry":{"type":"Polygon","coordinates":[[[141.41396,38.5746],[141.41426,38.57384],[141.41334,38.57212],[141.4137,38.57161],[141.41657,38.57012],[141.41744,38.56922],[141.41871,38.56872],[141.42072,38.56712],[141.42137,38.5661],[141.4226,38.56508],[141.4212,38.56391],[141.42046,38.56228],[141.42229,38.56279],[141.42296,38.56209],[141.42546,38.56422],[141.42612,38.56678],[141.42414,38.56734],[141.42386,38.56852],[141.42249,38.56974],[141.4206,38.56968],[141.41979,38.57099],[141.41802,38.57122],[141.4171,38.5725],[141.41598,38.57263],[141.41584,38.57391],[141.41649,38.57419],[141.41512,38.57506],[141.41396,38.5746]]]},"properties":{"林班":"F022","市町村名称":"石巻市","旧市町村":null}},
{"type":"Feature","geometry":{"type":"Polygon","coordinates":[[[141.40384,38.60213],[141.4043,38.60209],[141.4048,38.6022],[141.40511,38.60212],[141.40506,38.60228],[141.40546,38.60215],[141.40607,38.60233],[141.40588,38.60265],[141.40607,38.60233],[141.40546,38.60215],[141.40556,38.60192],[141.40599,38.6019],[141.4067,38.60228],[141.40788,38.60231],[141.40957,38.60337],[141.4106,38.60331],[141.41277,38.60476],[141.41434,38.60509],[141.41501,38.60627],[141.41049,38.60961],[141.40963,38.61094],[141.40853,38.61085],[141.40518,38.60947],[141.40415,38.6099],[141.40142,38.60946],[141.40108,38.60863],[141.40108,38.60862],[141.40094,38.60723],[141.40098,38.60692],[141.40094,38.60689],[141.40048,38.60672],[141.40034,38.60649],[141.40028,38.6063],[141.40025,38.60623],[141.39987,38.60573],[141.39979,38.60558],[141.39975,38.60553],[141.39953,38.60527],[141.39951,38.60525],[141.39898,38.60498],[141.39869,38.60488],[141.39854,38.60482],[141.39845,38.60474],[141.39832,38.6046],[141.39813,38.60432],[141.3979,38.60417],[141.39788,38.60415],[141.39781,38.60409],[141.399,38.60359],[141.40243,38.60228],[141.40384,38.60213]]]},"properties":{"林班":"F021","市町村名称":"石巻市","旧市町村":null}},
{"type":"Feature","geometry":{"type":"MultiPolygon","coordinates":[[[[141.40862,38.59665],[141.4092,38.59694],[141.40659,38.59806],[141.40649,38.59993],[141.40743,38.60197],[141.40788,38.60231],[141.4067,38.60228],[141.40599,38.6019],[141.40556,38.60192],[141.40511,38.60212],[141.4048,38.6022],[141.4043,38.60209],[141.40384,38.60213],[141.40243,38.60228],[141.399,38.60359],[141.39733,38.60382],[141.39774,38.60234],[141.39984,38.60005],[141.39982,38.5981],[141.40106,38.59713],[141.40112,38.59615],[141.40122,38.59514],[141.40537,38.59416],[141.40701,38.59469],[141.40764,38.59496],[141.40775,38.59507],[141.4081,38.59515],[141.40859,38.59517],[141.4092,38.59694],[141.40862,38.59665]]],[[[141.40357,38.5959],[141.40336,38.59576],[141.40288,38.59553],[141.40181,38.59527],[141.40288,38.59553],[141.40336,38.59576],[141.40357,38.5959]]]]},"properties":{"林班":"F020","市町村名称":"石巻市","旧市町村":null}},
{"type":"Feature","geometry":{"type":"MultiPolygon","coordinates":[[[[141.40952,38.58981],[141.40971,38.589],[141.40984,38.58797],[141.40981,38.58874],[141.40992,38.58905],[141.41236,38.59096],[141.41294,38.59154],[141.41305,38.59184],[141.41306,38.59285],[141.41292,38.59332],[141.41154,38.593],[141.41138,38.59268],[141.41176,38.59239],[141.41163,38.59215],[141.41052,38.59232],[141.40836,38.59383],[141.409,38.5924],[141.40962,38.59134],[141.4096,38.59006],[141.40952,38.58981]]],[[[141.41057,38.59298],[141.41066,38.59234],[141.41162,38.59221],[141.41131,38.59267],[141.41142,38.59298],[141.41218,38.59322],[141.4132,38.59388],[141.41297,38.59334],[141.41312,38.59274],[141.41313,38.59203],[141.41301,38.59154],[141.41081,38.58956],[141.41002,38.58909],[141.40986,38.5887],[141.41062,38.58653],[141.41023,38.58529],[141.41095,38.58343],[141.41102,38.58307],[141.4113,38.58259],[141.41147,38.58251],[141.41176,38.58212],[141.41177,38.58208],[141.41181,38.582],[141.41182,38.58198],[141.41183,38.58194],[141.4119,38.58181],[141.41258,38.58164],[141.41264,38.58173],[141.41291,38.58171],[141.41306,38.58166],[141.41306,38.58172],[141.4133,38.58175],[141.41469,38.58237],[141.41291,38.58294],[141.41275,38.58658],[141.41389,38.5876],[141.41577,38.58822],[141.41767,38.58973],[141.41864,38.59096],[141.42004,38.59167],[141.42048,38.59337],[141.42006,38.59405],[141.41717,38.59387],[141.41635,38.59422],[141.41512,38.59561],[141.41491,38.59667],[141.41177,38.59781],[141.41156,38.59871],[141.41018,38.59801],[141.40982,38.59697],[141.40859,38.59517],[141.4099,38.59391],[141.41057,38.59298]]],[[[141.4081,38.59515],[141.40764,38.59496],[141.40767,38.59479],[141.40801,38.59459],[141.40834,38.59388],[141.41057,38.59298],[141.4099,38.59391],[141.40859,38.59517],[141.4081,38.59515]]]]},"properties":{"林班":"F026","市町村名称":"石巻市","旧市町村":null}},
{"type":"Feature","geometry":{"type":"Polygon","coordinates":[[[141.40537,38.59416],[141.40486,38.59239],[141.40396,38.5917],[141.40356,38.58994],[141.40412,38.58944],[141.40405,38.58813],[141.40612,38.58809],[141.4083,38.58659],[141.40993,38.58607],[141.40998,38.58768],[141.40984,38.58797],[141.40971,38.589],[141.40952,38.58981],[141.4096,38.59006],[141.40962,38.59134],[141.409,38.5924],[141.40836,38.59383],[141.40844,38.59229],[141.40773,38.59217],[141.40759,38.59169],[141.40733,38.59165],[141.40707,38.59188],[141.4065,38.59169],[141.40601,38.59074],[141.40644,38.59173],[141.40687,38.59193],[141.40725,38.5919],[141.40755,38.59176],[141.40766,38.59223],[141.40837,38.59234],[141.40834,38.59388],[141.40801,38.59459],[141.40767,38.59479],[141.40764,38.59496],[141.40701,38.59469],[141.40537,38.59416]]]},"properties":{"林班":"F025","市町村名称":"石巻市","旧市町村":null}},
{"type":"Feature","geometry":{"type":"MultiPolygon","coordinates":[[[[141.40713,38.58384],[141.40741,38.58294],[141.40835,38.58202],[141.40846,38.58102],[141.40877,38.5787],[141.41055,38.57798],[141.41194,38.57766],[141.41321,38.57792],[141.41446,38.57698],[141.41692,38.57542],[141.41792,38.57547],[141.41988,38.57555],[141.42076,38.57573],[141.42063,38.57666],[141.41952,38.57771],[141.41872,38.58012],[141.41673,38.58103],[141.41342,38.5817],[141.41303,38.58158],[141.41213,38.5816],[141.41183,38.58176],[141.41057,38.58314],[141.40988,38.58494],[141.40993,38.58607],[141.4083,38.58659],[141.40612,38.58809],[141.40405,38.58813],[141.40468,38.58784],[141.40715,38.58465],[141.40713,38.58384]]],[[[141.41095,38.58343],[141.41061,38.58315],[141.41185,38.58178],[141.41219,38.58163],[141.41308,38.58162],[141.41342,38.58173],[141.41428,38.58205],[141.41335,38.58174],[141.41306,38.58172],[141.41306,38.58166],[141.41291,38.58171],[141.41264,38.58173],[141.4119,38.58181],[141.41183,38.58194],[141.41182,38.58198],[141.41181,38.582],[141.41177,38.58208],[141.4113,38.58259],[141.41102,38.58307],[141.41095,38.58343]]],[[[141.40996,38.58605],[141.41023,38.58529],[141.41003,38.58603],[141.40996,38.58605]]]]},"properties":{"林班":"F024","市町村名称":"石巻市","旧市町村":null}},
{"type":"Feature","geometry":{"type":"MultiPolygon","coordinates":[[[[141.40851,38.5759],[141.41086,38.57589],[141.41214,38.57498],[141.41359,38.57513],[141.41396,38.5746],[141.41512,38.57506],[141.41649,38.57419],[141.41726,38.57316],[141.4216,38.57214],[141.42014,38.57136],[141.42083,38.571],[141.42302,38.57114],[141.42352,38.57046],[141.42547,38.57004],[141.42589,38.57055],[141.42421,38.57111],[141.42441,38.57354],[141.42225,38.57467],[141.42076,38.57573],[141.41988,38.57555],[141.41792,38.57547],[141.41692,38.57542],[141.41446,38.57698],[141.41194,38.57766],[141.41055,38.57798],[141.40848,38.57713],[141.40752,38.5767],[141.40851,38.5759]]],[[[141.40846,38.58102],[141.40734,38.57992],[141.40753,38.57864],[141.40838,38.57751],[141.40877,38.5787],[141.40846,38.58102]]],[[[141.43295,38.5683],[141.43357,38.56823],[141.43524,38.56923],[141.43442,38.57004],[141.43259,38.57064],[141.43128,38.56971],[141.43295,38.5683]]]]},"properties":{"林班":"F023","市町村名称":"石巻市","旧市町村":null}},
{"type":"Feature","geometry":{"type":"MultiPolygon","coordinates":[[[[141.12498,38.38523],[141.12422,38.3852],[141.12526,38.38437],[141.12629,38.38404],[141.12644,38.38295],[141.12997,38.38121],[141.13075,38.38239],[141.13103,38.38377],[141.12812,38.38447],[141.12553,38.38482],[141.12498,38.38523]],[[141.12683,38.38385],[141.12676,38.38386],[141.12671,38.38391],[141.12684,38.38435],[141.12671,38.38391],[141.12676,38.38386],[141.12683,38.38385]]],[[[141.13383,38.37963],[141.13323,38.37846],[141.13745,38.37777],[141.13941,38.37922],[141.13949,38.38043],[141.14038,38.38155],[141.14069,38.38265],[141.14018,38.38308],[141.13771,38.38317],[141.13682,38.38025],[141.13736,38.37913],[141.136,38.3786],[141.1357,38.37958],[141.13383,38.37963]]],[[[141.13138,38.37938],[141.13193,38.38167],[141.13104,38.38125],[141.13047,38.37951],[141.13138,38.37938]]],[[[141.13383,38.37963],[141.1342,38.38101],[141.13532,38.38156],[141.13593,38.38351],[141.13445,38.38287],[141.13337,38.3829],[141.13212,38.38172],[141.13264,38.38106],[141.13269,38.37961],[141.13383,38.37963]]],[[[141.14073,38.38168],[141.14128,38.38088],[141.14123,38.38243],[141.14073,38.38168]]],[[[141.13731,38.3825],[141.13655,38.38328],[141.13573,38.38188],[141.13707,38.38151],[141.13731,38.3825]]]]},"properties":{"林班":"B021","市町村名称":"東松島市","旧市町村":null}},
{"type":"Feature","geometry":{"type":"Polygon","coordinates":[[[141.4307,38.57782],[141.43152,38.57705],[141.43275,38.57688],[141.43443,38.57547],[141.43556,38.575],[141.43635,38.57612],[141.43804,38.57564],[141.43829,38.57675],[141.43602,38.57877],[141.43514,38.57927],[141.43451,38.5821],[141.43496,38.58249],[141.43494,38.58275],[141.43126,38.58578],[141.4313,38.58649],[141.4297,38.58739],[141.42862,38.58669],[141.42991,38.5856],[141.43073,38.58333],[141.43106,38.58152],[141.4317,38.58025],[141.43064,38.57942],[141.4307,38.57782]],[[141.43315,38.57878],[141.43466,38.57846],[141.43704,38.57699],[141.43549,38.57657],[141.4346,38.57767],[141.43315,38.57878]]]},"properties":{"林班":"F029","市町村名称":"石巻市","旧市町村":null}},
{"type":"Feature","geometry":{"type":"MultiPolygon","coordinates":[[[[141.12552,38.38531],[141.13098,38.38462],[141.13288,38.3848],[141.13353,38.3854],[141.13214,38.38764],[141.13101,38.38891],[141.12952,38.38971],[141.12889,38.38948],[141.12819,38.38816],[141.12698,38.3884],[141.12566,38.38953],[141.1247,38.38706],[141.12552,38.38531]]],[[[141.12498,38.38523],[141.12406,38.38736],[141.12318,38.38656],[141.12498,38.38523]]],[[[141.12521,38.39185],[141.12622,38.39068],[141.12724,38.39147],[141.1275,38.39325],[141.12625,38.39406],[141.12478,38.39261],[141.12521,38.39185]]],[[[141.12826,38.39161],[141.12867,38.39073],[141.13079,38.38964],[141.13114,38.3906],[141.13018,38.39169],[141.12826,38.39161]]],[[[141.13604,38.38738],[141.13483,38.38688],[141.13438,38.38779],[141.13321,38.38807],[141.13237,38.38891],[141.13195,38.3901],[141.13105,38.38954],[141.13234,38.38842],[141.13379,38.38671],[141.13503,38.38601],[141.13635,38.38719],[141.13604,38.38738]]],[[[141.13642,38.38716],[141.13617,38.38655],[141.13478,38.38561],[141.13555,38.38508],[141.14105,38.38488],[141.1427,38.38562],[141.14267,38.38622],[141.14122,38.38659],[141.13979,38.38628],[141.13895,38.38527],[141.1369,38.38578],[141.13707,38.38667],[141.13642,38.38716]]]]},"properties":{"林班":"B022","市町村名称":"東松島市","旧市町村":null}},
{"type":"Feature","geometry":{"type":"Polygon","coordinates":[[[141.42513,38.57984],[141.42577,38.57863],[141.42482,38.57784],[141.42485,38.57681],[141.42747,38.57613],[141.42805,38.57534],[141.42969,38.5742],[141.43123,38.57453],[141.43236,38.57314],[141.43318,38.57455],[141.43224,38.5763],[141.43145,38.57627],[141.4307,38.57782],[141.4303,38.57901],[141.43053,38.57952],[141.4317,38.58025],[141.43106,38.58152],[141.43073,38.58333],[141.42991,38.5856],[141.42862,38.58669],[141.42888,38.58547],[141.4278,38.58344],[141.42693,38.58384],[141.42765,38.58577],[141.42588,38.58503],[141.42577,38.58191],[141.42513,38.58078],[141.42513,38.57984]]]},"properties":{"林班":"F028","市町村名称":"石巻市","旧市町村":null}},
{"type":"Feature","geometry":{"type":"Polygon","coordinates":[[[141.42513,38.57984],[141.42234,38.5785],[141.42129,38.57729],[141.42271,38.57559],[141.42523,38.57445],[141.42618,38.57211],[141.42749,38.57136],[141.42937,38.57085],[141.43122,38.57264],[141.43236,38.57314],[141.43123,38.57453],[141.42969,38.5742],[141.42805,38.57534],[141.42747,38.57613],[141.42485,38.57681],[141.42482,38.57784],[141.42577,38.57863],[141.42513,38.57984]]]},"properties":{"林班":"F027","市町村名称":"石巻市","旧市町村":null}},
{"type":"Feature","geometry":{"type":"MultiPolygon","coordinates":[[[[141.13258,38.36002],[141.13343,38.36125],[141.1322,38.36138],[141.13258,38.36002]]],[[[141.13542,38.36053],[141.13756,38.3608],[141.13684,38.36192],[141.13527,38.36255],[141.13408,38.36147],[141.13542,38.36053]]],[[[141.13529,38.37432],[141.13724,38.3729],[141.13884,38.37293],[141.14015,38.37245],[141.13943,38.37451],[141.13714,38.37623],[141.13482,38.37511],[141.13529,38.37432]]],[[[141.14421,38.37466],[141.14273,38.37468],[141.14169,38.37531],[141.14017,38.37466],[141.14077,38.37335],[141.14439,38.374],[141.1444,38.37301],[141.14582,38.37281],[141.14514,38.37406],[141.14421,38.37466]]],[[[141.14072,38.37575],[141.14103,38.37654],[141.1396,38.37726],[141.13855,38.37644],[141.14058,38.37624],[141.14072,38.37575]]],[[[141.14073,38.38168],[141.13977,38.38071],[141.14064,38.37987],[141.14149,38.38056],[141.14179,38.37819],[141.14332,38.37806],[141.14252,38.37864],[141.14317,38.37973],[141.14128,38.38088],[141.14073,38.38168]]]]},"properties":{"林班":"B020","市町村名称":"東松島市","旧市町村":null}},
{"type":"Feature","geometry":{"type":"MultiPolygon","coordinates":[[[[141.14038,38.39292],[141.13895,38.39065],[141.13827,38.3889],[141.13714,38.38854],[141.13642,38.38716],[141.13707,38.38667],[141.1369,38.38578],[141.13895,38.38527],[141.13979,38.38628],[141.14122,38.38659],[141.14154,38.38749],[141.14266,38.38779],[141.14321,38.3885],[141.14184,38.39027],[141.142,38.39099],[141.14038,38.39292]]],[[[141.13635,38.38719],[141.13703,38.38855],[141.1349,38.38856],[141.1348,38.38761],[141.13604,38.38738],[141.13635,38.38719]]],[[[141.13496,38.39158],[141.13497,38.38915],[141.13772,38.38916],[141.1381,38.39057],[141.13925,38.3925],[141.13923,38.39297],[141.13697,38.39245],[141.13554,38.3927],[141.13496,38.39158]]]]},"properties":{"林班":"B025","市町村名称":"東松島市","旧市町村":null}},
{"type":"Feature","geometry":{"type":"Polygon","coordinates":[[[141.13554,38.3927],[141.13697,38.39245],[141.13923,38.39297],[141.13938,38.3935],[141.14366,38.39633],[141.14337,38.3978],[141.14576,38.39757],[141.14653,38.39806],[141.14661,38.39907],[141.14545,38.39993],[141.14222,38.40053],[141.13959,38.40002],[141.13616,38.39843],[141.13496,38.39711],[141.13618,38.39629],[141.1363,38.39517],[141.13554,38.3927]]]},"properties":{"林班":"B026","市町村名称":"東松島市","旧市町村":null}},
{"type":"Feature","geometry":{"type":"MultiPolygon","coordinates":[[[[141.14122,38.38659],[141.14267,38.38622],[141.1427,38.38562],[141.14636,38.38697],[141.14997,38.38751],[141.15169,38.39114],[141.15269,38.39165],[141.15166,38.39182],[141.15125,38.39183],[141.15104,38.39145],[141.15078,38.39182],[141.15031,38.39186],[141.14902,38.39114],[141.14829,38.39022],[141.14636,38.39056],[141.14584,38.38867],[141.14416,38.38906],[141.14321,38.3885],[141.14266,38.38779],[141.14154,38.38749],[141.14122,38.38659]]],[[[141.15133,38.3893],[141.15302,38.3897],[141.15368,38.39037],[141.15273,38.39097],[141.15137,38.38983],[141.15133,38.3893]]]]},"properties":{"林班":"B023","市町村名称":"東松島市","旧市町村":null}},
{"type":"Feature","geometry":{"type":"Polygon","coordinates":[[[141.39361,38.56747],[141.39537,38.56566],[141.3968,38.563],[141.3977,38.56218],[141.40078,38.56118],[141.40186,38.56057],[141.40359,38.5585],[141.40489,38.55804],[141.40622,38.55632],[141.40867,38.5557],[141.4099,38.55506],[141.41014,38.55431],[141.41038,38.55517],[141.40932,38.55687],[141.41079,38.55684],[141.41216,38.55756],[141.41056,38.5587],[141.41215,38.55973],[141.40914,38.5596],[141.40775,38.55828],[141.40638,38.55824],[141.40627,38.56119],[141.40865,38.56246],[141.40799,38.56285],[141.40514,38.56201],[141.40449,38.56289],[141.4056,38.5628],[141.40747,38.56363],[141.40726,38.56499],[141.40538,38.56555],[141.40532,38.56484],[141.40333,38.56468],[141.40208,38.56407],[141.40242,38.56318],[141.40064,38.56401],[141.39882,38.56595],[141.39766,38.56667],[141.39651,38.5668],[141.39455,38.56778],[141.39361,38.56747]]]},"properties":{"林班":"F009","市町村名称":"石巻市","旧市町村":null}},
{"type":"Feature","geometry":{"type":"MultiPolygon","coordinates":[[[[141.14321,38.3885],[141.14416,38.38906],[141.14584,38.38867],[141.14636,38.39056],[141.14829,38.39022],[141.14902,38.39114],[141.15031,38.39186],[141.1501,38.39188],[141.1499,38.39195],[141.14962,38.39224],[141.14834,38.39129],[141.14763,38.39102],[141.14701,38.39105],[141.14709,38.39155],[141.14764,38.39123],[141.14848,38.39173],[141.14925,38.39241],[141.15078,38.39421],[141.14989,38.39476],[141.14942,38.39583],[141.14785,38.39569],[141.14693,38.39624],[141.14414,38.39515],[141.14038,38.39292],[141.142,38.39099],[141.14184,38.39027],[141.14321,38.3885]]],[[[141.15003,38.39204],[141.1501,38.39189],[141.15075,38.39183],[141.152,38.39292],[141.15038,38.393],[141.15003,38.39204]]]]},"properties":{"林班":"B024","市町村名称":"東松島市","旧市町村":null}},
{"type":"Feature","geometry":{"type":"MultiPolygon","coordinates":[[[[141.14525,38.40866],[141.1435,38.40835],[141.14245,38.40681],[141.14097,38.4068],[141.13934,38.40562],[141.13916,38.4045],[141.14117,38.4046],[141.14083,38.40542],[141.14364,38.40637],[141.14436,38.40792],[141.14525,38.40866]]],[[[141.14211,38.40479],[141.14668,38.40399],[141.14756,38.40372],[141.14762,38.40388],[141.1463,38.40602],[141.14592,38.4071],[141.14393,38.40586],[141.14222,38.40557],[141.14211,38.40479]]]]},"properties":{"林班":"B029","市町村名称":"東松島市","旧市町村":null}},
{"type":"Feature","geometry":{"type":"MultiPolygon","coordinates":[[[[141.12743,38.39678],[141.12801,38.39507],[141.13082,38.39509],[141.13158,38.39632],[141.1309,38.39748],[141.12895,38.39806],[141.12793,38.39769],[141.12838,38.39737],[141.12755,38.39755],[141.12756,38.39682],[141.12743,38.39678]]],[[[141.12656,38.39712],[141.12725,38.39597],[141.12676,38.39721],[141.12656,38.39712]]],[[[141.13022,38.39391],[141.13151,38.39305],[141.13309,38.3928],[141.13394,38.39406],[141.13363,38.39542],[141.1322,38.39536],[141.13166,38.39434],[141.13022,38.39391]]],[[[141.12895,38.39806],[141.13046,38.39836],[141.13191,38.39671],[141.13342,38.39626],[141.13407,38.3969],[141.1334,38.3976],[141.13252,38.39723],[141.1314,38.39858],[141.12978,38.39931],[141.1292,38.3985],[141.12895,38.39806]]],[[[141.1363,38.39517],[141.13479,38.39646],[141.13412,38.39559],[141.13486,38.39472],[141.13391,38.39266],[141.1341,38.39157],[141.13496,38.39158],[141.13554,38.3927],[141.1363,38.39517]]]]},"properties":{"林班":"B027","市町村名称":"東松島市","旧市町村":null}},
{"type":"Feature","geometry":{"type":"MultiPolygon","coordinates":[[[[141.12978,38.39931],[141.1314,38.39858],[141.13252,38.39723],[141.1334,38.3976],[141.13542,38.39877],[141.13437,38.39967],[141.13379,38.40079],[141.133,38.4004],[141.13175,38.4007],[141.13062,38.40032],[141.12978,38.39931]]],[[[141.13549,38.39957],[141.13655,38.39951],[141.13796,38.40051],[141.13774,38.40139],[141.13558,38.4019],[141.13431,38.40325],[141.13278,38.40371],[141.13255,38.40319],[141.13267,38.40223],[141.13471,38.40064],[141.13549,38.39957]]],[[[141.13604,38.40427],[141.1372,38.40366],[141.13734,38.40235],[141.13906,38.40111],[141.14205,38.4021],[141.14278,38.40267],[141.14215,38.40392],[141.1437,38.40353],[141.14513,38.40394],[141.14561,38.40318],[141.1469,38.40297],[141.14668,38.40399],[141.14211,38.40479],[141.14117,38.4046],[141.13916,38.4045],[141.13858,38.40396],[141.1363,38.40442],[141.13604,38.40427]]],[[[141.14756,38.40372],[141.14832,38.40337],[141.14784,38.40388],[141.14762,38.40388],[141.14756,38.40372]]]]},"properties":{"林班":"B028","市町村名称":"東松島市","旧市町村":null}},
{"type":"Feature","geometry":{"type":"Polygon","coordinates":[[[141.38419,38.57173],[141.38536,38.56977],[141.38622,38.57007],[141.38718,38.57162],[141.38876,38.57123],[141.38937,38.57192],[141.39138,38.57161],[141.39193,38.57055],[141.39453,38.56979],[141.39775,38.57153],[141.39958,38.57289],[141.40004,38.57355],[141.39979,38.57497],[141.39851,38.576],[141.39759,38.5761],[141.39642,38.5774],[141.3944,38.57845],[141.39153,38.57925],[141.39038,38.57916],[141.38854,38.57806],[141.38729,38.57644],[141.38697,38.57479],[141.38596,38.57414],[141.38419,38.57173]],[[141.39311,38.57499],[141.39316,38.57585],[141.39417,38.57702],[141.3948,38.57582],[141.39452,38.57468],[141.39311,38.57499]]]},"properties":{"林班":"F011","市町村名称":"石巻市","旧市町村":null}},
{"type":"Feature","geometry":{"type":"Polygon","coordinates":[[[141.4059,38.56697],[141.40511,38.56758],[141.40594,38.56822],[141.40643,38.56929],[141.4049,38.57028],[141.40418,38.57002],[141.40388,38.572],[141.4014,38.57376],[141.40098,38.57216],[141.39971,38.57145],[141.39733,38.56953],[141.39663,38.56833],[141.39774,38.56759],[141.39967,38.56825],[141.40112,38.56918],[141.40175,38.56867],[141.40298,38.56877],[141.4024,38.56748],[141.40237,38.56636],[141.4015,38.5658],[141.39991,38.5657],[141.40088,38.56442],[141.40208,38.56407],[141.40333,38.56468],[141.40452,38.56512],[141.40495,38.56585],[141.4059,38.56697]]]},"properties":{"林班":"F010","市町村名称":"石巻市","旧市町村":null}},
{"type":"Feature","geometry":{"type":"Polygon","coordinates":[[[141.40685,38.57227],[141.40845,38.57213],[141.40872,38.57114],[141.41001,38.57088],[141.41098,38.56977],[141.41116,38.56883],[141.41286,38.56791],[141.4137,38.56846],[141.41526,38.56743],[141.41567,38.56395],[141.41683,38.56323],[141.41762,38.56386],[141.41729,38.56485],[141.41824,38.56537],[141.41874,38.56495],[141.42069,38.56511],[141.41974,38.56361],[141.42046,38.56228],[141.4212,38.56391],[141.4226,38.56508],[141.42137,38.5661],[141.42072,38.56712],[141.41871,38.56872],[141.41744,38.56922],[141.41657,38.57012],[141.4137,38.57161],[141.41334,38.57212],[141.41426,38.57384],[141.41396,38.5746],[141.41359,38.57513],[141.41214,38.57498],[141.41086,38.57589],[141.40851,38.5759],[141.407,38.57516],[141.40656,38.57421],[141.40685,38.57227]]]},"properties":{"林班":"F015","市町村名称":"石巻市","旧市町村":null}},
{"type":"Feature","geometry":{"type":"Polygon","coordinates":[[[141.40129,38.57579],[141.40259,38.57634],[141.40429,38.57762],[141.40467,38.57658],[141.40371,38.57544],[141.40329,38.57378],[141.40528,38.5731],[141.40685,38.57227],[141.40656,38.57421],[141.407,38.57516],[141.40851,38.5759],[141.40752,38.5767],[141.40848,38.57713],[141.40838,38.57751],[141.40753,38.57864],[141.40734,38.57992],[141.40846,38.58102],[141.40835,38.58202],[141.40741,38.58294],[141.40713,38.58384],[141.40579,38.58202],[141.40442,38.58176],[141.40113,38.58437],[141.39968,38.5837],[141.40055,38.5829],[141.39951,38.58198],[141.40136,38.58029],[141.40185,38.57953],[141.40091,38.57874],[141.40185,38.57758],[141.40129,38.57579]]]},"properties":{"林班":"F014","市町村名称":"石巻市","旧市町村":null}},
{"type":"Feature","geometry":{"type":"MultiPolygon","coordinates":[[[[141.38632,38.57915],[141.38478,38.57906],[141.38398,38.57943],[141.38483,38.57845],[141.38632,38.57915]]],[[[141.39951,38.58198],[141.39824,38.58014],[141.39636,38.58026],[141.39597,38.58155],[141.39461,38.58167],[141.39233,38.57966],[141.39505,38.57961],[141.3973,38.57873],[141.39863,38.57752],[141.39994,38.57771],[141.40129,38.57579],[141.40185,38.57758],[141.40091,38.57874],[141.40185,38.57953],[141.40136,38.58029],[141.39951,38.58198]]]]},"properties":{"林班":"F013","市町村名称":"石巻市","旧市町村":null}},
{"type":"Feature","geometry":{"type":"Polygon","coordinates":[[[141.38402,38.57951],[141.3824,38.57933],[141.38159,38.5785],[141.38044,38.57811],[141.37907,38.57631],[141.37813,38.57343],[141.37871,38.57249],[141.37796,38.57151],[141.3775,38.56919],[141.37827,38.56895],[141.38111,38.56971],[141.38419,38.57173],[141.38596,38.57414],[141.38697,38.57479],[141.38729,38.57644],[141.38854,38.57806],[141.38875,38.57898],[141.38789,38.57971],[141.38632,38.57915],[141.38483,38.57845],[141.38398,38.57943],[141.38399,38.57947],[141.38402,38.57951]]]},"properties":{"林班":"F012","市町村名称":"石巻市","旧市町村":null}},
{"type":"Feature","geometry":{"type":"Polygon","coordinates":[[[141.36779,38.58746],[141.3681,38.5844],[141.36768,38.583],[141.36855,38.58125],[141.37045,38.57992],[141.37297,38.57974],[141.37447,38.58078],[141.37477,38.58469],[141.37442,38.58596],[141.37451,38.58867],[141.37576,38.58915],[141.37606,38.59003],[141.37367,38.58966],[141.37362,38.58967],[141.3733,38.58979],[141.3719,38.59088],[141.37118,38.59186],[141.37027,38.59196],[141.37017,38.59193],[141.36978,38.59176],[141.36908,38.59138],[141.36902,38.59136],[141.36852,38.59094],[141.36805,38.59071],[141.36794,38.59037],[141.36753,38.58898],[141.36779,38.58746]]]},"properties":{"林班":"F019","市町村名称":"石巻市","旧市町村":null}},
{"type":"Feature","geometry":{"type":"MultiPolygon","coordinates":[[[[141.13035,38.40608],[141.13144,38.40463],[141.13269,38.40675],[141.13192,38.40904],[141.1313,38.40978],[141.13026,38.40996],[141.12943,38.40939],[141.12921,38.4084],[141.13035,38.40608]]],[[[141.13113,38.41051],[141.1324,38.4105],[141.13372,38.41205],[141.13379,38.41342],[141.13131,38.41275],[141.13008,38.41167],[141.13113,38.41051]]],[[[141.13351,38.40352],[141.13426,38.40328],[141.13577,38.40414],[141.13325,38.40503],[141.13201,38.40362],[141.13286,38.40375],[141.13351,38.40352]]],[[[141.13382,38.40906],[141.13252,38.40904],[141.13288,38.40779],[141.13366,38.40673],[141.13488,38.40701],[141.13382,38.40906]]],[[[141.13486,38.40695],[141.13418,38.40609],[141.13495,38.4059],[141.13532,38.40485],[141.13604,38.40427],[141.1363,38.40442],[141.13563,38.40629],[141.13482,38.40678],[141.13486,38.40695]]]]},"properties":{"林班":"B032","市町村名称":"東松島市","旧市町村":null}},
{"type":"Feature","geometry":{"type":"MultiPolygon","coordinates":[[[[141.35542,38.58662],[141.35825,38.58518],[141.36201,38.58523],[141.36372,38.58489],[141.36558,38.58263],[141.36702,38.58161],[141.36804,38.58207],[141.36755,38.58259],[141.36785,38.5837],[141.36764,38.58539],[141.36762,38.58704],[141.36743,38.58797],[141.36744,38.58862],[141.36635,38.58885],[141.36761,38.59059],[141.36753,38.59059],[141.36738,38.59058],[141.36727,38.59057],[141.36723,38.59057],[141.36708,38.59058],[141.36685,38.59062],[141.36638,38.59037],[141.36637,38.59037],[141.36542,38.59053],[141.36519,38.59059],[141.36515,38.5906],[141.36501,38.59065],[141.36362,38.59114],[141.36325,38.59117],[141.36296,38.59117],[141.3628,38.59117],[141.36259,38.59118],[141.36254,38.59117],[141.36254,38.59118],[141.36112,38.59034],[141.36116,38.59023],[141.36122,38.59005],[141.36127,38.58991],[141.36111,38.58925],[141.35964,38.58867],[141.35871,38.58878],[141.35757,38.5887],[141.35653,38.58837],[141.35626,38.58755],[141.35542,38.58662]]],[[[141.36794,38.59037],[141.36644,38.58895],[141.36739,38.58878],[141.36757,38.58853],[141.36751,38.58793],[141.36779,38.58746],[141.36753,38.58898],[141.36794,38.59037]]]]},"properties":{"林班":"F018","市町村名称":"石巻市","旧市町村":null}},
{"type":"Feature","geometry":{"type":"MultiPolygon","coordinates":[[[[141.1292,38.3985],[141.13011,38.39989],[141.1306,38.40037],[141.13029,38.40111],[141.1307,38.40281],[141.12926,38.40227],[141.12817,38.4014],[141.12702,38.40163],[141.12664,38.40094],[141.12694,38.4006],[141.12758,38.39756],[141.12793,38.39769],[141.12895,38.39806],[141.1292,38.3985]]],[[[141.12628,38.40468],[141.1261,38.40279],[141.12749,38.40269],[141.12765,38.40456],[141.12628,38.40468]]],[[[141.12764,38.40734],[141.12827,38.40583],[141.12836,38.4046],[141.13005,38.40506],[141.13142,38.40463],[141.13085,38.40523],[141.12989,38.40682],[141.12919,38.4084],[141.1292,38.40938],[141.12841,38.41002],[141.12677,38.41017],[141.1263,38.40851],[141.12764,38.40734]]]]},"properties":{"林班":"B033","市町村名称":"東松島市","旧市町村":null}},
{"type":"Feature","geometry":{"type":"Polygon","coordinates":[[[141.36127,38.58991],[141.36122,38.59005],[141.36116,38.59023],[141.36112,38.59034],[141.36093,38.58988],[141.36063,38.58995],[141.3605,38.58994],[141.36048,38.58994],[141.35953,38.58946],[141.35953,38.58944],[141.35946,38.58942],[141.3581,38.58897],[141.35704,38.58892],[141.35574,38.58805],[141.3544,38.58644],[141.35355,38.58589],[141.35285,38.5857],[141.35138,38.58444],[141.35219,38.58476],[141.35323,38.58563],[141.35401,38.58593],[141.35489,38.58608],[141.35508,38.58605],[141.35536,38.58699],[141.35626,38.58755],[141.35653,38.58837],[141.35757,38.5887],[141.35871,38.58878],[141.35964,38.58867],[141.36111,38.58925],[141.36127,38.58991]]]},"properties":{"林班":"F017","市町村名称":"石巻市","旧市町村":null}},
{"type":"Feature","geometry":{"type":"Polygon","coordinates":[[[141.1363,38.40442],[141.13858,38.40396],[141.13916,38.4045],[141.13934,38.40562],[141.14097,38.4068],[141.14245,38.40681],[141.1435,38.40835],[141.14525,38.40866],[141.14524,38.40981],[141.14399,38.41123],[141.14291,38.41158],[141.14031,38.41031],[141.138,38.40812],[141.13619,38.40736],[141.13482,38.40678],[141.13563,38.40629],[141.1363,38.40442]]]},"properties":{"林班":"B030","市町村名称":"東松島市","旧市町村":null}},
{"type":"Feature","geometry":{"type":"Polygon","coordinates":[[[141.35938,38.57858],[141.36013,38.57868],[141.36045,38.57793],[141.36143,38.57728],[141.36231,38.57936],[141.36568,38.57997],[141.36688,38.58096],[141.36812,38.58146],[141.36804,38.58207],[141.36702,38.58161],[141.36558,38.58263],[141.36372,38.58489],[141.36201,38.58523],[141.35825,38.58518],[141.35542,38.58662],[141.35508,38.58605],[141.35489,38.58608],[141.35401,38.58593],[141.35323,38.58563],[141.35219,38.58476],[141.35138,38.58444],[141.35231,38.5833],[141.35255,38.58313],[141.35305,38.58285],[141.35343,38.58279],[141.35609,38.58146],[141.35706,38.58063],[141.35738,38.57972],[141.35766,38.57897],[141.35875,38.57869],[141.35938,38.57858]]]},"properties":{"林班":"F016","市町村名称":"石巻市","旧市町村":null}},
{"type":"Feature","geometry":{"type":"MultiPolygon","coordinates":[[[[141.13486,38.40695],[141.13482,38.40678],[141.13619,38.40736],[141.13452,38.40792],[141.13382,38.40906],[141.13488,38.40701],[141.13486,38.40695]]],[[[141.13591,38.41358],[141.13462,38.41327],[141.13453,38.41231],[141.13759,38.41245],[141.1397,38.41468],[141.13822,38.41498],[141.13819,38.41562],[141.13646,38.41568],[141.13448,38.41409],[141.13591,38.41358]]]]},"properties":{"林班":"B031","市町村名称":"東松島市","旧市町村":null}},
{"type":"Feature","geometry":{"type":"MultiPolygon","coordinates":[[[[141.11277,38.39777],[141.11502,38.39894],[141.11459,38.40056],[141.11594,38.40232],[141.11601,38.40321],[141.11536,38.40612],[141.11352,38.4055],[141.11279,38.40465],[141.11314,38.40295],[141.11286,38.40151],[141.1128,38.40145],[141.11265,38.39977],[141.11205,38.39902],[141.11277,38.39777]]],[[[141.11628,38.39885],[141.11765,38.39703],[141.11898,38.39732],[141.12031,38.39877],[141.11923,38.40004],[141.11964,38.40067],[141.11985,38.40138],[141.11903,38.40195],[141.11858,38.40308],[141.11893,38.40526],[141.11802,38.40528],[141.11676,38.40597],[141.11627,38.40492],[141.11664,38.40253],[141.11491,38.40063],[141.11505,38.39893],[141.11628,38.39885]]],[[[141.12002,38.40578],[141.1196,38.40741],[141.11743,38.40636],[141.11896,38.40527],[141.12002,38.40578]]],[[[141.11963,38.39777],[141.11914,38.39694],[141.11936,38.39729],[141.11963,38.39777]]]]},"properties":{"林班":"B036","市町村名称":"東松島市","旧市町村":null}},
{"type":"Feature","geometry":{"type":"MultiPolygon","coordinates":[[[[141.10995,38.39922],[141.11058,38.40166],[141.11091,38.40385],[141.11056,38.40436],[141.10885,38.40421],[141.10755,38.40261],[141.10749,38.40191],[141.10759,38.40148],[141.10781,38.40101],[141.10823,38.40051],[141.10886,38.40023],[141.10909,38.39955],[141.10995,38.39922]]],[[[141.1128,38.40145],[141.11094,38.40158],[141.11039,38.39959],[141.11106,38.39758],[141.11025,38.39576],[141.11048,38.39459],[141.11197,38.3951],[141.11178,38.39603],[141.11217,38.39733],[141.11277,38.39777],[141.11205,38.39902],[141.11265,38.39977],[141.1128,38.40145]]],[[[141.11286,38.40151],[141.11314,38.40295],[141.11279,38.40465],[141.11352,38.4055],[141.11349,38.40553],[141.11195,38.4059],[141.11096,38.40175],[141.11286,38.40151]]]]},"properties":{"林班":"B037","市町村名称":"東松島市","旧市町村":null}},
{"type":"Feature","geometry":{"type":"MultiPolygon","coordinates":[[[[141.1274,38.3982],[141.12692,38.40059],[141.12661,38.40093],[141.12681,38.40157],[141.12607,38.40279],[141.12628,38.40472],[141.12463,38.40531],[141.12343,38.40655],[141.12269,38.40627],[141.12255,38.40484],[141.12299,38.40404],[141.12289,38.40266],[141.12376,38.40161],[141.12474,38.40114],[141.12458,38.40096],[141.12453,38.40071],[141.12482,38.40008],[141.12519,38.39979],[141.12517,38.39953],[141.1271,38.39907],[141.1274,38.3982]]],[[[141.12322,38.40677],[141.12244,38.40741],[141.12261,38.407],[141.12265,38.40686],[141.12322,38.40677]]],[[[141.12467,38.4058],[141.12633,38.40473],[141.12725,38.40487],[141.12739,38.40645],[141.12542,38.40805],[141.12481,38.4075],[141.12467,38.4058]]]]},"properties":{"林班":"B034","市町村名称":"東松島市","旧市町村":null}},
{"type":"Feature","geometry":{"type":"MultiPolygon","coordinates":[[[[141.11914,38.39694],[141.1197,38.39544],[141.11957,38.39441],[141.12034,38.39511],[141.11936,38.39729],[141.11914,38.39694]]],[[[141.11896,38.40527],[141.11862,38.40308],[141.11906,38.40197],[141.11972,38.40155],[141.1199,38.40131],[141.11967,38.40066],[141.11926,38.40006],[141.12035,38.39879],[141.11963,38.39777],[141.12089,38.39739],[141.12189,38.39803],[141.12111,38.39956],[141.12118,38.40231],[141.12069,38.40425],[141.12002,38.40578],[141.11896,38.40527]]],[[[141.12244,38.40741],[141.12063,38.40665],[141.12137,38.40426],[141.12189,38.40097],[141.12161,38.39992],[141.12219,38.39823],[141.12372,38.39729],[141.12306,38.39674],[141.12365,38.39574],[141.12473,38.39631],[141.12451,38.39753],[141.12245,38.39848],[141.12334,38.39999],[141.12375,38.40002],[141.12453,38.40071],[141.12458,38.40096],[141.12474,38.40114],[141.12376,38.40161],[141.12289,38.40266],[141.12299,38.40404],[141.12255,38.40484],[141.12269,38.40627],[141.12343,38.40655],[141.12322,38.40677],[141.12265,38.40686],[141.12202,38.40705],[141.12261,38.407],[141.12244,38.40741]]],[[[141.12607,38.3965],[141.12502,38.39642],[141.12407,38.39539],[141.12436,38.3948],[141.12607,38.3965]]],[[[141.12643,38.39757],[141.12607,38.3965],[141.12656,38.39712],[141.12676,38.39721],[141.12658,38.39731],[141.12643,38.39757]]]]},"properties":{"林班":"B035","市町村名称":"東松島市","旧市町村":null}},
{"type":"Feature","geometry":{"type":"MultiPolygon","coordinates":[[[[141.10203,38.40331],[141.10339,38.40276],[141.10458,38.40149],[141.10579,38.40095],[141.10735,38.39954],[141.10807,38.40065],[141.10774,38.40106],[141.10755,38.40147],[141.10743,38.40218],[141.10597,38.40478],[141.10653,38.40568],[141.10634,38.4072],[141.10482,38.40766],[141.10428,38.40655],[141.10297,38.40537],[141.10256,38.40572],[141.10063,38.40502],[141.10063,38.40345],[141.10203,38.40331],[141.10231,38.40356],[141.10203,38.40331]]],[[[141.10771,38.40481],[141.10777,38.40545],[141.10674,38.40599],[141.10605,38.40466],[141.10716,38.40278],[141.1083,38.4051],[141.10771,38.40481]]]]},"properties":{"林班":"B038","市町村名称":"東松島市","旧市町村":null}},
{"type":"Feature","geometry":{"type":"MultiPolygon","coordinates":[[[[141.09647,38.4114],[141.09517,38.41031],[141.09427,38.4089],[141.09489,38.40795],[141.09867,38.4084],[141.09903,38.40666],[141.09988,38.40599],[141.10316,38.40694],[141.10453,38.40854],[141.10422,38.40944],[141.10258,38.41021],[141.10025,38.41063],[141.09912,38.41149],[141.09632,38.40985],[141.09639,38.40972],[141.09632,38.40985],[141.09768,38.4111],[141.09647,38.4114]]],[[[141.10545,38.41227],[141.10397,38.41234],[141.10167,38.41286],[141.10282,38.41133],[141.1047,38.41144],[141.10598,38.41231],[141.10545,38.41227]]]]},"properties":{"林班":"B039","市町村名称":"東松島市","旧市町村":null}},
{"type":"Feature","geometry":{"type":"Polygon","coordinates":[[[141.48629,38.61684],[141.48708,38.61624],[141.48746,38.61403],[141.48861,38.61368],[141.48837,38.61245],[141.48902,38.61214],[141.48888,38.61103],[141.49022,38.61041],[141.49071,38.6084],[141.49044,38.60753],[141.49137,38.60656],[141.49387,38.6068],[141.4949,38.60852],[141.49508,38.61028],[141.49402,38.61103],[141.49548,38.61152],[141.49571,38.61417],[141.4957,38.61438],[141.49668,38.61606],[141.49356,38.61582],[141.49425,38.61682],[141.49612,38.61723],[141.49724,38.61806],[141.497,38.6187],[141.49449,38.61701],[141.49312,38.61722],[141.49286,38.61573],[141.49132,38.61659],[141.49082,38.61792],[141.48902,38.61867],[141.4886,38.6201],[141.48824,38.62041],[141.48559,38.61834],[141.48563,38.61739],[141.48629,38.61684]]]},"properties":{"林班":"F040","市町村名称":"石巻市","旧市町村":null}},
{"type":"Feature","geometry":{"type":"MultiPolygon","coordinates":[[[[141.51267,38.6188],[141.51245,38.6185],[141.51361,38.61882],[141.51537,38.61863],[141.51714,38.61759],[141.51946,38.61569],[141.51912,38.61446],[141.5199,38.61474],[141.51971,38.61584],[141.51922,38.61611],[141.52137,38.6196],[141.52148,38.62066],[141.52287,38.62306],[141.52143,38.62367],[141.51905,38.62318],[141.51827,38.62404],[141.52016,38.62432],[141.52152,38.62399],[141.52244,38.6233],[141.52375,38.624],[141.52397,38.62583],[141.52353,38.62643],[141.52456,38.62716],[141.52434,38.62835],[141.52284,38.62882],[141.524,38.63053],[141.523,38.63178],[141.51936,38.62856],[141.51801,38.62712],[141.51609,38.62622],[141.51563,38.62422],[141.51434,38.62351],[141.51431,38.62212],[141.51234,38.62018],[141.51169,38.61867],[141.51205,38.61857],[141.51267,38.6188]]],[[[141.52572,38.61656],[141.5277,38.61767],[141.52705,38.6192],[141.52634,38.61995],[141.5273,38.6209],[141.52702,38.62213],[141.52816,38.62393],[141.52823,38.62614],[141.52716,38.62609],[141.52563,38.6254],[141.52621,38.62414],[141.52485,38.62359],[141.52462,38.62198],[141.52295,38.62175],[141.52243,38.62057],[141.52081,38.61854],[141.52086,38.61731],[141.52223,38.61767],[141.52364,38.61767],[141.52494,38.61735],[141.52572,38.61656]]],[[[141.52466,38.62767],[141.52537,38.62844],[141.52647,38.62791],[141.52752,38.62833],[141.52659,38.62982],[141.52476,38.62918],[141.52466,38.62767]]]]},"properties":{"林班":"F044","市町村名称":"石巻市","旧市町村":null}},
{"type":"Feature","geometry":{"type":"MultiPolygon","coordinates":[[[[141.51121,38.61081],[141.51289,38.61156],[141.51467,38.61157],[141.51612,38.61109],[141.51621,38.61078],[141.51696,38.61073],[141.51736,38.61136],[141.51871,38.61119],[141.51927,38.61223],[141.51858,38.61295],[141.51832,38.61448],[141.51912,38.61446],[141.51946,38.61569],[141.51714,38.61759],[141.51537,38.61863],[141.51361,38.61882],[141.51245,38.6185],[141.51205,38.61857],[141.51169,38.61867],[141.51086,38.61855],[141.5105,38.61748],[141.50921,38.61701],[141.50902,38.61554],[141.50845,38.61482],[141.50894,38.61466],[141.50908,38.61466],[141.50927,38.61448],[141.50932,38.61374],[141.50986,38.61232],[141.51062,38.61179],[141.51084,38.61102],[141.51121,38.61081]],[[141.51333,38.61437],[141.51521,38.61405],[141.51448,38.6131],[141.51237,38.61345],[141.51197,38.61449],[141.51333,38.61437]]],[[[141.52025,38.61653],[141.52107,38.61286],[141.5201,38.61262],[141.5192,38.61104],[141.52045,38.61062],[141.52219,38.60889],[141.5227,38.60892],[141.52325,38.60963],[141.52404,38.60939],[141.52483,38.61041],[141.52439,38.61134],[141.52533,38.61292],[141.525,38.61396],[141.52567,38.61468],[141.52572,38.61656],[141.52494,38.61735],[141.52364,38.61767],[141.52223,38.61767],[141.52086,38.61731],[141.52035,38.61694],[141.52025,38.61653]],[[141.52349,38.61527],[141.52311,38.61356],[141.5242,38.61181],[141.52374,38.61069],[141.5229,38.60937],[141.52246,38.60978],[141.52277,38.61147],[141.52151,38.61221],[141.52169,38.61399],[141.52349,38.61527]]]]},"properties":{"林班":"F043","市町村名称":"石巻市","旧市町村":null}},
{"type":"Feature","geometry":{"type":"MultiPolygon","coordinates":[[[[141.50299,38.60749],[141.50316,38.60643],[141.50694,38.60585],[141.5067,38.60734],[141.50833,38.60788],[141.50941,38.60757],[141.50902,38.60679],[141.50755,38.60596],[141.50751,38.60554],[141.50866,38.60565],[141.51298,38.6071],[141.51434,38.60838],[141.51393,38.60896],[141.51511,38.61036],[141.51662,38.60996],[141.51696,38.61073],[141.51621,38.61078],[141.51563,38.61114],[141.51298,38.61138],[141.51121,38.61081],[141.51084,38.61102],[141.51062,38.61179],[141.50986,38.61232],[141.50932,38.61374],[141.5091,38.61437],[141.509,38.61429],[141.50894,38.61466],[141.50845,38.61482],[141.50736,38.61452],[141.50681,38.61517],[141.50377,38.61558],[141.50324,38.61505],[141.50427,38.61395],[141.50281,38.61149],[141.50257,38.61058],[141.50299,38.60749]]],[[[141.50908,38.61466],[141.5091,38.61437],[141.50927,38.61448],[141.50908,38.61466]]]]},"properties":{"林班":"F042","市町村名称":"石巻市","旧市町村":null}},
{"type":"Feature","geometry":{"type":"MultiPolygon","coordinates":[[[[141.49742,38.60635],[141.49683,38.60561],[141.49756,38.60409],[141.49981,38.60456],[141.49914,38.60582],[141.49834,38.60503],[141.49742,38.60635]]],[[[141.49742,38.60635],[141.4969,38.6075],[141.49596,38.60628],[141.49742,38.60635]]],[[[141.49548,38.61152],[141.49659,38.60977],[141.4977,38.60994],[141.49878,38.60907],[141.49951,38.60977],[141.50084,38.60868],[141.50092,38.60782],[141.50254,38.60676],[141.50299,38.60749],[141.50257,38.61058],[141.50281,38.61149],[141.50427,38.61395],[141.50324,38.61505],[141.50377,38.61558],[141.50046,38.61718],[141.49826,38.61738],[141.49765,38.61613],[141.49668,38.61606],[141.4957,38.61438],[141.49571,38.61417],[141.49548,38.61152]]],[[[141.50109,38.60467],[141.50299,38.60448],[141.50392,38.60512],[141.50299,38.60573],[141.50109,38.60467]]],[[[141.50589,38.60548],[141.50424,38.60603],[141.50477,38.604],[141.50651,38.60403],[141.50706,38.60333],[141.50854,38.60282],[141.50845,38.60399],[141.50673,38.60433],[141.50589,38.60548]]],[[[141.50833,38.60102],[141.50904,38.60027],[141.50843,38.59904],[141.50952,38.59905],[141.50942,38.60009],[141.51067,38.60146],[141.50774,38.60209],[141.50658,38.60117],[141.50833,38.60102]]]]},"properties":{"林班":"F041","市町村名称":"石巻市","旧市町村":null}},
{"type":"Feature","geometry":{"type":"MultiPolygon","coordinates":[[[[141.10922,38.41228],[141.10753,38.41174],[141.1084,38.41097],[141.11184,38.41171],[141.11108,38.41218],[141.10922,38.41228]]],[[[141.11242,38.41439],[141.11094,38.41405],[141.11088,38.41299],[141.11115,38.4138],[141.11242,38.41439]]],[[[141.1158,38.41603],[141.11359,38.41496],[141.11387,38.41458],[141.11585,38.41526],[141.11671,38.41645],[141.1158,38.41603]]],[[[141.11553,38.41079],[141.1159,38.41001],[141.11699,38.40953],[141.11799,38.40977],[141.1169,38.41119],[141.11753,38.41217],[141.11618,38.41207],[141.11502,38.41127],[141.11553,38.41079]]],[[[141.11546,38.41196],[141.11617,38.41212],[141.11736,38.4122],[141.11779,38.41271],[141.11488,38.41301],[141.11546,38.41196]]],[[[141.11698,38.41329],[141.11846,38.41345],[141.11798,38.41454],[141.11659,38.41438],[141.11698,38.41329]]]]},"properties":{"林班":"B040","市町村名称":"東松島市","旧市町村":null}},
{"type":"Feature","geometry":{"type":"MultiPolygon","coordinates":[[[[141.1311,38.43573],[141.13157,38.43563],[141.13251,38.4357],[141.13287,38.43588],[141.13332,38.4358],[141.13372,38.43562],[141.1338,38.43743],[141.13276,38.43781],[141.13193,38.4364],[141.1311,38.43573]]],[[[141.13489,38.4405],[141.13628,38.44094],[141.13583,38.44178],[141.1346,38.44137],[141.13489,38.4405]]],[[[141.13926,38.44056],[141.13776,38.44036],[141.13574,38.4389],[141.13721,38.43755],[141.1376,38.43815],[141.14051,38.43666],[141.14103,38.43795],[141.14095,38.43811],[141.14014,38.43841],[141.13998,38.43846],[141.13963,38.43861],[141.13946,38.43874],[141.1393,38.43907],[141.13928,38.43932],[141.13929,38.43951],[141.1391,38.4401],[141.13924,38.44047],[141.13926,38.44051],[141.13925,38.44053],[141.13926,38.44055],[141.13926,38.44056]]],[[[141.13589,38.44177],[141.13637,38.44141],[141.13827,38.44225],[141.13598,38.44245],[141.13589,38.44177]]],[[[141.13611,38.43427],[141.13653,38.43386],[141.13903,38.43494],[141.14052,38.43664],[141.13881,38.43741],[141.13853,38.43623],[141.13726,38.43657],[141.13641,38.4361],[141.13611,38.43427]]],[[[141.13958,38.44143],[141.13924,38.44295],[141.1381,38.44286],[141.13954,38.44132],[141.13958,38.44143]]]]},"properties":{"林班":"B043","市町村名称":"東松島市","旧市町村":null}},
{"type":"Feature","geometry":{"type":"MultiPolygon","coordinates":[[[[141.12636,38.42927],[141.12719,38.42802],[141.12846,38.42909],[141.12692,38.42951],[141.12636,38.42927]]],[[[141.13277,38.42636],[141.13401,38.42727],[141.13431,38.42803],[141.13445,38.4282],[141.13474,38.42826],[141.13485,38.42835],[141.13477,38.4285],[141.13472,38.42901],[141.13453,38.42926],[141.13465,38.4295],[141.13426,38.43049],[141.13312,38.43053],[141.13227,38.42986],[141.13336,38.42848],[141.13006,38.4275],[141.13141,38.42695],[141.13239,38.42589],[141.13277,38.42636]]],[[[141.13067,38.43023],[141.13226,38.42988],[141.13309,38.43053],[141.13429,38.43053],[141.13483,38.43228],[141.13336,38.43231],[141.13294,38.43158],[141.13096,38.43185],[141.13067,38.43023]]],[[[141.13066,38.43551],[141.13078,38.43446],[141.12994,38.434],[141.12946,38.43268],[141.13062,38.4329],[141.1317,38.43437],[141.13251,38.43366],[141.13516,38.43304],[141.13478,38.43491],[141.13386,38.43543],[141.13348,38.43543],[141.1334,38.43572],[141.13289,38.43585],[141.13253,38.43567],[141.13157,38.43561],[141.1311,38.43571],[141.13066,38.43551]]],[[[141.13183,38.4325],[141.13335,38.43234],[141.13499,38.43301],[141.1325,38.43362],[141.13183,38.4325]]]]},"properties":{"林班":"B044","市町村名称":"東松島市","旧市町村":null}},
{"type":"Feature","geometry":{"type":"MultiPolygon","coordinates":[[[[141.1188,38.41003],[141.12033,38.41092],[141.12023,38.41198],[141.11895,38.41228],[141.1183,38.4101],[141.1188,38.41003]]],[[[141.1188,38.41366],[141.12017,38.41404],[141.12169,38.41578],[141.12094,38.41646],[141.11938,38.41618],[141.11805,38.41521],[141.1188,38.41366]]],[[[141.12392,38.41905],[141.12198,38.41833],[141.11904,38.41802],[141.11955,38.41746],[141.11973,38.41754],[141.12215,38.41795],[141.12311,38.41809],[141.12392,38.41905]]],[[[141.12262,38.4119],[141.12347,38.41139],[141.12533,38.41241],[141.12626,38.41339],[141.12696,38.41511],[141.12555,38.41451],[141.12262,38.4119]]],[[[141.12093,38.41283],[141.12186,38.41353],[141.12307,38.41237],[141.12628,38.41523],[141.12448,38.41632],[141.12419,38.41441],[141.12339,38.41424],[141.12264,38.41507],[141.12079,38.41352],[141.12093,38.41283]]],[[[141.1252,38.41691],[141.12612,38.41559],[141.12668,38.41608],[141.12702,38.41681],[141.12752,38.41727],[141.12711,38.41774],[141.1252,38.41691]]],[[[141.12956,38.41489],[141.12855,38.41521],[141.12788,38.41515],[141.12777,38.41553],[141.12889,38.41633],[141.12936,38.41637],[141.12941,38.41578],[141.12985,38.41578],[141.13022,38.41498],[141.13156,38.41572],[141.13131,38.41641],[141.12913,38.41643],[141.12863,38.41624],[141.1278,38.41566],[141.12767,38.41535],[141.12776,38.41482],[141.12816,38.41506],[141.12956,38.41489]]],[[[141.12672,38.4161],[141.12773,38.41574],[141.1286,38.41688],[141.1272,38.41693],[141.12672,38.4161]]]]},"properties":{"林班":"B041","市町村名称":"東松島市","旧市町村":null}},
{"type":"Feature","geometry":{"type":"MultiPolygon","coordinates":[[[[141.11999,38.4383],[141.12046,38.43914],[141.12203,38.43919],[141.1228,38.44017],[141.12197,38.44141],[141.12109,38.43993],[141.12025,38.43961],[141.11999,38.4383]]],[[[141.11872,38.44118],[141.11936,38.44118],[141.11988,38.44249],[141.12114,38.44157],[141.12161,38.44231],[141.12322,38.44284],[141.12317,38.44348],[141.12149,38.44404],[141.11993,38.44281],[141.11872,38.44118]]],[[[141.12245,38.43743],[141.12415,38.4376],[141.12359,38.43891],[141.12284,38.43869],[141.12245,38.43743]]],[[[141.12363,38.43602],[141.12557,38.4365],[141.12609,38.43533],[141.12682,38.43601],[141.12777,38.43614],[141.12561,38.43731],[141.12506,38.438],[141.12478,38.43817],[141.12454,38.43811],[141.12418,38.43755],[141.12363,38.43602]]],[[[141.12413,38.43853],[141.12497,38.43811],[141.12508,38.43801],[141.12521,38.43782],[141.12563,38.43732],[141.1271,38.4367],[141.12717,38.43761],[141.12624,38.43891],[141.12531,38.43943],[141.12388,38.43929],[141.12413,38.43853]]],[[[141.12611,38.42966],[141.12662,38.4295],[141.12863,38.43163],[141.12769,38.43198],[141.12611,38.42966]]],[[[141.13006,38.43459],[141.13059,38.43568],[141.12887,38.43568],[141.13006,38.43459]]]]},"properties":{"林班":"B042","市町村名称":"東松島市","旧市町村":null}},
{"type":"Feature","geometry":{"type":"MultiPolygon","coordinates":[[[[141.14016,38.43127],[141.14383,38.42893],[141.14415,38.4307],[141.14576,38.43249],[141.14652,38.43409],[141.14651,38.43555],[141.14675,38.43624],[141.14606,38.43655],[141.14583,38.43652],[141.14503,38.43529],[141.14273,38.43532],[141.14223,38.43462],[141.14111,38.43464],[141.1408,38.43326],[141.14029,38.43292],[141.13999,38.43259],[141.13998,38.43235],[141.1402,38.43202],[141.14016,38.43127]]],[[[141.13999,38.43334],[141.14006,38.4327],[141.14075,38.43355],[141.13999,38.43335],[141.13999,38.43334]]],[[[141.15033,38.43507],[141.14975,38.43556],[141.14912,38.43577],[141.14927,38.43602],[141.14898,38.43668],[141.14816,38.43694],[141.14782,38.4367],[141.14705,38.43656],[141.14654,38.43555],[141.14656,38.43469],[141.14742,38.43398],[141.14625,38.43268],[141.14576,38.43076],[141.14784,38.4302],[141.14813,38.43024],[141.14881,38.43177],[141.14989,38.43296],[141.14971,38.43371],[141.15033,38.43507]]]]},"properties":{"林班":"B047","市町村名称":"東松島市","旧市町村":null}},
{"type":"Feature","geometry":{"type":"Polygon","coordinates":[[[141.14813,38.43024],[141.15007,38.42959],[141.15155,38.43137],[141.15198,38.43099],[141.15079,38.42957],[141.15049,38.42866],[141.15152,38.42725],[141.15244,38.42375],[141.15446,38.42432],[141.15516,38.42538],[141.15678,38.42671],[141.15539,38.42754],[141.15667,38.42923],[141.15585,38.4295],[141.15495,38.43029],[141.15555,38.43141],[141.15549,38.43209],[141.15588,38.43246],[141.15586,38.43266],[141.15597,38.43315],[141.1561,38.43394],[141.15608,38.43414],[141.15569,38.43461],[141.15473,38.43546],[141.15447,38.4356],[141.15429,38.43563],[141.15428,38.4356],[141.1542,38.4356],[141.15185,38.43587],[141.15176,38.4359],[141.15152,38.43587],[141.15033,38.43507],[141.14971,38.43371],[141.14989,38.43296],[141.14881,38.43177],[141.14813,38.43024]]]},"properties":{"林班":"B048","市町村名称":"東松島市","旧市町村":null}},
{"type":"Feature","geometry":{"type":"MultiPolygon","coordinates":[[[[141.13476,38.42443],[141.13476,38.4268],[141.13578,38.4277],[141.13489,38.42833],[141.13475,38.42824],[141.13447,38.42819],[141.13433,38.42803],[141.1343,38.42766],[141.13403,38.42711],[141.13448,38.4261],[141.13406,38.4251],[141.13476,38.42443]]],[[[141.13172,38.42553],[141.13122,38.42498],[141.13221,38.42505],[141.13277,38.42636],[141.13239,38.42589],[141.13172,38.42553]]],[[[141.13463,38.43013],[141.13491,38.42835],[141.13579,38.42776],[141.1358,38.4269],[141.13709,38.42713],[141.13677,38.42894],[141.13592,38.43013],[141.13463,38.43013]]],[[[141.13663,38.42332],[141.13808,38.42174],[141.13971,38.42157],[141.14014,38.42288],[141.1394,38.42372],[141.13905,38.42531],[141.13734,38.42517],[141.13737,38.42377],[141.13663,38.42332]]],[[[141.14075,38.43355],[141.14113,38.43493],[141.13988,38.43589],[141.13903,38.43492],[141.13783,38.4342],[141.13527,38.43316],[141.13467,38.43133],[141.13541,38.43064],[141.13644,38.43099],[141.13852,38.43077],[141.13906,38.43128],[141.13997,38.43096],[141.14018,38.43201],[141.13995,38.43234],[141.13996,38.4326],[141.14006,38.4327],[141.13999,38.43334],[141.13999,38.43335],[141.14075,38.43355]]],[[[141.13809,38.42569],[141.13871,38.42536],[141.13909,38.42551],[141.13947,38.42601],[141.13965,38.42665],[141.1402,38.42716],[141.14026,38.4279],[141.14008,38.42809],[141.14015,38.42845],[141.14004,38.4289],[141.13973,38.42886],[141.13935,38.42854],[141.13878,38.42864],[141.13797,38.42795],[141.13809,38.42569]]],[[[141.1378,38.42868],[141.14004,38.42892],[141.13984,38.42962],[141.13997,38.43094],[141.13907,38.43126],[141.1378,38.42868]]]]},"properties":{"林班":"B045","市町村名称":"東松島市","旧市町村":null}},
{"type":"Feature","geometry":{"type":"MultiPolygon","coordinates":[[[[141.13981,38.42031],[141.14081,38.42153],[141.1419,38.42136],[141.1421,38.4225],[141.14448,38.42426],[141.14078,38.42509],[141.14065,38.42539],[141.14069,38.42556],[141.14084,38.42586],[141.14063,38.42632],[141.13993,38.42689],[141.13967,38.42664],[141.1395,38.42601],[141.13908,38.42531],[141.13942,38.42372],[141.14016,38.42288],[141.13973,38.42155],[141.13919,38.42092],[141.13981,38.42031]]],[[[141.14016,38.43127],[141.13987,38.42962],[141.14017,38.42845],[141.1401,38.4281],[141.14028,38.42791],[141.14022,38.42716],[141.13995,38.42691],[141.14064,38.42633],[141.14087,38.42586],[141.14071,38.42558],[141.14108,38.42536],[141.14199,38.4251],[141.14424,38.42516],[141.14487,38.42635],[141.14383,38.42893],[141.14016,38.43127]]]]},"properties":{"林班":"B046","市町村名称":"東松島市","旧市町村":null}},
{"type":"Feature","geometry":{"type":"MultiPolygon","coordinates":[[[[141.15204,38.42214],[141.14978,38.41988],[141.14794,38.41934],[141.14612,38.41814],[141.14771,38.41754],[141.15077,38.41996],[141.1517,38.42002],[141.15223,38.42147],[141.15204,38.42214]]],[[[141.15176,38.42478],[141.15177,38.42568],[141.15074,38.42724],[141.14963,38.42762],[141.14817,38.42696],[141.14785,38.42573],[141.14875,38.42434],[141.14761,38.42436],[141.14748,38.42336],[141.14827,38.42168],[141.14961,38.42156],[141.15167,38.42358],[141.15176,38.42478]]],[[[141.15088,38.41533],[141.14944,38.4158],[141.14798,38.41445],[141.14907,38.41378],[141.15088,38.41533]]]]},"properties":{"林班":"B049","市町村名称":"東松島市","旧市町村":null}},
{"type":"Feature","geometry":{"type":"Polygon","coordinates":[[[141.46669,38.58753],[141.46778,38.58697],[141.46839,38.58555],[141.46822,38.58476],[141.46866,38.58362],[141.4697,38.58336],[141.47085,38.5825],[141.47229,38.5843],[141.47318,38.58491],[141.47334,38.5859],[141.47111,38.58605],[141.47174,38.58692],[141.47544,38.58705],[141.47595,38.58811],[141.47719,38.58933],[141.47678,38.59033],[141.47334,38.59155],[141.47157,38.59127],[141.47055,38.59191],[141.46785,38.59188],[141.46624,38.59098],[141.46561,38.59207],[141.46465,38.59131],[141.46459,38.59026],[141.46511,38.58908],[141.46527,38.58887],[141.46566,38.58843],[141.46571,38.58838],[141.46669,38.58753]]]},"properties":{"林班":"F033","市町村名称":"石巻市","旧市町村":null}},
{"type":"Feature","geometry":{"type":"Polygon","coordinates":[[[141.45766,38.58544],[141.45923,38.58386],[141.46183,38.58314],[141.4623,38.58203],[141.46229,38.58178],[141.46332,38.58262],[141.46336,38.58442],[141.46385,38.5853],[141.46503,38.58458],[141.46604,38.5849],[141.46666,38.58634],[141.46669,38.58753],[141.46571,38.58838],[141.46566,38.58843],[141.46527,38.58887],[141.46511,38.58908],[141.46459,38.59026],[141.46465,38.59131],[141.46561,38.59207],[141.46519,38.59292],[141.46555,38.59448],[141.4645,38.59577],[141.46481,38.59661],[141.46425,38.59823],[141.46227,38.60015],[141.46144,38.59945],[141.46255,38.59783],[141.46246,38.59654],[141.46279,38.59446],[141.46251,38.59306],[141.46333,38.59234],[141.46348,38.5913],[141.46145,38.59154],[141.46172,38.59358],[141.4604,38.59263],[141.45855,38.59177],[141.45734,38.59001],[141.45672,38.58974],[141.45702,38.58643],[141.45705,38.58584],[141.45766,38.58544]]]},"properties":{"林班":"F032","市町村名称":"石巻市","旧市町村":null}},
{"type":"Feature","geometry":{"type":"MultiPolygon","coordinates":[[[[141.45702,38.58643],[141.45563,38.58654],[141.45538,38.58577],[141.45382,38.58703],[141.45251,38.58671],[141.45149,38.58705],[141.45084,38.58624],[141.4513,38.58434],[141.44942,38.5822],[141.44822,38.58339],[141.44696,38.58279],[141.44608,38.58287],[141.44547,38.58185],[141.44763,38.57902],[141.44885,38.57813],[141.45095,38.57933],[141.45119,38.57994],[141.45051,38.58097],[141.45267,38.58261],[141.45327,38.58124],[141.45185,38.58121],[141.45191,38.58007],[141.45529,38.58006],[141.45253,38.57899],[141.45279,38.57723],[141.45326,38.57671],[141.45453,38.57689],[141.45631,38.57799],[141.45845,38.57881],[141.45987,38.5811],[141.4604,38.5825],[141.46184,38.58229],[141.46229,38.58178],[141.4623,38.58203],[141.46183,38.58314],[141.45923,38.58386],[141.45766,38.58544],[141.45705,38.58584],[141.45702,38.58643]],[[141.45425,38.5863],[141.45537,38.58545],[141.45394,38.58448],[141.45322,38.58572],[141.45425,38.5863]]],[[[141.45219,38.60265],[141.45273,38.60261],[141.45279,38.60474],[141.45126,38.60447],[141.44942,38.60455],[141.44945,38.6035],[141.45029,38.60277],[141.45219,38.60265]]],[[[141.45928,38.57875],[141.45973,38.57921],[141.46245,38.58073],[141.46186,38.58109],[141.45931,38.57912],[141.45928,38.57875]]]]},"properties":{"林班":"F031","市町村名称":"石巻市","旧市町村":null}},
{"type":"Feature","geometry":{"type":"MultiPolygon","coordinates":[[[[141.43496,38.58249],[141.43608,38.57888],[141.43731,38.57844],[141.43824,38.57739],[141.44037,38.57933],[141.4418,38.57964],[141.4408,38.57765],[141.44279,38.57654],[141.44325,38.57541],[141.44418,38.57606],[141.44583,38.57623],[141.44612,38.57696],[141.44474,38.57777],[141.44346,38.57726],[141.44189,38.57816],[141.44195,38.57917],[141.44431,38.58163],[141.4457,38.5852],[141.4462,38.58566],[141.44514,38.5874],[141.44417,38.58802],[141.44368,38.58972],[141.44193,38.5905],[141.44054,38.5891],[141.44162,38.58836],[141.44329,38.58777],[141.44427,38.58779],[141.44479,38.58668],[141.44453,38.58497],[141.44243,38.58466],[141.44141,38.58585],[141.4398,38.5844],[141.4391,38.58286],[141.43733,38.58472],[141.43982,38.58524],[141.44076,38.58652],[141.43938,38.58713],[141.4384,38.58635],[141.43678,38.58608],[141.43491,38.58408],[141.43494,38.58275],[141.43496,38.58249]]],[[[141.44519,38.57856],[141.44604,38.57761],[141.44698,38.57888],[141.44582,38.58047],[141.44469,38.57978],[141.44519,38.57856]]],[[[141.44955,38.57476],[141.44777,38.57473],[141.44792,38.57373],[141.44955,38.57476]]]]},"properties":{"林班":"F030","市町村名称":"石巻市","旧市町村":null}},
{"type":"Feature","geometry":{"type":"Polygon","coordinates":[[[141.48293,38.60145],[141.48577,38.60003],[141.48734,38.60006],[141.48935,38.60104],[141.49123,38.60098],[141.4929,38.60031],[141.49425,38.59989],[141.49529,38.60015],[141.49617,38.60005],[141.49741,38.60036],[141.49743,38.60045],[141.49882,38.60093],[141.49991,38.60234],[141.49887,38.60303],[141.49619,38.6035],[141.49569,38.60518],[141.49423,38.60528],[141.49334,38.60608],[141.49155,38.60571],[141.48992,38.60629],[141.48947,38.60736],[141.48828,38.60663],[141.48635,38.60758],[141.48532,38.60798],[141.48298,38.60525],[141.48232,38.60419],[141.483,38.60335],[141.48293,38.60145]]]},"properties":{"林班":"F037","市町村名称":"石巻市","旧市町村":null}},
{"type":"Feature","geometry":{"type":"Polygon","coordinates":[[[141.15446,38.42432],[141.15585,38.42484],[141.1571,38.42466],[141.15993,38.42606],[141.16096,38.42693],[141.16108,38.428],[141.16205,38.42925],[141.16041,38.42943],[141.15954,38.43044],[141.15946,38.43052],[141.15936,38.43045],[141.15889,38.43046],[141.15873,38.43045],[141.15694,38.42962],[141.15683,38.42941],[141.15667,38.42923],[141.15539,38.42754],[141.15678,38.42671],[141.15516,38.42538],[141.15446,38.42432]]]},"properties":{"林班":"B050","市町村名称":"東松島市","旧市町村":null}},
{"type":"Feature","geometry":{"type":"MultiPolygon","coordinates":[[[[141.48156,38.59775],[141.48454,38.59757],[141.48547,38.59795],[141.48842,38.59709],[141.48893,38.59656],[141.49087,38.59582],[141.49375,38.59575],[141.49433,38.59813],[141.49281,38.59877],[141.4929,38.60031],[141.49123,38.60098],[141.48935,38.60104],[141.48734,38.60006],[141.48577,38.60003],[141.48293,38.60145],[141.48197,38.60122],[141.48094,38.59942],[141.48156,38.59775]]],[[[141.49573,38.5932],[141.49651,38.59359],[141.49524,38.59561],[141.4937,38.59513],[141.49348,38.59413],[141.49497,38.59265],[141.49573,38.5932]]],[[[141.49529,38.60015],[141.49342,38.59967],[141.4944,38.59844],[141.49617,38.60005],[141.49529,38.60015]]],[[[141.49804,38.59706],[141.49846,38.59552],[141.50173,38.59379],[141.50409,38.59514],[141.50294,38.59643],[141.50365,38.59724],[141.50275,38.59821],[141.5014,38.6008],[141.4998,38.60004],[141.50032,38.5978],[141.50115,38.59719],[141.50276,38.59687],[141.502,38.59583],[141.49984,38.59732],[141.49941,38.59914],[141.49812,38.5988],[141.49764,38.59774],[141.49804,38.59706]]]]},"properties":{"林班":"F036","市町村名称":"石巻市","旧市町村":null}},
{"type":"Feature","geometry":{"type":"MultiPolygon","coordinates":[[[[141.15595,38.41857],[141.15642,38.41916],[141.15783,38.41929],[141.15875,38.4202],[141.15945,38.41985],[141.1602,38.41849],[141.15948,38.42032],[141.16007,38.42142],[141.16239,38.42018],[141.16389,38.42216],[141.16475,38.42254],[141.16406,38.42478],[141.16244,38.42436],[141.16244,38.42353],[141.16031,38.42325],[141.15974,38.42202],[141.1591,38.42107],[141.15763,38.42153],[141.15703,38.42079],[141.15538,38.41973],[141.15595,38.41857]]],[[[141.16199,38.42818],[141.16125,38.4265],[141.16261,38.42674],[141.16261,38.4273],[141.16275,38.42758],[141.16265,38.42773],[141.16199,38.42818]]]]},"properties":{"林班":"B051","市町村名称":"東松島市","旧市町村":null}},
{"type":"Feature","geometry":{"type":"MultiPolygon","coordinates":[[[[141.48357,38.58603],[141.48393,38.58528],[141.48611,38.58577],[141.48348,38.58796],[141.48422,38.58808],[141.486,38.58619],[141.48686,38.58877],[141.48436,38.5894],[141.48331,38.58921],[141.48252,38.58946],[141.48216,38.58943],[141.48197,38.58971],[141.48234,38.58984],[141.48321,38.58987],[141.48307,38.59049],[141.48341,38.59124],[141.48486,38.59215],[141.4881,38.59084],[141.4902,38.59193],[141.48972,38.593],[141.48755,38.59507],[141.4879,38.59606],[141.48886,38.59572],[141.48908,38.59629],[141.48842,38.59709],[141.48547,38.59795],[141.48454,38.59757],[141.48156,38.59775],[141.48165,38.59506],[141.48263,38.59386],[141.48184,38.59089],[141.48058,38.58975],[141.48048,38.58892],[141.48158,38.58842],[141.48303,38.58708],[141.48357,38.58603]]],[[[141.48206,38.58972],[141.48299,38.58935],[141.48447,38.58947],[141.48736,38.58875],[141.48871,38.58994],[141.48772,38.59062],[141.4859,38.59102],[141.48484,38.59189],[141.48349,38.5912],[141.4832,38.59037],[141.48338,38.58999],[141.48321,38.58978],[141.48286,38.58966],[141.48206,38.58972]]],[[[141.48386,38.58481],[141.48464,38.58411],[141.48537,38.58335],[141.48735,38.58331],[141.48844,38.58558],[141.48798,38.58582],[141.48916,38.58676],[141.49126,38.58709],[141.49067,38.58794],[141.48885,38.58788],[141.48681,38.58589],[141.48682,38.58459],[141.48386,38.58481]]]]},"properties":{"林班":"F035","市町村名称":"石巻市","旧市町村":null}},
{"type":"Feature","geometry":{"type":"Polygon","coordinates":[[[141.48094,38.59942],[141.4791,38.59889],[141.47744,38.59929],[141.47712,38.59877],[141.47733,38.59714],[141.47833,38.59644],[141.47891,38.59453],[141.4781,38.59252],[141.47641,38.59256],[141.47612,38.59176],[141.47672,38.59046],[141.47799,38.58973],[141.47687,38.58741],[141.47848,38.58368],[141.48169,38.58272],[141.48437,38.58373],[141.48464,38.58411],[141.48386,38.58481],[141.48357,38.58603],[141.48303,38.58708],[141.48158,38.58842],[141.48048,38.58892],[141.48058,38.58975],[141.48184,38.59089],[141.48263,38.59386],[141.48165,38.59506],[141.48156,38.59775],[141.48094,38.59942]]]},"properties":{"林班":"F034","市町村名称":"石巻市","旧市町村":null}},
{"type":"Feature","geometry":{"type":"Polygon","coordinates":[[[141.17809,38.42028],[141.17652,38.4198],[141.17621,38.42026],[141.17463,38.42012],[141.1729,38.41932],[141.17204,38.41855],[141.17003,38.41774],[141.16992,38.4163],[141.1682,38.41625],[141.16963,38.4156],[141.16997,38.41454],[141.17128,38.41254],[141.17214,38.41184],[141.17464,38.41096],[141.17645,38.41115],[141.17781,38.41091],[141.18003,38.41097],[141.18079,38.41187],[141.17989,38.41279],[141.17961,38.41379],[141.17858,38.41435],[141.17802,38.41486],[141.17796,38.41497],[141.17796,38.4151],[141.1781,38.41626],[141.17851,38.41772],[141.17819,38.4183],[141.17814,38.42024],[141.17809,38.42028]]]},"properties":{"林班":"B054","市町村名称":"東松島市","旧市町村":null}},
{"type":"Feature","geometry":{"type":"MultiPolygon","coordinates":[[[[141.16264,38.41074],[141.16379,38.40912],[141.16517,38.40775],[141.16599,38.40822],[141.16806,38.40722],[141.16956,38.40775],[141.16987,38.40668],[141.17074,38.40601],[141.1715,38.4068],[141.17293,38.40712],[141.17617,38.40928],[141.17785,38.40943],[141.17813,38.40952],[141.17948,38.41008],[141.18003,38.41097],[141.17781,38.41091],[141.17645,38.41115],[141.17464,38.41096],[141.17214,38.41184],[141.17128,38.41254],[141.16997,38.41454],[141.16963,38.4156],[141.1682,38.41625],[141.16996,38.41277],[141.16906,38.41296],[141.1685,38.41415],[141.16721,38.41546],[141.16524,38.41515],[141.16742,38.41331],[141.16636,38.41323],[141.16608,38.41408],[141.16457,38.41524],[141.16351,38.41483],[141.16421,38.4123],[141.16389,38.41059],[141.16264,38.41074]]],[[[141.16212,38.41534],[141.16146,38.41492],[141.16165,38.41331],[141.16238,38.41288],[141.16265,38.41165],[141.16222,38.41048],[141.16335,38.41148],[141.16352,38.4131],[141.16278,38.41495],[141.16212,38.41534]]]]},"properties":{"林班":"B055","市町村名称":"東松島市","旧市町村":null}},
{"type":"Feature","geometry":{"type":"Polygon","coordinates":[[[141.47892,38.6104],[141.47909,38.60935],[141.48032,38.60883],[141.48107,38.60951],[141.48262,38.60864],[141.48338,38.60863],[141.48457,38.60993],[141.48543,38.60995],[141.48568,38.60866],[141.48635,38.60758],[141.48828,38.60663],[141.48902,38.60737],[141.49044,38.60753],[141.49071,38.6084],[141.49022,38.61041],[141.48888,38.61103],[141.48902,38.61214],[141.48837,38.61245],[141.48861,38.61368],[141.48746,38.61403],[141.48708,38.61624],[141.48629,38.61684],[141.48563,38.61739],[141.48559,38.61834],[141.48448,38.61964],[141.48378,38.61958],[141.4833,38.61824],[141.48187,38.61643],[141.48134,38.61194],[141.48051,38.6111],[141.47892,38.6104]]]},"properties":{"林班":"F039","市町村名称":"石巻市","旧市町村":null}},
{"type":"Feature","geometry":{"type":"MultiPolygon","coordinates":[[[[141.14907,38.41378],[141.15044,38.41406],[141.15088,38.41533],[141.14907,38.41378]]],[[[141.15369,38.41815],[141.15546,38.41607],[141.15635,38.41672],[141.15394,38.41833],[141.15369,38.41815]]],[[[141.15595,38.41857],[141.15727,38.41851],[141.15697,38.41728],[141.15754,38.41625],[141.16015,38.41714],[141.1602,38.41849],[141.15945,38.41985],[141.15875,38.4202],[141.15783,38.41929],[141.15642,38.41916],[141.15595,38.41857]]],[[[141.16282,38.4164],[141.16306,38.41732],[141.16206,38.4183],[141.16092,38.41851],[141.16122,38.41721],[141.16282,38.4164]]]]},"properties":{"林班":"B052","市町村名称":"東松島市","旧市町村":null}},
{"type":"Feature","geometry":{"type":"Polygon","coordinates":[[[141.48378,38.61958],[141.47979,38.62],[141.47836,38.62036],[141.47655,38.62037],[141.47445,38.62096],[141.47248,38.61993],[141.47324,38.61778],[141.47545,38.6162],[141.47431,38.61404],[141.47472,38.6111],[141.47422,38.61056],[141.47543,38.60963],[141.47668,38.61031],[141.47837,38.60975],[141.47888,38.61041],[141.47892,38.6104],[141.48051,38.6111],[141.48134,38.61194],[141.48187,38.61643],[141.4833,38.61824],[141.48378,38.61958]]]},"properties":{"林班":"F038","市町村名称":"石巻市","旧市町村":null}},
{"type":"Feature","geometry":{"type":"MultiPolygon","coordinates":[[[[141.16282,38.4164],[141.16517,38.41653],[141.16649,38.41629],[141.16799,38.41695],[141.16872,38.41777],[141.16847,38.41899],[141.16758,38.42034],[141.16587,38.4213],[141.16372,38.42134],[141.16218,38.41917],[141.16092,38.41851],[141.16206,38.4183],[141.16306,38.41732],[141.16282,38.4164]]],[[[141.16475,38.42254],[141.16572,38.42406],[141.16679,38.42326],[141.16606,38.42252],[141.16665,38.4215],[141.16708,38.4221],[141.16916,38.42232],[141.16861,38.42496],[141.16793,38.4252],[141.16792,38.4252],[141.16768,38.42509],[141.1676,38.42527],[141.16745,38.42531],[141.16726,38.42534],[141.16406,38.42478],[141.16475,38.42254]]],[[[141.17236,38.4225],[141.1711,38.42211],[141.16894,38.41869],[141.17,38.41832],[141.17066,38.41916],[141.17148,38.41915],[141.17427,38.42036],[141.17622,38.42028],[141.17653,38.41983],[141.17809,38.42028],[141.17814,38.42024],[141.17834,38.42042],[141.17664,38.42126],[141.17609,38.42203],[141.17526,38.42228],[141.17366,38.42192],[141.1729,38.42257],[141.17236,38.4225]]]]},"properties":{"林班":"B053","市町村名称":"東松島市","旧市町村":null}},
{"type":"Feature","geometry":{"type":"MultiPolygon","coordinates":[[[[141.17048,38.39862],[141.16919,38.39819],[141.16844,38.39736],[141.1708,38.39838],[141.17169,38.39952],[141.17402,38.40009],[141.1741,38.40115],[141.17404,38.40207],[141.1759,38.40395],[141.17735,38.4039],[141.18067,38.40489],[141.18071,38.40543],[141.17816,38.40543],[141.17703,38.40608],[141.17711,38.40735],[141.17793,38.40866],[141.17785,38.40943],[141.17617,38.40928],[141.17293,38.40712],[141.1715,38.4068],[141.17074,38.40601],[141.17021,38.40466],[141.1718,38.4038],[141.17136,38.40299],[141.17223,38.40255],[141.17237,38.40135],[141.1707,38.40034],[141.17082,38.39995],[141.17048,38.39862]]],[[[141.17796,38.40563],[141.17962,38.40565],[141.18083,38.40542],[141.18085,38.40492],[141.1789,38.40427],[141.17859,38.40315],[141.17739,38.40227],[141.1759,38.40236],[141.17581,38.40113],[141.17627,38.40043],[141.17736,38.40103],[141.17936,38.40073],[141.17996,38.40105],[141.18102,38.40146],[141.18107,38.40148],[141.1811,38.40165],[141.18111,38.40174],[141.18064,38.40151],[141.18127,38.40236],[141.18128,38.40254],[141.18131,38.40261],[141.18133,38.40268],[141.18107,38.40295],[141.18146,38.40314],[141.18144,38.40349],[141.18133,38.40381],[141.18124,38.40404],[141.18128,38.40414],[141.18114,38.40431],[141.18115,38.40437],[141.18103,38.40463],[141.18094,38.40488],[141.18088,38.4052],[141.18091,38.40543],[141.18103,38.40612],[141.18088,38.40643],[141.18097,38.40754],[141.18107,38.40778],[141.18124,38.40803],[141.18167,38.40807],[141.18188,38.40821],[141.18206,38.40894],[141.182,38.40906],[141.18227,38.40948],[141.18263,38.41002],[141.18251,38.41014],[141.18246,38.41018],[141.18075,38.41105],[141.17964,38.41033],[141.17952,38.40926],[141.17853,38.40912],[141.17717,38.40721],[141.17708,38.40628],[141.17796,38.40563],[141.17846,38.40571],[141.17796,38.40563]]],[[[141.18102,38.40146],[141.17996,38.40105],[141.18006,38.40062],[141.17949,38.40052],[141.17894,38.39994],[141.18026,38.39943],[141.18104,38.3997],[141.18087,38.40001],[141.18092,38.40018],[141.18094,38.40031],[141.18095,38.40037],[141.18104,38.40058],[141.18122,38.4011],[141.18107,38.40148],[141.18102,38.40146]]]]},"properties":{"林班":"B058","市町村名称":"東松島市","旧市町村":null}},
{"type":"Feature","geometry":{"type":"Polygon","coordinates":[[[141.1772,38.37967],[141.179,38.38037],[141.17961,38.38094],[141.17876,38.38173],[141.17686,38.38074],[141.1772,38.37967]]]},"properties":{"林班":"B059","市町村名称":"東松島市","旧市町村":null}},
{"type":"Feature","geometry":{"type":"MultiPolygon","coordinates":[[[[141.15303,38.41102],[141.15356,38.40934],[141.15572,38.40929],[141.15553,38.40783],[141.15664,38.4082],[141.15746,38.40997],[141.15599,38.41075],[141.15467,38.41257],[141.15303,38.41102]]],[[[141.1581,38.41086],[141.1589,38.41005],[141.15863,38.4078],[141.16007,38.4078],[141.16057,38.4083],[141.1605,38.41007],[141.1581,38.41086]]],[[[141.16212,38.41534],[141.161,38.41466],[141.15845,38.41485],[141.15905,38.41253],[141.16031,38.41114],[141.16137,38.40943],[141.16222,38.41048],[141.16265,38.41165],[141.16238,38.41288],[141.16165,38.41331],[141.16146,38.41492],[141.16212,38.41534]]],[[[141.16264,38.41074],[141.16211,38.41033],[141.16248,38.40919],[141.16079,38.40669],[141.16098,38.40507],[141.15953,38.4063],[141.15886,38.40581],[141.1599,38.40465],[141.16117,38.40391],[141.16261,38.40394],[141.16259,38.40435],[141.16233,38.40489],[141.16282,38.40548],[141.16354,38.40568],[141.16485,38.40629],[141.16481,38.40669],[141.16517,38.40775],[141.16379,38.40912],[141.16264,38.41074]]]]},"properties":{"林班":"B056","市町村名称":"東松島市","旧市町村":null}},
{"type":"Feature","geometry":{"type":"MultiPolygon","coordinates":[[[[141.16191,38.403],[141.16211,38.40212],[141.1636,38.40187],[141.16369,38.40304],[141.16282,38.40548],[141.16233,38.40489],[141.16259,38.40435],[141.16261,38.40394],[141.16255,38.40368],[141.16191,38.403]]],[[[141.16354,38.40568],[141.16342,38.40423],[141.16465,38.40276],[141.16549,38.40308],[141.16536,38.40559],[141.16485,38.40629],[141.16354,38.40568]]],[[[141.16481,38.40669],[141.16577,38.40722],[141.16666,38.40578],[141.16602,38.40465],[141.16652,38.40165],[141.16807,38.40071],[141.16949,38.40102],[141.17001,38.40057],[141.1696,38.39891],[141.16746,38.39787],[141.16844,38.39736],[141.16919,38.39819],[141.17048,38.39862],[141.17082,38.39995],[141.1707,38.40034],[141.17237,38.40135],[141.17223,38.40255],[141.17136,38.40299],[141.1718,38.4038],[141.17021,38.40466],[141.17074,38.40601],[141.16987,38.40668],[141.16956,38.40775],[141.16806,38.40722],[141.16599,38.40822],[141.16517,38.40775],[141.16481,38.40669]]]]},"properties":{"林班":"B057","市町村名称":"東松島市","旧市町村":null}},
{"type":"Feature","geometry":{"type":"Polygon","coordinates":[[[141.188,38.38407],[141.18253,38.38105],[141.19123,38.38554],[141.19692,38.38811],[141.20222,38.39031],[141.20725,38.39275],[141.20735,38.39279],[141.2073,38.39286],[141.20717,38.39306],[141.20645,38.39403],[141.20535,38.39354],[141.20308,38.39373],[141.20296,38.39366],[141.20292,38.39365],[141.20291,38.39366],[141.20031,38.39194],[141.19108,38.38574],[141.188,38.38407]]]},"properties":{"林班":"B060","市町村名称":"東松島市","旧市町村":null}},
{"type":"Feature","geometry":{"type":"Polygon","coordinates":[[[141.24996,38.63254],[141.24901,38.63352],[141.25003,38.63428],[141.24844,38.63473],[141.24797,38.63417],[141.24882,38.63308],[141.24861,38.63253],[141.24996,38.63254]]]},"properties":{"林班":"F008","市町村名称":"登米市","旧市町村":null}},
{"type":"Feature","geometry":{"type":"MultiPolygon","coordinates":[[[[141.24777,38.6287],[141.24663,38.62973],[141.24563,38.62866],[141.24634,38.62791],[141.24777,38.6287]]],[[[141.24861,38.63253],[141.24736,38.63247],[141.24844,38.63048],[141.25073,38.63143],[141.24996,38.63254],[141.24861,38.63253]]]]},"properties":{"林班":"F007","市町村名称":"登米市","旧市町村":null}},
{"type":"Feature","geometry":{"type":"MultiPolygon","coordinates":[[[[141.23446,38.63023],[141.23533,38.62988],[141.23797,38.62799],[141.24027,38.62711],[141.24044,38.6282],[141.24141,38.62874],[141.24211,38.62988],[141.24212,38.63092],[141.24091,38.63135],[141.23906,38.63083],[141.23683,38.6316],[141.23569,38.63227],[141.23508,38.63178],[141.23452,38.63174],[141.234,38.63044],[141.23446,38.63023]]],[[[141.24474,38.62848],[141.2433,38.62856],[141.24229,38.62815],[141.24042,38.62652],[141.2421,38.62592],[141.24398,38.62818],[141.24474,38.62848]]]]},"properties":{"林班":"F006","市町村名称":"登米市","旧市町村":null}},
{"type":"Feature","geometry":{"type":"MultiPolygon","coordinates":[[[[141.22836,38.63244],[141.22902,38.63199],[141.22986,38.63241],[141.22905,38.63319],[141.22836,38.63244]]],[[[141.23006,38.63195],[141.23125,38.63195],[141.23126,38.63405],[141.22986,38.63276],[141.23006,38.63195]]],[[[141.23064,38.63724],[141.23136,38.63665],[141.23078,38.63713],[141.23064,38.63724]]],[[[141.23263,38.63211],[141.23338,38.63178],[141.23441,38.63239],[141.23412,38.63323],[141.23237,38.63355],[141.23263,38.63211]]]]},"properties":{"林班":"F005","市町村名称":"登米市","旧市町村":null}},
{"type":"Feature","geometry":{"type":"MultiPolygon","coordinates":[[[[141.24775,38.63924],[141.24797,38.63862],[141.24979,38.63841],[141.25138,38.6389],[141.24884,38.64005],[141.24775,38.63924]]],[[[141.24923,38.64205],[141.2511,38.6417],[141.25102,38.64244],[141.25008,38.64313],[141.24923,38.64205]]]]},"properties":{"林班":"F009","市町村名称":"登米市","旧市町村":null}},
{"type":"Feature","geometry":{"type":"Polygon","coordinates":[[[141.47583,38.39539],[141.4777,38.3951],[141.47869,38.3946],[141.47864,38.3923],[141.47936,38.39224],[141.48059,38.39324],[141.48005,38.39436],[141.48106,38.39662],[141.48084,38.39705],[141.47753,38.39715],[141.47594,38.39684],[141.47505,38.39613],[141.47583,38.39539]]]},"properties":{"林班":"A007","市町村名称":"女川町","旧市町村":null}},
{"type":"Feature","geometry":{"type":"MultiPolygon","coordinates":[[[[141.48059,38.39324],[141.48241,38.39278],[141.48479,38.39376],[141.48466,38.39438],[141.4839,38.39513],[141.48335,38.39541],[141.48317,38.39578],[141.48236,38.39641],[141.48183,38.39751],[141.48084,38.39705],[141.48106,38.39662],[141.48005,38.39436],[141.48059,38.39324]]],[[[141.48296,38.39977],[141.48207,38.39918],[141.48196,38.39828],[141.48319,38.39644],[141.48439,38.39663],[141.48498,38.39573],[141.48337,38.39542],[141.48391,38.39514],[141.48453,38.39458],[141.48592,38.39515],[141.48667,38.39654],[141.48603,38.39783],[141.48424,38.39827],[141.48319,38.39951],[141.48318,38.39971],[141.48296,38.39977]]]]},"properties":{"林班":"A006","市町村名称":"女川町","旧市町村":null}},
{"type":"Feature","geometry":{"type":"MultiPolygon","coordinates":[[[[141.45804,38.39204],[141.45849,38.39092],[141.45847,38.38736],[141.45978,38.38614],[141.46071,38.38576],[141.4627,38.38638],[141.46467,38.38592],[141.46332,38.38738],[141.46201,38.38698],[141.4606,38.38786],[141.45965,38.38956],[141.45961,38.39149],[141.46039,38.3918],[141.45804,38.39204]]],[[[141.46075,38.39174],[141.4602,38.39142],[141.4609,38.38963],[141.46113,38.38787],[141.46437,38.38747],[141.46441,38.38659],[141.46541,38.38645],[141.46708,38.388],[141.46776,38.38927],[141.468,38.38992],[141.46583,38.39127],[141.46701,38.39285],[141.46796,38.39358],[141.46738,38.39503],[141.46651,38.39487],[141.4641,38.3934],[141.46331,38.39261],[141.46315,38.39239],[141.46075,38.39174]]]]},"properties":{"林班":"A009","市町村名称":"女川町","旧市町村":null}},
{"type":"Feature","geometry":{"type":"MultiPolygon","coordinates":[[[[141.47614,38.38562],[141.47539,38.38632],[141.47495,38.38755],[141.47356,38.38955],[141.47435,38.39083],[141.47426,38.39104],[141.474,38.39118],[141.47388,38.39135],[141.47377,38.39136],[141.47371,38.39144],[141.47371,38.39159],[141.47343,38.39212],[141.47326,38.39268],[141.47323,38.39314],[141.47193,38.39373],[141.46974,38.39238],[141.46919,38.39282],[141.46823,38.39046],[141.46825,38.38921],[141.46704,38.38723],[141.46558,38.38595],[141.46735,38.38489],[141.46934,38.38468],[141.47275,38.38508],[141.47499,38.38466],[141.47517,38.38459],[141.47554,38.38515],[141.47614,38.38562]]],[[[141.47375,38.3914],[141.47389,38.39137],[141.47402,38.3912],[141.47429,38.39105],[141.47458,38.3908],[141.47564,38.39183],[141.47441,38.39374],[141.47323,38.3932],[141.47345,38.39213],[141.47373,38.3916],[141.47375,38.3914]]]]},"properties":{"林班":"A008","市町村名称":"女川町","旧市町村":null}},
{"type":"Feature","geometry":{"type":"Polygon","coordinates":[[[141.47015,38.48954],[141.4702,38.48952],[141.47021,38.48947],[141.47241,38.49201],[141.47416,38.49263],[141.47616,38.49516],[141.47311,38.49735],[141.47085,38.49652],[141.46939,38.49544],[141.46883,38.49411],[141.46886,38.49355],[141.46754,38.49307],[141.46592,38.49134],[141.46632,38.48974],[141.46639,38.48974],[141.46668,38.48967],[141.46673,38.48967],[141.46677,38.48965],[141.46723,38.48954],[141.46757,38.48946],[141.46915,38.48985],[141.47015,38.48954]]]},"properties":{"林班":"C009","市町村名称":"石巻市","旧市町村":null}},
{"type":"Feature","geometry":{"type":"Polygon","coordinates":[[[141.4592,38.49241],[141.46051,38.49129],[141.46107,38.49069],[141.46157,38.49034],[141.46173,38.49024],[141.46187,38.49017],[141.46194,38.49016],[141.46275,38.48998],[141.4632,38.4899],[141.46351,38.4899],[141.46359,38.48991],[141.46364,38.4899],[141.46444,38.48983],[141.46498,38.48965],[141.46545,38.48975],[141.46632,38.48974],[141.46592,38.49134],[141.46768,38.49392],[141.4677,38.49397],[141.46776,38.49565],[141.46738,38.49683],[141.4673,38.49681],[141.46747,38.49727],[141.46753,38.4973],[141.4685,38.49779],[141.46922,38.49843],[141.46915,38.49902],[141.46741,38.50027],[141.46481,38.49956],[141.46381,38.49903],[141.46116,38.49844],[141.46046,38.49776],[141.45958,38.49832],[141.45878,38.49692],[141.45935,38.49437],[141.4592,38.49241]]]},"properties":{"林班":"C008","市町村名称":"石巻市","旧市町村":null}},
{"type":"Feature","geometry":{"type":"MultiPolygon","coordinates":[[[[141.46768,38.49392],[141.46592,38.49134],[141.46754,38.49307],[141.46886,38.49355],[141.46768,38.49392]]],[[[141.46883,38.49411],[141.46939,38.49544],[141.47085,38.49652],[141.47311,38.49735],[141.47616,38.49516],[141.47718,38.49642],[141.47654,38.49716],[141.47676,38.49849],[141.47826,38.50146],[141.47792,38.50222],[141.47779,38.50227],[141.47765,38.50223],[141.47669,38.50162],[141.47581,38.50164],[141.47482,38.50182],[141.47291,38.50286],[141.47303,38.5034],[141.47375,38.50457],[141.47333,38.50503],[141.47305,38.50523],[141.47198,38.50614],[141.47012,38.505],[141.4702,38.50364],[141.46946,38.503],[141.46941,38.50145],[141.46741,38.50027],[141.46915,38.49902],[141.46922,38.49843],[141.4685,38.49779],[141.46753,38.4973],[141.46738,38.49683],[141.46776,38.49565],[141.4677,38.49397],[141.46883,38.49411]]]]},"properties":{"林班":"C007","市町村名称":"石巻市","旧市町村":null}},
{"type":"Feature","geometry":{"type":"MultiPolygon","coordinates":[[[[141.48469,38.48215],[141.48502,38.48181],[141.48708,38.48302],[141.4863,38.48334],[141.48456,38.48274],[141.48469,38.48215]]],[[[141.48323,38.48679],[141.48355,38.48604],[141.4848,38.48611],[141.48572,38.48723],[141.48323,38.48679]]],[[[141.48761,38.49236],[141.48811,38.49115],[141.48978,38.49066],[141.49055,38.48894],[141.49314,38.49054],[141.49205,38.49167],[141.48971,38.49287],[141.48761,38.49236]]],[[[141.49173,38.47993],[141.49266,38.48119],[141.4917,38.48141],[141.49133,38.47996],[141.49173,38.47993]]],[[[141.49296,38.48025],[141.49276,38.48071],[141.49221,38.48001],[141.49245,38.48013],[141.49284,38.4802],[141.49296,38.48025]]],[[[141.49248,38.48483],[141.49345,38.48455],[141.49333,38.48244],[141.49538,38.48334],[141.49551,38.48387],[141.49434,38.48494],[141.49248,38.48483]]],[[[141.49464,38.48007],[141.49492,38.48011],[141.4952,38.48007],[141.49529,38.48],[141.49547,38.47999],[141.49443,38.48109],[141.49376,38.48053],[141.49464,38.48007]]]]},"properties":{"林班":"C006","市町村名称":"石巻市","旧市町村":null}},
{"type":"Feature","geometry":{"type":"Polygon","coordinates":[[[141.50283,38.39387],[141.50353,38.3961],[141.50265,38.39648],[141.5026,38.39615],[141.50265,38.39648],[141.50274,38.39713],[141.50058,38.39671],[141.5003,38.39611],[141.49771,38.39585],[141.49856,38.39754],[141.49783,38.3985],[141.49671,38.39833],[141.4963,38.39813],[141.49532,38.39807],[141.49366,38.39663],[141.49312,38.39711],[141.49188,38.39692],[141.49149,38.39671],[141.49034,38.39626],[141.49158,38.39517],[141.49378,38.39396],[141.49577,38.39208],[141.4975,38.39199],[141.49788,38.39278],[141.50014,38.39172],[141.50283,38.39387]]]},"properties":{"林班":"A001","市町村名称":"女川町","旧市町村":null}},
{"type":"Feature","geometry":{"type":"MultiPolygon","coordinates":[[[[141.4976,38.40776],[141.49891,38.40771],[141.50181,38.40857],[141.50227,38.41005],[141.49902,38.41012],[141.49686,38.40803],[141.49728,38.4075],[141.4976,38.40776]]],[[[141.49729,38.41169],[141.49932,38.41129],[141.49872,38.41017],[141.49963,38.41023],[141.50086,38.41159],[141.50265,38.41077],[141.50275,38.40873],[141.50407,38.40957],[141.50334,38.4123],[141.50438,38.41327],[141.50303,38.41366],[141.50127,38.41522],[141.50022,38.41433],[141.49963,38.41536],[141.49808,38.41359],[141.49729,38.41169]]]]},"properties":{"林班":"A003","市町村名称":"女川町","旧市町村":null}},
{"type":"Feature","geometry":{"type":"MultiPolygon","coordinates":[[[[141.49312,38.39711],[141.49366,38.39663],[141.49532,38.39807],[141.49312,38.39711]]],[[[141.49188,38.39692],[141.49313,38.3979],[141.49208,38.39924],[141.49081,38.39712],[141.49149,38.39671],[141.49188,38.39692]]],[[[141.4931,38.40179],[141.4948,38.40222],[141.4949,38.40311],[141.49258,38.40259],[141.4931,38.40179]]],[[[141.49312,38.40398],[141.49396,38.40312],[141.49488,38.40443],[141.49469,38.40471],[141.49338,38.4042],[141.49312,38.40398]]],[[[141.49898,38.40702],[141.49757,38.40725],[141.49707,38.40606],[141.49869,38.40632],[141.49898,38.40702]]]]},"properties":{"林班":"A002","市町村名称":"女川町","旧市町村":null}},
{"type":"Feature","geometry":{"type":"MultiPolygon","coordinates":[[[[141.48319,38.39951],[141.48424,38.39827],[141.48603,38.39783],[141.48673,38.39841],[141.4867,38.40005],[141.48765,38.40084],[141.48741,38.4018],[141.48847,38.40236],[141.48812,38.40319],[141.4862,38.40239],[141.48477,38.40031],[141.48296,38.39977],[141.48318,38.39971],[141.48319,38.39951]]],[[[141.48835,38.40199],[141.48893,38.40088],[141.49036,38.40144],[141.49139,38.40249],[141.49073,38.40298],[141.48955,38.40155],[141.48835,38.40199]]],[[[141.49213,38.40439],[141.49021,38.40349],[141.49206,38.40291],[141.49226,38.4042],[141.49213,38.40439]]],[[[141.49152,38.40594],[141.49157,38.4058],[141.49155,38.40589],[141.49154,38.4059],[141.49152,38.40594]]]]},"properties":{"林班":"A005","市町村名称":"女川町","旧市町村":null}},
{"type":"Feature","geometry":{"type":"MultiPolygon","coordinates":[[[[141.49226,38.4042],[141.49312,38.40398],[141.49338,38.4042],[141.49213,38.40439],[141.49226,38.4042]]],[[[141.49396,38.40654],[141.49544,38.40582],[141.4962,38.40606],[141.4961,38.40712],[141.49526,38.40733],[141.49396,38.40654]]],[[[141.49729,38.41169],[141.49527,38.41103],[141.49368,38.40921],[141.4944,38.40867],[141.49668,38.40855],[141.49681,38.40916],[141.49819,38.40944],[141.49872,38.41017],[141.49932,38.41129],[141.49729,38.41169]]]]},"properties":{"林班":"A004","市町村名称":"女川町","旧市町村":null}},
{"type":"Feature","geometry":{"type":"Polygon","coordinates":[[[141.44143,38.49868],[141.44227,38.49941],[141.44326,38.49875],[141.44538,38.49814],[141.44545,38.49813],[141.44554,38.4982],[141.44639,38.49909],[141.44733,38.50105],[141.44838,38.50232],[141.44747,38.50345],[141.44777,38.50448],[141.44904,38.50541],[141.44835,38.50673],[141.4474,38.50742],[141.44606,38.50784],[141.44585,38.50789],[141.44271,38.50922],[141.44063,38.50968],[141.43875,38.51114],[141.43692,38.51019],[141.43545,38.5102],[141.43456,38.50976],[141.43361,38.50848],[141.43135,38.50951],[141.42992,38.50932],[141.42961,38.50855],[141.42862,38.50763],[141.42878,38.50669],[141.42842,38.5064],[141.42821,38.50605],[141.4282,38.50588],[141.42814,38.50572],[141.42819,38.50552],[141.42833,38.50546],[141.43033,38.5052],[141.43033,38.50325],[141.43069,38.50299],[141.43141,38.50212],[141.43287,38.50149],[141.43367,38.50073],[141.43498,38.50019],[141.43577,38.49808],[141.43812,38.49621],[141.43985,38.4975],[141.44039,38.49849],[141.44143,38.49868]]]},"properties":{"林班":"C012","市町村名称":"石巻市","旧市町村":null}},
{"type":"Feature","geometry":{"type":"MultiPolygon","coordinates":[[[[141.44318,38.48777],[141.4422,38.48891],[141.44217,38.48971],[141.44059,38.48974],[141.43976,38.489],[141.43973,38.48779],[141.44136,38.48689],[141.44266,38.48698],[141.44318,38.48777]]],[[[141.43975,38.49088],[141.4417,38.49109],[141.44159,38.49195],[141.44123,38.49166],[141.44063,38.49139],[141.43977,38.49122],[141.43975,38.49088]]],[[[141.43761,38.49546],[141.43824,38.49458],[141.43839,38.49328],[141.43977,38.49127],[141.44065,38.49145],[141.44112,38.49163],[141.44196,38.49234],[141.44292,38.49351],[141.4437,38.49354],[141.44336,38.49488],[141.44378,38.49576],[141.44267,38.49714],[141.44269,38.49761],[141.44316,38.49786],[141.44326,38.49875],[141.44314,38.49877],[141.44184,38.49878],[141.44163,38.49792],[141.44086,38.4977],[141.44005,38.49636],[141.43926,38.49584],[141.43761,38.49546]]],[[[141.43775,38.49586],[141.43867,38.49592],[141.43924,38.49687],[141.43988,38.49681],[141.4405,38.49731],[141.44057,38.49784],[141.44126,38.49784],[141.44143,38.49868],[141.44039,38.49849],[141.43985,38.4975],[141.43812,38.49621],[141.43775,38.49586]]],[[[141.44326,38.49875],[141.44353,38.49831],[141.44325,38.49773],[141.44285,38.49766],[141.44363,38.4961],[141.44414,38.49714],[141.44538,38.49814],[141.44326,38.49875]]]]},"properties":{"林班":"C011","市町村名称":"石巻市","旧市町村":null}},
{"type":"Feature","geometry":{"type":"Polygon","coordinates":[[[141.4449,38.49395],[141.44617,38.49414],[141.44732,38.49299],[141.44944,38.49216],[141.45109,38.49234],[141.45383,38.49152],[141.45553,38.4895],[141.45639,38.48986],[141.45735,38.49085],[141.45803,38.49132],[141.45866,38.49199],[141.4592,38.49241],[141.45935,38.49437],[141.45878,38.49692],[141.45958,38.49832],[141.45711,38.50023],[141.45522,38.50068],[141.45345,38.50219],[141.45325,38.50281],[141.45181,38.50391],[141.44851,38.50408],[141.44833,38.50359],[141.44908,38.50148],[141.44916,38.50028],[141.44772,38.49792],[141.44695,38.49758],[141.44566,38.49611],[141.4449,38.49395]]]},"properties":{"林班":"C010","市町村名称":"石巻市","旧市町村":null}},
{"type":"Feature","geometry":{"type":"MultiPolygon","coordinates":[[[[141.44555,38.41242],[141.44637,38.41232],[141.44887,38.41341],[141.44821,38.41437],[141.44923,38.41521],[141.44893,38.41578],[141.44965,38.41722],[141.45066,38.41772],[141.44919,38.41894],[141.44873,38.42071],[141.44917,38.42155],[141.44819,38.42106],[141.44768,38.42019],[141.44872,38.41885],[141.44853,38.41687],[141.44841,38.41682],[141.44827,38.41675],[141.44811,38.41665],[141.44798,38.41653],[141.44794,38.41634],[141.44774,38.41609],[141.44771,38.41596],[141.44771,38.41594],[141.44767,38.41585],[141.44745,38.41561],[141.44717,38.41545],[141.4471,38.41539],[141.44704,38.41531],[141.44702,38.41526],[141.44701,38.41512],[141.44699,38.4148],[141.44698,38.41452],[141.44684,38.41415],[141.44555,38.41242]]],[[[141.44947,38.4159],[141.44918,38.41393],[141.45187,38.41563],[141.45166,38.41596],[141.45187,38.41563],[141.45255,38.41644],[141.45428,38.41713],[141.45371,38.41788],[141.45438,38.4188],[141.45552,38.41961],[141.4557,38.42024],[141.45617,38.42111],[141.45694,38.42179],[141.45553,38.42098],[141.45479,38.42182],[141.45378,38.42217],[141.45105,38.42258],[141.44967,38.42179],[141.44946,38.41997],[141.44969,38.41906],[141.45136,38.41795],[141.45046,38.41706],[141.45081,38.41657],[141.44947,38.4159]]]]},"properties":{"林班":"A018","市町村名称":"女川町","旧市町村":null}},
{"type":"Feature","geometry":{"type":"MultiPolygon","coordinates":[[[[141.45428,38.41713],[141.45581,38.41587],[141.45824,38.41608],[141.45913,38.41642],[141.4597,38.41684],[141.461,38.41658],[141.46108,38.4166],[141.46274,38.41758],[141.46205,38.41855],[141.46234,38.41966],[141.46221,38.42023],[141.46241,38.42104],[141.46237,38.4221],[141.46205,38.422],[141.46018,38.42267],[141.45901,38.422],[141.45816,38.42199],[141.45679,38.42159],[141.45623,38.42109],[141.45535,38.41908],[141.45449,38.41881],[141.45371,38.41788],[141.45428,38.41713]]],[[[141.46228,38.42047],[141.46237,38.41966],[141.4621,38.41855],[141.46279,38.41757],[141.46453,38.41772],[141.46484,38.41807],[141.46383,38.41884],[141.46324,38.41967],[141.4632,38.42008],[141.46228,38.42047]]]]},"properties":{"林班":"A017","市町村名称":"女川町","旧市町村":null}},
{"type":"Feature","geometry":{"type":"Polygon","coordinates":[[[141.44061,38.51318],[141.44192,38.51253],[141.44577,38.51201],[141.44798,38.51207],[141.44988,38.51115],[141.45186,38.51087],[141.45383,38.51186],[141.45457,38.51274],[141.45253,38.5132],[141.44816,38.5167],[141.44681,38.5173],[141.44487,38.5177],[141.44374,38.51821],[141.44387,38.51649],[141.44286,38.51562],[141.44258,38.51463],[141.44151,38.51354],[141.44061,38.51318]]]},"properties":{"林班":"C016","市町村名称":"石巻市","旧市町村":null}},
{"type":"Feature","geometry":{"type":"MultiPolygon","coordinates":[[[[141.44356,38.51814],[141.44219,38.51741],[141.44079,38.51697],[141.43937,38.51682],[141.43886,38.51642],[141.43659,38.51556],[141.4362,38.51596],[141.43393,38.51535],[141.4343,38.51591],[141.43294,38.51577],[141.432,38.51596],[141.43191,38.51577],[141.43204,38.51523],[141.43024,38.51487],[141.43113,38.51389],[141.43057,38.51243],[141.43168,38.51258],[141.43185,38.5128],[141.43406,38.51511],[141.43711,38.51558],[141.43969,38.51678],[141.44041,38.51674],[141.4424,38.51741],[141.44356,38.51814]]],[[[141.43038,38.51302],[141.431,38.51393],[141.43009,38.51435],[141.43018,38.5149],[141.4311,38.51548],[141.43194,38.51527],[141.43181,38.51583],[141.43196,38.51602],[141.43233,38.51604],[141.43291,38.51584],[141.43577,38.51608],[141.43674,38.51592],[141.43883,38.51646],[141.43941,38.5169],[141.44068,38.51697],[141.44211,38.51743],[141.44288,38.51836],[141.44172,38.51912],[141.44047,38.52147],[141.43991,38.52288],[141.43852,38.52239],[141.43788,38.51973],[141.43786,38.51962],[141.43777,38.51924],[141.43746,38.51878],[141.43734,38.51868],[141.43709,38.51877],[141.43693,38.51881],[141.43625,38.51879],[141.43597,38.51875],[141.43539,38.51869],[141.43515,38.51865],[141.4348,38.51838],[141.43461,38.51819],[141.43256,38.51767],[141.43235,38.51767],[141.43155,38.51771],[141.43112,38.51604],[141.43002,38.51477],[141.43002,38.51448],[141.43001,38.51421],[141.42979,38.51337],[141.43038,38.51302]]]]},"properties":{"林班":"C015","市町村名称":"石巻市","旧市町村":null}},
{"type":"Feature","geometry":{"type":"MultiPolygon","coordinates":[[[[141.45105,38.42258],[141.45378,38.42217],[141.45479,38.42182],[141.45553,38.42098],[141.45694,38.42179],[141.45879,38.42216],[141.45917,38.42252],[141.46041,38.42359],[141.45939,38.42384],[141.45931,38.42434],[141.45963,38.42516],[141.45904,38.42524],[141.45838,38.42547],[141.45826,38.42557],[141.45783,38.42575],[141.45757,38.42578],[141.45736,38.42591],[141.45689,38.42604],[141.45593,38.42602],[141.45461,38.42588],[141.45385,38.4265],[141.45331,38.42514],[141.45184,38.42416],[141.45105,38.42258]]],[[[141.45774,38.42578],[141.45793,38.42572],[141.45829,38.42559],[141.45905,38.42527],[141.45927,38.42525],[141.45792,38.42584],[141.45774,38.42578]]]]},"properties":{"林班":"A019","市町村名称":"女川町","旧市町村":null}},
{"type":"Feature","geometry":{"type":"Polygon","coordinates":[[[141.42862,38.50763],[141.42961,38.50855],[141.42992,38.50932],[141.43135,38.50951],[141.43361,38.50848],[141.43456,38.50976],[141.43545,38.5102],[141.43692,38.51019],[141.43875,38.51114],[141.4395,38.51251],[141.44061,38.51318],[141.44151,38.51354],[141.44258,38.51463],[141.44286,38.51562],[141.44387,38.51649],[141.44374,38.51821],[141.44356,38.51814],[141.4424,38.51741],[141.44041,38.51674],[141.43969,38.51678],[141.43711,38.51558],[141.43406,38.51511],[141.43185,38.5128],[141.43168,38.51258],[141.43057,38.51243],[141.43024,38.51209],[141.43018,38.51196],[141.43023,38.51186],[141.43018,38.51196],[141.43024,38.51209],[141.43038,38.51302],[141.42887,38.51274],[141.42862,38.51255],[141.42826,38.51222],[141.42808,38.51202],[141.42756,38.51122],[141.42754,38.5109],[141.42756,38.51064],[141.42758,38.51024],[141.42766,38.50981],[141.4279,38.50949],[141.428,38.50932],[141.42789,38.50818],[141.42782,38.50768],[141.42777,38.50736],[141.42773,38.50718],[141.42767,38.50686],[141.42766,38.50667],[141.42773,38.5065],[141.42818,38.5061],[141.42842,38.5064],[141.42878,38.50669],[141.42862,38.50763]]]},"properties":{"林班":"C014","市町村名称":"石巻市","旧市町村":null}},
{"type":"Feature","geometry":{"type":"Polygon","coordinates":[[[141.4474,38.50742],[141.44968,38.50722],[141.45387,38.50864],[141.45578,38.51112],[141.45457,38.51274],[141.45383,38.51186],[141.45186,38.51087],[141.44988,38.51115],[141.44798,38.51207],[141.44577,38.51201],[141.44192,38.51253],[141.44061,38.51318],[141.4395,38.51251],[141.43875,38.51114],[141.44063,38.50968],[141.44271,38.50922],[141.44585,38.50789],[141.44606,38.50784],[141.4474,38.50742]]]},"properties":{"林班":"C013","市町村名称":"石巻市","旧市町村":null}},
{"type":"Feature","geometry":{"type":"MultiPolygon","coordinates":[[[[141.45804,38.39204],[141.46039,38.3918],[141.45911,38.39299],[141.45849,38.39276],[141.4574,38.39349],[141.45668,38.3928],[141.45804,38.39204]]],[[[141.45764,38.39512],[141.45727,38.39389],[141.4583,38.39321],[141.45954,38.39312],[141.46075,38.39174],[141.46315,38.39239],[141.46331,38.39261],[141.4641,38.3934],[141.46651,38.39487],[141.46738,38.39503],[141.46637,38.3953],[141.46505,38.39701],[141.46461,38.3987],[141.46294,38.39892],[141.46048,38.39858],[141.45935,38.3982],[141.45855,38.39844],[141.45845,38.39811],[141.45845,38.39808],[141.45813,38.39705],[141.45815,38.39701],[141.45764,38.39512]]]]},"properties":{"林班":"A010","市町村名称":"女川町","旧市町村":null}},
{"type":"Feature","geometry":{"type":"MultiPolygon","coordinates":[[[[141.45495,38.40345],[141.45707,38.40365],[141.45904,38.40283],[141.4601,38.4021],[141.46195,38.4026],[141.46205,38.40263],[141.46331,38.40284],[141.46481,38.40362],[141.46576,38.40339],[141.46574,38.40464],[141.46439,38.40518],[141.46382,38.40647],[141.46614,38.40771],[141.46534,38.40827],[141.46299,38.40914],[141.46123,38.4092],[141.45996,38.40857],[141.45862,38.40894],[141.45772,38.40878],[141.45723,38.40903],[141.45614,38.40685],[141.4569,38.40583],[141.45567,38.40545],[141.4558,38.40449],[141.45495,38.40345]]],[[[141.45921,38.41347],[141.45896,38.41272],[141.45791,38.41197],[141.45793,38.41109],[141.4571,38.41059],[141.45664,38.40956],[141.45772,38.4088],[141.45861,38.40897],[141.45996,38.4086],[141.4612,38.40922],[141.4641,38.40933],[141.46475,38.40854],[141.46656,38.40887],[141.46384,38.41015],[141.46343,38.41094],[141.46186,38.41213],[141.4618,38.41217],[141.46023,38.4131],[141.45921,38.41347]]],[[[141.4658,38.40338],[141.4694,38.40404],[141.46857,38.40492],[141.4669,38.40514],[141.46576,38.40464],[141.4658,38.40338]]],[[[141.46689,38.40698],[141.46725,38.4062],[141.46856,38.40691],[141.46761,38.40789],[141.46689,38.40698]]],[[[141.4715,38.4051],[141.46973,38.40555],[141.46864,38.40509],[141.46963,38.40421],[141.47059,38.40479],[141.4715,38.4051]]]]},"properties":{"林班":"A012","市町村名称":"女川町","旧市町村":null}},
{"type":"Feature","geometry":{"type":"MultiPolygon","coordinates":[[[[141.45495,38.40345],[141.45391,38.40391],[141.45348,38.40303],[141.45405,38.40179],[141.45532,38.40052],[141.45487,38.39887],[141.45635,38.39759],[141.45764,38.39512],[141.45815,38.39701],[141.45787,38.39743],[141.45861,38.39852],[141.45935,38.39823],[141.46083,38.39901],[141.46193,38.39915],[141.46361,38.40017],[141.46552,38.40252],[141.46576,38.40339],[141.46481,38.40362],[141.46331,38.40284],[141.46205,38.40263],[141.46195,38.4026],[141.4601,38.4021],[141.45904,38.40283],[141.45707,38.40365],[141.45495,38.40345]]],[[[141.47059,38.40479],[141.46982,38.40417],[141.46969,38.40326],[141.46886,38.40259],[141.46772,38.40262],[141.46772,38.40135],[141.46984,38.40296],[141.4715,38.4051],[141.47059,38.40479]]],[[[141.4658,38.40338],[141.46556,38.40235],[141.467,38.40177],[141.46746,38.40288],[141.46866,38.40269],[141.46957,38.40342],[141.4694,38.40404],[141.4658,38.40338]]]]},"properties":{"林班":"A011","市町村名称":"女川町","旧市町村":null}},
{"type":"Feature","geometry":{"type":"MultiPolygon","coordinates":[[[[141.45921,38.41347],[141.46023,38.4131],[141.46138,38.41378],[141.46429,38.41266],[141.46665,38.4124],[141.46433,38.41356],[141.46376,38.41477],[141.46442,38.41663],[141.46527,38.41725],[141.46453,38.41772],[141.46279,38.41757],[141.46274,38.41758],[141.46108,38.4166],[141.461,38.41658],[141.4597,38.41684],[141.45913,38.41642],[141.45875,38.41545],[141.45921,38.41347]]],[[[141.46529,38.41723],[141.46444,38.41663],[141.46381,38.41475],[141.46436,38.41357],[141.46631,38.41282],[141.46728,38.41188],[141.4697,38.41108],[141.47111,38.41181],[141.47219,38.41336],[141.469,38.41345],[141.46816,38.41465],[141.46971,38.41546],[141.46529,38.41723]]],[[[141.46993,38.41524],[141.46923,38.41482],[141.46926,38.41376],[141.47037,38.41347],[141.47117,38.41396],[141.47229,38.41358],[141.47238,38.41413],[141.47085,38.41446],[141.47021,38.41505],[141.46993,38.41524]]]]},"properties":{"林班":"A014","市町村名称":"女川町","旧市町村":null}},
{"type":"Feature","geometry":{"type":"MultiPolygon","coordinates":[[[[141.46186,38.41213],[141.46343,38.41094],[141.46384,38.41015],[141.46656,38.40887],[141.46678,38.40867],[141.46743,38.40876],[141.46813,38.40887],[141.46655,38.41143],[141.46665,38.4124],[141.46429,38.41266],[141.46138,38.41378],[141.46023,38.4131],[141.4618,38.41217],[141.46186,38.41213]]],[[[141.47229,38.41358],[141.47334,38.41285],[141.47312,38.4113],[141.4725,38.41073],[141.47226,38.40948],[141.47308,38.40892],[141.47425,38.41205],[141.47379,38.4124],[141.47421,38.41386],[141.47323,38.41448],[141.47238,38.41413],[141.47229,38.41358]]],[[[141.46728,38.41188],[141.46795,38.4114],[141.46812,38.41116],[141.46818,38.41097],[141.46793,38.41064],[141.46799,38.41052],[141.46821,38.41027],[141.46832,38.41022],[141.46837,38.41005],[141.46854,38.41013],[141.4688,38.40978],[141.46855,38.40853],[141.46995,38.40749],[141.47209,38.40956],[141.47224,38.41088],[141.47318,38.41281],[141.47219,38.41336],[141.47111,38.41181],[141.4697,38.41108],[141.46728,38.41188]]],[[[141.46796,38.40927],[141.46877,38.40977],[141.46853,38.41011],[141.46839,38.41003],[141.46834,38.41005],[141.4683,38.41021],[141.46814,38.41031],[141.46794,38.41055],[141.4679,38.41064],[141.46795,38.41075],[141.46816,38.41101],[141.46793,38.41139],[141.46658,38.41143],[141.46796,38.40927]]]]},"properties":{"林班":"A013","市町村名称":"女川町","旧市町村":null}},
{"type":"Feature","geometry":{"type":"MultiPolygon","coordinates":[[[[141.46485,38.41809],[141.46569,38.41899],[141.46913,38.41974],[141.47078,38.42064],[141.47077,38.42345],[141.46941,38.42349],[141.47003,38.42227],[141.46964,38.42153],[141.46807,38.42111],[141.46454,38.42324],[141.46252,38.42217],[141.46241,38.42173],[141.46245,38.42123],[141.46234,38.42058],[141.46321,38.4207],[141.46326,38.41968],[141.46485,38.41809]]],[[[141.47168,38.42554],[141.46983,38.42464],[141.46897,38.42466],[141.4672,38.42348],[141.4658,38.4242],[141.46526,38.42348],[141.46743,38.42183],[141.46898,38.42145],[141.46964,38.42195],[141.46912,38.42336],[141.46966,38.42395],[141.47079,38.42376],[141.47168,38.42554]]]]},"properties":{"林班":"A016","市町村名称":"女川町","旧市町村":null}},
{"type":"Feature","geometry":{"type":"MultiPolygon","coordinates":[[[[141.46529,38.41723],[141.46971,38.41546],[141.46951,38.41616],[141.47043,38.41804],[141.47261,38.41853],[141.47335,38.41911],[141.47317,38.42004],[141.47243,38.42031],[141.47203,38.42065],[141.47231,38.42204],[141.47122,38.42265],[141.47077,38.42345],[141.47078,38.42064],[141.46913,38.41974],[141.46569,38.41899],[141.46485,38.41809],[141.46529,38.41723]]],[[[141.46453,38.41772],[141.46527,38.41725],[141.46484,38.41807],[141.46453,38.41772]]],[[[141.47079,38.42376],[141.47146,38.42263],[141.47245,38.42234],[141.4722,38.42055],[141.47326,38.4201],[141.47369,38.41932],[141.4731,38.41856],[141.47188,38.41816],[141.47026,38.41605],[141.46993,38.41524],[141.47021,38.41505],[141.47052,38.41583],[141.47251,38.41663],[141.47474,38.41876],[141.47496,38.41974],[141.47427,38.42016],[141.47414,38.42137],[141.4731,38.42258],[141.47168,38.42554],[141.47079,38.42376]]]]},"properties":{"林班":"A015","市町村名称":"女川町","旧市町村":null}},
{"type":"Feature","geometry":{"type":"MultiPolygon","coordinates":[[[[141.42915,38.42837],[141.42807,38.42884],[141.42919,38.42959],[141.42828,38.43113],[141.42825,38.43199],[141.42654,38.43373],[141.42529,38.43402],[141.42503,38.43279],[141.42579,38.43234],[141.4239,38.42904],[141.42411,38.42792],[141.42715,38.42529],[141.42848,38.4255],[141.42873,38.42696],[141.42905,38.42787],[141.42909,38.42804],[141.42915,38.42837]]],[[[141.42841,38.4316],[141.42891,38.43029],[141.42912,38.43034],[141.42841,38.4316]]]]},"properties":{"林班":"A030","市町村名称":"女川町","旧市町村":null}},
{"type":"Feature","geometry":{"type":"MultiPolygon","coordinates":[[[[141.45353,38.5066],[141.45098,38.50719],[141.45213,38.50596],[141.45354,38.50547],[141.45353,38.5066]]],[[[141.46151,38.50725],[141.46226,38.50589],[141.46422,38.50611],[141.4645,38.50761],[141.46537,38.5075],[141.4663,38.50846],[141.46803,38.50868],[141.46744,38.50955],[141.46931,38.5102],[141.47041,38.5118],[141.47009,38.51338],[141.47131,38.51338],[141.47301,38.51414],[141.47662,38.51384],[141.47702,38.51505],[141.47298,38.5161],[141.47058,38.51545],[141.46876,38.51427],[141.46825,38.51289],[141.46651,38.51162],[141.46555,38.51158],[141.46499,38.51033],[141.46378,38.50879],[141.46178,38.51018],[141.46037,38.51026],[141.45825,38.50968],[141.45736,38.51047],[141.45668,38.50906],[141.45705,38.5077],[141.45839,38.50743],[141.45828,38.50844],[141.45958,38.50862],[141.46096,38.50825],[141.46151,38.50725]]],[[[141.4745,38.51134],[141.47723,38.51189],[141.47834,38.51278],[141.4771,38.51333],[141.47585,38.51272],[141.47559,38.51191],[141.4745,38.51134]]]]},"properties":{"林班":"C001","市町村名称":"石巻市","旧市町村":null}},
{"type":"Feature","geometry":{"type":"Polygon","coordinates":[[[141.42912,38.43034],[141.42971,38.43003],[141.42987,38.42998],[141.43107,38.43035],[141.43327,38.43011],[141.43453,38.43027],[141.4366,38.42951],[141.43614,38.43033],[141.43385,38.43113],[141.43371,38.4323],[141.43425,38.43363],[141.43391,38.43406],[141.43192,38.43329],[141.42861,38.43335],[141.42833,38.4321],[141.4284,38.43189],[141.42841,38.4316],[141.42912,38.43034]]]},"properties":{"林班":"A029","市町村名称":"女川町","旧市町村":null}},
{"type":"Feature","geometry":{"type":"MultiPolygon","coordinates":[[[[141.43425,38.43363],[141.43371,38.4323],[141.43385,38.43113],[141.43614,38.43033],[141.4366,38.42951],[141.4373,38.42884],[141.43847,38.42867],[141.43946,38.42984],[141.43947,38.43117],[141.439,38.43207],[141.43808,38.43169],[141.43806,38.43234],[141.43683,38.4335],[141.43572,38.43381],[141.43501,38.43349],[141.43473,38.43362],[141.43425,38.43363]]],[[[141.43586,38.43378],[141.43656,38.43373],[141.4377,38.43306],[141.43824,38.43216],[141.43952,38.43247],[141.43963,38.42988],[141.43867,38.4286],[141.44004,38.42792],[141.44105,38.42805],[141.44192,38.43102],[141.44035,38.43408],[141.4393,38.43343],[141.43792,38.43346],[141.43656,38.43414],[141.43586,38.43378]]]]},"properties":{"林班":"A028","市町村名称":"女川町","旧市町村":null}},
{"type":"Feature","geometry":{"type":"Polygon","coordinates":[[[141.48779,38.4939],[141.48757,38.49306],[141.48761,38.49236],[141.48971,38.49287],[141.49205,38.49167],[141.49314,38.49054],[141.49366,38.49104],[141.49302,38.49231],[141.49509,38.49275],[141.49603,38.49419],[141.49709,38.49502],[141.49586,38.49589],[141.49631,38.49717],[141.4961,38.49856],[141.49639,38.49965],[141.49415,38.49994],[141.49253,38.49884],[141.49181,38.49907],[141.49051,38.49838],[141.48883,38.49703],[141.4881,38.49576],[141.48782,38.49553],[141.48779,38.49408],[141.48779,38.4939]]]},"properties":{"林班":"C005","市町村名称":"石巻市","旧市町村":null}},
{"type":"Feature","geometry":{"type":"Polygon","coordinates":[[[141.4711,38.48434],[141.47155,38.48415],[141.47148,38.48403],[141.4725,38.48351],[141.47312,38.4853],[141.47242,38.48559],[141.47114,38.48633],[141.47287,38.48677],[141.47353,38.48758],[141.47325,38.48861],[141.47472,38.4892],[141.48201,38.49108],[141.48525,38.49169],[141.48761,38.49236],[141.48757,38.49306],[141.4865,38.4944],[141.48647,38.49579],[141.48443,38.49585],[141.48561,38.49754],[141.48917,38.49891],[141.4891,38.49961],[141.48636,38.49841],[141.48428,38.49865],[141.4824,38.49827],[141.48192,38.49808],[141.48045,38.49699],[141.47857,38.49636],[141.47718,38.49642],[141.47616,38.49516],[141.47416,38.49263],[141.47241,38.49201],[141.47021,38.48947],[141.47089,38.48833],[141.47075,38.48794],[141.47057,38.48728],[141.47087,38.48719],[141.47053,38.4872],[141.47011,38.48624],[141.47023,38.48598],[141.4711,38.48434]],[[141.47668,38.49263],[141.47799,38.49246],[141.47787,38.49071],[141.47601,38.49121],[141.47668,38.49263]]]},"properties":{"林班":"C004","市町村名称":"石巻市","旧市町村":null}},
{"type":"Feature","geometry":{"type":"Polygon","coordinates":[[[141.48192,38.49808],[141.4824,38.49827],[141.48428,38.49865],[141.48636,38.49841],[141.4891,38.49961],[141.48621,38.49951],[141.48459,38.50026],[141.4848,38.50123],[141.48283,38.50253],[141.48256,38.50327],[141.48175,38.50312],[141.47979,38.5031],[141.47835,38.50256],[141.47812,38.50249],[141.47809,38.50246],[141.47792,38.50222],[141.47826,38.50146],[141.47676,38.49849],[141.47654,38.49716],[141.47718,38.49642],[141.47857,38.49636],[141.48045,38.49699],[141.48192,38.49808]]]},"properties":{"林班":"C003","市町村名称":"石巻市","旧市町村":null}},
{"type":"Feature","geometry":{"type":"MultiPolygon","coordinates":[[[[141.47581,38.50164],[141.47669,38.50162],[141.47765,38.50223],[141.47812,38.50249],[141.47835,38.50256],[141.47825,38.50306],[141.48166,38.50415],[141.48175,38.50312],[141.48256,38.50327],[141.48419,38.50387],[141.48627,38.50617],[141.48655,38.50706],[141.48435,38.50935],[141.48274,38.51063],[141.4813,38.51126],[141.4796,38.51248],[141.47832,38.51211],[141.47751,38.51107],[141.4799,38.51025],[141.48115,38.50957],[141.48027,38.50739],[141.47817,38.50608],[141.47518,38.50705],[141.47206,38.50667],[141.47198,38.50614],[141.47305,38.50523],[141.47333,38.50503],[141.47375,38.50457],[141.47303,38.5034],[141.47291,38.50286],[141.47482,38.50182],[141.47581,38.50164]]],[[[141.47809,38.50246],[141.47779,38.50227],[141.47792,38.50222],[141.47809,38.50246]]]]},"properties":{"林班":"C002","市町村名称":"石巻市","旧市町村":null}},
{"type":"Feature","geometry":{"type":"MultiPolygon","coordinates":[[[[141.52613,38.52633],[141.52733,38.52824],[141.528,38.5302],[141.52882,38.53103],[141.53024,38.53327],[141.52943,38.5339],[141.52909,38.53449],[141.52909,38.53522],[141.52978,38.537],[141.53005,38.53728],[141.53092,38.53787],[141.53079,38.53814],[141.52906,38.5392],[141.5286,38.54006],[141.52659,38.54079],[141.52423,38.53721],[141.52373,38.53477],[141.52304,38.53367],[141.52111,38.5323],[141.52391,38.53132],[141.52669,38.53119],[141.52708,38.5287],[141.52613,38.52633]]],[[[141.53567,38.53173],[141.53497,38.53298],[141.5327,38.53099],[141.53067,38.53157],[141.53019,38.53054],[141.52872,38.5301],[141.52898,38.52904],[141.52852,38.52843],[141.52917,38.528],[141.5292,38.52941],[141.53334,38.53069],[141.53498,38.53052],[141.53567,38.53173]]],[[[141.52648,38.5435],[141.52825,38.54282],[141.52866,38.54212],[141.52776,38.54151],[141.52939,38.54069],[141.53035,38.54079],[141.53071,38.54194],[141.53175,38.54355],[141.53166,38.54486],[141.52985,38.54534],[141.52872,38.54509],[141.52661,38.54385],[141.52627,38.54395],[141.52648,38.5435]]],[[[141.5307,38.54699],[141.53012,38.54567],[141.53164,38.54516],[141.5323,38.54397],[141.53174,38.54269],[141.53081,38.54202],[141.53087,38.54157],[141.53021,38.54051],[141.52921,38.53918],[141.5309,38.53815],[141.53102,38.53785],[141.53087,38.53769],[141.53001,38.53714],[141.52957,38.53627],[141.52914,38.53468],[141.53023,38.53456],[141.53049,38.53699],[141.53231,38.53816],[141.53176,38.53956],[141.53393,38.54044],[141.53428,38.54117],[141.53407,38.54319],[141.53497,38.5452],[141.53372,38.5463],[141.53262,38.54653],[141.53262,38.54874],[141.5322,38.54895],[141.53199,38.54782],[141.5307,38.54699]]]]},"properties":{"林班":"C029","市町村名称":"石巻市","旧市町村":null}},
{"type":"Feature","geometry":{"type":"MultiPolygon","coordinates":[[[[141.456,38.42957],[141.45839,38.42938],[141.45933,38.43003],[141.45983,38.43209],[141.45905,38.43341],[141.45847,38.43334],[141.45763,38.43472],[141.45698,38.43644],[141.45553,38.43386],[141.45521,38.43202],[141.45542,38.43052],[141.456,38.42957]]],[[[141.45725,38.43617],[141.45753,38.43717],[141.45723,38.43671],[141.45725,38.43617]]],[[[141.45725,38.43617],[141.45722,38.43668],[141.45712,38.43675],[141.45705,38.43658],[141.45725,38.43617]]]]},"properties":{"林班":"A021","市町村名称":"女川町","旧市町村":null}},
{"type":"Feature","geometry":{"type":"Polygon","coordinates":[[[141.51724,38.53247],[141.51827,38.53176],[141.51951,38.53183],[141.521,38.53234],[141.52199,38.53345],[141.52289,38.53377],[141.52386,38.53687],[141.52593,38.54047],[141.52818,38.54224],[141.52721,38.5426],[141.52705,38.54324],[141.52582,38.54319],[141.52596,38.54515],[141.52661,38.54424],[141.52864,38.54524],[141.52966,38.54676],[141.5307,38.54699],[141.53199,38.54782],[141.5322,38.54895],[141.53059,38.5481],[141.52927,38.54689],[141.52815,38.54656],[141.5253,38.54628],[141.52483,38.54464],[141.52425,38.54427],[141.52365,38.54225],[141.52204,38.54117],[141.52196,38.53995],[141.52115,38.53944],[141.5189,38.53902],[141.51776,38.53946],[141.51777,38.54021],[141.51651,38.54073],[141.51589,38.54207],[141.51631,38.54339],[141.51525,38.54349],[141.51464,38.54449],[141.515,38.54251],[141.51471,38.54178],[141.51524,38.53972],[141.51489,38.53873],[141.51375,38.5377],[141.51445,38.53723],[141.51609,38.53532],[141.51606,38.53424],[141.51699,38.53276],[141.51724,38.53247]]]},"properties":{"林班":"C028","市町村名称":"石巻市","旧市町村":null}},
{"type":"Feature","geometry":{"type":"MultiPolygon","coordinates":[[[[141.45927,38.42525],[141.45967,38.42519],[141.46025,38.4249],[141.46167,38.42621],[141.4628,38.42675],[141.46317,38.42746],[141.46168,38.42789],[141.45936,38.42931],[141.45839,38.42938],[141.456,38.42957],[141.45385,38.4265],[141.45461,38.42588],[141.45593,38.42602],[141.45624,38.4261],[141.4569,38.42605],[141.45715,38.42601],[141.45774,38.42578],[141.45792,38.42584],[141.45927,38.42525]]],[[[141.46344,38.42559],[141.4635,38.42671],[141.46577,38.4284],[141.4653,38.42876],[141.46545,38.43078],[141.46501,38.43153],[141.46359,38.43184],[141.46312,38.43135],[141.46494,38.43045],[141.46439,38.42951],[141.46465,38.42875],[141.46328,38.42667],[141.46344,38.42559]]]]},"properties":{"林班":"A020","市町村名称":"女川町","旧市町村":null}},
{"type":"Feature","geometry":{"type":"MultiPolygon","coordinates":[[[[141.44294,38.42605],[141.44558,38.42471],[141.4475,38.42297],[141.44764,38.42528],[141.44815,38.42611],[141.44801,38.42887],[141.44731,38.42926],[141.44692,38.43161],[141.44722,38.432],[141.44681,38.43353],[141.44519,38.43295],[141.44482,38.43262],[141.44444,38.43157],[141.4436,38.43113],[141.44243,38.43162],[141.44192,38.43102],[141.44105,38.42805],[141.44212,38.42742],[141.44294,38.42605]]],[[[141.4476,38.4217],[141.44796,38.42123],[141.44841,38.42194],[141.44783,38.42246],[141.4476,38.4217]]],[[[141.44888,38.42372],[141.44897,38.42445],[141.45035,38.426],[141.45128,38.42782],[141.44973,38.42945],[141.45027,38.43031],[141.45016,38.43049],[141.45013,38.43056],[141.45005,38.43072],[141.44918,38.43108],[141.44881,38.43137],[141.44796,38.43012],[141.44877,38.42943],[141.44854,38.42675],[141.44776,38.42329],[141.44873,38.42273],[141.44883,38.42299],[141.44877,38.42329],[141.44888,38.42372]]],[[[141.44809,38.43401],[141.44704,38.43357],[141.44761,38.43326],[141.44809,38.43401]]]]},"properties":{"林班":"A023","市町村名称":"女川町","旧市町村":null}},
{"type":"Feature","geometry":{"type":"MultiPolygon","coordinates":[[[[141.44819,38.42106],[141.44917,38.42155],[141.44841,38.42194],[141.44796,38.42123],[141.44819,38.42106]]],[[[141.44967,38.42179],[141.45105,38.42258],[141.45184,38.42416],[141.45331,38.42514],[141.45385,38.4265],[141.456,38.42957],[141.45542,38.43052],[141.45521,38.43202],[141.45553,38.43386],[141.45698,38.43644],[141.45705,38.43658],[141.45712,38.43675],[141.45668,38.43678],[141.45617,38.43701],[141.45588,38.43693],[141.45557,38.43694],[141.45534,38.43725],[141.45314,38.43586],[141.4541,38.43533],[141.4521,38.43409],[141.45104,38.43251],[141.45072,38.43103],[141.45073,38.42929],[141.45157,38.42903],[141.45128,38.42782],[141.45043,38.42555],[141.45056,38.4248],[141.44888,38.42372],[141.44877,38.42329],[141.44883,38.42299],[141.44873,38.42273],[141.44967,38.42179]]],[[[141.45753,38.43717],[141.45636,38.4379],[141.456,38.43701],[141.45617,38.43702],[141.45635,38.43697],[141.45674,38.43679],[141.45692,38.43681],[141.45717,38.43676],[141.45723,38.43671],[141.45753,38.43717]]]]},"properties":{"林班":"A022","市町村名称":"女川町","旧市町村":null}},
{"type":"Feature","geometry":{"type":"MultiPolygon","coordinates":[[[[141.44192,38.43102],[141.44243,38.43162],[141.4436,38.43113],[141.44444,38.43157],[141.44482,38.43262],[141.44533,38.43347],[141.44519,38.43295],[141.44681,38.43353],[141.44635,38.43469],[141.44479,38.43559],[141.44446,38.43484],[141.44309,38.43543],[141.44108,38.43497],[141.44035,38.43408],[141.44192,38.43102]]],[[[141.44704,38.43357],[141.44809,38.43401],[141.4479,38.43511],[141.44679,38.43496],[141.44704,38.43357]]],[[[141.44908,38.44065],[141.44672,38.43987],[141.44663,38.43832],[141.44723,38.43598],[141.44845,38.43513],[141.44895,38.43628],[141.44871,38.43722],[141.44942,38.43799],[141.44952,38.43995],[141.44908,38.44065]]]]},"properties":{"林班":"A025","市町村名称":"女川町","旧市町村":null}},
{"type":"Feature","geometry":{"type":"MultiPolygon","coordinates":[[[[141.44983,38.43169],[141.45003,38.43241],[141.44981,38.43295],[141.44923,38.43307],[141.44864,38.43287],[141.44783,38.43286],[141.44919,38.4311],[141.44967,38.43111],[141.44983,38.43169]]],[[[141.44809,38.43417],[141.44814,38.43395],[141.44776,38.43321],[141.44865,38.4329],[141.44923,38.4331],[141.44989,38.43317],[141.45158,38.43559],[141.44923,38.43544],[141.44805,38.43459],[141.44809,38.43417]]],[[[141.44908,38.44065],[141.44952,38.43995],[141.44942,38.43799],[141.44871,38.43722],[141.44895,38.43628],[141.44845,38.43513],[141.44921,38.43563],[141.45033,38.43562],[141.451,38.43737],[141.45219,38.43776],[141.45265,38.43908],[141.45412,38.43924],[141.45322,38.44033],[141.45182,38.44001],[141.45175,38.43924],[141.44908,38.44065]]]]},"properties":{"林班":"A024","市町村名称":"女川町","旧市町村":null}},
{"type":"Feature","geometry":{"type":"Polygon","coordinates":[[[141.43488,38.43705],[141.43343,38.43574],[141.43345,38.43469],[141.43501,38.43349],[141.43572,38.43381],[141.43586,38.43378],[141.43656,38.43414],[141.43596,38.43545],[141.43553,38.43566],[141.43488,38.43705]]]},"properties":{"林班":"A027","市町村名称":"女川町","旧市町村":null}},
{"type":"Feature","geometry":{"type":"MultiPolygon","coordinates":[[[[141.43656,38.43414],[141.43792,38.43346],[141.4393,38.43343],[141.44035,38.43408],[141.44108,38.43497],[141.44218,38.43613],[141.43955,38.43689],[141.43699,38.43655],[141.43718,38.43544],[141.43596,38.43545],[141.43656,38.43414]]],[[[141.43488,38.43705],[141.43553,38.43566],[141.43593,38.43707],[141.43488,38.43705]]]]},"properties":{"林班":"A026","市町村名称":"女川町","旧市町村":null}},
{"type":"Feature","geometry":{"type":"MultiPolygon","coordinates":[[[[141.53468,38.5162],[141.53737,38.5171],[141.53819,38.51829],[141.53787,38.5188],[141.53951,38.51972],[141.53899,38.52064],[141.53907,38.52191],[141.54064,38.52298],[141.53974,38.52394],[141.53951,38.52507],[141.53769,38.52681],[141.53693,38.52834],[141.53684,38.52962],[141.53469,38.53031],[141.53358,38.52954],[141.53413,38.52729],[141.53376,38.52556],[141.53404,38.52323],[141.53334,38.52272],[141.53193,38.5226],[141.52938,38.52076],[141.52806,38.5209],[141.52874,38.51852],[141.53129,38.51783],[141.53279,38.51691],[141.5327,38.51598],[141.53325,38.51681],[141.53468,38.5162]]],[[[141.53273,38.51358],[141.53278,38.51354],[141.53435,38.5129],[141.53457,38.51287],[141.53491,38.51272],[141.53507,38.5125],[141.53519,38.51242],[141.53592,38.51409],[141.53393,38.51502],[141.53283,38.51495],[141.53259,38.51366],[141.53273,38.51358]]],[[[141.53489,38.51505],[141.53524,38.51445],[141.53694,38.51388],[141.53717,38.51474],[141.53594,38.51554],[141.53489,38.51505]]],[[[141.53468,38.5162],[141.53729,38.51537],[141.53783,38.51581],[141.53693,38.51661],[141.53468,38.5162]]],[[[141.53567,38.53173],[141.53498,38.53052],[141.53651,38.52999],[141.53721,38.52922],[141.53784,38.52681],[141.53907,38.52556],[141.54019,38.52532],[141.54097,38.52455],[141.54237,38.52463],[141.54384,38.52426],[141.54449,38.52493],[141.5419,38.52507],[141.54158,38.5265],[141.54004,38.52678],[141.53936,38.52781],[141.53975,38.52837],[141.53775,38.53016],[141.53865,38.53153],[141.53815,38.53197],[141.53567,38.53173]]],[[[141.53783,38.51581],[141.53895,38.51628],[141.54037,38.51784],[141.54035,38.51834],[141.54252,38.51885],[141.54308,38.5201],[141.54075,38.52076],[141.54122,38.51967],[141.53929,38.51922],[141.53999,38.51843],[141.53799,38.51759],[141.53783,38.51581]]]]},"properties":{"林班":"C030","市町村名称":"石巻市","旧市町村":null}},
{"type":"Feature","geometry":{"type":"MultiPolygon","coordinates":[[[[141.51602,38.49738],[141.51739,38.49654],[141.51782,38.4974],[141.51647,38.49858],[141.51887,38.50051],[141.51712,38.50041],[141.51694,38.50174],[141.51552,38.50236],[141.51655,38.50003],[141.51579,38.49915],[141.51556,38.49786],[141.51602,38.49738]]],[[[141.51805,38.51291],[141.51521,38.51066],[141.51591,38.50817],[141.51722,38.50793],[141.51862,38.50855],[141.51889,38.50783],[141.51768,38.50731],[141.5184,38.50595],[141.51819,38.50434],[141.5163,38.50402],[141.51636,38.50233],[141.517,38.50186],[141.51742,38.50051],[141.51879,38.5011],[141.51729,38.50164],[141.51705,38.50294],[141.51892,38.50289],[141.52009,38.50359],[141.52064,38.50323],[141.52192,38.50377],[141.52281,38.50309],[141.52401,38.50318],[141.52457,38.50397],[141.52463,38.50563],[141.5222,38.50552],[141.52215,38.50625],[141.52351,38.50633],[141.52528,38.50793],[141.52299,38.50889],[141.52208,38.51025],[141.51989,38.51048],[141.52124,38.51232],[141.52084,38.51327],[141.51907,38.51341],[141.51805,38.51291]]]]},"properties":{"林班":"C034","市町村名称":"石巻市","旧市町村":null}},
{"type":"Feature","geometry":{"type":"MultiPolygon","coordinates":[[[[141.51674,38.49281],[141.51955,38.49415],[141.52046,38.49511],[141.52129,38.49478],[141.52208,38.49556],[141.52392,38.49656],[141.52294,38.49702],[141.52258,38.49691],[141.52176,38.49736],[141.5213,38.49688],[141.51995,38.49628],[141.51928,38.49624],[141.51849,38.49547],[141.51752,38.49536],[141.51727,38.49424],[141.51632,38.4939],[141.51674,38.49281]]],[[[141.51825,38.4955],[141.51933,38.49634],[141.52008,38.49642],[141.52176,38.49739],[141.52258,38.49694],[141.52364,38.49729],[141.5248,38.49816],[141.5255,38.49746],[141.5265,38.49832],[141.52623,38.49957],[141.52711,38.50175],[141.52559,38.50243],[141.52289,38.50023],[141.52113,38.49963],[141.51922,38.49799],[141.51773,38.496],[141.51825,38.4955]]]]},"properties":{"林班":"C033","市町村名称":"石巻市","旧市町村":null}},
{"type":"Feature","geometry":{"type":"MultiPolygon","coordinates":[[[[141.53016,38.49066],[141.53075,38.4899],[141.53357,38.49036],[141.53155,38.49143],[141.53016,38.49066]]],[[[141.53423,38.49204],[141.53255,38.49247],[141.53159,38.49145],[141.53338,38.49095],[141.53423,38.49204]]],[[[141.53423,38.49204],[141.53456,38.49074],[141.53515,38.49044],[141.5351,38.49181],[141.53423,38.49204]]],[[[141.53397,38.49423],[141.53517,38.494],[141.53528,38.49486],[141.53399,38.49515],[141.53397,38.49423]]],[[[141.53735,38.50081],[141.5363,38.50113],[141.53448,38.49794],[141.53442,38.49699],[141.53532,38.4964],[141.53666,38.4977],[141.53624,38.49918],[141.53773,38.49968],[141.53873,38.49838],[141.54,38.49921],[141.53814,38.5007],[141.53735,38.50081]]]]},"properties":{"林班":"C032","市町村名称":"石巻市","旧市町村":null}},
{"type":"Feature","geometry":{"type":"MultiPolygon","coordinates":[[[[141.53259,38.51366],[141.5311,38.51327],[141.52962,38.51219],[141.52956,38.51121],[141.52863,38.51023],[141.52899,38.50935],[141.52787,38.50785],[141.52904,38.50724],[141.53027,38.50598],[141.53048,38.50816],[141.53179,38.50877],[141.53116,38.50989],[141.53348,38.51028],[141.53405,38.50947],[141.5356,38.50997],[141.53591,38.51099],[141.53831,38.51172],[141.53802,38.51222],[141.53572,38.5119],[141.53478,38.51223],[141.53491,38.51272],[141.53457,38.51287],[141.53435,38.5129],[141.53278,38.51354],[141.53273,38.51358],[141.53259,38.51366]]],[[[141.53079,38.50564],[141.53148,38.50613],[141.53362,38.50552],[141.53488,38.50622],[141.53282,38.50714],[141.53079,38.50564]]],[[[141.53153,38.50696],[141.53279,38.50723],[141.53411,38.50702],[141.53423,38.50844],[141.53153,38.50696]]],[[[141.54,38.49921],[141.54099,38.50194],[141.54189,38.50228],[141.54221,38.50337],[141.5416,38.50486],[141.54091,38.50465],[141.54026,38.50259],[141.53889,38.50252],[141.53885,38.5034],[141.5376,38.50596],[141.5362,38.50684],[141.5364,38.50779],[141.53507,38.50803],[141.53428,38.50716],[141.53525,38.5062],[141.53544,38.50435],[141.53648,38.50188],[141.53735,38.50081],[141.53814,38.5007],[141.54,38.49921]]],[[[141.53507,38.5125],[141.53478,38.51223],[141.53519,38.51242],[141.53507,38.5125]]]]},"properties":{"林班":"C031","市町村名称":"石巻市","旧市町村":null}},
{"type":"Feature","geometry":{"type":"MultiPolygon","coordinates":[[[[141.42268,38.48579],[141.42526,38.48471],[141.42557,38.48381],[141.42751,38.48405],[141.42779,38.4851],[141.4295,38.48905],[141.42993,38.49089],[141.43315,38.49203],[141.43627,38.49077],[141.43975,38.49088],[141.43977,38.49122],[141.43806,38.49109],[141.43767,38.4911],[141.43721,38.49129],[141.43587,38.49144],[141.43301,38.4924],[141.43187,38.49221],[141.43116,38.49156],[141.4301,38.49148],[141.43052,38.49228],[141.43031,38.49212],[141.42981,38.49201],[141.42943,38.49181],[141.42857,38.49158],[141.42589,38.49128],[141.42548,38.49175],[141.4238,38.49151],[141.42256,38.4897],[141.42145,38.48957],[141.4209,38.48871],[141.41966,38.48835],[141.41944,38.48689],[141.41947,38.48691],[141.41947,38.48686],[141.41996,38.4866],[141.42027,38.48575],[141.42268,38.48579]]],[[[141.42224,38.49111],[141.42119,38.49146],[141.42049,38.4904],[141.42177,38.49017],[141.42224,38.49111]]],[[[141.42203,38.49721],[141.42213,38.4958],[141.4211,38.49354],[141.42162,38.49271],[141.42153,38.49168],[141.42302,38.49168],[141.42582,38.49263],[141.4259,38.49211],[141.42679,38.49241],[141.4271,38.49285],[141.42733,38.49299],[141.42818,38.49321],[141.42878,38.49392],[141.42943,38.49409],[141.42968,38.49437],[141.42941,38.49495],[141.43003,38.49626],[141.43052,38.49695],[141.43222,38.49484],[141.43256,38.49403],[141.43707,38.49253],[141.43791,38.49367],[141.43757,38.49405],[141.43711,38.49544],[141.43775,38.49586],[141.43812,38.49621],[141.43577,38.49808],[141.43498,38.50019],[141.43367,38.50073],[141.43287,38.50149],[141.43141,38.50212],[141.43069,38.50299],[141.43033,38.50325],[141.42933,38.50278],[141.42705,38.50089],[141.42628,38.49992],[141.42648,38.49924],[141.42577,38.49847],[141.42547,38.49823],[141.4252,38.49813],[141.42448,38.49788],[141.42292,38.49797],[141.42269,38.49803],[141.42252,38.49807],[141.42229,38.4979],[141.42224,38.49784],[141.42203,38.49721]]],[[[141.42568,38.49196],[141.42648,38.49157],[141.42737,38.49188],[141.42811,38.49162],[141.42839,38.49236],[141.42795,38.49281],[141.42796,38.49306],[141.42719,38.49287],[141.42679,38.49231],[141.42628,38.49206],[141.42568,38.49196]]],[[[141.43761,38.49546],[141.43771,38.49406],[141.43817,38.49378],[141.43781,38.49289],[141.43823,38.49215],[141.43442,38.49267],[141.43274,38.4936],[141.43221,38.4947],[141.43091,38.49603],[141.43012,38.49632],[141.42947,38.49491],[141.42977,38.49455],[141.42971,38.49417],[141.42868,38.49374],[141.42814,38.49282],[141.42847,38.4924],[141.42845,38.49162],[141.42931,38.49181],[141.42968,38.49201],[141.43045,38.49223],[141.43042,38.49255],[141.43101,38.49256],[141.43109,38.49225],[141.43069,38.49182],[141.43115,38.4916],[141.43184,38.49225],[141.43306,38.49243],[141.43592,38.49147],[141.4372,38.49135],[141.43766,38.49114],[141.43864,38.49129],[141.43977,38.49127],[141.43839,38.49328],[141.43824,38.49458],[141.43761,38.49546]]]]},"properties":{"林班":"C038","市町村名称":"石巻市","旧市町村":null}},
{"type":"Feature","geometry":{"type":"Polygon","coordinates":[[[141.51106,38.54974],[141.51275,38.55105],[141.51467,38.55373],[141.51645,38.55506],[141.51507,38.55587],[141.51355,38.55551],[141.51367,38.55347],[141.5109,38.55129],[141.51056,38.55009],[141.51106,38.54974]]]},"properties":{"林班":"C037","市町村名称":"石巻市","旧市町村":null}},
{"type":"Feature","geometry":{"type":"Polygon","coordinates":[[[141.47665,38.53917],[141.47644,38.53787],[141.47782,38.53533],[141.47799,38.53327],[141.47754,38.53229],[141.47852,38.5316],[141.48176,38.53069],[141.4832,38.5298],[141.48731,38.52958],[141.48839,38.5303],[141.49006,38.5306],[141.4886,38.53122],[141.4896,38.5329],[141.48641,38.53284],[141.48537,38.53386],[141.48532,38.53396],[141.48349,38.53468],[141.48557,38.53568],[141.48723,38.53617],[141.48568,38.53699],[141.48466,38.53684],[141.48404,38.53667],[141.48378,38.53754],[141.48171,38.53839],[141.48026,38.53898],[141.47957,38.53925],[141.47665,38.53917]]]},"properties":{"林班":"C036","市町村名称":"石巻市","旧市町村":null}},
{"type":"Feature","geometry":{"type":"MultiPolygon","coordinates":[[[[141.50429,38.51102],[141.50451,38.51174],[141.5029,38.51197],[141.50327,38.51082],[141.50429,38.51102]]],[[[141.50838,38.51251],[141.50977,38.51392],[141.51138,38.51388],[141.51189,38.51532],[141.51158,38.51597],[141.5101,38.51645],[141.50855,38.51657],[141.50829,38.51784],[141.50627,38.51794],[141.50468,38.51714],[141.50383,38.51608],[141.50305,38.51366],[141.50392,38.51356],[141.50596,38.514],[141.50654,38.51257],[141.50838,38.51251]]],[[[141.51307,38.51502],[141.51421,38.51393],[141.51397,38.51303],[141.51507,38.51172],[141.51683,38.51215],[141.51713,38.51288],[141.51575,38.51333],[141.51554,38.51387],[141.5168,38.51461],[141.51624,38.51729],[141.51552,38.51825],[141.51637,38.51942],[141.5154,38.52033],[141.51393,38.52037],[141.51459,38.51908],[141.51404,38.51781],[141.51419,38.51572],[141.51307,38.51502]]]]},"properties":{"林班":"C035","市町村名称":"石巻市","旧市町村":null}},
{"type":"Feature","geometry":{"type":"MultiPolygon","coordinates":[[[[141.48122,38.52107],[141.48245,38.52059],[141.48304,38.52151],[141.48523,38.52047],[141.48459,38.5195],[141.48706,38.51856],[141.48647,38.51982],[141.48865,38.52063],[141.48665,38.52189],[141.48567,38.52193],[141.48675,38.52431],[141.48531,38.52404],[141.48488,38.52532],[141.48372,38.52533],[141.48369,38.52441],[141.48268,38.52405],[141.4835,38.52303],[141.48277,38.52177],[141.4819,38.52173],[141.48132,38.52252],[141.48151,38.52395],[141.4798,38.52498],[141.47996,38.52678],[141.47882,38.526],[141.47844,38.52452],[141.47853,38.52231],[141.47791,38.5211],[141.47931,38.52005],[141.48136,38.52056],[141.48122,38.52107]]],[[[141.48637,38.51664],[141.48595,38.51859],[141.48448,38.51864],[141.48476,38.51775],[141.4859,38.51629],[141.48637,38.51664]]]]},"properties":{"林班":"C019","市町村名称":"石巻市","旧市町村":null}},
{"type":"Feature","geometry":{"type":"MultiPolygon","coordinates":[[[[141.46604,38.51838],[141.46553,38.51936],[141.46445,38.52015],[141.46326,38.52],[141.46351,38.52217],[141.46581,38.52072],[141.46734,38.5219],[141.4671,38.52292],[141.46991,38.5231],[141.47099,38.52404],[141.47077,38.52467],[141.46882,38.52387],[141.46752,38.52492],[141.46618,38.52477],[141.46497,38.52541],[141.46341,38.52519],[141.46319,38.52469],[141.46131,38.52388],[141.46207,38.5232],[141.46171,38.52257],[141.45998,38.52248],[141.45949,38.52112],[141.46113,38.5203],[141.46046,38.51875],[141.46113,38.51768],[141.46526,38.51791],[141.46604,38.51838]]],[[[141.47308,38.52107],[141.47383,38.52108],[141.47411,38.52273],[141.47217,38.52131],[141.47308,38.52107]]]]},"properties":{"林班":"C018","市町村名称":"石巻市","旧市町村":null}},
{"type":"Feature","geometry":{"type":"Polygon","coordinates":[[[141.46113,38.51768],[141.46027,38.51554],[141.45969,38.51516],[141.45727,38.51583],[141.4565,38.51433],[141.45433,38.51436],[141.45516,38.51322],[141.45771,38.51203],[141.45946,38.51322],[141.46169,38.5143],[141.46273,38.51417],[141.4646,38.51564],[141.46487,38.5165],[141.46626,38.51793],[141.46604,38.51838],[141.46526,38.51791],[141.46113,38.51768]]]},"properties":{"林班":"C017","市町村名称":"石巻市","旧市町村":null}},
{"type":"Feature","geometry":{"type":"Polygon","coordinates":[[[141.48537,38.53386],[141.48641,38.53284],[141.4896,38.5329],[141.4886,38.53122],[141.49006,38.5306],[141.49091,38.53136],[141.49165,38.53086],[141.49266,38.53169],[141.49214,38.53245],[141.49223,38.53348],[141.4883,38.53378],[141.4888,38.53421],[141.48905,38.53584],[141.48734,38.53615],[141.48657,38.53553],[141.48557,38.53568],[141.48349,38.53468],[141.48532,38.53396],[141.48537,38.53386]]]},"properties":{"林班":"C023","市町村名称":"石巻市","旧市町村":null}},
{"type":"Feature","geometry":{"type":"Polygon","coordinates":[[[141.48466,38.53684],[141.48568,38.53699],[141.48723,38.53617],[141.48734,38.53615],[141.48905,38.53584],[141.48931,38.53732],[141.48818,38.53919],[141.48627,38.54072],[141.48577,38.54215],[141.48427,38.54219],[141.48319,38.54175],[141.48167,38.54184],[141.48003,38.54139],[141.47732,38.54162],[141.47663,38.54134],[141.47693,38.53985],[141.47665,38.53917],[141.47957,38.53925],[141.48026,38.53898],[141.48171,38.53839],[141.48378,38.53754],[141.48404,38.53667],[141.48466,38.53684]]]},"properties":{"林班":"C022","市町村名称":"石巻市","旧市町村":null}},
{"type":"Feature","geometry":{"type":"MultiPolygon","coordinates":[[[[141.48364,38.55191],[141.48668,38.55067],[141.48815,38.55429],[141.48548,38.55345],[141.48368,38.55404],[141.48262,38.55473],[141.48123,38.55835],[141.48015,38.55805],[141.48079,38.55601],[141.48014,38.55498],[141.48001,38.553],[141.47913,38.55192],[141.47776,38.55158],[141.4781,38.55092],[141.48174,38.55212],[141.48364,38.55191]]],[[[141.49245,38.55644],[141.49314,38.55659],[141.49425,38.55833],[141.49434,38.56005],[141.49252,38.55904],[141.49185,38.55758],[141.49245,38.55644]]]]},"properties":{"林班":"C021","市町村名称":"石巻市","旧市町村":null}},
{"type":"Feature","geometry":{"type":"MultiPolygon","coordinates":[[[[141.4859,38.51629],[141.48953,38.51462],[141.49006,38.5159],[141.49113,38.51652],[141.49048,38.51726],[141.48908,38.51662],[141.48705,38.51697],[141.48647,38.51669],[141.48637,38.51664],[141.4859,38.51629]]],[[[141.49016,38.51721],[141.48915,38.51821],[141.48983,38.51904],[141.49179,38.52018],[141.49203,38.52147],[141.48999,38.52041],[141.4881,38.51885],[141.48718,38.51712],[141.48905,38.51673],[141.49016,38.51721]]],[[[141.49408,38.52121],[141.49288,38.52142],[141.49188,38.51994],[141.4924,38.519],[141.49393,38.52104],[141.49408,38.52121]]],[[[141.50312,38.50941],[141.50202,38.51108],[141.49997,38.5114],[141.4995,38.51224],[141.49717,38.51204],[141.49726,38.51088],[141.49889,38.51143],[141.50105,38.51102],[141.50223,38.50949],[141.50327,38.50879],[141.50312,38.50941]]],[[[141.49368,38.51292],[141.49485,38.51147],[141.49457,38.5099],[141.49552,38.50984],[141.49601,38.51173],[141.4954,38.51178],[141.49543,38.51479],[141.49239,38.51391],[141.49368,38.51292]]]]},"properties":{"林班":"C020","市町村名称":"石巻市","旧市町村":null}},
{"type":"Feature","geometry":{"type":"Polygon","coordinates":[[[141.51464,38.54449],[141.51257,38.5411],[141.51189,38.54099],[141.5109,38.53962],[141.50958,38.53851],[141.50978,38.53762],[141.50914,38.53692],[141.51008,38.53558],[141.51129,38.53564],[141.51182,38.53354],[141.51327,38.53118],[141.51388,38.5317],[141.51528,38.53097],[141.51743,38.53124],[141.51934,38.53087],[141.51951,38.53183],[141.51827,38.53176],[141.51724,38.53247],[141.51699,38.53276],[141.51606,38.53424],[141.51609,38.53532],[141.51445,38.53723],[141.51375,38.5377],[141.51489,38.53873],[141.51524,38.53972],[141.51471,38.54178],[141.515,38.54251],[141.51464,38.54449]]]},"properties":{"林班":"C027","市町村名称":"石巻市","旧市町村":null}},
{"type":"Feature","geometry":{"type":"MultiPolygon","coordinates":[[[[141.50342,38.52365],[141.50552,38.52462],[141.50596,38.5243],[141.50779,38.52499],[141.50959,38.52702],[141.51099,38.52684],[141.51208,38.52737],[141.51197,38.52817],[141.51085,38.5291],[141.51044,38.53077],[141.50837,38.53081],[141.50765,38.52889],[141.50695,38.52934],[141.5082,38.53129],[141.50847,38.53251],[141.50672,38.53232],[141.50616,38.53353],[141.50476,38.53416],[141.50252,38.53464],[141.50146,38.53637],[141.5014,38.53617],[141.50159,38.53425],[141.50168,38.53414],[141.5035,38.53231],[141.50418,38.5299],[141.50336,38.5288],[141.50397,38.52535],[141.50342,38.52365]]],[[[141.51185,38.53058],[141.51246,38.5313],[141.51164,38.53228],[141.51057,38.53221],[141.51073,38.53127],[141.51185,38.53058]]]]},"properties":{"林班":"C026","市町村名称":"石巻市","旧市町村":null}},
{"type":"Feature","geometry":{"type":"MultiPolygon","coordinates":[[[[141.5035,38.53231],[141.50198,38.53323],[141.50052,38.53208],[141.50156,38.53123],[141.50124,38.53033],[141.50005,38.52969],[141.49854,38.53019],[141.49842,38.52945],[141.49524,38.52915],[141.49641,38.52717],[141.49574,38.52636],[141.4965,38.52573],[141.49607,38.52423],[141.49653,38.52202],[141.49607,38.52154],[141.49408,38.52121],[141.49393,38.52104],[141.49609,38.52089],[141.49759,38.52015],[141.49972,38.52013],[141.50107,38.52049],[141.50197,38.5218],[141.50356,38.52308],[141.50342,38.52365],[141.50397,38.52535],[141.50336,38.5288],[141.50418,38.5299],[141.5035,38.53231]]],[[[141.49518,38.52439],[141.49625,38.52544],[141.49428,38.52706],[141.49589,38.52759],[141.49493,38.52942],[141.49434,38.52843],[141.49353,38.52698],[141.49436,38.52624],[141.49518,38.52439]]],[[[141.4966,38.52974],[141.49834,38.53028],[141.49807,38.53114],[141.4966,38.52974]]]]},"properties":{"林班":"C025","市町村名称":"石巻市","旧市町村":null}},
{"type":"Feature","geometry":{"type":"Polygon","coordinates":[[[141.48731,38.52958],[141.49226,38.52565],[141.49273,38.5249],[141.49286,38.52272],[141.49413,38.52127],[141.4955,38.52186],[141.49518,38.52439],[141.49436,38.52624],[141.49353,38.52698],[141.49434,38.52843],[141.49392,38.52924],[141.49412,38.53237],[141.49223,38.53348],[141.49214,38.53245],[141.49266,38.53169],[141.49165,38.53086],[141.49091,38.53136],[141.49006,38.5306],[141.48839,38.5303],[141.48731,38.52958]]]},"properties":{"林班":"C024","市町村名称":"石巻市","旧市町村":null}},
{"type":"Feature","geometry":{"type":"Polygon","coordinates":[[[141.25143,38.59524],[141.25565,38.59386],[141.25622,38.59499],[141.2547,38.59557],[141.25453,38.59646],[141.25346,38.59635],[141.25349,38.5955],[141.2517,38.59618],[141.25143,38.59524]]]},"properties":{"林班":"E003","市町村名称":"登米市","旧市町村":null}},
{"type":"Feature","geometry":{"type":"MultiPolygon","coordinates":[[[[141.25129,38.60353],[141.25261,38.605],[141.25156,38.60631],[141.25138,38.6068],[141.25041,38.60642],[141.25047,38.60713],[141.25152,38.60752],[141.2521,38.60847],[141.25162,38.60989],[141.25092,38.61058],[141.24964,38.61063],[141.24875,38.60955],[141.24813,38.6099],[141.24697,38.60939],[141.24628,38.60837],[141.24689,38.60713],[141.24855,38.60732],[141.24736,38.60589],[141.24513,38.60665],[141.24459,38.60608],[141.24472,38.60492],[141.24543,38.60483],[141.24599,38.60373],[141.24436,38.60344],[141.24481,38.6026],[141.24677,38.60246],[141.24805,38.60321],[141.24709,38.60385],[141.24752,38.60445],[141.25084,38.60391],[141.25031,38.60316],[141.25129,38.60353]]],[[[141.25031,38.60316],[141.24941,38.60377],[141.24855,38.60191],[141.24957,38.60122],[141.24902,38.60052],[141.24945,38.59958],[141.2509,38.60097],[141.25021,38.60232],[141.25031,38.60316]]],[[[141.24863,38.6114],[141.25088,38.61172],[141.25083,38.61276],[141.24948,38.61355],[141.24877,38.61251],[141.24863,38.6114]]],[[[141.25129,38.60353],[141.25143,38.60255],[141.25336,38.60221],[141.25347,38.60356],[141.25129,38.60353]]],[[[141.25507,38.60386],[141.25472,38.60335],[141.25512,38.60326],[141.25546,38.60361],[141.25513,38.60382],[141.25507,38.60386]]]]},"properties":{"林班":"E002","市町村名称":"登米市","旧市町村":null}},
{"type":"Feature","geometry":{"type":"MultiPolygon","coordinates":[[[[141.24365,38.61654],[141.24226,38.61579],[141.24213,38.6149],[141.24058,38.61436],[141.24005,38.61343],[141.24121,38.61157],[141.24076,38.61066],[141.24276,38.61058],[141.24282,38.60932],[141.2433,38.60852],[141.24424,38.60861],[141.24716,38.61016],[141.24814,38.61172],[141.24799,38.61315],[141.2492,38.61514],[141.24905,38.61646],[141.2481,38.61738],[141.24945,38.61841],[141.24938,38.61903],[141.25061,38.62122],[141.24897,38.62268],[141.24903,38.62376],[141.24791,38.6237],[141.24684,38.62285],[141.24518,38.62233],[141.24569,38.62103],[141.24503,38.61904],[141.24365,38.61654]]],[[[141.23261,38.60913],[141.23357,38.60874],[141.23423,38.60965],[141.23273,38.61022],[141.23261,38.60913]]]]},"properties":{"林班":"E001","市町村名称":"登米市","旧市町村":null}},
{"type":"Feature","geometry":{"type":"MultiPolygon","coordinates":[[[[141.26399,38.60839],[141.26451,38.60762],[141.26594,38.60734],[141.26637,38.60817],[141.26438,38.60918],[141.26399,38.60839]]],[[[141.25989,38.60974],[141.26071,38.61035],[141.26199,38.61011],[141.26404,38.60926],[141.26512,38.6095],[141.2658,38.61064],[141.26573,38.61175],[141.26362,38.61111],[141.26183,38.61197],[141.26009,38.61215],[141.25912,38.61192],[141.26028,38.61103],[141.25989,38.60974]]],[[[141.26593,38.61144],[141.26701,38.60996],[141.26848,38.61115],[141.2678,38.61197],[141.26593,38.61144]]],[[[141.26659,38.61798],[141.26745,38.61733],[141.26758,38.61729],[141.26769,38.61708],[141.26819,38.61651],[141.26831,38.61625],[141.26883,38.61573],[141.26988,38.61486],[141.27073,38.61439],[141.27152,38.61521],[141.27107,38.61603],[141.27094,38.61649],[141.27095,38.6168],[141.27113,38.61724],[141.2716,38.6177],[141.27181,38.61869],[141.27179,38.61944],[141.27144,38.61977],[141.26866,38.61896],[141.26668,38.61897],[141.26659,38.61798]]],[[[141.26782,38.612],[141.2685,38.61115],[141.26936,38.61239],[141.26833,38.61325],[141.26782,38.612]]],[[[141.26857,38.61376],[141.26833,38.61328],[141.26938,38.61241],[141.27068,38.61264],[141.27055,38.6138],[141.26985,38.61485],[141.2688,38.61572],[141.26829,38.61623],[141.26752,38.61726],[141.26726,38.61691],[141.26731,38.61526],[141.26832,38.61429],[141.26857,38.61376]]],[[[141.27155,38.61521],[141.27257,38.61586],[141.2714,38.61737],[141.27115,38.61723],[141.27099,38.6168],[141.27097,38.6165],[141.27111,38.61603],[141.27155,38.61521]]],[[[141.27181,38.61942],[141.27185,38.61868],[141.27164,38.6177],[141.27143,38.61739],[141.2723,38.61628],[141.27392,38.61615],[141.2738,38.61751],[141.27181,38.61942]]]]},"properties":{"林班":"E010","市町村名称":"登米市","旧市町村":null}},
{"type":"Feature","geometry":{"type":"MultiPolygon","coordinates":[[[[141.28405,38.62468],[141.28405,38.6258],[141.28545,38.62581],[141.28554,38.62336],[141.28642,38.62223],[141.28741,38.62183],[141.29025,38.62217],[141.2892,38.62381],[141.29042,38.62449],[141.28929,38.62713],[141.2884,38.62764],[141.28799,38.62749],[141.2877,38.62732],[141.28744,38.62733],[141.2874,38.62735],[141.28714,38.62746],[141.28711,38.6275],[141.28675,38.62734],[141.28674,38.62731],[141.28534,38.62921],[141.28409,38.63013],[141.28344,38.63016],[141.28283,38.62955],[141.28217,38.6298],[141.28172,38.62799],[141.28281,38.62625],[141.28393,38.6254],[141.28405,38.62468]]],[[[141.28838,38.6204],[141.2896,38.62051],[141.28995,38.62131],[141.28783,38.62131],[141.28838,38.6204]]]]},"properties":{"林班":"E014","市町村名称":"登米市","旧市町村":null}},
{"type":"Feature","geometry":{"type":"MultiPolygon","coordinates":[[[[141.27419,38.62972],[141.27484,38.62892],[141.27511,38.6279],[141.27489,38.62729],[141.27498,38.6267],[141.27476,38.62581],[141.27524,38.62504],[141.27552,38.62406],[141.27804,38.62354],[141.27918,38.62253],[141.28181,38.62375],[141.28106,38.62426],[141.27992,38.6243],[141.27914,38.62376],[141.27795,38.62461],[141.27826,38.62599],[141.27771,38.62868],[141.27768,38.63024],[141.27819,38.63089],[141.27698,38.63178],[141.27568,38.63182],[141.27419,38.62972]]],[[[141.2741,38.62565],[141.27467,38.62514],[141.27523,38.62498],[141.27473,38.62581],[141.27495,38.62668],[141.27486,38.62729],[141.27509,38.6279],[141.27482,38.62891],[141.27396,38.62915],[141.27265,38.62815],[141.27418,38.62795],[141.27442,38.62645],[141.2741,38.62565]]],[[[141.27569,38.6321],[141.27563,38.63215],[141.27522,38.63214],[141.27486,38.63215],[141.27569,38.6321]]],[[[141.27778,38.63158],[141.27845,38.63093],[141.27779,38.62998],[141.27853,38.62513],[141.27913,38.62415],[141.27991,38.62443],[141.28119,38.62433],[141.28224,38.62382],[141.28337,38.62401],[141.28405,38.62468],[141.28393,38.6254],[141.28281,38.62625],[141.28172,38.62799],[141.28217,38.6298],[141.28156,38.63048],[141.28156,38.63049],[141.28037,38.63104],[141.28023,38.63101],[141.27929,38.63099],[141.27869,38.63118],[141.27815,38.6314],[141.27785,38.63157],[141.27778,38.63158]]]]},"properties":{"林班":"E013","市町村名称":"登米市","旧市町村":null}},
{"type":"Feature","geometry":{"type":"Polygon","coordinates":[[[141.26668,38.61897],[141.26866,38.61896],[141.27144,38.61977],[141.27164,38.62085],[141.27396,38.62179],[141.27513,38.62283],[141.27771,38.62132],[141.27901,38.62194],[141.27735,38.62344],[141.27509,38.62385],[141.2741,38.62565],[141.27442,38.62645],[141.27418,38.62795],[141.27265,38.62815],[141.26934,38.62939],[141.26702,38.62909],[141.26627,38.62929],[141.26452,38.62898],[141.26439,38.62858],[141.26547,38.62733],[141.26603,38.62594],[141.26769,38.62545],[141.26919,38.62381],[141.26937,38.62345],[141.26868,38.62308],[141.26785,38.62313],[141.26634,38.62352],[141.26404,38.62051],[141.26518,38.61916],[141.26564,38.619],[141.26668,38.61897]]]},"properties":{"林班":"E012","市町村名称":"登米市","旧市町村":null}},
{"type":"Feature","geometry":{"type":"MultiPolygon","coordinates":[[[[141.27452,38.61515],[141.27444,38.61423],[141.27523,38.61323],[141.27667,38.61366],[141.2765,38.61523],[141.27795,38.61586],[141.27812,38.61675],[141.27737,38.6176],[141.27622,38.61766],[141.27508,38.61672],[141.27452,38.61515]]],[[[141.27392,38.61615],[141.27532,38.61851],[141.27621,38.61861],[141.27758,38.61998],[141.27848,38.62034],[141.2795,38.62155],[141.27901,38.62194],[141.27771,38.62132],[141.27513,38.62283],[141.27396,38.62179],[141.27164,38.62085],[141.27144,38.61977],[141.27179,38.61944],[141.27181,38.61942],[141.2738,38.61751],[141.27392,38.61615]]]]},"properties":{"林班":"E011","市町村名称":"登米市","旧市町村":null}},
{"type":"Feature","geometry":{"type":"Polygon","coordinates":[[[141.25867,38.62343],[141.25753,38.62415],[141.25527,38.62486],[141.25442,38.62549],[141.25167,38.62549],[141.2505,38.62436],[141.25031,38.62351],[141.25338,38.62207],[141.25274,38.62119],[141.25316,38.62008],[141.25635,38.61901],[141.25769,38.6188],[141.25986,38.62],[141.26089,38.62105],[141.26132,38.62215],[141.25867,38.62343]]]},"properties":{"林班":"E007","市町村名称":"登米市","旧市町村":null}},
{"type":"Feature","geometry":{"type":"MultiPolygon","coordinates":[[[[141.25834,38.62778],[141.25672,38.62745],[141.2554,38.62814],[141.25377,38.62814],[141.25299,38.62703],[141.25163,38.62726],[141.25176,38.62581],[141.2541,38.62581],[141.25543,38.62531],[141.25698,38.62547],[141.25833,38.62525],[141.25782,38.62425],[141.25867,38.62343],[141.26132,38.62215],[141.26318,38.62212],[141.26322,38.62306],[141.26439,38.62304],[141.26597,38.62369],[141.26833,38.62312],[141.26918,38.62351],[141.26801,38.62495],[141.26601,38.62456],[141.26622,38.62561],[141.26518,38.6268],[141.26296,38.62673],[141.26298,38.62742],[141.26492,38.62701],[141.2653,38.62745],[141.26439,38.62858],[141.26357,38.62959],[141.26346,38.62973],[141.26345,38.62975],[141.26324,38.62996],[141.26298,38.62978],[141.26257,38.62947],[141.26269,38.62918],[141.26212,38.6287],[141.26179,38.62873],[141.26018,38.62872],[141.25994,38.62854],[141.25876,38.62818],[141.25855,38.62827],[141.25833,38.62831],[141.25834,38.62778]]],[[[141.25476,38.62851],[141.25716,38.6279],[141.25811,38.62831],[141.25703,38.6284],[141.25686,38.62848],[141.25659,38.62845],[141.25644,38.62843],[141.25476,38.62851]]]]},"properties":{"林班":"E006","市町村名称":"登米市","旧市町村":null}},
{"type":"Feature","geometry":{"type":"MultiPolygon","coordinates":[[[[141.25407,38.60865],[141.25253,38.60844],[141.25172,38.60774],[141.25151,38.60674],[141.25212,38.60655],[141.25345,38.60661],[141.25402,38.60574],[141.2534,38.60452],[141.25507,38.60386],[141.25513,38.60382],[141.25582,38.60432],[141.25625,38.60644],[141.25734,38.60678],[141.25716,38.60525],[141.25825,38.60533],[141.2587,38.60612],[141.25766,38.60728],[141.25806,38.60862],[141.25653,38.60979],[141.25596,38.60891],[141.25407,38.60865]]],[[[141.25097,38.61065],[141.25172,38.60998],[141.25246,38.61084],[141.25458,38.61164],[141.25375,38.61297],[141.25219,38.61328],[141.25178,38.61198],[141.25098,38.61158],[141.25097,38.61065]]]]},"properties":{"林班":"E005","市町村名称":"登米市","旧市町村":null}},
{"type":"Feature","geometry":{"type":"MultiPolygon","coordinates":[[[[141.25669,38.59892],[141.25734,38.59825],[141.25659,38.59903],[141.25669,38.59892]]],[[[141.25588,38.60014],[141.25786,38.60086],[141.25798,38.60219],[141.25633,38.60281],[141.2558,38.60227],[141.25588,38.60014]]],[[[141.2587,38.60612],[141.25923,38.60558],[141.25846,38.60408],[141.25977,38.60242],[141.2628,38.60481],[141.26227,38.60611],[141.26323,38.60661],[141.2624,38.6081],[141.26124,38.60868],[141.26012,38.60868],[141.25903,38.60958],[141.25806,38.60862],[141.25766,38.60728],[141.2587,38.60612]]]]},"properties":{"林班":"E004","市町村名称":"登米市","旧市町村":null}},
{"type":"Feature","geometry":{"type":"MultiPolygon","coordinates":[[[[141.25989,38.60974],[141.26028,38.61103],[141.25912,38.61192],[141.25963,38.61001],[141.25988,38.60971],[141.25989,38.60974]]],[[[141.25771,38.61178],[141.25913,38.61258],[141.25959,38.61211],[141.26179,38.61294],[141.26387,38.61321],[141.26395,38.61472],[141.26437,38.61535],[141.26432,38.61665],[141.26529,38.61779],[141.26481,38.61885],[141.26392,38.61863],[141.26085,38.61701],[141.25912,38.61491],[141.25805,38.61447],[141.25861,38.61282],[141.25771,38.61178]]],[[[141.26009,38.61215],[141.26183,38.61197],[141.26362,38.61111],[141.26573,38.61175],[141.26619,38.61194],[141.26741,38.61211],[141.26782,38.612],[141.26833,38.61325],[141.26833,38.61328],[141.26857,38.61376],[141.26847,38.61398],[141.2684,38.61411],[141.26832,38.61429],[141.26731,38.61526],[141.26726,38.61691],[141.26752,38.61726],[141.26745,38.61733],[141.26659,38.61798],[141.26536,38.61746],[141.26444,38.61591],[141.26475,38.61473],[141.26447,38.61296],[141.26391,38.61261],[141.26204,38.61281],[141.26009,38.61215]]],[[[141.2678,38.61197],[141.26748,38.61207],[141.26621,38.61192],[141.26593,38.61144],[141.2678,38.61197]]]]},"properties":{"林班":"E009","市町村名称":"登米市","旧市町村":null}},
{"type":"Feature","geometry":{"type":"MultiPolygon","coordinates":[[[[141.25317,38.61427],[141.25272,38.61482],[141.25078,38.61529],[141.25152,38.61405],[141.25317,38.61427]]],[[[141.25041,38.61764],[141.25116,38.61932],[141.252,38.61959],[141.25421,38.61912],[141.25479,38.61853],[141.25686,38.61856],[141.25656,38.61741],[141.25511,38.61591],[141.25628,38.61434],[141.25702,38.61588],[141.25751,38.61807],[141.25739,38.61876],[141.25626,38.61889],[141.2545,38.61957],[141.25171,38.62011],[141.25066,38.61897],[141.25041,38.61764]]],[[[141.25644,38.61272],[141.25722,38.61327],[141.25698,38.61414],[141.25799,38.6152],[141.25821,38.61638],[141.25734,38.61666],[141.25702,38.61515],[141.25641,38.61417],[141.25644,38.61272]]],[[[141.25732,38.61711],[141.25926,38.61724],[141.25876,38.61802],[141.26074,38.61908],[141.26068,38.61948],[141.26393,38.61996],[141.26273,38.62065],[141.26093,38.62097],[141.26051,38.61998],[141.25771,38.61875],[141.25732,38.61711]]]]},"properties":{"林班":"E008","市町村名称":"登米市","旧市町村":null}},
{"type":"Feature","geometry":{"type":"Polygon","coordinates":[[[141.28923,38.60885],[141.29072,38.60776],[141.29138,38.60827],[141.29226,38.60991],[141.29115,38.61114],[141.29121,38.6117],[141.2928,38.61211],[141.29218,38.61409],[141.29039,38.61411],[141.28864,38.61326],[141.28875,38.61206],[141.28797,38.61058],[141.28824,38.6097],[141.28994,38.61026],[141.28923,38.60885]]]},"properties":{"林班":"E015","市町村名称":"登米市","旧市町村":null}},
{"type":"Feature","geometry":{"type":"MultiPolygon","coordinates":[[[[141.20401,38.53381],[141.2032,38.5356],[141.20048,38.53717],[141.1999,38.53813],[141.19887,38.53813],[141.19936,38.53641],[141.19917,38.53566],[141.20015,38.53321],[141.20078,38.53338],[141.20321,38.53402],[141.20401,38.53381]]],[[[141.20389,38.53814],[141.20164,38.53953],[141.20025,38.53817],[141.20082,38.53712],[141.20335,38.53571],[141.20298,38.53722],[141.20384,38.53808],[141.20389,38.53814]]]]},"properties":{"林班":"D002","市町村名称":"石巻市","旧市町村":null}},
{"type":"Feature","geometry":{"type":"Polygon","coordinates":[[[141.19648,38.53814],[141.19663,38.53742],[141.19819,38.53688],[141.19777,38.53922],[141.1995,38.53939],[141.19933,38.54008],[141.1981,38.54005],[141.19676,38.53889],[141.19648,38.53814]]]},"properties":{"林班":"D001","市町村名称":"石巻市","旧市町村":null}},
{"type":"Feature","geometry":{"type":"MultiPolygon","coordinates":[[[[141.20707,38.52387],[141.20981,38.52379],[141.21116,38.523],[141.21348,38.52266],[141.21436,38.52343],[141.21514,38.52263],[141.21674,38.52436],[141.21676,38.52582],[141.21624,38.52624],[141.21557,38.5268],[141.21505,38.52691],[141.21553,38.52605],[141.21538,38.52563],[141.21493,38.52563],[141.21395,38.52527],[141.21175,38.52611],[141.21225,38.52675],[141.21032,38.52727],[141.21009,38.52754],[141.2092,38.5285],[141.20811,38.52494],[141.20707,38.52387]]],[[[141.21151,38.52714],[141.21242,38.52679],[141.21192,38.52619],[141.21378,38.52541],[141.2153,38.52572],[141.21533,38.52617],[141.21495,38.52691],[141.21318,38.52683],[141.21262,38.5273],[141.21233,38.52742],[141.21182,38.52759],[141.21115,38.52759],[141.21088,38.52766],[141.2105,38.52801],[141.21027,38.52834],[141.20969,38.52866],[141.2101,38.52769],[141.21147,38.52716],[141.21151,38.52714]]]]},"properties":{"林班":"D006","市町村名称":"石巻市","旧市町村":null}},
{"type":"Feature","geometry":{"type":"Polygon","coordinates":[[[141.20282,38.52443],[141.20352,38.52354],[141.20549,38.52321],[141.20707,38.52387],[141.20811,38.52494],[141.2092,38.5285],[141.20921,38.52859],[141.20855,38.52842],[141.2076,38.52829],[141.20658,38.52857],[141.20449,38.52759],[141.20437,38.52673],[141.2035,38.52545],[141.20282,38.52458],[141.20282,38.52443]]]},"properties":{"林班":"D005","市町村名称":"石巻市","旧市町村":null}},
{"type":"Feature","geometry":{"type":"MultiPolygon","coordinates":[[[[141.20115,38.52328],[141.19987,38.52304],[141.20118,38.52255],[141.20115,38.52328]]],[[[141.20007,38.5293],[141.20003,38.52863],[141.19823,38.52713],[141.19759,38.52532],[141.19917,38.52468],[141.2012,38.52597],[141.20168,38.52477],[141.20282,38.52443],[141.20282,38.52458],[141.2035,38.52545],[141.20437,38.52673],[141.20449,38.52759],[141.20658,38.52857],[141.20668,38.5295],[141.20657,38.53009],[141.20536,38.53003],[141.20362,38.53042],[141.20207,38.52974],[141.20007,38.5293]]]]},"properties":{"林班":"D004","市町村名称":"石巻市","旧市町村":null}},
{"type":"Feature","geometry":{"type":"Polygon","coordinates":[[[141.20078,38.53338],[141.19988,38.53258],[141.19982,38.53134],[141.20157,38.53096],[141.20019,38.53017],[141.20007,38.5293],[141.20207,38.52974],[141.20362,38.53042],[141.20536,38.53003],[141.20657,38.53009],[141.20578,38.53128],[141.20575,38.53195],[141.20401,38.53381],[141.20321,38.53402],[141.20078,38.53338]]]},"properties":{"林班":"D003","市町村名称":"石巻市","旧市町村":null}},
{"type":"Feature","geometry":{"type":"MultiPolygon","coordinates":[[[[141.18966,38.4919],[141.18859,38.49181],[141.18867,38.49069],[141.18975,38.49042],[141.18938,38.48949],[141.18839,38.48868],[141.18745,38.48623],[141.18812,38.48553],[141.1902,38.48764],[141.19123,38.48733],[141.19133,38.48652],[141.18981,38.48636],[141.18872,38.48515],[141.18875,38.48443],[141.18974,38.48385],[141.19159,38.48613],[141.19261,38.48492],[141.19476,38.4832],[141.19628,38.48547],[141.19457,38.48681],[141.19273,38.48789],[141.19275,38.48959],[141.19232,38.49011],[141.1903,38.49111],[141.18966,38.4919]]],[[[141.18768,38.4903],[141.18874,38.48978],[141.18852,38.49181],[141.18726,38.49147],[141.18768,38.4903]]]]},"properties":{"林班":"D019","市町村名称":"石巻市","旧市町村":null}},
{"type":"Feature","geometry":{"type":"MultiPolygon","coordinates":[[[[141.19825,38.48352],[141.19925,38.48244],[141.20064,38.48248],[141.19908,38.48418],[141.19825,38.48352]]],[[[141.20051,38.48448],[141.20167,38.48501],[141.20177,38.48588],[141.20044,38.48586],[141.19969,38.48531],[141.20051,38.48448]]],[[[141.20447,38.48419],[141.2046,38.48428],[141.20281,38.48624],[141.20288,38.48692],[141.20065,38.48667],[141.20234,38.48661],[141.20447,38.48419]]]]},"properties":{"林班":"D018","市町村名称":"石巻市","旧市町村":null}},
{"type":"Feature","geometry":{"type":"MultiPolygon","coordinates":[[[[141.18966,38.4919],[141.1903,38.49111],[141.19232,38.49011],[141.19275,38.48959],[141.19273,38.48789],[141.19457,38.48681],[141.19628,38.48547],[141.19626,38.48555],[141.196,38.48677],[141.1952,38.48717],[141.19423,38.4876],[141.19541,38.48881],[141.196,38.48863],[141.19727,38.49004],[141.19812,38.49141],[141.19922,38.49131],[141.20024,38.493],[141.19931,38.49345],[141.19843,38.49314],[141.19593,38.49137],[141.19436,38.49238],[141.19306,38.49207],[141.19072,38.49233],[141.18966,38.4919]],[[141.19471,38.48886],[141.19304,38.48937],[141.19387,38.49009],[141.19471,38.48886]]],[[[141.19459,38.49366],[141.19641,38.49338],[141.1969,38.49434],[141.19509,38.49549],[141.19459,38.49366]]]]},"properties":{"林班":"D020","市町村名称":"石巻市","旧市町村":null}},
{"type":"Feature","geometry":{"type":"Polygon","coordinates":[[[141.17113,38.50911],[141.16891,38.50874],[141.16831,38.50775],[141.16926,38.50671],[141.17142,38.50608],[141.17038,38.50529],[141.17159,38.50491],[141.17252,38.50346],[141.17232,38.50268],[141.17301,38.50117],[141.17596,38.50078],[141.17592,38.49975],[141.17681,38.49929],[141.17691,38.49928],[141.17821,38.49925],[141.17914,38.49802],[141.18215,38.50075],[141.17963,38.50036],[141.17979,38.50106],[141.17987,38.50164],[141.17896,38.50208],[141.1787,38.50305],[141.17698,38.50475],[141.17685,38.50498],[141.17762,38.5069],[141.17723,38.50779],[141.17629,38.50805],[141.176,38.50752],[141.17437,38.50793],[141.17315,38.50859],[141.17219,38.50888],[141.1719,38.50897],[141.17148,38.50908],[141.17113,38.50911]]]},"properties":{"林班":"D024","市町村名称":"石巻市","旧市町村":null}},
{"type":"Feature","geometry":{"type":"MultiPolygon","coordinates":[[[[141.18806,38.50525],[141.18771,38.50403],[141.1883,38.50213],[141.18995,38.50105],[141.193,38.50189],[141.19438,38.50199],[141.19394,38.50305],[141.1936,38.50312],[141.19286,38.50435],[141.1929,38.50467],[141.19304,38.50487],[141.1937,38.50572],[141.19279,38.50615],[141.19026,38.50518],[141.18806,38.50525]]],[[[141.19373,38.50571],[141.19373,38.5055],[141.19314,38.50493],[141.19293,38.50465],[141.19291,38.50435],[141.19332,38.50362],[141.19428,38.50293],[141.19554,38.5045],[141.19494,38.50546],[141.19383,38.50587],[141.19373,38.50571]]],[[[141.19732,38.49997],[141.19837,38.49987],[141.19883,38.50102],[141.20072,38.50156],[141.20039,38.50183],[141.19916,38.50189],[141.19777,38.50084],[141.19732,38.49997]]]]},"properties":{"林班":"D023","市町村名称":"石巻市","旧市町村":null}},
{"type":"Feature","geometry":{"type":"MultiPolygon","coordinates":[[[[141.1929,38.49693],[141.19499,38.49581],[141.19588,38.49655],[141.19782,38.49524],[141.19781,38.49682],[141.19716,38.49753],[141.19804,38.49867],[141.19922,38.49854],[141.20013,38.49899],[141.20146,38.49882],[141.2024,38.49995],[141.20068,38.50086],[141.19837,38.49987],[141.19732,38.49997],[141.19805,38.49894],[141.19727,38.49863],[141.19558,38.49706],[141.19385,38.49734],[141.19329,38.49851],[141.1922,38.49849],[141.19253,38.4978],[141.19278,38.49702],[141.1929,38.49693]]],[[[141.20044,38.49781],[141.20213,38.49557],[141.20142,38.49861],[141.20044,38.49781]]]]},"properties":{"林班":"D022","市町村名称":"石巻市","旧市町村":null}},
{"type":"Feature","geometry":{"type":"MultiPolygon","coordinates":[[[[141.1901,38.49434],[141.19065,38.49364],[141.18896,38.4933],[141.18835,38.49251],[141.18928,38.49271],[141.18966,38.4919],[141.19072,38.49233],[141.19173,38.49279],[141.19214,38.49393],[141.19073,38.49363],[141.19102,38.49594],[141.18959,38.49588],[141.1901,38.49435],[141.1901,38.49434]]],[[[141.1901,38.49435],[141.18889,38.49397],[141.1901,38.49434],[141.1901,38.49435]]],[[[141.19372,38.49614],[141.19302,38.49668],[141.19137,38.49631],[141.19224,38.4947],[141.19354,38.4952],[141.19372,38.49614]]],[[[141.1922,38.49849],[141.19153,38.4982],[141.19132,38.49653],[141.1929,38.49693],[141.19278,38.49702],[141.19253,38.4978],[141.1922,38.49849]]]]},"properties":{"林班":"D021","市町村名称":"石巻市","旧市町村":null}},
{"type":"Feature","geometry":{"type":"MultiPolygon","coordinates":[[[[141.17914,38.49802],[141.17911,38.49677],[141.18061,38.49587],[141.18208,38.49573],[141.18194,38.49415],[141.18335,38.49322],[141.18451,38.49277],[141.1851,38.49181],[141.1871,38.49175],[141.18622,38.49258],[141.1869,38.49437],[141.18531,38.49534],[141.18459,38.49696],[141.18586,38.49743],[141.18417,38.4985],[141.18423,38.49946],[141.18293,38.49886],[141.18254,38.49906],[141.18279,38.49975],[141.18275,38.50056],[141.18215,38.50075],[141.17914,38.49802]]],[[[141.18261,38.50089],[141.18278,38.50057],[141.18285,38.49987],[141.18257,38.49908],[141.18292,38.49889],[141.18406,38.49944],[141.18468,38.49953],[141.18381,38.50012],[141.18462,38.50109],[141.18478,38.50242],[141.18339,38.50331],[141.18253,38.50243],[141.18246,38.50229],[141.18171,38.50183],[141.18261,38.50089]]]]},"properties":{"林班":"D028","市町村名称":"石巻市","旧市町村":null}},
{"type":"Feature","geometry":{"type":"MultiPolygon","coordinates":[[[[141.17349,38.49632],[141.17457,38.49565],[141.17551,38.49448],[141.17667,38.49394],[141.17754,38.49288],[141.18046,38.49303],[141.18095,38.49405],[141.17931,38.4953],[141.17726,38.49604],[141.17609,38.49741],[141.17681,38.49929],[141.17592,38.49975],[141.17596,38.50078],[141.17438,38.5005],[141.17391,38.49916],[141.17348,38.49843],[141.17327,38.49761],[141.17225,38.49719],[141.17204,38.49711],[141.17349,38.49632]]],[[[141.17597,38.49366],[141.17678,38.49333],[141.17557,38.49436],[141.17597,38.49366]]],[[[141.17691,38.49928],[141.17622,38.49735],[141.1773,38.49617],[141.17923,38.49587],[141.18174,38.49364],[141.18253,38.49263],[141.18335,38.49322],[141.18194,38.49415],[141.18208,38.49573],[141.18061,38.49587],[141.17911,38.49677],[141.17914,38.49802],[141.17821,38.49925],[141.17691,38.49928]]],[[[141.1803,38.49153],[141.18213,38.49252],[141.18043,38.49229],[141.1803,38.49153]]]]},"properties":{"林班":"D027","市町村名称":"石巻市","旧市町村":null}},
{"type":"Feature","geometry":{"type":"Polygon","coordinates":[[[141.17046,38.49588],[141.1735,38.49596],[141.17172,38.49362],[141.17188,38.49105],[141.17256,38.4897],[141.17211,38.48897],[141.17063,38.48892],[141.17091,38.4871],[141.17174,38.48769],[141.17382,38.48656],[141.1753,38.48641],[141.17651,38.4869],[141.17747,38.48839],[141.17666,38.4886],[141.17679,38.48871],[141.17683,38.48887],[141.17651,38.48947],[141.17627,38.4898],[141.17587,38.48989],[141.17594,38.49006],[141.17591,38.49018],[141.17611,38.49032],[141.17618,38.49053],[141.17639,38.49091],[141.17618,38.49108],[141.176,38.49117],[141.17521,38.4915],[141.17584,38.49247],[141.17597,38.49366],[141.17557,38.49436],[141.17349,38.49632],[141.17093,38.49634],[141.17046,38.49588]]]},"properties":{"林班":"D026","市町村名称":"石巻市","旧市町村":null}},
{"type":"Feature","geometry":{"type":"MultiPolygon","coordinates":[[[[141.17391,38.49916],[141.17228,38.50249],[141.17019,38.50462],[141.16815,38.50581],[141.16736,38.50658],[141.1662,38.50398],[141.16645,38.50223],[141.16814,38.50159],[141.16803,38.5025],[141.16937,38.50319],[141.17011,38.50205],[141.16848,38.5016],[141.1705,38.4988],[141.17249,38.49792],[141.17204,38.49711],[141.17225,38.49719],[141.17348,38.49843],[141.17391,38.49916]]],[[[141.16666,38.49784],[141.16892,38.49899],[141.16816,38.49972],[141.16661,38.49863],[141.16666,38.49784]]]]},"properties":{"林班":"D025","市町村名称":"石巻市","旧市町村":null}},
{"type":"Feature","geometry":{"type":"Polygon","coordinates":[[[141.20384,38.53808],[141.20574,38.5359],[141.20566,38.53511],[141.20678,38.53474],[141.20736,38.53343],[141.20815,38.53275],[141.20924,38.53369],[141.20956,38.53434],[141.20722,38.53535],[141.2064,38.53669],[141.20389,38.53814],[141.20384,38.53808]]]},"properties":{"林班":"D009","市町村名称":"石巻市","旧市町村":null}},
{"type":"Feature","geometry":{"type":"MultiPolygon","coordinates":[[[[141.20815,38.53275],[141.20902,38.53192],[141.21069,38.53217],[141.2128,38.53166],[141.21609,38.53122],[141.21344,38.53351],[141.21071,38.53386],[141.21103,38.53508],[141.21069,38.53485],[141.21047,38.53472],[141.21025,38.53457],[141.20924,38.53369],[141.20815,38.53275]]],[[[141.2184,38.53066],[141.21886,38.52996],[141.21914,38.53063],[141.2184,38.53066]]],[[[141.21616,38.5312],[141.21605,38.5308],[141.21626,38.53093],[141.21616,38.5312]]]]},"properties":{"林班":"D008","市町村名称":"石巻市","旧市町村":null}},
{"type":"Feature","geometry":{"type":"MultiPolygon","coordinates":[[[[141.21557,38.5268],[141.21624,38.52624],[141.21676,38.52582],[141.21674,38.52436],[141.21779,38.52453],[141.21957,38.52593],[141.21792,38.52692],[141.21824,38.52654],[141.21833,38.52642],[141.2182,38.52622],[141.21746,38.52561],[141.21711,38.52627],[141.21545,38.52711],[141.21505,38.52691],[141.21557,38.5268]]],[[[141.21262,38.5273],[141.21318,38.52683],[141.21495,38.52691],[141.21543,38.52718],[141.21632,38.52692],[141.21727,38.52626],[141.21778,38.52617],[141.21823,38.52637],[141.2175,38.52688],[141.21788,38.5271],[141.21947,38.5268],[141.22034,38.52803],[141.22009,38.52888],[141.22128,38.52938],[141.22154,38.53031],[141.21914,38.53063],[141.21886,38.52996],[141.21905,38.52991],[141.21834,38.5292],[141.21696,38.52924],[141.21616,38.52944],[141.2143,38.52843],[141.21324,38.52746],[141.21262,38.5273]]],[[[141.21631,38.52956],[141.21697,38.52934],[141.21728,38.53006],[141.21637,38.53096],[141.21626,38.53093],[141.21605,38.5308],[141.21631,38.52956]]]]},"properties":{"林班":"D007","市町村名称":"石巻市","旧市町村":null}},
{"type":"Feature","geometry":{"type":"Polygon","coordinates":[[[141.1831,38.52619],[141.18357,38.52684],[141.18352,38.52922],[141.18406,38.53007],[141.18335,38.53095],[141.1817,38.52955],[141.1808,38.5307],[141.18004,38.52988],[141.17809,38.5301],[141.17824,38.528],[141.17768,38.52685],[141.17755,38.52465],[141.17897,38.52441],[141.1803,38.5244],[141.1831,38.52619]]]},"properties":{"林班":"D013","市町村名称":"石巻市","旧市町村":null}},
{"type":"Feature","geometry":{"type":"MultiPolygon","coordinates":[[[[141.21115,38.52759],[141.21182,38.52759],[141.21233,38.52742],[141.21262,38.5273],[141.21324,38.52746],[141.21435,38.52852],[141.21631,38.52956],[141.21605,38.5308],[141.21616,38.5312],[141.21609,38.53122],[141.2128,38.53166],[141.21237,38.52958],[141.21115,38.52759]]],[[[141.21697,38.52934],[141.21825,38.52924],[141.21905,38.52991],[141.21886,38.52996],[141.2184,38.53066],[141.21637,38.53096],[141.21728,38.53006],[141.21697,38.52934]]]]},"properties":{"林班":"D012","市町村名称":"石巻市","旧市町村":null}},
{"type":"Feature","geometry":{"type":"Polygon","coordinates":[[[141.20827,38.52845],[141.20855,38.52842],[141.20921,38.52859],[141.20969,38.52866],[141.21027,38.52834],[141.2105,38.52801],[141.21088,38.52766],[141.21115,38.52759],[141.21237,38.52958],[141.2128,38.53166],[141.21069,38.53217],[141.20902,38.53192],[141.20815,38.53275],[141.20736,38.53343],[141.20678,38.53474],[141.20573,38.53311],[141.20477,38.533],[141.20596,38.532],[141.20615,38.53099],[141.20656,38.53027],[141.20657,38.53009],[141.20668,38.5295],[141.2067,38.52939],[141.20681,38.52861],[141.20738,38.5284],[141.20827,38.52845]]]},"properties":{"林班":"D011","市町村名称":"石巻市","旧市町村":null}},
{"type":"Feature","geometry":{"type":"Polygon","coordinates":[[[141.20678,38.53474],[141.20566,38.53511],[141.20574,38.5359],[141.20384,38.53808],[141.20298,38.53722],[141.20335,38.53571],[141.20413,38.53377],[141.20477,38.533],[141.20573,38.53311],[141.20678,38.53474]]]},"properties":{"林班":"D010","市町村名称":"石巻市","旧市町村":null}},
{"type":"Feature","geometry":{"type":"MultiPolygon","coordinates":[[[[141.18806,38.50525],[141.19026,38.50518],[141.19279,38.50615],[141.1937,38.50572],[141.19373,38.50571],[141.19383,38.50587],[141.1932,38.50614],[141.19283,38.50696],[141.19227,38.50608],[141.19089,38.50672],[141.18953,38.50561],[141.18806,38.50525]]],[[[141.19498,38.50593],[141.1959,38.5054],[141.19769,38.50593],[141.19536,38.50744],[141.19418,38.50705],[141.19498,38.50593]]],[[[141.1996,38.50346],[141.20022,38.50403],[141.19987,38.50517],[141.19894,38.50486],[141.1996,38.50346]]]]},"properties":{"林班":"D017","市町村名称":"石巻市","旧市町村":null}},
{"type":"Feature","geometry":{"type":"Polygon","coordinates":[[[141.17698,38.50475],[141.1787,38.50305],[141.17896,38.50208],[141.17987,38.50164],[141.17994,38.50161],[141.18084,38.50179],[141.17994,38.50161],[141.18105,38.50162],[141.18171,38.50183],[141.18246,38.50229],[141.18253,38.50243],[141.18339,38.50331],[141.18372,38.50427],[141.18132,38.50402],[141.18169,38.50519],[141.18077,38.50601],[141.18117,38.50694],[141.18055,38.5079],[141.17993,38.5074],[141.17784,38.50729],[141.17762,38.5069],[141.17685,38.50498],[141.17698,38.50475]]]},"properties":{"林班":"D016","市町村名称":"石巻市","旧市町村":null}},
{"type":"Feature","geometry":{"type":"MultiPolygon","coordinates":[[[[141.17315,38.50859],[141.17425,38.50923],[141.17048,38.51025],[141.1699,38.50959],[141.17148,38.50908],[141.1719,38.50897],[141.17219,38.50888],[141.17315,38.50859]]],[[[141.17624,38.5139],[141.17327,38.51363],[141.17434,38.51215],[141.17296,38.51024],[141.17428,38.51005],[141.17549,38.51056],[141.17581,38.50924],[141.17664,38.50887],[141.17665,38.50932],[141.17661,38.50969],[141.17679,38.50976],[141.17684,38.51035],[141.17794,38.51252],[141.1779,38.51365],[141.17699,38.51403],[141.17624,38.5139]]],[[[141.18055,38.5079],[141.17912,38.50858],[141.17915,38.51],[141.1777,38.51025],[141.17721,38.50996],[141.177,38.5097],[141.17668,38.50956],[141.17671,38.50861],[141.17572,38.50922],[141.17453,38.50943],[141.17437,38.50793],[141.176,38.50752],[141.17629,38.50805],[141.17723,38.50779],[141.17784,38.50729],[141.17993,38.5074],[141.18055,38.5079]]]]},"properties":{"林班":"D015","市町村名称":"石巻市","旧市町村":null}},
{"type":"Feature","geometry":{"type":"Polygon","coordinates":[[[141.17897,38.52441],[141.17815,38.52362],[141.17712,38.5237],[141.1775,38.5221],[141.17714,38.52108],[141.17855,38.52081],[141.17885,38.51975],[141.17852,38.51893],[141.18032,38.51785],[141.17959,38.52148],[141.18099,38.5216],[141.18029,38.52269],[141.18087,38.52348],[141.18308,38.52464],[141.18241,38.52566],[141.1831,38.52619],[141.1803,38.5244],[141.17897,38.52441]]]},"properties":{"林班":"D014","市町村名称":"石巻市","旧市町村":null}},
{"type":"Feature","geometry":{"type":"Polygon","coordinates":[[[141.31879,38.45481],[141.31872,38.45286],[141.3201,38.45376],[141.32086,38.453],[141.32255,38.45397],[141.32407,38.45292],[141.32524,38.45298],[141.32743,38.45463],[141.32757,38.4561],[141.32839,38.4567],[141.32832,38.45775],[141.32828,38.45796],[141.32785,38.45979],[141.32779,38.45981],[141.3275,38.45995],[141.32666,38.46019],[141.32471,38.46057],[141.32456,38.46048],[141.32394,38.45863],[141.32174,38.45775],[141.32,38.45722],[141.31926,38.4555],[141.31918,38.45548],[141.31879,38.45481]]]},"properties":{"林班":"A007","市町村名称":"石巻市","旧市町村":null}},
{"type":"Feature","geometry":{"type":"MultiPolygon","coordinates":[[[[141.32174,38.45775],[141.32109,38.45834],[141.31931,38.45823],[141.31767,38.45857],[141.31591,38.45766],[141.3133,38.45694],[141.31432,38.45562],[141.31643,38.45603],[141.31604,38.45484],[141.31644,38.45365],[141.31793,38.45257],[141.31879,38.45481],[141.31918,38.45548],[141.31926,38.4555],[141.32,38.45722],[141.32174,38.45775]]],[[[141.31374,38.45974],[141.31479,38.45942],[141.31521,38.46077],[141.31415,38.46136],[141.31374,38.45974]]]]},"properties":{"林班":"A006","市町村名称":"石巻市","旧市町村":null}},
{"type":"Feature","geometry":{"type":"Polygon","coordinates":[[[141.31415,38.46136],[141.31471,38.46259],[141.31431,38.46356],[141.3146,38.46495],[141.31245,38.46541],[141.31155,38.46493],[141.31084,38.46247],[141.31004,38.46223],[141.31042,38.45997],[141.31141,38.45919],[141.31141,38.45822],[141.31355,38.458],[141.31374,38.45974],[141.31415,38.46136]]]},"properties":{"林班":"A005","市町村名称":"石巻市","旧市町村":null}},
{"type":"Feature","geometry":{"type":"Polygon","coordinates":[[[141.31267,38.46826],[141.3118,38.46838],[141.3119,38.46689],[141.3134,38.46664],[141.31361,38.46601],[141.31624,38.46473],[141.31722,38.46518],[141.3183,38.46682],[141.31928,38.46608],[141.31783,38.46495],[141.31911,38.46409],[141.32029,38.46512],[141.32056,38.4669],[141.32297,38.46664],[141.32303,38.46674],[141.32297,38.46664],[141.3234,38.46756],[141.32472,38.46689],[141.32529,38.46754],[141.32676,38.46804],[141.32686,38.46855],[141.32847,38.47099],[141.32858,38.47123],[141.32863,38.47136],[141.3286,38.47245],[141.32971,38.47262],[141.32648,38.47439],[141.3256,38.47393],[141.32505,38.47265],[141.32214,38.47059],[141.31993,38.47076],[141.31921,38.4708],[141.31858,38.47091],[141.31858,38.47073],[141.31875,38.47004],[141.31878,38.46915],[141.31856,38.4679],[141.31851,38.46781],[141.31754,38.46703],[141.31606,38.46731],[141.31606,38.46752],[141.3142,38.46786],[141.31325,38.46804],[141.31267,38.46826]]]},"properties":{"林班":"A004","市町村名称":"石巻市","旧市町村":null}},
{"type":"Feature","geometry":{"type":"Polygon","coordinates":[[[141.32472,38.46689],[141.32555,38.46638],[141.32594,38.46512],[141.32458,38.46479],[141.32487,38.46242],[141.32339,38.46154],[141.32381,38.46027],[141.32456,38.46048],[141.32471,38.46057],[141.32487,38.46067],[141.32559,38.46132],[141.32616,38.46185],[141.32639,38.46202],[141.32679,38.46211],[141.32737,38.4617],[141.32795,38.46162],[141.32818,38.46162],[141.32827,38.46169],[141.32831,38.46206],[141.32698,38.46272],[141.32685,38.46498],[141.32709,38.46615],[141.32664,38.46675],[141.32812,38.46728],[141.32862,38.46655],[141.32965,38.46674],[141.33046,38.46797],[141.33004,38.46978],[141.32836,38.47033],[141.32847,38.47099],[141.32686,38.46855],[141.32676,38.46804],[141.32529,38.46754],[141.32472,38.46689]]]},"properties":{"林班":"A009","市町村名称":"石巻市","旧市町村":null}},
{"type":"Feature","geometry":{"type":"Polygon","coordinates":[[[141.3275,38.45995],[141.32779,38.45981],[141.32785,38.45979],[141.32903,38.46064],[141.32921,38.45936],[141.32979,38.45853],[141.33123,38.4575],[141.33231,38.45988],[141.33176,38.46062],[141.33267,38.46184],[141.33236,38.46217],[141.33383,38.46369],[141.33376,38.46498],[141.33622,38.46735],[141.33746,38.46825],[141.33845,38.46904],[141.33875,38.4693],[141.33748,38.4707],[141.33599,38.47107],[141.33528,38.47136],[141.33436,38.4706],[141.33406,38.46967],[141.33129,38.46955],[141.33163,38.46691],[141.33104,38.46568],[141.32965,38.46674],[141.32862,38.46655],[141.32812,38.46728],[141.32664,38.46675],[141.32709,38.46615],[141.32685,38.46498],[141.32698,38.46272],[141.32831,38.46206],[141.32827,38.46169],[141.32818,38.46162],[141.32827,38.46156],[141.32818,38.46162],[141.32795,38.46162],[141.32737,38.4617],[141.32679,38.46211],[141.32639,38.46202],[141.32616,38.46185],[141.32559,38.46132],[141.32487,38.46067],[141.32471,38.46057],[141.32666,38.46019],[141.3275,38.45995]]]},"properties":{"林班":"A008","市町村名称":"石巻市","旧市町村":null}},
{"type":"Feature","geometry":{"type":"MultiPolygon","coordinates":[[[[141.19072,38.46845],[141.19167,38.4693],[141.19013,38.46968],[141.19072,38.46845]]],[[[141.18852,38.47187],[141.189,38.47087],[141.18897,38.47174],[141.18977,38.47232],[141.18852,38.47187]]],[[[141.19087,38.47292],[141.19164,38.47245],[141.19256,38.47304],[141.19293,38.47424],[141.19449,38.47437],[141.19573,38.47493],[141.19565,38.47514],[141.19218,38.47429],[141.19087,38.47292]]]]},"properties":{"林班":"D042","市町村名称":"石巻市","旧市町村":null}},
{"type":"Feature","geometry":{"type":"Polygon","coordinates":[[[141.19408,38.46123],[141.1947,38.46204],[141.19511,38.46222],[141.19529,38.46275],[141.19511,38.46318],[141.19446,38.46271],[141.19453,38.4624],[141.19397,38.46144],[141.19408,38.46123]]]},"properties":{"林班":"D041","市町村名称":"石巻市","旧市町村":null}},
{"type":"Feature","geometry":{"type":"MultiPolygon","coordinates":[[[[141.18024,38.47608],[141.18108,38.47716],[141.18339,38.47772],[141.18206,38.47839],[141.18223,38.47936],[141.18404,38.47973],[141.18435,38.48119],[141.18382,38.48195],[141.18248,38.48006],[141.18131,38.48013],[141.18148,38.47843],[141.18055,38.47765],[141.18024,38.47608]]],[[[141.18484,38.48024],[141.18628,38.48018],[141.18735,38.48192],[141.18543,38.48181],[141.18484,38.48024]]],[[[141.19106,38.48062],[141.19015,38.48167],[141.18706,38.47997],[141.18783,38.47943],[141.18959,38.47996],[141.19027,38.48017],[141.19106,38.48062]]]]},"properties":{"林班":"D040","市町村名称":"石巻市","旧市町村":null}},
{"type":"Feature","geometry":{"type":"Polygon","coordinates":[[[141.20396,38.4831],[141.2046,38.48428],[141.20447,38.48419],[141.20396,38.4831]]]},"properties":{"林班":"D046","市町村名称":"石巻市","旧市町村":null}},
{"type":"Feature","geometry":{"type":"MultiPolygon","coordinates":[[[[141.20155,38.47271],[141.20307,38.47289],[141.20366,38.47428],[141.20369,38.47544],[141.2034,38.47464],[141.20184,38.47422],[141.20178,38.4756],[141.20121,38.47561],[141.2012,38.47381],[141.20155,38.47271]]],[[[141.20369,38.47544],[141.20438,38.4766],[141.20309,38.47735],[141.2028,38.47588],[141.20369,38.47544]]]]},"properties":{"林班":"D045","市町村名称":"石巻市","旧市町村":null}},
{"type":"Feature","geometry":{"type":"Polygon","coordinates":[[[141.19938,38.4737],[141.19989,38.47199],[141.20125,38.47202],[141.20155,38.47271],[141.2012,38.47381],[141.19976,38.47427],[141.19938,38.4737]]]},"properties":{"林班":"D044","市町村名称":"石巻市","旧市町村":null}},
{"type":"Feature","geometry":{"type":"Polygon","coordinates":[[[141.19573,38.47493],[141.19627,38.4745],[141.19591,38.47113],[141.19715,38.47111],[141.19665,38.47241],[141.19804,38.47431],[141.19938,38.4737],[141.19976,38.47427],[141.19822,38.4746],[141.19631,38.47567],[141.19561,38.47563],[141.1955,38.47555],[141.19561,38.47525],[141.19565,38.47514],[141.19573,38.47493]]]},"properties":{"林班":"D043","市町村名称":"石巻市","旧市町村":null}},
{"type":"Feature","geometry":{"type":"MultiPolygon","coordinates":[[[[141.23435,38.47823],[141.23632,38.47744],[141.23852,38.47596],[141.24084,38.47658],[141.24013,38.4781],[141.2377,38.47778],[141.23722,38.47825],[141.23557,38.47803],[141.23435,38.47823]]],[[[141.23507,38.47835],[141.23603,38.4787],[141.23836,38.47825],[141.23851,38.47872],[141.23746,38.48028],[141.23654,38.47968],[141.23487,38.47935],[141.23507,38.47835]]],[[[141.23325,38.48005],[141.23307,38.48097],[141.23125,38.47942],[141.23256,38.47873],[141.23369,38.47947],[141.23325,38.48005]]],[[[141.2348,38.482],[141.23715,38.48157],[141.23755,38.48282],[141.23513,38.48263],[141.2348,38.482]]]]},"properties":{"林班":"D049","市町村名称":"石巻市","旧市町村":null}},
{"type":"Feature","geometry":{"type":"Polygon","coordinates":[[[141.2409,38.49309],[141.23992,38.49255],[141.2384,38.49337],[141.23726,38.49164],[141.23705,38.4905],[141.23848,38.48798],[141.23865,38.48709],[141.23943,38.48671],[141.24228,38.48797],[141.24174,38.48887],[141.24181,38.49007],[141.2409,38.49309]]]},"properties":{"林班":"D048","市町村名称":"石巻市","旧市町村":null}},
{"type":"Feature","geometry":{"type":"Polygon","coordinates":[[[141.21052,38.48125],[141.20907,38.48094],[141.20853,38.48038],[141.21174,38.48005],[141.21077,38.47953],[141.2133,38.47865],[141.21408,38.47777],[141.21539,38.4776],[141.21581,38.47915],[141.21551,38.48012],[141.21398,38.48098],[141.21215,38.48092],[141.21052,38.48125]]]},"properties":{"林班":"D047","市町村名称":"石巻市","旧市町村":null}},
{"type":"Feature","geometry":{"type":"Polygon","coordinates":[[[141.32965,38.46674],[141.33104,38.46568],[141.33163,38.46691],[141.33129,38.46955],[141.33406,38.46967],[141.33436,38.4706],[141.33528,38.47136],[141.33599,38.47107],[141.33773,38.472],[141.33777,38.47201],[141.33773,38.47274],[141.33704,38.47329],[141.33654,38.47476],[141.33652,38.47486],[141.33624,38.47573],[141.33532,38.47595],[141.3344,38.47634],[141.33407,38.4765],[141.33381,38.47665],[141.33322,38.47671],[141.33226,38.47668],[141.33193,38.47645],[141.33119,38.47592],[141.33096,38.47579],[141.33021,38.47539],[141.3302,38.47438],[141.32971,38.47262],[141.3286,38.47245],[141.32863,38.47136],[141.32858,38.47123],[141.32847,38.47099],[141.32836,38.47033],[141.33004,38.46978],[141.33046,38.46797],[141.32965,38.46674]]]},"properties":{"林班":"A010","市町村名称":"石巻市","旧市町村":null}},
{"type":"Feature","geometry":{"type":"Polygon","coordinates":[[[141.18323,38.48441],[141.18425,38.4842],[141.18425,38.48312],[141.18585,38.48375],[141.18464,38.48625],[141.18596,38.48783],[141.18767,38.48903],[141.18768,38.4903],[141.18726,38.49147],[141.1871,38.49175],[141.1851,38.49181],[141.184,38.49026],[141.18267,38.49055],[141.18196,38.48945],[141.18232,38.48803],[141.18192,38.48756],[141.18186,38.48748],[141.18122,38.48683],[141.18109,38.48658],[141.18196,38.48566],[141.18214,38.48503],[141.18323,38.48441]]]},"properties":{"林班":"D029","市町村名称":"石巻市","旧市町村":null}},
{"type":"Feature","geometry":{"type":"MultiPolygon","coordinates":[[[[141.3487,38.46288],[141.34942,38.46173],[141.34813,38.46094],[141.34519,38.46027],[141.34413,38.459],[141.34404,38.45781],[141.34594,38.45774],[141.34672,38.45816],[141.34819,38.45794],[141.34996,38.45991],[141.3513,38.46047],[141.35195,38.4598],[141.35281,38.46108],[141.35306,38.46246],[141.35375,38.46297],[141.35379,38.46425],[141.35288,38.46551],[141.35207,38.46557],[141.35132,38.46648],[141.35175,38.4671],[141.35073,38.46774],[141.35117,38.46718],[141.34972,38.46562],[141.34928,38.46557],[141.3487,38.46288]]],[[[141.3506,38.46804],[141.35163,38.46761],[141.35185,38.46702],[141.35154,38.46643],[141.35253,38.4662],[141.35302,38.46704],[141.3511,38.46849],[141.3506,38.46804]]]]},"properties":{"林班":"A014","市町村名称":"石巻市","旧市町村":null}},
{"type":"Feature","geometry":{"type":"Polygon","coordinates":[[[141.34118,38.46287],[141.3424,38.46223],[141.34505,38.46204],[141.3458,38.4626],[141.34678,38.46189],[141.34729,38.4631],[141.3487,38.46288],[141.34928,38.46557],[141.34972,38.46562],[141.34921,38.46642],[141.34695,38.46665],[141.34616,38.46713],[141.3434,38.46993],[141.34188,38.46998],[141.34077,38.46826],[141.3396,38.46522],[141.34118,38.46287]]]},"properties":{"林班":"A013","市町村名称":"石巻市","旧市町村":null}},
{"type":"Feature","geometry":{"type":"Polygon","coordinates":[[[141.33123,38.4575],[141.33283,38.45783],[141.33456,38.45947],[141.33567,38.45824],[141.33618,38.45699],[141.33771,38.45729],[141.33909,38.45858],[141.33899,38.45949],[141.34063,38.46019],[141.34154,38.46131],[141.34118,38.46287],[141.3396,38.46522],[141.33828,38.46416],[141.33721,38.46491],[141.33555,38.4645],[141.33568,38.46364],[141.33267,38.46184],[141.33176,38.46062],[141.33231,38.45988],[141.33123,38.4575]]]},"properties":{"林班":"A012","市町村名称":"石巻市","旧市町村":null}},
{"type":"Feature","geometry":{"type":"MultiPolygon","coordinates":[[[[141.33622,38.46735],[141.33376,38.46498],[141.33383,38.46369],[141.33236,38.46217],[141.33267,38.46184],[141.33568,38.46364],[141.33555,38.4645],[141.33721,38.46491],[141.33828,38.46416],[141.3396,38.46522],[141.34077,38.46826],[141.34188,38.46998],[141.33859,38.47228],[141.33773,38.472],[141.33599,38.47107],[141.33748,38.4707],[141.33875,38.4693],[141.33845,38.46904],[141.33746,38.46825],[141.33622,38.46735]]],[[[141.33777,38.47201],[141.33826,38.47245],[141.33773,38.47274],[141.33777,38.47201]]]]},"properties":{"林班":"A011","市町村名称":"石巻市","旧市町村":null}},
{"type":"Feature","geometry":{"type":"Polygon","coordinates":[[[141.17747,38.48839],[141.18051,38.4881],[141.18192,38.48756],[141.18232,38.48803],[141.18196,38.48945],[141.18267,38.49055],[141.184,38.49026],[141.1851,38.49181],[141.18451,38.49277],[141.18335,38.49322],[141.18253,38.49263],[141.18213,38.49252],[141.1803,38.49153],[141.1794,38.49195],[141.17857,38.49258],[141.1772,38.49285],[141.17678,38.49333],[141.17597,38.49366],[141.17584,38.49247],[141.17521,38.4915],[141.176,38.49117],[141.17618,38.49108],[141.17639,38.49091],[141.17618,38.49053],[141.17611,38.49032],[141.17591,38.49018],[141.17594,38.49006],[141.17587,38.48989],[141.17627,38.4898],[141.17651,38.48947],[141.17683,38.48887],[141.17679,38.48871],[141.17666,38.4886],[141.17747,38.48839]]]},"properties":{"林班":"D031","市町村名称":"石巻市","旧市町村":null}},
{"type":"Feature","geometry":{"type":"Polygon","coordinates":[[[141.17651,38.4869],[141.17572,38.48614],[141.17764,38.48516],[141.17834,38.48596],[141.18175,38.48461],[141.18132,38.48372],[141.17984,38.48309],[141.1811,38.48178],[141.18228,38.4818],[141.18323,38.48441],[141.18214,38.48503],[141.18196,38.48566],[141.18109,38.48658],[141.18122,38.48683],[141.18186,38.48748],[141.18178,38.48761],[141.18138,38.48722],[141.18178,38.48761],[141.18051,38.4881],[141.17747,38.48839],[141.17651,38.4869]]]},"properties":{"林班":"D030","市町村名称":"石巻市","旧市町村":null}},
{"type":"Feature","geometry":{"type":"Polygon","coordinates":[[[141.1669,38.46137],[141.16737,38.46111],[141.16773,38.46093],[141.1687,38.46093],[141.16988,38.4613],[141.17057,38.46107],[141.17246,38.46151],[141.17318,38.4612],[141.17505,38.46145],[141.17765,38.46115],[141.17855,38.46162],[141.1785,38.46329],[141.1774,38.46353],[141.17646,38.46482],[141.17375,38.46429],[141.17303,38.46468],[141.17305,38.46579],[141.17066,38.46568],[141.17132,38.46439],[141.17051,38.46392],[141.16869,38.46545],[141.16769,38.46501],[141.1662,38.46535],[141.1664,38.46369],[141.16783,38.46307],[141.16769,38.4619],[141.16661,38.46225],[141.1662,38.46184],[141.16599,38.4607],[141.16614,38.46114],[141.16628,38.46132],[141.16671,38.46137],[141.1669,38.46137]]]},"properties":{"林班":"D035","市町村名称":"石巻市","旧市町村":null}},
{"type":"Feature","geometry":{"type":"MultiPolygon","coordinates":[[[[141.16857,38.47414],[141.16827,38.47329],[141.17152,38.47242],[141.17197,38.47201],[141.17417,38.47278],[141.17715,38.47312],[141.17853,38.47265],[141.1788,38.47101],[141.18052,38.47216],[141.18048,38.47258],[141.17993,38.47495],[141.17952,38.47504],[141.17539,38.47472],[141.17497,38.47379],[141.17249,38.47338],[141.16857,38.47414]]],[[[141.17531,38.46835],[141.17643,38.46805],[141.17716,38.46857],[141.17695,38.46939],[141.17562,38.46906],[141.17531,38.46835]]],[[[141.17899,38.47004],[141.17798,38.46841],[141.17965,38.46911],[141.17899,38.47004]]]]},"properties":{"林班":"D034","市町村名称":"石巻市","旧市町村":null}},
{"type":"Feature","geometry":{"type":"MultiPolygon","coordinates":[[[[141.1706,38.47927],[141.17456,38.47768],[141.17258,38.47691],[141.17169,38.47794],[141.17059,38.47852],[141.16961,38.47764],[141.17129,38.47611],[141.17039,38.47519],[141.1688,38.47544],[141.16752,38.47611],[141.16561,38.47643],[141.16518,38.47577],[141.16749,38.47574],[141.16857,38.47414],[141.17249,38.47338],[141.17497,38.47379],[141.17539,38.47472],[141.17952,38.47504],[141.17843,38.47661],[141.17575,38.47906],[141.17454,38.47947],[141.17217,38.47943],[141.17101,38.47945],[141.1706,38.47927]]],[[[141.16333,38.47619],[141.16269,38.47721],[141.16162,38.47635],[141.16333,38.47619]]]]},"properties":{"林班":"D033","市町村名称":"石巻市","旧市町村":null}},
{"type":"Feature","geometry":{"type":"MultiPolygon","coordinates":[[[[141.18055,38.47765],[141.17942,38.47778],[141.17788,38.47851],[141.1773,38.47938],[141.17811,38.48006],[141.17811,38.48082],[141.17564,38.48169],[141.17538,38.48105],[141.17308,38.48009],[141.17169,38.48125],[141.17066,38.48027],[141.1706,38.47927],[141.17101,38.47945],[141.17217,38.47943],[141.17454,38.47947],[141.17575,38.47906],[141.17843,38.47661],[141.17952,38.47504],[141.17993,38.47495],[141.18024,38.47608],[141.18055,38.47765]]],[[[141.17912,38.48237],[141.17734,38.48325],[141.17355,38.48396],[141.17484,38.48277],[141.17567,38.48321],[141.17683,38.48281],[141.17711,38.48129],[141.17843,38.48073],[141.17936,38.48151],[141.18056,38.4809],[141.18027,38.482],[141.17912,38.48237]]]]},"properties":{"林班":"D032","市町村名称":"石巻市","旧市町村":null}},
{"type":"Feature","geometry":{"type":"MultiPolygon","coordinates":[[[[141.17993,38.47495],[141.18048,38.47258],[141.18116,38.47243],[141.18118,38.47372],[141.18189,38.47588],[141.18238,38.47653],[141.18349,38.47643],[141.18339,38.47772],[141.18108,38.47716],[141.18024,38.47608],[141.17993,38.47495]]],[[[141.1837,38.47402],[141.18448,38.4736],[141.18538,38.47472],[141.18453,38.47517],[141.18322,38.47483],[141.1837,38.47402]]],[[[141.18459,38.47607],[141.18551,38.47531],[141.18761,38.47595],[141.18659,38.47649],[141.18459,38.47607]]],[[[141.18591,38.4788],[141.18667,38.4781],[141.18896,38.47693],[141.18946,38.47816],[141.18839,38.47812],[141.18591,38.4788]]],[[[141.19027,38.48017],[141.19088,38.47869],[141.19208,38.47979],[141.19106,38.48062],[141.19027,38.48017]]]]},"properties":{"林班":"D039","市町村名称":"石巻市","旧市町村":null}},
{"type":"Feature","geometry":{"type":"MultiPolygon","coordinates":[[[[141.19218,38.47429],[141.19274,38.47526],[141.19153,38.47626],[141.18967,38.47444],[141.18977,38.47232],[141.19087,38.47292],[141.19218,38.47429]]],[[[141.19479,38.47813],[141.19493,38.47726],[141.19578,38.47677],[141.19561,38.47563],[141.19631,38.47567],[141.19822,38.4746],[141.19976,38.47427],[141.2012,38.47381],[141.20121,38.47561],[141.20145,38.47655],[141.20163,38.47763],[141.20107,38.47626],[141.19999,38.47534],[141.19915,38.4761],[141.19828,38.47563],[141.19704,38.4761],[141.19479,38.47813]]]]},"properties":{"林班":"D038","市町村名称":"石巻市","旧市町村":null}},
{"type":"Feature","geometry":{"type":"MultiPolygon","coordinates":[[[[141.17798,38.46841],[141.18063,38.46849],[141.18113,38.47072],[141.18181,38.47109],[141.18191,38.47213],[141.18057,38.47203],[141.18006,38.47134],[141.17899,38.47004],[141.17965,38.46911],[141.17798,38.46841]]],[[[141.18052,38.47216],[141.18116,38.47243],[141.18048,38.47258],[141.18052,38.47216]]],[[[141.1889,38.46686],[141.18916,38.46792],[141.18772,38.4682],[141.18718,38.46746],[141.1889,38.46686]]]]},"properties":{"林班":"D037","市町村名称":"石巻市","旧市町村":null}},
{"type":"Feature","geometry":{"type":"MultiPolygon","coordinates":[[[[141.17915,38.4603],[141.1804,38.45917],[141.18154,38.45882],[141.18296,38.45888],[141.18388,38.45902],[141.18434,38.45903],[141.18485,38.45946],[141.18317,38.46092],[141.1829,38.46273],[141.18514,38.4649],[141.18268,38.46537],[141.18071,38.46451],[141.18005,38.46328],[141.17885,38.46349],[141.17953,38.46515],[141.1779,38.46497],[141.1785,38.46329],[141.17855,38.46162],[141.17915,38.4603]]],[[[141.18368,38.46257],[141.18384,38.46177],[141.18569,38.46186],[141.18642,38.46269],[141.18587,38.46453],[141.18439,38.46362],[141.18368,38.46257]]]]},"properties":{"林班":"D036","市町村名称":"石巻市","旧市町村":null}},
{"type":"Feature","geometry":{"type":"MultiPolygon","coordinates":[[[[141.31754,38.46703],[141.31766,38.46992],[141.31858,38.47073],[141.31858,38.47091],[141.31921,38.4708],[141.31993,38.47076],[141.32214,38.47059],[141.32505,38.47265],[141.3256,38.47393],[141.32648,38.47439],[141.32971,38.47262],[141.3302,38.47438],[141.33021,38.47539],[141.32776,38.47672],[141.3265,38.47714],[141.32594,38.47746],[141.32494,38.47711],[141.3248,38.47628],[141.32488,38.47568],[141.32388,38.47492],[141.32273,38.47487],[141.32181,38.47535],[141.32176,38.47538],[141.32052,38.47558],[141.3196,38.47473],[141.31861,38.47455],[141.31796,38.47464],[141.31756,38.47471],[141.31681,38.47471],[141.31762,38.47346],[141.31764,38.47144],[141.31726,38.46951],[141.31661,38.46915],[141.31659,38.46894],[141.31659,38.46859],[141.31635,38.46766],[141.31606,38.46731],[141.31754,38.46703]]],[[[141.31856,38.4679],[141.31878,38.46915],[141.31875,38.47004],[141.31776,38.46879],[141.31851,38.46781],[141.31856,38.4679]]]]},"properties":{"林班":"A003","市町村名称":"石巻市","旧市町村":null}},
{"type":"Feature","geometry":{"type":"MultiPolygon","coordinates":[[[[141.29526,38.45739],[141.29486,38.45692],[141.29266,38.45579],[141.29224,38.45501],[141.29452,38.45511],[141.29692,38.45653],[141.29841,38.45693],[141.30054,38.45798],[141.30196,38.4592],[141.3028,38.46102],[141.30239,38.4614],[141.30297,38.46385],[141.30364,38.46451],[141.30393,38.466],[141.30254,38.46417],[141.30106,38.46175],[141.30084,38.46072],[141.30047,38.46032],[141.29948,38.45921],[141.29879,38.45936],[141.29704,38.45815],[141.29526,38.45739]]],[[[141.304,38.46611],[141.30379,38.46444],[141.30296,38.46328],[141.30275,38.4618],[141.30353,38.46112],[141.30494,38.4632],[141.30637,38.46414],[141.30541,38.46468],[141.30622,38.46544],[141.30805,38.46627],[141.30815,38.46778],[141.30785,38.46772],[141.30758,38.46765],[141.30733,38.4676],[141.3049,38.46783],[141.3049,38.46716],[141.304,38.46611]]]]},"properties":{"林班":"A002","市町村名称":"石巻市","旧市町村":null}},
{"type":"Feature","geometry":{"type":"Polygon","coordinates":[[[141.30116,38.47414],[141.29944,38.47408],[141.2996,38.472],[141.29882,38.46944],[141.29921,38.46746],[141.29896,38.4662],[141.30027,38.46616],[141.30044,38.46406],[141.29956,38.4623],[141.2985,38.46116],[141.29794,38.46216],[141.2969,38.4609],[141.29765,38.46015],[141.29592,38.45879],[141.29505,38.45911],[141.29399,38.45844],[141.29526,38.45739],[141.29704,38.45815],[141.29879,38.45936],[141.29948,38.45921],[141.30047,38.46032],[141.30084,38.46072],[141.30106,38.46175],[141.30254,38.46417],[141.30393,38.466],[141.304,38.46611],[141.3049,38.46716],[141.3049,38.46783],[141.30493,38.46797],[141.3038,38.46802],[141.30363,38.469],[141.30238,38.46999],[141.30185,38.47354],[141.30166,38.4737],[141.30116,38.47414]],[[141.3003,38.46311],[141.30035,38.46119],[141.29952,38.46005],[141.29883,38.46086],[141.3003,38.46311]]]},"properties":{"林班":"A001","市町村名称":"石巻市","旧市町村":null}},
{"type":"Feature","geometry":{"type":"Polygon","coordinates":[[[141.38639,38.49618],[141.388,38.49748],[141.38881,38.49881],[141.38896,38.49931],[141.39035,38.50011],[141.3938,38.49979],[141.395,38.50002],[141.39513,38.50007],[141.39618,38.50051],[141.39507,38.50074],[141.39289,38.50241],[141.3925,38.50257],[141.39071,38.50212],[141.39004,38.50175],[141.38867,38.50194],[141.38485,38.50092],[141.38301,38.50064],[141.38134,38.50092],[141.38075,38.50037],[141.38291,38.50016],[141.38455,38.49946],[141.38597,38.49776],[141.38639,38.49618]]]},"properties":{"林班":"A029","市町村名称":"石巻市","旧市町村":null}},
{"type":"Feature","geometry":{"type":"Polygon","coordinates":[[[141.38064,38.49998],[141.38049,38.49851],[141.37925,38.49768],[141.37882,38.49651],[141.37954,38.49564],[141.382,38.49438],[141.3829,38.49297],[141.38238,38.49044],[141.38429,38.48879],[141.38437,38.48877],[141.38481,38.49085],[141.38455,38.49272],[141.38516,38.49287],[141.38582,38.49483],[141.38619,38.4958],[141.38639,38.49618],[141.38597,38.49776],[141.38455,38.49946],[141.38291,38.50016],[141.38075,38.50037],[141.38065,38.50015],[141.38064,38.49998]]]},"properties":{"林班":"A028","市町村名称":"石巻市","旧市町村":null}},
{"type":"Feature","geometry":{"type":"Polygon","coordinates":[[[141.37894,38.49077],[141.37919,38.49003],[141.37887,38.48853],[141.37989,38.48661],[141.38055,38.48653],[141.38262,38.48748],[141.38363,38.48887],[141.38429,38.48879],[141.38238,38.49044],[141.3829,38.49297],[141.382,38.49438],[141.37954,38.49564],[141.37882,38.49651],[141.37925,38.49768],[141.38049,38.49851],[141.38064,38.49998],[141.38065,38.50015],[141.38075,38.50037],[141.38134,38.50092],[141.37916,38.50245],[141.37848,38.5026],[141.37862,38.50036],[141.37844,38.49781],[141.37781,38.49699],[141.37853,38.49377],[141.37853,38.49158],[141.37894,38.49077]]]},"properties":{"林班":"A027","市町村名称":"石巻市","旧市町村":null}},
{"type":"Feature","geometry":{"type":"Polygon","coordinates":[[[141.37189,38.50166],[141.37334,38.49793],[141.37337,38.49662],[141.37467,38.49392],[141.37385,38.491],[141.37481,38.49004],[141.37496,38.48909],[141.37575,38.48821],[141.37645,38.48757],[141.37598,38.48666],[141.37743,38.48615],[141.37795,38.48693],[141.37989,38.48661],[141.37887,38.48853],[141.37756,38.48949],[141.37894,38.49077],[141.37853,38.49158],[141.37853,38.49377],[141.37781,38.49699],[141.37844,38.49781],[141.37862,38.50036],[141.37848,38.5026],[141.37744,38.50288],[141.37452,38.502],[141.37343,38.50218],[141.37189,38.50166]]]},"properties":{"林班":"A026","市町村名称":"石巻市","旧市町村":null}},
{"type":"Feature","geometry":{"type":"Polygon","coordinates":[[[141.38622,38.48652],[141.38797,38.48612],[141.38888,38.48545],[141.38946,38.48423],[141.38918,38.483],[141.39001,38.4824],[141.39084,38.48278],[141.39207,38.48442],[141.39266,38.48467],[141.39523,38.48546],[141.39633,38.48667],[141.39724,38.48914],[141.39982,38.49029],[141.40078,38.49002],[141.40291,38.49107],[141.40263,38.49145],[141.40017,38.49187],[141.40009,38.49278],[141.3993,38.49384],[141.39785,38.49743],[141.39776,38.49764],[141.39769,38.49783],[141.3973,38.49749],[141.39646,38.49657],[141.39642,38.49652],[141.39601,38.49546],[141.39487,38.4937],[141.39428,38.49333],[141.394,38.49215],[141.39185,38.48945],[141.38939,38.4891],[141.38811,38.48792],[141.387,38.48762],[141.38613,38.48666],[141.3862,38.48655],[141.38622,38.48652]]]},"properties":{"林班":"A032","市町村名称":"石巻市","旧市町村":null}},
{"type":"Feature","geometry":{"type":"Polygon","coordinates":[[[141.38538,38.4881],[141.38633,38.4874],[141.38561,38.48671],[141.38613,38.48666],[141.387,38.48762],[141.38811,38.48792],[141.38939,38.4891],[141.39185,38.48945],[141.394,38.49215],[141.39428,38.49333],[141.39432,38.49338],[141.39255,38.49394],[141.39122,38.49342],[141.38871,38.492],[141.38593,38.49156],[141.38527,38.4914],[141.38515,38.48964],[141.38437,38.48877],[141.38538,38.4881]]]},"properties":{"林班":"A031","市町村名称":"石巻市","旧市町村":null}},
{"type":"Feature","geometry":{"type":"MultiPolygon","coordinates":[[[[141.38516,38.49287],[141.38525,38.49181],[141.38593,38.49156],[141.38871,38.492],[141.39122,38.49342],[141.39255,38.49394],[141.39432,38.49338],[141.39487,38.4937],[141.39601,38.49546],[141.39608,38.49566],[141.39622,38.49604],[141.39642,38.49652],[141.39646,38.49657],[141.39654,38.49668],[141.39721,38.49741],[141.39616,38.49824],[141.39565,38.49937],[141.395,38.50002],[141.3938,38.49979],[141.39035,38.50011],[141.38896,38.49931],[141.38881,38.49881],[141.388,38.49748],[141.38639,38.49618],[141.38619,38.4958],[141.38582,38.49483],[141.38516,38.49287]]],[[[141.39565,38.49937],[141.39676,38.49787],[141.39781,38.49802],[141.39827,38.49881],[141.39708,38.49926],[141.39684,38.49937],[141.39641,38.50066],[141.39618,38.50051],[141.39513,38.50007],[141.39565,38.49937]]]]},"properties":{"林班":"A030","市町村名称":"石巻市","旧市町村":null}},
{"type":"Feature","geometry":{"type":"Polygon","coordinates":[[[141.38476,38.47707],[141.38595,38.47575],[141.38944,38.47655],[141.39018,38.47763],[141.39219,38.47822],[141.39392,38.47943],[141.39248,38.48153],[141.39234,38.48177],[141.39231,38.48182],[141.39201,38.48286],[141.39266,38.48467],[141.39207,38.48442],[141.39084,38.48278],[141.39001,38.4824],[141.38876,38.48206],[141.3877,38.4804],[141.38681,38.48065],[141.38535,38.4789],[141.38476,38.47707]]]},"properties":{"林班":"A036","市町村名称":"石巻市","旧市町村":null}},
{"type":"Feature","geometry":{"type":"Polygon","coordinates":[[[141.38681,38.48065],[141.38602,38.48087],[141.38433,38.48023],[141.38246,38.47905],[141.38207,38.47718],[141.38027,38.47513],[141.37827,38.47368],[141.37658,38.47274],[141.375,38.47107],[141.37797,38.47209],[141.37916,38.47226],[141.38108,38.47084],[141.38177,38.47113],[141.38322,38.47295],[141.38479,38.47439],[141.38487,38.47569],[141.384,38.47628],[141.38476,38.47707],[141.38535,38.4789],[141.38681,38.48065]]]},"properties":{"林班":"A035","市町村名称":"石巻市","旧市町村":null}},
{"type":"Feature","geometry":{"type":"Polygon","coordinates":[[[141.37604,38.47746],[141.37757,38.47741],[141.37845,38.4789],[141.37765,38.47952],[141.37865,38.48048],[141.3794,38.48176],[141.37842,38.48367],[141.37577,38.48209],[141.37726,38.48115],[141.37631,38.47994],[141.37604,38.47746]]]},"properties":{"林班":"A034","市町村名称":"石巻市","旧市町村":null}},
{"type":"Feature","geometry":{"type":"MultiPolygon","coordinates":[[[[141.38622,38.48652],[141.38468,38.48639],[141.38222,38.48404],[141.38083,38.48382],[141.38114,38.48113],[141.38021,38.47978],[141.38,38.47851],[141.37915,38.47706],[141.37748,38.47586],[141.37682,38.47581],[141.37563,38.47441],[141.37517,38.47269],[141.37435,38.47173],[141.375,38.47107],[141.37658,38.47274],[141.37827,38.47368],[141.38027,38.47513],[141.38207,38.47718],[141.38246,38.47905],[141.38433,38.48023],[141.38602,38.48087],[141.38681,38.48065],[141.3877,38.4804],[141.38876,38.48206],[141.39001,38.4824],[141.38918,38.483],[141.38946,38.48423],[141.38888,38.48545],[141.38797,38.48612],[141.38622,38.48652]]],[[[141.38172,38.48432],[141.38346,38.48566],[141.38211,38.48593],[141.38144,38.48486],[141.38172,38.48432]]],[[[141.38561,38.48671],[141.3862,38.48655],[141.38613,38.48666],[141.38561,38.48671]]]]},"properties":{"林班":"A033","市町村名称":"石巻市","旧市町村":null}},
{"type":"Feature","geometry":{"type":"MultiPolygon","coordinates":[[[[141.35207,38.47553],[141.35329,38.47356],[141.35458,38.47435],[141.35544,38.47352],[141.35658,38.47374],[141.35622,38.47486],[141.35687,38.47627],[141.35868,38.47664],[141.35993,38.47794],[141.35955,38.47855],[141.36056,38.47972],[141.35956,38.48061],[141.35727,38.482],[141.3545,38.48188],[141.35561,38.48078],[141.35534,38.48074],[141.35425,38.48061],[141.35396,38.47924],[141.35349,38.47882],[141.35209,38.47886],[141.35217,38.47829],[141.35309,38.47749],[141.35231,38.47703],[141.35342,38.47667],[141.35311,38.47605],[141.35207,38.47553]]],[[[141.35208,38.47563],[141.35319,38.47624],[141.3523,38.47694],[141.35182,38.47684],[141.35188,38.47656],[141.35202,38.47619],[141.35208,38.47563]]],[[[141.3531,38.48069],[141.35216,38.47967],[141.3521,38.47896],[141.35378,38.47908],[141.3531,38.48069]]],[[[141.35,38.48572],[141.3532,38.48343],[141.35443,38.48198],[141.35706,38.48207],[141.35539,38.48269],[141.35298,38.4847],[141.35155,38.48545],[141.35026,38.48654],[141.35,38.48572]]]]},"properties":{"林班":"A018","市町村名称":"石巻市","旧市町村":null}},
{"type":"Feature","geometry":{"type":"MultiPolygon","coordinates":[[[[141.34895,38.48127],[141.35044,38.47793],[141.3514,38.47701],[141.3521,38.47896],[141.35216,38.47967],[141.3531,38.48069],[141.35443,38.48198],[141.3532,38.48343],[141.35,38.48572],[141.35111,38.48469],[141.35067,38.48327],[141.34895,38.48127]]],[[[141.3523,38.47694],[141.35163,38.47695],[141.35182,38.47684],[141.3523,38.47694]]],[[[141.35217,38.47829],[141.35231,38.47703],[141.35309,38.47749],[141.35217,38.47829]]],[[[141.35425,38.48061],[141.35534,38.48074],[141.35561,38.48078],[141.3545,38.48188],[141.35425,38.48061]]]]},"properties":{"林班":"A017","市町村名称":"石巻市","旧市町村":null}},
{"type":"Feature","geometry":{"type":"MultiPolygon","coordinates":[[[[141.3373,38.47725],[141.33925,38.47714],[141.34124,38.47601],[141.34425,38.47644],[141.34518,38.47672],[141.34596,38.47688],[141.34659,38.47681],[141.34721,38.47717],[141.34757,38.47665],[141.3482,38.47663],[141.34871,38.47755],[141.34869,38.47819],[141.34931,38.47822],[141.35058,38.47717],[141.3514,38.47701],[141.35044,38.47793],[141.34895,38.48127],[141.34623,38.48313],[141.34471,38.48304],[141.34409,38.48118],[141.34273,38.48011],[141.34185,38.47902],[141.34058,38.47874],[141.33928,38.47794],[141.33817,38.47858],[141.3373,38.47725]]],[[[141.34455,38.47649],[141.3445,38.47493],[141.34544,38.47394],[141.34708,38.47301],[141.3489,38.47275],[141.34999,38.47305],[141.35062,38.47429],[141.35064,38.47601],[141.35131,38.47628],[141.35208,38.47563],[141.35202,38.47619],[141.35188,38.47656],[141.35182,38.47684],[141.35163,38.47695],[141.35074,38.47698],[141.34886,38.47814],[141.34878,38.47743],[141.34846,38.47674],[141.34804,38.47645],[141.34754,38.47649],[141.34724,38.47702],[141.34659,38.4767],[141.34594,38.47677],[141.34455,38.47649]]],[[[141.34724,38.47295],[141.35021,38.471],[141.3518,38.47166],[141.35148,38.4727],[141.35329,38.47356],[141.35207,38.47553],[141.35075,38.47601],[141.35077,38.47399],[141.35025,38.47309],[141.34897,38.47266],[141.34724,38.47295]]]]},"properties":{"林班":"A016","市町村名称":"石巻市","旧市町村":null}},
{"type":"Feature","geometry":{"type":"MultiPolygon","coordinates":[[[[141.34188,38.46998],[141.3434,38.46993],[141.34616,38.46713],[141.34695,38.46665],[141.34921,38.46642],[141.34972,38.46562],[141.35117,38.46718],[141.35073,38.46774],[141.35024,38.46813],[141.35039,38.46842],[141.35003,38.46953],[141.34857,38.4704],[141.34836,38.47161],[141.34708,38.47301],[141.34544,38.47394],[141.3445,38.47493],[141.34455,38.47649],[141.34313,38.47572],[141.34286,38.47492],[141.34247,38.47464],[141.34159,38.4746],[141.34109,38.47481],[141.34026,38.47557],[141.33869,38.47532],[141.33888,38.47523],[141.33869,38.47532],[141.34013,38.47571],[141.34106,38.47497],[141.34219,38.47471],[141.34272,38.47498],[141.34286,38.47615],[141.34425,38.47644],[141.34124,38.47601],[141.33925,38.47714],[141.3373,38.47725],[141.3363,38.47674],[141.33597,38.47662],[141.33582,38.47643],[141.33534,38.47598],[141.33532,38.47595],[141.33624,38.47573],[141.33652,38.47486],[141.33679,38.47485],[141.33654,38.47476],[141.33704,38.47329],[141.33773,38.47274],[141.33826,38.47245],[141.33859,38.47228],[141.34188,38.46998]]],[[[141.34724,38.47295],[141.34872,38.47124],[141.34868,38.47044],[141.35014,38.46955],[141.3506,38.46804],[141.3511,38.46849],[141.35069,38.47037],[141.35021,38.471],[141.34724,38.47295]]]]},"properties":{"林班":"A015","市町村名称":"石巻市","旧市町村":null}},
{"type":"Feature","geometry":{"type":"MultiPolygon","coordinates":[[[[141.35026,38.48654],[141.35155,38.48545],[141.35298,38.4847],[141.35539,38.48269],[141.35706,38.48207],[141.35616,38.48288],[141.35569,38.48429],[141.35666,38.48462],[141.35502,38.486],[141.35506,38.48636],[141.35588,38.48652],[141.35607,38.48699],[141.35728,38.4872],[141.35626,38.48854],[141.35655,38.48897],[141.35811,38.48884],[141.35872,38.48959],[141.35878,38.49095],[141.35717,38.49256],[141.35696,38.49159],[141.35527,38.49132],[141.35561,38.49217],[141.35486,38.49276],[141.35342,38.49297],[141.35228,38.49399],[141.35049,38.49368],[141.35024,38.49174],[141.3484,38.4903],[141.35084,38.49017],[141.35114,38.48902],[141.35026,38.48654]]],[[[141.35881,38.49069],[141.35887,38.48968],[141.35822,38.48875],[141.35635,38.4886],[141.35737,38.48721],[141.35701,38.48685],[141.35513,38.48625],[141.35615,38.48507],[141.35682,38.48472],[141.35683,38.48404],[141.35578,38.48419],[141.3563,38.48283],[141.35727,38.482],[141.35956,38.48061],[141.36056,38.47972],[141.36052,38.47919],[141.36068,38.47899],[141.36123,38.47853],[141.3615,38.47931],[141.36132,38.48037],[141.36128,38.48208],[141.35983,38.4831],[141.35994,38.4855],[141.35948,38.48714],[141.35921,38.48734],[141.35933,38.48834],[141.35935,38.4884],[141.35942,38.48923],[141.35925,38.4902],[141.35896,38.49073],[141.35881,38.49069]]],[[[141.355,38.49275],[141.35682,38.49163],[141.35711,38.49264],[141.355,38.49275]]],[[[141.35881,38.49069],[141.35896,38.49073],[141.35888,38.49085],[141.35881,38.49069]]]]},"properties":{"林班":"A019","市町村名称":"石巻市","旧市町村":null}},
{"type":"Feature","geometry":{"type":"MultiPolygon","coordinates":[[[[141.24776,38.45988],[141.25,38.4592],[141.2498,38.45994],[141.25092,38.46058],[141.25003,38.46159],[141.24911,38.46045],[141.2472,38.46125],[141.24674,38.46088],[141.24524,38.46263],[141.24513,38.46106],[141.24776,38.45988]]],[[[141.25527,38.45733],[141.25364,38.45846],[141.25225,38.45868],[141.25228,38.45782],[141.25529,38.45712],[141.25527,38.45733]]]]},"properties":{"林班":"D053","市町村名称":"石巻市","旧市町村":null}},
{"type":"Feature","geometry":{"type":"MultiPolygon","coordinates":[[[[141.2517,38.4631],[141.25167,38.46371],[141.25199,38.46437],[141.25192,38.46501],[141.25094,38.46478],[141.25094,38.46356],[141.2517,38.4631]]],[[[141.25221,38.46315],[141.25341,38.4636],[141.25227,38.46456],[141.25221,38.46591],[141.25174,38.46565],[141.25194,38.46501],[141.25202,38.4644],[141.25171,38.46372],[141.25221,38.46315]]]]},"properties":{"林班":"D052","市町村名称":"石巻市","旧市町村":null}},
{"type":"Feature","geometry":{"type":"Polygon","coordinates":[[[141.24127,38.47067],[141.24085,38.47029],[141.24229,38.47064],[141.24467,38.4706],[141.24479,38.46929],[141.24563,38.46776],[141.24663,38.46811],[141.24692,38.46889],[141.24558,38.46944],[141.24626,38.47047],[141.2445,38.47153],[141.243,38.47076],[141.24177,38.47208],[141.24127,38.47067]]]},"properties":{"林班":"D051","市町村名称":"石巻市","旧市町村":null}},
{"type":"Feature","geometry":{"type":"MultiPolygon","coordinates":[[[[141.23865,38.48709],[141.23797,38.48655],[141.23889,38.48498],[141.23947,38.48465],[141.24077,38.48285],[141.24161,38.48223],[141.24158,38.48096],[141.24059,38.48019],[141.24148,38.47957],[141.24274,38.48075],[141.2443,38.48087],[141.24515,38.48251],[141.24653,38.48432],[141.2456,38.48467],[141.24376,38.48351],[141.24267,38.48435],[141.24367,38.48473],[141.24326,38.48658],[141.24283,38.48699],[141.24228,38.48797],[141.23943,38.48671],[141.23865,38.48709]]],[[[141.2443,38.48087],[141.24374,38.47976],[141.2424,38.47899],[141.24295,38.47834],[141.24463,38.47874],[141.2443,38.48087]]],[[[141.24757,38.47357],[141.24922,38.47466],[141.2493,38.47592],[141.24825,38.47589],[141.24757,38.47357]]]]},"properties":{"林班":"D050","市町村名称":"石巻市","旧市町村":null}},
{"type":"Feature","geometry":{"type":"Polygon","coordinates":[[[141.28825,38.46213],[141.28999,38.46188],[141.29012,38.46311],[141.28905,38.46344],[141.28766,38.46324],[141.28777,38.46311],[141.28788,38.46292],[141.28799,38.46248],[141.28825,38.46213]]]},"properties":{"林班":"D056","市町村名称":"石巻市","旧市町村":null}},
{"type":"Feature","geometry":{"type":"MultiPolygon","coordinates":[[[[141.2409,38.49309],[141.24181,38.49007],[141.24174,38.48887],[141.24228,38.48797],[141.24283,38.48699],[141.24397,38.48765],[141.24407,38.48835],[141.24296,38.48884],[141.24359,38.48958],[141.24207,38.493],[141.2409,38.49309]]],[[[141.24024,38.49686],[141.24069,38.49614],[141.24087,38.49742],[141.23934,38.49808],[141.23899,38.49764],[141.23922,38.49746],[141.24024,38.49686]]]]},"properties":{"林班":"D055","市町村名称":"石巻市","旧市町村":null}},
{"type":"Feature","geometry":{"type":"Polygon","coordinates":[[[141.24063,38.47159],[141.2408,38.47063],[141.23964,38.46902],[141.23871,38.46874],[141.23862,38.46764],[141.24021,38.46649],[141.23975,38.46855],[141.24086,38.46934],[141.24085,38.47029],[141.24127,38.47067],[141.24094,38.47154],[141.24063,38.47159]]]},"properties":{"林班":"D054","市町村名称":"石巻市","旧市町村":null}},
{"type":"Feature","geometry":{"type":"MultiPolygon","coordinates":[[[[141.35918,38.47049],[141.36117,38.47279],[141.36012,38.47272],[141.35918,38.4712],[141.35918,38.47049]]],[[[141.35948,38.48714],[141.35994,38.4855],[141.35983,38.4831],[141.36128,38.48208],[141.36132,38.48037],[141.3615,38.47931],[141.36123,38.47853],[141.3619,38.47731],[141.36193,38.47597],[141.36119,38.4731],[141.36214,38.47326],[141.36261,38.4757],[141.36396,38.47833],[141.36462,38.47903],[141.36415,38.47999],[141.36511,38.4818],[141.36427,38.48282],[141.36449,38.4847],[141.36471,38.48582],[141.364,38.48861],[141.36435,38.48918],[141.36372,38.49038],[141.36368,38.49145],[141.36378,38.49273],[141.3632,38.49527],[141.36272,38.49557],[141.36152,38.49338],[141.36084,38.49194],[141.36006,38.49082],[141.36009,38.49041],[141.35951,38.49028],[141.35944,38.48988],[141.35941,38.4897],[141.35942,38.48923],[141.35935,38.4884],[141.35948,38.48714]]]]},"properties":{"林班":"A021","市町村名称":"石巻市","旧市町村":null}},
{"type":"Feature","geometry":{"type":"MultiPolygon","coordinates":[[[[141.35717,38.49256],[141.35878,38.49095],[141.3598,38.49113],[141.36081,38.49214],[141.36018,38.49249],[141.3591,38.49171],[141.35717,38.49256]]],[[[141.35486,38.49276],[141.355,38.49275],[141.35711,38.49264],[141.35924,38.49186],[141.36152,38.49338],[141.36272,38.49557],[141.36215,38.49698],[141.36079,38.49877],[141.36234,38.50061],[141.36102,38.50172],[141.36163,38.50271],[141.36158,38.50274],[141.36151,38.50278],[141.36126,38.50293],[141.36036,38.50179],[141.35888,38.50091],[141.35783,38.4999],[141.3558,38.49862],[141.35484,38.49854],[141.35453,38.49852],[141.35372,38.49726],[141.35228,38.49636],[141.35049,38.49368],[141.35228,38.49399],[141.35342,38.49297],[141.35486,38.49276]]],[[[141.35896,38.49073],[141.35925,38.4902],[141.35952,38.49035],[141.35998,38.49073],[141.35888,38.49085],[141.35896,38.49073]]]]},"properties":{"林班":"A020","市町村名称":"石巻市","旧市町村":null}},
{"type":"Feature","geometry":{"type":"Polygon","coordinates":[[[141.37103,38.50161],[141.3692,38.50069],[141.36823,38.49973],[141.36876,38.49843],[141.369,38.49639],[141.36876,38.49522],[141.36973,38.49294],[141.37078,38.49218],[141.37194,38.49028],[141.37268,38.48964],[141.37338,38.48924],[141.37526,38.48784],[141.37575,38.48821],[141.37496,38.48909],[141.37481,38.49004],[141.37385,38.491],[141.37467,38.49392],[141.37337,38.49662],[141.37334,38.49793],[141.37189,38.50166],[141.37103,38.50161]]]},"properties":{"林班":"A025","市町村名称":"石巻市","旧市町村":null}},
{"type":"Feature","geometry":{"type":"Polygon","coordinates":[[[141.36272,38.49557],[141.3632,38.49527],[141.36378,38.49273],[141.36368,38.49145],[141.36755,38.48996],[141.36784,38.48987],[141.3699,38.49027],[141.37023,38.49029],[141.37162,38.49018],[141.37194,38.49028],[141.37078,38.49218],[141.36973,38.49294],[141.36876,38.49522],[141.369,38.49639],[141.36876,38.49843],[141.36823,38.49973],[141.3692,38.50069],[141.37103,38.50161],[141.36788,38.50344],[141.36674,38.50326],[141.36498,38.50383],[141.36395,38.50358],[141.36318,38.50273],[141.36163,38.50271],[141.36102,38.50172],[141.36234,38.50061],[141.36079,38.49877],[141.36215,38.49698],[141.36272,38.49557]]]},"properties":{"林班":"A024","市町村名称":"石巻市","旧市町村":null}},
{"type":"Feature","geometry":{"type":"MultiPolygon","coordinates":[[[[141.36449,38.4847],[141.36542,38.48435],[141.36584,38.48345],[141.36724,38.48314],[141.37039,38.48146],[141.37062,38.48139],[141.37165,38.48141],[141.37079,38.48256],[141.37175,38.48383],[141.37029,38.48521],[141.37098,38.48551],[141.37102,38.48666],[141.36968,38.48842],[141.36877,38.48884],[141.36881,38.48929],[141.36755,38.48996],[141.36368,38.49145],[141.36372,38.49038],[141.36435,38.48918],[141.364,38.48861],[141.36471,38.48582],[141.36449,38.4847]]],[[[141.36784,38.48987],[141.36897,38.48996],[141.3695,38.48958],[141.36907,38.48883],[141.37136,38.48772],[141.37066,38.48733],[141.37132,38.48616],[141.37092,38.48487],[141.37238,38.48446],[141.37322,38.48381],[141.37433,38.48519],[141.37506,38.4869],[141.37471,38.48787],[141.37338,38.48924],[141.37268,38.48964],[141.37162,38.49018],[141.37023,38.49029],[141.3699,38.49027],[141.36784,38.48987]]]]},"properties":{"林班":"A023","市町村名称":"石巻市","旧市町村":null}},
{"type":"Feature","geometry":{"type":"MultiPolygon","coordinates":[[[[141.36214,38.47326],[141.3642,38.4759],[141.36613,38.4769],[141.36615,38.47787],[141.36396,38.47833],[141.36261,38.4757],[141.36214,38.47326]]],[[[141.36449,38.4847],[141.36427,38.48282],[141.36511,38.4818],[141.36415,38.47999],[141.36462,38.47903],[141.36717,38.47831],[141.3688,38.47998],[141.36802,38.48101],[141.36945,38.48116],[141.36929,38.47902],[141.37056,38.47927],[141.37073,38.48022],[141.37183,38.48049],[141.37165,38.48141],[141.37062,38.48139],[141.37039,38.48146],[141.36724,38.48314],[141.36584,38.48345],[141.36542,38.48435],[141.36449,38.4847]]]]},"properties":{"林班":"A022","市町村名称":"石巻市","旧市町村":null}},
{"type":"Feature","geometry":{"type":"Polygon","coordinates":[[[141.38853,38.45387],[141.38918,38.45146],[141.39127,38.45049],[141.39277,38.4506],[141.39504,38.45171],[141.39669,38.45208],[141.39776,38.45303],[141.39577,38.45552],[141.39377,38.45664],[141.39254,38.45786],[141.38994,38.45924],[141.3889,38.45951],[141.38859,38.45991],[141.38727,38.4609],[141.38667,38.4594],[141.38498,38.45818],[141.38675,38.45729],[141.38812,38.45541],[141.38786,38.45425],[141.38853,38.45387]]]},"properties":{"林班":"A049","市町村名称":"石巻市","旧市町村":null}},
{"type":"Feature","geometry":{"type":"MultiPolygon","coordinates":[[[[141.3889,38.45951],[141.38994,38.45924],[141.39254,38.45786],[141.39377,38.45664],[141.39577,38.45552],[141.39776,38.45303],[141.40172,38.45554],[141.40324,38.4561],[141.404,38.45665],[141.40319,38.45707],[141.40233,38.45897],[141.39967,38.46045],[141.39825,38.46081],[141.39721,38.46198],[141.39636,38.4617],[141.39445,38.45997],[141.3926,38.45993],[141.3889,38.45951]]],[[[141.40364,38.45611],[141.40409,38.45661],[141.40406,38.45662],[141.40331,38.4561],[141.40359,38.4561],[141.40364,38.45611]]]]},"properties":{"林班":"A048","市町村名称":"石巻市","旧市町村":null}},
{"type":"Feature","geometry":{"type":"Polygon","coordinates":[[[141.37495,38.46003],[141.37749,38.46046],[141.38108,38.45986],[141.38225,38.45941],[141.38372,38.45934],[141.38498,38.45818],[141.38667,38.4594],[141.38727,38.4609],[141.38478,38.46307],[141.3834,38.46319],[141.38224,38.46419],[141.38033,38.46431],[141.38034,38.46321],[141.37899,38.46324],[141.37833,38.46382],[141.37665,38.46363],[141.37592,38.46438],[141.37578,38.46225],[141.37495,38.46003]]]},"properties":{"林班":"A050","市町村名称":"石巻市","旧市町村":null}},
{"type":"Feature","geometry":{"type":"Polygon","coordinates":[[[141.37062,38.45478],[141.37219,38.45295],[141.37347,38.45363],[141.37494,38.45487],[141.37568,38.45621],[141.37557,38.45824],[141.3777,38.45896],[141.37924,38.45879],[141.37862,38.45552],[141.38035,38.45638],[141.38108,38.45986],[141.37749,38.46046],[141.37495,38.46003],[141.37298,38.45969],[141.37193,38.45843],[141.37171,38.45737],[141.37076,38.45574],[141.37062,38.45478]]]},"properties":{"林班":"A054","市町村名称":"石巻市","旧市町村":null}},
{"type":"Feature","geometry":{"type":"MultiPolygon","coordinates":[[[[141.36482,38.44762],[141.36573,38.44705],[141.368,38.44655],[141.36998,38.44807],[141.36841,38.44933],[141.37198,38.44985],[141.37196,38.45142],[141.37132,38.45225],[141.37219,38.45295],[141.37062,38.45478],[141.36848,38.45352],[141.36924,38.45138],[141.36812,38.4507],[141.36711,38.44834],[141.36482,38.44762]]],[[[141.37021,38.44724],[141.37169,38.44641],[141.37255,38.44527],[141.37469,38.4452],[141.377,38.44561],[141.37676,38.44648],[141.37395,38.44767],[141.37021,38.44724]]]]},"properties":{"林班":"A053","市町村名称":"石巻市","旧市町村":null}},
{"type":"Feature","geometry":{"type":"MultiPolygon","coordinates":[[[[141.3657,38.45928],[141.36596,38.45759],[141.3657,38.45667],[141.36348,38.45434],[141.36244,38.45256],[141.36227,38.45161],[141.36314,38.45019],[141.36444,38.44992],[141.36558,38.45037],[141.36665,38.44969],[141.36559,38.44892],[141.36482,38.44762],[141.36711,38.44834],[141.36812,38.4507],[141.36924,38.45138],[141.36848,38.45352],[141.37062,38.45478],[141.37076,38.45574],[141.37171,38.45737],[141.37193,38.45843],[141.3687,38.45936],[141.36632,38.459],[141.3657,38.45928]]],[[[141.35863,38.44851],[141.35962,38.44857],[141.36026,38.44974],[141.35869,38.45091],[141.35693,38.44999],[141.35728,38.4488],[141.35863,38.44851]]]]},"properties":{"林班":"A052","市町村名称":"石巻市","旧市町村":null}},
{"type":"Feature","geometry":{"type":"Polygon","coordinates":[[[141.37592,38.46438],[141.37485,38.46545],[141.3742,38.4653],[141.37232,38.46397],[141.36782,38.46256],[141.36755,38.46163],[141.36473,38.45975],[141.3657,38.45928],[141.36632,38.459],[141.3687,38.45936],[141.37193,38.45843],[141.37298,38.45969],[141.37495,38.46003],[141.37578,38.46225],[141.37592,38.46438]]]},"properties":{"林班":"A051","市町村名称":"石巻市","旧市町村":null}},
{"type":"Feature","geometry":{"type":"Polygon","coordinates":[[[141.39263,38.43605],[141.39403,38.43593],[141.3961,38.43681],[141.39694,38.43885],[141.3972,38.44114],[141.39822,38.44231],[141.39813,38.44358],[141.39894,38.4437],[141.39964,38.44462],[141.4,38.44488],[141.40103,38.44596],[141.40167,38.44755],[141.4016,38.44855],[141.40039,38.44922],[141.39864,38.44944],[141.39925,38.45085],[141.39815,38.451],[141.39734,38.44903],[141.39725,38.44732],[141.39465,38.4483],[141.39294,38.44538],[141.39221,38.44466],[141.39299,38.44386],[141.39331,38.44307],[141.39361,38.44131],[141.39332,38.44064],[141.39398,38.43941],[141.39371,38.43772],[141.39263,38.43605]]]},"properties":{"林班":"A058","市町村名称":"石巻市","旧市町村":null}},
{"type":"Feature","geometry":{"type":"MultiPolygon","coordinates":[[[[141.39892,38.44326],[141.39814,38.44108],[141.39818,38.44013],[141.39932,38.43745],[141.40119,38.43782],[141.40123,38.43831],[141.40145,38.43857],[141.40146,38.43856],[141.40147,38.43856],[141.40175,38.43875],[141.40181,38.43879],[141.40187,38.43881],[141.40206,38.439],[141.40213,38.43916],[141.40217,38.43928],[141.4022,38.43925],[141.4028,38.43958],[141.40407,38.4408],[141.40417,38.44214],[141.40418,38.4424],[141.40447,38.44292],[141.4048,38.44315],[141.40526,38.44403],[141.40538,38.44477],[141.4059,38.44582],[141.406,38.44713],[141.40587,38.4476],[141.40594,38.44863],[141.40545,38.44903],[141.40534,38.44952],[141.40571,38.45046],[141.40531,38.45114],[141.40557,38.45284],[141.40443,38.45278],[141.40408,38.45311],[141.40375,38.4543],[141.40299,38.45502],[141.4016,38.44855],[141.40167,38.44755],[141.40103,38.44596],[141.4,38.44488],[141.39964,38.44462],[141.39892,38.44326]]],[[[141.40327,38.45543],[141.40359,38.45508],[141.40425,38.45316],[141.40585,38.45295],[141.40549,38.45131],[141.40573,38.45054],[141.4059,38.45191],[141.40655,38.4534],[141.40676,38.45362],[141.40588,38.45457],[141.40585,38.4546],[141.40513,38.45469],[141.40442,38.4551],[141.40364,38.45611],[141.40359,38.4561],[141.40327,38.45543]]]]},"properties":{"林班":"A057","市町村名称":"石巻市","旧市町村":null}},
{"type":"Feature","geometry":{"type":"MultiPolygon","coordinates":[[[[141.38918,38.45078],[141.38934,38.4496],[141.38831,38.44667],[141.38826,38.44554],[141.38591,38.44498],[141.38582,38.44412],[141.38668,38.44355],[141.38765,38.44384],[141.38896,38.44496],[141.39016,38.44662],[141.39157,38.44578],[141.39081,38.44667],[141.39181,38.44972],[141.39375,38.4498],[141.39415,38.45096],[141.39567,38.45152],[141.39626,38.45114],[141.39713,38.45125],[141.39708,38.45183],[141.39791,38.45265],[141.39882,38.45206],[141.39993,38.45319],[141.40064,38.45329],[141.4007,38.45425],[141.40157,38.45426],[141.40227,38.45557],[141.40324,38.4561],[141.40172,38.45554],[141.39776,38.45303],[141.39669,38.45208],[141.39504,38.45171],[141.39277,38.4506],[141.39127,38.45049],[141.38918,38.45146],[141.38918,38.45078]]],[[[141.39221,38.44466],[141.39294,38.44538],[141.39465,38.4483],[141.39725,38.44732],[141.39734,38.44903],[141.39815,38.451],[141.39925,38.45085],[141.39864,38.44944],[141.40039,38.44922],[141.4016,38.44855],[141.40299,38.45502],[141.4019,38.4547],[141.40185,38.4542],[141.40085,38.45423],[141.40084,38.45326],[141.40019,38.45318],[141.39989,38.45263],[141.39923,38.45243],[141.39922,38.45213],[141.39869,38.452],[141.39801,38.45257],[141.39725,38.45183],[141.39731,38.45138],[141.39692,38.45103],[141.39624,38.45106],[141.3956,38.45141],[141.3942,38.45081],[141.39403,38.44977],[141.39183,38.44958],[141.3911,38.44702],[141.39181,38.4463],[141.39204,38.44485],[141.39221,38.44466]]],[[[141.40331,38.4561],[141.4019,38.4547],[141.40327,38.45543],[141.40359,38.4561],[141.40331,38.4561]]]]},"properties":{"林班":"A056","市町村名称":"石巻市","旧市町村":null}},
{"type":"Feature","geometry":{"type":"Polygon","coordinates":[[[141.38314,38.45587],[141.38464,38.45546],[141.38465,38.4535],[141.38206,38.45278],[141.38159,38.45164],[141.38295,38.45108],[141.3853,38.4509],[141.38622,38.45077],[141.38918,38.45078],[141.38918,38.45146],[141.38853,38.45387],[141.38787,38.45407],[141.38777,38.45453],[141.38791,38.45513],[141.38691,38.45641],[141.38675,38.45729],[141.38498,38.45818],[141.38372,38.45934],[141.38225,38.45941],[141.38108,38.45986],[141.38035,38.45638],[141.37862,38.45552],[141.37871,38.45438],[141.37976,38.45364],[141.38089,38.45435],[141.38108,38.45572],[141.38198,38.4561],[141.38314,38.45587]]]},"properties":{"林班":"A055","市町村名称":"石巻市","旧市町村":null}},
{"type":"Feature","geometry":{"type":"MultiPolygon","coordinates":[[[[141.40624,38.48384],[141.40682,38.4828],[141.4086,38.48202],[141.41075,38.48036],[141.40984,38.47909],[141.40829,38.47768],[141.40948,38.47773],[141.41057,38.47694],[141.41323,38.47641],[141.41426,38.47561],[141.41455,38.47474],[141.41453,38.47528],[141.41513,38.4763],[141.4155,38.47849],[141.41493,38.47998],[141.41543,38.48093],[141.41548,38.48163],[141.41577,38.48222],[141.41632,38.48242],[141.41743,38.48428],[141.41698,38.48494],[141.41465,38.48458],[141.41415,38.486],[141.41325,38.48618],[141.41171,38.48567],[141.40979,38.48634],[141.40873,38.48533],[141.40771,38.48553],[141.40624,38.48384]]],[[[141.40741,38.48924],[141.40765,38.48805],[141.40713,38.48749],[141.40569,38.48417],[141.40612,38.48391],[141.4071,38.48539],[141.40845,38.4864],[141.41075,38.48661],[141.41182,38.48592],[141.41218,38.48705],[141.41182,38.48776],[141.40995,38.48792],[141.40963,38.48859],[141.40835,38.48903],[141.40794,38.49006],[141.40688,38.49063],[141.40741,38.48924]]]]},"properties":{"林班":"A039","市町村名称":"石巻市","旧市町村":null}},
{"type":"Feature","geometry":{"type":"Polygon","coordinates":[[[141.3922,38.4777],[141.39313,38.47699],[141.39443,38.47689],[141.39567,38.47729],[141.39625,38.47733],[141.39642,38.47733],[141.3981,38.47785],[141.40112,38.47878],[141.40283,38.47897],[141.40409,38.47985],[141.40513,38.48144],[141.40527,38.48183],[141.40569,38.48417],[141.40713,38.48749],[141.40765,38.48805],[141.40741,38.48924],[141.4064,38.48978],[141.40289,38.48891],[141.40056,38.48724],[141.39793,38.4843],[141.39779,38.48403],[141.39629,38.48162],[141.39392,38.47943],[141.39219,38.47822],[141.3922,38.4777]]]},"properties":{"林班":"A038","市町村名称":"石巻市","旧市町村":null}},
{"type":"Feature","geometry":{"type":"Polygon","coordinates":[[[141.39248,38.48153],[141.39392,38.47943],[141.39629,38.48162],[141.39779,38.48403],[141.39793,38.4843],[141.40056,38.48724],[141.40289,38.48891],[141.4064,38.48978],[141.40741,38.48924],[141.40688,38.49063],[141.40445,38.4912],[141.40291,38.49107],[141.40078,38.49002],[141.39982,38.49029],[141.39724,38.48914],[141.39633,38.48667],[141.39523,38.48546],[141.39266,38.48467],[141.39201,38.48286],[141.39231,38.48182],[141.39234,38.48177],[141.39334,38.48114],[141.39383,38.48105],[141.39459,38.48147],[141.39392,38.48101],[141.39346,38.48097],[141.39248,38.48153]]]},"properties":{"林班":"A037","市町村名称":"石巻市","旧市町村":null}},
{"type":"Feature","geometry":{"type":"Polygon","coordinates":[[[141.38732,38.47494],[141.38688,38.47345],[141.38565,38.47263],[141.38434,38.47068],[141.38294,38.46992],[141.38093,38.46937],[141.38061,38.46888],[141.38143,38.46768],[141.38299,38.46917],[141.38487,38.46845],[141.38647,38.47012],[141.38817,38.46979],[141.3898,38.47079],[141.39184,38.47036],[141.39363,38.47075],[141.39523,38.47037],[141.3992,38.47113],[141.398,38.47233],[141.3963,38.47318],[141.39617,38.47423],[141.39497,38.47473],[141.39306,38.47462],[141.39104,38.4736],[141.38939,38.47483],[141.38732,38.47494]]]},"properties":{"林班":"A043","市町村名称":"石巻市","旧市町村":null}},
{"type":"Feature","geometry":{"type":"Polygon","coordinates":[[[141.38732,38.47494],[141.38939,38.47483],[141.39104,38.4736],[141.39306,38.47462],[141.39497,38.47473],[141.39617,38.47423],[141.3963,38.47318],[141.398,38.47233],[141.39793,38.47317],[141.39691,38.47412],[141.39777,38.47579],[141.39673,38.47684],[141.39708,38.47732],[141.39642,38.47733],[141.39625,38.47733],[141.39567,38.47729],[141.39443,38.47689],[141.39313,38.47699],[141.3922,38.4777],[141.39104,38.47724],[141.39014,38.47628],[141.38806,38.4758],[141.38732,38.47494]]]},"properties":{"林班":"A042","市町村名称":"石巻市","旧市町村":null}},
{"type":"Feature","geometry":{"type":"Polygon","coordinates":[[[141.40019,38.47068],[141.40115,38.47103],[141.40317,38.47032],[141.40641,38.47075],[141.40815,38.47118],[141.40925,38.47026],[141.41038,38.47001],[141.41089,38.47001],[141.41139,38.47005],[141.41189,38.47006],[141.41248,38.47086],[141.41431,38.47144],[141.41538,38.47298],[141.41537,38.473],[141.41444,38.47201],[141.41526,38.4732],[141.41492,38.4738],[141.41492,38.47429],[141.41491,38.47428],[141.41491,38.47429],[141.41345,38.47409],[141.41277,38.47383],[141.40992,38.47404],[141.40836,38.47506],[141.407,38.47686],[141.40617,38.47745],[141.40477,38.4777],[141.40307,38.47745],[141.40092,38.47782],[141.39824,38.47749],[141.39708,38.47732],[141.39673,38.47684],[141.39777,38.47579],[141.39691,38.47412],[141.39793,38.47317],[141.398,38.47233],[141.3992,38.47113],[141.40011,38.47071],[141.40019,38.47068]]]},"properties":{"林班":"A041","市町村名称":"石巻市","旧市町村":null}},
{"type":"Feature","geometry":{"type":"MultiPolygon","coordinates":[[[[141.39824,38.47749],[141.40092,38.47782],[141.40307,38.47745],[141.40477,38.4777],[141.40617,38.47745],[141.407,38.47686],[141.40836,38.47506],[141.40992,38.47404],[141.41277,38.47383],[141.41345,38.47409],[141.41402,38.47432],[141.41455,38.4743],[141.41492,38.47429],[141.41386,38.47463],[141.4127,38.47422],[141.41138,38.47447],[141.41138,38.47561],[141.4104,38.47581],[141.40928,38.47667],[141.41044,38.47699],[141.40877,38.47749],[141.40829,38.47768],[141.40984,38.47909],[141.41075,38.48036],[141.4086,38.48202],[141.40682,38.4828],[141.40624,38.48384],[141.40513,38.48144],[141.40409,38.47985],[141.40283,38.47897],[141.40112,38.47878],[141.3981,38.47785],[141.39824,38.47749]]],[[[141.40569,38.48417],[141.40527,38.48183],[141.40612,38.48391],[141.40569,38.48417]]],[[[141.41057,38.47694],[141.41061,38.47584],[141.41153,38.47569],[141.41156,38.47451],[141.41286,38.47429],[141.41371,38.47473],[141.41455,38.47474],[141.41426,38.47561],[141.41323,38.47641],[141.41057,38.47694]]]]},"properties":{"林班":"A040","市町村名称":"石巻市","旧市町村":null}},
{"type":"Feature","geometry":{"type":"MultiPolygon","coordinates":[[[[141.38727,38.4609],[141.38859,38.45991],[141.3889,38.45951],[141.3926,38.45993],[141.39445,38.45997],[141.39636,38.4617],[141.39721,38.46198],[141.39825,38.46081],[141.39967,38.46045],[141.40233,38.45897],[141.40319,38.45707],[141.404,38.45665],[141.40503,38.45772],[141.40611,38.46059],[141.40381,38.46172],[141.40229,38.46177],[141.39854,38.46348],[141.39722,38.46339],[141.39672,38.46422],[141.3954,38.46352],[141.39111,38.46298],[141.3885,38.46298],[141.38729,38.46182],[141.38727,38.4609]]],[[[141.40409,38.45661],[141.40545,38.45741],[141.40502,38.45765],[141.40406,38.45662],[141.40409,38.45661]]]]},"properties":{"林班":"A047","市町村名称":"石巻市","旧市町村":null}},
{"type":"Feature","geometry":{"type":"Polygon","coordinates":[[[141.38729,38.46182],[141.3885,38.46298],[141.39111,38.46298],[141.3954,38.46352],[141.39672,38.46422],[141.39722,38.46339],[141.39854,38.46348],[141.40229,38.46177],[141.40381,38.46172],[141.40618,38.46201],[141.40738,38.4629],[141.40761,38.46509],[141.40481,38.46665],[141.40419,38.46679],[141.40331,38.46689],[141.4026,38.46685],[141.40216,38.46674],[141.39915,38.46685],[141.39633,38.46633],[141.39384,38.4665],[141.39402,38.46626],[141.39236,38.46573],[141.38938,38.4652],[141.38584,38.46521],[141.38566,38.46364],[141.38661,38.46322],[141.38729,38.46182]]]},"properties":{"林班":"A046","市町村名称":"石巻市","旧市町村":null}},
{"type":"Feature","geometry":{"type":"MultiPolygon","coordinates":[[[[141.40481,38.46665],[141.40761,38.46509],[141.40738,38.4629],[141.40618,38.46201],[141.40381,38.46172],[141.40611,38.46059],[141.40503,38.45772],[141.40502,38.45765],[141.40545,38.45741],[141.40589,38.45783],[141.40612,38.45834],[141.40727,38.45895],[141.40777,38.46025],[141.40863,38.46113],[141.4084,38.46194],[141.40874,38.46342],[141.40913,38.46429],[141.40978,38.4649],[141.40958,38.46538],[141.40966,38.46568],[141.41067,38.46719],[141.41088,38.46756],[141.41204,38.46788],[141.4121,38.46792],[141.41293,38.46852],[141.41294,38.46852],[141.41192,38.4694],[141.41189,38.47006],[141.41139,38.47005],[141.41089,38.47001],[141.40984,38.46966],[141.40988,38.4696],[141.40984,38.46966],[141.41038,38.47001],[141.40925,38.47026],[141.40815,38.47118],[141.40641,38.47075],[141.40317,38.47032],[141.40115,38.47103],[141.4011,38.46973],[141.40044,38.46899],[141.39978,38.4674],[141.40293,38.4671],[141.40343,38.46736],[141.40423,38.46817],[141.40418,38.4674],[141.40481,38.46665]]],[[[141.40419,38.46679],[141.40403,38.46744],[141.40331,38.46689],[141.40419,38.46679]]]]},"properties":{"林班":"A045","市町村名称":"石巻市","旧市町村":null}},
{"type":"Feature","geometry":{"type":"Polygon","coordinates":[[[141.38487,38.46845],[141.38516,38.4673],[141.38485,38.46636],[141.38777,38.46584],[141.39034,38.46613],[141.39276,38.46593],[141.39384,38.4665],[141.39633,38.46633],[141.39915,38.46685],[141.40216,38.46674],[141.4026,38.46685],[141.40331,38.46689],[141.40403,38.46744],[141.40418,38.4674],[141.40423,38.46817],[141.40343,38.46736],[141.40293,38.4671],[141.39978,38.4674],[141.40044,38.46899],[141.4011,38.46973],[141.40115,38.47103],[141.40019,38.47068],[141.40011,38.47071],[141.3992,38.47113],[141.39523,38.47037],[141.39363,38.47075],[141.39184,38.47036],[141.3898,38.47079],[141.38817,38.46979],[141.38647,38.47012],[141.38487,38.46845]]]},"properties":{"林班":"A044","市町村名称":"石巻市","旧市町村":null}},
{"type":"Feature","geometry":{"type":"Polygon","coordinates":[[[141.3273,38.42084],[141.32833,38.42183],[141.33031,38.42144],[141.3298,38.42277],[141.33008,38.42384],[141.3304,38.42382],[141.33094,38.4238],[141.33129,38.42546],[141.3296,38.42562],[141.32851,38.42396],[141.3273,38.42298],[141.3273,38.42084]]]},"properties":{"林班":"A072","市町村名称":"石巻市","旧市町村":null}},
{"type":"Feature","geometry":{"type":"Polygon","coordinates":[[[141.33031,38.42144],[141.33161,38.42201],[141.33293,38.42211],[141.3313,38.42293],[141.33094,38.4238],[141.3304,38.42382],[141.33008,38.42384],[141.3298,38.42277],[141.33031,38.42144]]]},"properties":{"林班":"A071","市町村名称":"石巻市","旧市町村":null}},
{"type":"Feature","geometry":{"type":"Polygon","coordinates":[[[141.33293,38.42211],[141.33377,38.42116],[141.33516,38.42399],[141.33662,38.42543],[141.33642,38.42719],[141.33497,38.42724],[141.3324,38.4286],[141.33202,38.42723],[141.33245,38.42673],[141.33129,38.42546],[141.33094,38.4238],[141.3313,38.42293],[141.33293,38.42211]]]},"properties":{"林班":"A070","市町村名称":"石巻市","旧市町村":null}},
{"type":"Feature","geometry":{"type":"Polygon","coordinates":[[[141.32799,38.42918],[141.33031,38.43047],[141.3321,38.4311],[141.33296,38.43181],[141.33141,38.43389],[141.3294,38.43316],[141.32746,38.43338],[141.32653,38.43331],[141.32468,38.43229],[141.32352,38.43116],[141.32541,38.42996],[141.32605,38.42923],[141.3275,38.42893],[141.32799,38.42918]]]},"properties":{"林班":"A076","市町村名称":"石巻市","旧市町村":null}},
{"type":"Feature","geometry":{"type":"Polygon","coordinates":[[[141.33296,38.43181],[141.33518,38.4324],[141.33689,38.43441],[141.33778,38.43657],[141.33674,38.43813],[141.33381,38.43685],[141.33361,38.43582],[141.33382,38.43578],[141.33387,38.43451],[141.33149,38.43416],[141.33141,38.43389],[141.33296,38.43181]]]},"properties":{"林班":"A075","市町村名称":"石巻市","旧市町村":null}},
{"type":"Feature","geometry":{"type":"Polygon","coordinates":[[[141.3321,38.4311],[141.33354,38.43081],[141.33454,38.43011],[141.33709,38.43161],[141.33799,38.43263],[141.33791,38.43331],[141.34012,38.43568],[141.33778,38.43657],[141.33689,38.43441],[141.33518,38.4324],[141.33296,38.43181],[141.3321,38.4311]]]},"properties":{"林班":"A074","市町村名称":"石巻市","旧市町村":null}},
{"type":"Feature","geometry":{"type":"Polygon","coordinates":[[[141.3273,38.42298],[141.32536,38.42336],[141.32265,38.42293],[141.32179,38.4217],[141.32336,38.42124],[141.32605,38.4208],[141.3273,38.42084],[141.3273,38.42298]]]},"properties":{"林班":"A073","市町村名称":"石巻市","旧市町村":null}},
{"type":"Feature","geometry":{"type":"Polygon","coordinates":[[[141.32643,38.43818],[141.3257,38.43893],[141.32465,38.43883],[141.32307,38.43937],[141.32234,38.43894],[141.32103,38.43694],[141.32118,38.43644],[141.32357,38.43655],[141.32469,38.43555],[141.32625,38.43655],[141.32721,38.43701],[141.32672,38.43745],[141.32643,38.43818]]]},"properties":{"林班":"A079","市町村名称":"石巻市","旧市町村":null}},
{"type":"Feature","geometry":{"type":"MultiPolygon","coordinates":[[[[141.32625,38.43655],[141.32802,38.43461],[141.32746,38.43338],[141.3294,38.43316],[141.33141,38.43389],[141.33149,38.43416],[141.33252,38.43619],[141.33034,38.43683],[141.32721,38.43701],[141.32625,38.43655]]],[[[141.3335,38.43476],[141.33377,38.43516],[141.33382,38.43578],[141.33361,38.43582],[141.3335,38.43476]]]]},"properties":{"林班":"A078","市町村名称":"石巻市","旧市町村":null}},
{"type":"Feature","geometry":{"type":"MultiPolygon","coordinates":[[[[141.32352,38.43116],[141.32148,38.42945],[141.32079,38.42842],[141.32066,38.42717],[141.31991,38.42624],[141.32104,38.42544],[141.3224,38.42559],[141.32183,38.42654],[141.32342,38.42679],[141.32333,38.42761],[141.3243,38.42799],[141.32493,38.42904],[141.32605,38.42923],[141.32541,38.42996],[141.32352,38.43116]]],[[[141.31868,38.42676],[141.318,38.42827],[141.31655,38.42809],[141.31868,38.42676]]]]},"properties":{"林班":"A077","市町村名称":"石巻市","旧市町村":null}},
{"type":"Feature","geometry":{"type":"MultiPolygon","coordinates":[[[[141.38472,38.43944],[141.38605,38.43931],[141.38632,38.43788],[141.38802,38.43841],[141.38943,38.43788],[141.39081,38.43822],[141.39205,38.43804],[141.39263,38.43605],[141.39371,38.43772],[141.39398,38.43941],[141.39332,38.44064],[141.39361,38.44131],[141.39331,38.44307],[141.39299,38.44386],[141.39221,38.44466],[141.39204,38.44485],[141.39178,38.44467],[141.39052,38.44489],[141.38935,38.44332],[141.38908,38.44218],[141.3883,38.44166],[141.38689,38.44203],[141.38573,38.44169],[141.38412,38.43958],[141.38472,38.43944]]],[[[141.38668,38.44355],[141.38475,38.44299],[141.38483,38.44196],[141.38379,38.44067],[141.38507,38.44096],[141.38549,38.44179],[141.38662,38.44224],[141.3883,38.44178],[141.38897,38.44218],[141.38926,38.44375],[141.39066,38.44506],[141.39164,38.44474],[141.39157,38.44578],[141.39016,38.44662],[141.38896,38.44496],[141.38765,38.44384],[141.38668,38.44355]]]]},"properties":{"林班":"A059","市町村名称":"石巻市","旧市町村":null}},
{"type":"Feature","geometry":{"type":"Polygon","coordinates":[[[141.3835,38.44059],[141.38139,38.44203],[141.37817,38.44259],[141.37627,38.44107],[141.37582,38.43868],[141.37427,38.43834],[141.37171,38.43918],[141.37057,38.43903],[141.37013,38.43784],[141.36935,38.43725],[141.36913,38.43601],[141.37001,38.43524],[141.3694,38.43378],[141.36966,38.43282],[141.37092,38.43296],[141.3713,38.43239],[141.37218,38.43248],[141.37265,38.4332],[141.37348,38.43428],[141.37479,38.43493],[141.37495,38.43551],[141.37654,38.43693],[141.37845,38.43793],[141.38024,38.43992],[141.38151,38.43933],[141.3835,38.44059]]]},"properties":{"林班":"A061","市町村名称":"石巻市","旧市町村":null}},
{"type":"Feature","geometry":{"type":"MultiPolygon","coordinates":[[[[141.38171,38.44208],[141.38356,38.44122],[141.38379,38.44067],[141.38483,38.44196],[141.38475,38.44299],[141.38668,38.44355],[141.38582,38.44412],[141.38591,38.44498],[141.38826,38.44554],[141.38831,38.44667],[141.38934,38.4496],[141.38918,38.45078],[141.38622,38.45077],[141.3858,38.44936],[141.38411,38.44909],[141.38283,38.44779],[141.38248,38.44654],[141.38108,38.44623],[141.37976,38.44491],[141.38002,38.44375],[141.3813,38.4425],[141.38171,38.44208]]],[[[141.38295,38.45108],[141.38196,38.44998],[141.38451,38.44951],[141.3853,38.4509],[141.38295,38.45108]]]]},"properties":{"林班":"A060","市町村名称":"石巻市","旧市町村":null}},
{"type":"Feature","geometry":{"type":"Polygon","coordinates":[[[141.35751,38.4398],[141.35907,38.43916],[141.35911,38.43986],[141.36012,38.44141],[141.36066,38.44342],[141.36141,38.44446],[141.35952,38.44536],[141.3579,38.44521],[141.35591,38.44441],[141.35659,38.44342],[141.35647,38.43992],[141.35727,38.43985],[141.3574,38.43983],[141.35751,38.4398]]]},"properties":{"林班":"A065","市町村名称":"石巻市","旧市町村":null}},
{"type":"Feature","geometry":{"type":"Polygon","coordinates":[[[141.35907,38.43916],[141.36011,38.43758],[141.36259,38.43763],[141.36243,38.43704],[141.3623,38.43655],[141.3623,38.43606],[141.36391,38.4361],[141.36406,38.43653],[141.36415,38.43703],[141.36602,38.43746],[141.36498,38.43822],[141.36443,38.43921],[141.36623,38.43925],[141.3672,38.43988],[141.36438,38.44094],[141.36365,38.44186],[141.3646,38.44329],[141.36318,38.4436],[141.36141,38.44446],[141.36066,38.44342],[141.36012,38.44141],[141.35911,38.43986],[141.35907,38.43916]]]},"properties":{"林班":"A064","市町村名称":"石巻市","旧市町村":null}},
{"type":"Feature","geometry":{"type":"MultiPolygon","coordinates":[[[[141.36386,38.4275],[141.36655,38.42754],[141.36755,38.4289],[141.3696,38.42996],[141.37006,38.4309],[141.36895,38.43247],[141.36966,38.43282],[141.36838,38.43344],[141.36735,38.43338],[141.36784,38.43267],[141.36627,38.43215],[141.36565,38.43395],[141.36613,38.43567],[141.36391,38.4361],[141.3623,38.43606],[141.3623,38.43655],[141.36243,38.43704],[141.36259,38.43763],[141.36011,38.43758],[141.35997,38.4362],[141.36191,38.43286],[141.36358,38.43087],[141.36386,38.4275]]],[[[141.36808,38.43468],[141.36731,38.43433],[141.36735,38.43338],[141.36808,38.43468]]]]},"properties":{"林班":"A063","市町村名称":"石巻市","旧市町村":null}},
{"type":"Feature","geometry":{"type":"Polygon","coordinates":[[[141.3713,38.43239],[141.37032,38.43156],[141.37177,38.43127],[141.37289,38.43057],[141.37629,38.43154],[141.37733,38.43118],[141.37832,38.43186],[141.37932,38.43356],[141.3805,38.43478],[141.37907,38.4355],[141.38011,38.43639],[141.38275,38.43646],[141.38425,38.43578],[141.38607,38.43605],[141.38615,38.43707],[141.38556,38.43775],[141.3841,38.438],[141.38358,38.43854],[141.38409,38.43984],[141.3835,38.44059],[141.38151,38.43933],[141.38024,38.43992],[141.37845,38.43793],[141.37654,38.43693],[141.37495,38.43551],[141.37479,38.43493],[141.37348,38.43428],[141.37265,38.4332],[141.37218,38.43248],[141.3713,38.43239]]]},"properties":{"林班":"A062","市町村名称":"石巻市","旧市町村":null}},
{"type":"Feature","geometry":{"type":"Polygon","coordinates":[[[141.34248,38.43477],[141.34147,38.43453],[141.33993,38.43299],[141.3399,38.43179],[141.33883,38.43038],[141.33718,38.42935],[141.33684,38.4283],[141.33925,38.42807],[141.33925,38.42845],[141.33971,38.42949],[141.34118,38.43096],[141.34166,38.43201],[141.3419,38.43354],[141.34248,38.43477]]]},"properties":{"林班":"A069","市町村名称":"石巻市","旧市町村":null}},
{"type":"Feature","geometry":{"type":"Polygon","coordinates":[[[141.33925,38.42807],[141.33905,38.42742],[141.34019,38.42505],[141.33901,38.42342],[141.33802,38.42318],[141.33765,38.42201],[141.33949,38.42273],[141.34051,38.42362],[141.34195,38.42574],[141.3421,38.42639],[141.34036,38.42858],[141.33925,38.42845],[141.33925,38.42807]]]},"properties":{"林班":"A068","市町村名称":"石巻市","旧市町村":null}},
{"type":"Feature","geometry":{"type":"Polygon","coordinates":[[[141.3421,38.42639],[141.34286,38.4278],[141.34638,38.42882],[141.34736,38.4284],[141.34737,38.43002],[141.34504,38.43099],[141.34316,38.43137],[141.34166,38.43201],[141.34118,38.43096],[141.33971,38.42949],[141.33925,38.42845],[141.34036,38.42858],[141.3421,38.42639]]]},"properties":{"林班":"A067","市町村名称":"石巻市","旧市町村":null}},
{"type":"Feature","geometry":{"type":"MultiPolygon","coordinates":[[[[141.32643,38.43818],[141.32672,38.43745],[141.32885,38.43717],[141.32933,38.43772],[141.32893,38.43916],[141.32784,38.43948],[141.32743,38.43854],[141.32643,38.43818]]],[[[141.33751,38.44294],[141.3368,38.44494],[141.33579,38.4438],[141.33495,38.44404],[141.33263,38.44285],[141.33214,38.44212],[141.33015,38.44099],[141.33231,38.43994],[141.33462,38.43807],[141.33613,38.43921],[141.33516,38.43994],[141.33681,38.44138],[141.33751,38.44294]]],[[[141.35152,38.44323],[141.35027,38.44308],[141.3478,38.44395],[141.34786,38.44585],[141.34637,38.44639],[141.34575,38.4441],[141.34504,38.443],[141.34543,38.44245],[141.34692,38.44214],[141.34708,38.44029],[141.34904,38.44012],[141.34938,38.43937],[141.34867,38.43848],[141.35244,38.43891],[141.35433,38.44003],[141.35647,38.43992],[141.35659,38.44342],[141.35591,38.44441],[141.35415,38.44306],[141.35152,38.44323]]],[[[141.34466,38.44445],[141.34505,38.44563],[141.34169,38.44628],[141.34159,38.44512],[141.34255,38.44499],[141.34414,38.44559],[141.34466,38.44445]]],[[[141.33769,38.44439],[141.33912,38.44377],[141.34012,38.44457],[141.33883,38.44555],[141.33784,38.4452],[141.33769,38.44439]]]]},"properties":{"林班":"A066","市町村名称":"石巻市","旧市町村":null}},
{"type":"Feature","geometry":{"type":"MultiPolygon","coordinates":[[[[141.38168,38.40601],[141.38191,38.4059],[141.38286,38.405],[141.38511,38.40439],[141.38604,38.40519],[141.38655,38.40404],[141.38689,38.40394],[141.38766,38.40537],[141.38759,38.40667],[141.38921,38.40905],[141.38934,38.4092],[141.39007,38.41066],[141.38979,38.41228],[141.38925,38.41314],[141.38813,38.41331],[141.38774,38.41372],[141.38749,38.41341],[141.38463,38.41472],[141.38426,38.41394],[141.38307,38.41337],[141.38144,38.41422],[141.38118,38.41306],[141.38227,38.41254],[141.38398,38.40983],[141.38415,38.40917],[141.38182,38.40775],[141.38056,38.40672],[141.38152,38.40608],[141.38168,38.40601]]],[[[141.38518,38.41539],[141.38435,38.41481],[141.38662,38.41436],[141.38762,38.41441],[141.38766,38.4148],[141.38626,38.4149],[141.38518,38.41539]]],[[[141.38927,38.41328],[141.38813,38.41331],[141.38925,38.41314],[141.38927,38.41328]]]]},"properties":{"林班":"A090","市町村名称":"石巻市","旧市町村":null}},
{"type":"Feature","geometry":{"type":"Polygon","coordinates":[[[141.37028,38.39727],[141.37477,38.39599],[141.37635,38.39513],[141.37777,38.39528],[141.3788,38.39334],[141.37889,38.39328],[141.3799,38.39291],[141.37992,38.3928],[141.38213,38.394],[141.38266,38.39468],[141.38279,38.39486],[141.38421,38.39697],[141.3836,38.39836],[141.38254,38.39787],[141.38088,38.39879],[141.38001,38.39891],[141.37918,38.39809],[141.37852,38.39678],[141.37839,38.39659],[141.37408,38.39852],[141.37361,38.39901],[141.37087,38.39916],[141.37075,38.39912],[141.37006,38.39897],[141.36955,38.39743],[141.36995,38.39735],[141.37028,38.39727]],[[141.38257,38.39571],[141.38162,38.39539],[141.38107,38.39613],[141.38309,38.39795],[141.38394,38.39685],[141.38292,38.39647],[141.38257,38.39571]]]},"properties":{"林班":"A094","市町村名称":"石巻市","旧市町村":null}},
{"type":"Feature","geometry":{"type":"Polygon","coordinates":[[[141.38047,38.4027],[141.38013,38.4016],[141.37892,38.40173],[141.37727,38.40242],[141.37709,38.40044],[141.37592,38.40046],[141.37594,38.39963],[141.3773,38.39837],[141.37709,38.39788],[141.37839,38.39659],[141.37852,38.39678],[141.37918,38.39809],[141.38001,38.39891],[141.38088,38.39879],[141.38254,38.39787],[141.3836,38.39836],[141.38445,38.39918],[141.38594,38.39955],[141.38587,38.40052],[141.38646,38.40194],[141.38727,38.40232],[141.38689,38.40394],[141.38655,38.40404],[141.38511,38.40439],[141.38286,38.405],[141.38191,38.4059],[141.38168,38.40601],[141.38152,38.40608],[141.38015,38.4046],[141.3806,38.40346],[141.38047,38.4027]]]},"properties":{"林班":"A093","市町村名称":"石巻市","旧市町村":null}},
{"type":"Feature","geometry":{"type":"Polygon","coordinates":[[[141.37098,38.40908],[141.3701,38.4085],[141.37019,38.40709],[141.36916,38.40498],[141.37174,38.40425],[141.37133,38.40341],[141.37199,38.40271],[141.37135,38.40151],[141.37087,38.39916],[141.37361,38.39901],[141.37408,38.39852],[141.37839,38.39659],[141.37709,38.39788],[141.3773,38.39837],[141.37594,38.39963],[141.37592,38.40046],[141.37709,38.40044],[141.37727,38.40242],[141.37892,38.40173],[141.38013,38.4016],[141.38047,38.4027],[141.37966,38.40263],[141.37889,38.40381],[141.37627,38.40545],[141.37673,38.40648],[141.37383,38.40829],[141.37098,38.40908]]]},"properties":{"林班":"A092","市町村名称":"石巻市","旧市町村":null}},
{"type":"Feature","geometry":{"type":"Polygon","coordinates":[[[141.38227,38.41254],[141.38006,38.41313],[141.37929,38.41369],[141.37564,38.41206],[141.37364,38.41264],[141.37541,38.41342],[141.37434,38.41436],[141.37187,38.41465],[141.37306,38.41337],[141.3719,38.41265],[141.37156,38.41186],[141.37211,38.41016],[141.37086,38.40985],[141.37098,38.40908],[141.37383,38.40829],[141.37673,38.40648],[141.37627,38.40545],[141.37889,38.40381],[141.37966,38.40263],[141.3806,38.40346],[141.38015,38.4046],[141.38152,38.40608],[141.38056,38.40672],[141.38182,38.40775],[141.38415,38.40917],[141.38398,38.40983],[141.38227,38.41254]]]},"properties":{"林班":"A091","市町村名称":"石巻市","旧市町村":null}},
{"type":"Feature","geometry":{"type":"Polygon","coordinates":[[[141.37657,38.38946],[141.37749,38.38839],[141.37955,38.38673],[141.38068,38.38627],[141.37983,38.38699],[141.38178,38.38791],[141.38138,38.39],[141.38212,38.39013],[141.38341,38.38934],[141.38475,38.38719],[141.38522,38.38679],[141.38648,38.38894],[141.38655,38.38917],[141.38653,38.38962],[141.38651,38.38981],[141.3874,38.39042],[141.38762,38.39096],[141.38667,38.39208],[141.38425,38.39276],[141.38213,38.394],[141.37992,38.3928],[141.37953,38.39261],[141.37842,38.39217],[141.37784,38.39093],[141.37657,38.38946]]]},"properties":{"林班":"A098","市町村名称":"石巻市","旧市町村":null}},
{"type":"Feature","geometry":{"type":"MultiPolygon","coordinates":[[[[141.36895,38.38519],[141.36989,38.38453],[141.37098,38.38466],[141.37393,38.38358],[141.3762,38.38409],[141.37674,38.38492],[141.37853,38.38542],[141.37918,38.38641],[141.38068,38.38627],[141.37955,38.38673],[141.37749,38.38839],[141.37657,38.38946],[141.37442,38.38897],[141.37343,38.38957],[141.3723,38.38954],[141.37195,38.38829],[141.36976,38.38616],[141.36967,38.38607],[141.36895,38.38519]]],[[[141.3767,38.38183],[141.37684,38.38138],[141.37876,38.38141],[141.37847,38.38247],[141.37777,38.38295],[141.3767,38.38183]]]]},"properties":{"林班":"A097","市町村名称":"石巻市","旧市町村":null}},
{"type":"Feature","geometry":{"type":"MultiPolygon","coordinates":[[[[141.36881,38.39337],[141.36739,38.39162],[141.36627,38.38941],[141.36459,38.3894],[141.36513,38.38814],[141.36774,38.3854],[141.36895,38.38519],[141.36967,38.38607],[141.36697,38.38685],[141.3664,38.38838],[141.36747,38.38849],[141.36706,38.38949],[141.36806,38.39187],[141.36893,38.39334],[141.36881,38.39337]]],[[[141.36906,38.39328],[141.36721,38.38973],[141.36768,38.38847],[141.3665,38.3883],[141.36773,38.38665],[141.36976,38.38616],[141.37195,38.38829],[141.3723,38.38954],[141.37343,38.38957],[141.37442,38.38897],[141.37657,38.38946],[141.37784,38.39093],[141.37842,38.39217],[141.37953,38.39261],[141.37925,38.39301],[141.37686,38.3926],[141.37425,38.39108],[141.37249,38.39212],[141.37001,38.39268],[141.36906,38.39328]]]]},"properties":{"林班":"A096","市町村名称":"石巻市","旧市町村":null}},
{"type":"Feature","geometry":{"type":"MultiPolygon","coordinates":[[[[141.36906,38.39328],[141.37001,38.39268],[141.37249,38.39212],[141.37128,38.39349],[141.37079,38.39483],[141.36884,38.39461],[141.36906,38.39328]]],[[[141.37028,38.39727],[141.36993,38.39612],[141.37151,38.39446],[141.37154,38.39379],[141.37278,38.39199],[141.37416,38.39127],[141.37718,38.39291],[141.3788,38.39334],[141.37777,38.39528],[141.37635,38.39513],[141.37477,38.39599],[141.37028,38.39727]]]]},"properties":{"林班":"A095","市町村名称":"石巻市","旧市町村":null}},
{"type":"Feature","geometry":{"type":"MultiPolygon","coordinates":[[[[141.38475,38.38719],[141.38398,38.38724],[141.38249,38.38604],[141.38181,38.38417],[141.38548,38.38494],[141.38613,38.3843],[141.38738,38.38436],[141.38806,38.38542],[141.38922,38.38616],[141.39032,38.38635],[141.39123,38.38898],[141.3898,38.39023],[141.39079,38.38819],[141.38965,38.38739],[141.38963,38.38671],[141.38817,38.386],[141.38588,38.38688],[141.38522,38.38679],[141.38475,38.38719]]],[[[141.38648,38.38894],[141.38599,38.38712],[141.38715,38.38642],[141.38915,38.38775],[141.39062,38.38824],[141.38912,38.39096],[141.3882,38.39155],[141.38667,38.39208],[141.38762,38.39096],[141.3874,38.39042],[141.38651,38.38981],[141.38653,38.38962],[141.38655,38.38917],[141.38648,38.38894]]]]},"properties":{"林班":"A099","市町村名称":"石巻市","旧市町村":null}},
{"type":"Feature","geometry":{"type":"MultiPolygon","coordinates":[[[[141.41279,38.29869],[141.41097,38.29681],[141.41019,38.29554],[141.40948,38.29534],[141.40847,38.29411],[141.40833,38.29281],[141.40716,38.29179],[141.40662,38.28953],[141.4078,38.2878],[141.40722,38.28701],[141.4097,38.28608],[141.41102,38.28706],[141.41237,38.28687],[141.41506,38.28863],[141.41664,38.28876],[141.41838,38.2899],[141.41728,38.28989],[141.41736,38.29095],[141.41545,38.29115],[141.41484,38.29053],[141.41287,38.29126],[141.41663,38.29233],[141.41569,38.29337],[141.41547,38.29624],[141.41618,38.29754],[141.41617,38.29836],[141.41513,38.29915],[141.41336,38.29864],[141.41182,38.29643],[141.41043,38.29504],[141.40895,38.29111],[141.40797,38.29047],[141.40932,38.28992],[141.41037,38.29214],[141.41117,38.28969],[141.41121,38.28844],[141.41041,38.28757],[141.40943,38.28727],[141.40829,38.28791],[141.40846,38.2898],[141.40791,38.29047],[141.40894,38.29113],[141.41039,38.29506],[141.413,38.29837],[141.41293,38.29858],[141.41279,38.29869]]],[[[141.41695,38.29663],[141.4178,38.29598],[141.4198,38.29533],[141.41953,38.29727],[141.41689,38.29743],[141.41695,38.29663]]],[[[141.41699,38.29827],[141.41825,38.29746],[141.41919,38.29822],[141.4202,38.29838],[141.42116,38.29685],[141.42183,38.29722],[141.42075,38.29822],[141.41937,38.30009],[141.41884,38.29988],[141.41933,38.29935],[141.41866,38.2989],[141.41776,38.29802],[141.41699,38.29827]]],[[[141.41769,38.29172],[141.41896,38.29185],[141.41931,38.29361],[141.41862,38.29363],[141.41763,38.29262],[141.41769,38.29172]]],[[[141.41999,38.30094],[141.41944,38.30012],[141.42148,38.29769],[141.42205,38.29767],[141.42277,38.29834],[141.42278,38.30027],[141.42221,38.30097],[141.42115,38.30112],[141.4206,38.30104],[141.41999,38.30094]]]]},"properties":{"林班":"A083","市町村名称":"石巻市","旧市町村":null}},
{"type":"Feature","geometry":{"type":"MultiPolygon","coordinates":[[[[141.25771,38.46096],[141.25752,38.46325],[141.25514,38.46329],[141.25471,38.46181],[141.25607,38.4612],[141.25771,38.46096]]],[[[141.2869,38.45935],[141.28783,38.45913],[141.28928,38.46025],[141.28999,38.46188],[141.28825,38.46213],[141.28799,38.46248],[141.28788,38.46292],[141.28777,38.46311],[141.28766,38.46324],[141.2867,38.4624],[141.28625,38.4611],[141.2869,38.45935]]]]},"properties":{"林班":"A082","市町村名称":"石巻市","旧市町村":null}},
{"type":"Feature","geometry":{"type":"Polygon","coordinates":[[[141.29869,38.4326],[141.29967,38.43297],[141.29921,38.43417],[141.29837,38.43309],[141.29869,38.4326]]]},"properties":{"林班":"A081","市町村名称":"石巻市","旧市町村":null}},
{"type":"Feature","geometry":{"type":"MultiPolygon","coordinates":[[[[141.30358,38.4211],[141.30402,38.42152],[141.30768,38.42239],[141.30653,38.42274],[141.30596,38.42221],[141.30382,38.42156],[141.30358,38.4211]]],[[[141.30982,38.42257],[141.30997,38.42345],[141.30814,38.42527],[141.30761,38.42516],[141.30982,38.42257]]]]},"properties":{"林班":"A080","市町村名称":"石巻市","旧市町村":null}},
{"type":"Feature","geometry":{"type":"Polygon","coordinates":[[[141.40403,38.40727],[141.40715,38.40842],[141.40858,38.40981],[141.4123,38.41115],[141.41221,38.41135],[141.4123,38.41178],[141.41246,38.41201],[141.4125,38.41262],[141.41143,38.41374],[141.41043,38.41541],[141.40953,38.41598],[141.40704,38.41462],[141.40391,38.41432],[141.4024,38.41339],[141.40197,38.41245],[141.4029,38.41128],[141.40128,38.41046],[141.40208,38.40808],[141.40403,38.40727]]]},"properties":{"林班":"A087","市町村名称":"石巻市","旧市町村":null}},
{"type":"Feature","geometry":{"type":"MultiPolygon","coordinates":[[[[141.35751,38.4398],[141.35732,38.43747],[141.35713,38.43731],[141.35683,38.43751],[141.356,38.4383],[141.35558,38.43779],[141.35611,38.43652],[141.35516,38.43495],[141.35542,38.43395],[141.3566,38.4342],[141.35773,38.43323],[141.36021,38.4293],[141.36145,38.42757],[141.36269,38.42685],[141.36386,38.4275],[141.36358,38.43087],[141.36191,38.43286],[141.35997,38.4362],[141.36011,38.43758],[141.35907,38.43916],[141.35751,38.4398]]],[[[141.35345,38.43609],[141.35414,38.43563],[141.35564,38.43623],[141.35516,38.43721],[141.35578,38.43837],[141.35523,38.438],[141.35347,38.43632],[141.35345,38.43609]]],[[[141.35597,38.43854],[141.35711,38.43743],[141.35719,38.43868],[141.3574,38.43983],[141.35727,38.43985],[141.35597,38.43854]]]]},"properties":{"林班":"A086","市町村名称":"石巻市","旧市町村":null}},
{"type":"Feature","geometry":{"type":"MultiPolygon","coordinates":[[[[141.34166,38.43201],[141.34316,38.43137],[141.34504,38.43099],[141.34737,38.43002],[141.34736,38.4284],[141.34874,38.42822],[141.3494,38.42944],[141.34962,38.4308],[141.3486,38.43197],[141.34988,38.43381],[141.34789,38.43322],[141.34678,38.43366],[141.34595,38.43258],[141.34248,38.43295],[141.34238,38.43428],[141.34298,38.43532],[141.34421,38.43615],[141.34447,38.43724],[141.34566,38.43796],[141.34737,38.43808],[141.34555,38.43801],[141.34494,38.43786],[141.34274,38.43533],[141.34248,38.43477],[141.3419,38.43354],[141.34166,38.43201]]],[[[141.34737,38.43808],[141.34846,38.43675],[141.3487,38.43523],[141.35021,38.43435],[141.35166,38.4342],[141.35196,38.43511],[141.35142,38.43578],[141.35345,38.43609],[141.35347,38.43632],[141.35325,38.43695],[141.35466,38.43817],[141.35523,38.438],[141.35578,38.43837],[141.35597,38.43854],[141.35727,38.43985],[141.35647,38.43992],[141.35433,38.44003],[141.35244,38.43891],[141.34867,38.43848],[141.34737,38.43808]]]]},"properties":{"林班":"A085","市町村名称":"石巻市","旧市町村":null}},
{"type":"Feature","geometry":{"type":"MultiPolygon","coordinates":[[[[141.41291,38.29935],[141.41528,38.29934],[141.41585,38.30009],[141.41419,38.30281],[141.41444,38.3045],[141.41583,38.30429],[141.41693,38.30516],[141.4164,38.30616],[141.42128,38.30769],[141.42111,38.30828],[141.42213,38.30908],[141.42029,38.3107],[141.4193,38.31062],[141.4188,38.31189],[141.4153,38.31181],[141.41548,38.3103],[141.41169,38.30864],[141.41067,38.30753],[141.40973,38.30489],[141.41047,38.30291],[141.41041,38.30165],[141.41159,38.30142],[141.41291,38.29935]]],[[[141.41884,38.29988],[141.41726,38.30041],[141.41598,38.29976],[141.41699,38.29827],[141.41776,38.29802],[141.41866,38.2989],[141.41933,38.29935],[141.41884,38.29988]]],[[[141.41761,38.30345],[141.41798,38.30205],[141.41781,38.30325],[141.41848,38.30425],[141.41995,38.30126],[141.4206,38.30104],[141.42115,38.30112],[141.42143,38.30198],[141.42021,38.30297],[141.42067,38.30366],[141.42033,38.30499],[141.41936,38.30541],[141.41812,38.30453],[141.41761,38.30345]]],[[[141.41828,38.30116],[141.41944,38.30012],[141.41999,38.30094],[141.41916,38.30155],[141.41828,38.30116]]]]},"properties":{"林班":"A084","市町村名称":"石巻市","旧市町村":null}},
{"type":"Feature","geometry":{"type":"MultiPolygon","coordinates":[[[[141.3886,38.40239],[141.38909,38.40352],[141.39002,38.4042],[141.38982,38.40527],[141.39082,38.40634],[141.39152,38.40647],[141.39415,38.40614],[141.39476,38.40702],[141.39533,38.41006],[141.39652,38.41129],[141.39678,38.4114],[141.39685,38.41178],[141.39671,38.41273],[141.39668,38.41273],[141.39661,38.41272],[141.39647,38.41272],[141.39635,38.41264],[141.39618,38.41269],[141.39594,38.41247],[141.39587,38.41268],[141.39601,38.4131],[141.39502,38.41341],[141.39333,38.41381],[141.39269,38.41354],[141.39288,38.41331],[141.3922,38.41325],[141.39185,38.41378],[141.39035,38.4135],[141.39013,38.41358],[141.38927,38.41328],[141.38925,38.41314],[141.38979,38.41228],[141.39007,38.41066],[141.38934,38.4092],[141.38921,38.40905],[141.38759,38.40667],[141.38766,38.40537],[141.38689,38.40394],[141.38727,38.40232],[141.3886,38.40239]]],[[[141.39563,38.41509],[141.394,38.41398],[141.396,38.41382],[141.39578,38.41419],[141.39563,38.41509]]]]},"properties":{"林班":"A089","市町村名称":"石巻市","旧市町村":null}},
{"type":"Feature","geometry":{"type":"MultiPolygon","coordinates":[[[[141.39652,38.41129],[141.39533,38.41006],[141.39476,38.40702],[141.39415,38.40614],[141.39561,38.40407],[141.39658,38.40397],[141.39806,38.40503],[141.39942,38.40499],[141.40107,38.40581],[141.40162,38.4066],[141.40384,38.40728],[141.40202,38.40804],[141.40119,38.41043],[141.40019,38.41052],[141.39671,38.41273],[141.39685,38.41178],[141.39678,38.4114],[141.39652,38.41129]]],[[[141.396,38.41382],[141.39674,38.41398],[141.39563,38.41509],[141.39578,38.41419],[141.396,38.41382]]],[[[141.39875,38.41264],[141.39884,38.41153],[141.40007,38.41095],[141.40134,38.41112],[141.40114,38.41271],[141.39927,38.41229],[141.39875,38.41264]]]]},"properties":{"林班":"A088","市町村名称":"石巻市","旧市町村":null}},
{"type":"Feature","geometry":{"type":"Polygon","coordinates":[[[141.34916,38.70551],[141.35019,38.70551],[141.35168,38.70457],[141.35433,38.70498],[141.35672,38.70478],[141.35765,38.70441],[141.35943,38.70536],[141.3614,38.70502],[141.36307,38.70533],[141.36502,38.70429],[141.36721,38.70364],[141.36746,38.70364],[141.36777,38.70367],[141.36788,38.70368],[141.36817,38.70371],[141.3684,38.70373],[141.36888,38.70374],[141.36922,38.70366],[141.36941,38.7036],[141.36974,38.70345],[141.37032,38.7054],[141.36814,38.70519],[141.36713,38.70546],[141.36633,38.70626],[141.36645,38.70762],[141.36029,38.7091],[141.35933,38.70857],[141.35799,38.70925],[141.35627,38.70889],[141.35352,38.70695],[141.34999,38.70614],[141.34916,38.70551]]]},"properties":{"林班":"C140","市町村名称":"登米市","旧市町村":null}},
{"type":"Feature","geometry":{"type":"MultiPolygon","coordinates":[[[[141.35872,38.69278],[141.35794,38.69218],[141.35554,38.69324],[141.35577,38.69438],[141.35509,38.69493],[141.35529,38.69578],[141.35525,38.69574],[141.35509,38.69561],[141.3549,38.69551],[141.35459,38.69539],[141.35491,38.69432],[141.35434,38.69291],[141.35496,38.69129],[141.35497,38.6913],[141.35548,38.69114],[141.35583,38.69072],[141.35634,38.6901],[141.35867,38.6914],[141.35952,38.69151],[141.35978,38.69153],[141.36034,38.69172],[141.3607,38.69174],[141.36108,38.69172],[141.36126,38.69176],[141.36145,38.6919],[141.36165,38.69209],[141.36216,38.69216],[141.36339,38.69218],[141.36414,38.69261],[141.3643,38.69283],[141.36439,38.69295],[141.366,38.69276],[141.36582,38.69304],[141.36574,38.69312],[141.36565,38.69321],[141.36518,38.69364],[141.36511,38.69372],[141.36495,38.69396],[141.36481,38.69413],[141.36475,38.69417],[141.36472,38.6942],[141.36477,38.69437],[141.36482,38.69447],[141.36496,38.69549],[141.36421,38.69671],[141.36221,38.69835],[141.36029,38.70078],[141.36009,38.69947],[141.36117,38.6979],[141.36272,38.69639],[141.36124,38.69443],[141.3604,38.69465],[141.36049,38.69529],[141.35938,38.69537],[141.35969,38.69398],[141.35878,38.69362],[141.35872,38.69278]]],[[[141.35539,38.69591],[141.35581,38.69472],[141.35572,38.6933],[141.35669,38.69278],[141.35828,38.69277],[141.35869,38.69369],[141.35958,38.69406],[141.35924,38.69558],[141.36062,38.69533],[141.36107,38.69453],[141.36268,38.69637],[141.36139,38.69691],[141.36132,38.69753],[141.36004,38.69944],[141.35935,38.70116],[141.3583,38.70104],[141.35405,38.70168],[141.35253,38.70158],[141.35459,38.69741],[141.35524,38.69707],[141.35532,38.69695],[141.35539,38.69591]]]]},"properties":{"林班":"C137","市町村名称":"登米市","旧市町村":null}},
{"type":"Feature","geometry":{"type":"MultiPolygon","coordinates":[[[[141.3436,38.68928],[141.34371,38.68924],[141.3438,38.68921],[141.34434,38.68907],[141.34475,38.68914],[141.34492,38.68944],[141.34495,38.6896],[141.34492,38.68973],[141.34481,38.6898],[141.34478,38.68983],[141.34481,38.6898],[141.34492,38.68973],[141.34495,38.6896],[141.34492,38.68944],[141.34475,38.68914],[141.34514,38.68883],[141.3459,38.68953],[141.34728,38.68976],[141.34794,38.68946],[141.3484,38.68975],[141.34736,38.6914],[141.34824,38.69251],[141.34989,38.69369],[141.35144,38.69597],[141.35192,38.69683],[141.35231,38.69708],[141.35201,38.69766],[141.35205,38.69794],[141.35222,38.69805],[141.35239,38.69865],[141.35224,38.69923],[141.35246,38.69972],[141.35221,38.7003],[141.35229,38.7012],[141.35163,38.70194],[141.35113,38.70002],[141.35003,38.69922],[141.35,38.69837],[141.34784,38.69716],[141.34799,38.69569],[141.34729,38.69503],[141.34726,38.69501],[141.34681,38.69431],[141.34674,38.69427],[141.34678,38.69413],[141.34688,38.69377],[141.34681,38.69366],[141.34643,38.69321],[141.34637,38.69312],[141.34595,38.69194],[141.34587,38.69176],[141.34577,38.69159],[141.34492,38.69108],[141.34457,38.69095],[141.34456,38.69095],[141.34438,38.69093],[141.34384,38.69086],[141.34378,38.69087],[141.34377,38.69082],[141.34373,38.69074],[141.34366,38.69058],[141.34354,38.69027],[141.3436,38.68928]]],[[[141.34839,38.68917],[141.34893,38.69043],[141.34938,38.69058],[141.35039,38.69037],[141.35172,38.69022],[141.35307,38.6906],[141.35345,38.69051],[141.35385,38.69042],[141.3542,38.69101],[141.35496,38.69129],[141.35434,38.69291],[141.35491,38.69432],[141.35459,38.69539],[141.35417,38.69564],[141.35415,38.69565],[141.35539,38.69591],[141.35532,38.69695],[141.35516,38.69651],[141.35348,38.69585],[141.35524,38.69707],[141.35459,38.69741],[141.35253,38.70158],[141.35233,38.7003],[141.35285,38.69981],[141.35245,38.69906],[141.35245,38.69864],[141.35227,38.69802],[141.35205,38.69779],[141.35217,38.69742],[141.3524,38.69707],[141.35196,38.69679],[141.35097,38.69501],[141.35001,38.69359],[141.34894,38.69299],[141.34744,38.69141],[141.34852,38.6899],[141.34841,38.6897],[141.34803,38.6894],[141.34839,38.68917]]],[[[141.34981,38.69082],[141.34978,38.69094],[141.34979,38.69118],[141.34996,38.69155],[141.35017,38.69186],[141.34996,38.69155],[141.34979,38.69118],[141.34978,38.69094],[141.34981,38.69082]]],[[[141.3549,38.69551],[141.35509,38.69561],[141.35525,38.69574],[141.35529,38.69578],[141.35415,38.69565],[141.35417,38.69564],[141.35459,38.69539],[141.3549,38.69551]]]]},"properties":{"林班":"C136","市町村名称":"登米市","旧市町村":null}},
{"type":"Feature","geometry":{"type":"MultiPolygon","coordinates":[[[[141.35163,38.70194],[141.35098,38.70281],[141.34905,38.70258],[141.34843,38.70304],[141.34546,38.70299],[141.34392,38.70347],[141.33919,38.70388],[141.33858,38.70323],[141.34136,38.70291],[141.34438,38.70173],[141.34614,38.69997],[141.34603,38.69895],[141.34784,38.69716],[141.35,38.69837],[141.35003,38.69922],[141.35113,38.70002],[141.35163,38.70194]]],[[[141.34392,38.70428],[141.34722,38.70341],[141.34857,38.70375],[141.3498,38.7031],[141.35046,38.70401],[141.34797,38.70534],[141.34742,38.70498],[141.34718,38.70481],[141.34676,38.70469],[141.34531,38.70533],[141.34388,38.70489],[141.34392,38.70428]]],[[[141.34183,38.70493],[141.33988,38.70627],[141.33869,38.70598],[141.33869,38.70433],[141.34194,38.7041],[141.34322,38.70451],[141.34183,38.70493]]]]},"properties":{"林班":"C135","市町村名称":"登米市","旧市町村":null}},
{"type":"Feature","geometry":{"type":"Polygon","coordinates":[[[141.33971,38.69775],[141.34198,38.69695],[141.34273,38.69629],[141.34273,38.69627],[141.34272,38.69619],[141.34271,38.69607],[141.34269,38.69599],[141.34267,38.69581],[141.34264,38.69528],[141.3426,38.69509],[141.34252,38.69475],[141.34245,38.69442],[141.34244,38.69436],[141.34242,38.69422],[141.3424,38.69414],[141.34235,38.69379],[141.34234,38.6937],[141.34234,38.69361],[141.34236,38.69345],[141.34248,38.69301],[141.34251,38.69289],[141.34257,38.69272],[141.34277,38.69235],[141.34286,38.69218],[141.3429,38.69205],[141.34289,38.69176],[141.34289,38.69161],[141.34289,38.69153],[141.34288,38.69137],[141.34295,38.69119],[141.34319,38.69106],[141.3433,38.69101],[141.34364,38.69086],[141.34377,38.69082],[141.34378,38.69087],[141.34384,38.69086],[141.34398,38.69098],[141.34446,38.69104],[141.34475,38.6911],[141.34499,38.6913],[141.34531,38.69145],[141.34584,38.69208],[141.34591,38.6923],[141.34602,38.69282],[141.34606,38.69296],[141.3466,38.69356],[141.34606,38.69296],[141.34602,38.69282],[141.34591,38.6923],[141.34584,38.69208],[141.34531,38.69145],[141.34499,38.6913],[141.34475,38.6911],[141.34446,38.69104],[141.34398,38.69098],[141.34384,38.69086],[141.34438,38.69093],[141.34456,38.69095],[141.34457,38.69095],[141.34492,38.69108],[141.34577,38.69159],[141.34587,38.69176],[141.34595,38.69194],[141.34637,38.69312],[141.34643,38.69321],[141.34681,38.69366],[141.34688,38.69377],[141.34678,38.69413],[141.34674,38.69427],[141.34681,38.69431],[141.34726,38.69501],[141.34729,38.69503],[141.34799,38.69569],[141.34784,38.69716],[141.34603,38.69895],[141.34614,38.69997],[141.34438,38.70173],[141.34136,38.70291],[141.33858,38.70323],[141.33923,38.70208],[141.33906,38.70094],[141.34003,38.69959],[141.33942,38.69844],[141.33971,38.69775]]]},"properties":{"林班":"C134","市町村名称":"登米市","旧市町村":null}},
{"type":"Feature","geometry":{"type":"Polygon","coordinates":[[[141.34916,38.70551],[141.3512,38.70359],[141.35398,38.70257],[141.35581,38.70271],[141.357,38.70225],[141.36193,38.70236],[141.36255,38.70194],[141.3637,38.70233],[141.36437,38.70143],[141.3626,38.70149],[141.36214,38.70113],[141.362,38.70082],[141.36224,38.70087],[141.36242,38.70092],[141.36253,38.70096],[141.36454,38.70052],[141.36457,38.70051],[141.36487,38.70038],[141.36499,38.70032],[141.36552,38.70017],[141.36569,38.70016],[141.36598,38.70014],[141.3662,38.70009],[141.36685,38.6999],[141.36722,38.69978],[141.36725,38.69976],[141.36752,38.6996],[141.36756,38.69957],[141.3681,38.69912],[141.36821,38.69906],[141.36839,38.69895],[141.36901,38.69889],[141.36897,38.69894],[141.36901,38.69889],[141.36906,38.69884],[141.3707,38.69922],[141.37124,38.70164],[141.37009,38.70264],[141.36974,38.70345],[141.36941,38.7036],[141.36922,38.70366],[141.36888,38.70374],[141.3684,38.70373],[141.36817,38.70371],[141.36788,38.70368],[141.36777,38.70367],[141.36746,38.70364],[141.36721,38.70364],[141.36502,38.70429],[141.36307,38.70533],[141.3614,38.70502],[141.35943,38.70536],[141.35765,38.70441],[141.35672,38.70478],[141.35433,38.70498],[141.35168,38.70457],[141.35019,38.70551],[141.34916,38.70551]],[[141.36909,38.70244],[141.36899,38.70245],[141.36908,38.70259],[141.3692,38.70266],[141.36966,38.70284],[141.36964,38.70297],[141.36966,38.70284],[141.3692,38.70266],[141.36908,38.70259],[141.36909,38.70244]]]},"properties":{"林班":"C139","市町村名称":"登米市","旧市町村":null}},
{"type":"Feature","geometry":{"type":"Polygon","coordinates":[[[141.36029,38.70078],[141.36221,38.69835],[141.36421,38.69671],[141.36496,38.69549],[141.36482,38.69447],[141.36477,38.69437],[141.36472,38.6942],[141.36475,38.69417],[141.36481,38.69413],[141.36495,38.69396],[141.36511,38.69372],[141.36518,38.69364],[141.36565,38.69321],[141.36574,38.69312],[141.36582,38.69304],[141.366,38.69276],[141.36698,38.69238],[141.36764,38.69193],[141.36824,38.69112],[141.36941,38.69102],[141.37086,38.69238],[141.37147,38.69342],[141.37098,38.69396],[141.37185,38.6955],[141.37106,38.69625],[141.37027,38.69835],[141.3707,38.69922],[141.36906,38.69884],[141.36839,38.69895],[141.36821,38.69906],[141.3681,38.69912],[141.36756,38.69957],[141.36752,38.6996],[141.36725,38.69976],[141.36722,38.69978],[141.36685,38.6999],[141.3662,38.70009],[141.36598,38.70014],[141.36569,38.70016],[141.36552,38.70017],[141.36499,38.70032],[141.36487,38.70038],[141.36457,38.70051],[141.36454,38.70052],[141.36253,38.70096],[141.36242,38.70092],[141.36224,38.70087],[141.36214,38.70066],[141.362,38.70082],[141.36244,38.70022],[141.36335,38.70005],[141.36332,38.70024],[141.36329,38.70031],[141.36332,38.70024],[141.36335,38.70005],[141.3624,38.7002],[141.3618,38.70069],[141.36029,38.70078]]]},"properties":{"林班":"C138","市町村名称":"登米市","旧市町村":null}},
{"type":"Feature","geometry":{"type":"MultiPolygon","coordinates":[[[[141.09315,38.65958],[141.09337,38.6591],[141.09454,38.65882],[141.09398,38.65996],[141.09315,38.65958]]],[[[141.10078,38.65536],[141.10191,38.65554],[141.10147,38.65683],[141.10068,38.65669],[141.10078,38.65536]]]]},"properties":{"林班":"H002","市町村名称":"登米市","旧市町村":null}},
{"type":"Feature","geometry":{"type":"MultiPolygon","coordinates":[[[[141.09102,38.65279],[141.0906,38.65199],[141.09077,38.65054],[141.09182,38.65126],[141.09333,38.65158],[141.09212,38.65305],[141.09098,38.65373],[141.091,38.65351],[141.09101,38.65337],[141.09104,38.65299],[141.09102,38.65279]]],[[[141.09569,38.65187],[141.09747,38.65126],[141.09756,38.65205],[141.09635,38.65276],[141.09569,38.65187]]]]},"properties":{"林班":"H001","市町村名称":"登米市","旧市町村":null}},
{"type":"Feature","geometry":{"type":"MultiPolygon","coordinates":[[[[141.11366,38.6694],[141.11424,38.6696],[141.11382,38.6708],[141.11287,38.67011],[141.11366,38.6694]]],[[[141.12129,38.67226],[141.12259,38.67352],[141.12176,38.67452],[141.12081,38.67314],[141.12129,38.67226]]]]},"properties":{"林班":"H006","市町村名称":"登米市","旧市町村":null}},
{"type":"Feature","geometry":{"type":"Polygon","coordinates":[[[141.12028,38.66608],[141.12194,38.66632],[141.12295,38.66702],[141.12228,38.66802],[141.12159,38.66696],[141.11999,38.66677],[141.12028,38.66608]]]},"properties":{"林班":"H005","市町村名称":"登米市","旧市町村":null}},
{"type":"Feature","geometry":{"type":"Polygon","coordinates":[[[141.1099,38.66497],[141.11126,38.66534],[141.11029,38.66598],[141.1099,38.66497]]]},"properties":{"林班":"H004","市町村名称":"登米市","旧市町村":null}},
{"type":"Feature","geometry":{"type":"Polygon","coordinates":[[[141.10316,38.66553],[141.10305,38.66686],[141.1021,38.66642],[141.10316,38.66553]]]},"properties":{"林班":"H003","市町村名称":"登米市","旧市町村":null}},
{"type":"Feature","geometry":{"type":"Polygon","coordinates":[[[141.19454,38.64831],[141.19469,38.64898],[141.19357,38.64983],[141.19391,38.65091],[141.19282,38.65067],[141.19454,38.64831]]]},"properties":{"林班":"H013","市町村名称":"登米市","旧市町村":null}},
{"type":"Feature","geometry":{"type":"MultiPolygon","coordinates":[[[[141.18728,38.65495],[141.18708,38.65535],[141.18409,38.65446],[141.18384,38.65344],[141.1861,38.65408],[141.18728,38.65495]]],[[[141.18598,38.65677],[141.186,38.65807],[141.18453,38.65822],[141.18598,38.65677]]]]},"properties":{"林班":"H012","市町村名称":"登米市","旧市町村":null}},
{"type":"Feature","geometry":{"type":"Polygon","coordinates":[[[141.155,38.66007],[141.15577,38.66109],[141.15369,38.66059],[141.155,38.66007]]]},"properties":{"林班":"H011","市町村名称":"登米市","旧市町村":null}},
{"type":"Feature","geometry":{"type":"Polygon","coordinates":[[[141.15874,38.67153],[141.15976,38.67057],[141.16109,38.67119],[141.16018,38.67216],[141.15874,38.67153]]]},"properties":{"林班":"H010","市町村名称":"登米市","旧市町村":null}},
{"type":"Feature","geometry":{"type":"MultiPolygon","coordinates":[[[[141.31538,38.73791],[141.31569,38.73705],[141.31673,38.73647],[141.3183,38.73627],[141.31936,38.73572],[141.32144,38.73602],[141.32118,38.73642],[141.3192,38.73659],[141.31617,38.73713],[141.31538,38.73791]]],[[[141.32569,38.73487],[141.32528,38.73599],[141.32433,38.73646],[141.32424,38.73706],[141.32261,38.73859],[141.322,38.73954],[141.32105,38.73995],[141.31734,38.73881],[141.31639,38.73775],[141.31924,38.73688],[141.32045,38.73672],[141.32122,38.73644],[141.32147,38.73605],[141.32258,38.73556],[141.32318,38.73508],[141.32353,38.73437],[141.32569,38.73487]]],[[[141.32216,38.74039],[141.32356,38.73818],[141.32405,38.73724],[141.32429,38.73709],[141.32437,38.73649],[141.32532,38.73607],[141.32611,38.73466],[141.32692,38.73472],[141.32771,38.73524],[141.32949,38.735],[141.32968,38.7364],[141.32811,38.7369],[141.32644,38.73801],[141.32626,38.73836],[141.32482,38.73886],[141.32338,38.74013],[141.32216,38.74039]]],[[[141.32609,38.73462],[141.32716,38.73277],[141.32918,38.73205],[141.33041,38.73104],[141.33066,38.73024],[141.33102,38.7299],[141.33125,38.72939],[141.33192,38.72972],[141.33203,38.72999],[141.33218,38.7301],[141.33254,38.73145],[141.33066,38.73356],[141.32778,38.73451],[141.32609,38.73462]]]]},"properties":{"林班":"C100","市町村名称":"登米市","旧市町村":null}},
{"type":"Feature","geometry":{"type":"Polygon","coordinates":[[[141.14374,38.66203],[141.14401,38.6606],[141.14479,38.66079],[141.14532,38.66204],[141.1444,38.66262],[141.14374,38.66203]]]},"properties":{"林班":"H009","市町村名称":"登米市","旧市町村":null}},
{"type":"Feature","geometry":{"type":"MultiPolygon","coordinates":[[[[141.13629,38.66805],[141.13884,38.66783],[141.13866,38.6685],[141.13629,38.66805]]],[[[141.13808,38.67013],[141.13786,38.66922],[141.13952,38.66956],[141.14069,38.6718],[141.14042,38.67326],[141.13856,38.67356],[141.13581,38.67211],[141.13579,38.67106],[141.13808,38.67013]]],[[[141.14154,38.67013],[141.14238,38.66985],[141.1432,38.67096],[141.14145,38.67079],[141.14154,38.67013]]]]},"properties":{"林班":"H008","市町村名称":"登米市","旧市町村":null}},
{"type":"Feature","geometry":{"type":"Polygon","coordinates":[[[141.13243,38.67316],[141.1332,38.67351],[141.13354,38.67407],[141.13296,38.67491],[141.13293,38.67384],[141.13257,38.67375],[141.13243,38.67316]]]},"properties":{"林班":"H007","市町村名称":"登米市","旧市町村":null}},
{"type":"Feature","geometry":{"type":"MultiPolygon","coordinates":[[[[141.31659,38.71247],[141.31886,38.7127],[141.3201,38.71345],[141.32019,38.71378],[141.3201,38.71419],[141.3203,38.71441],[141.32014,38.71463],[141.31825,38.71447],[141.31745,38.71504],[141.31486,38.71366],[141.31659,38.71247]]],[[[141.32095,38.71308],[141.32459,38.71315],[141.32542,38.71361],[141.32684,38.71341],[141.3282,38.71457],[141.32772,38.71599],[141.32553,38.71722],[141.32408,38.71858],[141.32241,38.7179],[141.32299,38.71715],[141.32185,38.71562],[141.32111,38.71527],[141.3209,38.71475],[141.32012,38.71418],[141.32021,38.71379],[141.32051,38.71337],[141.32095,38.71308]]],[[[141.32265,38.71046],[141.3216,38.7118],[141.32096,38.71089],[141.32265,38.71046]]],[[[141.3268,38.7092],[141.32817,38.70948],[141.32821,38.70994],[141.32793,38.71054],[141.3271,38.7113],[141.32577,38.71104],[141.32549,38.70974],[141.3268,38.7092]]],[[[141.33281,38.70848],[141.33281,38.7092],[141.33087,38.71148],[141.3304,38.71271],[141.32963,38.71291],[141.32899,38.71252],[141.32796,38.71222],[141.32759,38.71092],[141.32794,38.71055],[141.32823,38.70993],[141.32948,38.7102],[141.33038,38.71113],[141.33122,38.7101],[141.33232,38.7095],[141.33281,38.70848]]],[[[141.3292,38.71268],[141.32949,38.71286],[141.32837,38.71455],[141.32704,38.71339],[141.32774,38.71259],[141.3292,38.71268]]]]},"properties":{"林班":"C111","市町村名称":"登米市","旧市町村":null}},
{"type":"Feature","geometry":{"type":"MultiPolygon","coordinates":[[[[141.3297,38.71571],[141.33012,38.71453],[141.33156,38.71368],[141.3335,38.71192],[141.3341,38.71024],[141.33373,38.70985],[141.33424,38.70811],[141.33503,38.70682],[141.33767,38.70643],[141.3393,38.70725],[141.34074,38.70747],[141.34216,38.70604],[141.3441,38.70598],[141.34434,38.70715],[141.34509,38.7083],[141.34574,38.71006],[141.34528,38.71082],[141.34432,38.71094],[141.34395,38.71116],[141.34266,38.7115],[141.34145,38.71157],[141.34028,38.71141],[141.33926,38.711],[141.33767,38.71138],[141.33435,38.71313],[141.33282,38.71487],[141.3297,38.71571]]],[[[141.34392,38.70428],[141.34388,38.70489],[141.34183,38.70493],[141.34322,38.70451],[141.34392,38.70428]]]]},"properties":{"林班":"C110","市町村名称":"登米市","旧市町村":null}},
{"type":"Feature","geometry":{"type":"MultiPolygon","coordinates":[[[[141.29797,38.71336],[141.29956,38.71329],[141.29987,38.71382],[141.29863,38.71445],[141.29797,38.71336]]],[[[141.30637,38.72485],[141.30562,38.72355],[141.30308,38.72273],[141.30259,38.72136],[141.30131,38.72064],[141.3021,38.71893],[141.30207,38.71711],[141.29928,38.71746],[141.29899,38.7163],[141.30084,38.7153],[141.30342,38.71647],[141.30618,38.7161],[141.30737,38.71653],[141.30846,38.71846],[141.30916,38.71892],[141.3116,38.7184],[141.31262,38.71854],[141.31354,38.71934],[141.3132,38.7205],[141.3137,38.72165],[141.31324,38.72255],[141.31315,38.72318],[141.31281,38.72358],[141.31236,38.72351],[141.31251,38.72473],[141.31286,38.72499],[141.31397,38.72486],[141.31477,38.72525],[141.31306,38.72681],[141.31218,38.7271],[141.31097,38.72667],[141.3097,38.72694],[141.3086,38.7263],[141.30778,38.72623],[141.30705,38.72568],[141.30637,38.72485]]],[[[141.29893,38.71805],[141.29927,38.71748],[141.30204,38.71712],[141.30208,38.71893],[141.30129,38.72064],[141.30134,38.72145],[141.29921,38.72127],[141.29735,38.72017],[141.29739,38.71942],[141.29873,38.71918],[141.29893,38.71805]]],[[[141.29793,38.72146],[141.29834,38.72236],[141.29708,38.7229],[141.29698,38.72127],[141.29793,38.72146]]]]},"properties":{"林班":"C104","市町村名称":"登米市","旧市町村":null}},
{"type":"Feature","geometry":{"type":"MultiPolygon","coordinates":[[[[141.29832,38.7224],[141.29837,38.72324],[141.29751,38.72376],[141.29647,38.72332],[141.29832,38.7224]]],[[[141.30291,38.72292],[141.30224,38.72297],[141.30119,38.72356],[141.29988,38.72355],[141.29878,38.72286],[141.29944,38.72189],[141.302,38.72175],[141.30291,38.72292]]],[[[141.2973,38.72487],[141.29847,38.72505],[141.2987,38.7243],[141.29989,38.72356],[141.30119,38.72358],[141.30225,38.72298],[141.30372,38.72305],[141.30552,38.72355],[141.30674,38.7256],[141.30776,38.72625],[141.30857,38.72631],[141.30939,38.72697],[141.3087,38.72716],[141.30801,38.72773],[141.30784,38.72842],[141.30717,38.72824],[141.30653,38.72878],[141.30535,38.7287],[141.30473,38.73005],[141.30537,38.73047],[141.30369,38.73245],[141.30297,38.73268],[141.30125,38.73225],[141.29922,38.73064],[141.29947,38.72935],[141.29918,38.72826],[141.29797,38.72731],[141.2982,38.72554],[141.2973,38.72487]]],[[[141.29889,38.7325],[141.29974,38.73311],[141.30197,38.73324],[141.30261,38.73389],[141.30211,38.73499],[141.30122,38.73561],[141.29974,38.73546],[141.29885,38.73492],[141.29889,38.7325]]]]},"properties":{"林班":"C103","市町村名称":"登米市","旧市町村":null}},
{"type":"Feature","geometry":{"type":"Polygon","coordinates":[[[141.31378,38.73349],[141.31111,38.735],[141.30954,38.73466],[141.30886,38.7338],[141.30785,38.73347],[141.30722,38.73407],[141.30617,38.73395],[141.30522,38.73449],[141.30309,38.73288],[141.30371,38.73245],[141.30477,38.73138],[141.30541,38.73048],[141.30475,38.73003],[141.30537,38.72872],[141.30654,38.72881],[141.30719,38.72826],[141.30786,38.72845],[141.30802,38.72776],[141.30871,38.72719],[141.3097,38.72694],[141.31097,38.72667],[141.31218,38.7271],[141.31306,38.72681],[141.31477,38.72525],[141.3158,38.7271],[141.31465,38.72797],[141.31532,38.72964],[141.31442,38.73006],[141.31378,38.73349]]]},"properties":{"林班":"C102","市町村名称":"登米市","旧市町村":null}},
{"type":"Feature","geometry":{"type":"Polygon","coordinates":[[[141.31398,38.72408],[141.31508,38.72368],[141.31842,38.7238],[141.31899,38.72631],[141.32108,38.72653],[141.32309,38.72726],[141.32398,38.7272],[141.32512,38.72785],[141.32615,38.72807],[141.32622,38.72886],[141.32401,38.73077],[141.32345,38.73185],[141.32341,38.73211],[141.3235,38.73254],[141.3237,38.73282],[141.32348,38.73444],[141.32254,38.73554],[141.32144,38.73602],[141.31936,38.73572],[141.3183,38.73627],[141.31673,38.73647],[141.31569,38.73705],[141.31538,38.73791],[141.3149,38.73698],[141.31543,38.7364],[141.31459,38.73534],[141.31378,38.73349],[141.31442,38.73006],[141.31532,38.72964],[141.31465,38.72797],[141.3158,38.7271],[141.31477,38.72525],[141.31397,38.72486],[141.31395,38.72482],[141.31398,38.72408]]]},"properties":{"林班":"C101","市町村名称":"登米市","旧市町村":null}},
{"type":"Feature","geometry":{"type":"Polygon","coordinates":[[[141.33823,38.71776],[141.34076,38.71927],[141.34136,38.72021],[141.34035,38.72063],[141.3383,38.72214],[141.33695,38.72391],[141.33592,38.72314],[141.33287,38.72293],[141.33246,38.72239],[141.33054,38.7237],[141.32852,38.72252],[141.32633,38.72157],[141.32501,38.72028],[141.3255,38.71968],[141.32681,38.72033],[141.32727,38.71931],[141.32838,38.71828],[141.32802,38.7173],[141.32861,38.71657],[141.3303,38.71808],[141.33183,38.71907],[141.33321,38.71945],[141.33435,38.71915],[141.33593,38.71788],[141.33823,38.71776]]]},"properties":{"林班":"C108","市町村名称":"登米市","旧市町村":null}},
{"type":"Feature","geometry":{"type":"MultiPolygon","coordinates":[[[[141.33256,38.72497],[141.3344,38.72462],[141.33484,38.72542],[141.33384,38.72673],[141.33367,38.72742],[141.3332,38.72767],[141.33295,38.72821],[141.33259,38.72855],[141.33256,38.72875],[141.33109,38.72735],[141.33198,38.72576],[141.33237,38.72535],[141.33256,38.72497]]],[[[141.33376,38.72711],[141.33487,38.72542],[141.33502,38.7242],[141.33678,38.72491],[141.33796,38.72695],[141.3413,38.7278],[141.34124,38.72996],[141.33984,38.731],[141.33948,38.73198],[141.33839,38.73143],[141.33676,38.73092],[141.33625,38.73114],[141.33538,38.73069],[141.33427,38.7305],[141.33406,38.73051],[141.3336,38.73069],[141.33336,38.73069],[141.33282,38.73049],[141.33206,38.72998],[141.33195,38.72974],[141.33203,38.72963],[141.33254,38.72929],[141.33262,38.72855],[141.33298,38.72822],[141.33322,38.72768],[141.33369,38.72743],[141.33376,38.72711]]]]},"properties":{"林班":"C107","市町村名称":"登米市","旧市町村":null}},
{"type":"Feature","geometry":{"type":"Polygon","coordinates":[[[141.32668,38.7232],[141.32833,38.72385],[141.32911,38.72485],[141.33137,38.72501],[141.33198,38.72576],[141.33109,38.72735],[141.33256,38.72875],[141.33194,38.72971],[141.33126,38.72938],[141.33099,38.72934],[141.33024,38.72952],[141.32975,38.72974],[141.32931,38.72957],[141.3288,38.72954],[141.32838,38.7294],[141.32737,38.72922],[141.32708,38.72922],[141.32679,38.72903],[141.32636,38.72885],[141.32617,38.72805],[141.32462,38.72737],[141.32399,38.72719],[141.32309,38.72724],[141.32259,38.7269],[141.32401,38.72588],[141.32558,38.72389],[141.32668,38.7232]]]},"properties":{"林班":"C106","市町村名称":"登米市","旧市町村":null}},
{"type":"Feature","geometry":{"type":"Polygon","coordinates":[[[141.31395,38.72482],[141.31286,38.72495],[141.31267,38.72406],[141.3131,38.72332],[141.3132,38.7232],[141.3132,38.72295],[141.31375,38.72204],[141.31378,38.72163],[141.31338,38.72062],[141.31541,38.72095],[141.31704,38.71992],[141.31876,38.71925],[141.32134,38.7193],[141.32242,38.72029],[141.32471,38.72154],[141.32651,38.72277],[141.32679,38.72304],[141.32668,38.7232],[141.32558,38.72389],[141.32401,38.72588],[141.32259,38.7269],[141.32108,38.72651],[141.31902,38.7263],[141.31843,38.72378],[141.31508,38.72366],[141.31398,38.72408],[141.31395,38.72482]]]},"properties":{"林班":"C105","市町村名称":"登米市","旧市町村":null}},
{"type":"Feature","geometry":{"type":"Polygon","coordinates":[[[141.32861,38.71657],[141.3297,38.71571],[141.33282,38.71487],[141.33435,38.71313],[141.33767,38.71138],[141.33926,38.711],[141.34028,38.71142],[141.34145,38.71159],[141.34198,38.71157],[141.34291,38.71147],[141.34397,38.71118],[141.34433,38.71096],[141.34562,38.71114],[141.34468,38.71207],[141.34424,38.71353],[141.3421,38.71469],[141.34276,38.71521],[141.34122,38.71643],[141.33823,38.71776],[141.33593,38.71788],[141.33435,38.71915],[141.33321,38.71945],[141.33183,38.71907],[141.3303,38.71808],[141.32861,38.71657]]]},"properties":{"林班":"C109","市町村名称":"登米市","旧市町村":null}},
{"type":"Feature","geometry":{"type":"MultiPolygon","coordinates":[[[[141.29912,38.68903],[141.30136,38.68752],[141.30186,38.68792],[141.30334,38.6868],[141.30411,38.68585],[141.30522,38.68543],[141.30498,38.6849],[141.3055,38.68478],[141.30668,38.68391],[141.30729,38.68371],[141.3079,38.68382],[141.30858,38.68378],[141.3091,38.6836],[141.31041,38.68323],[141.31112,38.68417],[141.31071,38.68482],[141.30831,38.68639],[141.30928,38.685],[141.30892,38.68491],[141.30853,38.68551],[141.30719,38.68621],[141.30693,38.68642],[141.3065,38.68645],[141.30624,38.68663],[141.30592,38.68767],[141.30549,38.68803],[141.30509,38.68865],[141.30452,38.6887],[141.30367,38.68918],[141.3027,38.68874],[141.29931,38.68925],[141.29912,38.68903]]],[[[141.30833,38.6864],[141.31073,38.68483],[141.31105,38.68436],[141.31115,38.68411],[141.31046,38.68328],[141.31169,38.68309],[141.31309,38.68214],[141.31396,38.68204],[141.31318,38.68427],[141.31281,38.68464],[141.31244,38.68491],[141.31113,38.68649],[141.31082,38.68645],[141.30957,38.68632],[141.30833,38.6864]]],[[[141.31396,38.68204],[141.31511,38.68265],[141.31321,38.68424],[141.31396,38.68204]]]]},"properties":{"林班":"C122","市町村名称":"登米市","旧市町村":null}},
{"type":"Feature","geometry":{"type":"MultiPolygon","coordinates":[[[[141.30479,38.68879],[141.30497,38.68875],[141.30536,38.68851],[141.306,38.68771],[141.30642,38.68652],[141.30699,38.68643],[141.30855,38.68552],[141.30897,38.68494],[141.30928,38.685],[141.30831,38.68639],[141.30711,38.68696],[141.30579,38.68886],[141.30533,38.68911],[141.30517,38.68982],[141.3049,38.68947],[141.30447,38.68959],[141.3038,38.68945],[141.30395,38.68913],[141.30406,38.68903],[141.30479,38.68879]]],[[[141.31082,38.68645],[141.30927,38.6864],[141.30845,38.68726],[141.3065,38.68839],[141.30617,38.68925],[141.30633,38.68978],[141.30596,38.69097],[141.30435,38.6898],[141.30486,38.68951],[141.30516,38.68985],[141.30529,38.68965],[141.30539,38.68914],[141.30581,38.68887],[141.30713,38.68696],[141.30833,38.6864],[141.30957,38.68632],[141.31082,38.68645]]],[[[141.32189,38.68559],[141.32052,38.68623],[141.31873,38.68796],[141.31783,38.68787],[141.31678,38.68809],[141.31566,38.68855],[141.31453,38.6898],[141.31304,38.69009],[141.30987,38.69253],[141.30863,38.69277],[141.30835,38.69074],[141.30688,38.69045],[141.30622,38.68927],[141.30655,38.68841],[141.30849,38.68729],[141.30929,38.68644],[141.3105,38.6867],[141.31169,38.68634],[141.31243,38.68496],[141.3136,38.68419],[141.31614,38.68338],[141.31721,38.68405],[141.31925,38.68296],[141.31957,38.68331],[141.31982,38.68351],[141.32004,38.68389],[141.32011,38.68417],[141.32026,38.68436],[141.32064,38.68442],[141.32076,38.68442],[141.32073,38.68452],[141.32058,38.68475],[141.32073,38.68452],[141.32076,38.68442],[141.32123,38.68446],[141.32206,38.68464],[141.32201,38.68498],[141.32199,38.68504],[141.32189,38.68559],[141.32154,38.68526],[141.32125,38.68512],[141.32134,38.68481],[141.32125,38.68512],[141.32154,38.68526],[141.32189,38.68559]]],[[[141.31511,38.68265],[141.31614,38.68338],[141.31321,38.68424],[141.31511,38.68265]]]]},"properties":{"林班":"C121","市町村名称":"登米市","旧市町村":null}},
{"type":"Feature","geometry":{"type":"MultiPolygon","coordinates":[[[[141.3121,38.69104],[141.31323,38.69014],[141.3148,38.68977],[141.31549,38.69137],[141.31459,38.69231],[141.31367,38.69404],[141.31392,38.69491],[141.3127,38.69505],[141.31156,38.69365],[141.3105,38.69442],[141.30896,38.69433],[141.30884,38.69292],[141.30995,38.69259],[141.3121,38.69104]]],[[[141.3159,38.6886],[141.3168,38.68817],[141.31817,38.68793],[141.31871,38.68803],[141.32055,38.68628],[141.3224,38.68601],[141.32338,38.68777],[141.32376,38.68927],[141.3242,38.68997],[141.32599,38.6902],[141.326,38.69144],[141.32416,38.69225],[141.32329,38.69319],[141.32234,38.6933],[141.32155,38.69323],[141.32126,38.6931],[141.32072,38.69299],[141.3208,38.69281],[141.32072,38.69247],[141.31965,38.69225],[141.31741,38.6929],[141.31426,38.69352],[141.31588,38.69151],[141.31524,38.69039],[141.31577,38.68979],[141.31554,38.68887],[141.3159,38.6886]]],[[[141.31981,38.6934],[141.31789,38.69395],[141.31734,38.69298],[141.31928,38.69244],[141.3203,38.6925],[141.31981,38.6934]]]]},"properties":{"林班":"C120","市町村名称":"登米市","旧市町村":null}},
{"type":"Feature","geometry":{"type":"MultiPolygon","coordinates":[[[[141.30569,38.70488],[141.30631,38.70443],[141.30758,38.7053],[141.30687,38.70545],[141.3066,38.70567],[141.30626,38.70521],[141.30596,38.70496],[141.30579,38.70493],[141.30575,38.70487],[141.30569,38.70488]]],[[[141.30443,38.70509],[141.30503,38.70496],[141.30533,38.70495],[141.30546,38.70491],[141.30574,38.70489],[141.30577,38.70494],[141.30596,38.70497],[141.30624,38.70522],[141.30637,38.70549],[141.30648,38.7056],[141.30661,38.70569],[141.30689,38.70546],[141.30752,38.70536],[141.30876,38.70462],[141.31087,38.7029],[141.31292,38.70263],[141.3136,38.70274],[141.31526,38.70269],[141.31647,38.70222],[141.31714,38.70422],[141.3169,38.7057],[141.31689,38.70602],[141.31662,38.70645],[141.31601,38.70741],[141.31483,38.70734],[141.31431,38.70898],[141.31399,38.70932],[141.31224,38.71005],[141.30804,38.70832],[141.30693,38.70846],[141.30513,38.70788],[141.3035,38.70781],[141.30324,38.7069],[141.3046,38.70615],[141.30443,38.70509]]]]},"properties":{"林班":"C115","市町村名称":"登米市","旧市町村":null}},
{"type":"Feature","geometry":{"type":"MultiPolygon","coordinates":[[[[141.32353,38.70347],[141.32243,38.704],[141.32146,38.70566],[141.3213,38.70601],[141.32122,38.70651],[141.32102,38.70684],[141.31956,38.70729],[141.31846,38.707],[141.31714,38.70361],[141.31729,38.70283],[141.31891,38.70178],[141.3206,38.70153],[141.32181,38.70229],[141.32396,38.70235],[141.32353,38.70347]]],[[[141.31699,38.70597],[141.31723,38.70668],[141.31716,38.70726],[141.3179,38.70785],[141.31565,38.70882],[141.31717,38.70703],[141.31699,38.70597]]],[[[141.33298,38.70726],[141.33138,38.70782],[141.3306,38.70643],[141.33177,38.70641],[141.33298,38.70726]]],[[[141.33266,38.70793],[141.33224,38.70944],[141.3311,38.7086],[141.33266,38.70793]]]]},"properties":{"林班":"C114","市町村名称":"登米市","旧市町村":null}},
{"type":"Feature","geometry":{"type":"MultiPolygon","coordinates":[[[[141.29352,38.71341],[141.29457,38.71205],[141.29584,38.71243],[141.29352,38.71341]]],[[[141.29806,38.70849],[141.2986,38.70797],[141.30165,38.70913],[141.3,38.70987],[141.29831,38.7098],[141.29675,38.70898],[141.29806,38.70849]]],[[[141.31211,38.71338],[141.31181,38.71387],[141.31072,38.71386],[141.30927,38.71447],[141.30831,38.71542],[141.30669,38.71579],[141.30323,38.71558],[141.30229,38.7128],[141.30068,38.71254],[141.29902,38.71297],[141.29925,38.71174],[141.29832,38.71101],[141.29874,38.71039],[141.30029,38.70988],[141.30187,38.71033],[141.30599,38.71081],[141.30615,38.71187],[141.31041,38.71179],[141.31254,38.71307],[141.31211,38.71338]]],[[[141.30051,38.70984],[141.30175,38.70992],[141.30495,38.70933],[141.30585,38.7101],[141.30672,38.71004],[141.3087,38.71182],[141.30617,38.71186],[141.306,38.7108],[141.30165,38.71026],[141.30051,38.70984]]],[[[141.30551,38.70915],[141.30831,38.70937],[141.31038,38.70996],[141.31038,38.71042],[141.30781,38.71007],[141.30551,38.70915]]]]},"properties":{"林班":"C113","市町村名称":"登米市","旧市町村":null}},
{"type":"Feature","geometry":{"type":"MultiPolygon","coordinates":[[[[141.31232,38.71247],[141.31199,38.71114],[141.3131,38.71127],[141.31489,38.7107],[141.31585,38.71076],[141.31629,38.71174],[141.31574,38.71298],[141.31492,38.7133],[141.31278,38.71289],[141.31232,38.71247]]],[[[141.31249,38.7132],[141.31326,38.71389],[141.31488,38.714],[141.31674,38.71536],[141.3182,38.71598],[141.31893,38.71674],[141.31768,38.71729],[141.31769,38.71827],[141.31622,38.71883],[141.31575,38.71955],[141.31307,38.71838],[141.3111,38.7181],[141.31003,38.7186],[141.30886,38.71724],[141.30839,38.71544],[141.3094,38.71449],[141.31075,38.71388],[141.31179,38.71396],[141.31249,38.7132]]],[[[141.31924,38.71524],[141.32161,38.71583],[141.32077,38.71653],[141.31924,38.71524]]]]},"properties":{"林班":"C112","市町村名称":"登米市","旧市町村":null}},
{"type":"Feature","geometry":{"type":"MultiPolygon","coordinates":[[[[141.31183,38.69566],[141.31334,38.69591],[141.31247,38.69676],[141.31183,38.69566]]],[[[141.3222,38.69853],[141.32202,38.69834],[141.32126,38.69808],[141.32054,38.69848],[141.31675,38.69876],[141.31532,38.69942],[141.31445,38.69928],[141.31248,38.70074],[141.31136,38.7011],[141.31033,38.69891],[141.31048,38.69832],[141.3091,38.6976],[141.31074,38.69568],[141.31213,38.69778],[141.31452,38.69656],[141.31569,38.69703],[141.31769,38.69583],[141.31873,38.69436],[141.32022,38.69328],[141.32088,38.69401],[141.32448,38.69437],[141.32455,38.69586],[141.32319,38.69645],[141.32259,38.69725],[141.32306,38.69814],[141.32233,38.69827],[141.3222,38.69853]]],[[[141.30943,38.69865],[141.30991,38.6996],[141.30961,38.70128],[141.30895,38.70006],[141.30842,38.69964],[141.30839,38.69926],[141.30943,38.69865]]],[[[141.31848,38.70158],[141.31714,38.70134],[141.31553,38.70221],[141.31428,38.70097],[141.31565,38.70011],[141.31969,38.69934],[141.32145,38.69815],[141.32249,38.69884],[141.32392,38.69897],[141.32364,38.69992],[141.32525,38.70054],[141.32571,38.70137],[141.32424,38.70236],[141.32294,38.70217],[141.32183,38.70227],[141.3206,38.70151],[141.31909,38.70174],[141.31848,38.70158]]],[[[141.3148,38.70167],[141.31475,38.70246],[141.31358,38.70272],[141.31291,38.70215],[141.3148,38.70167]]],[[[141.3203,38.6925],[141.32056,38.69256],[141.32075,38.69277],[141.32061,38.69292],[141.32081,38.69309],[141.32155,38.69335],[141.32488,38.69343],[141.32448,38.69435],[141.3209,38.694],[141.32023,38.69326],[141.31981,38.6934],[141.3203,38.6925]]]]},"properties":{"林班":"C119","市町村名称":"登米市","旧市町村":null}},
{"type":"Feature","geometry":{"type":"Polygon","coordinates":[[[141.30388,38.69465],[141.30335,38.69443],[141.30253,38.69478],[141.30168,38.69425],[141.30052,38.69395],[141.29888,38.69452],[141.2981,38.69288],[141.30074,38.69137],[141.30113,38.69034],[141.30218,38.69043],[141.30388,38.69148],[141.30454,38.69267],[141.30748,38.69164],[141.30833,38.69154],[141.30836,38.69356],[141.30939,38.69516],[141.30942,38.69593],[141.30792,38.69749],[141.30712,38.69764],[141.3059,38.69662],[141.30556,38.69525],[141.30505,38.69493],[141.3047,38.69458],[141.30456,38.69455],[141.30388,38.69465]]]},"properties":{"林班":"C118","市町村名称":"登米市","旧市町村":null}},
{"type":"Feature","geometry":{"type":"MultiPolygon","coordinates":[[[[141.30237,38.69522],[141.29998,38.69609],[141.29802,38.69604],[141.29536,38.69733],[141.29449,38.69628],[141.29534,38.69507],[141.29746,38.69532],[141.29756,38.69455],[141.29888,38.69453],[141.30052,38.69396],[141.30192,38.69444],[141.30237,38.69522]]],[[[141.30747,38.69837],[141.30724,38.69956],[141.30641,38.69995],[141.30575,38.69968],[141.30417,38.69959],[141.30261,38.69902],[141.30209,38.6992],[141.3014,38.69907],[141.30075,38.69922],[141.30022,38.69903],[141.29786,38.69895],[141.30064,38.69769],[141.29803,38.69605],[141.29999,38.69609],[141.30195,38.69555],[141.30324,38.69471],[141.30363,38.6946],[141.30402,38.69468],[141.30469,38.69459],[141.30504,38.69494],[141.30554,38.69525],[141.30589,38.69663],[141.30654,38.69724],[141.30747,38.69837]]],[[[141.29728,38.7],[141.29772,38.69902],[141.29923,38.69903],[141.29975,38.70026],[141.29792,38.7004],[141.29728,38.7]]],[[[141.29916,38.70111],[141.30052,38.70076],[141.30034,38.69921],[141.30075,38.69923],[141.3014,38.69908],[141.3021,38.69921],[141.30262,38.69903],[141.30416,38.6996],[141.30574,38.69969],[141.30588,38.70028],[141.30491,38.70045],[141.30337,38.70179],[141.30296,38.70154],[141.30087,38.70237],[141.29956,38.7019],[141.29916,38.70111]]]]},"properties":{"林班":"C117","市町村名称":"登米市","旧市町村":null}},
{"type":"Feature","geometry":{"type":"MultiPolygon","coordinates":[[[[141.30569,38.70488],[141.30502,38.70495],[141.30442,38.70508],[141.30431,38.7053],[141.30285,38.70578],[141.30239,38.70598],[141.30181,38.70601],[141.3016,38.70565],[141.3007,38.70508],[141.30193,38.70354],[141.30425,38.70347],[141.30445,38.7025],[141.30305,38.70219],[141.30487,38.70065],[141.30797,38.69957],[141.30898,38.70023],[141.30956,38.70136],[141.31109,38.70235],[141.30975,38.70376],[141.30758,38.7053],[141.30631,38.70443],[141.30569,38.70488]]],[[[141.30324,38.7069],[141.30203,38.70608],[141.30239,38.70599],[141.30286,38.70579],[141.30432,38.70531],[141.30443,38.70509],[141.3046,38.70615],[141.30324,38.7069]]]]},"properties":{"林班":"C116","市町村名称":"登米市","旧市町村":null}},
{"type":"Feature","geometry":{"type":"MultiPolygon","coordinates":[[[[141.33721,38.6832],[141.33791,38.68335],[141.33846,38.68347],[141.33938,38.68444],[141.33963,38.68466],[141.33974,38.68531],[141.33983,38.68572],[141.33994,38.68598],[141.34056,38.68641],[141.3406,38.68672],[141.34127,38.6889],[141.34099,38.68921],[141.34213,38.68895],[141.34223,38.68955],[141.34234,38.69029],[141.34226,38.69039],[141.34211,38.69044],[141.34226,38.69039],[141.34234,38.69029],[141.34223,38.68955],[141.34213,38.68895],[141.34229,38.68895],[141.34281,38.68894],[141.34335,38.68934],[141.34354,38.69027],[141.34366,38.69058],[141.34373,38.69074],[141.34377,38.69082],[141.34364,38.69086],[141.3433,38.69101],[141.34319,38.69106],[141.34295,38.69119],[141.34288,38.69137],[141.34289,38.69153],[141.34289,38.69161],[141.34289,38.69176],[141.3429,38.69205],[141.34286,38.69218],[141.34277,38.69235],[141.34257,38.69272],[141.34251,38.69289],[141.34248,38.69301],[141.34236,38.69345],[141.34234,38.69361],[141.34234,38.6937],[141.34235,38.69379],[141.3424,38.69414],[141.34242,38.69422],[141.34244,38.69436],[141.34245,38.69442],[141.34252,38.69475],[141.3426,38.69509],[141.34264,38.69528],[141.34267,38.69581],[141.34269,38.69599],[141.34271,38.69607],[141.34272,38.69619],[141.34273,38.69627],[141.34262,38.6963],[141.34273,38.69629],[141.34198,38.69695],[141.33971,38.69775],[141.33919,38.69674],[141.33898,38.69637],[141.33881,38.6964],[141.33723,38.69334],[141.33733,38.69287],[141.33661,38.69051],[141.33557,38.68939],[141.33578,38.68874],[141.33552,38.68807],[141.33574,38.68682],[141.33545,38.68588],[141.33583,38.68493],[141.33675,38.68446],[141.33685,38.68424],[141.33691,38.68413],[141.33711,38.68318],[141.33721,38.6832]]],[[[141.34053,38.69506],[141.34053,38.69432],[141.34053,38.69506],[141.34055,38.69571],[141.34054,38.69586],[141.34046,38.69632],[141.34034,38.69658],[141.34046,38.69632],[141.34054,38.69586],[141.34055,38.69571],[141.34053,38.69506]]]]},"properties":{"林班":"C133","市町村名称":"登米市","旧市町村":null}},
{"type":"Feature","geometry":{"type":"MultiPolygon","coordinates":[[[[141.33595,38.6832],[141.33711,38.68318],[141.33691,38.68413],[141.33685,38.68424],[141.33675,38.68446],[141.33581,38.68489],[141.33549,38.6854],[141.33534,38.68541],[141.33549,38.6854],[141.33541,38.68588],[141.33556,38.68659],[141.33539,38.68801],[141.33562,38.68866],[141.33519,38.68947],[141.33675,38.69126],[141.33666,38.6926],[141.33765,38.69494],[141.33914,38.69698],[141.33908,38.69857],[141.33967,38.69933],[141.33828,38.70245],[141.33847,38.70416],[141.33745,38.70415],[141.33543,38.7032],[141.33562,38.70189],[141.33425,38.70086],[141.33441,38.70017],[141.33141,38.69989],[141.33213,38.69879],[141.33387,38.69795],[141.33476,38.69597],[141.33418,38.69479],[141.33292,38.69367],[141.33178,38.69335],[141.33112,38.69222],[141.33203,38.69053],[141.33213,38.69044],[141.33215,38.69041],[141.33244,38.69004],[141.33247,38.68986],[141.33249,38.68977],[141.33267,38.6891],[141.33276,38.68896],[141.33294,38.68873],[141.33297,38.68869],[141.33298,38.68865],[141.33301,38.68846],[141.33296,38.68683],[141.33303,38.68587],[141.33332,38.68536],[141.33335,38.68538],[141.33332,38.68536],[141.33318,38.68535],[141.33324,38.6849],[141.33336,38.6846],[141.33386,38.68374],[141.33595,38.6832]]],[[[141.33898,38.69637],[141.33919,38.69674],[141.33881,38.6964],[141.33898,38.69637]]]]},"properties":{"林班":"C132","市町村名称":"登米市","旧市町村":null}},
{"type":"Feature","geometry":{"type":"MultiPolygon","coordinates":[[[[141.32872,38.70571],[141.32711,38.70354],[141.32556,38.7034],[141.32441,38.70282],[141.32573,38.70138],[141.32682,38.70079],[141.32735,38.70065],[141.32783,38.70063],[141.32886,38.70069],[141.32902,38.70067],[141.33141,38.69989],[141.33441,38.70017],[141.33425,38.70086],[141.33562,38.70189],[141.33543,38.7032],[141.33745,38.70415],[141.33664,38.70402],[141.33653,38.70603],[141.33467,38.70595],[141.33298,38.70726],[141.33177,38.70641],[141.33034,38.70607],[141.3293,38.70688],[141.32876,38.70623],[141.32872,38.70571]]],[[[141.32353,38.70347],[141.32396,38.70235],[141.32438,38.70283],[141.32554,38.70342],[141.32616,38.70425],[141.32575,38.70497],[141.32389,38.70599],[141.32277,38.70551],[141.32206,38.70581],[141.32137,38.70695],[141.32111,38.70693],[141.32104,38.70683],[141.32124,38.70652],[141.32132,38.70601],[141.32148,38.70567],[141.32196,38.70517],[141.32245,38.704],[141.32353,38.70347]]]]},"properties":{"林班":"C131","市町村名称":"登米市","旧市町村":null}},
{"type":"Feature","geometry":{"type":"Polygon","coordinates":[[[141.32678,38.69352],[141.32853,38.6926],[141.32892,38.69249],[141.33111,38.69223],[141.33175,38.69337],[141.3329,38.69368],[141.33416,38.69479],[141.33474,38.69596],[141.33385,38.69794],[141.33211,38.69878],[141.33139,38.69988],[141.32901,38.70066],[141.32822,38.70062],[141.32761,38.70061],[141.32735,38.70064],[141.32681,38.70077],[141.32571,38.70137],[141.32525,38.70054],[141.32364,38.69992],[141.32392,38.69897],[141.3222,38.69853],[141.32233,38.69827],[141.32334,38.69858],[141.32538,38.69861],[141.32691,38.6974],[141.32556,38.69676],[141.32306,38.69814],[141.32259,38.69725],[141.32319,38.69645],[141.32455,38.69586],[141.32448,38.69437],[141.32678,38.69352]]]},"properties":{"林班":"C130","市町村名称":"登米市","旧市町村":null}},
{"type":"Feature","geometry":{"type":"MultiPolygon","coordinates":[[[[141.29062,38.66899],[141.29102,38.66922],[141.28768,38.67011],[141.28694,38.66999],[141.28874,38.66948],[141.29019,38.66916],[141.2904,38.66908],[141.29062,38.66899]]],[[[141.28987,38.67015],[141.29101,38.66932],[141.29115,38.67031],[141.28987,38.67015]]],[[[141.2869,38.67309],[141.28671,38.67147],[141.28945,38.67087],[141.29043,38.67022],[141.29128,38.67096],[141.28901,38.67157],[141.28928,38.67245],[141.28907,38.67285],[141.2869,38.67309]]],[[[141.28946,38.67222],[141.29084,38.67197],[141.2915,38.6727],[141.29271,38.67201],[141.29313,38.67376],[141.29417,38.67524],[141.29336,38.67541],[141.29235,38.6753],[141.29152,38.67371],[141.29052,38.6734],[141.28946,38.67222]]]]},"properties":{"林班":"C126","市町村名称":"登米市","旧市町村":null}},
{"type":"Feature","geometry":{"type":"MultiPolygon","coordinates":[[[[141.28987,38.67015],[141.28724,38.67064],[141.28694,38.66999],[141.28768,38.67011],[141.29102,38.66922],[141.29101,38.66932],[141.28987,38.67015]]],[[[141.2869,38.67309],[141.28907,38.67285],[141.28928,38.67245],[141.28946,38.67222],[141.29052,38.6734],[141.29152,38.67371],[141.29235,38.6753],[141.29336,38.67541],[141.29275,38.67608],[141.29268,38.67653],[141.29368,38.67743],[141.29412,38.67863],[141.29436,38.67885],[141.29485,38.67954],[141.29497,38.68146],[141.29536,38.6836],[141.2945,38.68593],[141.29305,38.68518],[141.29207,38.68418],[141.29056,38.68355],[141.28944,38.68139],[141.29028,38.68041],[141.28877,38.68028],[141.28826,38.67728],[141.28762,38.67604],[141.2869,38.67309]]],[[[141.29074,38.68942],[141.29198,38.68917],[141.29295,38.68844],[141.29356,38.68918],[141.29234,38.68988],[141.29074,38.68942]]],[[[141.2923,38.68815],[141.29539,38.68755],[141.29471,38.68858],[141.29374,38.68884],[141.29334,38.68833],[141.2923,38.68815]]]]},"properties":{"林班":"C125","市町村名称":"登米市","旧市町村":null}},
{"type":"Feature","geometry":{"type":"MultiPolygon","coordinates":[[[[141.29519,38.68248],[141.29505,38.68143],[141.2955,38.68041],[141.29446,38.67871],[141.29436,38.67791],[141.29276,38.67654],[141.29323,38.67561],[141.29384,38.67574],[141.29567,38.67566],[141.2962,38.67596],[141.29642,38.67634],[141.29626,38.67649],[141.29596,38.67736],[141.29534,38.67796],[141.29526,38.67842],[141.29633,38.67929],[141.29711,38.68118],[141.29757,38.68199],[141.29759,38.68292],[141.296,38.68392],[141.29681,38.68464],[141.29611,38.68666],[141.29431,38.68633],[141.29538,38.68408],[141.29535,38.68281],[141.29519,38.68248]]],[[[141.29497,38.68146],[141.29485,38.67954],[141.29537,38.68031],[141.29497,38.68146]]],[[[141.30252,38.67794],[141.30318,38.67912],[141.3031,38.68009],[141.30072,38.68182],[141.3006,38.68301],[141.29967,38.68323],[141.29913,38.68416],[141.29794,38.68395],[141.29812,38.68271],[141.29769,38.68137],[141.29716,38.68071],[141.29728,38.68041],[141.2968,38.68],[141.2966,38.67956],[141.29616,38.67905],[141.29539,38.67844],[141.29604,38.67735],[141.29628,38.6765],[141.29671,38.67605],[141.2971,38.67589],[141.29816,38.67569],[141.29874,38.67593],[141.30123,38.67668],[141.30123,38.67747],[141.30252,38.67794]]],[[[141.30229,38.67751],[141.30278,38.67828],[141.30462,38.67641],[141.30471,38.6764],[141.30469,38.67656],[141.30454,38.67692],[141.30429,38.67796],[141.30376,38.67857],[141.30347,38.6787],[141.30319,38.67906],[141.30229,38.67751]]],[[[141.30327,38.67897],[141.30378,38.67859],[141.30385,38.67864],[141.30344,38.67903],[141.30327,38.67897]]]]},"properties":{"林班":"C124","市町村名称":"登米市","旧市町村":null}},
{"type":"Feature","geometry":{"type":"MultiPolygon","coordinates":[[[[141.30479,38.67769],[141.30431,38.67847],[141.3049,38.67908],[141.30467,38.67924],[141.30494,38.6795],[141.30431,38.67989],[141.30323,38.68159],[141.3029,38.68174],[141.30279,38.68185],[141.30287,38.68286],[141.30166,38.68362],[141.30092,38.68284],[141.30079,38.68181],[141.30195,38.68098],[141.30217,38.68086],[141.30339,38.67991],[141.30327,38.67928],[141.30407,38.67855],[141.30476,38.67682],[141.30479,38.67769]]],[[[141.29941,38.6843],[141.3,38.6838],[141.30162,38.68366],[141.30007,38.68521],[141.29985,38.68573],[141.29913,38.68502],[141.29941,38.6843]]],[[[141.29951,38.6857],[141.29985,38.68575],[141.3001,38.68521],[141.30168,38.68363],[141.30289,38.68286],[141.30291,38.68176],[141.30337,38.68188],[141.30348,38.68282],[141.30381,38.68326],[141.30368,38.68386],[141.30375,38.68432],[141.30353,38.68511],[141.30187,38.68555],[141.30099,38.68622],[141.29951,38.6857]]],[[[141.30617,38.67921],[141.3056,38.68047],[141.30537,38.68064],[141.30541,38.68151],[141.3052,38.68252],[141.30534,38.68315],[141.30477,38.68393],[141.30415,38.68419],[141.3037,38.68387],[141.30384,38.68327],[141.30351,38.68282],[141.30355,38.68228],[141.30338,38.68186],[141.30293,38.68175],[141.30325,38.68161],[141.30433,38.67991],[141.30495,38.67952],[141.30506,38.67959],[141.30551,38.67912],[141.30617,38.67921]]],[[[141.31256,38.68248],[141.31168,38.68307],[141.3093,38.68325],[141.30909,38.68358],[141.30791,38.6838],[141.30729,38.68369],[141.30676,38.68383],[141.30549,38.68476],[141.3048,38.68494],[141.30434,38.68567],[141.30384,38.68541],[141.30407,38.68466],[141.30546,38.68331],[141.30593,38.68313],[141.30664,38.68321],[141.30702,38.68305],[141.30785,38.6822],[141.30792,38.6819],[141.31025,38.68084],[141.31173,38.68155],[141.31256,38.68248]]],[[[141.30471,38.6764],[141.30481,38.67656],[141.30454,38.67692],[141.30469,38.67656],[141.30471,38.6764]]],[[[141.30498,38.6849],[141.30522,38.68543],[141.30411,38.68585],[141.30475,38.68544],[141.30498,38.6849]]],[[[141.31023,38.68083],[141.30787,38.68188],[141.3065,38.68035],[141.30628,38.6813],[141.3073,38.68127],[141.3078,38.68218],[141.30703,38.68295],[141.30664,38.68315],[141.30591,38.68309],[141.30548,38.68323],[141.30528,38.68252],[141.30546,38.68151],[141.30541,38.68066],[141.30563,38.68049],[141.30618,38.67938],[141.3063,38.67838],[141.30751,38.67843],[141.30777,38.67837],[141.30783,38.67838],[141.30785,38.67839],[141.30976,38.6793],[141.30986,38.67937],[141.31023,38.68083]]]]},"properties":{"林班":"C123","市町村名称":"登米市","旧市町村":null}},
{"type":"Feature","geometry":{"type":"MultiPolygon","coordinates":[[[[141.32808,38.6857],[141.32916,38.68521],[141.33082,38.68402],[141.33171,38.68266],[141.33321,38.68272],[141.33333,38.68349],[141.33336,38.6846],[141.33324,38.6849],[141.33318,38.68535],[141.33303,38.68587],[141.33296,38.68683],[141.33301,38.68846],[141.33298,38.68865],[141.33297,38.68869],[141.33294,38.68873],[141.33276,38.68896],[141.33267,38.6891],[141.33249,38.68977],[141.33247,38.68986],[141.33244,38.69004],[141.33215,38.69041],[141.33213,38.69044],[141.33203,38.69053],[141.33109,38.69186],[141.32849,38.69258],[141.32716,38.69249],[141.32675,38.69351],[141.32448,38.69435],[141.32488,38.69343],[141.32444,38.69234],[141.32596,38.69153],[141.32656,38.69067],[141.32599,38.69018],[141.3242,38.68997],[141.32376,38.68927],[141.32438,38.68881],[141.32579,38.68658],[141.32808,38.6857]]],[[[141.32985,38.68977],[141.33047,38.68978],[141.33089,38.68983],[141.33103,38.68987],[141.33114,38.68996],[141.33162,38.69034],[141.33114,38.68996],[141.33103,38.68987],[141.33089,38.68983],[141.33047,38.68978],[141.32985,38.68977]]],[[[141.32678,38.69352],[141.32717,38.69251],[141.32853,38.6926],[141.32678,38.69352]]]]},"properties":{"林班":"C129","市町村名称":"登米市","旧市町村":null}},
{"type":"Feature","geometry":{"type":"MultiPolygon","coordinates":[[[[141.32552,38.68147],[141.32613,38.68153],[141.32683,38.68081],[141.3286,38.67989],[141.32961,38.67982],[141.32977,38.67989],[141.33003,38.68002],[141.33006,38.68004],[141.33014,38.68009],[141.33097,38.68034],[141.33197,38.68122],[141.32999,38.68143],[141.32708,38.68184],[141.32635,38.68273],[141.32535,38.68432],[141.32387,38.68483],[141.32358,38.68522],[141.32345,38.68566],[141.32322,38.68591],[141.32242,38.68596],[141.32271,38.68539],[141.32303,38.68495],[141.32327,38.68448],[141.32337,38.68436],[141.32478,38.68344],[141.32337,38.68436],[141.32327,38.68448],[141.32303,38.68495],[141.32199,38.68504],[141.32201,38.68498],[141.32222,38.68431],[141.32295,38.6825],[141.32312,38.68241],[141.32318,38.68237],[141.3232,38.68236],[141.32335,38.68227],[141.32412,38.68195],[141.32469,38.68177],[141.3247,38.68177],[141.32491,38.68169],[141.32552,38.68147]]],[[[141.3224,38.68601],[141.32307,38.68601],[141.3233,38.68593],[141.32351,38.68566],[141.32392,38.68486],[141.32539,38.68435],[141.32627,38.68329],[141.32724,38.6829],[141.32703,38.68199],[141.32999,38.68143],[141.33197,38.68122],[141.33218,38.68144],[141.33157,38.6824],[141.33171,38.68266],[141.33082,38.68402],[141.32916,38.68521],[141.32808,38.6857],[141.32782,38.68522],[141.32765,38.68506],[141.32782,38.68522],[141.32808,38.6857],[141.32579,38.68658],[141.32438,38.68881],[141.32376,38.68927],[141.32338,38.68777],[141.3224,38.68601]]]]},"properties":{"林班":"C128","市町村名称":"登米市","旧市町村":null}},
{"type":"Feature","geometry":{"type":"MultiPolygon","coordinates":[[[[141.30522,38.67333],[141.30596,38.67265],[141.30672,38.67477],[141.30812,38.67586],[141.30886,38.67595],[141.30891,38.67597],[141.30951,38.67623],[141.30894,38.67646],[141.31071,38.67675],[141.31222,38.67606],[141.31392,38.67676],[141.31415,38.67678],[141.31423,38.67676],[141.31425,38.67679],[141.31449,38.67708],[141.3144,38.6771],[141.31563,38.67778],[141.31645,38.67829],[141.31725,38.67824],[141.31728,38.67825],[141.31769,38.67895],[141.31705,38.6797],[141.31723,38.68068],[141.31561,38.68126],[141.31413,38.68072],[141.31325,38.68133],[141.31256,38.68248],[141.31173,38.68155],[141.31025,38.68084],[141.31023,38.68083],[141.30986,38.67937],[141.30976,38.6793],[141.30785,38.67839],[141.30783,38.67838],[141.30777,38.67837],[141.30751,38.67843],[141.3063,38.67838],[141.30617,38.67921],[141.30551,38.67912],[141.3056,38.67766],[141.30479,38.67769],[141.30476,38.67682],[141.30484,38.67646],[141.30474,38.67637],[141.30462,38.67641],[141.30278,38.67828],[141.30229,38.67751],[141.30252,38.67794],[141.30123,38.67747],[141.30123,38.67668],[141.29874,38.67593],[141.29817,38.67567],[141.29709,38.67587],[141.29669,38.67604],[141.29642,38.67634],[141.2962,38.67596],[141.2966,38.67577],[141.29544,38.67555],[141.29746,38.67519],[141.29767,38.67474],[141.29921,38.67438],[141.29939,38.67439],[141.29946,38.6744],[141.30072,38.67518],[141.30196,38.67465],[141.30313,38.67371],[141.30382,38.67384],[141.30489,38.6737],[141.30522,38.67333]]],[[[141.31309,38.68214],[141.31413,38.68074],[141.31561,38.68128],[141.31724,38.6807],[141.31827,38.68063],[141.31902,38.68081],[141.31944,38.68166],[141.31982,38.68197],[141.32036,38.68201],[141.32036,38.68208],[141.32025,38.68253],[141.32036,38.68208],[141.32036,38.68201],[141.32046,38.68174],[141.32163,38.68184],[141.32216,38.68157],[141.32477,38.68135],[141.32491,38.68169],[141.3247,38.68177],[141.32469,38.68177],[141.32412,38.68195],[141.32335,38.68227],[141.3232,38.68236],[141.32318,38.68237],[141.32312,38.68241],[141.32295,38.6825],[141.32222,38.68431],[141.32206,38.68464],[141.32123,38.68446],[141.32123,38.68434],[141.32064,38.68442],[141.32026,38.68436],[141.32011,38.68417],[141.32004,38.68389],[141.31982,38.68351],[141.31957,38.68331],[141.31925,38.68296],[141.31721,38.68405],[141.31614,38.68338],[141.31511,38.68265],[141.31396,38.68204],[141.31309,38.68214]]]]},"properties":{"林班":"C127","市町村名称":"登米市","旧市町村":null}},
{"type":"Feature","geometry":{"type":"MultiPolygon","coordinates":[[[[141.44756,38.53689],[141.44953,38.53651],[141.45112,38.53711],[141.45192,38.53705],[141.45284,38.5382],[141.4557,38.5377],[141.45672,38.53782],[141.45762,38.53861],[141.45756,38.53941],[141.45699,38.54035],[141.45592,38.54093],[141.45495,38.5425],[141.45238,38.54192],[141.45214,38.54241],[141.45317,38.54331],[141.44963,38.54369],[141.44758,38.5437],[141.44751,38.54358],[141.44767,38.54288],[141.44747,38.54136],[141.44866,38.54009],[141.44863,38.53925],[141.44765,38.53839],[141.44756,38.53689]]],[[[141.45346,38.54332],[141.45242,38.54203],[141.45485,38.54256],[141.45379,38.54332],[141.45346,38.54332]]]]},"properties":{"林班":"B004","市町村名称":"石巻市","旧市町村":null}},
{"type":"Feature","geometry":{"type":"Polygon","coordinates":[[[141.44652,38.53175],[141.44764,38.5304],[141.44736,38.52761],[141.44944,38.52723],[141.45153,38.52736],[141.4524,38.52789],[141.45652,38.53339],[141.45661,38.5352],[141.45728,38.53635],[141.45805,38.53633],[141.45882,38.53762],[141.45914,38.53915],[141.45764,38.54003],[141.45757,38.53949],[141.45756,38.53941],[141.45762,38.53861],[141.45672,38.53782],[141.4557,38.5377],[141.45284,38.5382],[141.45192,38.53705],[141.45112,38.53711],[141.44953,38.53651],[141.44756,38.53689],[141.44667,38.53598],[141.44572,38.53487],[141.44621,38.53411],[141.44652,38.53175]]]},"properties":{"林班":"B003","市町村名称":"石巻市","旧市町村":null}},
{"type":"Feature","geometry":{"type":"MultiPolygon","coordinates":[[[[141.46471,38.54263],[141.4656,38.54161],[141.46665,38.54159],[141.46787,38.53838],[141.46832,38.54001],[141.46805,38.54142],[141.46905,38.54189],[141.46846,38.54271],[141.46598,38.54312],[141.46471,38.54263]]],[[[141.45928,38.56198],[141.45872,38.56099],[141.46045,38.55965],[141.46087,38.5586],[141.46204,38.5584],[141.46195,38.55767],[141.46321,38.5568],[141.4653,38.55686],[141.4658,38.55648],[141.46671,38.55332],[141.46766,38.55392],[141.46846,38.55167],[141.47036,38.55065],[141.47034,38.54946],[141.46976,38.54918],[141.46898,38.54577],[141.46839,38.54523],[141.4682,38.5439],[141.46995,38.54466],[141.47147,38.54286],[141.47184,38.54368],[141.47122,38.54494],[141.47181,38.54686],[141.47158,38.54758],[141.47252,38.54838],[141.47212,38.54942],[141.47328,38.54991],[141.47616,38.54927],[141.47832,38.5505],[141.4776,38.55146],[141.47608,38.55257],[141.47498,38.55276],[141.47349,38.55393],[141.47339,38.55584],[141.47276,38.55659],[141.47072,38.55696],[141.4687,38.55852],[141.46634,38.55724],[141.46539,38.55748],[141.4646,38.55794],[141.46353,38.55907],[141.46179,38.55959],[141.46184,38.56043],[141.45982,38.56134],[141.45928,38.56198]]]]},"properties":{"林班":"B002","市町村名称":"石巻市","旧市町村":null}},
{"type":"Feature","geometry":{"type":"MultiPolygon","coordinates":[[[[141.47276,38.55659],[141.47403,38.55716],[141.47474,38.55802],[141.47488,38.55915],[141.47439,38.5602],[141.47061,38.56051],[141.47005,38.56102],[141.46875,38.56096],[141.46679,38.56028],[141.4664,38.55928],[141.46539,38.55748],[141.46634,38.55724],[141.4687,38.55852],[141.47072,38.55696],[141.47276,38.55659]]],[[[141.4646,38.55794],[141.46575,38.55816],[141.46565,38.55893],[141.46356,38.5604],[141.46257,38.56153],[141.46028,38.5616],[141.45928,38.56198],[141.45982,38.56134],[141.46184,38.56043],[141.46179,38.55959],[141.46353,38.55907],[141.4646,38.55794]]]]},"properties":{"林班":"B001","市町村名称":"石巻市","旧市町村":null}},
{"type":"Feature","geometry":{"type":"Polygon","coordinates":[[[141.3967,38.52349],[141.39886,38.52232],[141.40029,38.52188],[141.40086,38.52036],[141.40178,38.52083],[141.40159,38.52114],[141.40411,38.52319],[141.4051,38.52564],[141.40669,38.5275],[141.40673,38.52753],[141.40728,38.52824],[141.4077,38.52963],[141.40883,38.53045],[141.40826,38.53038],[141.40703,38.53002],[141.40411,38.52989],[141.40364,38.52935],[141.40147,38.52968],[141.39897,38.52779],[141.39828,38.52681],[141.39783,38.52683],[141.39751,38.52683],[141.39744,38.52683],[141.39749,38.52674],[141.39801,38.52594],[141.39695,38.52524],[141.39672,38.52408],[141.3967,38.52349]],[[141.39994,38.52658],[141.40196,38.52637],[141.40184,38.52538],[141.40037,38.52577],[141.39994,38.52658]]]},"properties":{"林班":"B019","市町村名称":"石巻市","旧市町村":null}},
{"type":"Feature","geometry":{"type":"Polygon","coordinates":[[[141.40086,38.52036],[141.40143,38.51911],[141.40144,38.51747],[141.40211,38.51698],[141.40198,38.51576],[141.40229,38.51418],[141.40242,38.51137],[141.40464,38.51104],[141.40586,38.51273],[141.40611,38.5146],[141.40669,38.51526],[141.40708,38.51698],[141.4052,38.51705],[141.4053,38.51926],[141.40507,38.52088],[141.40419,38.52206],[141.40322,38.5218],[141.40178,38.52083],[141.40086,38.52036]]]},"properties":{"林班":"B018","市町村名称":"石巻市","旧市町村":null}},
{"type":"Feature","geometry":{"type":"Polygon","coordinates":[[[141.39785,38.49743],[141.39864,38.49742],[141.40001,38.49626],[141.40177,38.49604],[141.40308,38.49675],[141.40546,38.49855],[141.40599,38.49933],[141.40642,38.50208],[141.40528,38.50632],[141.4056,38.5071],[141.40475,38.50792],[141.40425,38.50986],[141.40289,38.50961],[141.4019,38.50781],[141.40125,38.50745],[141.39846,38.50394],[141.39727,38.50137],[141.39641,38.50066],[141.39684,38.49937],[141.39708,38.49926],[141.39827,38.49881],[141.39781,38.49802],[141.39769,38.49783],[141.39776,38.49764],[141.39785,38.49743]]]},"properties":{"林班":"B017","市町村名称":"石巻市","旧市町村":null}},
{"type":"Feature","geometry":{"type":"Polygon","coordinates":[[[141.40901,38.50764],[141.40642,38.50865],[141.40646,38.50729],[141.40602,38.50615],[141.40814,38.50556],[141.40976,38.50388],[141.41298,38.50245],[141.41241,38.50163],[141.41381,38.50079],[141.41436,38.49988],[141.41567,38.49917],[141.41841,38.49851],[141.42075,38.49751],[141.42189,38.49738],[141.42182,38.49769],[141.42181,38.4981],[141.42188,38.49845],[141.42139,38.49977],[141.41973,38.5018],[141.41817,38.5033],[141.41739,38.50364],[141.41609,38.50469],[141.41607,38.50476],[141.41539,38.50537],[141.41296,38.50637],[141.41271,38.50645],[141.41231,38.50666],[141.4122,38.50673],[141.41209,38.5068],[141.41157,38.50702],[141.41142,38.50679],[141.41153,38.50696],[141.4109,38.50711],[141.41066,38.50713],[141.40998,38.50744],[141.40993,38.50752],[141.40985,38.50759],[141.40901,38.50764]]]},"properties":{"林班":"B016","市町村名称":"石巻市","旧市町村":null}},
{"type":"Feature","geometry":{"type":"MultiPolygon","coordinates":[[[[141.17014,38.44507],[141.17162,38.44485],[141.17322,38.44599],[141.17503,38.44563],[141.17341,38.44758],[141.17332,38.4488],[141.17273,38.44971],[141.17103,38.4483],[141.17137,38.44708],[141.17093,38.44674],[141.1706,38.44754],[141.1704,38.44631],[141.16914,38.44541],[141.16906,38.44505],[141.17014,38.44507]]],[[[141.16793,38.44578],[141.16863,38.44535],[141.17036,38.4463],[141.17052,38.44714],[141.16966,38.4472],[141.16914,38.44806],[141.16823,38.44649],[141.16823,38.44636],[141.16793,38.44578]]],[[[141.17012,38.44981],[141.17099,38.44971],[141.1724,38.45132],[141.17244,38.45284],[141.17184,38.45425],[141.1719,38.45399],[141.17154,38.45209],[141.17125,38.45105],[141.17032,38.45053],[141.1701,38.45021],[141.17012,38.44981]]],[[[141.18095,38.446],[141.17899,38.44622],[141.17801,38.44673],[141.17766,38.44788],[141.17561,38.44894],[141.17658,38.45058],[141.1752,38.45019],[141.17432,38.45123],[141.17363,38.45027],[141.17455,38.44925],[141.17402,38.44766],[141.17493,38.4471],[141.17628,38.44467],[141.17786,38.44454],[141.17866,38.44405],[141.18051,38.44538],[141.18095,38.446]]],[[[141.18068,38.44886],[141.17944,38.44673],[141.18103,38.44631],[141.18045,38.44846],[141.18068,38.44886]]],[[[141.18031,38.45306],[141.18227,38.45254],[141.18282,38.45293],[141.18031,38.45306]]]]},"properties":{"林班":"A002","市町村名称":"東松島市","旧市町村":null}},
{"type":"Feature","geometry":{"type":"MultiPolygon","coordinates":[[[[141.15873,38.44521],[141.15894,38.44469],[141.15892,38.44447],[141.15942,38.44388],[141.15997,38.44381],[141.1605,38.44328],[141.16153,38.44271],[141.16504,38.44335],[141.1653,38.4441],[141.16316,38.44394],[141.16168,38.4463],[141.16085,38.44697],[141.15924,38.44984],[141.15878,38.4487],[141.15693,38.44864],[141.15732,38.44661],[141.15725,38.44643],[141.15873,38.44521]]],[[[141.15967,38.44369],[141.15983,38.44367],[141.1601,38.44362],[141.15946,38.44385],[141.15967,38.44369]]],[[[141.17011,38.44979],[141.16872,38.4492],[141.16709,38.4508],[141.16733,38.45243],[141.16556,38.45258],[141.16429,38.45202],[141.16484,38.45078],[141.16523,38.44843],[141.16462,38.44844],[141.16411,38.44977],[141.16308,38.44964],[141.16332,38.44803],[141.16162,38.44965],[141.16154,38.44834],[141.16305,38.4474],[141.16283,38.44636],[141.16343,38.44509],[141.16487,38.44429],[141.16586,38.44442],[141.16727,38.44504],[141.16793,38.44578],[141.16823,38.44636],[141.16823,38.44649],[141.16914,38.44806],[141.16925,38.44834],[141.17011,38.44979]]],[[[141.17032,38.45053],[141.17125,38.45105],[141.17154,38.45209],[141.17032,38.45053]]]]},"properties":{"林班":"A003","市町村名称":"東松島市","旧市町村":null}},
{"type":"Feature","geometry":{"type":"MultiPolygon","coordinates":[[[[141.16988,38.4613],[141.17028,38.45999],[141.17096,38.46088],[141.172,38.46002],[141.17493,38.45983],[141.17442,38.45897],[141.1759,38.45886],[141.17795,38.45943],[141.17842,38.45898],[141.17668,38.45802],[141.17603,38.45683],[141.17658,38.45624],[141.17931,38.45732],[141.18,38.45704],[141.17905,38.45536],[141.18116,38.45446],[141.18013,38.45379],[141.17819,38.45314],[141.17883,38.45282],[141.17944,38.45265],[141.17959,38.45263],[141.18031,38.45306],[141.18282,38.45293],[141.18317,38.45189],[141.18484,38.45115],[141.18561,38.45086],[141.18635,38.45171],[141.1862,38.45254],[141.18512,38.45342],[141.18566,38.45404],[141.18828,38.45324],[141.18854,38.45372],[141.19054,38.45448],[141.18987,38.45576],[141.18843,38.45586],[141.1865,38.45775],[141.18651,38.45867],[141.18855,38.45933],[141.18771,38.46031],[141.18536,38.45975],[141.18434,38.45903],[141.18388,38.45902],[141.18296,38.45888],[141.18148,38.45868],[141.1803,38.45912],[141.17945,38.4597],[141.17915,38.4603],[141.17855,38.46162],[141.17765,38.46115],[141.17673,38.46096],[141.17492,38.46141],[141.17319,38.46102],[141.17249,38.46146],[141.17163,38.46109],[141.17031,38.46103],[141.16988,38.4613]]],[[[141.16599,38.4607],[141.16776,38.46028],[141.1687,38.46093],[141.16773,38.46093],[141.16737,38.46111],[141.1669,38.46137],[141.16668,38.46129],[141.16671,38.46137],[141.16628,38.46132],[141.16614,38.46114],[141.16599,38.4607]]],[[[141.189,38.45847],[141.19075,38.45936],[141.19007,38.45993],[141.18863,38.45971],[141.189,38.45847]]]]},"properties":{"林班":"A001","市町村名称":"東松島市","旧市町村":null}},
{"type":"Feature","geometry":{"type":"MultiPolygon","coordinates":[[[[141.14103,38.43795],[141.1413,38.43676],[141.14057,38.43587],[141.14171,38.43535],[141.14537,38.43715],[141.14448,38.43783],[141.14342,38.43771],[141.14181,38.43914],[141.14274,38.43984],[141.14235,38.44094],[141.1404,38.43907],[141.14095,38.43811],[141.14103,38.43795]]],[[[141.1393,38.43907],[141.13946,38.43874],[141.13963,38.43861],[141.13998,38.43846],[141.14014,38.43841],[141.13969,38.44005],[141.13951,38.43995],[141.13922,38.43996],[141.13951,38.43995],[141.13969,38.44005],[141.1396,38.44011],[141.13971,38.44041],[141.13925,38.44053],[141.13931,38.44025],[141.13926,38.44051],[141.13924,38.44047],[141.13912,38.44009],[141.13929,38.43951],[141.13928,38.43932],[141.1393,38.43907]]],[[[141.13926,38.44055],[141.13971,38.44041],[141.14036,38.44063],[141.14035,38.44208],[141.13958,38.44143],[141.13954,38.44132],[141.13926,38.44056],[141.13926,38.44055]]],[[[141.14606,38.43707],[141.14571,38.43694],[141.14583,38.43652],[141.14606,38.43655],[141.14641,38.43659],[141.14639,38.43672],[141.14641,38.43659],[141.14787,38.43674],[141.14828,38.43703],[141.14901,38.43673],[141.14929,38.43619],[141.14928,38.43593],[141.15027,38.43519],[141.15152,38.43587],[141.15176,38.4359],[141.15185,38.43587],[141.15246,38.43719],[141.15363,38.43826],[141.15453,38.43855],[141.1542,38.4356],[141.15428,38.4356],[141.15429,38.43563],[141.15447,38.4356],[141.15473,38.43546],[141.15572,38.43515],[141.15585,38.43621],[141.15681,38.43648],[141.1574,38.43835],[141.15716,38.43898],[141.15587,38.43886],[141.15355,38.43914],[141.15065,38.43808],[141.14783,38.43796],[141.14566,38.43812],[141.14606,38.43707]]],[[[141.14506,38.44032],[141.14624,38.43964],[141.14831,38.43929],[141.14888,38.44005],[141.14838,38.44003],[141.14784,38.44029],[141.14655,38.44007],[141.14506,38.44032]]],[[[141.14902,38.44011],[141.14986,38.43904],[141.154,38.43981],[141.15598,38.43925],[141.15744,38.43974],[141.1585,38.43935],[141.16123,38.44062],[141.16052,38.44276],[141.15954,38.44275],[141.15898,38.44179],[141.1585,38.44176],[141.15827,38.4407],[141.15662,38.44092],[141.15615,38.44034],[141.15407,38.4409],[141.15305,38.44161],[141.15164,38.44038],[141.15031,38.4398],[141.14902,38.44011]]]]},"properties":{"林班":"A006","市町村名称":"東松島市","旧市町村":null}},
{"type":"Feature","geometry":{"type":"MultiPolygon","coordinates":[[[[141.15555,38.43141],[141.15503,38.43033],[141.15597,38.42953],[141.15683,38.42941],[141.15694,38.42962],[141.15873,38.43045],[141.15889,38.43046],[141.15936,38.43045],[141.15946,38.43052],[141.15954,38.43069],[141.162,38.43043],[141.16224,38.43221],[141.16024,38.43433],[141.15824,38.43321],[141.15618,38.4336],[141.158,38.43444],[141.15906,38.43564],[141.15868,38.43693],[141.15779,38.43713],[141.1574,38.43835],[141.15681,38.43648],[141.15585,38.43621],[141.15572,38.43515],[141.15569,38.43461],[141.15608,38.43414],[141.1561,38.43394],[141.15597,38.43315],[141.15586,38.43266],[141.15588,38.43246],[141.15549,38.43209],[141.15555,38.43141]]],[[[141.1601,38.43856],[141.15943,38.43665],[141.16035,38.43488],[141.16173,38.43434],[141.16316,38.43474],[141.16315,38.43486],[141.16242,38.43589],[141.16116,38.4359],[141.16018,38.43842],[141.16015,38.43846],[141.1601,38.43856]]],[[[141.16378,38.43019],[141.16461,38.42987],[141.166,38.43011],[141.16818,38.42943],[141.16859,38.43016],[141.1668,38.43159],[141.16487,38.4316],[141.16356,38.4321],[141.16289,38.43101],[141.16378,38.43019]]]]},"properties":{"林班":"A007","市町村名称":"東松島市","旧市町村":null}},
{"type":"Feature","geometry":{"type":"MultiPolygon","coordinates":[[[[141.1585,38.44176],[141.15667,38.44241],[141.15612,38.44188],[141.15496,38.44315],[141.15478,38.44472],[141.15407,38.44543],[141.15258,38.44536],[141.15101,38.44491],[141.15058,38.44419],[141.15175,38.44213],[141.14947,38.44147],[141.14902,38.44011],[141.15031,38.4398],[141.15164,38.44038],[141.15305,38.44161],[141.15407,38.4409],[141.15615,38.44034],[141.15662,38.44092],[141.15827,38.4407],[141.1585,38.44176]]],[[[141.14784,38.44029],[141.14718,38.44087],[141.14506,38.44032],[141.14655,38.44007],[141.14784,38.44029]]],[[[141.14931,38.44807],[141.15024,38.44717],[141.1512,38.44819],[141.15364,38.44862],[141.15315,38.45056],[141.15042,38.44943],[141.14931,38.44807]]],[[[141.15732,38.44661],[141.15558,38.4479],[141.15562,38.44671],[141.15619,38.44537],[141.15756,38.44585],[141.15725,38.44643],[141.15732,38.44661]]],[[[141.15873,38.44521],[141.15677,38.44428],[141.15688,38.44314],[141.15903,38.4429],[141.15967,38.44369],[141.15946,38.44385],[141.15942,38.44388],[141.15892,38.44447],[141.15894,38.44469],[141.15873,38.44521]]]]},"properties":{"林班":"A004","市町村名称":"東松島市","旧市町村":null}},
{"type":"Feature","geometry":{"type":"MultiPolygon","coordinates":[[[[141.1605,38.44328],[141.16119,38.44197],[141.1626,38.44129],[141.1642,38.44191],[141.16546,38.44289],[141.1653,38.4441],[141.16504,38.44335],[141.16153,38.44271],[141.1605,38.44328]]],[[[141.16586,38.44442],[141.16611,38.44299],[141.16691,38.44197],[141.16917,38.44299],[141.16904,38.44512],[141.16867,38.44534],[141.16863,38.44535],[141.16793,38.44578],[141.16727,38.44504],[141.16586,38.44442]]],[[[141.17473,38.44219],[141.1756,38.44268],[141.17646,38.44413],[141.17545,38.44566],[141.17389,38.44304],[141.17473,38.44219]]],[[[141.17628,38.44467],[141.17679,38.44322],[141.17661,38.44186],[141.17997,38.44226],[141.18273,38.44352],[141.18333,38.4441],[141.18191,38.4454],[141.18432,38.44684],[141.18068,38.44886],[141.18045,38.44846],[141.18103,38.44631],[141.18095,38.446],[141.18051,38.44538],[141.17866,38.44405],[141.17786,38.44454],[141.17628,38.44467]]],[[[141.18354,38.4483],[141.18447,38.4476],[141.18679,38.44745],[141.18614,38.44901],[141.1854,38.44989],[141.18456,38.44997],[141.18354,38.4483]]],[[[141.18484,38.45115],[141.18561,38.45017],[141.18771,38.44975],[141.18927,38.45148],[141.18822,38.45208],[141.18635,38.45171],[141.18561,38.45086],[141.18484,38.45115]]]]},"properties":{"林班":"A005","市町村名称":"東松島市","旧市町村":null}},
{"type":"Feature","geometry":{"type":"Polygon","coordinates":[[[141.37905,38.53206],[141.38062,38.52973],[141.38125,38.52938],[141.38317,38.52939],[141.38642,38.52819],[141.38786,38.52631],[141.3921,38.52592],[141.39212,38.52657],[141.39022,38.5276],[141.38983,38.52897],[141.39098,38.52971],[141.39117,38.5306],[141.38984,38.53245],[141.39065,38.53454],[141.38883,38.53667],[141.38818,38.53648],[141.38696,38.53586],[141.38671,38.53481],[141.3877,38.53406],[141.38623,38.53371],[141.38533,38.53438],[141.3848,38.53339],[141.38328,38.53386],[141.38286,38.53248],[141.38121,38.53204],[141.37998,38.53281],[141.37842,38.5325],[141.37863,38.53238],[141.37871,38.53232],[141.37893,38.53217],[141.37969,38.53241],[141.37905,38.53206]]]},"properties":{"林班":"B022","市町村名称":"石巻市","旧市町村":null}},
{"type":"Feature","geometry":{"type":"MultiPolygon","coordinates":[[[[141.3921,38.52592],[141.39359,38.52511],[141.39672,38.52408],[141.39695,38.52524],[141.39801,38.52594],[141.39749,38.52674],[141.39744,38.52683],[141.39734,38.52701],[141.39689,38.52817],[141.39675,38.52834],[141.39658,38.52845],[141.3961,38.52872],[141.39609,38.52897],[141.39627,38.53165],[141.39736,38.53212],[141.39875,38.534],[141.39905,38.53493],[141.39911,38.53509],[141.39915,38.5354],[141.39973,38.53573],[141.4,38.53582],[141.40015,38.53594],[141.40019,38.53598],[141.40035,38.53638],[141.40048,38.53768],[141.39852,38.53837],[141.39857,38.53725],[141.39738,38.53657],[141.39696,38.53522],[141.39534,38.53464],[141.39552,38.53598],[141.39473,38.53616],[141.39459,38.53722],[141.39189,38.53651],[141.392,38.53531],[141.39279,38.53474],[141.391,38.53301],[141.39076,38.53219],[141.39117,38.5306],[141.39098,38.52971],[141.38983,38.52897],[141.39022,38.5276],[141.39212,38.52657],[141.3921,38.52592]]],[[[141.40204,38.53823],[141.40457,38.53937],[141.40254,38.53899],[141.40204,38.53823]]]]},"properties":{"林班":"B021","市町村名称":"石巻市","旧市町村":null}},
{"type":"Feature","geometry":{"type":"MultiPolygon","coordinates":[[[[141.16261,38.42674],[141.16272,38.426],[141.164,38.42517],[141.16509,38.4262],[141.16448,38.42682],[141.16618,38.42776],[141.1629,38.42949],[141.16199,38.42818],[141.16265,38.42773],[141.16275,38.42758],[141.16261,38.4273],[141.16261,38.42674]]],[[[141.16378,38.43019],[141.16742,38.42782],[141.16836,38.42681],[141.16914,38.42746],[141.17048,38.42662],[141.16832,38.42843],[141.16818,38.42943],[141.166,38.43011],[141.16461,38.42987],[141.16378,38.43019]]],[[[141.17526,38.42228],[141.17376,38.4225],[141.1734,38.42263],[141.17278,38.42328],[141.17196,38.42353],[141.17186,38.42406],[141.1703,38.42509],[141.17111,38.42253],[141.17236,38.4225],[141.1729,38.42257],[141.17353,38.42215],[141.17526,38.42228]]],[[[141.16861,38.42496],[141.16892,38.42561],[141.1676,38.42527],[141.16768,38.42509],[141.16793,38.4252],[141.16861,38.42496]]],[[[141.17362,38.42381],[141.17272,38.42348],[141.17344,38.42268],[141.17397,38.42253],[141.17536,38.4225],[141.17602,38.42218],[141.1745,38.42395],[141.17362,38.42381]]],[[[141.17221,38.42573],[141.17147,38.42487],[141.17224,38.42416],[141.17312,38.4242],[141.17305,38.42559],[141.17221,38.42573]]]]},"properties":{"林班":"A008","市町村名称":"東松島市","旧市町村":null}},
{"type":"Feature","geometry":{"type":"Polygon","coordinates":[[[141.39744,38.52683],[141.39751,38.52683],[141.39783,38.52683],[141.39828,38.52681],[141.39897,38.52779],[141.40147,38.52968],[141.40364,38.52935],[141.40411,38.52989],[141.40703,38.53002],[141.40737,38.53151],[141.40612,38.53258],[141.40715,38.53348],[141.40669,38.53438],[141.40507,38.53455],[141.40446,38.53399],[141.40303,38.53395],[141.40364,38.53497],[141.39987,38.53405],[141.40127,38.53529],[141.40181,38.53659],[141.40312,38.53739],[141.40383,38.53896],[141.40457,38.53937],[141.40204,38.53823],[141.40171,38.53713],[141.40048,38.53768],[141.40035,38.53638],[141.40019,38.53598],[141.40015,38.53594],[141.4,38.53582],[141.39973,38.53573],[141.39915,38.5354],[141.39911,38.53509],[141.39905,38.53493],[141.39875,38.534],[141.39736,38.53212],[141.39627,38.53165],[141.39609,38.52897],[141.3961,38.52872],[141.39658,38.52845],[141.39675,38.52834],[141.39689,38.52817],[141.39734,38.52701],[141.39744,38.52683]]]},"properties":{"林班":"B020","市町村名称":"石巻市","旧市町村":null}},
{"type":"Feature","geometry":{"type":"MultiPolygon","coordinates":[[[[141.17221,38.42573],[141.17305,38.42559],[141.17312,38.4242],[141.17362,38.42381],[141.1745,38.42395],[141.17602,38.42218],[141.1774,38.42148],[141.18009,38.4242],[141.17913,38.42561],[141.17717,38.42561],[141.17724,38.42415],[141.17606,38.42373],[141.17661,38.42624],[141.17232,38.42635],[141.17199,38.4257],[141.17215,38.42572],[141.17221,38.42573]]],[[[141.17048,38.42662],[141.17166,38.42675],[141.17329,38.42797],[141.17159,38.42864],[141.17237,38.4295],[141.17348,38.42834],[141.17481,38.4288],[141.17485,38.42969],[141.17357,38.43028],[141.17271,38.43004],[141.17116,38.43066],[141.17405,38.4317],[141.17391,38.43346],[141.17291,38.43235],[141.17054,38.43153],[141.16944,38.43099],[141.16859,38.43016],[141.16818,38.42943],[141.16832,38.42843],[141.17048,38.42662]]],[[[141.17408,38.42767],[141.17412,38.42671],[141.17599,38.42656],[141.17655,38.42742],[141.17553,38.42858],[141.17408,38.42767]]],[[[141.17754,38.43036],[141.17744,38.42921],[141.17599,38.42898],[141.1775,38.42754],[141.17866,38.42783],[141.18049,38.42631],[141.1828,38.4268],[141.1807,38.42761],[141.18048,38.42833],[141.17908,38.42903],[141.17847,38.43036],[141.17754,38.43036]]],[[[141.17486,38.43345],[141.17471,38.43155],[141.17602,38.43029],[141.17743,38.43066],[141.17675,38.4317],[141.17578,38.43214],[141.17489,38.43346],[141.17486,38.43345]]]]},"properties":{"林班":"A009","市町村名称":"東松島市","旧市町村":null}},
{"type":"Feature","geometry":{"type":"Polygon","coordinates":[[[141.37774,38.52073],[141.37721,38.5193],[141.37925,38.51763],[141.37934,38.51739],[141.37989,38.51665],[141.38093,38.5156],[141.38036,38.51471],[141.38077,38.51326],[141.3817,38.51259],[141.38407,38.51201],[141.38523,38.51241],[141.38553,38.51338],[141.38771,38.51416],[141.38766,38.51567],[141.38721,38.51702],[141.38763,38.5178],[141.38716,38.51918],[141.38766,38.51992],[141.38541,38.5202],[141.38497,38.5187],[141.38382,38.52099],[141.38304,38.5203],[141.38222,38.52122],[141.38067,38.52184],[141.38041,38.52286],[141.37935,38.52284],[141.37915,38.52366],[141.37821,38.52447],[141.37666,38.52459],[141.37659,38.52548],[141.37652,38.52532],[141.37592,38.52362],[141.37645,38.52326],[141.37747,38.52209],[141.37722,38.52109],[141.37736,38.52096],[141.37774,38.52073]]]},"properties":{"林班":"B026","市町村名称":"石巻市","旧市町村":null}},
{"type":"Feature","geometry":{"type":"MultiPolygon","coordinates":[[[[141.38485,38.50092],[141.38867,38.50194],[141.39004,38.50175],[141.39071,38.50212],[141.3925,38.50257],[141.39289,38.50241],[141.39284,38.50268],[141.3921,38.50252],[141.39085,38.5027],[141.38954,38.50264],[141.38877,38.50347],[141.38726,38.50421],[141.38721,38.50596],[141.38779,38.50745],[141.38679,38.50729],[141.38295,38.50786],[141.38287,38.50728],[141.38472,38.50641],[141.38569,38.50537],[141.38577,38.50432],[141.385,38.50388],[141.38414,38.50254],[141.38485,38.50092]]],[[[141.38407,38.51201],[141.38463,38.51151],[141.38787,38.51146],[141.3896,38.51177],[141.39026,38.51099],[141.39235,38.51056],[141.39501,38.50857],[141.39693,38.51061],[141.39673,38.5124],[141.39585,38.51308],[141.39429,38.5136],[141.39527,38.51441],[141.39566,38.51547],[141.39512,38.51598],[141.39614,38.51708],[141.39437,38.51805],[141.39372,38.51854],[141.39262,38.51927],[141.39075,38.51983],[141.39055,38.51987],[141.39022,38.51972],[141.38984,38.51964],[141.38874,38.51942],[141.38766,38.51992],[141.38716,38.51918],[141.38763,38.5178],[141.38721,38.51702],[141.38766,38.51567],[141.38771,38.51416],[141.38553,38.51338],[141.38523,38.51241],[141.38407,38.51201]]]]},"properties":{"林班":"B025","市町村名称":"石巻市","旧市町村":null}},
{"type":"Feature","geometry":{"type":"Polygon","coordinates":[[[141.38254,38.52264],[141.38499,38.52132],[141.38821,38.52076],[141.39022,38.51972],[141.39055,38.51987],[141.39075,38.51983],[141.39262,38.51927],[141.39372,38.51854],[141.39386,38.51846],[141.39416,38.51822],[141.39437,38.51805],[141.39614,38.51708],[141.39735,38.51751],[141.39599,38.51965],[141.39695,38.52121],[141.39644,38.52305],[141.3967,38.52349],[141.39672,38.52408],[141.39359,38.52511],[141.39262,38.52376],[141.3909,38.52263],[141.38666,38.52171],[141.38438,38.52301],[141.38254,38.52264]]]},"properties":{"林班":"B024","市町村名称":"石巻市","旧市町村":null}},
{"type":"Feature","geometry":{"type":"Polygon","coordinates":[[[141.37842,38.5325],[141.37695,38.53167],[141.3755,38.52978],[141.37709,38.52964],[141.37879,38.52799],[141.38015,38.52609],[141.38175,38.52639],[141.38149,38.52482],[141.38298,38.52331],[141.38254,38.52264],[141.38438,38.52301],[141.38666,38.52171],[141.3909,38.52263],[141.39262,38.52376],[141.39359,38.52511],[141.3921,38.52592],[141.38786,38.52631],[141.38642,38.52819],[141.38317,38.52939],[141.38125,38.52938],[141.38062,38.52973],[141.37905,38.53206],[141.37893,38.53217],[141.37871,38.53232],[141.37863,38.53238],[141.37842,38.5325]]]},"properties":{"林班":"B023","市町村名称":"石巻市","旧市町村":null}},
{"type":"Feature","geometry":{"type":"MultiPolygon","coordinates":[[[[141.43101,38.54347],[141.43046,38.54368],[141.42996,38.54287],[141.43087,38.54217],[141.43103,38.54109],[141.42923,38.54094],[141.42801,38.54038],[141.42811,38.53897],[141.42951,38.53908],[141.4312,38.53629],[141.43239,38.53584],[141.43375,38.53466],[141.43493,38.53537],[141.43604,38.5353],[141.43785,38.53456],[141.4381,38.53406],[141.43559,38.53342],[141.43631,38.53264],[141.43862,38.53161],[141.4394,38.53186],[141.44041,38.53323],[141.44204,38.53251],[141.44563,38.53161],[141.44652,38.53175],[141.44621,38.53411],[141.44572,38.53487],[141.44314,38.53588],[141.44166,38.53751],[141.43969,38.53923],[141.43838,38.53986],[141.4368,38.53997],[141.43591,38.54056],[141.43418,38.54081],[141.43169,38.5424],[141.43151,38.54288],[141.43101,38.54347]]],[[[141.42656,38.5454],[141.42635,38.54395],[141.42828,38.54259],[141.42797,38.54153],[141.42905,38.54108],[141.43082,38.54112],[141.43074,38.54224],[141.43001,38.54274],[141.42974,38.54336],[141.43034,38.54376],[141.42825,38.54401],[141.42656,38.5454]]]]},"properties":{"林班":"B008","市町村名称":"石巻市","旧市町村":null}},
{"type":"Feature","geometry":{"type":"Polygon","coordinates":[[[141.43169,38.5424],[141.43418,38.54081],[141.43591,38.54056],[141.4368,38.53997],[141.43838,38.53986],[141.43969,38.53923],[141.44166,38.53751],[141.44314,38.53588],[141.44572,38.53487],[141.44667,38.53598],[141.44606,38.53767],[141.44478,38.53896],[141.44448,38.53957],[141.44406,38.5412],[141.44274,38.54285],[141.44205,38.54467],[141.43913,38.54553],[141.43658,38.54551],[141.43438,38.546],[141.43028,38.54553],[141.42932,38.54508],[141.42656,38.5454],[141.42825,38.54401],[141.43034,38.54376],[141.43101,38.54347],[141.43151,38.54288],[141.43169,38.5424]]]},"properties":{"林班":"B007","市町村名称":"石巻市","旧市町村":null}},
{"type":"Feature","geometry":{"type":"MultiPolygon","coordinates":[[[[141.44873,38.55415],[141.44777,38.55356],[141.44789,38.5522],[141.44703,38.55127],[141.44615,38.55122],[141.44576,38.55223],[141.44446,38.55291],[141.44393,38.55423],[141.4427,38.55438],[141.44167,38.55276],[141.44005,38.55204],[141.43814,38.55208],[141.43733,38.55265],[141.43658,38.55183],[141.43531,38.55197],[141.4344,38.55119],[141.43401,38.55018],[141.43518,38.54904],[141.43724,38.54857],[141.43767,38.54733],[141.44102,38.54586],[141.44104,38.54506],[141.44408,38.54456],[141.44536,38.5442],[141.44613,38.54509],[141.4478,38.54476],[141.44777,38.54605],[141.44946,38.54698],[141.45017,38.54807],[141.44909,38.54978],[141.44864,38.55133],[141.44873,38.55415]],[[141.44366,38.55415],[141.44389,38.55301],[141.44353,38.55094],[141.44394,38.54771],[141.44245,38.54812],[141.44275,38.55016],[141.44358,38.55301],[141.44366,38.55415]]],[[[141.44205,38.54467],[141.44274,38.54285],[141.44406,38.5412],[141.44425,38.54149],[141.44299,38.54282],[141.44269,38.5433],[141.44205,38.54467]]],[[[141.44443,38.55462],[141.44442,38.55313],[141.44583,38.55249],[141.44651,38.55338],[141.44525,38.55442],[141.44443,38.55462]]],[[[141.44416,38.54168],[141.44629,38.54076],[141.44639,38.5397],[141.44865,38.54009],[141.44673,38.54167],[141.4475,38.54288],[141.44707,38.54438],[141.44596,38.54466],[141.44512,38.5437],[141.44458,38.54427],[141.44243,38.54435],[141.44306,38.54285],[141.44416,38.54168]]],[[[141.44758,38.5437],[141.44763,38.54458],[141.44751,38.54358],[141.44758,38.5437]]],[[[141.45876,38.57033],[141.45901,38.56879],[141.45983,38.56631],[141.46102,38.56424],[141.4618,38.56457],[141.45997,38.56778],[141.45926,38.57073],[141.45876,38.57033]]]]},"properties":{"林班":"B006","市町村名称":"石巻市","旧市町村":null}},
{"type":"Feature","geometry":{"type":"MultiPolygon","coordinates":[[[[141.44758,38.5437],[141.44963,38.54369],[141.45317,38.54331],[141.45388,38.54427],[141.45479,38.54477],[141.45512,38.54556],[141.45639,38.54518],[141.45628,38.54611],[141.45669,38.54661],[141.45382,38.5477],[141.45491,38.54932],[141.4542,38.55038],[141.45341,38.54977],[141.45267,38.55074],[141.45333,38.55143],[141.45249,38.55242],[141.45157,38.5513],[141.45079,38.5516],[141.45074,38.55265],[141.44945,38.55261],[141.44873,38.55415],[141.44864,38.55133],[141.44909,38.54978],[141.45017,38.54807],[141.44946,38.54698],[141.44777,38.54605],[141.4478,38.54476],[141.44763,38.54458],[141.44758,38.5437]]],[[[141.45379,38.54332],[141.45449,38.54416],[141.45715,38.54512],[141.45688,38.54606],[141.45755,38.54678],[141.45668,38.54691],[141.45745,38.54869],[141.45594,38.55144],[141.45503,38.54923],[141.45393,38.54773],[141.45613,38.54709],[141.45681,38.54662],[141.4564,38.54598],[141.45679,38.54522],[141.45631,38.54512],[141.45495,38.54482],[141.45386,38.54414],[141.45346,38.54332],[141.45379,38.54332]]]]},"properties":{"林班":"B005","市町村名称":"石巻市","旧市町村":null}},
{"type":"Feature","geometry":{"type":"Polygon","coordinates":[[[141.42647,38.52709],[141.42796,38.52678],[141.42954,38.52607],[141.43106,38.52605],[141.4333,38.52715],[141.43509,38.5273],[141.43606,38.52618],[141.43711,38.52422],[141.43796,38.52407],[141.43852,38.52239],[141.43991,38.52288],[141.43986,38.52408],[141.43925,38.52664],[141.43759,38.52943],[141.43745,38.5303],[141.43411,38.53276],[141.43349,38.53444],[141.43211,38.53372],[141.43079,38.53424],[141.42912,38.53405],[141.42699,38.53447],[141.42446,38.53626],[141.4234,38.5356],[141.42345,38.53419],[141.42455,38.53301],[141.4242,38.53203],[141.42538,38.53126],[141.42547,38.5298],[141.42638,38.52952],[141.42603,38.52808],[141.42647,38.52709]]]},"properties":{"林班":"B009","市町村名称":"石巻市","旧市町村":null}},
{"type":"Feature","geometry":{"type":"MultiPolygon","coordinates":[[[[141.16018,38.43842],[141.16116,38.4359],[141.16242,38.43589],[141.16315,38.43486],[141.16316,38.43474],[141.16531,38.43468],[141.16644,38.43541],[141.16661,38.43663],[141.16584,38.43842],[141.16612,38.44015],[141.16451,38.44002],[141.16261,38.4391],[141.16203,38.43977],[141.16103,38.4397],[141.1601,38.43856],[141.16015,38.43846],[141.16018,38.43842]],[[141.16503,38.43913],[141.1658,38.43841],[141.16486,38.43775],[141.16344,38.43795],[141.16339,38.43895],[141.16503,38.43913]]],[[[141.16725,38.43205],[141.1668,38.43159],[141.16859,38.43016],[141.16944,38.43099],[141.16725,38.43205]]],[[[141.17003,38.43411],[141.16897,38.43358],[141.17034,38.43222],[141.1698,38.43337],[141.17003,38.43411]]],[[[141.16794,38.43471],[141.169,38.43574],[141.1681,38.43631],[141.16725,38.43564],[141.16794,38.43471]]]]},"properties":{"林班":"A010","市町村名称":"東松島市","旧市町村":null}},
{"type":"Feature","geometry":{"type":"MultiPolygon","coordinates":[[[[141.17933,38.43857],[141.18041,38.43811],[141.18124,38.43943],[141.18039,38.44032],[141.17884,38.43906],[141.17933,38.43857]]],[[[141.18237,38.43882],[141.1838,38.43995],[141.18214,38.44133],[141.18151,38.44004],[141.18237,38.43882]]],[[[141.18941,38.43973],[141.18875,38.44],[141.189,38.4419],[141.18864,38.44371],[141.1864,38.44352],[141.18609,38.44286],[141.18823,38.44239],[141.18689,38.44134],[141.18488,38.44218],[141.1832,38.44183],[141.1833,38.44115],[141.18591,38.43918],[141.18658,38.4379],[141.18741,38.43746],[141.18806,38.43876],[141.18802,38.43894],[141.18798,38.43915],[141.18834,38.43961],[141.18885,38.4397],[141.18941,38.43973]]],[[[141.19204,38.44439],[141.1921,38.44405],[141.19205,38.44438],[141.19204,38.44439]]]]},"properties":{"林班":"A013","市町村名称":"東松島市","旧市町村":null}},
{"type":"Feature","geometry":{"type":"Polygon","coordinates":[[[141.18104,38.3997],[141.18138,38.40171],[141.18208,38.40319],[141.18136,38.40524],[141.18182,38.40696],[141.1829,38.40911],[141.1843,38.41024],[141.18263,38.41002],[141.18227,38.40948],[141.182,38.40906],[141.18206,38.40894],[141.18188,38.40821],[141.18167,38.40807],[141.18124,38.40803],[141.18107,38.40778],[141.18097,38.40754],[141.18088,38.40643],[141.18103,38.40612],[141.18091,38.40543],[141.18088,38.4052],[141.18094,38.40488],[141.18103,38.40463],[141.18115,38.40437],[141.18114,38.40431],[141.18128,38.40414],[141.18124,38.40404],[141.18133,38.40381],[141.18144,38.40349],[141.18146,38.40314],[141.18133,38.40268],[141.18131,38.40261],[141.18128,38.40254],[141.18127,38.40236],[141.18111,38.40174],[141.1811,38.40165],[141.18122,38.4011],[141.18104,38.40058],[141.18095,38.40037],[141.18094,38.40031],[141.18092,38.40018],[141.18087,38.40001],[141.18104,38.3997]]]},"properties":{"林班":"A014","市町村名称":"東松島市","旧市町村":null}},
{"type":"Feature","geometry":{"type":"MultiPolygon","coordinates":[[[[141.17391,38.43346],[141.17312,38.43342],[141.17054,38.43153],[141.17291,38.43235],[141.17391,38.43346]]],[[[141.17034,38.43222],[141.17075,38.43324],[141.1719,38.43379],[141.1722,38.43467],[141.17025,38.43504],[141.17003,38.43411],[141.1698,38.43337],[141.17034,38.43222]]],[[[141.17398,38.43401],[141.17351,38.43493],[141.17441,38.43591],[141.17516,38.43828],[141.17334,38.43714],[141.1737,38.43626],[141.17256,38.43544],[141.17241,38.43448],[141.17398,38.43401]]],[[[141.1742,38.43922],[141.17508,38.43855],[141.17696,38.43888],[141.17797,38.4402],[141.17611,38.44054],[141.1742,38.43922]]]]},"properties":{"林班":"A011","市町村名称":"東松島市","旧市町村":null}},
{"type":"Feature","geometry":{"type":"Polygon","coordinates":[[[141.1852,38.43097],[141.1849,38.43165],[141.18324,38.43073],[141.18088,38.43117],[141.17964,38.43242],[141.1777,38.43552],[141.17607,38.43482],[141.17669,38.43425],[141.17749,38.4322],[141.17675,38.4317],[141.17743,38.43066],[141.17754,38.43036],[141.17847,38.43036],[141.17908,38.42903],[141.18048,38.42833],[141.1807,38.42761],[141.1828,38.4268],[141.18307,38.42673],[141.18481,38.42774],[141.1842,38.42931],[141.1852,38.43097]]]},"properties":{"林班":"A012","市町村名称":"東松島市","旧市町村":null}},
{"type":"Feature","geometry":{"type":"MultiPolygon","coordinates":[[[[141.18659,38.42995],[141.18764,38.42995],[141.19025,38.43072],[141.19094,38.43127],[141.1904,38.43214],[141.18918,38.43264],[141.18743,38.43136],[141.18594,38.43122],[141.18659,38.42995]]],[[[141.18679,38.43414],[141.18831,38.43358],[141.18858,38.43429],[141.18802,38.43527],[141.18783,38.43512],[141.18777,38.43508],[141.18679,38.43414]]]]},"properties":{"林班":"A017","市町村名称":"東松島市","旧市町村":null}},
{"type":"Feature","geometry":{"type":"MultiPolygon","coordinates":[[[[141.19482,38.43333],[141.19401,38.43332],[141.19426,38.43318],[141.19468,38.4332],[141.19482,38.43333]]],[[[141.1945,38.4371],[141.19475,38.43621],[141.19603,38.43694],[141.19583,38.43775],[141.1945,38.4371]]]]},"properties":{"林班":"A018","市町村名称":"東松島市","旧市町村":null}},
{"type":"Feature","geometry":{"type":"MultiPolygon","coordinates":[[[[141.18416,38.41732],[141.18255,38.41832],[141.18099,38.4183],[141.18037,38.41898],[141.17985,38.42027],[141.17827,38.42031],[141.1783,38.4184],[141.17862,38.4176],[141.17821,38.4164],[141.17826,38.41611],[141.17797,38.41499],[141.17918,38.41404],[141.18145,38.41321],[141.18233,38.41347],[141.18343,38.41255],[141.18216,38.41087],[141.18394,38.41122],[141.18445,38.41362],[141.18541,38.4148],[141.18538,38.41614],[141.1849,38.4171],[141.18416,38.41732]]],[[[141.17964,38.42081],[141.18043,38.41902],[141.18267,38.41886],[141.1849,38.4171],[141.18546,38.41792],[141.18491,38.41797],[141.1827,38.41979],[141.18189,38.42048],[141.17964,38.42081]]],[[[141.1843,38.41024],[141.18268,38.41074],[141.18246,38.41018],[141.18251,38.41014],[141.18263,38.41002],[141.1843,38.41024]]]]},"properties":{"林班":"A015","市町村名称":"東松島市","旧市町村":null}},
{"type":"Feature","geometry":{"type":"MultiPolygon","coordinates":[[[[141.1827,38.41979],[141.18491,38.41797],[141.18546,38.41792],[141.18524,38.41938],[141.1827,38.41979]]],[[[141.18189,38.42048],[141.1817,38.42252],[141.1805,38.42224],[141.17964,38.42081],[141.18189,38.42048]]],[[[141.18307,38.42673],[141.18503,38.42673],[141.1853,38.42567],[141.18688,38.42769],[141.18687,38.42923],[141.18659,38.42995],[141.18594,38.43122],[141.1852,38.43097],[141.1842,38.42931],[141.18481,38.42774],[141.18307,38.42673]]]]},"properties":{"林班":"A016","市町村名称":"東松島市","旧市町村":null}},
{"type":"Feature","geometry":{"type":"Polygon","coordinates":[[[141.42255,38.52302],[141.42329,38.52197],[141.42334,38.52107],[141.42508,38.51894],[141.4274,38.51534],[141.42862,38.51255],[141.42887,38.51274],[141.42979,38.51337],[141.43001,38.51421],[141.43002,38.51448],[141.43002,38.51477],[141.43112,38.51604],[141.43155,38.51771],[141.43047,38.5182],[141.42857,38.52],[141.42787,38.52179],[141.42578,38.52387],[141.42309,38.52618],[141.42278,38.52631],[141.42232,38.52732],[141.42116,38.52656],[141.42155,38.5258],[141.42266,38.52578],[141.42404,38.52432],[141.4236,38.52386],[141.42045,38.52588],[141.42037,38.52642],[141.41902,38.52448],[141.42041,38.52424],[141.42212,38.52334],[141.42255,38.52302]],[[141.42655,38.52122],[141.42744,38.52168],[141.42757,38.51991],[141.42688,38.51998],[141.42655,38.52122]]]},"properties":{"林班":"B011","市町村名称":"石巻市","旧市町村":null}},
{"type":"Feature","geometry":{"type":"Polygon","coordinates":[[[141.42309,38.52618],[141.42578,38.52387],[141.42787,38.52179],[141.42857,38.52],[141.43047,38.5182],[141.43155,38.51771],[141.43235,38.51767],[141.43256,38.51767],[141.43461,38.51819],[141.4348,38.51838],[141.43515,38.51865],[141.43539,38.51869],[141.43597,38.51875],[141.43625,38.51879],[141.43693,38.51881],[141.43709,38.51877],[141.43734,38.51868],[141.43746,38.51878],[141.43777,38.51924],[141.43786,38.51962],[141.43788,38.51973],[141.43852,38.52239],[141.43796,38.52407],[141.43711,38.52422],[141.43606,38.52618],[141.43509,38.5273],[141.4333,38.52715],[141.43106,38.52605],[141.42954,38.52607],[141.42796,38.52678],[141.42647,38.52709],[141.42603,38.52591],[141.42417,38.52709],[141.42232,38.52732],[141.42278,38.52631],[141.42309,38.52618]]]},"properties":{"林班":"B010","市町村名称":"石巻市","旧市町村":null}},
{"type":"Feature","geometry":{"type":"MultiPolygon","coordinates":[[[[141.19094,38.43588],[141.19125,38.43712],[141.1899,38.43675],[141.19094,38.43588]]],[[[141.19583,38.43775],[141.19515,38.43861],[141.19339,38.43828],[141.19376,38.43728],[141.1945,38.4371],[141.19583,38.43775]]]]},"properties":{"林班":"A019","市町村名称":"東松島市","旧市町村":null}},
{"type":"Feature","geometry":{"type":"Polygon","coordinates":[[[141.41296,38.50637],[141.41539,38.50537],[141.41607,38.50476],[141.41817,38.5033],[141.41973,38.5018],[141.42139,38.49977],[141.42188,38.49845],[141.42181,38.4981],[141.42182,38.49769],[141.42189,38.49738],[141.42203,38.49721],[141.42224,38.49784],[141.42229,38.4979],[141.42252,38.49807],[141.42269,38.49803],[141.42292,38.49797],[141.42448,38.49788],[141.4252,38.49813],[141.42547,38.49823],[141.42577,38.49847],[141.42648,38.49924],[141.42628,38.49992],[141.42705,38.50089],[141.42933,38.50278],[141.43033,38.50325],[141.43033,38.5052],[141.42833,38.50546],[141.42801,38.50524],[141.42614,38.50404],[141.4251,38.50434],[141.42458,38.50515],[141.42232,38.50531],[141.41956,38.50638],[141.41687,38.50722],[141.41675,38.5073],[141.41579,38.50698],[141.41587,38.50709],[141.41511,38.50726],[141.41508,38.50712],[141.4144,38.50749],[141.41437,38.5075],[141.41361,38.50767],[141.41327,38.50772],[141.41322,38.50776],[141.4104,38.50898],[141.41012,38.50936],[141.40697,38.51021],[141.40901,38.50764],[141.40985,38.50759],[141.40993,38.50752],[141.40998,38.50744],[141.41066,38.50713],[141.41075,38.50732],[141.4109,38.50711],[141.41153,38.50696],[141.41147,38.50708],[141.41157,38.50702],[141.41209,38.5068],[141.41217,38.50689],[141.4122,38.50673],[141.41231,38.50666],[141.41271,38.50645],[141.41296,38.50637]]]},"properties":{"林班":"B015","市町村名称":"石巻市","旧市町村":null}},
{"type":"Feature","geometry":{"type":"Polygon","coordinates":[[[141.40697,38.51021],[141.41012,38.50936],[141.4104,38.50898],[141.41322,38.50776],[141.41327,38.50772],[141.41361,38.50767],[141.41437,38.5075],[141.4144,38.50749],[141.41511,38.50726],[141.41587,38.50709],[141.41675,38.5073],[141.41687,38.50722],[141.41956,38.50638],[141.42232,38.50531],[141.42458,38.50515],[141.42636,38.50652],[141.42509,38.50713],[141.42597,38.50795],[141.42723,38.50716],[141.42753,38.506],[141.4251,38.50434],[141.42614,38.50404],[141.42801,38.50524],[141.42833,38.50546],[141.42819,38.50552],[141.42814,38.50572],[141.4282,38.50588],[141.42821,38.50605],[141.42818,38.5061],[141.42773,38.5065],[141.42766,38.50667],[141.42767,38.50686],[141.42773,38.50718],[141.42777,38.50736],[141.42782,38.50768],[141.42789,38.50818],[141.428,38.50932],[141.4279,38.50949],[141.42766,38.50981],[141.42758,38.51024],[141.42547,38.51093],[141.42394,38.51112],[141.42129,38.51231],[141.41964,38.51225],[141.41933,38.51316],[141.41768,38.51376],[141.4154,38.51303],[141.41418,38.51338],[141.41142,38.51325],[141.40969,38.51395],[141.41142,38.51201],[141.41105,38.51138],[141.40805,38.51219],[141.40697,38.51021]]]},"properties":{"林班":"B014","市町村名称":"石巻市","旧市町村":null}},
{"type":"Feature","geometry":{"type":"MultiPolygon","coordinates":[[[[141.40969,38.51395],[141.41142,38.51325],[141.41418,38.51338],[141.4154,38.51303],[141.41768,38.51376],[141.41933,38.51316],[141.41964,38.51225],[141.42129,38.51231],[141.42394,38.51112],[141.42547,38.51093],[141.42758,38.51024],[141.42756,38.51064],[141.42754,38.5109],[141.42756,38.51122],[141.42794,38.51189],[141.42585,38.51232],[141.42443,38.513],[141.42255,38.51536],[141.42164,38.51553],[141.42151,38.51827],[141.41874,38.51951],[141.41653,38.52013],[141.41722,38.51941],[141.41439,38.51828],[141.4134,38.517],[141.41275,38.51764],[141.41189,38.51934],[141.41045,38.51952],[141.4106,38.51691],[141.41134,38.51624],[141.4103,38.51436],[141.40969,38.51395]]],[[[141.41104,38.52121],[141.41223,38.52071],[141.4132,38.52198],[141.41195,38.52269],[141.41133,38.52384],[141.41052,38.52358],[141.41023,38.52253],[141.41117,38.5219],[141.41104,38.52121]]]]},"properties":{"林班":"B013","市町村名称":"石巻市","旧市町村":null}},
{"type":"Feature","geometry":{"type":"MultiPolygon","coordinates":[[[[141.41653,38.52013],[141.41874,38.51951],[141.42151,38.51827],[141.42164,38.51553],[141.42255,38.51536],[141.42443,38.513],[141.42585,38.51232],[141.42794,38.51189],[141.42808,38.51202],[141.42826,38.51222],[141.42862,38.51255],[141.4274,38.51534],[141.42508,38.51894],[141.42334,38.52107],[141.42329,38.52197],[141.42255,38.52302],[141.42126,38.52262],[141.41831,38.51978],[141.41653,38.52013]]],[[[141.41688,38.52259],[141.41652,38.52178],[141.41828,38.52127],[141.41953,38.52284],[141.42085,38.52273],[141.42212,38.52334],[141.42041,38.52424],[141.41902,38.52448],[141.42037,38.52642],[141.41804,38.52759],[141.4152,38.527],[141.41229,38.5247],[141.41326,38.52379],[141.41387,38.52257],[141.41482,38.52199],[141.41688,38.52259]]]]},"properties":{"林班":"B012","市町村名称":"石巻市","旧市町村":null}},
{"type":"Feature","geometry":{"type":"MultiPolygon","coordinates":[[[[141.32774,38.48437],[141.32854,38.48408],[141.33101,38.48405],[141.33186,38.4834],[141.33467,38.48273],[141.33705,38.48328],[141.33814,38.48308],[141.33999,38.48347],[141.3413,38.48488],[141.34336,38.48493],[141.34423,38.48543],[141.34481,38.48643],[141.34468,38.48741],[141.34338,38.48825],[141.34167,38.48855],[141.33864,38.48667],[141.33691,38.48706],[141.33625,38.48602],[141.33411,38.48705],[141.33292,38.48655],[141.33056,38.48606],[141.32846,38.48645],[141.32714,38.4862],[141.3262,38.48544],[141.32737,38.48469],[141.32748,38.48458],[141.32774,38.48437]]],[[[141.34811,38.4884],[141.34715,38.48922],[141.34709,38.48993],[141.34579,38.49001],[141.34466,38.48954],[141.34375,38.48817],[141.34506,38.48781],[141.34519,38.48661],[141.34693,38.48706],[141.34811,38.4884]]]]},"properties":{"林班":"B039","市町村名称":"石巻市","旧市町村":null}},
{"type":"Feature","geometry":{"type":"Polygon","coordinates":[[[141.32085,38.49127],[141.31888,38.49005],[141.31785,38.48984],[141.31645,38.49068],[141.31446,38.49103],[141.31349,38.49063],[141.31233,38.48956],[141.31361,38.48884],[141.31504,38.48923],[141.31627,38.48869],[141.31722,38.48877],[141.31819,38.48801],[141.31738,38.4858],[141.31895,38.48621],[141.31944,38.48581],[141.32383,38.48559],[141.32601,38.48546],[141.3262,38.48544],[141.32714,38.4862],[141.32846,38.48645],[141.32836,38.48726],[141.32724,38.48756],[141.32707,38.48761],[141.32748,38.48891],[141.32812,38.4893],[141.32406,38.49096],[141.32162,38.49101],[141.32085,38.49127]]]},"properties":{"林班":"B038","市町村名称":"石巻市","旧市町村":null}},
{"type":"Feature","geometry":{"type":"MultiPolygon","coordinates":[[[[141.18941,38.43973],[141.19033,38.43972],[141.1917,38.44082],[141.19114,38.4406],[141.18941,38.43973]]],[[[141.19423,38.44362],[141.19489,38.4434],[141.19589,38.44418],[141.19397,38.44464],[141.19423,38.44362]]]]},"properties":{"林班":"A020","市町村名称":"東松島市","旧市町村":null}},
{"type":"Feature","geometry":{"type":"MultiPolygon","coordinates":[[[[141.20735,38.39279],[141.21459,38.39538],[141.22924,38.40088],[141.2322,38.4019],[141.23894,38.40374],[141.23858,38.4046],[141.23425,38.40317],[141.23183,38.40262],[141.23187,38.40255],[141.23197,38.40232],[141.23187,38.40255],[141.23183,38.40262],[141.22599,38.4003],[141.22257,38.39903],[141.22067,38.39812],[141.21684,38.39666],[141.21675,38.39663],[141.21281,38.39506],[141.20924,38.39395],[141.2073,38.39286],[141.20735,38.39279]]],[[[141.20308,38.39373],[141.20292,38.39365],[141.20296,38.39366],[141.20308,38.39373]]]]},"properties":{"林班":"A021","市町村名称":"東松島市","旧市町村":null}},
{"type":"Feature","geometry":{"type":"MultiPolygon","coordinates":[[[[141.34628,38.48401],[141.34421,38.48319],[141.34273,38.48011],[141.34409,38.48118],[141.34471,38.48304],[141.34623,38.48313],[141.34628,38.48401]]],[[[141.33856,38.47942],[141.33943,38.47875],[141.34148,38.4795],[141.34297,38.48116],[141.34409,38.48321],[141.34608,38.484],[141.34695,38.48532],[141.34902,38.48574],[141.34903,38.48869],[141.34811,38.4884],[141.34693,38.48706],[141.34519,38.48661],[141.34481,38.48643],[141.34423,38.48543],[141.34336,38.48493],[141.3413,38.48488],[141.33999,38.48347],[141.33814,38.48308],[141.33738,38.48199],[141.33821,38.48092],[141.33839,38.48067],[141.33865,38.48005],[141.33865,38.47988],[141.33856,38.47942]]]]},"properties":{"林班":"B040","市町村名称":"石巻市","旧市町村":null}},
{"type":"Feature","geometry":{"type":"Polygon","coordinates":[[[141.31007,38.48016],[141.31165,38.47834],[141.3115,38.47677],[141.31062,38.47503],[141.31137,38.47179],[141.31244,38.47081],[141.31211,38.47003],[141.31253,38.46922],[141.31147,38.46854],[141.31267,38.46826],[141.31325,38.46804],[141.31362,38.46812],[141.3142,38.46786],[141.31606,38.46752],[141.31635,38.46766],[141.31659,38.46859],[141.31659,38.46894],[141.31661,38.46915],[141.31726,38.46951],[141.31764,38.47144],[141.31762,38.47346],[141.31681,38.47471],[141.31639,38.47474],[141.31569,38.47505],[141.31539,38.4767],[141.31453,38.47874],[141.31269,38.47962],[141.31007,38.48016]]]},"properties":{"林班":"B044","市町村名称":"石巻市","旧市町村":null}},
{"type":"Feature","geometry":{"type":"Polygon","coordinates":[[[141.31384,38.48481],[141.31274,38.48387],[141.31147,38.48361],[141.3105,38.48427],[141.30936,38.48424],[141.30865,38.48331],[141.30916,38.48209],[141.31302,38.48059],[141.31007,38.48016],[141.31269,38.47962],[141.31453,38.47874],[141.31539,38.4767],[141.31569,38.47505],[141.31639,38.47474],[141.31756,38.47471],[141.31796,38.47464],[141.3196,38.47473],[141.32052,38.47558],[141.32176,38.47538],[141.32181,38.47535],[141.32273,38.47487],[141.32388,38.47492],[141.32488,38.47568],[141.3248,38.47628],[141.32474,38.47724],[141.32394,38.47794],[141.3215,38.47897],[141.31818,38.48133],[141.31884,38.48248],[141.3157,38.48357],[141.31465,38.48417],[141.31456,38.48425],[141.31384,38.48481]]]},"properties":{"林班":"B043","市町村名称":"石巻市","旧市町村":null}},
{"type":"Feature","geometry":{"type":"Polygon","coordinates":[[[141.31465,38.48417],[141.3157,38.48357],[141.31884,38.48248],[141.31818,38.48133],[141.3215,38.47897],[141.32394,38.47794],[141.32474,38.47724],[141.32494,38.47711],[141.32594,38.47746],[141.3265,38.47714],[141.32776,38.47672],[141.33021,38.47539],[141.33096,38.47579],[141.33119,38.47592],[141.33193,38.47645],[141.33222,38.47667],[141.33027,38.4783],[141.32916,38.48078],[141.32981,38.48143],[141.32857,38.48233],[141.32566,38.4838],[141.3242,38.48418],[141.32372,38.48417],[141.32163,38.48405],[141.3207,38.48431],[141.31955,38.48377],[141.3203,38.48225],[141.31863,38.4829],[141.31857,38.48382],[141.31384,38.48481],[141.31456,38.48425],[141.31465,38.48417]]]},"properties":{"林班":"B042","市町村名称":"石巻市","旧市町村":null}},
{"type":"Feature","geometry":{"type":"MultiPolygon","coordinates":[[[[141.3207,38.48431],[141.32163,38.48405],[141.32372,38.48417],[141.3242,38.48418],[141.32566,38.4838],[141.32857,38.48233],[141.32981,38.48143],[141.32916,38.48078],[141.33027,38.4783],[141.33222,38.47667],[141.33226,38.47668],[141.33322,38.47671],[141.33381,38.47665],[141.33401,38.47655],[141.33523,38.47692],[141.33694,38.47889],[141.33826,38.47884],[141.33846,38.4792],[141.33856,38.47942],[141.33865,38.47988],[141.33865,38.48005],[141.33839,38.48067],[141.33821,38.48092],[141.33738,38.48199],[141.33814,38.48308],[141.33705,38.48328],[141.33467,38.48273],[141.33186,38.4834],[141.33101,38.48405],[141.32854,38.48408],[141.32774,38.48437],[141.32748,38.48458],[141.32737,38.48469],[141.32628,38.48528],[141.3237,38.48549],[141.32209,38.48513],[141.3207,38.48431]]],[[[141.33407,38.4765],[141.3344,38.47634],[141.33534,38.47598],[141.33582,38.47643],[141.33597,38.47662],[141.3363,38.47674],[141.33622,38.47699],[141.33612,38.47689],[141.33622,38.47699],[141.33401,38.47655],[141.33407,38.4765]]],[[[141.33824,38.4788],[141.33699,38.47881],[141.33613,38.47726],[141.3373,38.47725],[141.33817,38.47858],[141.3382,38.4787],[141.33824,38.4788]]]]},"properties":{"林班":"B041","市町村名称":"石巻市","旧市町村":null}},
{"type":"Feature","geometry":{"type":"Polygon","coordinates":[[[141.296,38.50898],[141.29465,38.50906],[141.29324,38.5084],[141.29253,38.50712],[141.29064,38.50659],[141.28953,38.50698],[141.28832,38.50622],[141.28826,38.50499],[141.28689,38.50548],[141.28701,38.50413],[141.28894,38.50426],[141.28984,38.50259],[141.29062,38.50267],[141.2911,38.50279],[141.29116,38.50281],[141.2915,38.50313],[141.2923,38.50431],[141.29411,38.50444],[141.29513,38.50505],[141.29697,38.50519],[141.29727,38.50517],[141.29637,38.50678],[141.29637,38.50876],[141.296,38.50898]]]},"properties":{"林班":"B048","市町村名称":"石巻市","旧市町村":null}},
{"type":"Feature","geometry":{"type":"MultiPolygon","coordinates":[[[[141.28892,38.50126],[141.29122,38.50129],[141.29208,38.50099],[141.29501,38.50144],[141.29747,38.50225],[141.29875,38.50336],[141.30054,38.50414],[141.30205,38.50519],[141.30232,38.5063],[141.29921,38.50572],[141.29811,38.50581],[141.29727,38.50517],[141.29697,38.50519],[141.29513,38.50505],[141.29411,38.50444],[141.2923,38.50431],[141.2915,38.50313],[141.29116,38.50281],[141.2911,38.50279],[141.29062,38.50267],[141.28984,38.50259],[141.2889,38.50198],[141.28892,38.50126]]],[[[141.30297,38.5065],[141.30396,38.50609],[141.30367,38.50662],[141.30336,38.50659],[141.30297,38.5065]]]]},"properties":{"林班":"B047","市町村名称":"石巻市","旧市町村":null}},
{"type":"Feature","geometry":{"type":"MultiPolygon","coordinates":[[[[141.2837,38.50079],[141.28506,38.50216],[141.28369,38.50255],[141.28302,38.5009],[141.2837,38.50079]]],[[[141.28892,38.50126],[141.28828,38.5015],[141.28707,38.50085],[141.28707,38.50008],[141.28907,38.5002],[141.28892,38.50126]]]]},"properties":{"林班":"B046","市町村名称":"石巻市","旧市町村":null}},
{"type":"Feature","geometry":{"type":"Polygon","coordinates":[[[141.30185,38.47354],[141.30238,38.46999],[141.30363,38.469],[141.3038,38.46802],[141.30493,38.46797],[141.30607,38.46805],[141.30733,38.4676],[141.30758,38.46765],[141.30785,38.46772],[141.30815,38.46778],[141.3089,38.46934],[141.30784,38.47133],[141.30698,38.47159],[141.30656,38.47274],[141.30516,38.47434],[141.30487,38.4758],[141.30409,38.47707],[141.30275,38.47753],[141.30192,38.47708],[141.30184,38.47617],[141.30072,38.47596],[141.30031,38.47528],[141.30116,38.47414],[141.30166,38.4737],[141.30185,38.47354]]]},"properties":{"林班":"B045","市町村名称":"石巻市","旧市町村":null}},
{"type":"Feature","geometry":{"type":"Polygon","coordinates":[[[141.35515,38.52368],[141.35515,38.52268],[141.35948,38.52001],[141.36001,38.51912],[141.36126,38.51889],[141.36209,38.51726],[141.36388,38.51787],[141.3639,38.51796],[141.36423,38.51851],[141.36436,38.51871],[141.36447,38.51888],[141.36494,38.51938],[141.36512,38.51959],[141.36629,38.52148],[141.36733,38.52156],[141.36797,38.5222],[141.368,38.52228],[141.36821,38.52272],[141.36886,38.52356],[141.36765,38.52492],[141.36626,38.52512],[141.36494,38.52451],[141.36248,38.52427],[141.36009,38.52429],[141.35766,38.52328],[141.35515,38.52368]]]},"properties":{"林班":"B029","市町村名称":"石巻市","旧市町村":null}},
{"type":"Feature","geometry":{"type":"MultiPolygon","coordinates":[[[[141.36559,38.51239],[141.36732,38.51272],[141.36872,38.51375],[141.36971,38.51297],[141.37167,38.51259],[141.37449,38.51365],[141.37353,38.51563],[141.37362,38.51684],[141.37368,38.51721],[141.37369,38.51739],[141.37276,38.51778],[141.37275,38.51879],[141.37056,38.51959],[141.36936,38.52131],[141.36979,38.52167],[141.36886,38.52356],[141.36821,38.52272],[141.368,38.52228],[141.36797,38.5222],[141.36733,38.52156],[141.36725,38.52121],[141.36512,38.51959],[141.36494,38.51938],[141.36447,38.51888],[141.36436,38.51871],[141.36423,38.51851],[141.3639,38.51796],[141.36388,38.51787],[141.36209,38.51726],[141.36293,38.51568],[141.36289,38.51487],[141.36501,38.51268],[141.36559,38.51239]]],[[[141.37068,38.50485],[141.37262,38.50433],[141.37446,38.50627],[141.37538,38.50955],[141.37489,38.50974],[141.37304,38.50654],[141.37068,38.50485]]]]},"properties":{"林班":"B028","市町村名称":"石巻市","旧市町村":null}},
{"type":"Feature","geometry":{"type":"Polygon","coordinates":[[[141.37362,38.51684],[141.37353,38.51563],[141.37449,38.51365],[141.37692,38.51259],[141.37862,38.51209],[141.37792,38.51405],[141.37446,38.51621],[141.37803,38.5161],[141.37989,38.51665],[141.37934,38.51739],[141.37925,38.51763],[141.37721,38.5193],[141.37774,38.52073],[141.37736,38.52096],[141.37722,38.52109],[141.37747,38.52209],[141.37645,38.52326],[141.37523,38.52333],[141.37518,38.5247],[141.37652,38.52532],[141.37659,38.52548],[141.37526,38.52506],[141.37467,38.52379],[141.37502,38.52294],[141.37414,38.52252],[141.37409,38.52125],[141.37474,38.52049],[141.37423,38.5199],[141.37413,38.5184],[141.37369,38.51739],[141.37368,38.51721],[141.37362,38.51684]]]},"properties":{"林班":"B027","市町村名称":"石巻市","旧市町村":null}},
{"type":"Feature","geometry":{"type":"MultiPolygon","coordinates":[[[[141.33802,38.50591],[141.33805,38.50577],[141.33806,38.50556],[141.33814,38.50522],[141.3382,38.505],[141.33834,38.50464],[141.3384,38.50448],[141.33854,38.50382],[141.33831,38.5033],[141.3383,38.50233],[141.33942,38.5009],[141.3398,38.49943],[141.34088,38.4981],[141.34277,38.49736],[141.34317,38.49651],[141.34321,38.49635],[141.34408,38.49719],[141.3466,38.4958],[141.34837,38.49654],[141.35026,38.49599],[141.35012,38.49699],[141.34913,38.49762],[141.35007,38.49871],[141.35156,38.49826],[141.35186,38.49745],[141.35345,38.4984],[141.35053,38.49972],[141.3512,38.50032],[141.35402,38.49978],[141.35453,38.49852],[141.35484,38.49854],[141.3543,38.50011],[141.35462,38.50136],[141.35567,38.50326],[141.35462,38.50371],[141.35388,38.50461],[141.35393,38.50466],[141.35407,38.50498],[141.3543,38.50592],[141.35367,38.5074],[141.35204,38.50689],[141.35189,38.50758],[141.3503,38.50769],[141.34937,38.50679],[141.34834,38.50768],[141.34618,38.50794],[141.34449,38.50921],[141.34395,38.50903],[141.34197,38.50953],[141.341,38.50993],[141.34066,38.51013],[141.3406,38.51018],[141.3404,38.51028],[141.33981,38.51072],[141.33909,38.51107],[141.3387,38.51116],[141.33937,38.50934],[141.33779,38.51032],[141.33647,38.51027],[141.33722,38.50791],[141.33796,38.5067],[141.33783,38.50606],[141.33802,38.50591]]],[[[141.34785,38.49512],[141.3451,38.49599],[141.34518,38.49515],[141.34668,38.4946],[141.34965,38.4941],[141.34976,38.49498],[141.34785,38.49512]]]]},"properties":{"林班":"B033","市町村名称":"石巻市","旧市町村":null}},
{"type":"Feature","geometry":{"type":"Polygon","coordinates":[[[141.34066,38.51013],[141.341,38.50993],[141.34197,38.50953],[141.34395,38.50903],[141.34449,38.50921],[141.34618,38.50794],[141.34834,38.50768],[141.34937,38.50679],[141.3503,38.50769],[141.35189,38.50758],[141.35204,38.50689],[141.35367,38.5074],[141.3543,38.50592],[141.35568,38.50722],[141.35432,38.5086],[141.35468,38.51002],[141.3526,38.51079],[141.35157,38.51182],[141.35103,38.51334],[141.35203,38.51479],[141.35226,38.51592],[141.34965,38.51784],[141.34952,38.51964],[141.34849,38.52079],[141.34629,38.51926],[141.34549,38.51793],[141.34265,38.51781],[141.34134,38.51649],[141.34235,38.51612],[141.34248,38.51457],[141.34101,38.5147],[141.33969,38.51408],[141.33833,38.51416],[141.3372,38.51362],[141.33778,38.51286],[141.33742,38.51194],[141.3387,38.51116],[141.33909,38.51107],[141.33981,38.51072],[141.3404,38.51028],[141.3406,38.51018],[141.34066,38.51013]]]},"properties":{"林班":"B032","市町村名称":"石巻市","旧市町村":null}},
{"type":"Feature","geometry":{"type":"Polygon","coordinates":[[[141.34849,38.52079],[141.34952,38.51964],[141.34965,38.51784],[141.35226,38.51592],[141.35203,38.51479],[141.35103,38.51334],[141.35157,38.51182],[141.3526,38.51079],[141.35468,38.51002],[141.35432,38.5086],[141.35568,38.50722],[141.35664,38.50759],[141.35814,38.50876],[141.35901,38.50934],[141.35983,38.51063],[141.36067,38.51077],[141.36062,38.51319],[141.36012,38.51483],[141.35807,38.51643],[141.35796,38.51714],[141.35643,38.51858],[141.35557,38.51947],[141.35324,38.5212],[141.35215,38.52043],[141.35091,38.52135],[141.35008,38.52028],[141.34849,38.52079]]]},"properties":{"林班":"B031","市町村名称":"石巻市","旧市町村":null}},
{"type":"Feature","geometry":{"type":"MultiPolygon","coordinates":[[[[141.35388,38.50461],[141.35523,38.5039],[141.35837,38.50299],[141.35918,38.50427],[141.36043,38.50549],[141.3621,38.50597],[141.36231,38.50502],[141.36137,38.50383],[141.36126,38.50293],[141.36151,38.50278],[141.36334,38.50511],[141.36253,38.5067],[141.36139,38.50695],[141.35989,38.50652],[141.35937,38.50583],[141.35799,38.50623],[141.35764,38.50662],[141.35503,38.5056],[141.35393,38.50466],[141.35388,38.50461]]],[[[141.35407,38.50498],[141.35497,38.50568],[141.35757,38.50671],[141.35721,38.5072],[141.35724,38.5077],[141.35814,38.50876],[141.35664,38.50759],[141.35568,38.50722],[141.3543,38.50592],[141.35407,38.50498]]],[[[141.35748,38.50793],[141.35729,38.50722],[141.35808,38.50627],[141.35932,38.50591],[141.35984,38.50661],[141.36138,38.50701],[141.3625,38.50676],[141.36335,38.5084],[141.36311,38.50896],[141.36094,38.50961],[141.35849,38.50896],[141.35748,38.50793]]],[[[141.35643,38.51858],[141.35791,38.51791],[141.35796,38.51714],[141.35807,38.51643],[141.36012,38.51483],[141.36062,38.51319],[141.36067,38.51077],[141.36035,38.51071],[141.35911,38.50931],[141.36092,38.50967],[141.36315,38.50902],[141.36376,38.50781],[141.36315,38.50593],[141.36344,38.50509],[141.36158,38.50274],[141.36163,38.50271],[141.36318,38.50273],[141.36395,38.50358],[141.36498,38.50383],[141.36476,38.50567],[141.36544,38.50707],[141.36501,38.50891],[141.36438,38.50996],[141.36455,38.51087],[141.36546,38.51154],[141.36559,38.51239],[141.36501,38.51268],[141.36289,38.51487],[141.36293,38.51568],[141.36209,38.51726],[141.36126,38.51889],[141.36001,38.51912],[141.35948,38.52001],[141.35515,38.52268],[141.35515,38.52368],[141.35371,38.52339],[141.35341,38.52262],[141.35465,38.52186],[141.35596,38.52005],[141.35557,38.51947],[141.35643,38.51858]]]]},"properties":{"林班":"B030","市町村名称":"石巻市","旧市町村":null}},
{"type":"Feature","geometry":{"type":"MultiPolygon","coordinates":[[[[141.32085,38.49127],[141.32162,38.49101],[141.32406,38.49096],[141.32812,38.4893],[141.32748,38.48891],[141.32707,38.48761],[141.32724,38.48756],[141.32836,38.48726],[141.32846,38.48645],[141.33056,38.48606],[141.33292,38.48655],[141.33411,38.48705],[141.33625,38.48602],[141.33691,38.48706],[141.33864,38.48667],[141.34167,38.48855],[141.34338,38.48825],[141.34329,38.4895],[141.3453,38.49079],[141.34455,38.49125],[141.34369,38.49039],[141.34275,38.49037],[141.34226,38.49125],[141.34385,38.49176],[141.34452,38.49272],[141.34334,38.49299],[141.34209,38.49379],[141.34251,38.49443],[141.34185,38.49479],[141.34112,38.4949],[141.34073,38.4947],[141.34013,38.49416],[141.33974,38.49438],[141.33826,38.49357],[141.33643,38.49362],[141.33523,38.49282],[141.33447,38.49118],[141.33388,38.49128],[141.33238,38.49263],[141.33069,38.49283],[141.32955,38.49225],[141.32786,38.49229],[141.32712,38.49276],[141.3254,38.492],[141.3217,38.49196],[141.32117,38.49237],[141.32085,38.49127]]],[[[141.33826,38.49357],[141.33976,38.49443],[141.34007,38.49422],[141.34083,38.49483],[141.34111,38.49495],[141.34159,38.49495],[141.34296,38.49472],[141.34238,38.49599],[141.34133,38.49627],[141.33966,38.49544],[141.33826,38.49357]]],[[[141.33754,38.49634],[141.33658,38.49577],[141.33623,38.49493],[141.3367,38.49413],[141.33646,38.49529],[141.33754,38.49634]]],[[[141.34086,38.49727],[141.34321,38.49635],[141.34317,38.49651],[141.34245,38.49717],[141.34086,38.49727]]]]},"properties":{"林班":"B037","市町村名称":"石巻市","旧市町村":null}},
{"type":"Feature","geometry":{"type":"Polygon","coordinates":[[[141.32576,38.49812],[141.32656,38.4971],[141.32465,38.49643],[141.321,38.49435],[141.31773,38.49495],[141.31586,38.49375],[141.31639,38.49265],[141.31808,38.49256],[141.31894,38.4937],[141.32032,38.49319],[141.32117,38.49237],[141.3217,38.49196],[141.3254,38.492],[141.32712,38.49276],[141.32786,38.49229],[141.32955,38.49225],[141.33069,38.49283],[141.33238,38.49263],[141.33388,38.49128],[141.33447,38.49118],[141.33523,38.49282],[141.33643,38.49362],[141.3367,38.49413],[141.33623,38.49493],[141.33658,38.49577],[141.33754,38.49634],[141.33773,38.49707],[141.33701,38.4971],[141.33528,38.49578],[141.33509,38.49512],[141.33303,38.49542],[141.3309,38.49643],[141.32992,38.49756],[141.32853,38.49796],[141.32576,38.49812]]]},"properties":{"林班":"B036","市町村名称":"石巻市","旧市町村":null}},
{"type":"Feature","geometry":{"type":"Polygon","coordinates":[[[141.32428,38.50321],[141.32418,38.50197],[141.32513,38.50068],[141.32398,38.50058],[141.32151,38.50262],[141.32067,38.50422],[141.31988,38.50379],[141.31796,38.50138],[141.31739,38.50118],[141.31711,38.49986],[141.31772,38.4992],[141.32279,38.49979],[141.32122,38.50054],[141.3212,38.50129],[141.32406,38.50012],[141.32522,38.49896],[141.32719,38.49962],[141.32672,38.49836],[141.32576,38.49812],[141.32853,38.49796],[141.32992,38.49756],[141.3309,38.49643],[141.33303,38.49542],[141.33509,38.49512],[141.33528,38.49578],[141.33701,38.4971],[141.33631,38.49856],[141.33564,38.49896],[141.33545,38.49904],[141.3341,38.49918],[141.33468,38.50066],[141.33264,38.50175],[141.33198,38.50166],[141.33189,38.50201],[141.3309,38.50232],[141.33028,38.50234],[141.33007,38.50261],[141.32812,38.50343],[141.32847,38.50382],[141.32732,38.50412],[141.32715,38.50483],[141.32631,38.50561],[141.32394,38.50368],[141.32428,38.50321]]]},"properties":{"林班":"B035","市町村名称":"石巻市","旧市町村":null}},
{"type":"Feature","geometry":{"type":"MultiPolygon","coordinates":[[[[141.32847,38.50382],[141.32812,38.50343],[141.33007,38.50261],[141.3293,38.50304],[141.32847,38.50382]]],[[[141.32748,38.50421],[141.32851,38.50404],[141.32933,38.50316],[141.32991,38.50299],[141.33035,38.50248],[141.33101,38.50243],[141.33161,38.50219],[141.33221,38.50242],[141.33209,38.50182],[141.33311,38.5019],[141.33454,38.50258],[141.33499,38.50203],[141.33543,38.50144],[141.33481,38.50065],[141.33541,38.49979],[141.3358,38.49888],[141.33611,38.49871],[141.33684,38.49839],[141.33808,38.49712],[141.34086,38.49727],[141.34245,38.49717],[141.34317,38.49651],[141.34277,38.49736],[141.34088,38.4981],[141.3398,38.49943],[141.33942,38.5009],[141.3383,38.50233],[141.33831,38.5033],[141.33854,38.50382],[141.3384,38.50448],[141.33834,38.50464],[141.3382,38.505],[141.33814,38.50522],[141.33806,38.50556],[141.33805,38.50577],[141.33802,38.50591],[141.33783,38.50606],[141.33719,38.50643],[141.33596,38.50768],[141.33493,38.50742],[141.33335,38.50913],[141.33199,38.50881],[141.3325,38.50771],[141.33215,38.50659],[141.33288,38.5059],[141.33172,38.50529],[141.33134,38.50703],[141.32977,38.50651],[141.32965,38.50742],[141.32852,38.5082],[141.32802,38.50658],[141.32807,38.50456],[141.32723,38.50477],[141.32748,38.50421]]],[[[141.33264,38.50175],[141.33468,38.50066],[141.33526,38.50153],[141.33469,38.50229],[141.33264,38.50175]]],[[[141.33631,38.49856],[141.33701,38.4971],[141.33773,38.49707],[141.33631,38.49856]]]]},"properties":{"林班":"B034","市町村名称":"石巻市","旧市町村":null}},
{"type":"Feature","geometry":{"type":"Polygon","coordinates":[[[141.3036,38.54214],[141.30417,38.54064],[141.30522,38.54174],[141.30604,38.54109],[141.30528,38.54034],[141.30513,38.53918],[141.30621,38.53811],[141.30765,38.53583],[141.31056,38.53643],[141.31123,38.53546],[141.30988,38.53452],[141.30924,38.53518],[141.30827,38.5349],[141.30928,38.53262],[141.30878,38.5306],[141.31033,38.53166],[141.31004,38.53342],[141.31257,38.53543],[141.31295,38.53739],[141.31419,38.53814],[141.31496,38.5393],[141.31636,38.54031],[141.31691,38.54114],[141.31683,38.54239],[141.31556,38.54302],[141.31423,38.54172],[141.31327,38.54201],[141.31315,38.54204],[141.31191,38.5423],[141.31064,38.54305],[141.31005,38.54259],[141.3083,38.54228],[141.3072,38.54295],[141.30611,38.54199],[141.30463,38.54173],[141.3036,38.54214]]]},"properties":{"林班":"B062","市町村名称":"石巻市","旧市町村":null}},
{"type":"Feature","geometry":{"type":"MultiPolygon","coordinates":[[[[141.3036,38.54214],[141.30463,38.54173],[141.30611,38.54199],[141.3072,38.54295],[141.3083,38.54228],[141.31005,38.54259],[141.31064,38.54305],[141.31191,38.5423],[141.31315,38.54204],[141.31401,38.54272],[141.31319,38.54328],[141.31349,38.54391],[141.31437,38.54402],[141.31453,38.54441],[141.31386,38.54467],[141.31356,38.54539],[141.31329,38.54645],[141.31208,38.54593],[141.31112,38.54688],[141.30969,38.54745],[141.3105,38.54829],[141.31268,38.54835],[141.3134,38.54882],[141.31124,38.54914],[141.30954,38.55009],[141.30715,38.55283],[141.30541,38.55097],[141.30442,38.54894],[141.30374,38.5442],[141.30591,38.54476],[141.30812,38.54445],[141.30873,38.54475],[141.30824,38.54441],[141.30589,38.54424],[141.30406,38.54315],[141.3036,38.54214]]],[[[141.31799,38.54595],[141.31622,38.54616],[141.31424,38.54684],[141.31371,38.5457],[141.31398,38.54469],[141.31469,38.54446],[141.31476,38.54421],[141.31426,38.54391],[141.31409,38.5428],[141.3139,38.54233],[141.31327,38.54201],[141.31423,38.54172],[141.31556,38.54302],[141.31683,38.54239],[141.31738,38.54346],[141.31831,38.5439],[141.31832,38.54395],[141.31799,38.54595]]],[[[141.31376,38.54666],[141.31134,38.54823],[141.30983,38.54747],[141.31122,38.54696],[141.31211,38.54607],[141.31376,38.54666]]],[[[141.31362,38.54883],[141.31349,38.54751],[141.31413,38.54695],[141.31616,38.54626],[141.31793,38.54623],[141.31882,38.54811],[141.31506,38.54858],[141.31362,38.54883]]],[[[141.31521,38.54858],[141.31888,38.5483],[141.31657,38.5487],[141.31521,38.54858]]]]},"properties":{"林班":"B061","市町村名称":"石巻市","旧市町村":null}},
{"type":"Feature","geometry":{"type":"Polygon","coordinates":[[[141.30715,38.55283],[141.30954,38.55009],[141.31124,38.54914],[141.3134,38.54882],[141.31394,38.54895],[141.31521,38.54858],[141.31657,38.5487],[141.31888,38.5483],[141.31959,38.54799],[141.32018,38.54777],[141.32065,38.54768],[141.32235,38.54767],[141.3241,38.5492],[141.32551,38.55105],[141.32677,38.5519],[141.3276,38.55124],[141.32774,38.55132],[141.32729,38.55264],[141.32502,38.55281],[141.32376,38.55257],[141.32144,38.55279],[141.32137,38.55281],[141.31938,38.5542],[141.31655,38.55356],[141.31436,38.55361],[141.31131,38.5535],[141.31106,38.55388],[141.309,38.55317],[141.30715,38.55283]]]},"properties":{"林班":"B060","市町村名称":"石巻市","旧市町村":null}},
{"type":"Feature","geometry":{"type":"Polygon","coordinates":[[[141.328,38.53681],[141.32814,38.53689],[141.33058,38.53783],[141.33138,38.54008],[141.33254,38.53924],[141.33569,38.54058],[141.33798,38.5421],[141.33882,38.54092],[141.33991,38.54104],[141.34013,38.54202],[141.33858,38.54559],[141.33737,38.54626],[141.33602,38.54717],[141.33579,38.5472],[141.3342,38.54777],[141.3308,38.54748],[141.32862,38.54812],[141.32803,38.54864],[141.32776,38.54854],[141.32736,38.54837],[141.32722,38.54697],[141.32795,38.54613],[141.32706,38.54428],[141.32662,38.53789],[141.32716,38.53656],[141.328,38.53681]]]},"properties":{"林班":"B066","市町村名称":"石巻市","旧市町村":null}},
{"type":"Feature","geometry":{"type":"MultiPolygon","coordinates":[[[[141.32134,38.546],[141.32064,38.54413],[141.32059,38.54291],[141.3216,38.54277],[141.32264,38.54111],[141.32443,38.53997],[141.32439,38.53816],[141.32467,38.53759],[141.32499,38.53663],[141.32624,38.53655],[141.32741,38.53595],[141.32814,38.53689],[141.328,38.53681],[141.32716,38.53656],[141.32662,38.53789],[141.32706,38.54428],[141.32795,38.54613],[141.32722,38.54697],[141.32736,38.54837],[141.32618,38.54921],[141.32562,38.54871],[141.32532,38.54862],[141.32517,38.5482],[141.32491,38.54797],[141.32507,38.5476],[141.32281,38.54606],[141.32134,38.546]]],[[[141.32235,38.54767],[141.3214,38.54609],[141.32273,38.54617],[141.32492,38.54766],[141.3248,38.54802],[141.32516,38.54828],[141.32527,38.54868],[141.32559,38.54877],[141.326,38.54931],[141.32634,38.5507],[141.32551,38.55105],[141.3241,38.5492],[141.32235,38.54767]]],[[[141.32648,38.55065],[141.32616,38.54938],[141.32709,38.5503],[141.32648,38.55065]]]]},"properties":{"林班":"B065","市町村名称":"石巻市","旧市町村":null}},
{"type":"Feature","geometry":{"type":"MultiPolygon","coordinates":[[[[141.31636,38.54031],[141.31816,38.53875],[141.31903,38.53909],[141.3203,38.53811],[141.31997,38.53618],[141.32141,38.53383],[141.32226,38.5337],[141.32314,38.53479],[141.32229,38.53552],[141.32406,38.53672],[141.32499,38.53663],[141.32467,38.53759],[141.32439,38.53816],[141.32443,38.53997],[141.32264,38.54111],[141.3216,38.54277],[141.32059,38.54291],[141.32064,38.54413],[141.32134,38.546],[141.32077,38.54749],[141.31922,38.54768],[141.31926,38.54659],[141.31799,38.54595],[141.31832,38.54395],[141.31831,38.5439],[141.31738,38.54346],[141.31683,38.54239],[141.31691,38.54114],[141.31636,38.54031]]],[[[141.32018,38.54777],[141.31959,38.54799],[141.31882,38.54811],[141.31793,38.54623],[141.31914,38.54666],[141.3187,38.54735],[141.31929,38.54779],[141.32018,38.54777]]],[[[141.3214,38.54609],[141.32235,38.54767],[141.32065,38.54768],[141.32149,38.54693],[141.3214,38.54609]]]]},"properties":{"林班":"B064","市町村名称":"石巻市","旧市町村":null}},
{"type":"Feature","geometry":{"type":"Polygon","coordinates":[[[141.30878,38.5306],[141.31164,38.52985],[141.31316,38.53014],[141.31588,38.53159],[141.31736,38.53358],[141.32054,38.5332],[141.32141,38.53383],[141.31997,38.53618],[141.3203,38.53811],[141.31903,38.53909],[141.31816,38.53875],[141.31636,38.54031],[141.31496,38.5393],[141.31419,38.53814],[141.31295,38.53739],[141.31257,38.53543],[141.31004,38.53342],[141.31033,38.53166],[141.30878,38.5306]]]},"properties":{"林班":"B063","市町村名称":"石巻市","旧市町村":null}},
{"type":"Feature","geometry":{"type":"MultiPolygon","coordinates":[[[[141.33017,38.55601],[141.33121,38.55448],[141.33139,38.554],[141.33247,38.5534],[141.33499,38.553],[141.33715,38.55295],[141.33931,38.55326],[141.33996,38.55379],[141.3433,38.55448],[141.34357,38.55525],[141.34231,38.55621],[141.34189,38.55657],[141.3413,38.55726],[141.34009,38.55823],[141.33897,38.5605],[141.33713,38.56205],[141.3375,38.56057],[141.33615,38.55927],[141.33659,38.55852],[141.33597,38.55803],[141.33494,38.55849],[141.33405,38.55867],[141.33313,38.55871],[141.33303,38.55847],[141.33396,38.55795],[141.33382,38.55745],[141.33309,38.55709],[141.3322,38.5569],[141.33213,38.55675],[141.33287,38.55638],[141.33311,38.55618],[141.33301,38.55524],[141.33237,38.55509],[141.33215,38.55587],[141.33158,38.55565],[141.33108,38.55567],[141.33017,38.55601]]],[[[141.33016,38.55612],[141.33079,38.556],[141.33134,38.55568],[141.33237,38.55594],[141.33236,38.55532],[141.33294,38.5553],[141.33296,38.55621],[141.3321,38.55667],[141.33195,38.55684],[141.33226,38.55702],[141.33334,38.5573],[141.33379,38.55797],[141.33297,38.55839],[141.33291,38.55873],[141.33328,38.55881],[141.33446,38.55868],[141.33619,38.55824],[141.33585,38.55954],[141.33716,38.56035],[141.33695,38.56212],[141.33435,38.56363],[141.3341,38.56453],[141.33393,38.56444],[141.33373,38.56436],[141.33313,38.56431],[141.33289,38.56432],[141.33262,38.56417],[141.33245,38.56402],[141.33242,38.56394],[141.33241,38.56389],[141.3327,38.56302],[141.33205,38.56266],[141.33244,38.56207],[141.33264,38.56184],[141.3328,38.56138],[141.3326,38.56107],[141.33234,38.56076],[141.33231,38.56061],[141.33166,38.56015],[141.33071,38.56036],[141.32887,38.55962],[141.32863,38.55952],[141.3282,38.55939],[141.32825,38.55899],[141.33009,38.55818],[141.33016,38.55612]]]]},"properties":{"林班":"B069","市町村名称":"石巻市","旧市町村":null}},
{"type":"Feature","geometry":{"type":"MultiPolygon","coordinates":[[[[141.32919,38.55192],[141.32994,38.55173],[141.33329,38.55173],[141.33593,38.54974],[141.3393,38.5488],[141.34023,38.54678],[141.34101,38.54752],[141.34185,38.54718],[141.34288,38.54819],[141.34381,38.5466],[141.34277,38.54576],[141.34557,38.54401],[141.34722,38.54274],[141.34866,38.54109],[141.34901,38.54009],[141.34982,38.54024],[141.35059,38.54128],[141.34984,38.54313],[141.34883,38.54407],[141.34806,38.54613],[141.34646,38.54686],[141.34786,38.54732],[141.34689,38.54871],[141.3461,38.55303],[141.34459,38.55407],[141.34348,38.55359],[141.34045,38.5532],[141.33931,38.55326],[141.33715,38.55295],[141.33499,38.553],[141.33247,38.5534],[141.33139,38.554],[141.33121,38.55448],[141.33017,38.55601],[141.33029,38.55486],[141.32976,38.55439],[141.32892,38.55291],[141.32919,38.55192]]],[[[141.32763,38.55572],[141.32868,38.55375],[141.33019,38.55488],[141.33016,38.55612],[141.33009,38.55818],[141.32825,38.55899],[141.32764,38.55814],[141.32778,38.55742],[141.32869,38.55633],[141.32719,38.55603],[141.32759,38.55575],[141.32763,38.55572]]],[[[141.34251,38.54566],[141.34045,38.54665],[141.34225,38.54508],[141.34229,38.54528],[141.34251,38.54566]]]]},"properties":{"林班":"B068","市町村名称":"石巻市","旧市町村":null}},
{"type":"Feature","geometry":{"type":"MultiPolygon","coordinates":[[[[141.32803,38.54864],[141.32862,38.54812],[141.3308,38.54748],[141.3342,38.54777],[141.33579,38.5472],[141.33602,38.54717],[141.33737,38.54626],[141.3393,38.54607],[141.3403,38.54441],[141.34146,38.54433],[141.34451,38.54235],[141.34629,38.54205],[141.34805,38.54045],[141.34901,38.54009],[141.34866,38.54109],[141.34722,38.54274],[141.34557,38.54401],[141.34277,38.54576],[141.34251,38.54566],[141.34229,38.54528],[141.34225,38.54508],[141.34045,38.54665],[141.34023,38.54678],[141.3393,38.5488],[141.33593,38.54974],[141.33329,38.55173],[141.32994,38.55173],[141.32919,38.55192],[141.32849,38.551],[141.32763,38.55119],[141.32709,38.5503],[141.32616,38.54938],[141.32691,38.54965],[141.32718,38.54958],[141.32803,38.54864]]],[[[141.32618,38.54921],[141.32736,38.54837],[141.32776,38.54854],[141.32731,38.54897],[141.32725,38.54941],[141.32686,38.54957],[141.32618,38.54921]]],[[[141.3276,38.55124],[141.32677,38.5519],[141.32551,38.55105],[141.32634,38.5507],[141.3276,38.55124]]]]},"properties":{"林班":"B067","市町村名称":"石巻市","旧市町村":null}},
{"type":"Feature","geometry":{"type":"MultiPolygon","coordinates":[[[[141.296,38.50898],[141.29637,38.50876],[141.29637,38.50678],[141.29727,38.50517],[141.29811,38.50581],[141.29921,38.50572],[141.30232,38.5063],[141.30262,38.50773],[141.30151,38.50751],[141.29993,38.50921],[141.29796,38.50909],[141.29693,38.50967],[141.296,38.50898]]],[[[141.30367,38.50662],[141.30396,38.50609],[141.30501,38.50726],[141.303,38.50867],[141.30297,38.5065],[141.30336,38.50659],[141.30367,38.50662]]],[[[141.30383,38.50988],[141.30554,38.51004],[141.30565,38.51085],[141.30358,38.51055],[141.30383,38.50988]]]]},"properties":{"林班":"B049","市町村名称":"石巻市","旧市町村":null}},
{"type":"Feature","geometry":{"type":"MultiPolygon","coordinates":[[[[141.27858,38.53807],[141.27986,38.53739],[141.28013,38.53632],[141.28042,38.53618],[141.28088,38.53581],[141.28167,38.53524],[141.28296,38.53525],[141.28622,38.53662],[141.28667,38.53805],[141.28605,38.53886],[141.28664,38.54136],[141.28659,38.54225],[141.28641,38.54252],[141.28624,38.5415],[141.28492,38.54148],[141.28373,38.54264],[141.28267,38.5423],[141.28286,38.54079],[141.28208,38.53881],[141.28414,38.53852],[141.28438,38.5376],[141.28242,38.53762],[141.2791,38.53873],[141.27898,38.54046],[141.27784,38.53925],[141.27833,38.53833],[141.27858,38.53807]]],[[[141.28464,38.54333],[141.28513,38.54298],[141.28598,38.54302],[141.28605,38.54328],[141.28604,38.54369],[141.28586,38.54392],[141.2856,38.5439],[141.28546,38.54369],[141.28499,38.54338],[141.28464,38.54333]]]]},"properties":{"林班":"B051","市町村名称":"石巻市","旧市町村":null}},
{"type":"Feature","geometry":{"type":"MultiPolygon","coordinates":[[[[141.27729,38.53598],[141.27674,38.53442],[141.27429,38.53417],[141.27458,38.53341],[141.27609,38.53363],[141.27647,38.53199],[141.27751,38.53148],[141.27924,38.53326],[141.28012,38.53317],[141.28024,38.53535],[141.27877,38.53625],[141.27863,38.53612],[141.27821,38.53605],[141.27808,38.53604],[141.27754,38.536],[141.27729,38.53598]]],[[[141.28013,38.53632],[141.28167,38.53524],[141.28088,38.53581],[141.28042,38.53618],[141.28013,38.53632]]]]},"properties":{"林班":"B050","市町村名称":"石巻市","旧市町村":null}},
{"type":"Feature","geometry":{"type":"Polygon","coordinates":[[[141.28978,38.52816],[141.2913,38.52841],[141.29286,38.52773],[141.29339,38.52884],[141.29249,38.53085],[141.29395,38.53053],[141.29427,38.52963],[141.29535,38.52998],[141.29672,38.53112],[141.29697,38.53143],[141.29744,38.53185],[141.29796,38.53172],[141.29823,38.53181],[141.29845,38.53198],[141.29859,38.53229],[141.29866,38.53334],[141.30046,38.53462],[141.30061,38.53481],[141.30047,38.53483],[141.29965,38.53637],[141.29827,38.53799],[141.29609,38.53732],[141.29577,38.53641],[141.29577,38.53638],[141.29567,38.53508],[141.29562,38.53502],[141.29365,38.53385],[141.29408,38.53286],[141.29227,38.53237],[141.29141,38.53081],[141.29053,38.52993],[141.28978,38.52816]]]},"properties":{"林班":"B055","市町村名称":"石巻市","旧市町村":null}},
{"type":"Feature","geometry":{"type":"Polygon","coordinates":[[[141.28876,38.53416],[141.28789,38.53367],[141.28727,38.52954],[141.28747,38.52821],[141.28802,38.52797],[141.28815,38.52614],[141.28892,38.5258],[141.29007,38.52629],[141.28999,38.52648],[141.28978,38.52816],[141.29053,38.52993],[141.29141,38.53081],[141.29227,38.53237],[141.29408,38.53286],[141.29118,38.53358],[141.29075,38.5342],[141.28935,38.53416],[141.28925,38.53416],[141.2891,38.53415],[141.2888,38.53415],[141.28876,38.53416]]]},"properties":{"林班":"B054","市町村名称":"石巻市","旧市町村":null}},
{"type":"Feature","geometry":{"type":"Polygon","coordinates":[[[141.29408,38.53286],[141.29365,38.53385],[141.29562,38.53502],[141.29567,38.53508],[141.29577,38.53638],[141.29577,38.53641],[141.29609,38.53732],[141.29827,38.53799],[141.29778,38.54018],[141.29852,38.54155],[141.29828,38.54162],[141.29779,38.54147],[141.29577,38.54083],[141.29546,38.54079],[141.29259,38.54035],[141.29163,38.53913],[141.28947,38.5379],[141.2884,38.53695],[141.28786,38.53464],[141.28876,38.53416],[141.2888,38.53415],[141.2891,38.53415],[141.28925,38.53416],[141.28935,38.53416],[141.29075,38.5342],[141.29118,38.53358],[141.29408,38.53286]]]},"properties":{"林班":"B053","市町村名称":"石巻市","旧市町村":null}},
{"type":"Feature","geometry":{"type":"MultiPolygon","coordinates":[[[[141.29546,38.54079],[141.29807,38.5417],[141.29796,38.54235],[141.29686,38.54317],[141.2962,38.54477],[141.29522,38.54547],[141.29364,38.546],[141.29177,38.54395],[141.293,38.54299],[141.2917,38.54249],[141.28939,38.54358],[141.28851,38.54287],[141.2877,38.54252],[141.28679,38.54179],[141.2866,38.54022],[141.28716,38.53931],[141.29105,38.5393],[141.2916,38.54008],[141.29259,38.54035],[141.29546,38.54079]]],[[[141.28598,38.54302],[141.28641,38.54252],[141.28659,38.54225],[141.28716,38.54224],[141.28922,38.54355],[141.28965,38.54413],[141.29012,38.54347],[141.29176,38.54263],[141.29163,38.54384],[141.29265,38.54559],[141.29166,38.54566],[141.29162,38.5456],[141.2916,38.54557],[141.29135,38.54524],[141.28955,38.54511],[141.28933,38.54508],[141.28914,38.54508],[141.28801,38.5448],[141.28795,38.54476],[141.28773,38.54443],[141.28763,38.54424],[141.28754,38.54411],[141.28718,38.5441],[141.28645,38.54439],[141.28588,38.54438],[141.28586,38.54392],[141.28604,38.54369],[141.28605,38.54328],[141.28598,38.54302]]],[[[141.29765,38.54599],[141.29616,38.5464],[141.29628,38.54491],[141.29683,38.54349],[141.29815,38.54225],[141.29828,38.54162],[141.29852,38.54155],[141.29845,38.54299],[141.29838,38.54319],[141.29814,38.54344],[141.2974,38.5446],[141.29765,38.54599]]]]},"properties":{"林班":"B052","市町村名称":"石巻市","旧市町村":null}},
{"type":"Feature","geometry":{"type":"MultiPolygon","coordinates":[[[[141.31436,38.55361],[141.31655,38.55356],[141.31938,38.5542],[141.32137,38.55281],[141.32144,38.55279],[141.32376,38.55257],[141.32502,38.55281],[141.32729,38.55264],[141.32774,38.55132],[141.32876,38.55285],[141.32754,38.55349],[141.32718,38.55343],[141.32661,38.55384],[141.32623,38.5539],[141.32574,38.55381],[141.32555,38.55383],[141.32555,38.5539],[141.32552,38.55537],[141.32505,38.55574],[141.3257,38.55602],[141.32644,38.5567],[141.32653,38.55645],[141.32658,38.55576],[141.32759,38.55575],[141.32719,38.55603],[141.32778,38.55742],[141.32764,38.55814],[141.32364,38.5582],[141.32344,38.55829],[141.323,38.55838],[141.3226,38.55841],[141.32141,38.55826],[141.32104,38.55815],[141.32057,38.55797],[141.31754,38.55862],[141.31539,38.55803],[141.31423,38.55637],[141.31276,38.55494],[141.31208,38.55448],[141.31436,38.55361]]],[[[141.32763,38.55572],[141.32653,38.55572],[141.32648,38.55646],[141.32625,38.55642],[141.32577,38.55601],[141.32517,38.55571],[141.32559,38.55536],[141.32574,38.55468],[141.32571,38.55423],[141.32559,38.5539],[141.32562,38.55386],[141.32614,38.55394],[141.32656,38.55391],[141.32706,38.55354],[141.32769,38.55378],[141.32809,38.55458],[141.32868,38.55375],[141.32763,38.55572]]],[[[141.32892,38.55291],[141.3284,38.55178],[141.32763,38.55119],[141.32849,38.551],[141.32919,38.55192],[141.32892,38.55291]]]]},"properties":{"林班":"B059","市町村名称":"石巻市","旧市町村":null}},
{"type":"Feature","geometry":{"type":"MultiPolygon","coordinates":[[[[141.30348,38.56054],[141.30344,38.56009],[141.30593,38.55803],[141.30802,38.55538],[141.3096,38.55446],[141.3109,38.55442],[141.31276,38.55494],[141.31423,38.55637],[141.31539,38.55803],[141.31754,38.55862],[141.32057,38.55797],[141.32104,38.55815],[141.32096,38.55825],[141.32141,38.55826],[141.3226,38.55841],[141.323,38.55838],[141.32344,38.55829],[141.32364,38.5582],[141.32764,38.55814],[141.32825,38.55899],[141.3282,38.55939],[141.32712,38.55963],[141.32559,38.55964],[141.32527,38.55953],[141.32485,38.55922],[141.32436,38.55862],[141.32485,38.55922],[141.32527,38.55953],[141.32559,38.55964],[141.32576,38.55974],[141.32559,38.55998],[141.32525,38.56035],[141.32476,38.56074],[141.32234,38.56114],[141.32178,38.56077],[141.31986,38.56133],[141.31611,38.56119],[141.31483,38.56056],[141.31443,38.56033],[141.31398,38.56006],[141.31303,38.56031],[141.31307,38.56026],[141.31311,38.56004],[141.31307,38.56026],[141.31267,38.56022],[141.31193,38.56006],[141.31152,38.56011],[141.31144,38.56014],[141.31073,38.56064],[141.31061,38.5607],[141.31008,38.56085],[141.30971,38.56064],[141.30953,38.5606],[141.30915,38.56058],[141.30887,38.56057],[141.30826,38.56063],[141.30749,38.55959],[141.30737,38.5596],[141.30699,38.55994],[141.30691,38.55999],[141.30629,38.56041],[141.30605,38.56056],[141.30604,38.5607],[141.30373,38.5609],[141.30364,38.56089],[141.30338,38.56061],[141.30348,38.56054]]],[[[141.30326,38.56071],[141.30281,38.56057],[141.30344,38.56009],[141.30348,38.56054],[141.30338,38.56061],[141.30326,38.56071]]]]},"properties":{"林班":"B058","市町村名称":"石巻市","旧市町村":null}},
{"type":"Feature","geometry":{"type":"Polygon","coordinates":[[[141.30047,38.53483],[141.30229,38.53544],[141.30136,38.53409],[141.30276,38.53399],[141.30234,38.53279],[141.30061,38.53103],[141.30113,38.5304],[141.30137,38.52956],[141.30159,38.52956],[141.30217,38.52945],[141.30223,38.52939],[141.30247,38.52919],[141.30273,38.52895],[141.30334,38.52854],[141.30353,38.52842],[141.30412,38.52878],[141.3036,38.5302],[141.30401,38.53079],[141.30475,38.53351],[141.30388,38.53579],[141.30329,38.53666],[141.30189,38.5373],[141.30105,38.5382],[141.30015,38.54029],[141.29999,38.54193],[141.3005,38.54634],[141.30051,38.54803],[141.30126,38.54951],[141.30277,38.55329],[141.30371,38.55484],[141.30219,38.55651],[141.30037,38.55741],[141.29994,38.55685],[141.29967,38.55653],[141.29956,38.55637],[141.29932,38.55594],[141.29815,38.55475],[141.29911,38.55389],[141.30023,38.55464],[141.29931,38.55148],[141.29856,38.55064],[141.29895,38.54988],[141.29799,38.54799],[141.29847,38.54788],[141.29799,38.54799],[141.2977,38.54749],[141.2976,38.54615],[141.29774,38.54599],[141.29765,38.54599],[141.2974,38.5446],[141.29814,38.54344],[141.29838,38.54319],[141.29845,38.54299],[141.29852,38.54155],[141.29778,38.54018],[141.29827,38.53799],[141.29965,38.53637],[141.30047,38.53483]]]},"properties":{"林班":"B057","市町村名称":"石巻市","旧市町村":null}},
{"type":"Feature","geometry":{"type":"MultiPolygon","coordinates":[[[[141.29672,38.53112],[141.29632,38.52992],[141.29521,38.52909],[141.29497,38.5282],[141.29518,38.52663],[141.29759,38.52804],[141.29654,38.52828],[141.2981,38.53091],[141.29904,38.52968],[141.29941,38.52842],[141.30056,38.52787],[141.30132,38.52823],[141.30137,38.52956],[141.30113,38.5304],[141.30061,38.53103],[141.30234,38.53279],[141.30276,38.53399],[141.30136,38.53409],[141.30061,38.53481],[141.30046,38.53462],[141.29903,38.53315],[141.29859,38.53229],[141.29845,38.53198],[141.29823,38.53181],[141.29796,38.53172],[141.29697,38.53143],[141.29672,38.53112]]],[[[141.30171,38.52756],[141.30301,38.52733],[141.30353,38.52842],[141.30334,38.52854],[141.30273,38.52895],[141.30247,38.52919],[141.30223,38.52939],[141.30217,38.52945],[141.30159,38.52956],[141.30171,38.52756]]]]},"properties":{"林班":"B056","市町村名称":"石巻市","旧市町村":null}},
{"type":"Feature","geometry":{"type":"Polygon","coordinates":[[[141.35349,38.5445],[141.35302,38.54345],[141.3539,38.54296],[141.35427,38.54125],[141.35352,38.5409],[141.3533,38.53935],[141.35416,38.53767],[141.35709,38.53775],[141.35972,38.5391],[141.36096,38.54039],[141.36198,38.53881],[141.36466,38.53793],[141.3622,38.54103],[141.36242,38.54253],[141.36261,38.54282],[141.36286,38.54376],[141.36277,38.54387],[141.36104,38.54475],[141.36038,38.54627],[141.35754,38.54656],[141.35669,38.54588],[141.35516,38.54593],[141.35488,38.545],[141.35349,38.5445]]]},"properties":{"林班":"B080","市町村名称":"石巻市","旧市町村":null}},
{"type":"Feature","geometry":{"type":"Polygon","coordinates":[[[141.37731,38.55386],[141.37444,38.55375],[141.37445,38.55501],[141.37359,38.5557],[141.37477,38.55659],[141.37597,38.55864],[141.37443,38.55833],[141.3716,38.55688],[141.36957,38.55562],[141.36748,38.55554],[141.36549,38.55628],[141.36511,38.55559],[141.36572,38.55311],[141.36626,38.5531],[141.36672,38.55066],[141.36818,38.54993],[141.36807,38.5492],[141.369,38.54682],[141.36925,38.54435],[141.36827,38.54277],[141.37062,38.54145],[141.3725,38.54141],[141.37205,38.54246],[141.37344,38.5428],[141.37496,38.54237],[141.37411,38.54131],[141.37475,38.53985],[141.3747,38.54073],[141.375,38.54123],[141.37617,38.54173],[141.37629,38.54191],[141.37598,38.5429],[141.3747,38.54339],[141.37432,38.54372],[141.37351,38.54418],[141.3733,38.54439],[141.3732,38.54452],[141.37309,38.54478],[141.37185,38.54549],[141.37158,38.54566],[141.37135,38.54589],[141.37161,38.54608],[141.37178,38.5462],[141.37186,38.54633],[141.37184,38.54735],[141.37242,38.54753],[141.37358,38.54819],[141.37382,38.54826],[141.37617,38.55029],[141.37621,38.55037],[141.37597,38.55135],[141.3726,38.55118],[141.37387,38.55217],[141.37517,38.55209],[141.37626,38.55154],[141.37734,38.55284],[141.37731,38.55386]]]},"properties":{"林班":"B084","市町村名称":"石巻市","旧市町村":null}},
{"type":"Feature","geometry":{"type":"Polygon","coordinates":[[[141.35651,38.56201],[141.3571,38.56114],[141.35783,38.56001],[141.35935,38.56002],[141.36144,38.56038],[141.36402,38.55984],[141.36494,38.55997],[141.36535,38.56165],[141.36491,38.56227],[141.36366,38.56463],[141.3634,38.56619],[141.36267,38.56658],[141.36243,38.5689],[141.36305,38.56986],[141.3631,38.57144],[141.36419,38.57311],[141.36512,38.57373],[141.36762,38.574],[141.36607,38.57571],[141.3646,38.57508],[141.36296,38.57501],[141.3617,38.57333],[141.35998,38.5725],[141.35846,38.57059],[141.35638,38.57047],[141.35644,38.56945],[141.35715,38.56842],[141.35753,38.56663],[141.35706,38.5651],[141.35763,38.56412],[141.35651,38.56201]]]},"properties":{"林班":"B083","市町村名称":"石巻市","旧市町村":null}},
{"type":"Feature","geometry":{"type":"Polygon","coordinates":[[[141.35729,38.5543],[141.35687,38.55213],[141.35848,38.55079],[141.36009,38.55147],[141.36195,38.55116],[141.36589,38.54939],[141.36706,38.54939],[141.36568,38.55047],[141.3656,38.55209],[141.36481,38.5539],[141.36491,38.55552],[141.3653,38.55643],[141.36679,38.55737],[141.36759,38.55884],[141.36772,38.56],[141.36857,38.5609],[141.36851,38.56161],[141.36954,38.56242],[141.36933,38.56364],[141.36842,38.56507],[141.36737,38.56445],[141.36631,38.56483],[141.36491,38.56227],[141.36535,38.56165],[141.36494,38.55997],[141.36548,38.55933],[141.3658,38.55722],[141.36505,38.55734],[141.36193,38.55869],[141.36104,38.55882],[141.35926,38.55835],[141.35753,38.55645],[141.35811,38.55476],[141.35729,38.5543]]]},"properties":{"林班":"B082","市町村名称":"石巻市","旧市町村":null}},
{"type":"Feature","geometry":{"type":"Polygon","coordinates":[[[141.36038,38.54627],[141.36104,38.54475],[141.36277,38.54387],[141.36286,38.54376],[141.36261,38.54282],[141.36242,38.54253],[141.3622,38.54103],[141.36466,38.53793],[141.36561,38.53918],[141.36505,38.54004],[141.36611,38.54038],[141.36481,38.54176],[141.36633,38.54418],[141.36749,38.54489],[141.36667,38.54559],[141.36765,38.54732],[141.36706,38.54939],[141.36589,38.54939],[141.36195,38.55116],[141.36009,38.55147],[141.35848,38.55079],[141.35834,38.54982],[141.35919,38.54866],[141.35923,38.54782],[141.36024,38.54761],[141.36038,38.54627]]]},"properties":{"林班":"B081","市町村名称":"石巻市","旧市町村":null}},
{"type":"Feature","geometry":{"type":"MultiPolygon","coordinates":[[[[141.31924,38.51957],[141.32036,38.52027],[141.32069,38.52132],[141.31958,38.52138],[141.31924,38.51957]]],[[[141.32249,38.52156],[141.32337,38.52222],[141.32586,38.52193],[141.32744,38.52201],[141.32983,38.5229],[141.33049,38.52357],[141.33188,38.52391],[141.33297,38.52354],[141.33621,38.52446],[141.33709,38.52498],[141.33756,38.52726],[141.33872,38.5268],[141.33871,38.52707],[141.33917,38.52847],[141.33804,38.52896],[141.33685,38.52753],[141.33616,38.52955],[141.33405,38.5298],[141.33374,38.52898],[141.33203,38.52809],[141.33079,38.52779],[141.32917,38.5284],[141.32672,38.52808],[141.32559,38.52716],[141.32414,38.52651],[141.32521,38.52578],[141.32279,38.52476],[141.32012,38.52306],[141.31995,38.52231],[141.32249,38.52156]]]]},"properties":{"林班":"B088","市町村名称":"石巻市","旧市町村":null}},
{"type":"Feature","geometry":{"type":"MultiPolygon","coordinates":[[[[141.32249,38.52156],[141.32361,38.52112],[141.32264,38.51941],[141.32493,38.51885],[141.32358,38.51725],[141.32453,38.51708],[141.32487,38.51804],[141.32585,38.51782],[141.32731,38.51834],[141.32885,38.52001],[141.32983,38.51944],[141.33026,38.52049],[141.33179,38.52076],[141.33268,38.52004],[141.33554,38.52145],[141.33733,38.52301],[141.33928,38.52505],[141.33873,38.52677],[141.33872,38.5268],[141.33756,38.52726],[141.33709,38.52498],[141.33621,38.52446],[141.33297,38.52354],[141.33188,38.52391],[141.33049,38.52357],[141.32983,38.5229],[141.32744,38.52201],[141.32586,38.52193],[141.32337,38.52222],[141.32249,38.52156]]],[[[141.31924,38.51957],[141.32091,38.51871],[141.32036,38.52027],[141.31924,38.51957]]]]},"properties":{"林班":"B087","市町村名称":"石巻市","旧市町村":null}},
{"type":"Feature","geometry":{"type":"Polygon","coordinates":[[[141.33873,38.52677],[141.33986,38.52608],[141.34134,38.52633],[141.34254,38.52699],[141.34511,38.52774],[141.34581,38.52825],[141.34465,38.53021],[141.34561,38.531],[141.34498,38.53165],[141.3455,38.53296],[141.34444,38.5342],[141.34292,38.53366],[141.34201,38.53285],[141.34202,38.5307],[141.33983,38.53039],[141.33974,38.52831],[141.33871,38.52707],[141.33872,38.5268],[141.33873,38.52677]]]},"properties":{"林班":"B086","市町村名称":"石巻市","旧市町村":null}},
{"type":"Feature","geometry":{"type":"MultiPolygon","coordinates":[[[[141.3567,38.52892],[141.35834,38.52932],[141.36025,38.53081],[141.35984,38.5317],[141.36022,38.53281],[141.36207,38.53326],[141.36377,38.53318],[141.36436,38.53387],[141.36382,38.53484],[141.36248,38.53549],[141.35977,38.53492],[141.35884,38.53392],[141.35879,38.53287],[141.35711,38.53304],[141.35578,38.5336],[141.35406,38.53285],[141.35257,38.53303],[141.34952,38.53296],[141.34722,38.5321],[141.34608,38.53027],[141.34766,38.52879],[141.34963,38.52917],[141.35295,38.52919],[141.35651,38.52861],[141.3567,38.52892]]],[[[141.36075,38.53047],[141.36086,38.53106],[141.36408,38.53246],[141.3655,38.53278],[141.36634,38.5339],[141.36457,38.53441],[141.36456,38.53296],[141.36174,38.53303],[141.36045,38.53276],[141.36017,38.53178],[141.36075,38.53047]]]]},"properties":{"林班":"B085","市町村名称":"石巻市","旧市町村":null}},
{"type":"Feature","geometry":{"type":"MultiPolygon","coordinates":[[[[141.31231,38.51821],[141.31364,38.51839],[141.31294,38.51927],[141.31293,38.52084],[141.31362,38.52173],[141.31354,38.52215],[141.31371,38.52233],[141.31428,38.52254],[141.31447,38.52324],[141.31338,38.52321],[141.31238,38.52169],[141.31249,38.52051],[141.31174,38.52027],[141.31231,38.51821]]],[[[141.31325,38.51909],[141.31416,38.51823],[141.31372,38.51725],[141.31504,38.51651],[141.31657,38.5173],[141.31675,38.51804],[141.31822,38.51757],[141.31862,38.51972],[141.31822,38.52265],[141.31676,38.52457],[141.31614,38.52428],[141.31462,38.52302],[141.31429,38.52251],[141.31363,38.52224],[141.3137,38.52166],[141.31299,38.52076],[141.31325,38.51909]]]]},"properties":{"林班":"B089","市町村名称":"石巻市","旧市町村":null}},
{"type":"Feature","geometry":{"type":"MultiPolygon","coordinates":[[[[141.34783,38.57601],[141.34885,38.57463],[141.35011,38.57405],[141.3504,38.57279],[141.35052,38.57267],[141.35233,38.57397],[141.35313,38.57561],[141.35296,38.57681],[141.35268,38.5771],[141.35323,38.57788],[141.35363,38.57878],[141.35215,38.57749],[141.35094,38.57762],[141.34942,38.57641],[141.34926,38.57623],[141.34827,38.57619],[141.34783,38.57601]]],[[[141.34661,38.58006],[141.34781,38.57606],[141.34845,38.57629],[141.34922,38.57629],[141.34957,38.57772],[141.35022,38.5772],[141.35118,38.57781],[141.35211,38.57754],[141.35366,38.57885],[141.35338,38.57998],[141.35016,38.58128],[141.34798,38.58288],[141.34791,38.58241],[141.34785,38.58221],[141.34769,38.58198],[141.3476,38.5819],[141.3473,38.58157],[141.34708,38.58122],[141.34705,38.58123],[141.34706,38.58126],[141.34688,38.58103],[141.34651,38.5808],[141.3466,38.58048],[141.3466,38.58027],[141.34661,38.58006]]]]},"properties":{"林班":"B073","市町村名称":"石巻市","旧市町村":null}},
{"type":"Feature","geometry":{"type":"MultiPolygon","coordinates":[[[[141.34783,38.57601],[141.34623,38.57695],[141.34615,38.57596],[141.34597,38.57556],[141.34568,38.57536],[141.34507,38.57529],[141.34298,38.57396],[141.34233,38.57266],[141.34737,38.57283],[141.34866,38.57208],[141.35019,38.57238],[141.35033,38.57251],[141.3504,38.57279],[141.35011,38.57405],[141.34885,38.57463],[141.34783,38.57601]]],[[[141.341,38.57371],[141.34251,38.57338],[141.34292,38.57453],[141.3437,38.57452],[141.34472,38.57524],[141.34566,38.57544],[141.34599,38.57572],[141.34608,38.57608],[141.34604,38.57687],[141.34625,38.57702],[141.34781,38.57606],[141.34661,38.58006],[141.3466,38.58027],[141.34621,38.58038],[141.34576,38.58022],[141.34621,38.58038],[141.3466,38.58048],[141.34651,38.5808],[141.34646,38.58078],[141.34477,38.5805],[141.34393,38.57966],[141.34235,38.57883],[141.34241,38.57829],[141.34241,38.5779],[141.34198,38.57756],[141.3415,38.57621],[141.34144,38.57591],[141.34057,38.57421],[141.34092,38.5739],[141.341,38.57371]]]]},"properties":{"林班":"B072","市町村名称":"石巻市","旧市町村":null}},
{"type":"Feature","geometry":{"type":"MultiPolygon","coordinates":[[[[141.33747,38.56871],[141.33849,38.56751],[141.342,38.56695],[141.34386,38.56791],[141.34238,38.56858],[141.34229,38.56879],[141.34251,38.56899],[141.34405,38.56971],[141.34343,38.57054],[141.3436,38.57084],[141.34415,38.57094],[141.34536,38.57055],[141.34648,38.57104],[141.34637,38.57206],[141.34589,38.57219],[141.3416,38.57244],[141.341,38.57371],[141.34092,38.5739],[141.34057,38.57421],[141.34044,38.5737],[141.34052,38.57344],[141.34123,38.57172],[141.34124,38.5715],[141.3412,38.57141],[141.34025,38.57111],[141.33989,38.57078],[141.33866,38.5699],[141.33845,38.56975],[141.33747,38.56871]]],[[[141.34233,38.57266],[141.34272,38.57246],[141.34647,38.57215],[141.34663,38.57132],[141.34643,38.57085],[141.34524,38.57043],[141.34437,38.57077],[141.34359,38.57075],[141.34412,38.56997],[141.34414,38.56967],[141.34237,38.5688],[141.34272,38.5685],[141.34372,38.56809],[141.34405,38.56783],[141.34383,38.56758],[141.34243,38.56704],[141.34484,38.56694],[141.34534,38.56536],[141.34673,38.56483],[141.34682,38.56482],[141.34741,38.56422],[141.3475,38.56465],[141.34728,38.56636],[141.34735,38.56675],[141.34813,38.56945],[141.34881,38.57077],[141.34866,38.57208],[141.34737,38.57283],[141.34233,38.57266]]]]},"properties":{"林班":"B071","市町村名称":"石巻市","旧市町村":null}},
{"type":"Feature","geometry":{"type":"MultiPolygon","coordinates":[[[[141.33713,38.56205],[141.33897,38.5605],[141.34009,38.55823],[141.3413,38.55726],[141.34189,38.55657],[141.34231,38.55621],[141.34392,38.55567],[141.34507,38.55618],[141.34528,38.55494],[141.34635,38.55497],[141.34648,38.55669],[141.34593,38.55839],[141.34485,38.55879],[141.34563,38.55989],[141.34693,38.55924],[141.34804,38.56013],[141.347,38.56143],[141.34748,38.56184],[141.34713,38.56338],[141.34741,38.56422],[141.34682,38.56482],[141.34673,38.56483],[141.34534,38.56536],[141.34484,38.56694],[141.34243,38.56704],[141.34184,38.56609],[141.34295,38.56527],[141.34161,38.56475],[141.34225,38.5636],[141.34286,38.56306],[141.34277,38.56252],[141.34117,38.56261],[141.34,38.56182],[141.33992,38.5613],[141.34039,38.56066],[141.33981,38.56076],[141.3381,38.56196],[141.33713,38.56205]]],[[[141.33695,38.56212],[141.33778,38.56221],[141.33881,38.56147],[141.3399,38.56085],[141.33974,38.56163],[141.34012,38.56234],[141.34082,38.56251],[141.34147,38.56302],[141.34177,38.56263],[141.34268,38.56308],[141.34185,38.56403],[141.34076,38.56457],[141.34273,38.56524],[141.3415,38.56635],[141.342,38.56695],[141.33849,38.56751],[141.33747,38.56871],[141.3373,38.56825],[141.33702,38.56794],[141.33684,38.56777],[141.33674,38.56766],[141.33664,38.56698],[141.33655,38.56633],[141.33643,38.56608],[141.33641,38.56606],[141.33626,38.56575],[141.33621,38.56562],[141.33607,38.56511],[141.33484,38.56504],[141.3341,38.56453],[141.33435,38.56363],[141.33695,38.56212]]]]},"properties":{"林班":"B070","市町村名称":"石巻市","旧市町村":null}},
{"type":"Feature","geometry":{"type":"Polygon","coordinates":[[[141.3477,38.56344],[141.34771,38.56246],[141.34842,38.56083],[141.34943,38.56009],[141.34739,38.55833],[141.34842,38.55663],[141.34997,38.55643],[141.35139,38.55735],[141.35472,38.5586],[141.35632,38.55978],[141.3571,38.56114],[141.35651,38.56201],[141.35568,38.56229],[141.3557,38.56347],[141.35312,38.56363],[141.35217,38.56343],[141.34988,38.56373],[141.3477,38.56344]]]},"properties":{"林班":"B077","市町村名称":"石巻市","旧市町村":null}},
{"type":"Feature","geometry":{"type":"Polygon","coordinates":[[[141.3475,38.56465],[141.3477,38.56344],[141.34988,38.56373],[141.35217,38.56343],[141.35312,38.56363],[141.3557,38.56347],[141.35568,38.56229],[141.35651,38.56201],[141.35763,38.56412],[141.35706,38.5651],[141.35753,38.56663],[141.35715,38.56842],[141.35644,38.56945],[141.35474,38.56912],[141.35273,38.56924],[141.35148,38.56825],[141.3486,38.56783],[141.34784,38.5668],[141.34728,38.56636],[141.3475,38.56465]]]},"properties":{"林班":"B076","市町村名称":"石巻市","旧市町村":null}},
{"type":"Feature","geometry":{"type":"MultiPolygon","coordinates":[[[[141.34881,38.57077],[141.34813,38.56945],[141.34735,38.56675],[141.34784,38.5668],[141.3486,38.56783],[141.35148,38.56825],[141.35273,38.56924],[141.35474,38.56912],[141.35644,38.56945],[141.35638,38.57047],[141.35846,38.57059],[141.35998,38.5725],[141.3617,38.57333],[141.36296,38.57501],[141.36268,38.57581],[141.36143,38.57728],[141.36045,38.57793],[141.36024,38.57842],[141.35715,38.57671],[141.35327,38.57566],[141.35233,38.57397],[141.35052,38.57267],[141.35033,38.57251],[141.35019,38.57238],[141.34981,38.57104],[141.34881,38.57077]]],[[[141.35233,38.57397],[141.35321,38.57563],[141.35313,38.57561],[141.35233,38.57397]]]]},"properties":{"林班":"B075","市町村名称":"石巻市","旧市町村":null}},
{"type":"Feature","geometry":{"type":"MultiPolygon","coordinates":[[[[141.34798,38.58288],[141.35016,38.58128],[141.35338,38.57998],[141.35366,38.57885],[141.35374,38.57759],[141.35319,38.57779],[141.35297,38.57691],[141.35327,38.57566],[141.35715,38.57671],[141.36024,38.57842],[141.35938,38.57858],[141.35875,38.57869],[141.35766,38.57897],[141.35738,38.57972],[141.35706,38.58063],[141.35609,38.58146],[141.35343,38.58279],[141.35305,38.58285],[141.35255,38.58313],[141.35231,38.5833],[141.35138,38.58444],[141.34889,38.5843],[141.34842,38.58357],[141.34822,38.58329],[141.34808,38.5831],[141.34798,38.58288]]],[[[141.35296,38.57681],[141.35313,38.57561],[141.35321,38.57563],[141.35296,38.57681]]]]},"properties":{"林班":"B074","市町村名称":"石巻市","旧市町村":null}},
{"type":"Feature","geometry":{"type":"Polygon","coordinates":[[[141.35081,38.55084],[141.35224,38.54769],[141.35241,38.54539],[141.35349,38.5445],[141.35488,38.545],[141.35516,38.54593],[141.35669,38.54588],[141.35754,38.54656],[141.36038,38.54627],[141.36024,38.54761],[141.35923,38.54782],[141.35919,38.54866],[141.35834,38.54982],[141.35848,38.55079],[141.35687,38.55213],[141.35729,38.5543],[141.35631,38.55441],[141.3533,38.55235],[141.35081,38.55084]]]},"properties":{"林班":"B079","市町村名称":"石巻市","旧市町村":null}},
{"type":"Feature","geometry":{"type":"Polygon","coordinates":[[[141.34997,38.55643],[141.34938,38.55506],[141.34838,38.55522],[141.34774,38.5538],[141.34905,38.55153],[141.35041,38.55188],[141.35081,38.55084],[141.3533,38.55235],[141.35631,38.55441],[141.35729,38.5543],[141.35811,38.55476],[141.35753,38.55645],[141.35926,38.55835],[141.35935,38.56002],[141.35783,38.56001],[141.3571,38.56114],[141.35632,38.55978],[141.35472,38.5586],[141.35139,38.55735],[141.34997,38.55643]]]},"properties":{"林班":"B078","市町村名称":"石巻市","旧市町村":null}},
{"type":"Feature","geometry":{"type":"MultiPolygon","coordinates":[[[[141.18874,38.74456],[141.18971,38.74568],[141.18842,38.74632],[141.1877,38.74584],[141.18874,38.74456]]],[[[141.18781,38.74866],[141.18733,38.74824],[141.18896,38.74613],[141.19044,38.74748],[141.19004,38.74866],[141.18825,38.74908],[141.18781,38.74866]]],[[[141.19254,38.74327],[141.19341,38.745],[141.19256,38.74526],[141.19186,38.74355],[141.19254,38.74327]]],[[[141.19324,38.7522],[141.19365,38.75102],[141.19449,38.75116],[141.19472,38.753],[141.19324,38.7522]]],[[[141.19491,38.75089],[141.19522,38.74994],[141.19683,38.74994],[141.19635,38.75054],[141.19491,38.75089]]],[[[141.19634,38.75283],[141.19524,38.75304],[141.1947,38.75125],[141.19634,38.75283]]],[[[141.19743,38.74353],[141.19889,38.74394],[141.19773,38.74497],[141.19696,38.74415],[141.19743,38.74353]]],[[[141.19719,38.74941],[141.19603,38.74858],[141.19658,38.74772],[141.19776,38.74833],[141.19791,38.74964],[141.19719,38.74941]]],[[[141.198,38.74924],[141.19761,38.74739],[141.19905,38.74763],[141.198,38.74924]]]]},"properties":{"林班":"G001","市町村名称":"登米市","旧市町村":null}},
{"type":"Feature","geometry":{"type":"MultiPolygon","coordinates":[[[[141.17049,38.771],[141.1721,38.77041],[141.1734,38.77037],[141.17252,38.77097],[141.17212,38.77111],[141.17167,38.77133],[141.1711,38.77168],[141.17049,38.771]]],[[[141.17463,38.77426],[141.17492,38.77459],[141.17276,38.77598],[141.1714,38.77544],[141.17322,38.77429],[141.17299,38.77361],[141.17138,38.77368],[141.17214,38.77262],[141.17194,38.77195],[141.17196,38.7712],[141.17252,38.771],[141.17347,38.77039],[141.17402,38.77388],[141.17463,38.77426]]],[[[141.17175,38.7668],[141.17334,38.76662],[141.17379,38.76737],[141.17308,38.76793],[141.17123,38.76834],[141.17175,38.7668]]],[[[141.17351,38.76954],[141.1744,38.7689],[141.17635,38.76878],[141.17579,38.77005],[141.17627,38.77059],[141.17575,38.77146],[141.17423,38.77116],[141.17351,38.76954]]]]},"properties":{"林班":"G005","市町村名称":"登米市","旧市町村":null}},
{"type":"Feature","geometry":{"type":"MultiPolygon","coordinates":[[[[141.16312,38.76305],[141.16056,38.76297],[141.16085,38.76243],[141.16312,38.76305]]],[[[141.16493,38.75962],[141.16612,38.75836],[141.16632,38.75756],[141.16774,38.75771],[141.16878,38.75999],[141.16854,38.76055],[141.16666,38.75969],[141.16493,38.75962]]],[[[141.16471,38.76168],[141.16513,38.76056],[141.16615,38.75971],[141.16764,38.76141],[141.16624,38.76265],[141.16547,38.7615],[141.16471,38.76168]]]]},"properties":{"林班":"G004","市町村名称":"登米市","旧市町村":null}},
{"type":"Feature","geometry":{"type":"MultiPolygon","coordinates":[[[[141.16619,38.75167],[141.16861,38.75198],[141.16734,38.75263],[141.16619,38.75167]]],[[[141.16681,38.75579],[141.16821,38.75577],[141.17117,38.7571],[141.17001,38.75818],[141.1685,38.75641],[141.16681,38.75579]]],[[[141.16765,38.75297],[141.16925,38.75302],[141.17026,38.75369],[141.1716,38.75281],[141.1726,38.75378],[141.17052,38.7553],[141.16966,38.75515],[141.16841,38.75348],[141.16765,38.75297]]],[[[141.1723,38.75566],[141.17322,38.75707],[141.17216,38.75737],[141.17151,38.75657],[141.1723,38.75566]]],[[[141.17049,38.75795],[141.1729,38.75938],[141.17347,38.75835],[141.17582,38.75935],[141.17615,38.76017],[141.17561,38.76136],[141.17423,38.7602],[141.17173,38.75927],[141.17049,38.75795]]],[[[141.1733,38.76272],[141.17204,38.76138],[141.17344,38.76142],[141.1733,38.76272]]],[[[141.1733,38.76272],[141.17494,38.76327],[141.17396,38.76389],[141.1733,38.76272]]]]},"properties":{"林班":"G003","市町村名称":"登米市","旧市町村":null}},
{"type":"Feature","geometry":{"type":"MultiPolygon","coordinates":[[[[141.17412,38.75479],[141.17576,38.75462],[141.17684,38.75627],[141.17519,38.75676],[141.17409,38.75606],[141.17412,38.75479]]],[[[141.18699,38.75195],[141.18565,38.75202],[141.18527,38.75377],[141.18431,38.75273],[141.18604,38.75143],[141.18699,38.75195]]]]},"properties":{"林班":"G002","市町村名称":"登米市","旧市町村":null}},
{"type":"Feature","geometry":{"type":"MultiPolygon","coordinates":[[[[141.19791,38.74964],[141.19744,38.74984],[141.19719,38.74941],[141.19791,38.74964]]],[[[141.19906,38.75067],[141.19757,38.75078],[141.19745,38.74986],[141.19804,38.74959],[141.19804,38.74942],[141.19804,38.74937],[141.198,38.74924],[141.19905,38.74763],[141.2002,38.74772],[141.20128,38.74863],[141.20056,38.7495],[141.20131,38.74993],[141.19997,38.75124],[141.19906,38.75067]]],[[[141.19491,38.75089],[141.19635,38.75054],[141.19683,38.74994],[141.19756,38.75079],[141.19829,38.75101],[141.1984,38.75182],[141.19655,38.75162],[141.19634,38.75283],[141.1947,38.75125],[141.19491,38.75089]]],[[[141.20304,38.7445],[141.20652,38.74527],[141.20461,38.74598],[141.20426,38.74717],[141.20564,38.74698],[141.20656,38.74763],[141.20586,38.74849],[141.20452,38.74915],[141.20282,38.74906],[141.2018,38.7475],[141.20187,38.7463],[141.20253,38.74465],[141.20304,38.7445]]]]},"properties":{"林班":"G008","市町村名称":"登米市","旧市町村":null}},
{"type":"Feature","geometry":{"type":"MultiPolygon","coordinates":[[[[141.19321,38.75453],[141.1944,38.75365],[141.19622,38.75376],[141.19709,38.75427],[141.1972,38.75532],[141.1967,38.75597],[141.19589,38.75592],[141.19524,38.75519],[141.19321,38.75453]]],[[[141.19298,38.75493],[141.19453,38.75557],[141.19523,38.7552],[141.19557,38.75569],[141.19608,38.75612],[141.19494,38.75661],[141.19319,38.7568],[141.19273,38.75571],[141.19298,38.75493]]],[[[141.19448,38.75997],[141.19545,38.76049],[141.1947,38.76285],[141.19316,38.7624],[141.19448,38.75997]]],[[[141.19606,38.75865],[141.19611,38.75821],[141.19853,38.75857],[141.20083,38.76016],[141.20127,38.76107],[141.19708,38.76156],[141.19687,38.76022],[141.19606,38.75865]]],[[[141.1962,38.76477],[141.19848,38.76375],[141.19967,38.76452],[141.19715,38.7651],[141.1962,38.76477]]],[[[141.19921,38.75873],[141.19656,38.75757],[141.19732,38.75717],[141.19917,38.75707],[141.19992,38.75564],[141.2014,38.7552],[141.20367,38.75511],[141.20439,38.75652],[141.20332,38.7576],[141.20315,38.75943],[141.20212,38.75952],[141.20135,38.75816],[141.20029,38.75819],[141.19921,38.75873]]],[[[141.19779,38.76249],[141.19804,38.76205],[141.19991,38.76258],[141.19915,38.76342],[141.19748,38.76418],[141.19724,38.7629],[141.19779,38.76249]]],[[[141.20029,38.75821],[141.20134,38.75819],[141.20215,38.75963],[141.20334,38.76074],[141.2013,38.76107],[141.20086,38.76015],[141.19982,38.75923],[141.20029,38.75821]]]]},"properties":{"林班":"G007","市町村名称":"登米市","旧市町村":null}},
{"type":"Feature","geometry":{"type":"MultiPolygon","coordinates":[[[[141.17921,38.75938],[141.17925,38.76089],[141.17825,38.7606],[141.17921,38.75938]]],[[[141.18566,38.75541],[141.18673,38.75573],[141.18782,38.7554],[141.18865,38.75631],[141.18806,38.75683],[141.18613,38.75753],[141.18536,38.75662],[141.18566,38.75541]]],[[[141.18584,38.76182],[141.18771,38.76235],[141.18669,38.763],[141.18584,38.76182]]],[[[141.18802,38.75381],[141.18891,38.75354],[141.19006,38.75429],[141.18977,38.75647],[141.18802,38.75381]]]]},"properties":{"林班":"G006","市町村名称":"登米市","旧市町村":null}},
{"type":"Feature","geometry":{"type":"Polygon","coordinates":[[[141.40086,38.52036],[141.39936,38.52041],[141.3993,38.51982],[141.40027,38.52031],[141.40086,38.52036]]]},"properties":{"林班":"B977","市町村名称":"石巻市","旧市町村":null}},
{"type":"Feature","geometry":{"type":"Polygon","coordinates":[[[141.25811,38.62831],[141.25833,38.62831],[141.25855,38.62827],[141.25876,38.62818],[141.25994,38.62854],[141.26018,38.62872],[141.26179,38.62873],[141.26212,38.6287],[141.26269,38.62918],[141.26346,38.62973],[141.26357,38.62959],[141.26349,38.6297],[141.26345,38.62975],[141.26324,38.62996],[141.26298,38.62978],[141.26257,38.62947],[141.26298,38.62978],[141.26324,38.62996],[141.26275,38.63041],[141.26218,38.632],[141.26128,38.63164],[141.2613,38.63052],[141.25992,38.63053],[141.2585,38.62999],[141.25816,38.63187],[141.26053,38.63143],[141.2609,38.63258],[141.26272,38.63276],[141.26258,38.63208],[141.26278,38.63246],[141.26266,38.63374],[141.26226,38.63467],[141.26267,38.63583],[141.26243,38.6369],[141.26129,38.63783],[141.26241,38.63848],[141.26281,38.63878],[141.26089,38.64021],[141.25994,38.63986],[141.25932,38.63893],[141.2601,38.63843],[141.25836,38.63775],[141.25876,38.63696],[141.25826,38.63526],[141.25978,38.63465],[141.25941,38.63347],[141.25752,38.63371],[141.25731,38.63258],[141.25738,38.63065],[141.25593,38.62905],[141.25476,38.62851],[141.25644,38.62843],[141.25659,38.62845],[141.25686,38.62848],[141.25703,38.6284],[141.25811,38.62831]]]},"properties":{"林班":"B051","市町村名称":"登米市","旧市町村":null}},
{"type":"Feature","geometry":{"type":"Polygon","coordinates":[[[141.26258,38.63208],[141.26262,38.63109],[141.26324,38.62996],[141.26345,38.62975],[141.26349,38.6297],[141.26465,38.63116],[141.26471,38.62922],[141.26569,38.62938],[141.26744,38.62932],[141.26858,38.63057],[141.26821,38.63384],[141.26834,38.63436],[141.26776,38.63582],[141.26775,38.63637],[141.26774,38.63642],[141.26753,38.63685],[141.26747,38.63692],[141.26629,38.63764],[141.26515,38.63876],[141.26468,38.63948],[141.26336,38.63949],[141.26281,38.63878],[141.26241,38.63848],[141.26378,38.63667],[141.26268,38.63559],[141.26271,38.63397],[141.26382,38.63347],[141.26278,38.63246],[141.26258,38.63208]]]},"properties":{"林班":"B050","市町村名称":"登米市","旧市町村":null}},
{"type":"Feature","geometry":{"type":"MultiPolygon","coordinates":[[[[141.27389,38.66984],[141.27372,38.66914],[141.27362,38.66917],[141.27379,38.66961],[141.27362,38.66917],[141.27372,38.66914],[141.27458,38.66963],[141.27596,38.66954],[141.27715,38.66889],[141.27835,38.66882],[141.27853,38.66811],[141.27801,38.6668],[141.28042,38.66646],[141.28181,38.66551],[141.28166,38.66565],[141.28111,38.66635],[141.28225,38.66693],[141.28377,38.66693],[141.28283,38.66962],[141.28266,38.67142],[141.28321,38.67581],[141.283,38.67578],[141.28237,38.67552],[141.2819,38.67558],[141.2812,38.67324],[141.28218,38.67345],[141.28179,38.67192],[141.27933,38.67173],[141.27792,38.6711],[141.27776,38.67122],[141.27769,38.67131],[141.27764,38.67152],[141.27558,38.67182],[141.275,38.67232],[141.2736,38.672],[141.27609,38.67085],[141.27702,38.66923],[141.27672,38.66944],[141.27655,38.66996],[141.27472,38.67051],[141.27397,38.66993],[141.27389,38.66984]]],[[[141.27534,38.66626],[141.27701,38.66613],[141.27708,38.66734],[141.27489,38.66798],[141.27401,38.66657],[141.27534,38.66626]]],[[[141.27992,38.6729],[141.27971,38.67253],[141.27989,38.67242],[141.27997,38.67299],[141.27992,38.6729]]]]},"properties":{"林班":"B054","市町村名称":"登米市","旧市町村":null}},
{"type":"Feature","geometry":{"type":"MultiPolygon","coordinates":[[[[141.27702,38.66166],[141.28,38.66204],[141.28048,38.66264],[141.28188,38.66311],[141.28087,38.66394],[141.27966,38.66402],[141.28051,38.66512],[141.27903,38.66513],[141.27836,38.66417],[141.27839,38.66305],[141.27636,38.66255],[141.27702,38.66166]]],[[[141.28043,38.65914],[141.28197,38.65981],[141.28139,38.66095],[141.28061,38.66132],[141.27923,38.66107],[141.28035,38.65993],[141.28043,38.65914]]],[[[141.28128,38.66372],[141.28227,38.66281],[141.28129,38.66123],[141.28258,38.65978],[141.2845,38.66012],[141.28413,38.66269],[141.2836,38.66456],[141.2817,38.66489],[141.28128,38.66372]],[[141.28217,38.66147],[141.2832,38.66236],[141.28371,38.66149],[141.28217,38.66147]]],[[[141.28278,38.65687],[141.28336,38.65719],[141.28447,38.6594],[141.2835,38.65915],[141.28353,38.65792],[141.28278,38.65687]]]]},"properties":{"林班":"B053","市町村名称":"登米市","旧市町村":null}},
{"type":"Feature","geometry":{"type":"MultiPolygon","coordinates":[[[[141.25104,38.64274],[141.25282,38.64027],[141.25342,38.64137],[141.2558,38.64134],[141.25524,38.64357],[141.25358,38.64328],[141.25248,38.6443],[141.25437,38.64538],[141.25287,38.64616],[141.2513,38.64548],[141.25104,38.64274]]],[[[141.25444,38.6362],[141.254,38.63518],[141.25593,38.63478],[141.25554,38.63743],[141.25451,38.63754],[141.25444,38.6362]]],[[[141.25498,38.63002],[141.25672,38.63039],[141.25641,38.63123],[141.25498,38.63002]]],[[[141.25418,38.63902],[141.25578,38.63888],[141.25644,38.63984],[141.25644,38.64086],[141.25526,38.64124],[141.25418,38.63902]]],[[[141.25731,38.63258],[141.25696,38.6347],[141.25518,38.63358],[141.255,38.63246],[141.25603,38.63172],[141.25731,38.63258]]]]},"properties":{"林班":"B052","市町村名称":"登米市","旧市町村":null}},
{"type":"Feature","geometry":{"type":"MultiPolygon","coordinates":[[[[141.26718,38.6376],[141.26653,38.63806],[141.26337,38.64212],[141.26291,38.64367],[141.2621,38.64384],[141.26089,38.64171],[141.26365,38.64009],[141.26468,38.6398],[141.26553,38.63853],[141.2666,38.63764],[141.26718,38.6376]]],[[[141.26964,38.6416],[141.26976,38.6423],[141.26911,38.6436],[141.26767,38.64456],[141.26706,38.64556],[141.26551,38.64364],[141.26467,38.645],[141.26358,38.64336],[141.26432,38.64263],[141.26444,38.64143],[141.26603,38.63964],[141.26692,38.63974],[141.26745,38.63813],[141.26841,38.63788],[141.26911,38.63848],[141.26964,38.6416]]]]},"properties":{"林班":"B048","市町村名称":"登米市","旧市町村":null}},
{"type":"Feature","geometry":{"type":"MultiPolygon","coordinates":[[[[141.2697,38.63824],[141.27164,38.63917],[141.27368,38.63922],[141.27528,38.64011],[141.27408,38.64088],[141.2725,38.64076],[141.2709,38.64151],[141.26964,38.6416],[141.26911,38.63848],[141.2697,38.63824]]],[[[141.27577,38.64827],[141.27457,38.64877],[141.27272,38.64542],[141.27352,38.64434],[141.27284,38.64403],[141.27086,38.64412],[141.26994,38.64337],[141.27103,38.64225],[141.27227,38.64223],[141.27328,38.64343],[141.27432,38.6435],[141.2759,38.64168],[141.27737,38.64221],[141.27721,38.64273],[141.27606,38.64352],[141.27635,38.64452],[141.27635,38.64481],[141.27573,38.648],[141.27577,38.64827]]],[[[141.2704,38.6453],[141.27177,38.64491],[141.27221,38.64617],[141.27054,38.64678],[141.26976,38.64658],[141.2704,38.6453]]],[[[141.27167,38.64756],[141.27359,38.64767],[141.27339,38.64832],[141.27214,38.64868],[141.27167,38.64756]]]]},"properties":{"林班":"B047","市町村名称":"登米市","旧市町村":null}},
{"type":"Feature","geometry":{"type":"MultiPolygon","coordinates":[[[[141.27441,38.63271],[141.27465,38.6323],[141.27486,38.63215],[141.27522,38.63214],[141.27563,38.63215],[141.27569,38.6321],[141.27677,38.63327],[141.2749,38.63381],[141.27395,38.63374],[141.27435,38.63279],[141.27441,38.63271]]],[[[141.27221,38.63601],[141.27354,38.63539],[141.27444,38.63548],[141.27688,38.63393],[141.27718,38.63271],[141.27841,38.63404],[141.27784,38.63502],[141.27788,38.63717],[141.27817,38.63768],[141.27987,38.6379],[141.282,38.63871],[141.28227,38.63943],[141.2834,38.63953],[141.28197,38.64038],[141.28244,38.64187],[141.28325,38.64205],[141.28245,38.64478],[141.28026,38.64634],[141.27939,38.64617],[141.27921,38.6452],[141.27666,38.64446],[141.27635,38.64481],[141.27635,38.64452],[141.27697,38.64357],[141.27974,38.64372],[141.27937,38.64284],[141.27797,38.64313],[141.27721,38.64273],[141.27737,38.64221],[141.27676,38.64083],[141.27696,38.6392],[141.27484,38.63932],[141.27362,38.63766],[141.27373,38.63718],[141.27224,38.63618],[141.27221,38.63601]]],[[[141.27671,38.64644],[141.27943,38.64657],[141.28046,38.64768],[141.27995,38.64832],[141.27859,38.64727],[141.27671,38.64644]]]]},"properties":{"林班":"B046","市町村名称":"登米市","旧市町村":null}},
{"type":"Feature","geometry":{"type":"Polygon","coordinates":[[[141.27929,38.63099],[141.28023,38.63101],[141.28037,38.63104],[141.28156,38.63049],[141.28156,38.63048],[141.28333,38.63055],[141.28414,38.63015],[141.28542,38.62919],[141.28674,38.62731],[141.28675,38.62734],[141.28711,38.6275],[141.28673,38.62792],[141.28714,38.62746],[141.2874,38.62735],[141.28744,38.62733],[141.2877,38.62732],[141.28799,38.62749],[141.2884,38.62764],[141.28906,38.62863],[141.28657,38.63218],[141.28473,38.63393],[141.28296,38.63408],[141.28422,38.63498],[141.28379,38.63884],[141.2834,38.63953],[141.28227,38.63943],[141.282,38.63871],[141.27987,38.6379],[141.27817,38.63768],[141.27788,38.63717],[141.27784,38.63502],[141.27841,38.63404],[141.27718,38.63271],[141.27778,38.63158],[141.27785,38.63157],[141.27815,38.6314],[141.27818,38.63139],[141.27869,38.63118],[141.27929,38.63099]]]},"properties":{"林班":"B045","市町村名称":"登米市","旧市町村":null}},
{"type":"Feature","geometry":{"type":"MultiPolygon","coordinates":[[[[141.26775,38.63637],[141.26897,38.63558],[141.26844,38.6334],[141.26879,38.63204],[141.27042,38.63268],[141.27152,38.63394],[141.27068,38.6353],[141.26862,38.63649],[141.26774,38.63642],[141.26775,38.63637]]],[[[141.26753,38.63685],[141.26718,38.6376],[141.2666,38.63764],[141.26747,38.63692],[141.26753,38.63685]]],[[[141.26841,38.63788],[141.2697,38.63824],[141.26911,38.63848],[141.26841,38.63788]]],[[[141.27396,38.62915],[141.27442,38.63098],[141.27237,38.63068],[141.27242,38.63198],[141.27179,38.63221],[141.26915,38.6315],[141.27049,38.62946],[141.27145,38.6287],[141.27276,38.62939],[141.27396,38.62915]]]]},"properties":{"林班":"B049","市町村名称":"登米市","旧市町村":null}},
{"type":"Feature","geometry":{"type":"MultiPolygon","coordinates":[[[[141.30277,38.65923],[141.30563,38.65897],[141.30707,38.65856],[141.3079,38.65771],[141.30904,38.6583],[141.30826,38.65913],[141.30886,38.65985],[141.31012,38.66016],[141.31122,38.65994],[141.31346,38.66033],[141.31496,38.65903],[141.31602,38.66004],[141.31737,38.65975],[141.31719,38.65763],[141.31923,38.65653],[141.31985,38.65777],[141.32031,38.65772],[141.32014,38.65818],[141.32038,38.65856],[141.31972,38.65854],[141.31912,38.65891],[141.31902,38.65947],[141.31738,38.65978],[141.31744,38.6602],[141.318,38.66106],[141.31846,38.66139],[141.31276,38.66115],[141.31018,38.66134],[141.3087,38.66065],[141.30743,38.65929],[141.30512,38.65914],[141.30429,38.6595],[141.30277,38.65923]]],[[[141.31907,38.66165],[141.31811,38.66102],[141.31753,38.66018],[141.31907,38.65955],[141.31925,38.6589],[141.31985,38.65857],[141.32043,38.65864],[141.32089,38.65858],[141.32024,38.65831],[141.32042,38.65814],[141.32188,38.65871],[141.32121,38.65953],[141.32215,38.66069],[141.32381,38.66127],[141.32464,38.6621],[141.32568,38.66204],[141.32611,38.66316],[141.32496,38.66489],[141.32396,38.66539],[141.32382,38.66438],[141.32297,38.66347],[141.31944,38.66238],[141.31907,38.66165]]]]},"properties":{"林班":"B011","市町村名称":"登米市","旧市町村":null}},
{"type":"Feature","geometry":{"type":"Polygon","coordinates":[[[141.30508,38.66142],[141.30656,38.66086],[141.30683,38.65981],[141.30566,38.65951],[141.30447,38.65973],[141.30408,38.66125],[141.30277,38.65923],[141.30429,38.6595],[141.30512,38.65914],[141.30743,38.65929],[141.3087,38.66065],[141.31018,38.66134],[141.31276,38.66115],[141.31846,38.66139],[141.31907,38.66165],[141.31944,38.66238],[141.31864,38.66424],[141.31775,38.66409],[141.31608,38.66446],[141.31486,38.66411],[141.31372,38.66341],[141.31261,38.66338],[141.31241,38.66346],[141.3119,38.66354],[141.31072,38.66412],[141.31063,38.66416],[141.31039,38.66425],[141.30995,38.66455],[141.30882,38.66419],[141.30764,38.6632],[141.30547,38.66216],[141.30431,38.6618],[141.30509,38.66118],[141.30508,38.66142]]]},"properties":{"林班":"B010","市町村名称":"登米市","旧市町村":null}},
{"type":"Feature","geometry":{"type":"Polygon","coordinates":[[[141.29582,38.66122],[141.29615,38.65998],[141.29574,38.65939],[141.29327,38.65909],[141.29285,38.65678],[141.29369,38.65603],[141.29568,38.65635],[141.29831,38.6574],[141.29846,38.65796],[141.29995,38.65899],[141.30076,38.66103],[141.30241,38.66205],[141.30333,38.66313],[141.30624,38.66344],[141.30497,38.66461],[141.30357,38.66515],[141.30248,38.66547],[141.30017,38.66523],[141.29808,38.66489],[141.29587,38.66284],[141.29567,38.66145],[141.29566,38.66143],[141.29579,38.66125],[141.29582,38.66122]]]},"properties":{"林班":"B004","市町村名称":"登米市","旧市町村":null}},
{"type":"Feature","geometry":{"type":"Polygon","coordinates":[[[141.2924,38.66558],[141.29129,38.66452],[141.28975,38.66414],[141.28895,38.66358],[141.28879,38.66246],[141.28948,38.66022],[141.29041,38.65879],[141.2894,38.65709],[141.29081,38.65647],[141.29091,38.65559],[141.29369,38.65603],[141.29285,38.65678],[141.29327,38.65909],[141.29574,38.65939],[141.29615,38.65998],[141.29582,38.66122],[141.29579,38.66125],[141.29566,38.66143],[141.29567,38.66145],[141.29587,38.66284],[141.29808,38.66489],[141.30017,38.66523],[141.29899,38.666],[141.29775,38.66554],[141.29663,38.66467],[141.29479,38.66428],[141.29255,38.66495],[141.2924,38.66558]]]},"properties":{"林班":"B003","市町村名称":"登米市","旧市町村":null}},
{"type":"Feature","geometry":{"type":"Polygon","coordinates":[[[141.2924,38.66558],[141.29255,38.66495],[141.29479,38.66428],[141.29663,38.66467],[141.29775,38.66554],[141.29899,38.666],[141.30017,38.66523],[141.30248,38.66547],[141.30357,38.66515],[141.30417,38.66643],[141.30337,38.66692],[141.30338,38.66805],[141.30254,38.66865],[141.30444,38.67009],[141.30431,38.671],[141.30576,38.67144],[141.306,38.67258],[141.30522,38.67333],[141.30318,38.67367],[141.30233,38.67421],[141.30197,38.67465],[141.30073,38.67516],[141.29946,38.6744],[141.29939,38.67439],[141.29921,38.67438],[141.29767,38.67474],[141.29746,38.67519],[141.29544,38.67555],[141.29505,38.6732],[141.29482,38.67237],[141.29572,38.67185],[141.29487,38.67101],[141.29475,38.66969],[141.29414,38.66736],[141.29381,38.66729],[141.29252,38.66702],[141.29228,38.66641],[141.2924,38.66558]]]},"properties":{"林班":"B002","市町村名称":"登米市","旧市町村":null}},
{"type":"Feature","geometry":{"type":"Polygon","coordinates":[[[141.28874,38.66948],[141.28713,38.6693],[141.28787,38.66713],[141.28785,38.66527],[141.28967,38.66565],[141.29123,38.66531],[141.29228,38.66641],[141.29252,38.66702],[141.29381,38.66729],[141.29434,38.6683],[141.29482,38.67106],[141.29572,38.67185],[141.29482,38.67237],[141.29505,38.6732],[141.29407,38.67181],[141.29297,38.66937],[141.29202,38.66838],[141.29062,38.66899],[141.2904,38.66908],[141.29019,38.66916],[141.28874,38.66948]]]},"properties":{"林班":"B001","市町村名称":"登米市","旧市町村":null}},
{"type":"Feature","geometry":{"type":"Polygon","coordinates":[[[141.32144,38.67032],[141.32189,38.67016],[141.32212,38.67011],[141.32219,38.67005],[141.32302,38.66931],[141.32316,38.66918],[141.32352,38.66885],[141.3237,38.66867],[141.32414,38.66835],[141.32428,38.66786],[141.32353,38.66795],[141.32311,38.66789],[141.32416,38.66589],[141.32396,38.66539],[141.32496,38.66489],[141.32611,38.66316],[141.32568,38.66204],[141.32732,38.6628],[141.32624,38.66397],[141.32657,38.66827],[141.32747,38.6693],[141.3283,38.67174],[141.32935,38.67253],[141.32883,38.67408],[141.33071,38.67503],[141.32992,38.67709],[141.33014,38.6775],[141.3307,38.67856],[141.33044,38.67961],[141.33014,38.68009],[141.33006,38.68004],[141.33003,38.68002],[141.32977,38.67989],[141.32961,38.67982],[141.32914,38.67914],[141.32945,38.67903],[141.32914,38.67914],[141.32852,38.67863],[141.32721,38.67804],[141.32413,38.67788],[141.32366,38.6778],[141.32242,38.6764],[141.32099,38.6747],[141.3206,38.67361],[141.32049,38.67275],[141.32066,38.67208],[141.32064,38.67202],[141.3205,38.67175],[141.3202,38.67149],[141.32014,38.67143],[141.31989,38.67131],[141.32144,38.67032],[141.32173,38.67042],[141.32144,38.67032]]]},"properties":{"林班":"B008","市町村名称":"登米市","旧市町村":null}},
{"type":"Feature","geometry":{"type":"Polygon","coordinates":[[[141.31427,38.67675],[141.31638,38.67534],[141.31712,38.67594],[141.31825,38.67685],[141.32143,38.67554],[141.32242,38.6764],[141.32366,38.6778],[141.32381,38.67806],[141.32399,38.67871],[141.32413,38.67788],[141.32721,38.67804],[141.32852,38.67863],[141.32861,38.67986],[141.32683,38.68081],[141.32552,38.68147],[141.32468,38.68134],[141.32208,38.68157],[141.32163,38.68184],[141.32046,38.68174],[141.31947,38.68166],[141.31908,38.68085],[141.31857,38.68017],[141.31772,38.67964],[141.31769,38.67895],[141.31728,38.67825],[141.31725,38.67824],[141.31645,38.67829],[141.31563,38.67778],[141.3144,38.6771],[141.31449,38.67708],[141.31425,38.67679],[141.31423,38.67676],[141.31427,38.67675]]]},"properties":{"林班":"B007","市町村名称":"登米市","旧市町村":null}},
{"type":"Feature","geometry":{"type":"MultiPolygon","coordinates":[[[[141.30615,38.67279],[141.30701,38.67359],[141.30821,38.67373],[141.3092,38.67312],[141.30968,38.67176],[141.31034,38.67147],[141.31167,38.66976],[141.31171,38.66914],[141.31207,38.66889],[141.31274,38.66835],[141.31379,38.66792],[141.31571,38.67049],[141.31629,38.67062],[141.31674,38.67046],[141.31776,38.67104],[141.31995,38.67149],[141.32041,38.6722],[141.32038,38.67393],[141.32143,38.67554],[141.31825,38.67685],[141.31712,38.67594],[141.31638,38.67534],[141.31427,38.67675],[141.31415,38.67678],[141.31392,38.67676],[141.31222,38.67606],[141.31071,38.67675],[141.30951,38.67623],[141.30891,38.67597],[141.30886,38.67595],[141.30812,38.67586],[141.30679,38.67473],[141.30615,38.67279]]],[[[141.32064,38.67202],[141.32014,38.67143],[141.3202,38.67149],[141.3205,38.67175],[141.32064,38.67202]]]]},"properties":{"林班":"B006","市町村名称":"登米市","旧市町村":null}},
{"type":"Feature","geometry":{"type":"Polygon","coordinates":[[[141.30357,38.66515],[141.30497,38.66461],[141.30624,38.66344],[141.30684,38.66416],[141.30945,38.66546],[141.31089,38.66641],[141.31229,38.66598],[141.31274,38.66835],[141.31207,38.66889],[141.31171,38.66914],[141.31167,38.66976],[141.31034,38.67147],[141.30968,38.67176],[141.3092,38.67312],[141.30821,38.67373],[141.30701,38.67359],[141.30615,38.67279],[141.306,38.67258],[141.30576,38.67144],[141.30431,38.671],[141.30444,38.67009],[141.30254,38.66865],[141.30338,38.66805],[141.30337,38.66692],[141.30417,38.66643],[141.30357,38.66515]]]},"properties":{"林班":"B005","市町村名称":"登米市","旧市町村":null}},
{"type":"Feature","geometry":{"type":"Polygon","coordinates":[[[141.3119,38.66354],[141.31241,38.66346],[141.31261,38.66338],[141.31372,38.66341],[141.31486,38.66411],[141.31608,38.66446],[141.31864,38.66424],[141.31944,38.66238],[141.32297,38.66347],[141.32382,38.66438],[141.32396,38.66539],[141.32416,38.66589],[141.32311,38.66789],[141.32353,38.66795],[141.32428,38.66786],[141.32414,38.66835],[141.3237,38.66867],[141.32352,38.66885],[141.32316,38.66918],[141.32302,38.66931],[141.32219,38.67005],[141.32212,38.67011],[141.32189,38.67016],[141.32144,38.67032],[141.31989,38.67131],[141.3176,38.67089],[141.31696,38.6704],[141.31612,38.6705],[141.31513,38.6694],[141.3139,38.66763],[141.31279,38.66684],[141.31263,38.66574],[141.31091,38.66583],[141.30995,38.66455],[141.31039,38.66425],[141.31063,38.66416],[141.31072,38.66412],[141.3119,38.66354]]]},"properties":{"林班":"B009","市町村名称":"登米市","旧市町村":null}},
{"type":"Feature","geometry":{"type":"Polygon","coordinates":[[[141.36479,38.6739],[141.3654,38.67378],[141.36578,38.67375],[141.36646,38.67364],[141.36691,38.67355],[141.36774,38.67341],[141.3694,38.67256],[141.37136,38.67341],[141.37219,38.67321],[141.37238,38.67319],[141.37256,38.67321],[141.37299,38.67313],[141.37358,38.67338],[141.37372,38.67379],[141.37364,38.67489],[141.37271,38.67533],[141.37235,38.67689],[141.37273,38.67848],[141.37292,38.67916],[141.37215,38.68105],[141.37205,38.68212],[141.37061,38.68216],[141.37025,38.6821],[141.36697,38.68245],[141.36615,38.68161],[141.36373,38.68228],[141.3638,38.68177],[141.36295,38.6783],[141.36326,38.67713],[141.36316,38.67643],[141.36403,38.67528],[141.36432,38.674],[141.36479,38.6739]]]},"properties":{"林班":"B022","市町村名称":"登米市","旧市町村":null}},
{"type":"Feature","geometry":{"type":"Polygon","coordinates":[[[141.36373,38.68228],[141.36615,38.68161],[141.36697,38.68245],[141.37025,38.6821],[141.37061,38.68216],[141.37205,38.68212],[141.3728,38.68219],[141.37326,38.68217],[141.37409,38.68391],[141.37392,38.6852],[141.37495,38.68565],[141.37443,38.68759],[141.37491,38.68887],[141.37286,38.68821],[141.3715,38.68909],[141.37093,38.6896],[141.36763,38.68987],[141.36684,38.68931],[141.36518,38.68922],[141.36416,38.68982],[141.36415,38.68981],[141.36375,38.689],[141.36314,38.6859],[141.36294,38.6848],[141.36269,38.68435],[141.36278,38.684],[141.36373,38.68228]],[[141.3696,38.68804],[141.36998,38.68838],[141.37022,38.6887],[141.37093,38.68894],[141.37099,38.68904],[141.37093,38.68894],[141.37022,38.6887],[141.36998,38.68838],[141.3696,38.68804]]]},"properties":{"林班":"B021","市町村名称":"登米市","旧市町村":null}},
{"type":"Feature","geometry":{"type":"Polygon","coordinates":[[[141.36199,38.68552],[141.36238,38.68549],[141.36269,38.68435],[141.36294,38.6848],[141.36302,38.68611],[141.36314,38.6859],[141.36375,38.689],[141.36415,38.68981],[141.36416,38.68982],[141.36518,38.68922],[141.36684,38.68931],[141.36763,38.68987],[141.36814,38.6912],[141.36698,38.69238],[141.36512,38.69269],[141.36439,38.69295],[141.3643,38.69283],[141.36414,38.69261],[141.36339,38.69218],[141.36216,38.69216],[141.36165,38.69209],[141.36145,38.6919],[141.36126,38.69176],[141.36108,38.69172],[141.3607,38.69174],[141.36034,38.69172],[141.35978,38.69153],[141.35952,38.69151],[141.35987,38.69091],[141.35935,38.68975],[141.35964,38.6877],[141.3588,38.6868],[141.35846,38.68677],[141.35873,38.68619],[141.35919,38.68572],[141.3596,38.68565],[141.36053,38.6856],[141.36199,38.68552]]]},"properties":{"林班":"B020","市町村名称":"登米市","旧市町村":null}},
{"type":"Feature","geometry":{"type":"MultiPolygon","coordinates":[[[[141.33614,38.67443],[141.3368,38.67381],[141.34008,38.67459],[141.34037,38.67363],[141.34199,38.67344],[141.34202,38.67483],[141.34248,38.67803],[141.3407,38.67942],[141.34095,38.68381],[141.34151,38.68624],[141.34056,38.68641],[141.33994,38.68598],[141.33983,38.68572],[141.33974,38.68531],[141.33963,38.68466],[141.33938,38.68444],[141.33846,38.68347],[141.33791,38.68335],[141.33721,38.6832],[141.33719,38.68311],[141.33589,38.68097],[141.33603,38.67837],[141.33568,38.67708],[141.33579,38.675],[141.33614,38.67443]]],[[[141.3421,38.67345],[141.34239,38.67451],[141.34255,38.67681],[141.34205,38.67473],[141.34205,38.67344],[141.3421,38.67345]]]]},"properties":{"林班":"B015","市町村名称":"登米市","旧市町村":null}},
{"type":"Feature","geometry":{"type":"MultiPolygon","coordinates":[[[[141.33614,38.67443],[141.33565,38.6738],[141.33522,38.67167],[141.33537,38.6698],[141.33688,38.66899],[141.33686,38.66849],[141.33814,38.668],[141.33974,38.66957],[141.34101,38.67027],[141.34234,38.6726],[141.34199,38.67344],[141.34037,38.67363],[141.34008,38.67459],[141.3368,38.67381],[141.33614,38.67443]]],[[[141.34205,38.67344],[141.34375,38.67215],[141.34376,38.67275],[141.34334,38.67289],[141.34335,38.67709],[141.34277,38.67731],[141.34255,38.67681],[141.34239,38.67451],[141.3421,38.67345],[141.34205,38.67344]]]]},"properties":{"林班":"B014","市町村名称":"登米市","旧市町村":null}},
{"type":"Feature","geometry":{"type":"Polygon","coordinates":[[[141.32732,38.6628],[141.33029,38.66323],[141.32835,38.66444],[141.32855,38.66493],[141.32857,38.66495],[141.32738,38.66591],[141.3275,38.66791],[141.32835,38.66907],[141.32902,38.66829],[141.33008,38.66852],[141.33008,38.67016],[141.33089,38.67118],[141.33183,38.67092],[141.33368,38.66918],[141.33379,38.66819],[141.33498,38.6673],[141.3366,38.66752],[141.33686,38.66849],[141.33688,38.66899],[141.33537,38.6698],[141.33522,38.67167],[141.33565,38.6738],[141.33614,38.67443],[141.33579,38.675],[141.33568,38.67708],[141.33603,38.67837],[141.33589,38.68097],[141.33719,38.68311],[141.33595,38.6832],[141.33386,38.68374],[141.33333,38.68349],[141.33321,38.68272],[141.33157,38.6824],[141.33218,38.68144],[141.33213,38.68099],[141.33097,38.68034],[141.33044,38.67961],[141.3307,38.67856],[141.33014,38.6775],[141.32992,38.67709],[141.33071,38.67503],[141.32883,38.67408],[141.32935,38.67253],[141.3283,38.67174],[141.32747,38.6693],[141.32657,38.66827],[141.32624,38.66397],[141.32732,38.6628]]]},"properties":{"林班":"B013","市町村名称":"登米市","旧市町村":null}},
{"type":"Feature","geometry":{"type":"MultiPolygon","coordinates":[[[[141.32857,38.66495],[141.33113,38.66435],[141.33127,38.66577],[141.33238,38.66717],[141.33323,38.66623],[141.33498,38.6673],[141.33379,38.66819],[141.33368,38.66918],[141.33183,38.67092],[141.33089,38.67118],[141.33008,38.67016],[141.33008,38.66852],[141.32902,38.66829],[141.32835,38.66907],[141.3275,38.66791],[141.32738,38.66591],[141.32857,38.66495]]],[[[141.33029,38.66323],[141.33032,38.66422],[141.32855,38.66493],[141.32835,38.66444],[141.33029,38.66323]]]]},"properties":{"林班":"B012","市町村名称":"登米市","旧市町村":null}},
{"type":"Feature","geometry":{"type":"Polygon","coordinates":[[[141.35531,38.67371],[141.35822,38.67344],[141.35974,38.67234],[141.36181,38.67255],[141.36321,38.67497],[141.36316,38.67643],[141.36326,38.67713],[141.36295,38.6783],[141.36271,38.67863],[141.363,38.68166],[141.36268,38.68382],[141.36068,38.68458],[141.35778,38.68411],[141.35831,38.68172],[141.35752,38.6808],[141.35812,38.67919],[141.35578,38.67794],[141.35496,38.67626],[141.35558,38.67483],[141.35531,38.67371]]]},"properties":{"林班":"B019","市町村名称":"登米市","旧市町村":null}},
{"type":"Feature","geometry":{"type":"Polygon","coordinates":[[[141.34659,38.67417],[141.3476,38.67333],[141.35104,38.67438],[141.35297,38.67475],[141.35363,38.67408],[141.35531,38.67371],[141.35558,38.67483],[141.35496,38.67626],[141.35578,38.67794],[141.35812,38.67919],[141.35752,38.6808],[141.35698,38.68141],[141.35415,38.68218],[141.35377,38.68145],[141.35202,38.68167],[141.35085,38.68109],[141.34982,38.68175],[141.34754,38.68136],[141.34744,38.68136],[141.3473,38.67952],[141.34772,38.67708],[141.34722,38.67525],[141.34659,38.67417]]]},"properties":{"林班":"B018","市町村名称":"登米市","旧市町村":null}},
{"type":"Feature","geometry":{"type":"Polygon","coordinates":[[[141.34754,38.68136],[141.34982,38.68175],[141.35085,38.68109],[141.35202,38.68167],[141.35377,38.68145],[141.35415,38.68218],[141.35698,38.68141],[141.35752,38.6808],[141.35831,38.68172],[141.35778,38.68411],[141.36068,38.68458],[141.36268,38.68382],[141.36278,38.684],[141.36269,38.68435],[141.36238,38.68549],[141.36199,38.68552],[141.36053,38.6856],[141.3596,38.68565],[141.35919,38.68572],[141.35873,38.68619],[141.35846,38.68677],[141.3588,38.6868],[141.35964,38.6877],[141.35935,38.68975],[141.35987,38.69091],[141.35952,38.69151],[141.35867,38.6914],[141.35634,38.6901],[141.35583,38.69072],[141.35548,38.69114],[141.35497,38.6913],[141.3542,38.69101],[141.35385,38.69042],[141.35345,38.69051],[141.35307,38.6906],[141.35172,38.69022],[141.35039,38.69037],[141.34938,38.69058],[141.34839,38.68917],[141.34803,38.6894],[141.34791,38.68926],[141.34795,38.68862],[141.3484,38.68826],[141.34734,38.68618],[141.34611,38.68456],[141.3458,38.68325],[141.34692,38.68241],[141.34754,38.68136]]]},"properties":{"林班":"B017","市町村名称":"登米市","旧市町村":null}},
{"type":"Feature","geometry":{"type":"MultiPolygon","coordinates":[[[[141.34277,38.67731],[141.34335,38.67709],[141.34334,38.67289],[141.34376,38.67275],[141.34375,38.67215],[141.34646,38.67242],[141.34659,38.67417],[141.34722,38.67525],[141.34772,38.67708],[141.3473,38.67952],[141.34744,38.68136],[141.34557,38.68259],[141.34549,38.68399],[141.34611,38.68456],[141.34734,38.68618],[141.34554,38.68857],[141.34791,38.68926],[141.34803,38.6894],[141.34728,38.68976],[141.34589,38.68947],[141.34536,38.68885],[141.3452,38.68881],[141.34434,38.68907],[141.3438,38.68921],[141.34371,38.68924],[141.3436,38.68928],[141.34335,38.68934],[141.34281,38.68894],[141.34229,38.68895],[141.34213,38.68895],[141.34134,38.68889],[141.3406,38.68672],[141.34056,38.68641],[141.34151,38.68624],[141.34095,38.68381],[141.3407,38.67942],[141.34248,38.67803],[141.34277,38.67731]]],[[[141.34734,38.68618],[141.3484,38.68826],[141.34795,38.68862],[141.34734,38.68858],[141.34665,38.68724],[141.34734,38.68618]]]]},"properties":{"林班":"B016","市町村名称":"登米市","旧市町村":null}},
{"type":"Feature","geometry":{"type":"MultiPolygon","coordinates":[[[[141.31174,38.64651],[141.31257,38.64598],[141.31356,38.64649],[141.31446,38.6463],[141.3161,38.64669],[141.31872,38.6459],[141.31942,38.64604],[141.31952,38.6461],[141.32111,38.64661],[141.32152,38.64674],[141.32153,38.64732],[141.32152,38.64674],[141.32217,38.64663],[141.32265,38.64712],[141.32274,38.6472],[141.32284,38.64732],[141.32291,38.64743],[141.32297,38.64755],[141.32261,38.64771],[141.32242,38.64762],[141.32223,38.64757],[141.32242,38.64762],[141.32261,38.64771],[141.32284,38.64795],[141.32198,38.64901],[141.32195,38.64983],[141.32227,38.6502],[141.32329,38.65054],[141.32182,38.65182],[141.31952,38.65098],[141.31937,38.6511],[141.31826,38.65146],[141.31714,38.65068],[141.31549,38.65073],[141.31432,38.65119],[141.31224,38.65153],[141.31223,38.64966],[141.31147,38.64893],[141.31174,38.64651]]],[[[141.3115,38.65325],[141.31218,38.65162],[141.31431,38.65125],[141.31555,38.65078],[141.31711,38.65075],[141.31804,38.6514],[141.31871,38.65159],[141.31914,38.65212],[141.31739,38.65267],[141.31673,38.65389],[141.31355,38.65411],[141.3115,38.65325]]]]},"properties":{"林班":"B033","市町村名称":"登米市","旧市町村":null}},
{"type":"Feature","geometry":{"type":"Polygon","coordinates":[[[141.32197,38.6573],[141.32073,38.65669],[141.31987,38.65731],[141.31946,38.65589],[141.31715,38.65744],[141.31635,38.65703],[141.31294,38.65891],[141.31192,38.65814],[141.31125,38.65633],[141.31053,38.65574],[141.31048,38.65475],[141.3115,38.65325],[141.31355,38.65411],[141.31673,38.65389],[141.31739,38.65267],[141.31914,38.65212],[141.31871,38.65159],[141.31937,38.6511],[141.31952,38.65098],[141.32182,38.65182],[141.32329,38.65054],[141.32513,38.65165],[141.32516,38.6518],[141.3248,38.65358],[141.32398,38.65484],[141.3245,38.65611],[141.32405,38.6568],[141.32306,38.65694],[141.32218,38.65723],[141.32197,38.6573]]]},"properties":{"林班":"B032","市町村名称":"登米市","旧市町村":null}},
{"type":"Feature","geometry":{"type":"MultiPolygon","coordinates":[[[[141.32195,38.64983],[141.32198,38.64901],[141.32284,38.64795],[141.32297,38.64755],[141.32452,38.64795],[141.32606,38.64808],[141.32666,38.64793],[141.32694,38.64747],[141.32913,38.64766],[141.32935,38.64887],[141.32928,38.64901],[141.32918,38.64939],[141.32909,38.64964],[141.3291,38.64971],[141.32926,38.65012],[141.32913,38.65019],[141.32892,38.6496],[141.32913,38.65019],[141.32843,38.65043],[141.32941,38.65212],[141.33115,38.65311],[141.33065,38.65372],[141.32888,38.65365],[141.32784,38.65547],[141.32831,38.65707],[141.32884,38.65761],[141.32872,38.65828],[141.32881,38.65856],[141.32909,38.65886],[141.32883,38.65932],[141.32782,38.65904],[141.3275,38.65838],[141.32653,38.65853],[141.32584,38.65887],[141.32591,38.65948],[141.32302,38.66027],[141.32265,38.66026],[141.32522,38.6595],[141.32572,38.65846],[141.32586,38.65699],[141.32678,38.65579],[141.3255,38.65534],[141.3245,38.65611],[141.32398,38.65484],[141.3248,38.65358],[141.32516,38.6518],[141.32513,38.65165],[141.32329,38.65054],[141.32227,38.6502],[141.32195,38.64983]]],[[[141.32405,38.6568],[141.32197,38.6573],[141.32218,38.65723],[141.32306,38.65694],[141.32405,38.6568]]]]},"properties":{"林班":"B031","市町村名称":"登米市","旧市町村":null}},
{"type":"Feature","geometry":{"type":"MultiPolygon","coordinates":[[[[141.33131,38.64997],[141.33192,38.64955],[141.33241,38.64976],[141.33241,38.65048],[141.33255,38.65083],[141.33222,38.65112],[141.33206,38.65105],[141.33174,38.65059],[141.33144,38.65041],[141.33137,38.65009],[141.33131,38.64997]]],[[[141.33795,38.65269],[141.33776,38.65226],[141.33639,38.65308],[141.3354,38.6529],[141.33388,38.65333],[141.33325,38.65307],[141.3328,38.6527],[141.33266,38.65221],[141.3323,38.65115],[141.33255,38.65083],[141.33241,38.65048],[141.33249,38.64983],[141.33387,38.64995],[141.33543,38.64973],[141.33563,38.6498],[141.3358,38.64911],[141.33746,38.64967],[141.33751,38.64968],[141.33846,38.64949],[141.33861,38.64948],[141.33941,38.64958],[141.33976,38.65044],[141.33948,38.6496],[141.33986,38.64968],[141.33991,38.64973],[141.34002,38.64988],[141.34041,38.65074],[141.34042,38.65075],[141.34047,38.65085],[141.34051,38.65089],[141.34082,38.65109],[141.3411,38.65125],[141.34163,38.65141],[141.34218,38.65124],[141.34232,38.65124],[141.34335,38.65149],[141.34366,38.65174],[141.34368,38.65174],[141.34421,38.65192],[141.34471,38.65171],[141.34489,38.65159],[141.34574,38.6505],[141.34624,38.65049],[141.34666,38.65055],[141.34679,38.6508],[141.3468,38.6508],[141.34675,38.65111],[141.34641,38.65127],[141.34603,38.65223],[141.34648,38.65308],[141.34657,38.65308],[141.34716,38.6538],[141.34729,38.65433],[141.34753,38.65508],[141.34738,38.65634],[141.3474,38.65645],[141.34741,38.65647],[141.34704,38.65674],[141.34696,38.6568],[141.34677,38.65701],[141.34649,38.65732],[141.3464,38.65738],[141.34615,38.65767],[141.34517,38.65824],[141.34451,38.65785],[141.34391,38.65784],[141.34363,38.65789],[141.34336,38.65779],[141.34335,38.65779],[141.34311,38.65775],[141.34266,38.65773],[141.33996,38.65576],[141.33998,38.65496],[141.33909,38.65431],[141.33947,38.6539],[141.33945,38.65387],[141.3395,38.65295],[141.33876,38.65284],[141.33795,38.65269]]]]},"properties":{"林班":"B030","市町村名称":"登米市","旧市町村":null}},
{"type":"Feature","geometry":{"type":"Polygon","coordinates":[[[141.34184,38.66201],[141.34461,38.66187],[141.34506,38.66121],[141.34677,38.6604],[141.34737,38.65938],[141.34896,38.65972],[141.35006,38.66081],[141.35063,38.66208],[141.34955,38.66483],[141.35108,38.66608],[141.35058,38.66715],[141.35137,38.66805],[141.3507,38.67023],[141.34882,38.6729],[141.34811,38.67274],[141.34628,38.67145],[141.34441,38.67161],[141.34301,38.67092],[141.34292,38.67058],[141.34292,38.67054],[141.34465,38.66942],[141.34411,38.66772],[141.34413,38.6657],[141.34608,38.66479],[141.3478,38.66437],[141.34749,38.66482],[141.3478,38.66437],[141.34607,38.66472],[141.3445,38.6653],[141.34384,38.66586],[141.34341,38.66574],[141.34322,38.66438],[141.34382,38.6637],[141.34184,38.66201]]]},"properties":{"林班":"B026","市町村名称":"登米市","旧市町村":null}},
{"type":"Feature","geometry":{"type":"Polygon","coordinates":[[[141.35063,38.66208],[141.35177,38.66305],[141.35324,38.66255],[141.35373,38.66324],[141.35331,38.6636],[141.35299,38.66389],[141.35331,38.6636],[141.35373,38.66324],[141.35462,38.66482],[141.35566,38.66551],[141.35731,38.66565],[141.35749,38.66719],[141.35717,38.66775],[141.35832,38.66899],[141.3584,38.66976],[141.36056,38.67141],[141.35844,38.67274],[141.3548,38.67355],[141.35381,38.67351],[141.35227,38.67442],[141.35041,38.674],[141.34882,38.6729],[141.3507,38.67023],[141.35137,38.66805],[141.35058,38.66715],[141.35108,38.66608],[141.34955,38.66483],[141.35063,38.66208]]]},"properties":{"林班":"B025","市町村名称":"登米市","旧市町村":null}},
{"type":"Feature","geometry":{"type":"Polygon","coordinates":[[[141.36072,38.66458],[141.3607,38.66411],[141.36076,38.66387],[141.36125,38.66383],[141.36193,38.66316],[141.36312,38.66303],[141.36479,38.66205],[141.36662,38.6629],[141.36613,38.66356],[141.36517,38.66508],[141.36453,38.66731],[141.36233,38.66889],[141.36056,38.67141],[141.3584,38.66976],[141.35832,38.66899],[141.35717,38.66775],[141.35749,38.66719],[141.35731,38.66565],[141.35807,38.66514],[141.35967,38.66557],[141.36072,38.66458]]]},"properties":{"林班":"B024","市町村名称":"登米市","旧市町村":null}},
{"type":"Feature","geometry":{"type":"Polygon","coordinates":[[[141.36233,38.66889],[141.36453,38.66731],[141.36517,38.66508],[141.36613,38.66356],[141.36691,38.66298],[141.36687,38.66326],[141.3673,38.66405],[141.36687,38.66326],[141.36691,38.66298],[141.36752,38.66329],[141.36786,38.66407],[141.3678,38.66457],[141.36813,38.66565],[141.36791,38.66642],[141.36763,38.66712],[141.3676,38.66737],[141.36767,38.66752],[141.36833,38.66805],[141.36798,38.66951],[141.36979,38.66958],[141.3706,38.67162],[141.37176,38.67257],[141.37299,38.67313],[141.37256,38.67321],[141.37238,38.67319],[141.37187,38.67285],[141.37219,38.67321],[141.37136,38.67341],[141.3694,38.67256],[141.36919,38.67235],[141.3694,38.67256],[141.36774,38.67341],[141.36691,38.67355],[141.36646,38.67364],[141.36578,38.67375],[141.3654,38.67378],[141.36479,38.6739],[141.36432,38.674],[141.36253,38.672],[141.36082,38.6719],[141.36178,38.6708],[141.36233,38.66889]]]},"properties":{"林班":"B023","市町村名称":"登米市","旧市町村":null}},
{"type":"Feature","geometry":{"type":"MultiPolygon","coordinates":[[[[141.32913,38.65019],[141.32926,38.65012],[141.32933,38.65028],[141.32939,38.65034],[141.32973,38.65058],[141.32978,38.65061],[141.32979,38.65063],[141.33131,38.64997],[141.33137,38.65009],[141.33144,38.65041],[141.33174,38.65059],[141.33206,38.65105],[141.33222,38.65112],[141.3323,38.65115],[141.33266,38.65221],[141.3321,38.65225],[141.33266,38.65221],[141.3328,38.6527],[141.33325,38.65307],[141.33388,38.65333],[141.3354,38.6529],[141.33639,38.65308],[141.33776,38.65226],[141.33795,38.65269],[141.33876,38.65284],[141.3395,38.65295],[141.33945,38.65387],[141.33803,38.65509],[141.33624,38.65575],[141.33516,38.65608],[141.33336,38.65585],[141.3321,38.65605],[141.33171,38.65669],[141.33043,38.65713],[141.32936,38.6572],[141.32884,38.65761],[141.32831,38.65707],[141.32784,38.65547],[141.32888,38.65365],[141.33065,38.65372],[141.33115,38.65311],[141.32941,38.65212],[141.32843,38.65043],[141.32913,38.65019]]],[[[141.3381,38.65516],[141.33947,38.6539],[141.33909,38.65431],[141.3389,38.65455],[141.33823,38.6551],[141.3381,38.65516]]]]},"properties":{"林班":"B029","市町村名称":"登米市","旧市町村":null}},
{"type":"Feature","geometry":{"type":"MultiPolygon","coordinates":[[[[141.33171,38.65669],[141.3321,38.65605],[141.33336,38.65585],[141.33516,38.65608],[141.33624,38.65575],[141.3381,38.65516],[141.33823,38.6551],[141.3389,38.65455],[141.33909,38.65431],[141.33998,38.65496],[141.33996,38.65576],[141.34266,38.65773],[141.34311,38.65775],[141.34335,38.65779],[141.34336,38.65779],[141.34363,38.65789],[141.34391,38.65784],[141.34451,38.65785],[141.34517,38.65824],[141.34615,38.65767],[141.3464,38.65738],[141.34649,38.65732],[141.34661,38.65738],[141.34677,38.65701],[141.34696,38.6568],[141.34704,38.65674],[141.34741,38.65647],[141.34765,38.65669],[141.34767,38.65671],[141.34776,38.6568],[141.3477,38.65714],[141.34777,38.65739],[141.34782,38.65742],[141.3483,38.65747],[141.34961,38.65859],[141.3497,38.6588],[141.34981,38.65889],[141.3502,38.65898],[141.35043,38.65906],[141.35065,38.65926],[141.35068,38.65936],[141.3507,38.65946],[141.35001,38.66063],[141.35006,38.66081],[141.34896,38.65972],[141.34737,38.65938],[141.34677,38.6604],[141.34506,38.66121],[141.34461,38.66187],[141.34184,38.66201],[141.34081,38.66158],[141.33918,38.66101],[141.33641,38.66074],[141.33579,38.66055],[141.3352,38.66036],[141.33353,38.66026],[141.3305,38.65929],[141.3293,38.65921],[141.32919,38.65886],[141.32882,38.65844],[141.32909,38.65826],[141.3291,38.65782],[141.32936,38.65735],[141.33014,38.65724],[141.33052,38.65724],[141.33171,38.65669]],[[141.3347,38.66049],[141.33568,38.66059],[141.33532,38.66051],[141.33519,38.66046],[141.3347,38.66049]]],[[[141.32928,38.65937],[141.33055,38.65942],[141.3327,38.66016],[141.3305,38.65943],[141.32928,38.65937]]]]},"properties":{"林班":"B028","市町村名称":"登米市","旧市町村":null}},
{"type":"Feature","geometry":{"type":"MultiPolygon","coordinates":[[[[141.32653,38.65853],[141.3275,38.65838],[141.32782,38.65904],[141.32722,38.65862],[141.32653,38.65853]]],[[[141.34301,38.67092],[141.34133,38.66981],[141.33937,38.66894],[141.33843,38.66788],[141.33505,38.66648],[141.33352,38.66552],[141.33236,38.66522],[141.33272,38.66438],[141.33211,38.66268],[141.32963,38.66229],[141.32846,38.66275],[141.32697,38.66236],[141.32707,38.66078],[141.32507,38.66192],[141.32427,38.66165],[141.32318,38.66038],[141.32605,38.65962],[141.32614,38.65894],[141.3273,38.6587],[141.32829,38.65954],[141.32883,38.65937],[141.32928,38.65937],[141.3305,38.65943],[141.3327,38.66016],[141.3347,38.66049],[141.33519,38.66046],[141.33532,38.66051],[141.33568,38.66059],[141.33579,38.66055],[141.33641,38.66074],[141.33967,38.66138],[141.34076,38.66157],[141.34081,38.66158],[141.34184,38.66201],[141.34382,38.6637],[141.34322,38.66438],[141.34333,38.6657],[141.34379,38.66598],[141.34413,38.6657],[141.34411,38.66772],[141.34465,38.66942],[141.34292,38.67054],[141.34292,38.67058],[141.34301,38.67092]]]]},"properties":{"林班":"B027","市町村名称":"登米市","旧市町村":null}},
{"type":"Feature","geometry":{"type":"MultiPolygon","coordinates":[[[[141.29081,38.63973],[141.29171,38.63898],[141.29165,38.638],[141.29295,38.63775],[141.29629,38.63794],[141.29977,38.63753],[141.3008,38.63704],[141.30269,38.63727],[141.30436,38.63702],[141.3062,38.63844],[141.3053,38.63833],[141.30323,38.63879],[141.30189,38.63825],[141.2995,38.63858],[141.29984,38.63996],[141.30155,38.64036],[141.3026,38.64155],[141.30117,38.64103],[141.30116,38.64197],[141.30108,38.64195],[141.29997,38.64283],[141.2999,38.64286],[141.29917,38.64251],[141.2997,38.64156],[141.29898,38.64115],[141.29842,38.63968],[141.29815,38.63929],[141.2977,38.63914],[141.2963,38.6391],[141.29552,38.63928],[141.29491,38.63939],[141.29286,38.63992],[141.29158,38.64039],[141.29156,38.64038],[141.29125,38.64019],[141.29081,38.63973]]],[[[141.29749,38.63724],[141.29762,38.63721],[141.29822,38.63716],[141.29828,38.63717],[141.29835,38.63729],[141.29833,38.63741],[141.29837,38.63748],[141.29729,38.63732],[141.29749,38.63724]]]]},"properties":{"林班":"B040","市町村名称":"登米市","旧市町村":null}},
{"type":"Feature","geometry":{"type":"Polygon","coordinates":[[[141.29812,38.62546],[141.29814,38.62482],[141.29888,38.62447],[141.3005,38.62591],[141.29966,38.62682],[141.3001,38.62754],[141.29928,38.62926],[141.29983,38.62946],[141.29978,38.63044],[141.29934,38.63129],[141.29961,38.63109],[141.30018,38.6309],[141.3002,38.63089],[141.30063,38.63093],[141.30069,38.63095],[141.30103,38.63106],[141.30228,38.63115],[141.30246,38.63119],[141.30269,38.63127],[141.30283,38.63157],[141.30295,38.6318],[141.30296,38.63183],[141.30325,38.63239],[141.3027,38.63213],[141.30325,38.63239],[141.30335,38.63256],[141.30331,38.63264],[141.30327,38.63266],[141.30182,38.63303],[141.30025,38.63262],[141.30012,38.63247],[141.29942,38.63229],[141.2993,38.63228],[141.29913,38.63234],[141.29863,38.63254],[141.29809,38.63249],[141.29547,38.6313],[141.29587,38.62826],[141.29586,38.62557],[141.29812,38.62546],[141.29821,38.62544],[141.29812,38.62546]]]},"properties":{"林班":"B044","市町村名称":"登米市","旧市町村":null}},
{"type":"Feature","geometry":{"type":"MultiPolygon","coordinates":[[[[141.29444,38.63376],[141.29507,38.63316],[141.29767,38.63329],[141.29942,38.63397],[141.29811,38.63464],[141.29577,38.63438],[141.29358,38.63513],[141.29357,38.63437],[141.29444,38.63376]]],[[[141.29655,38.63599],[141.29575,38.63635],[141.29397,38.6361],[141.29299,38.6355],[141.2958,38.63442],[141.29807,38.63469],[141.29925,38.63408],[141.30216,38.63462],[141.3026,38.63514],[141.30257,38.63523],[141.30255,38.63533],[141.30259,38.63542],[141.30269,38.63551],[141.3028,38.63566],[141.30279,38.63573],[141.30057,38.63622],[141.30011,38.63562],[141.30052,38.63622],[141.29985,38.63655],[141.29923,38.63657],[141.29858,38.63649],[141.29751,38.63675],[141.29749,38.63724],[141.29729,38.63732],[141.29705,38.6365],[141.2972,38.63636],[141.29705,38.6365],[141.29683,38.63711],[141.29644,38.63704],[141.29655,38.63599]]],[[[141.29335,38.63612],[141.29579,38.63639],[141.29644,38.63704],[141.2942,38.63666],[141.29321,38.63648],[141.2942,38.63666],[141.29335,38.63612]]],[[[141.2961,38.63295],[141.29705,38.63229],[141.29802,38.63257],[141.29863,38.63256],[141.29898,38.63248],[141.29915,38.63235],[141.2993,38.6323],[141.29998,38.63247],[141.29995,38.63306],[141.29993,38.63319],[141.29995,38.63306],[141.29998,38.63247],[141.30052,38.63327],[141.2985,38.63359],[141.29676,38.63284],[141.2961,38.63295]]],[[[141.30359,38.63448],[141.30321,38.63408],[141.30075,38.63369],[141.30025,38.63262],[141.30182,38.63303],[141.30327,38.63266],[141.30331,38.63264],[141.30335,38.63256],[141.30337,38.63252],[141.30462,38.63231],[141.30497,38.63389],[141.30555,38.63404],[141.30574,38.63449],[141.30635,38.63491],[141.30627,38.63498],[141.30548,38.63525],[141.30517,38.6352],[141.30487,38.63505],[141.3042,38.63485],[141.30407,38.63481],[141.30314,38.63489],[141.30317,38.63479],[141.30319,38.63475],[141.30306,38.63456],[141.30316,38.63444],[141.30359,38.63448]]]]},"properties":{"林班":"B043","市町村名称":"登米市","旧市町村":null}},
{"type":"Feature","geometry":{"type":"Polygon","coordinates":[[[141.30306,38.63456],[141.30319,38.63475],[141.30317,38.63479],[141.30314,38.63489],[141.30407,38.63481],[141.3042,38.63485],[141.30487,38.63505],[141.30517,38.6352],[141.30548,38.63525],[141.30627,38.63498],[141.30635,38.63491],[141.3066,38.63511],[141.30655,38.63525],[141.3066,38.63511],[141.30682,38.63517],[141.30683,38.63517],[141.30695,38.63556],[141.30697,38.63557],[141.30713,38.63555],[141.30811,38.63527],[141.3082,38.63569],[141.30822,38.63574],[141.30826,38.63588],[141.30827,38.63589],[141.30875,38.63621],[141.30882,38.63628],[141.30896,38.63652],[141.30912,38.63685],[141.30987,38.63718],[141.31005,38.63752],[141.30979,38.63691],[141.30984,38.63691],[141.31095,38.6377],[141.31102,38.63773],[141.31121,38.63776],[141.31149,38.63774],[141.31176,38.63778],[141.31235,38.63788],[141.31248,38.63785],[141.31263,38.63779],[141.31302,38.63762],[141.31312,38.63773],[141.3136,38.63812],[141.31436,38.63878],[141.31439,38.63886],[141.31444,38.63905],[141.31444,38.63909],[141.31475,38.63953],[141.31455,38.63959],[141.31383,38.63963],[141.31359,38.63966],[141.31177,38.63881],[141.31165,38.6388],[141.31144,38.63919],[141.31141,38.63925],[141.31105,38.63938],[141.31059,38.63957],[141.31025,38.63959],[141.30998,38.63971],[141.30988,38.63979],[141.30931,38.63999],[141.30908,38.64007],[141.30897,38.64011],[141.3085,38.64011],[141.30831,38.64007],[141.30786,38.63996],[141.30778,38.63995],[141.30765,38.63914],[141.30447,38.63687],[141.30277,38.63703],[141.30279,38.6367],[141.30277,38.63703],[141.30091,38.63685],[141.30016,38.63707],[141.29837,38.63748],[141.29833,38.63741],[141.29835,38.63729],[141.29828,38.63717],[141.29822,38.63716],[141.29762,38.63721],[141.29749,38.63724],[141.29751,38.63675],[141.29858,38.63649],[141.29923,38.63657],[141.29985,38.63655],[141.30052,38.63622],[141.30084,38.63642],[141.30288,38.6358],[141.30279,38.63573],[141.3028,38.63566],[141.30269,38.63551],[141.30259,38.63542],[141.30255,38.63533],[141.30257,38.63523],[141.3026,38.63514],[141.30306,38.63456]]]},"properties":{"林班":"B042","市町村名称":"登米市","旧市町村":null}},
{"type":"Feature","geometry":{"type":"MultiPolygon","coordinates":[[[[141.3026,38.64155],[141.30155,38.64036],[141.29984,38.63996],[141.2995,38.63858],[141.30189,38.63825],[141.30323,38.63879],[141.3053,38.63833],[141.3062,38.63844],[141.30703,38.63887],[141.30758,38.63959],[141.30779,38.64033],[141.30822,38.64041],[141.30912,38.64126],[141.30955,38.64204],[141.31062,38.64289],[141.31135,38.64308],[141.31117,38.64318],[141.30974,38.64339],[141.30818,38.64277],[141.30654,38.64298],[141.30638,38.64246],[141.30546,38.64173],[141.30503,38.64119],[141.30431,38.64138],[141.3026,38.64155]]],[[[141.30786,38.63996],[141.30831,38.64007],[141.3085,38.64011],[141.30897,38.64011],[141.30908,38.64007],[141.30931,38.63999],[141.30988,38.63979],[141.30998,38.63971],[141.31025,38.63959],[141.31059,38.63957],[141.31105,38.63938],[141.31141,38.63925],[141.31144,38.63919],[141.31165,38.6388],[141.31177,38.63881],[141.31359,38.63966],[141.31383,38.63963],[141.31455,38.63959],[141.31476,38.63954],[141.31463,38.63984],[141.31466,38.63995],[141.31531,38.64022],[141.31581,38.64114],[141.31587,38.64171],[141.31477,38.6425],[141.31278,38.64253],[141.31146,38.64303],[141.31045,38.6427],[141.30928,38.64096],[141.30778,38.63995],[141.30786,38.63996]]]]},"properties":{"林班":"B041","市町村名称":"登米市","旧市町村":null}},
{"type":"Feature","geometry":{"type":"MultiPolygon","coordinates":[[[[141.29715,38.6498],[141.29683,38.64888],[141.29847,38.6487],[141.29949,38.64905],[141.30184,38.64788],[141.30283,38.64894],[141.30159,38.64932],[141.30008,38.64918],[141.29741,38.64937],[141.29715,38.6498]]],[[[141.29344,38.65019],[141.29232,38.65147],[141.29173,38.65091],[141.29287,38.64963],[141.2941,38.64929],[141.29618,38.6497],[141.29619,38.65012],[141.29556,38.6499],[141.29344,38.65019]]],[[[141.29628,38.64762],[141.29715,38.64722],[141.29833,38.64595],[141.29999,38.64491],[141.30242,38.64633],[141.30315,38.64625],[141.30412,38.64667],[141.30352,38.64815],[141.30263,38.64776],[141.30127,38.64787],[141.29921,38.64879],[141.2965,38.6484],[141.29628,38.64762]]],[[[141.3042,38.64822],[141.30546,38.64776],[141.30615,38.64684],[141.30628,38.64678],[141.30571,38.64868],[141.3042,38.64822]]]]},"properties":{"林班":"B037","市町村名称":"登米市","旧市町村":null}},
{"type":"Feature","geometry":{"type":"MultiPolygon","coordinates":[[[[141.29344,38.65019],[141.29556,38.6499],[141.29619,38.65012],[141.29715,38.6498],[141.29741,38.64937],[141.30008,38.64918],[141.30159,38.64932],[141.30283,38.64894],[141.30348,38.64936],[141.30535,38.65112],[141.30521,38.65199],[141.30453,38.65286],[141.30411,38.65414],[141.30385,38.6525],[141.30189,38.65285],[141.30144,38.65274],[141.30063,38.65352],[141.2978,38.65279],[141.29612,38.65151],[141.29521,38.65244],[141.29445,38.65182],[141.29344,38.65019]]],[[[141.30148,38.65278],[141.30188,38.65289],[141.30331,38.65277],[141.30239,38.65414],[141.30049,38.65378],[141.30148,38.65278]]],[[[141.3046,38.65425],[141.30456,38.65287],[141.30525,38.65199],[141.30538,38.65112],[141.30614,38.65179],[141.30483,38.65341],[141.3046,38.65425]]]]},"properties":{"林班":"B036","市町村名称":"登米市","旧市町村":null}},
{"type":"Feature","geometry":{"type":"Polygon","coordinates":[[[141.30348,38.64936],[141.30472,38.64849],[141.30571,38.64868],[141.30628,38.64678],[141.30736,38.64636],[141.30823,38.64695],[141.31137,38.64723],[141.31126,38.64881],[141.3119,38.65052],[141.31161,38.65267],[141.31044,38.65408],[141.3093,38.65485],[141.30852,38.6542],[141.30693,38.65544],[141.30534,38.65419],[141.3046,38.65425],[141.30483,38.65341],[141.30614,38.65179],[141.30538,38.65112],[141.30535,38.65112],[141.30348,38.64936]]]},"properties":{"林班":"B035","市町村名称":"登米市","旧市町村":null}},
{"type":"Feature","geometry":{"type":"MultiPolygon","coordinates":[[[[141.31135,38.64308],[141.3128,38.64259],[141.31431,38.64267],[141.3152,38.64247],[141.31576,38.64193],[141.31776,38.64128],[141.32002,38.64209],[141.31971,38.64287],[141.317,38.64459],[141.31443,38.64505],[141.31347,38.64573],[141.31263,38.64583],[141.3118,38.64617],[141.31137,38.64723],[141.30823,38.64695],[141.30835,38.6467],[141.30825,38.6463],[141.30834,38.64572],[141.30828,38.64518],[141.30874,38.64401],[141.31117,38.64318],[141.31135,38.64308]]],[[[141.31463,38.63984],[141.31476,38.63954],[141.3153,38.63937],[141.31542,38.63934],[141.31553,38.63933],[141.31571,38.63932],[141.31577,38.63932],[141.31639,38.63919],[141.31655,38.6392],[141.31745,38.63928],[141.31752,38.63931],[141.31777,38.63945],[141.31805,38.63963],[141.31836,38.63982],[141.31866,38.64016],[141.31899,38.64056],[141.31923,38.64076],[141.31926,38.64145],[141.31747,38.64114],[141.31663,38.64119],[141.31617,38.64063],[141.31581,38.64114],[141.31531,38.64022],[141.3154,38.64005],[141.31466,38.63995],[141.31463,38.63984]]],[[[141.31174,38.64651],[141.31261,38.64589],[141.31354,38.64583],[141.31485,38.64503],[141.31702,38.64465],[141.31945,38.64309],[141.32008,38.64293],[141.32078,38.64365],[141.32003,38.64386],[141.31969,38.64398],[141.31966,38.64417],[141.32025,38.64444],[141.32028,38.64479],[141.32056,38.64496],[141.32041,38.64533],[141.32054,38.64578],[141.32073,38.64611],[141.32059,38.64623],[141.32,38.64599],[141.31942,38.64604],[141.31872,38.6459],[141.3161,38.64669],[141.31446,38.6463],[141.31356,38.64649],[141.31257,38.64598],[141.31174,38.64651]]],[[[141.31977,38.64402],[141.32032,38.64398],[141.32085,38.64372],[141.32139,38.6439],[141.32171,38.64362],[141.32008,38.64276],[141.32038,38.6419],[141.32048,38.64194],[141.3206,38.64205],[141.32061,38.64207],[141.32104,38.64284],[141.32149,38.64284],[141.32236,38.64336],[141.32237,38.64339],[141.3225,38.64351],[141.32363,38.6444],[141.32316,38.64537],[141.32225,38.64638],[141.32217,38.64663],[141.32152,38.64674],[141.32111,38.64661],[141.31952,38.6461],[141.32002,38.64605],[141.32056,38.64631],[141.32075,38.64627],[141.3208,38.646],[141.32091,38.64504],[141.32034,38.64468],[141.32033,38.64441],[141.31973,38.64414],[141.31977,38.64402]]]]},"properties":{"林班":"B034","市町村名称":"登米市","旧市町村":null}},
{"type":"Feature","geometry":{"type":"MultiPolygon","coordinates":[[[[141.29552,38.63928],[141.29365,38.63998],[141.29266,38.6407],[141.29158,38.64039],[141.29286,38.63992],[141.29491,38.63939],[141.29552,38.63928]]],[[[141.29217,38.64613],[141.29127,38.64565],[141.29186,38.64431],[141.29142,38.64286],[141.29207,38.64123],[141.29369,38.64003],[141.29523,38.63962],[141.29607,38.63916],[141.2977,38.63914],[141.29822,38.6395],[141.29898,38.64115],[141.2997,38.64156],[141.29917,38.64251],[141.29802,38.64346],[141.29748,38.64385],[141.29587,38.64499],[141.29544,38.64536],[141.29416,38.64602],[141.29291,38.64658],[141.29217,38.64613]]]]},"properties":{"林班":"B039","市町村名称":"登米市","旧市町村":null}},
{"type":"Feature","geometry":{"type":"MultiPolygon","coordinates":[[[[141.29416,38.64602],[141.29544,38.64536],[141.29549,38.64681],[141.29274,38.64687],[141.29416,38.64602]]],[[[141.29417,38.64739],[141.29591,38.64698],[141.29574,38.64806],[141.29417,38.64739]]],[[[141.29587,38.64499],[141.29748,38.64385],[141.29802,38.64346],[141.29917,38.64251],[141.2999,38.64286],[141.30045,38.64313],[141.30094,38.64358],[141.30073,38.64383],[141.30067,38.6445],[141.3012,38.64534],[141.30216,38.64608],[141.30399,38.64592],[141.30462,38.64719],[141.30615,38.64684],[141.30546,38.64776],[141.3042,38.64822],[141.30352,38.64815],[141.30412,38.64667],[141.30315,38.64625],[141.30242,38.64633],[141.29999,38.64491],[141.29833,38.64595],[141.29715,38.64722],[141.29628,38.64762],[141.2968,38.64711],[141.29561,38.64665],[141.29587,38.64499]]],[[[141.30116,38.64197],[141.30117,38.64103],[141.3026,38.64155],[141.30431,38.64138],[141.304,38.64167],[141.30245,38.64193],[141.30182,38.64127],[141.30155,38.64132],[141.30159,38.64199],[141.30116,38.64197]]],[[[141.30108,38.64195],[141.30137,38.64222],[141.30163,38.642],[141.3018,38.64129],[141.30244,38.64197],[141.30401,38.6417],[141.30503,38.64119],[141.30546,38.64173],[141.30638,38.64246],[141.30654,38.64298],[141.30816,38.64278],[141.30867,38.64408],[141.30825,38.64512],[141.3082,38.64615],[141.30825,38.64675],[141.30785,38.64669],[141.30719,38.6462],[141.3047,38.64716],[141.30409,38.64588],[141.30281,38.64557],[141.30222,38.64598],[141.30126,38.64531],[141.3008,38.64442],[141.30081,38.64386],[141.30106,38.64359],[141.30083,38.64324],[141.29997,38.64283],[141.30108,38.64195]]]]},"properties":{"林班":"B038","市町村名称":"登米市","旧市町村":null}},
{"type":"Feature","geometry":{"type":"MultiPolygon","coordinates":[[[[141.52196,38.29665],[141.52344,38.2958],[141.5241,38.29585],[141.52585,38.29971],[141.52472,38.30026],[141.52347,38.29894],[141.5222,38.29844],[141.52246,38.29762],[141.52196,38.29665]]],[[[141.52534,38.29573],[141.52552,38.29624],[141.52722,38.29629],[141.5285,38.29818],[141.52862,38.29955],[141.53011,38.30012],[141.53052,38.3012],[141.53208,38.30157],[141.53378,38.30158],[141.5359,38.30086],[141.537,38.30117],[141.53756,38.30228],[141.53868,38.30234],[141.54003,38.30395],[141.53993,38.30495],[141.54055,38.30576],[141.54057,38.30684],[141.53789,38.3068],[141.53686,38.30604],[141.5372,38.30528],[141.53681,38.30343],[141.53587,38.30428],[141.53418,38.30385],[141.53355,38.30246],[141.53237,38.30356],[141.53124,38.303],[141.5291,38.30323],[141.52947,38.30133],[141.52773,38.30131],[141.52731,38.29973],[141.52653,38.29955],[141.52689,38.29822],[141.52555,38.29689],[141.5252,38.29579],[141.52534,38.29573]]],[[[141.52131,38.29787],[141.52278,38.29938],[141.52397,38.29995],[141.52623,38.30257],[141.52599,38.30278],[141.52191,38.29963],[141.52131,38.29787]]],[[[141.53127,38.30399],[141.53017,38.30376],[141.52914,38.30541],[141.53122,38.30712],[141.5341,38.30722],[141.534,38.30643],[141.53203,38.3059],[141.53037,38.30454],[141.53142,38.30427],[141.53204,38.30495],[141.53344,38.3051],[141.53363,38.30571],[141.53492,38.30635],[141.53587,38.30624],[141.53542,38.30501],[141.53625,38.30467],[141.53661,38.30609],[141.53757,38.30689],[141.53661,38.30729],[141.53546,38.30841],[141.53381,38.30917],[141.53087,38.30695],[141.52805,38.30455],[141.52881,38.30373],[141.53137,38.30324],[141.53163,38.30375],[141.53296,38.30372],[141.53529,38.30514],[141.53479,38.30579],[141.53359,38.30497],[141.53217,38.30476],[141.53127,38.30399]]],[[[141.5295,38.30519],[141.53078,38.30498],[141.53206,38.30608],[141.53364,38.30648],[141.53371,38.3072],[141.53138,38.30696],[141.5295,38.30519]]]]},"properties":{"林班":"G012","市町村名称":"石巻市","旧市町村":null}},
{"type":"Feature","geometry":{"type":"Polygon","coordinates":[[[141.51802,38.2873],[141.51871,38.28721],[141.51998,38.2869],[141.52004,38.28691],[141.52251,38.28659],[141.523,38.28573],[141.52427,38.28565],[141.52452,38.28742],[141.52432,38.28841],[141.52553,38.28973],[141.52543,38.29113],[141.52615,38.2922],[141.52562,38.29351],[141.52616,38.29418],[141.52534,38.29573],[141.5252,38.29579],[141.5241,38.29585],[141.52344,38.2958],[141.52196,38.29665],[141.52119,38.29652],[141.52042,38.29545],[141.52039,38.29523],[141.51992,38.29447],[141.51891,38.29373],[141.51961,38.2924],[141.51925,38.29099],[141.51891,38.28993],[141.51887,38.28976],[141.51766,38.28818],[141.51766,38.28808],[141.51747,38.28734],[141.51766,38.28733],[141.51802,38.2873]],[[141.52149,38.29155],[141.52304,38.29192],[141.52325,38.29266],[141.52454,38.29245],[141.5243,38.29145],[141.52154,38.29117],[141.52149,38.29155]]]},"properties":{"林班":"G011","市町村名称":"石巻市","旧市町村":null}},
{"type":"Feature","geometry":{"type":"Polygon","coordinates":[[[141.51803,38.28118],[141.51875,38.28074],[141.5228,38.28062],[141.52222,38.27868],[141.52353,38.27863],[141.52528,38.27915],[141.5254,38.27973],[141.52385,38.28197],[141.52457,38.2825],[141.52408,38.28401],[141.52486,38.28491],[141.52427,38.28565],[141.523,38.28573],[141.52251,38.28659],[141.52004,38.28691],[141.51998,38.2869],[141.51871,38.28721],[141.51802,38.2873],[141.51875,38.28644],[141.51758,38.28486],[141.51805,38.28407],[141.51763,38.28326],[141.51775,38.28239],[141.51803,38.28118]]]},"properties":{"林班":"G010","市町村名称":"石巻市","旧市町村":null}},
{"type":"Feature","geometry":{"type":"Polygon","coordinates":[[[141.48475,38.2628],[141.48951,38.26219],[141.48995,38.26373],[141.48953,38.26524],[141.48811,38.26577],[141.48892,38.26659],[141.48866,38.26733],[141.48658,38.26838],[141.48736,38.26985],[141.48584,38.27078],[141.4858,38.27173],[141.48403,38.27226],[141.48339,38.2714],[141.48051,38.26893],[141.47924,38.26807],[141.47835,38.26845],[141.47828,38.26821],[141.47811,38.26743],[141.4783,38.26751],[141.47994,38.266],[141.47931,38.26514],[141.47939,38.26488],[141.47945,38.26447],[141.47946,38.2644],[141.47948,38.26419],[141.47949,38.26412],[141.48177,38.26431],[141.48475,38.2628]]]},"properties":{"林班":"G016","市町村名称":"石巻市","旧市町村":null}},
{"type":"Feature","geometry":{"type":"Polygon","coordinates":[[[141.47487,38.25862],[141.47667,38.25965],[141.47766,38.25942],[141.47876,38.26099],[141.48021,38.26146],[141.4814,38.26132],[141.48204,38.26176],[141.48088,38.2626],[141.47949,38.26412],[141.47948,38.26419],[141.47946,38.2644],[141.47945,38.26447],[141.47939,38.26488],[141.47931,38.26514],[141.47793,38.26557],[141.47811,38.26743],[141.47828,38.26821],[141.47592,38.26696],[141.47614,38.26553],[141.47518,38.26481],[141.47465,38.26366],[141.47257,38.2625],[141.47208,38.26152],[141.47353,38.26088],[141.47402,38.26024],[141.47378,38.25899],[141.47458,38.25856],[141.47487,38.25862]],[[141.47728,38.26151],[141.47868,38.26099],[141.47735,38.26038],[141.47728,38.26151]]]},"properties":{"林班":"G015","市町村名称":"石巻市","旧市町村":null}},
{"type":"Feature","geometry":{"type":"Polygon","coordinates":[[[141.47458,38.25856],[141.47433,38.25764],[141.47562,38.25616],[141.47517,38.25518],[141.47587,38.253],[141.47667,38.25231],[141.47786,38.25236],[141.47946,38.25073],[141.48017,38.25169],[141.48144,38.25205],[141.48354,38.25126],[141.48484,38.24995],[141.48691,38.25102],[141.48872,38.25083],[141.4897,38.24952],[141.49117,38.24986],[141.48969,38.25096],[141.48872,38.25091],[141.48784,38.25197],[141.48608,38.25082],[141.4838,38.2516],[141.48328,38.25235],[141.48361,38.25347],[141.48246,38.25405],[141.48205,38.2528],[141.47961,38.25524],[141.48064,38.25571],[141.48193,38.2554],[141.48069,38.2578],[141.47928,38.25779],[141.47959,38.25917],[141.48194,38.2597],[141.48139,38.25798],[141.48233,38.25665],[141.4833,38.25733],[141.48335,38.25556],[141.48475,38.25587],[141.48356,38.25846],[141.48313,38.25851],[141.48218,38.26088],[141.48204,38.26176],[141.4814,38.26132],[141.47969,38.25996],[141.47743,38.2591],[141.47487,38.25862],[141.47458,38.25856]]]},"properties":{"林班":"G014","市町村名称":"石巻市","旧市町村":null}},
{"type":"Feature","geometry":{"type":"MultiPolygon","coordinates":[[[[141.48313,38.25851],[141.48356,38.25846],[141.48484,38.25837],[141.48577,38.26082],[141.48818,38.25971],[141.48958,38.2596],[141.48999,38.26101],[141.4888,38.26196],[141.48475,38.2628],[141.48177,38.26431],[141.47949,38.26412],[141.48088,38.2626],[141.48204,38.26176],[141.48218,38.26088],[141.48286,38.25992],[141.48313,38.25851]],[[141.48559,38.26213],[141.48752,38.26185],[141.48715,38.26125],[141.48566,38.26111],[141.48559,38.26213]],[[141.48796,38.26019],[141.48887,38.26111],[141.4897,38.26041],[141.48901,38.2597],[141.48796,38.26019]]],[[[141.49151,38.25779],[141.4928,38.25769],[141.4931,38.25941],[141.49135,38.25872],[141.49151,38.25779]]],[[[141.49869,38.24632],[141.49953,38.24677],[141.50079,38.24645],[141.50086,38.24736],[141.49834,38.2495],[141.49828,38.24749],[141.49869,38.24632]]]]},"properties":{"林班":"G013","市町村名称":"石巻市","旧市町村":null}},
{"type":"Feature","geometry":{"type":"MultiPolygon","coordinates":[[[[141.4608,38.27131],[141.46091,38.27203],[141.45967,38.27297],[141.45945,38.27168],[141.45853,38.27078],[141.45769,38.26913],[141.45811,38.26842],[141.45935,38.26793],[141.46147,38.26781],[141.46288,38.26807],[141.46384,38.26912],[141.46261,38.26998],[141.46193,38.26896],[141.46086,38.26828],[141.45996,38.26977],[141.45906,38.26973],[141.4596,38.27126],[141.4605,38.2713],[141.4608,38.27131]]],[[[141.46694,38.27705],[141.46566,38.27608],[141.46297,38.27494],[141.46192,38.2741],[141.46388,38.27276],[141.46492,38.27254],[141.4658,38.27156],[141.46427,38.27113],[141.46283,38.27026],[141.4636,38.2698],[141.46494,38.26987],[141.46671,38.269],[141.46788,38.26974],[141.46833,38.271],[141.4695,38.27097],[141.47106,38.27167],[141.47075,38.27306],[141.47324,38.27419],[141.47277,38.27482],[141.47233,38.2753],[141.47133,38.27551],[141.46951,38.27646],[141.46894,38.2767],[141.46694,38.27705]],[[141.46616,38.27372],[141.46761,38.27357],[141.46846,38.27409],[141.46929,38.27358],[141.46956,38.27252],[141.46821,38.27215],[141.46616,38.27372]]],[[[141.46828,38.26749],[141.46723,38.26754],[141.46522,38.26565],[141.46585,38.26513],[141.46777,38.26685],[141.46861,38.26685],[141.46828,38.26749]]]]},"properties":{"林班":"G019","市町村名称":"石巻市","旧市町村":null}},
{"type":"Feature","geometry":{"type":"MultiPolygon","coordinates":[[[[141.47639,38.28],[141.47558,38.28024],[141.4754,38.28175],[141.47219,38.28222],[141.47038,38.28343],[141.46902,38.28252],[141.46865,38.28122],[141.46894,38.27971],[141.46795,38.27869],[141.46631,38.27772],[141.46694,38.27705],[141.46894,38.2767],[141.46951,38.27646],[141.47133,38.27551],[141.47307,38.27557],[141.47358,38.27669],[141.47639,38.28]]],[[[141.46431,38.27985],[141.46541,38.28109],[141.46396,38.28211],[141.4623,38.28269],[141.46174,38.28338],[141.46042,38.28261],[141.46033,38.28099],[141.46166,38.28086],[141.46172,38.28176],[141.46282,38.28192],[141.46443,38.28087],[141.46431,38.27985]]]]},"properties":{"林班":"G018","市町村名称":"石巻市","旧市町村":null}},
{"type":"Feature","geometry":{"type":"Polygon","coordinates":[[[141.47361,38.27464],[141.47812,38.26937],[141.47839,38.26876],[141.48029,38.2694],[141.48151,38.27018],[141.48246,38.27135],[141.48339,38.2714],[141.48403,38.27226],[141.48371,38.27256],[141.48416,38.27436],[141.48298,38.27469],[141.48201,38.27566],[141.48199,38.27786],[141.47984,38.2792],[141.47722,38.27957],[141.47639,38.28],[141.47358,38.27669],[141.47307,38.27557],[141.47233,38.2753],[141.47277,38.27482],[141.47361,38.27464]]]},"properties":{"林班":"G017","市町村名称":"石巻市","旧市町村":null}},
{"type":"Feature","geometry":{"type":"Polygon","coordinates":[[[141.49164,38.32222],[141.49303,38.32147],[141.49341,38.32103],[141.49447,38.32051],[141.49533,38.32253],[141.49464,38.32522],[141.49642,38.32482],[141.49795,38.32623],[141.49603,38.3275],[141.49568,38.3287],[141.49478,38.32942],[141.49365,38.3296],[141.49044,38.32797],[141.48897,38.32593],[141.48958,38.32371],[141.48975,38.32336],[141.49054,38.32315],[141.49164,38.32222]]]},"properties":{"林班":"G001","市町村名称":"石巻市","旧市町村":null}},
{"type":"Feature","geometry":{"type":"MultiPolygon","coordinates":[[[[141.51642,38.30727],[141.5164,38.30671],[141.51933,38.30618],[141.51963,38.30798],[141.51907,38.30869],[141.5185,38.309],[141.51725,38.30877],[141.51591,38.30968],[141.51453,38.3085],[141.51443,38.30739],[141.51542,38.30697],[141.51642,38.30727]]],[[[141.52138,38.30575],[141.52328,38.30899],[141.52329,38.30942],[141.52005,38.31249],[141.5202,38.31448],[141.51902,38.31481],[141.52046,38.3157],[141.5181,38.3166],[141.51684,38.31466],[141.51576,38.31396],[141.51507,38.3115],[141.51567,38.31015],[141.51744,38.30881],[141.51829,38.30906],[141.51877,38.30899],[141.51914,38.30878],[141.51968,38.30791],[141.51943,38.30616],[141.52138,38.30575]]],[[[141.51844,38.31704],[141.52058,38.31636],[141.5209,38.31577],[141.52005,38.3148],[141.52074,38.31438],[141.52199,38.31639],[141.52078,38.31713],[141.51844,38.31704]]]]},"properties":{"林班":"G005","市町村名称":"石巻市","旧市町村":null}},
{"type":"Feature","geometry":{"type":"MultiPolygon","coordinates":[[[[141.49442,38.29701],[141.49417,38.2965],[141.49222,38.29549],[141.49214,38.2937],[141.49351,38.29367],[141.49386,38.2928],[141.49525,38.2919],[141.49759,38.29258],[141.49856,38.29322],[141.4987,38.29423],[141.50023,38.29409],[141.50053,38.29507],[141.50152,38.29508],[141.50277,38.29685],[141.5035,38.29811],[141.50367,38.29927],[141.50337,38.30117],[141.50229,38.30172],[141.50132,38.30066],[141.50076,38.29868],[141.49929,38.29769],[141.49818,38.29641],[141.49735,38.29715],[141.49758,38.29808],[141.49843,38.2988],[141.49727,38.2993],[141.49603,38.29821],[141.49549,38.29856],[141.49707,38.29995],[141.49818,38.29971],[141.4996,38.30156],[141.49713,38.30203],[141.4985,38.30254],[141.49982,38.30216],[141.49894,38.30277],[141.50013,38.30362],[141.50112,38.30329],[141.50117,38.30385],[141.49875,38.30569],[141.49756,38.30563],[141.49612,38.30234],[141.49507,38.30236],[141.49411,38.30142],[141.49489,38.30089],[141.49526,38.30042],[141.49384,38.29819],[141.49291,38.29717],[141.49442,38.29701],[141.49455,38.29776],[141.49442,38.29701]]],[[[141.49982,38.30216],[141.50071,38.30191],[141.50112,38.30329],[141.50013,38.30362],[141.49982,38.30216]]]]},"properties":{"林班":"G004","市町村名称":"石巻市","旧市町村":null}},
{"type":"Feature","geometry":{"type":"MultiPolygon","coordinates":[[[[141.49854,38.30853],[141.50165,38.30807],[141.50335,38.30886],[141.50282,38.30953],[141.50224,38.31159],[141.4998,38.31367],[141.49942,38.31518],[141.50008,38.31598],[141.49859,38.31791],[141.49669,38.3169],[141.49681,38.31545],[141.49511,38.31404],[141.49409,38.31406],[141.49308,38.31185],[141.49466,38.31154],[141.49568,38.31235],[141.49775,38.31085],[141.49792,38.3092],[141.49854,38.30853]]],[[[141.49754,38.32055],[141.49612,38.32038],[141.4966,38.31934],[141.4962,38.3177],[141.497,38.31728],[141.49833,38.31787],[141.49772,38.31907],[141.49754,38.32055]]],[[[141.49684,38.32142],[141.49745,38.32271],[141.4987,38.3237],[141.49952,38.32485],[141.49836,38.32508],[141.49707,38.32256],[141.49684,38.32142]]]]},"properties":{"林班":"G003","市町村名称":"石巻市","旧市町村":null}},
{"type":"Feature","geometry":{"type":"Polygon","coordinates":[[[141.48461,38.30898],[141.4852,38.31032],[141.48662,38.30932],[141.4873,38.30983],[141.48881,38.31002],[141.48903,38.3087],[141.49085,38.31133],[141.49263,38.31237],[141.49355,38.31451],[141.49546,38.31602],[141.49614,38.31701],[141.49363,38.31904],[141.49318,38.32014],[141.49341,38.32103],[141.49303,38.32147],[141.49164,38.32222],[141.49054,38.32315],[141.48975,38.32336],[141.48958,38.32371],[141.48859,38.32313],[141.48758,38.32315],[141.48942,38.32105],[141.4888,38.31993],[141.48769,38.31945],[141.48577,38.31719],[141.48586,38.31651],[141.48409,38.31515],[141.48443,38.3136],[141.48446,38.31145],[141.48461,38.30898]]]},"properties":{"林班":"G002","市町村名称":"石巻市","旧市町村":null}},
{"type":"Feature","geometry":{"type":"MultiPolygon","coordinates":[[[[141.51074,38.27938],[141.51053,38.27831],[141.51149,38.27749],[141.51167,38.27633],[141.51348,38.27522],[141.51418,38.27582],[141.51583,38.27481],[141.51602,38.27391],[141.51696,38.27376],[141.51761,38.27256],[141.52097,38.27279],[141.52167,38.27189],[141.52278,38.27197],[141.52396,38.27277],[141.52323,38.27427],[141.52334,38.27492],[141.52521,38.27604],[141.5264,38.27632],[141.52381,38.27777],[141.52353,38.27863],[141.52222,38.27868],[141.5228,38.28062],[141.51875,38.28074],[141.51783,38.28041],[141.51648,38.28213],[141.51533,38.28197],[141.51548,38.28079],[141.51594,38.28085],[141.51733,38.27944],[141.51784,38.27825],[141.52124,38.27783],[141.52274,38.27619],[141.52152,38.27572],[141.52111,38.27459],[141.51874,38.27446],[141.51829,38.27579],[141.51736,38.27642],[141.51596,38.27614],[141.51412,38.27652],[141.51426,38.2775],[141.51347,38.27799],[141.51313,38.27944],[141.51074,38.27938]]],[[[141.51654,38.28213],[141.51803,38.28118],[141.51775,38.28239],[141.51654,38.28213]]]]},"properties":{"林班":"G009","市町村名称":"石巻市","旧市町村":null}},
{"type":"Feature","geometry":{"type":"Polygon","coordinates":[[[141.51215,38.28897],[141.51142,38.2873],[141.50964,38.28788],[141.50937,38.28835],[141.51157,38.28939],[141.51096,38.29211],[141.51032,38.29146],[141.50925,38.28934],[141.50915,38.28719],[141.50985,38.28599],[141.50957,38.28497],[141.50983,38.2836],[141.51044,38.2827],[141.50956,38.28149],[141.51071,38.28],[141.51074,38.27938],[141.51313,38.27944],[141.51273,38.28016],[141.51125,38.2796],[141.51038,38.28137],[141.51176,38.28166],[141.51388,38.28069],[141.51548,38.28079],[141.51533,38.28197],[141.51648,38.28213],[141.51654,38.28213],[141.51775,38.28239],[141.51763,38.28326],[141.5171,38.28514],[141.51766,38.28733],[141.51747,38.28734],[141.51419,38.28667],[141.513,38.28823],[141.51282,38.28867],[141.51215,38.28897]],[[141.51419,38.28667],[141.51409,38.28613],[141.51168,38.28617],[141.51186,38.287],[141.51419,38.28667]],[[141.51187,38.28252],[141.51368,38.28279],[141.51448,38.28195],[141.51416,38.28121],[141.51189,38.28198],[141.51187,38.28252]]]},"properties":{"林班":"G008","市町村名称":"石巻市","旧市町村":null}},
{"type":"Feature","geometry":{"type":"MultiPolygon","coordinates":[[[[141.513,38.28823],[141.51419,38.28667],[141.51747,38.28734],[141.51766,38.28808],[141.51703,38.28881],[141.51891,38.28993],[141.51925,38.29099],[141.51945,38.29222],[141.51868,38.29303],[141.51849,38.29451],[141.51874,38.29536],[141.5185,38.29622],[141.51662,38.29728],[141.5163,38.29792],[141.51409,38.29795],[141.51441,38.29746],[141.51427,38.2957],[141.51297,38.29457],[141.51271,38.29369],[141.51364,38.29339],[141.51299,38.29189],[141.51215,38.28897],[141.51282,38.28867],[141.513,38.28823]]],[[[141.51887,38.28976],[141.51733,38.28892],[141.51766,38.28818],[141.51887,38.28976]]],[[[141.51708,38.29812],[141.5182,38.29694],[141.51859,38.29625],[141.51883,38.29518],[141.51992,38.29447],[141.52039,38.29523],[141.52036,38.29589],[141.52081,38.29664],[141.51935,38.29722],[141.51708,38.29812]]]]},"properties":{"林班":"G007","市町村名称":"石巻市","旧市町村":null}},
{"type":"Feature","geometry":{"type":"MultiPolygon","coordinates":[[[[141.5047,38.29865],[141.5056,38.29974],[141.50539,38.30032],[141.50361,38.30013],[141.50387,38.29828],[141.5047,38.29865]]],[[[141.5059,38.3014],[141.50759,38.3015],[141.50562,38.30286],[141.5059,38.3014]]],[[[141.51113,38.30339],[141.51254,38.30443],[141.51379,38.30595],[141.51279,38.30691],[141.5107,38.30649],[141.51063,38.30491],[141.51022,38.30384],[141.51113,38.30339]]],[[[141.51371,38.30138],[141.51239,38.29986],[141.51393,38.29963],[141.51296,38.29867],[141.51409,38.29795],[141.5163,38.29792],[141.51678,38.29818],[141.5172,38.29965],[141.51698,38.30063],[141.51714,38.30093],[141.51821,38.30162],[141.5195,38.30401],[141.51933,38.30618],[141.5164,38.30671],[141.51642,38.30727],[141.5151,38.3066],[141.51416,38.3056],[141.51447,38.30402],[141.51411,38.30278],[141.51224,38.30216],[141.51371,38.30138]]],[[[141.51708,38.29812],[141.51935,38.29722],[141.51946,38.29773],[141.5183,38.2987],[141.51881,38.30152],[141.52044,38.30349],[141.52138,38.30575],[141.51943,38.30616],[141.51958,38.30387],[141.51828,38.30152],[141.51731,38.30101],[141.51706,38.30031],[141.51727,38.29963],[141.51708,38.29812]]]]},"properties":{"林班":"G006","市町村名称":"石巻市","旧市町村":null}},
{"type":"Feature","geometry":{"type":"Polygon","coordinates":[[[141.47364,38.34319],[141.47688,38.34202],[141.47801,38.34141],[141.47822,38.34232],[141.47956,38.34314],[141.48098,38.34494],[141.48122,38.34557],[141.48012,38.34636],[141.48123,38.34789],[141.48164,38.34922],[141.47843,38.34951],[141.47658,38.34941],[141.47537,38.34747],[141.47505,38.34605],[141.47429,38.34555],[141.47364,38.34319]]]},"properties":{"林班":"G030","市町村名称":"石巻市","旧市町村":null}},
{"type":"Feature","geometry":{"type":"MultiPolygon","coordinates":[[[[141.45026,38.34057],[141.45199,38.34073],[141.45144,38.34216],[141.4527,38.34274],[141.45267,38.34344],[141.45437,38.34422],[141.45467,38.34499],[141.45325,38.34665],[141.45339,38.34772],[141.45487,38.34864],[141.45516,38.34786],[141.45673,38.34886],[141.45699,38.34871],[141.45726,38.3497],[141.45684,38.34952],[141.45628,38.34897],[141.45558,38.34927],[141.45544,38.35005],[141.45316,38.35102],[141.4524,38.35232],[141.45177,38.35149],[141.45256,38.35037],[141.45084,38.34798],[141.45169,38.34635],[141.45091,38.34386],[141.44998,38.34237],[141.45061,38.34185],[141.45026,38.34057]]],[[[141.45586,38.35689],[141.45501,38.35684],[141.45261,38.35481],[141.45247,38.35395],[141.45347,38.35327],[141.45263,38.35258],[141.45353,38.35099],[141.45545,38.35014],[141.4556,38.34931],[141.45611,38.34905],[141.45655,38.34929],[141.45643,38.34965],[141.45692,38.35031],[141.45719,38.3514],[141.45644,38.35208],[141.4572,38.35293],[141.45699,38.35318],[141.45679,38.35346],[141.45614,38.3551],[141.4554,38.35578],[141.45586,38.35689]]]]},"properties":{"林班":"G034","市町村名称":"石巻市","旧市町村":null}},
{"type":"Feature","geometry":{"type":"MultiPolygon","coordinates":[[[[141.4627,38.35303],[141.46428,38.35265],[141.46419,38.3536],[141.4627,38.35303]]],[[[141.46508,38.35438],[141.46428,38.35402],[141.46495,38.35297],[141.46437,38.35128],[141.46542,38.35102],[141.46553,38.34914],[141.46667,38.34903],[141.46846,38.34976],[141.47182,38.35056],[141.47198,38.35098],[141.47167,38.35403],[141.47184,38.35618],[141.47078,38.35565],[141.46914,38.35561],[141.46728,38.35451],[141.46626,38.35435],[141.46542,38.35449],[141.46508,38.35438]]]]},"properties":{"林班":"G033","市町村名称":"石巻市","旧市町村":null}},
{"type":"Feature","geometry":{"type":"MultiPolygon","coordinates":[[[[141.46504,38.33689],[141.46432,38.33752],[141.46349,38.33556],[141.46391,38.33634],[141.46504,38.33689]]],[[[141.46404,38.34355],[141.46482,38.34267],[141.46482,38.34161],[141.46639,38.34187],[141.46583,38.34287],[141.46404,38.34355]]],[[[141.46553,38.34914],[141.46439,38.34633],[141.46437,38.34474],[141.46589,38.34288],[141.46692,38.34304],[141.46648,38.34046],[141.46509,38.33859],[141.46518,38.33693],[141.46654,38.33789],[141.46883,38.33953],[141.46862,38.34088],[141.46936,38.34122],[141.47026,38.3453],[141.47068,38.34791],[141.47182,38.35056],[141.46846,38.34976],[141.46667,38.34903],[141.46553,38.34914]]]]},"properties":{"林班":"G032","市町村名称":"石巻市","旧市町村":null}},
{"type":"Feature","geometry":{"type":"MultiPolygon","coordinates":[[[[141.46349,38.33556],[141.46541,38.3358],[141.46504,38.33689],[141.46391,38.33634],[141.46349,38.33556]]],[[[141.46654,38.33789],[141.46779,38.33719],[141.46783,38.33533],[141.46906,38.33608],[141.47187,38.3358],[141.47279,38.33631],[141.47356,38.33755],[141.47791,38.34023],[141.47781,38.3409],[141.47801,38.34141],[141.47688,38.34202],[141.47364,38.34319],[141.47347,38.34216],[141.47201,38.3408],[141.4709,38.34121],[141.46936,38.34122],[141.46862,38.34088],[141.46883,38.33953],[141.46654,38.33789]]]]},"properties":{"林班":"G031","市町村名称":"石巻市","旧市町村":null}},
{"type":"Feature","geometry":{"type":"MultiPolygon","coordinates":[[[[141.47641,38.37924],[141.47666,38.37829],[141.47587,38.37705],[141.47552,38.37567],[141.47371,38.37429],[141.47307,38.37121],[141.47227,38.37032],[141.47184,38.36895],[141.47053,38.36693],[141.47056,38.36634],[141.46946,38.36501],[141.47243,38.36442],[141.47446,38.36601],[141.47351,38.36728],[141.47668,38.3673],[141.47785,38.36875],[141.47739,38.36962],[141.47774,38.37056],[141.47574,38.371],[141.47443,38.37257],[141.47558,38.37258],[141.47595,38.37341],[141.47701,38.37304],[141.47958,38.37397],[141.47959,38.37509],[141.48038,38.37593],[141.48155,38.37796],[141.47912,38.37919],[141.47641,38.37924]]],[[[141.48173,38.37786],[141.48179,38.37664],[141.48332,38.37727],[141.48173,38.37786]]]]},"properties":{"林班":"G038","市町村名称":"石巻市","旧市町村":null}},
{"type":"Feature","geometry":{"type":"Polygon","coordinates":[[[141.48183,38.37134],[141.48117,38.37135],[141.47988,38.37024],[141.47905,38.36861],[141.47795,38.36721],[141.47687,38.36665],[141.47806,38.36546],[141.47805,38.36468],[141.47954,38.36405],[141.48017,38.36298],[141.48034,38.36437],[141.48115,38.36564],[141.48086,38.36644],[141.48078,38.36659],[141.48095,38.36764],[141.48372,38.37122],[141.48183,38.37134]]]},"properties":{"林班":"G037","市町村名称":"石巻市","旧市町村":null}},
{"type":"Feature","geometry":{"type":"Polygon","coordinates":[[[141.34689,38.62977],[141.34777,38.63068],[141.34629,38.6315],[141.35042,38.63232],[141.35148,38.63233],[141.35343,38.63371],[141.35679,38.63476],[141.35759,38.63624],[141.35805,38.63571],[141.35979,38.63617],[141.36078,38.63706],[141.36073,38.63766],[141.35966,38.63899],[141.35777,38.64084],[141.35595,38.64103],[141.35526,38.64151],[141.35411,38.64132],[141.35217,38.64037],[141.3529,38.63967],[141.35257,38.63739],[141.35096,38.63674],[141.35012,38.63691],[141.349,38.63621],[141.34734,38.63684],[141.34511,38.6355],[141.34428,38.6325],[141.34583,38.63111],[141.34689,38.62977]]]},"properties":{"林班":"I003","市町村名称":"登米市","旧市町村":null}},
{"type":"Feature","geometry":{"type":"MultiPolygon","coordinates":[[[[141.46198,38.35729],[141.46273,38.35575],[141.46422,38.35541],[141.46499,38.3559],[141.46617,38.35461],[141.46728,38.35451],[141.46914,38.35561],[141.46869,38.3563],[141.46746,38.35666],[141.4674,38.3576],[141.46848,38.35837],[141.46843,38.3594],[141.46531,38.36182],[141.46336,38.36273],[141.46302,38.36275],[141.46264,38.36277],[141.46211,38.36238],[141.46266,38.36155],[141.46179,38.3591],[141.46225,38.35829],[141.46198,38.35729]]],[[[141.46617,38.35461],[141.46542,38.35449],[141.46626,38.35435],[141.46617,38.35461]]]]},"properties":{"林班":"G036","市町村名称":"石巻市","旧市町村":null}},
{"type":"Feature","geometry":{"type":"Polygon","coordinates":[[[141.33338,38.63088],[141.33243,38.62876],[141.33332,38.62745],[141.33346,38.62621],[141.33469,38.62614],[141.33627,38.62734],[141.33605,38.62777],[141.33675,38.62732],[141.33968,38.62858],[141.34004,38.62914],[141.34194,38.62918],[141.34247,38.62854],[141.34579,38.62903],[141.34689,38.62977],[141.34583,38.63111],[141.34428,38.6325],[141.34511,38.6355],[141.34294,38.6357],[141.34135,38.63425],[141.33998,38.63245],[141.33893,38.63281],[141.33796,38.63223],[141.33784,38.63216],[141.33758,38.63197],[141.33741,38.63183],[141.33731,38.63174],[141.33634,38.63117],[141.33561,38.6312],[141.33474,38.63184],[141.33338,38.63088]]]},"properties":{"林班":"I002","市町村名称":"登米市","旧市町村":null}},
{"type":"Feature","geometry":{"type":"Polygon","coordinates":[[[141.45679,38.35346],[141.45699,38.35318],[141.4572,38.35293],[141.45819,38.35215],[141.46059,38.3544],[141.46139,38.35654],[141.46198,38.35729],[141.46225,38.35829],[141.46179,38.3591],[141.46266,38.36155],[141.46211,38.36238],[141.46185,38.3628],[141.45984,38.36218],[141.45958,38.36209],[141.45833,38.36183],[141.45749,38.3606],[141.45751,38.35984],[141.45741,38.3597],[141.45725,38.35948],[141.45737,38.35799],[141.45586,38.35689],[141.4554,38.35578],[141.45614,38.3551],[141.45679,38.35346]]]},"properties":{"林班":"G035","市町村名称":"石巻市","旧市町村":null}},
{"type":"Feature","geometry":{"type":"MultiPolygon","coordinates":[[[[141.31646,38.61826],[141.31934,38.62019],[141.31923,38.6211],[141.31746,38.62077],[141.31646,38.61851],[141.31646,38.61826]]],[[[141.32194,38.62433],[141.31928,38.62389],[141.31868,38.62308],[141.31745,38.62308],[141.3167,38.6225],[141.31637,38.62087],[141.31661,38.61942],[141.31743,38.6208],[141.31808,38.62122],[141.31991,38.62121],[141.32158,38.62],[141.32234,38.62041],[141.32261,38.62163],[141.32595,38.62282],[141.32806,38.62393],[141.32972,38.6241],[141.33346,38.62621],[141.33332,38.62745],[141.33243,38.62876],[141.33338,38.63088],[141.33248,38.63133],[141.32998,38.63029],[141.32906,38.62953],[141.32719,38.62838],[141.32627,38.62699],[141.32334,38.62452],[141.32194,38.62433]]]]},"properties":{"林班":"I001","市町村名称":"登米市","旧市町村":null}},
{"type":"Feature","geometry":{"type":"Polygon","coordinates":[[[141.36099,38.63829],[141.36208,38.63743],[141.364,38.6384],[141.36675,38.63923],[141.36754,38.63912],[141.36897,38.6402],[141.3672,38.64222],[141.36686,38.64451],[141.36817,38.64524],[141.36915,38.64629],[141.37074,38.64675],[141.37078,38.6481],[141.37238,38.64885],[141.37227,38.64995],[141.37207,38.65032],[141.37221,38.65088],[141.37141,38.65074],[141.37071,38.6511],[141.37132,38.65163],[141.37169,38.653],[141.37094,38.65406],[141.37092,38.65401],[141.36915,38.65416],[141.36554,38.65479],[141.36444,38.6551],[141.3642,38.65593],[141.36257,38.65685],[141.36242,38.6565],[141.36296,38.65512],[141.3636,38.652],[141.36509,38.65187],[141.36623,38.6506],[141.36711,38.65032],[141.36737,38.64913],[141.36544,38.64808],[141.36488,38.64631],[141.36296,38.64526],[141.36333,38.64452],[141.3633,38.64216],[141.36398,38.64142],[141.36366,38.6403],[141.36236,38.63852],[141.36099,38.63829]]]},"properties":{"林班":"I007","市町村名称":"登米市","旧市町村":null}},
{"type":"Feature","geometry":{"type":"Polygon","coordinates":[[[141.35933,38.6489],[141.36051,38.64687],[141.35982,38.64548],[141.36047,38.64388],[141.35997,38.64349],[141.35981,38.64245],[141.35921,38.64114],[141.35909,38.64018],[141.36099,38.63829],[141.36236,38.63852],[141.36366,38.6403],[141.36398,38.64142],[141.3633,38.64216],[141.36333,38.64452],[141.36296,38.64526],[141.36488,38.64631],[141.36544,38.64808],[141.36737,38.64913],[141.36711,38.65032],[141.36623,38.6506],[141.36509,38.65187],[141.3636,38.652],[141.36296,38.65512],[141.36242,38.6565],[141.36161,38.65597],[141.35982,38.65259],[141.35985,38.65142],[141.35907,38.65105],[141.35966,38.64964],[141.35933,38.6489]]]},"properties":{"林班":"I006","市町村名称":"登米市","旧市町村":null}},
{"type":"Feature","geometry":{"type":"MultiPolygon","coordinates":[[[[141.47539,38.38269],[141.47542,38.38038],[141.475,38.37924],[141.47641,38.37924],[141.47912,38.37919],[141.48155,38.37796],[141.48185,38.37877],[141.48289,38.38025],[141.48298,38.38131],[141.48343,38.38054],[141.48413,38.381],[141.48452,38.3825],[141.4845,38.38258],[141.48446,38.38276],[141.4845,38.38258],[141.48452,38.3825],[141.4845,38.38302],[141.48417,38.38313],[141.48404,38.38324],[141.48391,38.38353],[141.48381,38.38366],[141.48079,38.38429],[141.479,38.38516],[141.47818,38.38441],[141.47673,38.38481],[141.4762,38.38572],[141.47614,38.38562],[141.47554,38.38515],[141.47517,38.38459],[141.47499,38.38466],[141.47523,38.38372],[141.4753,38.38321],[141.47539,38.38269]]],[[[141.48414,38.38036],[141.48557,38.37993],[141.48693,38.38028],[141.48635,38.38145],[141.48482,38.38217],[141.48414,38.38036]]],[[[141.48546,38.38301],[141.48581,38.3821],[141.48701,38.38211],[141.48687,38.3833],[141.48596,38.38297],[141.48585,38.38297],[141.48548,38.383],[141.48546,38.38301]]]]},"properties":{"林班":"G039","市町村名称":"石巻市","旧市町村":null}},
{"type":"Feature","geometry":{"type":"Polygon","coordinates":[[[141.35618,38.64902],[141.35728,38.64863],[141.35741,38.64658],[141.35667,38.6449],[141.35722,38.64445],[141.35834,38.64228],[141.3586,38.64095],[141.35973,38.64276],[141.35958,38.64323],[141.3603,38.64386],[141.3597,38.64524],[141.36032,38.64667],[141.35933,38.6489],[141.35966,38.64964],[141.35907,38.65105],[141.35985,38.65142],[141.35982,38.65259],[141.36161,38.65597],[141.36242,38.6565],[141.36257,38.65685],[141.36148,38.65947],[141.35856,38.6602],[141.35762,38.66109],[141.3566,38.66123],[141.35489,38.66208],[141.35382,38.66326],[141.35327,38.66253],[141.35178,38.66303],[141.35064,38.66206],[141.35027,38.66103],[141.35111,38.65977],[141.3515,38.65955],[141.3523,38.65922],[141.35332,38.65808],[141.35429,38.65623],[141.35406,38.6536],[141.35439,38.65288],[141.35405,38.65048],[141.35594,38.64886],[141.35618,38.64902]]]},"properties":{"林班":"I005","市町村名称":"登米市","旧市町村":null}},
{"type":"Feature","geometry":{"type":"MultiPolygon","coordinates":[[[[141.34723,38.64926],[141.34871,38.64736],[141.34833,38.64545],[141.34908,38.64479],[141.3505,38.64446],[141.35153,38.64338],[141.35147,38.64275],[141.35165,38.64182],[141.35278,38.64149],[141.35405,38.64192],[141.35487,38.64203],[141.35475,38.64211],[141.3543,38.64232],[141.3537,38.64279],[141.35315,38.64301],[141.35276,38.64328],[141.35182,38.64412],[141.35256,38.64412],[141.35404,38.64478],[141.35412,38.64521],[141.35452,38.64599],[141.35492,38.64634],[141.35594,38.64886],[141.35405,38.65048],[141.35439,38.65288],[141.35406,38.6536],[141.35429,38.65623],[141.35332,38.65808],[141.3523,38.65922],[141.3515,38.65955],[141.35111,38.65977],[141.3507,38.65946],[141.35068,38.65936],[141.35065,38.65926],[141.35043,38.65906],[141.3502,38.65898],[141.34981,38.65889],[141.3497,38.6588],[141.34961,38.65859],[141.3483,38.65747],[141.34782,38.65742],[141.34777,38.65739],[141.3477,38.65714],[141.34776,38.6568],[141.34767,38.65671],[141.34765,38.65669],[141.3474,38.65645],[141.34738,38.65634],[141.34753,38.65508],[141.34729,38.65433],[141.34716,38.6538],[141.34657,38.65308],[141.34648,38.65308],[141.34599,38.65217],[141.34641,38.65127],[141.34675,38.65111],[141.3468,38.6508],[141.34679,38.6508],[141.34666,38.65055],[141.34665,38.65052],[141.34666,38.65028],[141.34667,38.65006],[141.34723,38.64926]]],[[[141.35316,38.64302],[141.35371,38.64281],[141.35431,38.64233],[141.35491,38.64206],[141.35489,38.64201],[141.35454,38.64197],[141.35471,38.64189],[141.35674,38.64142],[141.35498,38.64317],[141.35429,38.64457],[141.35283,38.64407],[141.3527,38.64335],[141.35316,38.64302]]],[[[141.35618,38.64902],[141.35494,38.64633],[141.35454,38.64598],[141.35423,38.64538],[141.35458,38.64486],[141.3546,38.64442],[141.35523,38.64311],[141.35666,38.64215],[141.3569,38.64152],[141.3586,38.64095],[141.35834,38.64228],[141.35722,38.64445],[141.35667,38.6449],[141.35741,38.64658],[141.35728,38.64863],[141.35618,38.64902]]]]},"properties":{"林班":"I004","市町村名称":"登米市","旧市町村":null}},
{"type":"Feature","geometry":{"type":"Polygon","coordinates":[[[141.47317,38.31267],[141.47439,38.31397],[141.47575,38.31369],[141.47718,38.31298],[141.47747,38.31401],[141.4792,38.31388],[141.48012,38.3144],[141.48221,38.31409],[141.48336,38.31513],[141.4823,38.3163],[141.48142,38.31607],[141.48133,38.31604],[141.48116,38.31593],[141.48049,38.31592],[141.48052,38.31631],[141.48039,38.31652],[141.4802,38.3172],[141.47987,38.31739],[141.4753,38.31872],[141.47359,38.31791],[141.47233,38.31834],[141.47138,38.31819],[141.47125,38.31722],[141.47027,38.31543],[141.47251,38.31289],[141.47317,38.31267]]]},"properties":{"林班":"G023","市町村名称":"石巻市","旧市町村":null}},
{"type":"Feature","geometry":{"type":"Polygon","coordinates":[[[141.47317,38.31267],[141.47424,38.31209],[141.47454,38.3088],[141.47608,38.3074],[141.47724,38.30731],[141.4785,38.30537],[141.4802,38.30729],[141.48165,38.30661],[141.48213,38.3076],[141.48461,38.30898],[141.48446,38.31145],[141.48384,38.31321],[141.48278,38.31386],[141.48044,38.31387],[141.48012,38.3144],[141.4792,38.31388],[141.47747,38.31401],[141.47718,38.31298],[141.47575,38.31369],[141.47439,38.31397],[141.47317,38.31267]]]},"properties":{"林班":"G022","市町村名称":"石巻市","旧市町村":null}},
{"type":"Feature","geometry":{"type":"Polygon","coordinates":[[[141.3698,38.66956],[141.37025,38.66751],[141.3716,38.66567],[141.37158,38.66354],[141.37355,38.66315],[141.3741,38.66346],[141.37323,38.66526],[141.37284,38.66783],[141.37512,38.66984],[141.37631,38.67012],[141.37715,38.67105],[141.37708,38.67146],[141.37708,38.67186],[141.37696,38.67208],[141.37703,38.6723],[141.37687,38.67247],[141.37676,38.67315],[141.37636,38.6736],[141.37632,38.67465],[141.37639,38.67359],[141.37679,38.67316],[141.37689,38.67248],[141.37706,38.6723],[141.37698,38.67208],[141.3771,38.67186],[141.37713,38.67167],[141.3774,38.67102],[141.3782,38.67053],[141.37964,38.67072],[141.38006,38.66999],[141.37967,38.67063],[141.37804,38.67031],[141.37741,38.66978],[141.37833,38.66875],[141.3771,38.66993],[141.37511,38.66947],[141.37342,38.66789],[141.37396,38.66394],[141.37505,38.66305],[141.37524,38.66205],[141.37417,38.66139],[141.37408,38.66052],[141.37379,38.65984],[141.37267,38.65881],[141.37494,38.65716],[141.37506,38.6572],[141.3753,38.65731],[141.37559,38.65853],[141.37632,38.6595],[141.37645,38.66136],[141.37706,38.66182],[141.37734,38.66343],[141.37599,38.66665],[141.37656,38.6677],[141.37739,38.66808],[141.37981,38.66786],[141.38008,38.66893],[141.38079,38.66943],[141.3837,38.67043],[141.38417,38.67119],[141.38569,38.67177],[141.38573,38.67368],[141.38399,38.67441],[141.38347,38.67597],[141.38204,38.67595],[141.38074,38.67704],[141.37963,38.67719],[141.37871,38.67638],[141.37558,38.67635],[141.37399,38.67703],[141.37284,38.67612],[141.37273,38.67532],[141.37364,38.6749],[141.37386,38.67452],[141.37368,38.67347],[141.37361,38.67337],[141.37342,38.67327],[141.37181,38.67256],[141.37062,38.67158],[141.3698,38.66956]]]},"properties":{"林班":"I010","市町村名称":"登米市","旧市町村":null}},
{"type":"Feature","geometry":{"type":"Polygon","coordinates":[[[141.53257,38.39501],[141.53415,38.39502],[141.53736,38.39424],[141.5393,38.39489],[141.53819,38.39666],[141.53819,38.40059],[141.53735,38.4005],[141.53681,38.40168],[141.5356,38.40136],[141.53441,38.40177],[141.53243,38.40038],[141.53275,38.39917],[141.53195,38.39762],[141.53039,38.39689],[141.53135,38.39647],[141.53268,38.39599],[141.5326,38.39531],[141.53258,38.39509],[141.53257,38.39501]]]},"properties":{"林班":"G021","市町村名称":"石巻市","旧市町村":null}},
{"type":"Feature","geometry":{"type":"Polygon","coordinates":[[[141.46861,38.26685],[141.46883,38.2659],[141.47005,38.26543],[141.47109,38.26428],[141.4724,38.26355],[141.47257,38.2625],[141.47465,38.26366],[141.47518,38.26481],[141.47614,38.26553],[141.47592,38.26696],[141.47828,38.26821],[141.47835,38.26845],[141.47839,38.26876],[141.47812,38.26937],[141.47361,38.27464],[141.47324,38.27419],[141.47075,38.27306],[141.47106,38.27167],[141.47002,38.27046],[141.47023,38.27013],[141.46938,38.26901],[141.46834,38.26855],[141.46828,38.26749],[141.46861,38.26685]]]},"properties":{"林班":"G020","市町村名称":"石巻市","旧市町村":null}},
{"type":"Feature","geometry":{"type":"MultiPolygon","coordinates":[[[[141.4773,38.33493],[141.47734,38.33375],[141.47884,38.33332],[141.47895,38.33272],[141.47822,38.33136],[141.47569,38.33106],[141.4755,38.33049],[141.47649,38.33096],[141.48006,38.33082],[141.48132,38.33117],[141.4829,38.33233],[141.48585,38.33168],[141.48622,38.3319],[141.48641,38.33187],[141.48715,38.33175],[141.4878,38.33236],[141.48746,38.33408],[141.48856,38.33495],[141.4887,38.33609],[141.48844,38.33551],[141.48587,38.3355],[141.48423,38.33507],[141.4814,38.334],[141.48046,38.3341],[141.47814,38.33519],[141.4773,38.33493]]],[[[141.48934,38.3362],[141.49041,38.33514],[141.48834,38.33465],[141.48864,38.3336],[141.48827,38.33251],[141.4883,38.33131],[141.48869,38.33131],[141.48834,38.33203],[141.49051,38.33509],[141.49221,38.33506],[141.49325,38.33563],[141.48934,38.3362]]]]},"properties":{"林班":"G027","市町村名称":"石巻市","旧市町村":null}},
{"type":"Feature","geometry":{"type":"MultiPolygon","coordinates":[[[[141.47605,38.32969],[141.47774,38.32944],[141.48149,38.32699],[141.48255,38.32675],[141.48363,38.32809],[141.48518,38.32942],[141.48776,38.32876],[141.48823,38.32962],[141.48715,38.33175],[141.48641,38.33187],[141.48622,38.3319],[141.48585,38.33168],[141.4829,38.33233],[141.48132,38.33117],[141.48006,38.33082],[141.47649,38.33096],[141.4755,38.33049],[141.47591,38.32969],[141.47605,38.32969]]],[[[141.4883,38.33131],[141.48833,38.32992],[141.48902,38.32936],[141.48965,38.33119],[141.48869,38.33131],[141.4883,38.33131]]]]},"properties":{"林班":"G026","市町村名称":"石巻市","旧市町村":null}},
{"type":"Feature","geometry":{"type":"Polygon","coordinates":[[[141.36315,38.63487],[141.36496,38.63424],[141.36683,38.63424],[141.36846,38.63461],[141.37401,38.63459],[141.37543,38.63406],[141.37868,38.63334],[141.37974,38.63366],[141.38057,38.63245],[141.38312,38.63426],[141.38447,38.63482],[141.38374,38.63543],[141.38217,38.63579],[141.38213,38.63581],[141.37998,38.63654],[141.37896,38.63716],[141.37646,38.63551],[141.37404,38.63561],[141.37188,38.63678],[141.36798,38.63619],[141.36734,38.63577],[141.36315,38.63487]]]},"properties":{"林班":"I014","市町村名称":"登米市","旧市町村":null}},
{"type":"Feature","geometry":{"type":"MultiPolygon","coordinates":[[[[141.47591,38.32969],[141.47761,38.32785],[141.47546,38.32593],[141.47588,38.32507],[141.47708,38.32437],[141.47634,38.32367],[141.47712,38.32279],[141.47836,38.32299],[141.47904,38.32365],[141.48064,38.32299],[141.48203,38.32587],[141.4841,38.32525],[141.48483,38.32668],[141.48672,38.32729],[141.48796,38.32822],[141.48776,38.32876],[141.48518,38.32942],[141.48363,38.32809],[141.48255,38.32675],[141.48149,38.32699],[141.47774,38.32944],[141.47605,38.32969],[141.47591,38.32969]]],[[[141.4726,38.32605],[141.47178,38.32795],[141.46907,38.32702],[141.47167,38.32652],[141.4726,38.32605]]]]},"properties":{"林班":"G025","市町村名称":"石巻市","旧市町村":null}},
{"type":"Feature","geometry":{"type":"MultiPolygon","coordinates":[[[[141.36315,38.63487],[141.36734,38.63577],[141.36798,38.63619],[141.37188,38.63678],[141.37404,38.63561],[141.37646,38.63551],[141.37896,38.63716],[141.37998,38.63654],[141.38213,38.63581],[141.37933,38.63926],[141.37589,38.641],[141.37308,38.6406],[141.37113,38.63965],[141.37049,38.63876],[141.36925,38.63841],[141.36493,38.63625],[141.36315,38.63487]]],[[[141.38781,38.64202],[141.38594,38.64193],[141.38235,38.64141],[141.37923,38.64144],[141.3775,38.64051],[141.37905,38.63985],[141.38217,38.63579],[141.38374,38.63543],[141.38447,38.63482],[141.38713,38.63586],[141.38737,38.63595],[141.38754,38.63604],[141.38786,38.63619],[141.38811,38.63627],[141.38907,38.63685],[141.39054,38.63828],[141.39053,38.6388],[141.38853,38.64025],[141.38781,38.64202]]]]},"properties":{"林班":"I013","市町村名称":"登米市","旧市町村":null}},
{"type":"Feature","geometry":{"type":"MultiPolygon","coordinates":[[[[141.46576,38.31899],[141.46839,38.31963],[141.46792,38.32102],[141.46602,38.31967],[141.46576,38.31899]]],[[[141.47712,38.32279],[141.4778,38.32217],[141.47817,38.32072],[141.47769,38.32011],[141.47913,38.31948],[141.47987,38.31875],[141.4802,38.3172],[141.48039,38.31652],[141.48122,38.31756],[141.48234,38.3197],[141.48215,38.32147],[141.48329,38.32417],[141.4841,38.32525],[141.48203,38.32587],[141.48064,38.32299],[141.47904,38.32365],[141.47836,38.32299],[141.47712,38.32279]]],[[[141.48052,38.31631],[141.48049,38.31592],[141.48116,38.31593],[141.48133,38.31604],[141.48142,38.31607],[141.4823,38.3163],[141.48185,38.31691],[141.48052,38.31631]]],[[[141.48122,38.31756],[141.48194,38.31717],[141.48328,38.31762],[141.4824,38.31841],[141.48122,38.31756]]],[[[141.48758,38.32315],[141.48504,38.32103],[141.48609,38.31874],[141.48743,38.31949],[141.48717,38.32011],[141.48873,38.32043],[141.48942,38.32105],[141.48758,38.32315]]]]},"properties":{"林班":"G024","市町村名称":"石巻市","旧市町村":null}},
{"type":"Feature","geometry":{"type":"Polygon","coordinates":[[[141.3703,38.64159],[141.37065,38.64058],[141.37104,38.64098],[141.37291,38.64181],[141.37295,38.64219],[141.37452,38.64218],[141.37769,38.64179],[141.38235,38.64492],[141.38416,38.64549],[141.38436,38.64592],[141.38444,38.64615],[141.38438,38.64625],[141.38444,38.64615],[141.38436,38.64592],[141.38416,38.64549],[141.38239,38.6449],[141.38217,38.64431],[141.37982,38.64246],[141.37934,38.64184],[141.38232,38.64176],[141.3847,38.6422],[141.38819,38.6424],[141.38764,38.64365],[141.38623,38.64509],[141.38597,38.64608],[141.38357,38.647],[141.38032,38.64772],[141.37949,38.64751],[141.37946,38.64739],[141.37936,38.64746],[141.37933,38.64742],[141.3781,38.64588],[141.37547,38.64473],[141.37408,38.64541],[141.3712,38.64418],[141.37108,38.64331],[141.37116,38.64325],[141.37132,38.64306],[141.37138,38.64299],[141.37117,38.64274],[141.37108,38.64266],[141.3703,38.64159]]]},"properties":{"林班":"I012","市町村名称":"登米市","旧市町村":null}},
{"type":"Feature","geometry":{"type":"MultiPolygon","coordinates":[[[[141.3703,38.64159],[141.37108,38.64266],[141.37108,38.64331],[141.3712,38.64418],[141.37408,38.64541],[141.37547,38.64473],[141.3781,38.64588],[141.37933,38.64742],[141.37936,38.64746],[141.37949,38.64751],[141.38032,38.64772],[141.37904,38.64897],[141.3799,38.64985],[141.37929,38.65084],[141.37828,38.65072],[141.37683,38.65253],[141.37699,38.65318],[141.37588,38.6539],[141.37612,38.65646],[141.3753,38.65731],[141.37506,38.6572],[141.37494,38.65716],[141.37267,38.65881],[141.37118,38.65763],[141.36977,38.6576],[141.3704,38.65652],[141.36974,38.65576],[141.37072,38.6551],[141.37139,38.65352],[141.37235,38.65446],[141.37373,38.65521],[141.37475,38.65558],[141.37497,38.65513],[141.37386,38.65522],[141.37264,38.65461],[141.37212,38.65343],[141.37236,38.65303],[141.37163,38.6517],[141.37106,38.65131],[141.37154,38.65098],[141.37202,38.6512],[141.3724,38.65085],[141.37222,38.65057],[141.37261,38.65006],[141.37252,38.64867],[141.37147,38.64831],[141.37107,38.64675],[141.36746,38.64413],[141.36728,38.64325],[141.36948,38.64134],[141.3703,38.64159]]],[[[141.37117,38.64274],[141.37138,38.64299],[141.37132,38.64306],[141.37116,38.64325],[141.37117,38.64274]]]]},"properties":{"林班":"I011","市町村名称":"登米市","旧市町村":null}},
{"type":"Feature","geometry":{"type":"MultiPolygon","coordinates":[[[[141.3857,38.60753],[141.3874,38.60925],[141.38772,38.61039],[141.38928,38.61094],[141.39068,38.61261],[141.39133,38.61487],[141.39102,38.61534],[141.39061,38.61508],[141.39045,38.61504],[141.39023,38.61511],[141.38989,38.61588],[141.38919,38.61516],[141.38794,38.61434],[141.38749,38.61358],[141.38721,38.61316],[141.38703,38.61305],[141.3868,38.61215],[141.3865,38.61253],[141.38607,38.61218],[141.38579,38.61169],[141.38483,38.61166],[141.38424,38.61065],[141.38286,38.61001],[141.38238,38.60848],[141.38192,38.60822],[141.38187,38.60723],[141.38412,38.60589],[141.38565,38.60745],[141.3857,38.60753]]],[[[141.38186,38.60717],[141.3819,38.60825],[141.38235,38.60848],[141.38283,38.61003],[141.38272,38.61106],[141.38498,38.6136],[141.38606,38.61355],[141.38647,38.61325],[141.38724,38.61328],[141.38745,38.61359],[141.38736,38.61386],[141.38791,38.61436],[141.38914,38.61515],[141.38986,38.61589],[141.38994,38.6162],[141.39039,38.61655],[141.39021,38.61688],[141.39077,38.61763],[141.39055,38.61779],[141.39092,38.61808],[141.39092,38.6184],[141.39123,38.61864],[141.39123,38.61887],[141.39159,38.61884],[141.39191,38.61899],[141.3917,38.61969],[141.3921,38.62052],[141.39261,38.62287],[141.39217,38.62426],[141.39235,38.6249],[141.3915,38.62643],[141.39047,38.62641],[141.39069,38.62577],[141.38993,38.62428],[141.3887,38.62328],[141.38778,38.62099],[141.38615,38.61956],[141.38483,38.61912],[141.38471,38.618],[141.38356,38.61688],[141.38342,38.61614],[141.38227,38.61487],[141.38193,38.61329],[141.3808,38.61178],[141.38086,38.61025],[141.37983,38.60914],[141.37978,38.60783],[141.38186,38.60717]]],[[[141.39046,38.61507],[141.39058,38.61511],[141.39101,38.61556],[141.39158,38.61621],[141.39207,38.61747],[141.39079,38.61759],[141.39024,38.61689],[141.39041,38.61653],[141.38997,38.6162],[141.38998,38.6157],[141.39027,38.61513],[141.39046,38.61507]]],[[[141.39173,38.61777],[141.39236,38.61795],[141.39252,38.61951],[141.39173,38.61969],[141.39189,38.61935],[141.39194,38.61899],[141.39187,38.61872],[141.39126,38.61886],[141.39125,38.61863],[141.39095,38.61839],[141.39094,38.61807],[141.39081,38.61794],[141.39107,38.61773],[141.39173,38.61777]]]]},"properties":{"林班":"I018","市町村名称":"登米市","旧市町村":null}},
{"type":"Feature","geometry":{"type":"MultiPolygon","coordinates":[[[[141.4796,38.33756],[141.47983,38.33729],[141.48105,38.33771],[141.48318,38.33823],[141.48493,38.33819],[141.48565,38.33873],[141.48718,38.33886],[141.48597,38.33921],[141.48621,38.34136],[141.4868,38.343],[141.48683,38.34463],[141.48567,38.34459],[141.48366,38.34662],[141.48297,38.34799],[141.48199,38.34801],[141.48122,38.34557],[141.48098,38.34494],[141.47969,38.34289],[141.47975,38.34189],[141.47884,38.34109],[141.47902,38.33945],[141.47842,38.33897],[141.47983,38.33802],[141.4796,38.33756]]],[[[141.49015,38.34575],[141.4874,38.34674],[141.48666,38.34648],[141.48433,38.34802],[141.48373,38.34687],[141.48579,38.3449],[141.48736,38.34499],[141.48705,38.34378],[141.48729,38.3424],[141.4864,38.34169],[141.48677,38.34066],[141.48785,38.34208],[141.48799,38.34227],[141.48725,38.34364],[141.49015,38.34575]]]]},"properties":{"林班":"G029","市町村名称":"石巻市","旧市町村":null}},
{"type":"Feature","geometry":{"type":"Polygon","coordinates":[[[141.38412,38.60589],[141.3855,38.60535],[141.38805,38.60349],[141.39,38.60302],[141.39041,38.6026],[141.3924,38.60212],[141.39382,38.6031],[141.39589,38.60395],[141.39781,38.60409],[141.39788,38.60415],[141.3979,38.60417],[141.39813,38.60432],[141.39832,38.6046],[141.39845,38.60474],[141.39854,38.60482],[141.39869,38.60488],[141.39898,38.60498],[141.39951,38.60525],[141.39953,38.60527],[141.39975,38.60553],[141.39979,38.60558],[141.39987,38.60573],[141.40025,38.60623],[141.40026,38.60626],[141.40007,38.60637],[141.39924,38.60617],[141.39941,38.60678],[141.39693,38.608],[141.39416,38.60924],[141.39291,38.60882],[141.39057,38.60944],[141.39077,38.61037],[141.38942,38.61074],[141.38784,38.61038],[141.3874,38.60925],[141.3857,38.60753],[141.38565,38.60745],[141.38412,38.60589]]]},"properties":{"林班":"I017","市町村名称":"登米市","旧市町村":null}},
{"type":"Feature","geometry":{"type":"MultiPolygon","coordinates":[[[[141.4773,38.33493],[141.47814,38.33519],[141.48046,38.3341],[141.4814,38.334],[141.48423,38.33507],[141.48587,38.3355],[141.48844,38.33551],[141.4887,38.33609],[141.48834,38.33827],[141.48718,38.33886],[141.48565,38.33873],[141.48493,38.33819],[141.48318,38.33823],[141.48105,38.33771],[141.47983,38.33729],[141.4796,38.33756],[141.47679,38.33812],[141.4764,38.33762],[141.47852,38.33682],[141.47705,38.33567],[141.4773,38.33493]],[[141.48007,38.33666],[141.48197,38.33712],[141.4825,38.33594],[141.48007,38.33666]]],[[[141.48799,38.34227],[141.49135,38.34171],[141.49178,38.34039],[141.48785,38.34208],[141.48677,38.34066],[141.4875,38.33894],[141.48842,38.33862],[141.49079,38.33971],[141.49235,38.33986],[141.4922,38.34088],[141.49276,38.342],[141.49412,38.34293],[141.49185,38.34391],[141.49165,38.34482],[141.49015,38.34575],[141.48725,38.34364],[141.48799,38.34227]]],[[[141.49325,38.33563],[141.49415,38.33672],[141.49546,38.33685],[141.49686,38.33785],[141.49579,38.33878],[141.49467,38.34053],[141.49473,38.34162],[141.49326,38.34127],[141.49339,38.33905],[141.49246,38.33968],[141.49081,38.33955],[141.48859,38.33833],[141.48934,38.3362],[141.49325,38.33563]]]]},"properties":{"林班":"G028","市町村名称":"石巻市","旧市町村":null}},
{"type":"Feature","geometry":{"type":"Polygon","coordinates":[[[141.39701,38.61538],[141.39287,38.61701],[141.39253,38.61562],[141.39167,38.61496],[141.3907,38.61154],[141.39183,38.61082],[141.39156,38.60975],[141.39321,38.60893],[141.3941,38.60932],[141.39511,38.60912],[141.39693,38.608],[141.39941,38.60678],[141.40007,38.60637],[141.40026,38.60626],[141.40028,38.6063],[141.40034,38.60649],[141.40048,38.60672],[141.40094,38.60689],[141.40098,38.60692],[141.40094,38.60723],[141.40108,38.60862],[141.40108,38.60863],[141.40109,38.60986],[141.39926,38.61051],[141.39999,38.61315],[141.39849,38.6129],[141.39999,38.61315],[141.40011,38.61501],[141.39939,38.61508],[141.39925,38.61507],[141.39873,38.61504],[141.39812,38.61523],[141.39799,38.61537],[141.39701,38.61538]]]},"properties":{"林班":"I016","市町村名称":"登米市","旧市町村":null}},
{"type":"Feature","geometry":{"type":"MultiPolygon","coordinates":[[[[141.38057,38.63245],[141.38628,38.63159],[141.38841,38.63167],[141.38872,38.63255],[141.3915,38.63368],[141.39036,38.63541],[141.38907,38.63685],[141.38811,38.63627],[141.38786,38.63619],[141.38754,38.63604],[141.38737,38.63595],[141.38713,38.63586],[141.38447,38.63482],[141.38312,38.63426],[141.38057,38.63245]]],[[[141.39035,38.63284],[141.38905,38.63241],[141.38869,38.6318],[141.38783,38.63105],[141.38871,38.6292],[141.38967,38.62795],[141.39124,38.62734],[141.39239,38.62636],[141.39357,38.62715],[141.39448,38.6269],[141.39381,38.62579],[141.39552,38.62554],[141.39659,38.62645],[141.39496,38.62711],[141.39489,38.62699],[141.39496,38.62711],[141.39399,38.62909],[141.39384,38.631],[141.39225,38.63149],[141.39143,38.63222],[141.39035,38.63284]]],[[[141.39878,38.62167],[141.39749,38.62385],[141.39494,38.62155],[141.39317,38.6191],[141.39303,38.61702],[141.39702,38.6154],[141.39799,38.61537],[141.39812,38.61523],[141.39873,38.61504],[141.39925,38.61507],[141.39939,38.61508],[141.39984,38.61623],[141.39819,38.61636],[141.39782,38.61591],[141.39819,38.61636],[141.39984,38.61623],[141.40112,38.61871],[141.40029,38.61887],[141.39972,38.61905],[141.39829,38.61922],[141.39972,38.61905],[141.40029,38.61887],[141.40112,38.61871],[141.40062,38.61915],[141.40159,38.61961],[141.40317,38.62258],[141.40335,38.62447],[141.40119,38.6251],[141.39953,38.62513],[141.39866,38.62565],[141.39648,38.62576],[141.3959,38.62513],[141.39755,38.62387],[141.39878,38.62167]]],[[[141.393,38.61937],[141.39388,38.62065],[141.39281,38.6207],[141.393,38.61937]]],[[[141.39423,38.62421],[141.39431,38.62276],[141.39382,38.62168],[141.39408,38.62074],[141.3957,38.62249],[141.39674,38.62326],[141.39655,38.62445],[141.39517,38.6249],[141.39423,38.62421]]]]},"properties":{"林班":"I015","市町村名称":"登米市","旧市町村":null}},
{"type":"Feature","geometry":{"type":"Polygon","coordinates":[[[141.36103,38.6619],[141.36078,38.6606],[141.36219,38.66009],[141.3637,38.65994],[141.36567,38.65915],[141.36619,38.65817],[141.3681,38.65743],[141.36945,38.65624],[141.3695,38.65754],[141.36989,38.65802],[141.37124,38.65804],[141.37293,38.65932],[141.37395,38.66036],[141.37354,38.66131],[141.3747,38.6622],[141.37355,38.66315],[141.37158,38.66354],[141.3716,38.66567],[141.37025,38.66751],[141.3698,38.66956],[141.36801,38.6695],[141.36837,38.66804],[141.36796,38.66775],[141.36765,38.66738],[141.36779,38.66673],[141.36816,38.66602],[141.36811,38.66542],[141.36785,38.66458],[141.3679,38.66407],[141.36754,38.66326],[141.36733,38.66309],[141.36482,38.662],[141.36312,38.66299],[141.36194,38.66313],[141.36157,38.66345],[141.36103,38.6619]]]},"properties":{"林班":"I009","市町村名称":"登米市","旧市町村":null}},
{"type":"Feature","geometry":{"type":"Polygon","coordinates":[[[141.36554,38.65479],[141.37055,38.65424],[141.36842,38.65699],[141.36631,38.65793],[141.36563,38.65892],[141.36363,38.65975],[141.36079,38.66039],[141.3607,38.66103],[141.36103,38.6619],[141.36157,38.66345],[141.36076,38.66384],[141.36066,38.66422],[141.36064,38.66438],[141.36072,38.66458],[141.35967,38.66555],[141.3581,38.6651],[141.35566,38.66548],[141.35463,38.66478],[141.35382,38.66326],[141.35489,38.66208],[141.3566,38.66123],[141.35762,38.66109],[141.35856,38.6602],[141.36148,38.65947],[141.36257,38.65685],[141.3642,38.65593],[141.36444,38.6551],[141.36554,38.65479]]]},"properties":{"林班":"I008","市町村名称":"登米市","旧市町村":null}},
{"type":"Feature","geometry":{"type":"MultiPolygon","coordinates":[[[[141.51635,38.35821],[141.51728,38.35909],[141.51907,38.35939],[141.52044,38.36026],[141.52159,38.36232],[141.52,38.36295],[141.51823,38.36268],[141.51807,38.36354],[141.51902,38.36526],[141.51801,38.36592],[141.51629,38.36574],[141.51555,38.36482],[141.51426,38.36413],[141.51319,38.36428],[141.50975,38.36256],[141.51025,38.35639],[141.51048,38.35548],[141.51205,38.35611],[141.51382,38.35614],[141.51596,38.35737],[141.51617,38.35762],[141.51617,38.35791],[141.51635,38.35821]]],[[[141.53044,38.35957],[141.52947,38.35945],[141.52918,38.35836],[141.52973,38.35733],[141.53078,38.35781],[141.53044,38.35957]]]]},"properties":{"林班":"G052","市町村名称":"石巻市","旧市町村":null}},
{"type":"Feature","geometry":{"type":"MultiPolygon","coordinates":[[[[141.49064,38.36422],[141.49156,38.36297],[141.49158,38.36224],[141.49366,38.35994],[141.49395,38.35924],[141.49572,38.3585],[141.49765,38.3582],[141.49795,38.36],[141.49761,38.36037],[141.49796,38.36185],[141.49661,38.36334],[141.4965,38.36513],[141.49685,38.36651],[141.496,38.36692],[141.49525,38.3687],[141.49535,38.3698],[141.49478,38.37033],[141.49322,38.37008],[141.49171,38.36843],[141.49066,38.36634],[141.4918,38.36425],[141.49064,38.36422]]],[[[141.49725,38.36484],[141.49915,38.3639],[141.49897,38.36462],[141.49916,38.36495],[141.49995,38.36498],[141.49994,38.36559],[141.50059,38.3656],[141.50075,38.36626],[141.5012,38.36637],[141.50186,38.36563],[141.5027,38.36688],[141.50225,38.3681],[141.50245,38.36943],[141.5018,38.36981],[141.50058,38.36908],[141.49858,38.36832],[141.49643,38.36975],[141.49641,38.36769],[141.49764,38.36622],[141.49725,38.36484]]],[[[141.49983,38.3638],[141.50077,38.36375],[141.50194,38.36539],[141.50111,38.36632],[141.5006,38.36551],[141.50004,38.36501],[141.49984,38.36484],[141.49931,38.3649],[141.49908,38.3647],[141.4992,38.36389],[141.49983,38.3638]]]]},"properties":{"林班":"G051","市町村名称":"石巻市","旧市町村":null}},
{"type":"Feature","geometry":{"type":"MultiPolygon","coordinates":[[[[141.49064,38.36422],[141.48998,38.36271],[141.48824,38.36037],[141.48734,38.36043],[141.48737,38.35898],[141.48775,38.35904],[141.49002,38.35791],[141.49212,38.35814],[141.49395,38.35924],[141.49366,38.35994],[141.49158,38.36224],[141.49156,38.36297],[141.49064,38.36422]]],[[[141.48713,38.3599],[141.48652,38.36199],[141.4859,38.36278],[141.486,38.36405],[141.48491,38.36401],[141.48531,38.36272],[141.48643,38.36054],[141.48713,38.3599]]],[[[141.48773,38.36144],[141.48862,38.3612],[141.48903,38.36305],[141.48961,38.3634],[141.48936,38.36453],[141.48741,38.36392],[141.48684,38.36291],[141.487,38.36131],[141.48773,38.36144]]]]},"properties":{"林班":"G050","市町村名称":"石巻市","旧市町村":null}},
{"type":"Feature","geometry":{"type":"MultiPolygon","coordinates":[[[[141.517,38.32922],[141.51574,38.3286],[141.51498,38.32673],[141.51607,38.32441],[141.51831,38.32521],[141.52024,38.32563],[141.51899,38.32653],[141.52024,38.32723],[141.51975,38.32777],[141.51894,38.32771],[141.51802,38.32791],[141.51793,38.32794],[141.51791,38.32809],[141.51801,38.32825],[141.51795,38.32858],[141.51757,38.32874],[141.517,38.32922]]],[[[141.518,38.32857],[141.51804,38.32824],[141.51799,38.32795],[141.51869,38.3279],[141.51907,38.32772],[141.51967,38.32781],[141.52051,38.32762],[141.52044,38.32735],[141.52036,38.32556],[141.52214,38.32473],[141.52081,38.324],[141.52265,38.32268],[141.52511,38.3248],[141.52479,38.32566],[141.52533,38.32669],[141.52497,38.32761],[141.52267,38.32755],[141.52164,38.3282],[141.518,38.32857]]],[[[141.52262,38.32124],[141.52342,38.32176],[141.52385,38.32028],[141.52445,38.31938],[141.52541,38.32],[141.52481,38.32104],[141.52377,38.32129],[141.52346,38.32185],[141.52298,38.32214],[141.52262,38.32124]]],[[[141.52813,38.32066],[141.52706,38.32009],[141.52638,38.31909],[141.52995,38.31975],[141.52875,38.32106],[141.52813,38.32066]]]]},"properties":{"林班":"G056","市町村名称":"石巻市","旧市町村":null}},
{"type":"Feature","geometry":{"type":"Polygon","coordinates":[[[141.518,38.32857],[141.52164,38.3282],[141.52487,38.3297],[141.52606,38.32909],[141.52777,38.32947],[141.52893,38.32919],[141.53097,38.32953],[141.53016,38.331],[141.53059,38.33183],[141.52971,38.33268],[141.53107,38.33439],[141.52966,38.33454],[141.52952,38.33553],[141.5284,38.33572],[141.52517,38.33538],[141.52445,38.33646],[141.52358,38.33576],[141.52323,38.33321],[141.51827,38.33013],[141.517,38.32922],[141.51757,38.32874],[141.51786,38.32899],[141.518,38.32857]]]},"properties":{"林班":"G055","市町村名称":"石巻市","旧市町村":null}},
{"type":"Feature","geometry":{"type":"Polygon","coordinates":[[[141.36332,38.62796],[141.36195,38.62706],[141.35945,38.6269],[141.35732,38.62737],[141.355,38.6273],[141.35329,38.62773],[141.35199,38.62728],[141.35276,38.62597],[141.35222,38.62482],[141.354,38.62463],[141.35394,38.62365],[141.35561,38.62349],[141.35668,38.62289],[141.35809,38.62288],[141.36094,38.62354],[141.3625,38.62412],[141.36592,38.62623],[141.37032,38.62669],[141.37203,38.62629],[141.37283,38.62643],[141.37408,38.62591],[141.37497,38.62583],[141.37582,38.62712],[141.37148,38.62728],[141.37023,38.62786],[141.36881,38.62742],[141.36682,38.62757],[141.36494,38.62835],[141.36372,38.62799],[141.36332,38.62796]]]},"properties":{"林班":"I021","市町村名称":"登米市","旧市町村":null}},
{"type":"Feature","geometry":{"type":"Polygon","coordinates":[[[141.51166,38.35058],[141.51228,38.34938],[141.51253,38.34713],[141.51528,38.34693],[141.51659,38.34743],[141.51816,38.34676],[141.51981,38.34503],[141.52054,38.3459],[141.52108,38.34738],[141.52261,38.34785],[141.52473,38.34572],[141.52516,38.34693],[141.52414,38.34737],[141.5238,38.34954],[141.52258,38.35091],[141.52194,38.3515],[141.5184,38.35188],[141.5182,38.35202],[141.5163,38.35237],[141.51166,38.35058]]]},"properties":{"林班":"G054","市町村名称":"石巻市","旧市町村":null}},
{"type":"Feature","geometry":{"type":"MultiPolygon","coordinates":[[[[141.35629,38.62774],[141.35764,38.6277],[141.35692,38.62887],[141.35454,38.62958],[141.35297,38.62958],[141.35112,38.62911],[141.35134,38.62836],[141.35319,38.62834],[141.35629,38.62774]]],[[[141.37927,38.63217],[141.37461,38.6325],[141.3737,38.63278],[141.371,38.63235],[141.37065,38.63268],[141.36786,38.63251],[141.36718,38.63274],[141.36266,38.6328],[141.36001,38.63225],[141.35821,38.63117],[141.3571,38.631],[141.35523,38.62984],[141.35658,38.62958],[141.35784,38.62767],[141.35971,38.62727],[141.36196,38.6272],[141.36313,38.62796],[141.36494,38.62835],[141.36682,38.62757],[141.36881,38.62742],[141.37023,38.62786],[141.37148,38.62728],[141.37582,38.62712],[141.37654,38.62679],[141.37678,38.62793],[141.37775,38.62942],[141.37929,38.63093],[141.37927,38.63217]]]]},"properties":{"林班":"I020","市町村名称":"登米市","旧市町村":null}},
{"type":"Feature","geometry":{"type":"MultiPolygon","coordinates":[[[[141.51048,38.35548],[141.51164,38.35306],[141.51166,38.35058],[141.5163,38.35237],[141.5182,38.35202],[141.5184,38.35188],[141.52194,38.3515],[141.52258,38.35091],[141.52289,38.35234],[141.52403,38.353],[141.52293,38.35432],[141.52183,38.35326],[141.52141,38.35436],[141.5199,38.35386],[141.51974,38.35498],[141.51692,38.35606],[141.51708,38.35673],[141.51382,38.35614],[141.51225,38.35545],[141.51205,38.35611],[141.51048,38.35548]]],[[[141.51617,38.35762],[141.51596,38.35737],[141.51592,38.35732],[141.51518,38.35647],[141.51635,38.35713],[141.51726,38.35708],[141.51796,38.35627],[141.51905,38.35604],[141.52015,38.35672],[141.5188,38.35758],[141.51739,38.3574],[141.5192,38.35798],[141.51932,38.35897],[141.51739,38.35865],[141.51617,38.35762]]]]},"properties":{"林班":"G053","市町村名称":"石巻市","旧市町村":null}},
{"type":"Feature","geometry":{"type":"MultiPolygon","coordinates":[[[[141.36489,38.612],[141.3641,38.61162],[141.36418,38.6114],[141.36484,38.61175],[141.36489,38.612]]],[[[141.3649,38.61201],[141.3668,38.61202],[141.36851,38.61139],[141.37053,38.61134],[141.37231,38.60981],[141.373,38.60993],[141.37688,38.60938],[141.37983,38.60914],[141.38086,38.61025],[141.3808,38.61178],[141.38193,38.61329],[141.38227,38.61487],[141.38342,38.61614],[141.38356,38.61688],[141.38286,38.61747],[141.38018,38.61797],[141.37805,38.61869],[141.37567,38.61608],[141.37531,38.61521],[141.37373,38.6135],[141.37302,38.61325],[141.37121,38.61318],[141.37164,38.61283],[141.37132,38.6127],[141.37067,38.61296],[141.37056,38.61275],[141.36909,38.61257],[141.36734,38.61326],[141.36579,38.6132],[141.3649,38.61201]]],[[[141.35964,38.61365],[141.36171,38.61327],[141.36174,38.61231],[141.36266,38.61358],[141.36047,38.61435],[141.35836,38.61431],[141.35964,38.61365]]],[[[141.37451,38.61733],[141.37562,38.61611],[141.37802,38.61869],[141.37543,38.6188],[141.37447,38.61806],[141.37451,38.61733]]]]},"properties":{"林班":"I025","市町村名称":"登米市","旧市町村":null}},
{"type":"Feature","geometry":{"type":"MultiPolygon","coordinates":[[[[141.35607,38.61447],[141.35718,38.61432],[141.36064,38.61493],[141.36456,38.61497],[141.3656,38.61655],[141.3644,38.61801],[141.36329,38.61866],[141.36158,38.62015],[141.36014,38.62077],[141.35987,38.62184],[141.35891,38.62217],[141.35647,38.62213],[141.35547,38.62284],[141.35402,38.62302],[141.35343,38.62244],[141.35292,38.62089],[141.35467,38.62128],[141.35544,38.62074],[141.35471,38.61875],[141.35493,38.61804],[141.35448,38.61639],[141.35607,38.61447]]],[[[141.35836,38.61431],[141.35861,38.61358],[141.35964,38.61365],[141.35836,38.61431]]],[[[141.36947,38.61752],[141.36901,38.61664],[141.36897,38.61531],[141.36838,38.61511],[141.36754,38.61494],[141.36659,38.61442],[141.36618,38.61409],[141.36771,38.61366],[141.37098,38.61313],[141.37125,38.61322],[141.37215,38.61329],[141.37302,38.61328],[141.3737,38.61353],[141.37528,38.61522],[141.37562,38.61611],[141.37451,38.61733],[141.37315,38.61769],[141.37122,38.61736],[141.36947,38.61752]]],[[[141.36585,38.61647],[141.36515,38.61553],[141.36549,38.61493],[141.36672,38.61473],[141.36671,38.61503],[141.36727,38.61491],[141.36837,38.61514],[141.3689,38.61534],[141.36856,38.6156],[141.36884,38.61591],[141.36897,38.61665],[141.36942,38.61752],[141.36585,38.61647]]]]},"properties":{"林班":"I024","市町村名称":"登米市","旧市町村":null}},
{"type":"Feature","geometry":{"type":"Polygon","coordinates":[[[141.55184,38.29529],[141.55121,38.29472],[141.55217,38.29335],[141.55337,38.2943],[141.5546,38.29463],[141.55691,38.29463],[141.55782,38.29426],[141.55915,38.29459],[141.5576,38.29568],[141.55719,38.29652],[141.55763,38.29783],[141.55766,38.2998],[141.55505,38.30085],[141.5539,38.30183],[141.55236,38.30179],[141.55222,38.30013],[141.55273,38.29895],[141.55426,38.29896],[141.55632,38.29833],[141.55631,38.29754],[141.55511,38.29687],[141.55359,38.29661],[141.55286,38.2956],[141.55184,38.29529]]]},"properties":{"林班":"G057","市町村名称":"石巻市","旧市町村":null}},
{"type":"Feature","geometry":{"type":"Polygon","coordinates":[[[141.37399,38.62584],[141.37301,38.62634],[141.37076,38.62581],[141.36991,38.62629],[141.36865,38.62603],[141.36749,38.62635],[141.36481,38.62484],[141.36701,38.62275],[141.36576,38.622],[141.36538,38.62361],[141.36442,38.62408],[141.36285,38.6238],[141.36177,38.62311],[141.35984,38.6228],[141.35971,38.62212],[141.3605,38.621],[141.36309,38.61932],[141.36458,38.61796],[141.36585,38.61647],[141.36942,38.61752],[141.36947,38.61752],[141.37122,38.61736],[141.37315,38.61769],[141.37451,38.61733],[141.37447,38.61806],[141.37543,38.6188],[141.37539,38.61942],[141.37417,38.6203],[141.37385,38.62189],[141.37294,38.62314],[141.37367,38.62353],[141.37426,38.62496],[141.37399,38.62584]]]},"properties":{"林班":"I023","市町村名称":"登米市","旧市町村":null}},
{"type":"Feature","geometry":{"type":"Polygon","coordinates":[[[141.37399,38.62584],[141.37426,38.62496],[141.37367,38.62353],[141.37294,38.62314],[141.37385,38.62189],[141.37417,38.6203],[141.37539,38.61942],[141.37543,38.6188],[141.37802,38.61869],[141.37805,38.61869],[141.38018,38.61797],[141.38286,38.61747],[141.38356,38.61688],[141.38471,38.618],[141.38483,38.61912],[141.38444,38.61938],[141.38439,38.6195],[141.38344,38.62041],[141.38279,38.62161],[141.38319,38.62254],[141.38217,38.62409],[141.38047,38.62421],[141.37929,38.62504],[141.37807,38.6253],[141.37654,38.62679],[141.37582,38.62712],[141.37497,38.62583],[141.37408,38.62591],[141.37475,38.62574],[141.37613,38.62428],[141.37778,38.6221],[141.37849,38.62202],[141.37922,38.62032],[141.37806,38.62056],[141.37732,38.62129],[141.37775,38.62209],[141.37473,38.62572],[141.37399,38.62584]]]},"properties":{"林班":"I022","市町村名称":"登米市","旧市町村":null}},
{"type":"Feature","geometry":{"type":"Polygon","coordinates":[[[141.36215,38.59268],[141.36264,38.59176],[141.36254,38.59118],[141.36254,38.59117],[141.36259,38.59118],[141.3628,38.59117],[141.36296,38.59117],[141.36325,38.59117],[141.36362,38.59114],[141.36501,38.59065],[141.36515,38.5906],[141.36519,38.59059],[141.36542,38.59053],[141.36637,38.59037],[141.36638,38.59037],[141.36685,38.59062],[141.36708,38.59058],[141.36723,38.59057],[141.36754,38.59362],[141.36724,38.59598],[141.36675,38.59742],[141.36693,38.59899],[141.36647,38.60052],[141.36648,38.60221],[141.36568,38.60297],[141.36591,38.60358],[141.36401,38.60599],[141.36234,38.60528],[141.36259,38.60339],[141.36124,38.60241],[141.36131,38.60036],[141.36079,38.59984],[141.36087,38.59894],[141.36175,38.59784],[141.36159,38.59692],[141.36199,38.59523],[141.36068,38.59462],[141.36098,38.59397],[141.36111,38.59369],[141.36114,38.59337],[141.36215,38.59268]]]},"properties":{"林班":"I029","市町村名称":"登米市","旧市町村":null}},
{"type":"Feature","geometry":{"type":"MultiPolygon","coordinates":[[[[141.36974,38.59243],[141.36801,38.59396],[141.36768,38.59123],[141.36805,38.59071],[141.36852,38.59094],[141.36902,38.59136],[141.36908,38.59138],[141.36978,38.59176],[141.37017,38.59193],[141.37027,38.59196],[141.37124,38.59187],[141.37191,38.5909],[141.37362,38.58967],[141.37367,38.58966],[141.37606,38.59003],[141.37717,38.58954],[141.37748,38.59043],[141.37913,38.59163],[141.37934,38.59226],[141.3826,38.59411],[141.38371,38.59503],[141.38362,38.59621],[141.38617,38.59734],[141.38214,38.60027],[141.38255,38.59943],[141.38207,38.59849],[141.38098,38.59895],[141.38043,38.59869],[141.37978,38.59752],[141.37964,38.59643],[141.37834,38.59566],[141.37645,38.59641],[141.37481,38.59446],[141.37407,38.59476],[141.3741,38.59636],[141.37293,38.59789],[141.37271,38.59874],[141.37153,38.59928],[141.36968,38.59888],[141.36753,38.59961],[141.36707,38.5977],[141.36785,38.59456],[141.36856,38.59436],[141.36974,38.59243]]],[[[141.37899,38.59962],[141.37638,38.59938],[141.37602,38.59888],[141.37574,38.59887],[141.37555,38.59846],[141.37406,38.59818],[141.37446,38.59575],[141.37635,38.59653],[141.37815,38.59585],[141.37956,38.59822],[141.38069,38.599],[141.38135,38.59901],[141.38206,38.59866],[141.382,38.60036],[141.38098,38.60126],[141.3788,38.60196],[141.37929,38.60044],[141.37899,38.59962]]],[[[141.37899,38.59962],[141.37804,38.60005],[141.37564,38.59976],[141.37582,38.59927],[141.37638,38.59941],[141.3772,38.59946],[141.37787,38.59965],[141.37899,38.59962]]]]},"properties":{"林班":"I028","市町村名称":"登米市","旧市町村":null}},
{"type":"Feature","geometry":{"type":"MultiPolygon","coordinates":[[[[141.36886,38.59991],[141.36905,38.60139],[141.36754,38.60154],[141.36761,38.60007],[141.36886,38.59991]]],[[[141.37388,38.60075],[141.37532,38.59977],[141.37714,38.60004],[141.37839,38.60182],[141.37696,38.60149],[141.37429,38.60145],[141.37316,38.60166],[141.37209,38.60132],[141.3695,38.60154],[141.37037,38.6004],[141.37058,38.59942],[141.37293,38.59965],[141.37388,38.60075]]],[[[141.365,38.60688],[141.36649,38.60507],[141.36937,38.60388],[141.3685,38.60338],[141.36745,38.60434],[141.36687,38.60319],[141.36765,38.60197],[141.36983,38.60262],[141.37047,38.6015],[141.3721,38.60136],[141.37306,38.60169],[141.37405,38.60153],[141.3772,38.6017],[141.37846,38.60251],[141.37957,38.60228],[141.38098,38.60126],[141.382,38.60036],[141.38214,38.60027],[141.38617,38.59734],[141.39087,38.59931],[141.39199,38.60057],[141.3924,38.60212],[141.39041,38.6026],[141.39,38.60302],[141.38805,38.60349],[141.3855,38.60535],[141.38412,38.60589],[141.38187,38.60723],[141.38186,38.60717],[141.37978,38.60783],[141.37983,38.60914],[141.37688,38.60938],[141.37445,38.60773],[141.37149,38.60643],[141.3693,38.60653],[141.36739,38.60756],[141.365,38.60688]]]]},"properties":{"林班":"I027","市町村名称":"登米市","旧市町村":null}},
{"type":"Feature","geometry":{"type":"MultiPolygon","coordinates":[[[[141.3693,38.60653],[141.36724,38.60774],[141.36654,38.60847],[141.36514,38.60903],[141.36384,38.60881],[141.36506,38.60758],[141.365,38.60688],[141.36739,38.60756],[141.3693,38.60653]]],[[[141.3649,38.61201],[141.36477,38.61129],[141.36439,38.61069],[141.36398,38.61057],[141.36382,38.61015],[141.36336,38.60982],[141.36646,38.6089],[141.36726,38.60776],[141.36927,38.60731],[141.37149,38.60643],[141.37445,38.60773],[141.37688,38.60938],[141.373,38.60993],[141.37231,38.60981],[141.37053,38.61134],[141.36851,38.61139],[141.3668,38.61202],[141.3649,38.61201]]],[[[141.3641,38.61162],[141.36212,38.61125],[141.36332,38.61028],[141.36382,38.61045],[141.36389,38.61072],[141.36408,38.61063],[141.36435,38.61071],[141.36418,38.6114],[141.3641,38.61162]]],[[[141.36174,38.61231],[141.36171,38.61327],[141.35964,38.61365],[141.35861,38.61358],[141.35842,38.61322],[141.36063,38.61193],[141.36174,38.61231]]]]},"properties":{"林班":"I026","市町村名称":"登米市","旧市町村":null}},
{"type":"Feature","geometry":{"type":"Polygon","coordinates":[[[141.37654,38.62679],[141.37807,38.6253],[141.37929,38.62504],[141.38047,38.62421],[141.38217,38.62409],[141.38319,38.62254],[141.38279,38.62161],[141.38344,38.62041],[141.38439,38.6195],[141.38444,38.61938],[141.38483,38.61912],[141.38615,38.61956],[141.38778,38.62099],[141.3887,38.62328],[141.38993,38.62428],[141.39069,38.62577],[141.39047,38.62641],[141.39085,38.62718],[141.38947,38.62764],[141.38891,38.62841],[141.3876,38.62886],[141.38503,38.63065],[141.38067,38.63152],[141.37927,38.63217],[141.37929,38.63093],[141.37775,38.62942],[141.37678,38.62793],[141.37654,38.62679]]]},"properties":{"林班":"I019","市町村名称":"登米市","旧市町村":null}},
{"type":"Feature","geometry":{"type":"MultiPolygon","coordinates":[[[[141.48959,38.3815],[141.48978,38.38088],[141.49155,38.37998],[141.49373,38.38182],[141.49478,38.38222],[141.49485,38.38297],[141.49392,38.38341],[141.49217,38.38338],[141.49176,38.38414],[141.49071,38.38463],[141.48974,38.3842],[141.48904,38.38211],[141.48959,38.3815]]],[[[141.48828,38.38625],[141.48908,38.38606],[141.48997,38.3871],[141.49059,38.38591],[141.49183,38.38513],[141.49239,38.38381],[141.49425,38.38376],[141.49546,38.38289],[141.49677,38.38308],[141.49668,38.38464],[141.49545,38.38639],[141.4958,38.38795],[141.49688,38.38943],[141.49598,38.39077],[141.49476,38.39122],[141.49252,38.39277],[141.49066,38.39302],[141.49023,38.39156],[141.48956,38.39076],[141.49007,38.38881],[141.48899,38.38686],[141.48828,38.38625]]]]},"properties":{"林班":"G041","市町村名称":"石巻市","旧市町村":null}},
{"type":"Feature","geometry":{"type":"MultiPolygon","coordinates":[[[[141.4845,38.38302],[141.48575,38.38384],[141.48518,38.3844],[141.4828,38.38423],[141.48341,38.38514],[141.48641,38.38437],[141.4868,38.38506],[141.48656,38.38663],[141.48828,38.38625],[141.48899,38.38686],[141.49007,38.38881],[141.48956,38.39076],[141.49023,38.39156],[141.49066,38.39302],[141.4881,38.39349],[141.48721,38.39275],[141.48589,38.39252],[141.4845,38.39155],[141.4838,38.39193],[141.48196,38.39142],[141.47837,38.38893],[141.47772,38.38756],[141.47674,38.3868],[141.4762,38.38572],[141.47673,38.38481],[141.47818,38.38441],[141.479,38.38516],[141.48079,38.38429],[141.48381,38.38366],[141.48391,38.38353],[141.48404,38.38324],[141.48425,38.38325],[141.48417,38.38313],[141.4845,38.38302]]],[[[141.48687,38.3833],[141.48556,38.38315],[141.48546,38.38301],[141.48548,38.383],[141.48585,38.38297],[141.48596,38.38297],[141.48687,38.3833]]]]},"properties":{"林班":"G040","市町村名称":"石巻市","旧市町村":null}},
{"type":"Feature","geometry":{"type":"MultiPolygon","coordinates":[[[[141.53039,38.39689],[141.52927,38.39663],[141.52915,38.39764],[141.52847,38.39817],[141.52748,38.39683],[141.52662,38.39677],[141.52544,38.3975],[141.52482,38.39702],[141.52344,38.39698],[141.52347,38.39552],[141.52259,38.39444],[141.51975,38.39403],[141.5193,38.39446],[141.5176,38.39339],[141.51858,38.39251],[141.51741,38.3913],[141.51646,38.38821],[141.51572,38.38722],[141.51701,38.38707],[141.51931,38.38879],[141.52074,38.38881],[141.52165,38.38951],[141.52121,38.39188],[141.5239,38.39175],[141.52296,38.39076],[141.52382,38.39059],[141.52611,38.39225],[141.52421,38.39305],[141.52677,38.3927],[141.52729,38.3924],[141.52952,38.39293],[141.52922,38.39403],[141.5312,38.39523],[141.53135,38.39647],[141.53039,38.39689]]],[[[141.51161,38.39221],[141.51124,38.39306],[141.50963,38.3929],[141.51161,38.39221]]],[[[141.51337,38.39261],[141.51487,38.39147],[141.51561,38.3925],[141.51379,38.39287],[141.51337,38.39261]]]]},"properties":{"林班":"G045","市町村名称":"石巻市","旧市町村":null}},
{"type":"Feature","geometry":{"type":"MultiPolygon","coordinates":[[[[141.50566,38.39347],[141.5081,38.39333],[141.50906,38.39319],[141.50991,38.39331],[141.51199,38.39331],[141.51337,38.39261],[141.51379,38.39287],[141.51249,38.39408],[141.51283,38.39598],[141.51165,38.39695],[141.51195,38.39826],[141.51096,38.39934],[141.50831,38.39707],[141.50661,38.39721],[141.50659,38.39448],[141.50566,38.39347]]],[[[141.50356,38.39361],[141.50475,38.39365],[141.50397,38.39421],[141.50283,38.39387],[141.50326,38.39361],[141.50356,38.39361]]]]},"properties":{"林班":"G044","市町村名称":"石巻市","旧市町村":null}},
{"type":"Feature","geometry":{"type":"MultiPolygon","coordinates":[[[[141.34937,38.59466],[141.34972,38.59317],[141.35066,38.59229],[141.35159,38.59312],[141.3512,38.59203],[141.35165,38.59175],[141.35262,38.59101],[141.35314,38.59081],[141.35338,38.5907],[141.35396,38.5903],[141.3543,38.59004],[141.35452,38.58989],[141.35574,38.58805],[141.35575,38.58804],[141.35704,38.58892],[141.3581,38.58897],[141.35946,38.58942],[141.35953,38.58944],[141.35953,38.58946],[141.35968,38.58985],[141.35981,38.59049],[141.35956,38.59265],[141.35857,38.59329],[141.35765,38.59479],[141.3572,38.59494],[141.35675,38.59528],[141.35628,38.59536],[141.35526,38.59587],[141.35498,38.59639],[141.35551,38.59779],[141.35501,38.59967],[141.3557,38.59994],[141.35581,38.60032],[141.3555,38.60049],[141.35512,38.60091],[141.35503,38.60025],[141.35307,38.59916],[141.35133,38.59927],[141.35003,38.59969],[141.34767,38.59887],[141.34769,38.59763],[141.34944,38.59531],[141.34937,38.59466]]],[[[141.35553,38.59577],[141.35545,38.59595],[141.35534,38.59658],[141.35528,38.59593],[141.35562,38.59569],[141.35553,38.59577]]]]},"properties":{"林班":"I032","市町村名称":"登米市","旧市町村":null}},
{"type":"Feature","geometry":{"type":"Polygon","coordinates":[[[141.50196,38.38303],[141.5051,38.38436],[141.50673,38.38401],[141.50591,38.38613],[141.50725,38.38764],[141.50855,38.38743],[141.50939,38.38911],[141.50767,38.38981],[141.50905,38.39112],[141.51086,38.39075],[141.51161,38.39221],[141.50963,38.3929],[141.5081,38.39333],[141.50566,38.39347],[141.50475,38.39365],[141.50356,38.39361],[141.50326,38.39361],[141.50283,38.39387],[141.50014,38.39172],[141.49981,38.39099],[141.49777,38.38901],[141.49967,38.38633],[141.49948,38.3852],[141.5019,38.38457],[141.50196,38.38303]]]},"properties":{"林班":"G043","市町村名称":"石巻市","旧市町村":null}},
{"type":"Feature","geometry":{"type":"Polygon","coordinates":[[[141.35776,38.61298],[141.35657,38.61214],[141.3573,38.61024],[141.35604,38.60796],[141.35562,38.60585],[141.35605,38.60389],[141.35537,38.6023],[141.35531,38.60099],[141.35556,38.60074],[141.35577,38.60037],[141.35586,38.60034],[141.35589,38.60007],[141.35546,38.5985],[141.35577,38.59773],[141.35534,38.59658],[141.35545,38.59595],[141.35553,38.59577],[141.35562,38.59569],[141.35646,38.59534],[141.35675,38.59533],[141.35701,38.59518],[141.35732,38.59499],[141.35756,38.59503],[141.35857,38.59329],[141.35956,38.59265],[141.35981,38.59049],[141.35968,38.58985],[141.35953,38.58946],[141.35953,38.58944],[141.36048,38.58994],[141.3605,38.58994],[141.36063,38.58995],[141.36093,38.58988],[141.36122,38.59005],[141.36116,38.59023],[141.36254,38.59117],[141.36254,38.59118],[141.36264,38.59176],[141.36215,38.59268],[141.36114,38.59337],[141.36111,38.59369],[141.36098,38.59397],[141.36068,38.59462],[141.36199,38.59523],[141.36159,38.59692],[141.36175,38.59784],[141.36087,38.59894],[141.36079,38.59984],[141.35879,38.60135],[141.35895,38.60262],[141.35806,38.60367],[141.35961,38.60538],[141.35816,38.60667],[141.35965,38.60799],[141.35867,38.60962],[141.35842,38.61088],[141.35789,38.61153],[141.35776,38.61298]]]},"properties":{"林班":"I031","市町村名称":"登米市","旧市町村":null}},
{"type":"Feature","geometry":{"type":"Polygon","coordinates":[[[141.49676,38.38303],[141.49673,38.38155],[141.49726,38.38225],[141.49864,38.38287],[141.50196,38.38303],[141.5019,38.38457],[141.49948,38.3852],[141.49937,38.38543],[141.49967,38.38633],[141.49777,38.38901],[141.49688,38.38943],[141.4958,38.38795],[141.49545,38.38639],[141.49668,38.38464],[141.49677,38.38308],[141.49676,38.38303]]]},"properties":{"林班":"G042","市町村名称":"石巻市","旧市町村":null}},
{"type":"Feature","geometry":{"type":"Polygon","coordinates":[[[141.35842,38.61088],[141.35867,38.60962],[141.35965,38.60799],[141.35816,38.60667],[141.35961,38.60538],[141.35806,38.60367],[141.35895,38.60262],[141.35879,38.60135],[141.36079,38.59984],[141.36131,38.60036],[141.36124,38.60241],[141.36259,38.60339],[141.36234,38.60528],[141.36401,38.60599],[141.36218,38.60859],[141.3612,38.60894],[141.3592,38.61097],[141.35832,38.61267],[141.35776,38.61298],[141.35789,38.61153],[141.35842,38.61088]]]},"properties":{"林班":"I030","市町村名称":"登米市","旧市町村":null}},
{"type":"Feature","geometry":{"type":"Polygon","coordinates":[[[141.48737,38.35898],[141.48672,38.35787],[141.48496,38.3564],[141.48482,38.35519],[141.48672,38.35458],[141.48725,38.3538],[141.48941,38.35492],[141.49108,38.35346],[141.49231,38.35279],[141.4937,38.35392],[141.49549,38.35445],[141.49695,38.35615],[141.49674,38.35689],[141.49765,38.3582],[141.49572,38.3585],[141.49395,38.35924],[141.49212,38.35814],[141.49002,38.35791],[141.48775,38.35904],[141.48737,38.35898]]]},"properties":{"林班":"G049","市町村名称":"石巻市","旧市町村":null}},
{"type":"Feature","geometry":{"type":"MultiPolygon","coordinates":[[[[141.48017,38.36298],[141.47975,38.36186],[141.4762,38.35799],[141.47763,38.35777],[141.48104,38.35789],[141.48166,38.35711],[141.48087,38.35551],[141.4818,38.35485],[141.48391,38.35434],[141.48435,38.35419],[141.48491,38.35722],[141.4845,38.358],[141.4835,38.35905],[141.48396,38.36089],[141.48329,38.36264],[141.4832,38.3645],[141.48502,38.36692],[141.4837,38.36828],[141.48436,38.3703],[141.48372,38.37122],[141.48095,38.36764],[141.48078,38.36659],[141.48086,38.36644],[141.48115,38.36564],[141.48034,38.36437],[141.48017,38.36298]]],[[[141.48442,38.36886],[141.4852,38.36767],[141.48593,38.36898],[141.48473,38.37038],[141.48442,38.36886]]]]},"properties":{"林班":"G048","市町村名称":"石巻市","旧市町村":null}},
{"type":"Feature","geometry":{"type":"Polygon","coordinates":[[[141.33634,38.62326],[141.33327,38.62187],[141.33347,38.61974],[141.33422,38.61852],[141.33533,38.61824],[141.33673,38.61624],[141.33747,38.61571],[141.33923,38.61684],[141.33991,38.61639],[141.33961,38.61524],[141.33873,38.61476],[141.34164,38.61291],[141.34316,38.6127],[141.34366,38.61212],[141.34487,38.61355],[141.34628,38.61396],[141.34665,38.61522],[141.34585,38.61569],[141.34618,38.61654],[141.34481,38.61833],[141.3419,38.61892],[141.33977,38.61871],[141.33924,38.61946],[141.3378,38.62007],[141.33657,38.6215],[141.33634,38.62326]]]},"properties":{"林班":"I036","市町村名称":"登米市","旧市町村":null}},
{"type":"Feature","geometry":{"type":"Polygon","coordinates":[[[141.53079,38.39129],[141.53279,38.38904],[141.53271,38.38808],[141.53346,38.3869],[141.53457,38.38687],[141.53747,38.38824],[141.53865,38.38909],[141.5398,38.38837],[141.54027,38.38973],[141.53922,38.38994],[141.53825,38.39005],[141.53772,38.39137],[141.53784,38.39236],[141.53736,38.39424],[141.53415,38.39502],[141.53257,38.39501],[141.53212,38.39451],[141.53134,38.39345],[141.53051,38.39257],[141.53079,38.39129]]]},"properties":{"林班":"G047","市町村名称":"石巻市","旧市町村":null}},
{"type":"Feature","geometry":{"type":"Polygon","coordinates":[[[141.33634,38.62326],[141.33657,38.6215],[141.3378,38.62007],[141.33924,38.61946],[141.33977,38.61871],[141.3419,38.61892],[141.34481,38.61833],[141.34761,38.62139],[141.34804,38.62257],[141.34804,38.62501],[141.34959,38.62493],[141.35018,38.62577],[141.3497,38.62664],[141.34724,38.626],[141.34345,38.62547],[141.34082,38.62439],[141.33802,38.62391],[141.33634,38.62326]]]},"properties":{"林班":"I035","市町村名称":"登米市","旧市町村":null}},
{"type":"Feature","geometry":{"type":"MultiPolygon","coordinates":[[[[141.52918,38.3864],[141.52908,38.38589],[141.52745,38.38533],[141.52772,38.38427],[141.52912,38.3831],[141.53017,38.38174],[141.53178,38.38378],[141.53337,38.3841],[141.53284,38.38482],[141.53287,38.38597],[141.53346,38.3869],[141.53271,38.38808],[141.53279,38.38904],[141.53079,38.39129],[141.52881,38.39219],[141.52861,38.39196],[141.52782,38.39149],[141.52733,38.39148],[141.52707,38.39046],[141.52744,38.38912],[141.5265,38.38784],[141.52784,38.38614],[141.52918,38.3864]]],[[[141.53134,38.39345],[141.52952,38.39293],[141.53051,38.39257],[141.53134,38.39345]]],[[[141.5312,38.39523],[141.5326,38.39531],[141.53268,38.39599],[141.53135,38.39647],[141.5312,38.39523]]],[[[141.53257,38.39501],[141.53258,38.39509],[141.53212,38.39451],[141.53257,38.39501]]]]},"properties":{"林班":"G046","市町村名称":"石巻市","旧市町村":null}},
{"type":"Feature","geometry":{"type":"Polygon","coordinates":[[[141.34628,38.61396],[141.34773,38.61219],[141.34752,38.61025],[141.34878,38.61046],[141.35005,38.61021],[141.35253,38.61166],[141.35294,38.61264],[141.35519,38.6133],[141.35449,38.61585],[141.3537,38.61696],[141.35428,38.61797],[141.35329,38.61961],[141.35153,38.62069],[141.35203,38.62296],[141.35011,38.62381],[141.34959,38.62493],[141.34804,38.62501],[141.34804,38.62257],[141.34761,38.62139],[141.34481,38.61833],[141.34618,38.61654],[141.34585,38.61569],[141.34665,38.61522],[141.34628,38.61396]]]},"properties":{"林班":"I034","市町村名称":"登米市","旧市町村":null}},
{"type":"Feature","geometry":{"type":"Polygon","coordinates":[[[141.34769,38.59763],[141.34767,38.59887],[141.35003,38.59969],[141.35133,38.59927],[141.35307,38.59916],[141.35503,38.60025],[141.35512,38.60091],[141.35479,38.60249],[141.35559,38.6039],[141.35494,38.6061],[141.3554,38.60917],[141.3561,38.61097],[141.35563,38.61329],[141.35519,38.6133],[141.35294,38.61264],[141.35253,38.61166],[141.35005,38.61021],[141.34878,38.61046],[141.34752,38.61025],[141.34711,38.60827],[141.34735,38.6078],[141.34604,38.60671],[141.34554,38.60516],[141.34608,38.60444],[141.34515,38.60335],[141.34594,38.60231],[141.34478,38.60131],[141.34516,38.60019],[141.34556,38.59942],[141.34731,38.59886],[141.34769,38.59763]]]},"properties":{"林班":"I033","市町村名称":"登米市","旧市町村":null}},
{"type":"Feature","geometry":{"type":"MultiPolygon","coordinates":[[[[141.32396,38.61666],[141.32509,38.6155],[141.32674,38.61552],[141.32808,38.61488],[141.32997,38.61472],[141.33056,38.61507],[141.33146,38.61666],[141.33135,38.61777],[141.33052,38.61925],[141.32881,38.6208],[141.32676,38.61971],[141.32396,38.61666]]],[[[141.33058,38.61463],[141.33246,38.61398],[141.33425,38.61416],[141.3337,38.61626],[141.33147,38.61661],[141.33058,38.61463]]],[[[141.33178,38.6201],[141.33065,38.61991],[141.33119,38.61886],[141.33284,38.61761],[141.33309,38.61655],[141.33315,38.61761],[141.33178,38.61962],[141.33178,38.6201]]]]},"properties":{"林班":"I039","市町村名称":"登米市","旧市町村":null}},
{"type":"Feature","geometry":{"type":"MultiPolygon","coordinates":[[[[141.33516,38.61202],[141.33576,38.61085],[141.33719,38.6102],[141.33827,38.61038],[141.3401,38.60914],[141.34159,38.61014],[141.34222,38.61094],[141.34328,38.61069],[141.34317,38.61246],[141.34061,38.61307],[141.33993,38.61384],[141.33745,38.61548],[141.3364,38.61622],[141.33597,38.61717],[141.33489,38.61788],[141.33391,38.61778],[141.3337,38.61649],[141.33369,38.61633],[141.3337,38.61626],[141.33425,38.61416],[141.33485,38.61333],[141.33499,38.61299],[141.33499,38.61263],[141.33499,38.61256],[141.33508,38.61237],[141.33517,38.6121],[141.33516,38.61202]]],[[[141.33178,38.6201],[141.33178,38.61962],[141.33315,38.61761],[141.33309,38.61655],[141.33375,38.61747],[141.33232,38.62016],[141.33178,38.6201]]]]},"properties":{"林班":"I038","市町村名称":"登米市","旧市町村":null}},
{"type":"Feature","geometry":{"type":"Polygon","coordinates":[[[141.34306,38.60014],[141.34359,38.59975],[141.34516,38.60019],[141.34478,38.60131],[141.34594,38.60231],[141.34515,38.60335],[141.34608,38.60444],[141.34554,38.60516],[141.34604,38.60671],[141.34735,38.6078],[141.34711,38.60827],[141.34752,38.61025],[141.34773,38.61219],[141.34628,38.61396],[141.34487,38.61355],[141.34366,38.61212],[141.34328,38.61069],[141.34222,38.61094],[141.34159,38.61014],[141.3401,38.60914],[141.34048,38.60854],[141.34025,38.60636],[141.34067,38.60457],[141.34045,38.60327],[141.34176,38.60197],[141.34306,38.60014]]]},"properties":{"林班":"I037","市町村名称":"登米市","旧市町村":null}},
{"type":"Feature","geometry":{"type":"Polygon","coordinates":[[[141.33344,38.59746],[141.33353,38.59625],[141.33705,38.59629],[141.33765,38.59666],[141.34052,38.59596],[141.34286,38.59573],[141.34396,38.59537],[141.34409,38.59532],[141.34597,38.59442],[141.34735,38.59398],[141.34833,38.59486],[141.34937,38.59466],[141.34944,38.59531],[141.34769,38.59763],[141.34731,38.59886],[141.34556,38.59942],[141.34516,38.60019],[141.34359,38.59975],[141.34306,38.60014],[141.34158,38.59981],[141.33974,38.60105],[141.3375,38.60116],[141.33614,38.60058],[141.33434,38.60087],[141.33222,38.60089],[141.33116,38.60226],[141.32991,38.60172],[141.33152,38.60027],[141.33243,38.59804],[141.33344,38.59746]]]},"properties":{"林班":"I043","市町村名称":"登米市","旧市町村":null}},
{"type":"Feature","geometry":{"type":"Polygon","coordinates":[[[141.32991,38.60172],[141.33116,38.60226],[141.33222,38.60089],[141.33434,38.60087],[141.33614,38.60058],[141.3375,38.60116],[141.33974,38.60105],[141.34158,38.59981],[141.34306,38.60014],[141.34176,38.60197],[141.34045,38.60327],[141.33923,38.60247],[141.3376,38.60252],[141.33682,38.60404],[141.33347,38.60636],[141.33286,38.60689],[141.33249,38.60737],[141.32841,38.6081],[141.32783,38.60629],[141.32966,38.60441],[141.32991,38.60172]]]},"properties":{"林班":"I042","市町村名称":"登米市","旧市町村":null}},
{"type":"Feature","geometry":{"type":"MultiPolygon","coordinates":[[[[141.3318,38.61004],[141.33024,38.60981],[141.3281,38.60998],[141.32634,38.61031],[141.32659,38.60921],[141.32858,38.60902],[141.33058,38.60781],[141.33256,38.60798],[141.33248,38.60802],[141.33256,38.60798],[141.33242,38.6075],[141.33271,38.60733],[141.33308,38.60676],[141.33459,38.60615],[141.33506,38.60544],[141.33691,38.6043],[141.33751,38.60273],[141.33923,38.60247],[141.34045,38.60327],[141.34067,38.60457],[141.34025,38.60636],[141.34048,38.60854],[141.3401,38.60914],[141.33827,38.61038],[141.33719,38.6102],[141.33645,38.6091],[141.33616,38.60928],[141.33518,38.60907],[141.33514,38.60906],[141.33421,38.60879],[141.33404,38.60862],[141.33421,38.60879],[141.33377,38.60899],[141.3331,38.60901],[141.33301,38.60902],[141.33287,38.60908],[141.33337,38.6093],[141.3318,38.61004]]],[[[141.3318,38.61004],[141.33082,38.61083],[141.32889,38.61137],[141.32654,38.61075],[141.3281,38.61002],[141.33023,38.60983],[141.3318,38.61004]]]]},"properties":{"林班":"I041","市町村名称":"登米市","旧市町村":null}},
{"type":"Feature","geometry":{"type":"MultiPolygon","coordinates":[[[[141.32396,38.61666],[141.32072,38.61615],[141.32077,38.61519],[141.32268,38.61565],[141.32386,38.61451],[141.32359,38.61282],[141.32306,38.61181],[141.3245,38.61115],[141.32725,38.61165],[141.3277,38.61136],[141.32937,38.61233],[141.32997,38.61472],[141.32808,38.61488],[141.32674,38.61552],[141.32509,38.6155],[141.32396,38.61666]]],[[[141.33058,38.61463],[141.33291,38.61311],[141.33149,38.61158],[141.3318,38.61011],[141.33337,38.6093],[141.33287,38.60908],[141.33301,38.60902],[141.3331,38.60901],[141.33377,38.60899],[141.33514,38.60906],[141.33518,38.60907],[141.33616,38.60928],[141.33645,38.6091],[141.33719,38.6102],[141.33576,38.61085],[141.33516,38.61202],[141.33517,38.6121],[141.33508,38.61237],[141.33499,38.61256],[141.33499,38.61263],[141.33499,38.61299],[141.33485,38.61333],[141.33425,38.61416],[141.33246,38.61398],[141.33058,38.61463]]],[[[141.33034,38.61465],[141.32948,38.61222],[141.33124,38.61201],[141.3325,38.61301],[141.33105,38.61378],[141.33051,38.61464],[141.33034,38.61465]]]]},"properties":{"林班":"I040","市町村名称":"登米市","旧市町村":null}},
{"type":"Feature","geometry":{"type":"Polygon","coordinates":[[[141.33648,38.58288],[141.33609,38.58389],[141.33609,38.58495],[141.3363,38.58573],[141.33618,38.58602],[141.33652,38.58655],[141.33515,38.58771],[141.33406,38.58779],[141.33253,38.58861],[141.33141,38.58961],[141.32948,38.59033],[141.32832,38.59116],[141.32816,38.59162],[141.32415,38.59164],[141.32263,38.59165],[141.32282,38.58996],[141.32248,38.58905],[141.32325,38.58815],[141.3252,38.58829],[141.32588,38.58836],[141.32811,38.58733],[141.32914,38.58777],[141.3318,38.58649],[141.33317,38.5861],[141.33388,38.58413],[141.33397,38.58221],[141.33624,38.58133],[141.33729,38.58154],[141.33648,38.58288]]]},"properties":{"林班":"I047","市町村名称":"登米市","旧市町村":null}},
{"type":"Feature","geometry":{"type":"MultiPolygon","coordinates":[[[[141.33729,38.58154],[141.33843,38.58121],[141.33862,38.58106],[141.33886,38.58084],[141.33914,38.58067],[141.33926,38.58068],[141.3406,38.58036],[141.3407,38.58025],[141.34084,38.58005],[141.34105,38.57969],[141.34127,38.57951],[141.34215,38.57895],[141.34371,38.57958],[141.34443,38.58054],[141.34669,38.58091],[141.34699,38.58119],[141.34706,38.58177],[141.34767,38.58198],[141.34787,38.58233],[141.34795,38.58295],[141.34814,38.5832],[141.34801,38.58334],[141.34822,38.58329],[141.34886,38.58478],[141.34898,38.58489],[141.34884,38.58561],[141.34796,38.58615],[141.34621,38.58621],[141.34577,38.58611],[141.34454,38.58633],[141.34288,38.58617],[141.34099,38.5872],[141.33998,38.58654],[141.34078,38.58499],[141.34096,38.58386],[141.34084,38.58212],[141.34115,38.58142],[141.34067,38.58168],[141.33998,38.58167],[141.34019,38.5821],[141.33969,38.58223],[141.33987,38.58276],[141.33925,38.58325],[141.33979,38.58363],[141.33984,38.58395],[141.33959,38.5846],[141.33924,38.58474],[141.3387,38.58435],[141.33823,38.58489],[141.33837,38.5858],[141.33832,38.58623],[141.33784,38.58634],[141.33647,38.58728],[141.33661,38.58653],[141.33637,38.58603],[141.33617,38.58449],[141.33648,38.58288],[141.33729,38.58154]]],[[[141.33787,38.58639],[141.33823,38.58638],[141.33837,38.58624],[141.3384,38.58608],[141.33828,38.58489],[141.33943,38.58484],[141.33963,38.58461],[141.33988,38.58396],[141.33981,38.5836],[141.3394,38.58321],[141.33993,38.5828],[141.33976,38.58225],[141.34023,38.58214],[141.34022,38.5817],[141.34095,38.58173],[141.34075,38.58211],[141.34064,38.58277],[141.34087,38.58388],[141.33982,38.58699],[141.3387,38.58843],[141.33723,38.58923],[141.33649,38.58806],[141.33676,38.58737],[141.33787,38.58639]]],[[[141.3476,38.5819],[141.34709,38.58173],[141.34706,38.58126],[141.34705,38.58123],[141.34708,38.58122],[141.3473,38.58157],[141.3476,38.5819]]]]},"properties":{"林班":"I046","市町村名称":"登米市","旧市町村":null}},
{"type":"Feature","geometry":{"type":"MultiPolygon","coordinates":[[[[141.34111,38.58723],[141.34283,38.58628],[141.34418,38.58642],[141.34574,38.58617],[141.34621,38.58625],[141.34753,38.58626],[141.34798,38.58618],[141.34887,38.58564],[141.34898,38.58489],[141.34886,38.58478],[141.34888,38.58437],[141.35192,38.58493],[141.35208,38.58521],[141.3534,38.58609],[141.3532,38.58668],[141.35391,38.5868],[141.35471,38.58757],[141.35424,38.58764],[141.35392,38.58739],[141.35351,38.58741],[141.3527,38.58716],[141.35209,38.58843],[141.35052,38.58973],[141.34874,38.5904],[141.34769,38.59174],[141.34607,38.59277],[141.3428,38.59096],[141.34278,38.5903],[141.34441,38.58886],[141.34238,38.588],[141.34231,38.58797],[141.34111,38.58723]]],[[[141.34833,38.59486],[141.34735,38.5938],[141.3466,38.59332],[141.34809,38.59238],[141.34934,38.59047],[141.35205,38.58896],[141.3526,38.58781],[141.35301,38.58754],[141.35374,38.58741],[141.3542,38.58768],[141.35461,38.5878],[141.35476,38.58755],[141.35407,38.5868],[141.35328,38.58653],[141.3535,38.5859],[141.3544,38.58644],[141.35575,38.58804],[141.35574,38.58805],[141.35452,38.58989],[141.3543,38.59004],[141.35396,38.5903],[141.35338,38.5907],[141.35314,38.59081],[141.35262,38.59101],[141.35165,38.59175],[141.3512,38.59203],[141.35066,38.59229],[141.34972,38.59317],[141.34937,38.59466],[141.34833,38.59486]]]]},"properties":{"林班":"I045","市町村名称":"登米市","旧市町村":null}},
{"type":"Feature","geometry":{"type":"MultiPolygon","coordinates":[[[[141.34396,38.59537],[141.34174,38.59571],[141.3405,38.59557],[141.33789,38.5964],[141.33658,38.59612],[141.33425,38.59603],[141.33518,38.59476],[141.33574,38.5927],[141.33696,38.59112],[141.33863,38.59155],[141.33917,38.59047],[141.34008,38.59071],[141.34089,38.59066],[141.34184,38.59002],[141.34215,38.58971],[141.34137,38.58871],[141.34238,38.588],[141.34441,38.58886],[141.34278,38.5903],[141.3428,38.59096],[141.34607,38.59277],[141.34409,38.59532],[141.34396,38.59537]]],[[[141.34231,38.58797],[141.34133,38.5887],[141.3421,38.5897],[141.34132,38.59035],[141.34082,38.59058],[141.34008,38.59066],[141.33918,38.59043],[141.33846,38.59088],[141.33776,38.59021],[141.3387,38.58966],[141.33942,38.58867],[141.33959,38.5873],[141.34111,38.58723],[141.34231,38.58797]]]]},"properties":{"林班":"I044","市町村名称":"登米市","旧市町村":null}},
{"type":"Feature","geometry":{"type":"Polygon","coordinates":[[[141.32476,38.59666],[141.32415,38.59164],[141.32816,38.59162],[141.32811,38.5928],[141.32746,38.59396],[141.32744,38.59457],[141.32792,38.59653],[141.32842,38.59734],[141.32959,38.5981],[141.32854,38.59864],[141.32914,38.59978],[141.33051,38.60009],[141.32939,38.60124],[141.32848,38.60412],[141.32692,38.60497],[141.32648,38.60306],[141.32536,38.60208],[141.32549,38.59912],[141.32477,38.59757],[141.32476,38.59666]]]},"properties":{"林班":"I049","市町村名称":"登米市","旧市町村":null}},
{"type":"Feature","geometry":{"type":"Polygon","coordinates":[[[141.32862,38.59105],[141.32994,38.5902],[141.33156,38.58963],[141.33403,38.58789],[141.33602,38.58826],[141.33725,38.58926],[141.33847,38.58961],[141.33641,38.59114],[141.33539,38.59258],[141.33499,38.59484],[141.33412,38.59598],[141.33303,38.5964],[141.33296,38.59737],[141.33199,38.59759],[141.33102,38.59906],[141.32975,38.59763],[141.32872,38.59724],[141.32774,38.59549],[141.32757,38.5943],[141.32826,38.59251],[141.32862,38.59105]]]},"properties":{"林班":"I048","市町村名称":"登米市","旧市町村":null}},
{"type":"Feature","geometry":{"type":"Polygon","coordinates":[[[141.31733,38.59768],[141.31787,38.59704],[141.31877,38.59684],[141.32094,38.59373],[141.32407,38.59578],[141.32456,38.59657],[141.32482,38.59842],[141.32535,38.59946],[141.32534,38.59987],[141.32507,38.60133],[141.32528,38.60245],[141.326,38.60302],[141.32632,38.60442],[141.3228,38.60271],[141.32132,38.60286],[141.31998,38.60243],[141.31768,38.60354],[141.31741,38.60192],[141.31838,38.60052],[141.3195,38.60005],[141.31934,38.59878],[141.31733,38.59768]]]},"properties":{"林班":"I050","市町村名称":"登米市","旧市町村":null}},
{"type":"Feature","geometry":{"type":"MultiPolygon","coordinates":[[[[141.30573,38.60178],[141.30529,38.60225],[141.30473,38.60213],[141.30469,38.60203],[141.30438,38.60215],[141.30337,38.60226],[141.30364,38.60161],[141.30462,38.60137],[141.30573,38.60178]]],[[[141.30698,38.60403],[141.30408,38.60453],[141.3032,38.60413],[141.30291,38.60294],[141.30377,38.60248],[141.30468,38.60205],[141.30474,38.60216],[141.3053,38.60228],[141.30584,38.60169],[141.30619,38.60096],[141.30722,38.6009],[141.30753,38.60218],[141.30994,38.60068],[141.3093,38.60218],[141.3094,38.60319],[141.30698,38.60403]]]]},"properties":{"林班":"I054","市町村名称":"登米市","旧市町村":null}},
{"type":"Feature","geometry":{"type":"MultiPolygon","coordinates":[[[[141.3068,38.60542],[141.30499,38.6054],[141.307,38.60416],[141.3068,38.60542]]],[[[141.30545,38.60579],[141.30667,38.60582],[141.30594,38.60791],[141.30483,38.60766],[141.30442,38.60604],[141.30545,38.60579]]],[[[141.30725,38.60627],[141.30726,38.6058],[141.30964,38.60521],[141.31111,38.60514],[141.31117,38.60508],[141.3129,38.60508],[141.31676,38.60446],[141.31538,38.60581],[141.31578,38.60637],[141.31501,38.60786],[141.3139,38.60858],[141.31238,38.60883],[141.31177,38.60961],[141.31098,38.60995],[141.30876,38.6095],[141.30877,38.60873],[141.30725,38.60874],[141.30725,38.60627]]]]},"properties":{"林班":"I053","市町村名称":"登米市","旧市町村":null}},
{"type":"Feature","geometry":{"type":"Polygon","coordinates":[[[141.31177,38.60961],[141.31238,38.60883],[141.3139,38.60858],[141.31501,38.60786],[141.31578,38.60637],[141.31538,38.60581],[141.31765,38.60609],[141.31873,38.60795],[141.31922,38.60852],[141.32086,38.60976],[141.32104,38.61033],[141.32011,38.61272],[141.31869,38.61466],[141.31601,38.61231],[141.31363,38.61223],[141.31242,38.61153],[141.31123,38.61002],[141.31177,38.60961]]]},"properties":{"林班":"I052","市町村名称":"登米市","旧市町村":null}},
{"type":"Feature","geometry":{"type":"Polygon","coordinates":[[[141.31998,38.60243],[141.32132,38.60288],[141.32281,38.60273],[141.32633,38.60482],[141.32635,38.60571],[141.32515,38.60667],[141.3252,38.60852],[141.32461,38.61011],[141.32186,38.61056],[141.32082,38.60926],[141.31924,38.60849],[141.31765,38.60609],[141.31538,38.60581],[141.31676,38.60446],[141.31768,38.60354],[141.31998,38.60243]]]},"properties":{"林班":"I051","市町村名称":"登米市","旧市町村":null}},
{"type":"Feature","geometry":{"type":"Polygon","coordinates":[[[141.31725,38.58902],[141.3153,38.58882],[141.31483,38.58808],[141.31562,38.5867],[141.31702,38.58631],[141.31812,38.58525],[141.31991,38.58487],[141.32074,38.58405],[141.32235,38.58438],[141.32495,38.5844],[141.32605,38.58566],[141.32484,38.58767],[141.3252,38.58829],[141.32325,38.58815],[141.32248,38.58905],[141.32282,38.58996],[141.32026,38.58897],[141.31725,38.58902]]]},"properties":{"林班":"I058","市町村名称":"登米市","旧市町村":null}},
{"type":"Feature","geometry":{"type":"Polygon","coordinates":[[[141.3161,38.59146],[141.31567,38.59109],[141.31503,38.59092],[141.31399,38.5909],[141.31275,38.58964],[141.31412,38.58865],[141.3165,38.58914],[141.31725,38.58902],[141.32026,38.58897],[141.32282,38.58996],[141.32263,38.59165],[141.32415,38.59164],[141.32476,38.59666],[141.32416,38.59572],[141.32094,38.59373],[141.31877,38.59684],[141.31787,38.59704],[141.31838,38.5965],[141.31883,38.59364],[141.31834,38.59284],[141.31734,38.59235],[141.3161,38.59146]]]},"properties":{"林班":"I057","市町村名称":"登米市","旧市町村":null}},
{"type":"Feature","geometry":{"type":"Polygon","coordinates":[[[141.31244,38.5949],[141.31123,38.59289],[141.31237,38.5906],[141.31583,38.59131],[141.31676,38.59227],[141.31834,38.59284],[141.31883,38.59364],[141.31838,38.5965],[141.31787,38.59704],[141.31733,38.59768],[141.31509,38.59787],[141.31466,38.59744],[141.31261,38.59738],[141.30949,38.59882],[141.30807,38.59842],[141.30934,38.59724],[141.30966,38.59677],[141.3106,38.59626],[141.31156,38.59544],[141.31337,38.5947],[141.31244,38.5949]]]},"properties":{"林班":"I056","市町村名称":"登米市","旧市町村":null}},
{"type":"Feature","geometry":{"type":"Polygon","coordinates":[[[141.30364,38.60161],[141.30612,38.60003],[141.30704,38.60017],[141.30722,38.59908],[141.30807,38.59842],[141.30949,38.59882],[141.31261,38.59738],[141.31466,38.59744],[141.31509,38.59787],[141.31733,38.59768],[141.31934,38.59878],[141.3195,38.60005],[141.31838,38.60052],[141.31741,38.60192],[141.31768,38.60354],[141.31676,38.60446],[141.3129,38.60508],[141.31117,38.60508],[141.31111,38.60514],[141.30964,38.60521],[141.30726,38.6058],[141.30725,38.60627],[141.3068,38.60542],[141.307,38.60416],[141.30698,38.60403],[141.3094,38.60319],[141.30932,38.60218],[141.30994,38.60068],[141.30753,38.60218],[141.30722,38.6009],[141.30619,38.60096],[141.30584,38.60169],[141.30573,38.60178],[141.30462,38.60137],[141.30364,38.60161]]]},"properties":{"林班":"I055","市町村名称":"登米市","旧市町村":null}},
{"type":"Feature","geometry":{"type":"Polygon","coordinates":[[[141.32495,38.5844],[141.32443,38.58404],[141.32701,38.58159],[141.32809,38.581],[141.3285,38.58064],[141.32863,38.58028],[141.33002,38.58029],[141.33077,38.58051],[141.33173,38.58046],[141.33451,38.57942],[141.33525,38.57864],[141.33661,38.57915],[141.33743,38.57884],[141.33663,38.57912],[141.33531,38.57849],[141.33448,38.57938],[141.33169,38.58039],[141.33182,38.5803],[141.33184,38.58015],[141.33203,38.57943],[141.33228,38.57894],[141.33243,38.57833],[141.33245,38.57817],[141.33252,38.57793],[141.33274,38.57747],[141.3329,38.57731],[141.33288,38.57626],[141.3329,38.57627],[141.33291,38.57627],[141.3335,38.57653],[141.33498,38.57703],[141.33537,38.57697],[141.3362,38.57687],[141.3368,38.57666],[141.33687,38.57667],[141.33692,38.57669],[141.33745,38.57772],[141.33817,38.5778],[141.33965,38.57863],[141.34013,38.57873],[141.34028,38.57875],[141.34095,38.57867],[141.34152,38.57865],[141.34179,38.5787],[141.34203,38.5788],[141.34127,38.57951],[141.34105,38.57969],[141.34084,38.58005],[141.3407,38.58025],[141.3406,38.58036],[141.33926,38.58068],[141.33914,38.58067],[141.33886,38.58084],[141.33862,38.58106],[141.33843,38.58121],[141.33729,38.58154],[141.33624,38.58133],[141.33397,38.58221],[141.33388,38.58413],[141.33317,38.5861],[141.3318,38.58649],[141.32914,38.58777],[141.32811,38.58733],[141.32588,38.58836],[141.3252,38.58829],[141.32484,38.58767],[141.32605,38.58566],[141.32495,38.5844]]]},"properties":{"林班":"I059","市町村名称":"登米市","旧市町村":null}},
{"type":"Feature","geometry":{"type":"Polygon","coordinates":[[[141.31068,38.57754],[141.31009,38.57687],[141.30737,38.57598],[141.30692,38.57506],[141.30815,38.57462],[141.30864,38.57354],[141.3106,38.57325],[141.31184,38.57342],[141.3119,38.57413],[141.31031,38.57438],[141.31158,38.57517],[141.3126,38.57447],[141.31317,38.57473],[141.31348,38.57479],[141.31505,38.57475],[141.3163,38.57542],[141.31945,38.57462],[141.32015,38.5741],[141.31996,38.57346],[141.32025,38.57336],[141.32108,38.57302],[141.32113,38.57308],[141.32123,38.5731],[141.32174,38.57317],[141.32271,38.57415],[141.32282,38.57521],[141.32315,38.57557],[141.32407,38.57571],[141.32408,38.57575],[141.32432,38.57641],[141.32402,38.57727],[141.324,38.57771],[141.32387,38.57791],[141.32353,38.57828],[141.3233,38.57844],[141.32164,38.57879],[141.32028,38.57837],[141.31883,38.57931],[141.31668,38.58008],[141.31587,38.57939],[141.31386,38.57885],[141.31262,38.57813],[141.31068,38.57754]]]},"properties":{"林班":"I061","市町村名称":"登米市","旧市町村":null}},
{"type":"Feature","geometry":{"type":"Polygon","coordinates":[[[141.32488,38.57651],[141.32687,38.57646],[141.32694,38.57645],[141.32868,38.57643],[141.32881,38.57645],[141.33047,38.57596],[141.33078,38.5759],[141.33123,38.5759],[141.33153,38.57601],[141.33176,38.57615],[141.33192,38.57626],[141.332,38.5763],[141.33246,38.57626],[141.33269,38.57621],[141.3327,38.57621],[141.33288,38.57626],[141.3329,38.57731],[141.33274,38.57747],[141.33252,38.57793],[141.33245,38.57817],[141.33207,38.57812],[141.33243,38.57833],[141.33228,38.57894],[141.33203,38.57943],[141.33184,38.58015],[141.33182,38.5803],[141.33169,38.58039],[141.32901,38.58011],[141.32844,38.58025],[141.32838,38.58067],[141.32714,38.5814],[141.32635,38.5817],[141.32496,38.58351],[141.32419,38.58387],[141.32506,38.58287],[141.32348,38.58114],[141.32389,38.58009],[141.32353,38.57828],[141.32387,38.57791],[141.324,38.57771],[141.32402,38.57727],[141.32432,38.57641],[141.32488,38.57651]]]},"properties":{"林班":"I060","市町村名称":"登米市","旧市町村":null}},
{"type":"Feature","geometry":{"type":"Polygon","coordinates":[[[141.31244,38.5949],[141.31187,38.59507],[141.31056,38.5962],[141.30947,38.59675],[141.30928,38.5972],[141.30799,38.59832],[141.30674,38.59882],[141.30397,38.59926],[141.30404,38.59639],[141.30492,38.59452],[141.30583,38.59361],[141.30493,38.59309],[141.30502,38.5906],[141.30972,38.58963],[141.31238,38.58999],[141.31237,38.5906],[141.31123,38.59289],[141.31244,38.5949]]]},"properties":{"林班":"I065","市町村名称":"登米市","旧市町村":null}},
{"type":"Feature","geometry":{"type":"Polygon","coordinates":[[[141.31068,38.57754],[141.31262,38.57813],[141.31386,38.57885],[141.31587,38.57939],[141.31668,38.58008],[141.31883,38.57931],[141.32028,38.57837],[141.32164,38.57879],[141.3233,38.57844],[141.32353,38.57828],[141.32389,38.58009],[141.32348,38.58114],[141.32506,38.58287],[141.32419,38.58387],[141.32249,38.58436],[141.32171,38.58387],[141.32047,38.58388],[141.31985,38.58474],[141.31764,38.58523],[141.31689,38.5863],[141.31543,38.58662],[141.31516,38.58746],[141.31312,38.58855],[141.31148,38.58907],[141.30902,38.58841],[141.30772,38.58856],[141.30697,38.58789],[141.30871,38.58575],[141.30871,38.58451],[141.3087,38.5834],[141.30989,38.58357],[141.31077,38.58248],[141.31121,38.58035],[141.31068,38.57754]]]},"properties":{"林班":"I064","市町村名称":"登米市","旧市町村":null}},
{"type":"Feature","geometry":{"type":"Polygon","coordinates":[[[141.30871,38.58451],[141.30866,38.58578],[141.30642,38.5885],[141.30458,38.58784],[141.30421,38.58621],[141.30441,38.58494],[141.30422,38.58252],[141.3062,38.58302],[141.30693,38.58214],[141.30644,38.58164],[141.30276,38.58073],[141.30192,38.57805],[141.30283,38.57737],[141.30492,38.5767],[141.30531,38.57618],[141.30861,38.57672],[141.30893,38.57837],[141.31074,38.57876],[141.31118,38.58035],[141.31041,38.58139],[141.31077,38.58248],[141.30989,38.58357],[141.3087,38.5834],[141.30871,38.58451]]]},"properties":{"林班":"I063","市町村名称":"登米市","旧市町村":null}},
{"type":"Feature","geometry":{"type":"MultiPolygon","coordinates":[[[[141.30474,38.57139],[141.30562,38.5712],[141.30572,38.57108],[141.30584,38.57083],[141.30593,38.57036],[141.306,38.5702],[141.30619,38.57],[141.30627,38.56992],[141.30686,38.56945],[141.30698,38.56942],[141.30701,38.56942],[141.30782,38.56953],[141.30894,38.56957],[141.30938,38.56953],[141.30953,38.56955],[141.30972,38.56949],[141.31038,38.56943],[141.31093,38.56897],[141.31098,38.56894],[141.31118,38.56884],[141.31131,38.5688],[141.31184,38.56862],[141.31207,38.56857],[141.31409,38.56886],[141.3139,38.56942],[141.31434,38.57],[141.3139,38.56942],[141.31469,38.5688],[141.31504,38.56876],[141.31683,38.56878],[141.31706,38.56886],[141.3176,38.56905],[141.31764,38.56907],[141.31836,38.5693],[141.3186,38.56942],[141.31898,38.57018],[141.31956,38.57108],[141.31952,38.57173],[141.3177,38.5708],[141.31796,38.57045],[141.31791,38.57028],[141.31625,38.57081],[141.31398,38.57194],[141.31035,38.57299],[141.30792,38.57321],[141.30764,38.57393],[141.30475,38.57493],[141.30411,38.57479],[141.30433,38.57322],[141.3046,38.57279],[141.30469,38.57265],[141.3046,38.57279],[141.30433,38.57322],[141.30398,38.57463],[141.30427,38.57523],[141.30203,38.57582],[141.30114,38.5747],[141.30123,38.57179],[141.30158,38.57104],[141.30227,38.57101],[141.30394,38.57097],[141.30401,38.57095],[141.30412,38.57148],[141.30447,38.57161],[141.30474,38.57139]]],[[[141.32015,38.5741],[141.31943,38.57458],[141.31633,38.57535],[141.31506,38.57471],[141.31347,38.57475],[141.31286,38.57458],[141.31317,38.57343],[141.31344,38.57329],[141.31346,38.57272],[141.31693,38.57069],[141.31758,38.57074],[141.31874,38.57135],[141.31952,38.57173],[141.31944,38.57209],[141.32037,38.57287],[141.321,38.57297],[141.32108,38.57302],[141.32025,38.57336],[141.31996,38.57346],[141.32015,38.5741]]]]},"properties":{"林班":"I062","市町村名称":"登米市","旧市町村":null}},
{"type":"Feature","geometry":{"type":"MultiPolygon","coordinates":[[[[141.2897,38.597],[141.29061,38.59661],[141.29159,38.5952],[141.2917,38.59478],[141.29162,38.59453],[141.29163,38.59433],[141.29155,38.59424],[141.29148,38.59413],[141.29083,38.59372],[141.29213,38.5929],[141.29272,38.59287],[141.2941,38.59348],[141.29395,38.59397],[141.29424,38.59435],[141.29403,38.59583],[141.29431,38.59655],[141.29392,38.59718],[141.29377,38.59773],[141.294,38.59787],[141.29397,38.59835],[141.2934,38.59872],[141.29292,38.59958],[141.29204,38.59925],[141.29091,38.60064],[141.28924,38.59957],[141.28958,38.59848],[141.2895,38.59693],[141.2897,38.597]]],[[[141.29052,38.59145],[141.29114,38.5907],[141.29247,38.58798],[141.2962,38.58926],[141.29573,38.59087],[141.29617,38.59166],[141.29426,38.59273],[141.29272,38.59285],[141.29228,38.59283],[141.29129,38.59312],[141.29072,38.59204],[141.29052,38.59145]]]]},"properties":{"林班":"I069","市町村名称":"登米市","旧市町村":null}},
{"type":"Feature","geometry":{"type":"MultiPolygon","coordinates":[[[[141.29342,38.581],[141.29527,38.57988],[141.29625,38.58052],[141.29596,38.58152],[141.29649,38.58296],[141.29743,38.58231],[141.29791,38.58356],[141.29673,38.58353],[141.29384,38.58444],[141.29321,38.58549],[141.29095,38.58443],[141.29099,38.58314],[141.29232,38.5822],[141.29342,38.581]]],[[[141.29388,38.58568],[141.29443,38.58698],[141.29276,38.58709],[141.29243,38.58641],[141.29388,38.58568]]],[[[141.29431,38.58528],[141.29499,38.58424],[141.29672,38.58356],[141.29767,38.58379],[141.29811,38.58472],[141.29814,38.58541],[141.2976,38.58545],[141.29709,38.58565],[141.29678,38.58551],[141.29597,38.58609],[141.29546,38.58672],[141.29445,38.58698],[141.29431,38.58528]]],[[[141.29609,38.58602],[141.29679,38.58554],[141.29709,38.58569],[141.29759,38.58546],[141.29771,38.58566],[141.29817,38.58539],[141.29878,38.58437],[141.29777,38.58219],[141.29887,38.58246],[141.30006,38.58355],[141.29965,38.58518],[141.29939,38.58766],[141.29878,38.58809],[141.29627,38.58786],[141.29549,38.58705],[141.29609,38.58602]]]]},"properties":{"林班":"I068","市町村名称":"登米市","旧市町村":null}},
{"type":"Feature","geometry":{"type":"MultiPolygon","coordinates":[[[[141.28917,38.58025],[141.28986,38.57995],[141.29073,38.58059],[141.29097,38.57918],[141.29207,38.57827],[141.29421,38.57858],[141.29424,38.57926],[141.29323,38.58041],[141.29073,38.58136],[141.28917,38.58025]]],[[[141.28809,38.58195],[141.29015,38.58113],[141.29137,38.58203],[141.29047,38.58305],[141.29029,38.58486],[141.28895,38.58596],[141.28811,38.5849],[141.28732,38.58295],[141.28809,38.58195]]],[[[141.29047,38.57858],[141.29127,38.57776],[141.29101,38.57658],[141.29198,38.57634],[141.29298,38.57691],[141.29267,38.57824],[141.29205,38.57812],[141.29047,38.57858]]]]},"properties":{"林班":"I067","市町村名称":"登米市","旧市町村":null}},
{"type":"Feature","geometry":{"type":"MultiPolygon","coordinates":[[[[141.28763,38.57084],[141.28891,38.5703],[141.29064,38.57123],[141.29004,38.57255],[141.28922,38.57299],[141.28996,38.57414],[141.28874,38.57481],[141.28789,38.57447],[141.2881,38.57312],[141.28697,38.57246],[141.28737,38.57112],[141.28763,38.57084]]],[[[141.29122,38.57207],[141.29226,38.57211],[141.29274,38.57144],[141.29576,38.57173],[141.29612,38.57252],[141.29595,38.5743],[141.29378,38.57583],[141.29357,38.57439],[141.29183,38.57432],[141.29073,38.57392],[141.29122,38.57207]]],[[[141.29033,38.57493],[141.2929,38.57453],[141.29284,38.57559],[141.28996,38.57585],[141.29033,38.57493]]]]},"properties":{"林班":"I066","市町村名称":"登米市","旧市町村":null}},
{"type":"Feature","geometry":{"type":"Polygon","coordinates":[[[141.30698,38.62238],[141.30817,38.62092],[141.30811,38.61991],[141.30887,38.6195],[141.30743,38.6182],[141.30876,38.61612],[141.31029,38.61579],[141.31081,38.61502],[141.3132,38.6155],[141.31444,38.6169],[141.31352,38.61778],[141.31268,38.61942],[141.31154,38.62025],[141.31019,38.62266],[141.30872,38.62308],[141.30698,38.62238]]]},"properties":{"林班":"I072","市町村名称":"登米市","旧市町村":null}},
{"type":"Feature","geometry":{"type":"MultiPolygon","coordinates":[[[[141.30223,38.61318],[141.30298,38.61369],[141.30428,38.61498],[141.30412,38.61533],[141.30394,38.61554],[141.30379,38.61538],[141.30368,38.6151],[141.30356,38.61531],[141.30352,38.61545],[141.3033,38.61514],[141.30293,38.61499],[141.30212,38.61429],[141.30223,38.61318]]],[[[141.30098,38.61463],[141.30197,38.61456],[141.30293,38.61501],[141.30329,38.61515],[141.30326,38.61535],[141.30353,38.61546],[141.30363,38.6152],[141.30394,38.61557],[141.30414,38.61534],[141.30431,38.61505],[141.30468,38.6159],[141.30496,38.61675],[141.30328,38.61674],[141.30145,38.61574],[141.30098,38.61463]]],[[[141.30698,38.62238],[141.30442,38.62123],[141.3038,38.62062],[141.30192,38.62013],[141.30204,38.61879],[141.30063,38.61792],[141.30279,38.61723],[141.30328,38.61676],[141.30496,38.61677],[141.3051,38.61625],[141.3047,38.6159],[141.30452,38.61531],[141.30416,38.61482],[141.30541,38.6139],[141.30694,38.61403],[141.30805,38.61357],[141.31081,38.61502],[141.31029,38.61579],[141.30876,38.61612],[141.30743,38.6182],[141.30887,38.6195],[141.30811,38.61991],[141.30817,38.62092],[141.30698,38.62238]]]]},"properties":{"林班":"I071","市町村名称":"登米市","旧市町村":null}},
{"type":"Feature","geometry":{"type":"MultiPolygon","coordinates":[[[[141.29272,38.59285],[141.29426,38.59273],[141.29617,38.59166],[141.29576,38.59087],[141.29685,38.58897],[141.29776,38.58911],[141.29916,38.59019],[141.29934,38.5912],[141.30034,38.5917],[141.30024,38.59266],[141.29904,38.59472],[141.29853,38.59677],[141.29754,38.599],[141.29442,38.59885],[141.29523,38.59799],[141.29679,38.59708],[141.29446,38.59832],[141.29426,38.598],[141.29379,38.59773],[141.29394,38.59719],[141.29433,38.59655],[141.29444,38.59515],[141.29428,38.59435],[141.29399,38.594],[141.29413,38.59347],[141.294,38.59332],[141.29272,38.59285]]],[[[141.29397,38.59835],[141.294,38.59787],[141.29452,38.59855],[141.29415,38.5992],[141.29292,38.59958],[141.2934,38.59872],[141.29397,38.59835]]]]},"properties":{"林班":"I070","市町村名称":"登米市","旧市町村":null}},
{"type":"Feature","geometry":{"type":"Polygon","coordinates":[[[141.31595,38.63107],[141.31618,38.62881],[141.31687,38.62697],[141.31801,38.62707],[141.31936,38.6286],[141.32057,38.62914],[141.32241,38.63059],[141.32276,38.63125],[141.32029,38.63308],[141.31715,38.63274],[141.31586,38.63255],[141.31595,38.63107]]]},"properties":{"林班":"I076","市町村名称":"登米市","旧市町村":null}},
{"type":"Feature","geometry":{"type":"Polygon","coordinates":[[[141.31266,38.63266],[141.31351,38.63295],[141.31496,38.63289],[141.31586,38.63257],[141.31715,38.63274],[141.32029,38.63308],[141.32175,38.63253],[141.3227,38.6343],[141.32435,38.635],[141.32458,38.63399],[141.32316,38.63404],[141.32258,38.63263],[141.32393,38.63207],[141.32537,38.63383],[141.32468,38.6365],[141.32352,38.63887],[141.32217,38.6393],[141.32166,38.63988],[141.32103,38.64004],[141.32009,38.64022],[141.31996,38.64026],[141.31972,38.64032],[141.31899,38.64055],[141.31844,38.63987],[141.31822,38.63971],[141.31805,38.63963],[141.31777,38.63945],[141.31767,38.63938],[141.31752,38.63931],[141.31745,38.63928],[141.31655,38.6392],[141.31639,38.63919],[141.31577,38.63932],[141.31571,38.63932],[141.31553,38.63933],[141.31542,38.63934],[141.3153,38.63937],[141.31475,38.63953],[141.31444,38.63909],[141.31444,38.63905],[141.31439,38.63886],[141.31436,38.63878],[141.3136,38.63812],[141.31312,38.63773],[141.31302,38.63762],[141.31263,38.63779],[141.31248,38.63785],[141.31235,38.63788],[141.31236,38.63749],[141.31248,38.63739],[141.31236,38.63749],[141.31161,38.63724],[141.31155,38.63718],[141.31116,38.63597],[141.31131,38.63563],[141.31132,38.63545],[141.31266,38.63266]]]},"properties":{"林班":"I075","市町村名称":"登米市","旧市町村":null}},
{"type":"Feature","geometry":{"type":"MultiPolygon","coordinates":[[[[141.306,38.63135],[141.30654,38.62954],[141.30951,38.62627],[141.31087,38.62676],[141.31173,38.62769],[141.31147,38.62851],[141.31193,38.6287],[141.31227,38.62963],[141.31158,38.6296],[141.31161,38.62979],[141.31193,38.62983],[141.3118,38.63009],[141.312,38.62979],[141.31248,38.6298],[141.3125,38.62936],[141.31218,38.62938],[141.31194,38.62869],[141.31253,38.62761],[141.31381,38.6275],[141.31349,38.62915],[141.31242,38.6307],[141.31266,38.63266],[141.31132,38.63545],[141.31131,38.63563],[141.31116,38.63597],[141.31155,38.63718],[141.31161,38.63724],[141.31235,38.63788],[141.31176,38.63778],[141.31149,38.63774],[141.31121,38.63776],[141.31102,38.63773],[141.31095,38.6377],[141.30984,38.63691],[141.30979,38.63691],[141.30912,38.63685],[141.30896,38.63652],[141.30882,38.63628],[141.30875,38.63621],[141.30827,38.63589],[141.30826,38.63588],[141.30822,38.63574],[141.3082,38.63569],[141.30811,38.63527],[141.30713,38.63555],[141.30697,38.63557],[141.30695,38.63556],[141.30683,38.63517],[141.30682,38.63517],[141.30574,38.63449],[141.30555,38.63404],[141.30497,38.63389],[141.30462,38.63231],[141.30337,38.63252],[141.30296,38.63183],[141.30295,38.6318],[141.30295,38.63179],[141.30301,38.63182],[141.30323,38.63186],[141.30338,38.63177],[141.306,38.63135]]],[[[141.31586,38.63255],[141.3142,38.6329],[141.31294,38.63261],[141.31291,38.63095],[141.31391,38.62969],[141.31447,38.62741],[141.31584,38.62663],[141.31621,38.62848],[141.31595,38.63107],[141.31586,38.63255]]]]},"properties":{"林班":"I074","市町村名称":"登米市","旧市町村":null}},
{"type":"Feature","geometry":{"type":"Polygon","coordinates":[[[141.3002,38.63089],[141.29983,38.63029],[141.29988,38.6295],[141.29969,38.62914],[141.30017,38.62757],[141.30012,38.62659],[141.30057,38.62592],[141.30021,38.62528],[141.29894,38.62443],[141.29786,38.62475],[141.29835,38.62286],[141.29952,38.62312],[141.30099,38.62403],[141.30258,38.62436],[141.3044,38.62436],[141.30809,38.62572],[141.30837,38.62724],[141.30652,38.62953],[141.306,38.63135],[141.30338,38.63177],[141.30323,38.63186],[141.30301,38.63182],[141.30295,38.63179],[141.30283,38.63157],[141.30269,38.63127],[141.30246,38.63119],[141.30228,38.63115],[141.30103,38.63106],[141.30069,38.63095],[141.30063,38.63093],[141.3002,38.63089]]]},"properties":{"林班":"I073","市町村名称":"登米市","旧市町村":null}},
{"type":"Feature","geometry":{"type":"MultiPolygon","coordinates":[[[[141.32906,38.62953],[141.32998,38.63029],[141.33248,38.63133],[141.33338,38.63088],[141.33474,38.63184],[141.33561,38.6312],[141.33634,38.63117],[141.33731,38.63174],[141.33741,38.63183],[141.33758,38.63197],[141.33784,38.63216],[141.33796,38.63223],[141.33893,38.63281],[141.33998,38.63245],[141.34135,38.63425],[141.34294,38.6357],[141.34511,38.6355],[141.34734,38.63684],[141.349,38.63621],[141.35012,38.63691],[141.35096,38.63674],[141.35257,38.63739],[141.3529,38.63967],[141.35217,38.64037],[141.35051,38.63947],[141.34986,38.64014],[141.34863,38.64021],[141.34684,38.64102],[141.34504,38.6407],[141.34238,38.64203],[141.34218,38.64192],[141.34138,38.64136],[141.34107,38.64027],[141.34146,38.63827],[141.34046,38.63757],[141.33634,38.63605],[141.33624,38.63556],[141.33418,38.63528],[141.33209,38.63415],[141.32903,38.63409],[141.32815,38.6338],[141.32887,38.63267],[141.32855,38.63131],[141.32855,38.63129],[141.32906,38.62953]]],[[[141.34419,38.65093],[141.34381,38.64954],[141.34419,38.64753],[141.3433,38.64455],[141.34241,38.64221],[141.34457,38.64111],[141.34663,38.64126],[141.34877,38.64034],[141.35084,38.64035],[141.35165,38.64182],[141.35147,38.64275],[141.35153,38.64338],[141.3505,38.64446],[141.34908,38.64479],[141.34833,38.64545],[141.34871,38.64736],[141.34723,38.64926],[141.34667,38.65006],[141.34666,38.65028],[141.34665,38.65052],[141.34624,38.65049],[141.34574,38.6505],[141.34489,38.65159],[141.34471,38.65171],[141.34421,38.65192],[141.34366,38.65174],[141.34368,38.65174],[141.34419,38.65093]]]]},"properties":{"林班":"I079","市町村名称":"登米市","旧市町村":null}},
{"type":"Feature","geometry":{"type":"MultiPolygon","coordinates":[[[[141.33529,38.6416],[141.33622,38.64055],[141.33772,38.64028],[141.33624,38.64073],[141.33529,38.6416]]],[[[141.33016,38.64643],[141.33196,38.64484],[141.33442,38.64351],[141.33636,38.64072],[141.33765,38.6404],[141.33859,38.63978],[141.33892,38.63905],[141.34079,38.63935],[141.34106,38.64218],[141.34227,38.6427],[141.343,38.644],[141.34212,38.64596],[141.3421,38.64825],[141.33861,38.64948],[141.33846,38.64949],[141.33751,38.64968],[141.33746,38.64967],[141.33574,38.64904],[141.33387,38.64995],[141.33249,38.64983],[141.33237,38.64968],[141.33188,38.64948],[141.32979,38.65063],[141.32978,38.65061],[141.3298,38.65048],[141.32973,38.65058],[141.32933,38.65024],[141.32909,38.64964],[141.32918,38.64939],[141.32929,38.649],[141.32935,38.64887],[141.32913,38.64766],[141.32696,38.64738],[141.32663,38.64792],[141.32563,38.64767],[141.32479,38.64778],[141.32452,38.64795],[141.32291,38.64743],[141.32284,38.64732],[141.32274,38.6472],[141.32265,38.64712],[141.32217,38.64663],[141.32225,38.64638],[141.32286,38.64585],[141.32297,38.64591],[141.32489,38.64737],[141.3261,38.6469],[141.32722,38.6461],[141.32809,38.64602],[141.32852,38.64582],[141.32978,38.64456],[141.33189,38.64451],[141.33016,38.64643]]],[[[141.33941,38.64958],[141.34076,38.64962],[141.34097,38.6489],[141.34222,38.64835],[141.34298,38.64871],[141.34419,38.65093],[141.34368,38.65174],[141.34366,38.65174],[141.34335,38.65149],[141.34232,38.65124],[141.34218,38.65124],[141.34163,38.65141],[141.3411,38.65125],[141.34082,38.65109],[141.34051,38.65089],[141.34047,38.65085],[141.34042,38.65075],[141.34041,38.65074],[141.34002,38.64988],[141.33991,38.64973],[141.33986,38.64968],[141.33948,38.6496],[141.33941,38.64958]]],[[[141.34336,38.64537],[141.34412,38.64746],[141.34303,38.64864],[141.34218,38.64825],[141.34235,38.6462],[141.34336,38.64537]]]]},"properties":{"林班":"I078","市町村名称":"登米市","旧市町村":null}},
{"type":"Feature","geometry":{"type":"Polygon","coordinates":[[[141.32217,38.6393],[141.32351,38.63901],[141.32472,38.63653],[141.32507,38.63507],[141.32591,38.63394],[141.32753,38.63383],[141.32955,38.6348],[141.33091,38.63456],[141.33144,38.63646],[141.33159,38.63477],[141.33213,38.63448],[141.3338,38.63533],[141.33505,38.63563],[141.33766,38.63703],[141.34026,38.63789],[141.33986,38.6388],[141.33893,38.63887],[141.33866,38.63913],[141.33866,38.63949],[141.33772,38.64028],[141.33622,38.64055],[141.33529,38.6416],[141.3348,38.64271],[141.33298,38.64397],[141.33078,38.64453],[141.32974,38.64441],[141.32865,38.64506],[141.32806,38.64594],[141.32713,38.64601],[141.32609,38.64688],[141.32488,38.64735],[141.32297,38.64591],[141.32286,38.64585],[141.32313,38.64557],[141.32316,38.64537],[141.32363,38.6444],[141.3225,38.64351],[141.32237,38.64339],[141.32236,38.64336],[141.32149,38.64284],[141.32104,38.64284],[141.32061,38.64207],[141.3206,38.64205],[141.32048,38.64194],[141.32048,38.64193],[141.32038,38.6419],[141.31926,38.64145],[141.31923,38.64072],[141.31899,38.64055],[141.31972,38.64032],[141.31996,38.64026],[141.32009,38.64022],[141.32103,38.64004],[141.32166,38.63988],[141.32217,38.6393]]]},"properties":{"林班":"I077","市町村名称":"登米市","旧市町村":null}},
{"type":"Feature","geometry":{"type":"MultiPolygon","coordinates":[[[[141.08145,38.68061],[141.08092,38.67937],[141.08181,38.67877],[141.084,38.68021],[141.08236,38.68023],[141.08145,38.68061]]],[[[141.08013,38.68017],[141.07871,38.67946],[141.07918,38.67884],[141.08042,38.67941],[141.08013,38.68017]]],[[[141.07902,38.67999],[141.08058,38.6809],[141.07889,38.68181],[141.07807,38.68049],[141.07902,38.67999]]],[[[141.08754,38.6802],[141.08738,38.67972],[141.09055,38.68028],[141.09016,38.68086],[141.09099,38.68157],[141.09105,38.68281],[141.08945,38.68234],[141.08806,38.68148],[141.08846,38.6807],[141.08754,38.6802]]],[[[141.08378,38.68226],[141.08401,38.68153],[141.08561,38.68189],[141.086,38.68277],[141.08378,38.68226]]],[[[141.09695,38.68328],[141.09834,38.68287],[141.09848,38.68619],[141.09769,38.68513],[141.0981,38.68428],[141.09695,38.68328]]],[[[141.10358,38.68401],[141.10541,38.68517],[141.10636,38.68701],[141.10582,38.68755],[141.10439,38.68714],[141.10298,38.68726],[141.10225,38.6863],[141.10361,38.68608],[141.10455,38.68532],[141.10358,38.68401]]]]},"properties":{"林班":"A010","市町村名称":"登米市","旧市町村":null}},
{"type":"Feature","geometry":{"type":"MultiPolygon","coordinates":[[[[141.09041,38.69544],[141.09149,38.69628],[141.09128,38.69638],[141.091,38.69661],[141.09064,38.69694],[141.09027,38.69759],[141.08873,38.69679],[141.09041,38.69544]]],[[[141.09426,38.6958],[141.09396,38.69644],[141.09224,38.69731],[141.09166,38.69816],[141.09028,38.69762],[141.09068,38.69692],[141.09091,38.6968],[141.09101,38.69664],[141.0913,38.6964],[141.09158,38.69625],[141.09189,38.69621],[141.0923,38.69627],[141.09282,38.6968],[141.09329,38.69595],[141.09426,38.6958]]],[[[141.0942,38.70125],[141.09536,38.7013],[141.09565,38.70202],[141.09425,38.70219],[141.0942,38.70125]]],[[[141.0959,38.69862],[141.09614,38.69819],[141.099,38.69899],[141.09987,38.70028],[141.09846,38.70067],[141.09609,38.69976],[141.0959,38.69862]]],[[[141.10116,38.70073],[141.10279,38.70099],[141.10207,38.70225],[141.1011,38.70211],[141.09976,38.70085],[141.10116,38.70073]]],[[[141.10572,38.70615],[141.10397,38.70609],[141.10547,38.70504],[141.10572,38.70615]]],[[[141.10725,38.70863],[141.10836,38.70795],[141.10896,38.70917],[141.10721,38.70964],[141.10725,38.70863]]],[[[141.1078,38.70959],[141.11056,38.71017],[141.11004,38.71106],[141.1078,38.70959]]]]},"properties":{"林班":"A003","市町村名称":"登米市","旧市町村":null}},
{"type":"Feature","geometry":{"type":"MultiPolygon","coordinates":[[[[141.06965,38.68862],[141.0706,38.68998],[141.07302,38.69046],[141.07379,38.68896],[141.07551,38.68926],[141.07457,38.69083],[141.07563,38.69138],[141.07704,38.6911],[141.07759,38.69261],[141.0744,38.69103],[141.07295,38.69051],[141.07051,38.69012],[141.06965,38.68862]]],[[[141.06672,38.69079],[141.06567,38.69074],[141.0645,38.6898],[141.06585,38.68734],[141.06731,38.68859],[141.06923,38.68905],[141.0701,38.68985],[141.06672,38.69075],[141.06672,38.69079]]],[[[141.07975,38.69129],[141.08108,38.69238],[141.08141,38.69372],[141.08084,38.69402],[141.07956,38.69301],[141.07901,38.69163],[141.07975,38.69129]]],[[[141.08282,38.69292],[141.0842,38.69346],[141.08495,38.6928],[141.08582,38.69371],[141.08412,38.69408],[141.08282,38.69292]]],[[[141.08819,38.69262],[141.08833,38.69477],[141.08763,38.69515],[141.08746,38.69311],[141.08819,38.69262]]]]},"properties":{"林班":"A002","市町村名称":"登米市","旧市町村":null}},
{"type":"Feature","geometry":{"type":"MultiPolygon","coordinates":[[[[141.06672,38.69075],[141.0696,38.6904],[141.06953,38.69053],[141.06672,38.69079],[141.06672,38.69075]]],[[[141.06819,38.69076],[141.07068,38.69076],[141.07058,38.69144],[141.06819,38.69076]]],[[[141.07101,38.69149],[141.07111,38.69082],[141.07271,38.69127],[141.07246,38.69187],[141.07175,38.69153],[141.07101,38.69149]]],[[[141.06846,38.69119],[141.0699,38.69147],[141.07175,38.69155],[141.07253,38.69193],[141.07398,38.69209],[141.07312,38.69294],[141.07163,38.69212],[141.07017,38.69211],[141.06934,38.69192],[141.06846,38.69119]]],[[[141.0692,38.69189],[141.07016,38.69213],[141.07113,38.69221],[141.07274,38.69284],[141.07243,38.69372],[141.0701,38.69312],[141.0692,38.69189]]],[[[141.07923,38.69896],[141.07967,38.69796],[141.08091,38.69841],[141.08049,38.69921],[141.07923,38.69896]]],[[[141.08169,38.6986],[141.08391,38.70131],[141.08144,38.70142],[141.08169,38.6986]]],[[[141.08105,38.69883],[141.08133,38.69918],[141.0813,38.70126],[141.07939,38.70191],[141.07929,38.70109],[141.07984,38.69975],[141.08105,38.69883]]],[[[141.08103,38.70362],[141.08204,38.70321],[141.0835,38.70455],[141.08328,38.70574],[141.08209,38.70506],[141.08103,38.70362]]],[[[141.08463,38.69937],[141.08518,38.70027],[141.08467,38.70111],[141.08537,38.70197],[141.08472,38.70274],[141.08367,38.70275],[141.08396,38.70132],[141.08331,38.69961],[141.08463,38.69937]]],[[[141.0834,38.70434],[141.08423,38.70472],[141.08463,38.70566],[141.08416,38.70758],[141.08346,38.70699],[141.08401,38.70531],[141.0834,38.70434]]]]},"properties":{"林班":"A001","市町村名称":"登米市","旧市町村":null}},
{"type":"Feature","geometry":{"type":"MultiPolygon","coordinates":[[[[141.09582,38.69069],[141.09615,38.69076],[141.09675,38.69082],[141.09606,38.69212],[141.09551,38.69125],[141.09572,38.69126],[141.09582,38.69069]]],[[[141.09882,38.69738],[141.10014,38.69595],[141.10151,38.69685],[141.10006,38.69795],[141.09882,38.69738]]],[[[141.10298,38.69467],[141.10664,38.69525],[141.1069,38.69601],[141.10371,38.69538],[141.10298,38.69467]]],[[[141.10009,38.69496],[141.10176,38.69515],[141.10263,38.69601],[141.10167,38.69675],[141.10009,38.69496]]],[[[141.10235,38.69698],[141.10398,38.69668],[141.10548,38.69751],[141.10405,38.69851],[141.10286,38.69821],[141.10235,38.69698]]],[[[141.10413,38.69279],[141.10533,38.69294],[141.1063,38.69393],[141.10417,38.69421],[141.10354,38.69343],[141.10413,38.69279]]]]},"properties":{"林班":"A007","市町村名称":"登米市","旧市町村":null}},
{"type":"Feature","geometry":{"type":"MultiPolygon","coordinates":[[[[141.11883,38.69549],[141.1207,38.69567],[141.11953,38.69695],[141.1186,38.69617],[141.11883,38.69549]]],[[[141.12712,38.69943],[141.12869,38.70001],[141.12744,38.70084],[141.12647,38.69981],[141.12712,38.69943]]],[[[141.13097,38.70393],[141.13139,38.7054],[141.13037,38.70533],[141.13097,38.70393]]],[[[141.13094,38.70667],[141.1329,38.70566],[141.13299,38.7072],[141.13094,38.70667]]]]},"properties":{"林班":"A006","市町村名称":"登米市","旧市町村":null}},
{"type":"Feature","geometry":{"type":"MultiPolygon","coordinates":[[[[141.12849,38.71584],[141.13012,38.7166],[141.13032,38.71715],[141.13176,38.71797],[141.13148,38.71834],[141.12849,38.71584]]],[[[141.13287,38.71481],[141.1331,38.71619],[141.13171,38.71549],[141.13287,38.71481]]]]},"properties":{"林班":"A005","市町村名称":"登米市","旧市町村":null}},
{"type":"Feature","geometry":{"type":"MultiPolygon","coordinates":[[[[141.11153,38.70119],[141.11268,38.70065],[141.11394,38.70203],[141.11306,38.7026],[141.11146,38.702],[141.11153,38.70119]]],[[[141.11037,38.70301],[141.11227,38.70376],[141.11211,38.70528],[141.11041,38.70468],[141.11037,38.70301]]],[[[141.11555,38.70602],[141.117,38.7054],[141.11811,38.70591],[141.11699,38.70659],[141.11584,38.70677],[141.11555,38.70602]]],[[[141.11828,38.70246],[141.11983,38.70316],[141.11925,38.70366],[141.11746,38.70345],[141.11828,38.70246]]]]},"properties":{"林班":"A004","市町村名称":"登米市","旧市町村":null}},
{"type":"Feature","geometry":{"type":"MultiPolygon","coordinates":[[[[141.07498,38.68158],[141.07478,38.68269],[141.07355,38.68421],[141.073,38.68321],[141.07447,38.68176],[141.07429,38.68115],[141.07498,38.68158]]],[[[141.07691,38.68287],[141.07708,38.68232],[141.07895,38.68282],[141.0785,38.6838],[141.07691,38.68287]]],[[[141.07581,38.68406],[141.07607,38.68525],[141.07465,38.6851],[141.07388,38.68422],[141.07446,38.68361],[141.07581,38.68406]]],[[[141.08169,38.68278],[141.08287,38.68276],[141.08408,38.68456],[141.08215,38.68418],[141.08245,38.68326],[141.08169,38.68278]]],[[[141.07998,38.6844],[141.08164,38.68458],[141.08246,38.68624],[141.08059,38.68624],[141.07917,38.68523],[141.07998,38.6844]]],[[[141.08218,38.6845],[141.08315,38.68519],[141.08348,38.68609],[141.08263,38.6864],[141.08218,38.6845]]],[[[141.08219,38.68811],[141.08382,38.68819],[141.0841,38.68968],[141.08315,38.6896],[141.08202,38.68882],[141.08219,38.68811]]],[[[141.08811,38.68781],[141.08813,38.68873],[141.08666,38.68882],[141.08579,38.68785],[141.08811,38.68781]]]]},"properties":{"林班":"A009","市町村名称":"登米市","旧市町村":null}},
{"type":"Feature","geometry":{"type":"MultiPolygon","coordinates":[[[[141.06726,38.68106],[141.0671,38.67893],[141.06813,38.67838],[141.06892,38.67891],[141.06906,38.68107],[141.07112,38.68009],[141.07141,38.6809],[141.06937,38.68144],[141.06726,38.68106]]],[[[141.0662,38.68519],[141.06719,38.68531],[141.06848,38.68469],[141.06926,38.68537],[141.06697,38.68659],[141.06602,38.68651],[141.0648,38.68528],[141.0662,38.68519]]],[[[141.06704,38.6747],[141.06874,38.67563],[141.07046,38.67536],[141.07163,38.67468],[141.07263,38.6767],[141.06795,38.67685],[141.06769,38.67614],[141.06628,38.67567],[141.06704,38.6747]]],[[[141.07928,38.68686],[141.08038,38.68784],[141.079,38.68818],[141.07751,38.68784],[141.07928,38.68686]]]]},"properties":{"林班":"A008","市町村名称":"登米市","旧市町村":null}},
{"type":"Feature","geometry":{"type":"MultiPolygon","coordinates":[[[[141.13151,38.68085],[141.13332,38.68075],[141.13347,38.68147],[141.13148,38.68142],[141.13151,38.68085]]],[[[141.13539,38.68359],[141.13646,38.68336],[141.13593,38.68533],[141.13542,38.68508],[141.13576,38.68461],[141.13594,38.68419],[141.13577,38.68412],[141.13539,38.68359]]],[[[141.13447,38.68419],[141.13481,38.68364],[141.1355,38.68382],[141.13576,38.68413],[141.13591,38.6842],[141.13574,38.6846],[141.13508,38.68537],[141.13447,38.68419]]]]},"properties":{"林班":"A021","市町村名称":"登米市","旧市町村":null}},
{"type":"Feature","geometry":{"type":"MultiPolygon","coordinates":[[[[141.1518,38.69161],[141.1539,38.69091],[141.15526,38.69147],[141.1545,38.6926],[141.15437,38.69317],[141.15255,38.69268],[141.15085,38.69265],[141.1518,38.69161]]],[[[141.15532,38.69067],[141.15595,38.69087],[141.15548,38.69242],[141.15668,38.6927],[141.15891,38.69232],[141.15889,38.69293],[141.1569,38.69362],[141.15485,38.69363],[141.15452,38.69261],[141.15528,38.69147],[141.15532,38.69067]]],[[[141.15931,38.68732],[141.1606,38.68803],[141.16025,38.68926],[141.15911,38.68791],[141.15931,38.68732]]]]},"properties":{"林班":"A020","市町村名称":"登米市","旧市町村":null}},
{"type":"Feature","geometry":{"type":"MultiPolygon","coordinates":[[[[141.0868,38.66086],[141.08816,38.66089],[141.08727,38.66263],[141.08785,38.66378],[141.08575,38.6631],[141.08531,38.66195],[141.0868,38.66086]]],[[[141.08271,38.66541],[141.08231,38.66379],[141.08325,38.66379],[141.08454,38.66456],[141.08421,38.66514],[141.08271,38.66541]]],[[[141.08674,38.66426],[141.08874,38.66479],[141.08672,38.66554],[141.08674,38.66426]]],[[[141.08671,38.66559],[141.08878,38.66481],[141.09056,38.6649],[141.09259,38.66618],[141.08998,38.6669],[141.08979,38.66572],[141.08786,38.66521],[141.08701,38.66597],[141.08737,38.66691],[141.08917,38.6672],[141.08888,38.66797],[141.08726,38.66794],[141.08671,38.66559]]],[[[141.09242,38.6622],[141.09388,38.66307],[141.09449,38.66247],[141.09619,38.66316],[141.09644,38.66375],[141.09815,38.6634],[141.09845,38.66444],[141.09623,38.66524],[141.09584,38.66403],[141.09405,38.66378],[141.09415,38.66483],[141.09305,38.66532],[141.0905,38.66428],[141.09242,38.6622]]]]},"properties":{"林班":"A014","市町村名称":"登米市","旧市町村":null}},
{"type":"Feature","geometry":{"type":"MultiPolygon","coordinates":[[[[141.08439,38.64803],[141.08517,38.64819],[141.08524,38.64956],[141.0845,38.65],[141.08323,38.64963],[141.08439,38.64803]]],[[[141.0857,38.64814],[141.0881,38.64834],[141.08755,38.64906],[141.08636,38.64914],[141.0857,38.64814]]],[[[141.08617,38.65012],[141.08708,38.65059],[141.08634,38.65132],[141.08528,38.65066],[141.08617,38.65012]]],[[[141.08665,38.65131],[141.08651,38.65199],[141.08479,38.65315],[141.08443,38.65235],[141.08665,38.65131]]],[[[141.08727,38.65317],[141.08735,38.65361],[141.08926,38.65367],[141.08999,38.65393],[141.08945,38.65583],[141.08879,38.65698],[141.08774,38.6573],[141.08682,38.65666],[141.08771,38.65506],[141.08746,38.6541],[141.08702,38.65368],[141.08727,38.65317]]],[[[141.08826,38.65004],[141.08915,38.65136],[141.0878,38.65171],[141.08772,38.65034],[141.08826,38.65004]]],[[[141.09101,38.65337],[141.091,38.65351],[141.09098,38.65373],[141.09102,38.65279],[141.09104,38.65299],[141.09101,38.65337]]],[[[141.0909,38.65453],[141.09158,38.65461],[141.09143,38.65701],[141.09033,38.65689],[141.0909,38.65453]]]]},"properties":{"林班":"A013","市町村名称":"登米市","旧市町村":null}},
{"type":"Feature","geometry":{"type":"MultiPolygon","coordinates":[[[[141.07834,38.66267],[141.07975,38.66292],[141.07865,38.66398],[141.07898,38.66533],[141.07777,38.66608],[141.07705,38.66358],[141.07834,38.66267]]],[[[141.07878,38.66551],[141.08127,38.66613],[141.08017,38.66682],[141.08022,38.66787],[141.07879,38.6678],[141.07795,38.66605],[141.07878,38.66551]]],[[[141.08167,38.66631],[141.08268,38.66657],[141.08328,38.66739],[141.08285,38.66887],[141.08104,38.66718],[141.08167,38.66631]]]]},"properties":{"林班":"A012","市町村名称":"登米市","旧市町村":null}},
{"type":"Feature","geometry":{"type":"MultiPolygon","coordinates":[[[[141.07827,38.67308],[141.0795,38.67399],[141.07873,38.67475],[141.07827,38.67308]]],[[[141.0838,38.67422],[141.08392,38.67721],[141.08269,38.67688],[141.0832,38.67513],[141.0838,38.67422]]],[[[141.08559,38.67323],[141.08657,38.67429],[141.0862,38.67569],[141.08451,38.67411],[141.08559,38.67323]]]]},"properties":{"林班":"A011","市町村名称":"登米市","旧市町村":null}},
{"type":"Feature","geometry":{"type":"MultiPolygon","coordinates":[[[[141.10489,38.67387],[141.10639,38.67452],[141.10676,38.6752],[141.10569,38.67631],[141.10511,38.67561],[141.10489,38.67387]]],[[[141.11644,38.67154],[141.1159,38.67292],[141.11461,38.67195],[141.11644,38.67154]]]]},"properties":{"林班":"A018","市町村名称":"登米市","旧市町村":null}},
{"type":"Feature","geometry":{"type":"MultiPolygon","coordinates":[[[[141.10639,38.67646],[141.10724,38.6765],[141.10776,38.67831],[141.10681,38.67853],[141.10669,38.67702],[141.10639,38.67646]]],[[[141.1091,38.68114],[141.1078,38.68229],[141.10716,38.68175],[141.1091,38.68114]]],[[[141.111,38.68263],[141.11115,38.68321],[141.10946,38.68434],[141.1088,38.68395],[141.111,38.68263]]],[[[141.11212,38.68562],[141.1124,38.68508],[141.11399,38.68491],[141.11423,38.68614],[141.11285,38.68629],[141.11212,38.68562]]]]},"properties":{"林班":"A017","市町村名称":"登米市","旧市町村":null}},
{"type":"Feature","geometry":{"type":"MultiPolygon","coordinates":[[[[141.09974,38.67102],[141.10113,38.67111],[141.10151,38.67229],[141.09889,38.67294],[141.09877,38.67173],[141.09942,38.67114],[141.09974,38.67102]]],[[[141.09875,38.67375],[141.0996,38.67354],[141.10155,38.67409],[141.10034,38.67553],[141.09843,38.6752],[141.09875,38.67375]]],[[[141.09989,38.67671],[141.10177,38.67547],[141.10233,38.67377],[141.10361,38.67362],[141.10452,38.67407],[141.10475,38.6749],[141.10409,38.67591],[141.10324,38.67524],[141.10137,38.67625],[141.09989,38.67671]]],[[[141.1041,38.67608],[141.10485,38.67652],[141.10414,38.67781],[141.1031,38.67797],[141.10186,38.67746],[141.1041,38.67608]]],[[[141.1018,38.67741],[141.10227,38.67829],[141.10224,38.67991],[141.10067,38.67917],[141.10123,38.67742],[141.1018,38.67741]]],[[[141.10538,38.67687],[141.10665,38.67703],[141.10678,38.67858],[141.10599,38.67867],[141.10498,38.67996],[141.10387,38.6794],[141.10486,38.6787],[141.10463,38.67793],[141.10538,38.67687]]]]},"properties":{"林班":"A016","市町村名称":"登米市","旧市町村":null}},
{"type":"Feature","geometry":{"type":"MultiPolygon","coordinates":[[[[141.09027,38.67192],[141.09014,38.67267],[141.08882,38.67378],[141.08832,38.67296],[141.09027,38.67192]]],[[[141.08868,38.67541],[141.08917,38.67631],[141.08826,38.67716],[141.0868,38.67657],[141.08752,38.67471],[141.08868,38.67541]]],[[[141.09635,38.67231],[141.09708,38.67365],[141.09612,38.67411],[141.09716,38.67525],[141.09697,38.67578],[141.09409,38.67608],[141.09207,38.67703],[141.09446,38.67411],[141.09416,38.67263],[141.09483,38.67217],[141.09635,38.67231]]],[[[141.09586,38.6763],[141.09763,38.67722],[141.09625,38.67851],[141.09412,38.67819],[141.09475,38.67633],[141.09586,38.6763]]],[[[141.09643,38.67056],[141.09829,38.66999],[141.09852,38.67106],[141.09778,38.67139],[141.09643,38.67056]]]]},"properties":{"林班":"A015","市町村名称":"登米市","旧市町村":null}},
{"type":"Feature","geometry":{"type":"MultiPolygon","coordinates":[[[[141.16514,38.69234],[141.16709,38.69226],[141.16724,38.69278],[141.1654,38.69363],[141.16514,38.69234]]],[[[141.16753,38.69112],[141.16907,38.69229],[141.16761,38.69258],[141.16753,38.69112]]],[[[141.17328,38.69075],[141.17325,38.6915],[141.17232,38.69219],[141.17223,38.69123],[141.17328,38.69075]]]]},"properties":{"林班":"A019","市町村名称":"登米市","旧市町村":null}},
{"type":"Feature","geometry":{"type":"MultiPolygon","coordinates":[[[[141.15639,38.69372],[141.15773,38.69385],[141.158,38.69452],[141.1557,38.69542],[141.15639,38.69372]]],[[[141.16149,38.69445],[141.16288,38.69538],[141.16115,38.69564],[141.16149,38.69445]]],[[[141.16289,38.69351],[141.16352,38.69323],[141.16468,38.69399],[141.16274,38.69476],[141.16289,38.69351]]],[[[141.16457,38.69567],[141.16644,38.69577],[141.16578,38.69619],[141.16538,38.69694],[141.16403,38.69697],[141.16457,38.69567]]],[[[141.1627,38.70523],[141.16329,38.70621],[141.16257,38.70566],[141.1627,38.70523]]],[[[141.16539,38.69753],[141.16576,38.69642],[141.16695,38.69656],[141.16792,38.69601],[141.16893,38.69754],[141.16632,38.69726],[141.16539,38.69753]]]]},"properties":{"林班":"A025","市町村名称":"登米市","旧市町村":null}},
{"type":"Feature","geometry":{"type":"MultiPolygon","coordinates":[[[[141.15691,38.70219],[141.15664,38.70385],[141.15602,38.70373],[141.15691,38.70219]]],[[[141.15921,38.70688],[141.16002,38.70719],[141.1605,38.70597],[141.16131,38.70636],[141.15984,38.70756],[141.15921,38.70688]]],[[[141.16283,38.70686],[141.16257,38.70566],[141.16329,38.70621],[141.16283,38.70686]]],[[[141.16796,38.70987],[141.1692,38.70988],[141.17049,38.71048],[141.16961,38.71142],[141.16796,38.70987]]]]},"properties":{"林班":"A024","市町村名称":"登米市","旧市町村":null}},
{"type":"Feature","geometry":{"type":"MultiPolygon","coordinates":[[[[141.14416,38.69587],[141.14503,38.69536],[141.14504,38.69669],[141.14416,38.69587]]],[[[141.14541,38.69506],[141.14634,38.69457],[141.14674,38.69612],[141.14593,38.69661],[141.14541,38.69506]]]]},"properties":{"林班":"A023","市町村名称":"登米市","旧市町村":null}},
{"type":"Feature","geometry":{"type":"MultiPolygon","coordinates":[[[[141.12923,38.68255],[141.13051,38.68249],[141.13096,38.68318],[141.13049,38.68433],[141.12948,38.68519],[141.12865,38.68442],[141.12898,38.68335],[141.12892,38.68261],[141.12923,38.68255]]],[[[141.13165,38.68413],[141.13361,38.68544],[141.13365,38.6863],[141.13131,38.68543],[141.13165,38.68413]]]]},"properties":{"林班":"A022","市町村名称":"登米市","旧市町村":null}},
{"type":"Feature","geometry":{"type":"Polygon","coordinates":[[[141.21954,38.67114],[141.22159,38.67089],[141.2225,38.67149],[141.22283,38.67237],[141.22118,38.6724],[141.22108,38.6714],[141.21954,38.67114]]]},"properties":{"林班":"A029","市町村名称":"登米市","旧市町村":null}},
{"type":"Feature","geometry":{"type":"MultiPolygon","coordinates":[[[[141.17794,38.69677],[141.17956,38.69554],[141.18044,38.696],[141.17854,38.69717],[141.17794,38.69677]]],[[[141.17961,38.6972],[141.18136,38.69709],[141.1822,38.69864],[141.18055,38.69868],[141.17961,38.6972]]],[[[141.1837,38.69976],[141.18434,38.6989],[141.18593,38.69896],[141.1858,38.69979],[141.18588,38.69999],[141.18619,38.70038],[141.1837,38.69976]]]]},"properties":{"林班":"A028","市町村名称":"登米市","旧市町村":null}},
{"type":"Feature","geometry":{"type":"MultiPolygon","coordinates":[[[[141.1731,38.69648],[141.17507,38.69583],[141.17648,38.69663],[141.17723,38.69763],[141.17625,38.69785],[141.1731,38.69714],[141.1731,38.69648]]],[[[141.17453,38.70018],[141.1751,38.69997],[141.17657,38.70108],[141.17718,38.70223],[141.17623,38.70282],[141.17562,38.70149],[141.17423,38.70097],[141.17453,38.70018]]],[[[141.17879,38.69835],[141.17922,38.69835],[141.18008,38.69911],[141.18029,38.69937],[141.1802,38.6997],[141.1791,38.69954],[141.17818,38.69929],[141.17709,38.69948],[141.17626,38.69797],[141.17722,38.69766],[141.17879,38.69835]]],[[[141.18275,38.69963],[141.18139,38.70015],[141.18023,38.69971],[141.18031,38.69937],[141.18031,38.69908],[141.18206,38.69947],[141.18275,38.69963]]],[[[141.18594,38.69918],[141.18675,38.69998],[141.18805,38.70002],[141.18928,38.70087],[141.18723,38.70129],[141.18671,38.70095],[141.18584,38.69986],[141.18594,38.69918]]],[[[141.18619,38.70038],[141.18557,38.70114],[141.18358,38.70033],[141.1837,38.69976],[141.18619,38.70038]]]]},"properties":{"林班":"A027","市町村名称":"登米市","旧市町村":null}},
{"type":"Feature","geometry":{"type":"MultiPolygon","coordinates":[[[[141.17374,38.70081],[141.1756,38.7015],[141.17603,38.70285],[141.17505,38.70313],[141.17284,38.70253],[141.17297,38.7014],[141.17374,38.70081]]],[[[141.1736,38.70563],[141.17482,38.70424],[141.17502,38.70317],[141.17658,38.70347],[141.17623,38.70428],[141.17417,38.70565],[141.1736,38.70563]]],[[[141.17892,38.70447],[141.17968,38.70417],[141.17992,38.70418],[141.17892,38.70447]]]]},"properties":{"林班":"A026","市町村名称":"登米市","旧市町村":null}},
{"type":"Feature","geometry":{"type":"MultiPolygon","coordinates":[[[[141.25775,38.76175],[141.25898,38.76247],[141.2587,38.76368],[141.25756,38.76439],[141.25698,38.76403],[141.25688,38.76276],[141.25775,38.76175]]],[[[141.26052,38.76233],[141.26253,38.76178],[141.26179,38.76298],[141.26052,38.76233]]],[[[141.25847,38.76496],[141.25953,38.76336],[141.26043,38.76386],[141.2627,38.76396],[141.26522,38.76199],[141.26796,38.7632],[141.26786,38.76403],[141.26846,38.76509],[141.26721,38.76555],[141.2641,38.76724],[141.26201,38.76958],[141.26126,38.7691],[141.26122,38.76853],[141.26162,38.76802],[141.26176,38.76725],[141.26197,38.76691],[141.26202,38.7663],[141.26177,38.76595],[141.26105,38.7657],[141.25977,38.76496],[141.25879,38.7648],[141.25847,38.76496]]],[[[141.2586,38.76445],[141.25805,38.76553],[141.25677,38.76577],[141.25697,38.7645],[141.2586,38.76445]]],[[[141.25868,38.76499],[141.25988,38.76555],[141.2597,38.76623],[141.26056,38.7669],[141.26174,38.76724],[141.26118,38.76854],[141.26025,38.76851],[141.25936,38.76685],[141.25761,38.76695],[141.25766,38.76593],[141.25868,38.76499]]],[[[141.25927,38.76495],[141.25986,38.7651],[141.26102,38.76571],[141.26175,38.76598],[141.26192,38.7669],[141.26161,38.76719],[141.26059,38.76689],[141.25974,38.76623],[141.25991,38.76555],[141.25927,38.76495]]]]},"properties":{"林班":"D002","市町村名称":"登米市","旧市町村":null}},
{"type":"Feature","geometry":{"type":"MultiPolygon","coordinates":[[[[141.26229,38.76968],[141.26393,38.76973],[141.26524,38.76685],[141.26723,38.76558],[141.26832,38.76595],[141.26643,38.76822],[141.26525,38.76932],[141.26468,38.77097],[141.26357,38.77262],[141.26328,38.77467],[141.26215,38.77472],[141.26108,38.77399],[141.25986,38.7736],[141.25862,38.772],[141.25948,38.77062],[141.26151,38.76971],[141.26229,38.76968]]],[[[141.26035,38.7752],[141.26132,38.77428],[141.26338,38.77573],[141.264,38.77719],[141.26358,38.77863],[141.26217,38.7784],[141.26014,38.77669],[141.25908,38.77612],[141.26035,38.7752]]]]},"properties":{"林班":"D001","市町村名称":"登米市","旧市町村":null}},
{"type":"Feature","geometry":{"type":"MultiPolygon","coordinates":[[[[141.21674,38.72929],[141.21739,38.72882],[141.21879,38.72912],[141.21946,38.72974],[141.21919,38.73069],[141.21762,38.73033],[141.21674,38.72929]]],[[[141.22166,38.7445],[141.22356,38.74447],[141.22278,38.74601],[141.22136,38.74609],[141.22104,38.74558],[141.22166,38.7445]]]]},"properties":{"林班":"D013","市町村名称":"登米市","旧市町村":null}},
{"type":"Feature","geometry":{"type":"MultiPolygon","coordinates":[[[[141.20757,38.73321],[141.20956,38.73394],[141.20884,38.73464],[141.20784,38.73448],[141.20757,38.73321]]],[[[141.20787,38.7345],[141.20883,38.73465],[141.2096,38.73549],[141.20858,38.73595],[141.20787,38.7345]]],[[[141.20796,38.73977],[141.20839,38.73894],[141.20868,38.73647],[141.20961,38.73548],[141.21089,38.7354],[141.21034,38.73656],[141.21061,38.73724],[141.20977,38.73836],[141.20969,38.73938],[141.20873,38.74057],[141.20755,38.74079],[141.20796,38.73977]]],[[[141.20702,38.73919],[141.20828,38.73912],[141.20777,38.74004],[141.20752,38.74079],[141.20665,38.74043],[141.20702,38.73919]]]]},"properties":{"林班":"D012","市町村名称":"登米市","旧市町村":null}},
{"type":"Feature","geometry":{"type":"Polygon","coordinates":[[[141.28404,38.67779],[141.28412,38.67777],[141.28458,38.67943],[141.28463,38.68123],[141.28437,38.6832],[141.28458,38.68443],[141.28407,38.68515],[141.2828,38.68366],[141.2812,38.68307],[141.28243,38.68173],[141.2831,38.68165],[141.28364,38.68032],[141.28128,38.67891],[141.28183,38.67854],[141.28168,38.67699],[141.28179,38.67665],[141.28182,38.67661],[141.28227,38.67645],[141.28266,38.67617],[141.28288,38.67576],[141.283,38.67578],[141.28321,38.67581],[141.28412,38.67777],[141.28404,38.67779]]]},"properties":{"林班":"D011","市町村名称":"登米市","旧市町村":null}},
{"type":"Feature","geometry":{"type":"MultiPolygon","coordinates":[[[[141.27463,38.67639],[141.27603,38.67648],[141.2776,38.67598],[141.27846,38.67622],[141.27798,38.6768],[141.27652,38.67675],[141.27587,38.67685],[141.27463,38.67639]]],[[[141.27997,38.67299],[141.27938,38.67304],[141.27828,38.67191],[141.27593,38.67275],[141.27556,38.67185],[141.27764,38.67152],[141.27769,38.67131],[141.27786,38.67115],[141.27802,38.67138],[141.27826,38.67173],[141.27802,38.67138],[141.27786,38.67115],[141.27792,38.6711],[141.27933,38.67173],[141.27989,38.67242],[141.27971,38.67253],[141.27992,38.6729],[141.27997,38.67299]]],[[[141.28119,38.67492],[141.27844,38.67518],[141.27756,38.67459],[141.27772,38.6738],[141.27891,38.67341],[141.28039,38.6735],[141.28129,38.67418],[141.28119,38.67492]]],[[[141.28128,38.67891],[141.27979,38.67822],[141.27864,38.67801],[141.2786,38.67738],[141.28116,38.67735],[141.28154,38.6762],[141.28065,38.67597],[141.28179,38.67604],[141.28179,38.67665],[141.28168,38.67699],[141.28183,38.67854],[141.28128,38.67891]]],[[[141.28182,38.67661],[141.2818,38.6756],[141.28288,38.67576],[141.28266,38.67617],[141.28227,38.67645],[141.28182,38.67661]]]]},"properties":{"林班":"D010","市町村名称":"登米市","旧市町村":null}},
{"type":"Feature","geometry":{"type":"MultiPolygon","coordinates":[[[[141.2747,38.69625],[141.2757,38.69754],[141.27743,38.69825],[141.27869,38.70026],[141.27704,38.70049],[141.27683,38.69913],[141.27534,38.69876],[141.27373,38.69685],[141.2747,38.69625]]],[[[141.27997,38.70633],[141.28179,38.70582],[141.2819,38.70698],[141.27997,38.70633]]],[[[141.28485,38.70147],[141.28532,38.70298],[141.28433,38.70278],[141.28369,38.70188],[141.28485,38.70147]]]]},"properties":{"林班":"D006","市町村名称":"登米市","旧市町村":null}},
{"type":"Feature","geometry":{"type":"Polygon","coordinates":[[[141.25427,38.73462],[141.25493,38.73505],[141.25488,38.73686],[141.2541,38.73636],[141.25427,38.73462]]]},"properties":{"林班":"D005","市町村名称":"登米市","旧市町村":null}},
{"type":"Feature","geometry":{"type":"MultiPolygon","coordinates":[[[[141.26884,38.74801],[141.27031,38.74813],[141.27212,38.74693],[141.27273,38.74795],[141.27175,38.74879],[141.2699,38.7491],[141.26884,38.74801]]],[[[141.26824,38.75073],[141.26873,38.7499],[141.26994,38.75027],[141.27,38.75162],[141.26829,38.7516],[141.26824,38.75073]]],[[[141.2685,38.75307],[141.26871,38.75225],[141.27031,38.75184],[141.2699,38.7531],[141.2685,38.75307]]],[[[141.27,38.75291],[141.27105,38.75219],[141.27359,38.75108],[141.27508,38.7525],[141.27441,38.75385],[141.27153,38.75347],[141.27,38.75291]]],[[[141.27205,38.74643],[141.27312,38.74667],[141.27326,38.74511],[141.27457,38.74614],[141.27375,38.74782],[141.27278,38.74794],[141.27205,38.74643]]],[[[141.27321,38.74831],[141.27378,38.74784],[141.27501,38.74539],[141.27621,38.74506],[141.27732,38.74597],[141.27876,38.74794],[141.27744,38.74809],[141.27717,38.7493],[141.27557,38.75071],[141.27388,38.75125],[141.2726,38.75001],[141.27321,38.74831]]]]},"properties":{"林班":"D004","市町村名称":"登米市","旧市町村":null}},
{"type":"Feature","geometry":{"type":"MultiPolygon","coordinates":[[[[141.25517,38.75509],[141.2562,38.75705],[141.25456,38.75625],[141.25517,38.75509]]],[[[141.25615,38.75923],[141.25682,38.75923],[141.2577,38.76045],[141.25674,38.76093],[141.25531,38.75949],[141.25615,38.75923]]],[[[141.25807,38.75832],[141.25897,38.75883],[141.25823,38.75972],[141.25726,38.75894],[141.25807,38.75832]]]]},"properties":{"林班":"D003","市町村名称":"登米市","旧市町村":null}},
{"type":"Feature","geometry":{"type":"MultiPolygon","coordinates":[[[[141.27547,38.67739],[141.27655,38.67681],[141.27799,38.67683],[141.27854,38.67673],[141.27847,38.67769],[141.27787,38.67812],[141.27744,38.67885],[141.275,38.67869],[141.27547,38.67739]]],[[[141.27515,38.68089],[141.27666,38.68112],[141.27541,38.68242],[141.27478,38.68162],[141.27515,38.68089]]],[[[141.2776,38.67908],[141.27789,38.67814],[141.27965,38.67829],[141.28115,38.679],[141.28222,38.68025],[141.28023,38.68119],[141.2785,38.68168],[141.27878,38.68307],[141.27706,38.68314],[141.27782,38.68135],[141.27728,38.68022],[141.27608,38.67936],[141.2776,38.67908]]]]},"properties":{"林班":"D009","市町村名称":"登米市","旧市町村":null}},
{"type":"Feature","geometry":{"type":"MultiPolygon","coordinates":[[[[141.27789,38.68371],[141.2798,38.68399],[141.28052,38.68496],[141.28059,38.6865],[141.27988,38.6874],[141.27878,38.6867],[141.27781,38.68666],[141.2769,38.68514],[141.27789,38.68371]]],[[[141.28407,38.68515],[141.28275,38.68501],[141.28222,38.6855],[141.2809,38.68538],[141.2799,38.6841],[141.2812,38.68307],[141.2828,38.68366],[141.28407,38.68515]]]]},"properties":{"林班":"D008","市町村名称":"登米市","旧市町村":null}},
{"type":"Feature","geometry":{"type":"MultiPolygon","coordinates":[[[[141.26724,38.695],[141.26793,38.69582],[141.2678,38.6967],[141.26671,38.6954],[141.26724,38.695]]],[[[141.26772,38.69168],[141.26867,38.69239],[141.2686,38.69324],[141.26747,38.6932],[141.26772,38.69168]]]]},"properties":{"林班":"D007","市町村名称":"登米市","旧市町村":null}},
{"type":"Feature","geometry":{"type":"MultiPolygon","coordinates":[[[[141.41309,38.39901],[141.4107,38.40034],[141.41156,38.39675],[141.41152,38.39557],[141.41209,38.39658],[141.41303,38.39706],[141.4142,38.39703],[141.41471,38.39697],[141.41578,38.39863],[141.41392,38.3979],[141.41309,38.39901]]],[[[141.41129,38.40345],[141.41196,38.40198],[141.41164,38.40033],[141.41339,38.3993],[141.41431,38.39827],[141.41596,38.39888],[141.41479,38.39697],[141.41611,38.39712],[141.41778,38.39881],[141.41885,38.40061],[141.421,38.40289],[141.42116,38.40333],[141.42117,38.40411],[141.42205,38.40508],[141.42132,38.40518],[141.41957,38.40653],[141.41898,38.406],[141.41729,38.40538],[141.41678,38.40481],[141.41628,38.40465],[141.4163,38.40396],[141.4163,38.4037],[141.41556,38.40301],[141.41418,38.40294],[141.41296,38.4034],[141.41129,38.40345]]]]},"properties":{"林班":"A106","市町村名称":"石巻市","旧市町村":null}},
{"type":"Feature","geometry":{"type":"Polygon","coordinates":[[[141.41134,38.40437],[141.41129,38.40345],[141.41296,38.4034],[141.41418,38.40294],[141.41556,38.40301],[141.4163,38.4037],[141.4163,38.40396],[141.41628,38.40465],[141.41678,38.40481],[141.41729,38.40538],[141.41898,38.406],[141.41957,38.40653],[141.4195,38.40693],[141.41941,38.40806],[141.42037,38.40924],[141.42091,38.40969],[141.41864,38.41077],[141.41755,38.41086],[141.41714,38.41075],[141.41678,38.41075],[141.41648,38.41085],[141.41643,38.41085],[141.41643,38.41086],[141.41631,38.41088],[141.41385,38.411],[141.4136,38.41022],[141.41252,38.40979],[141.41143,38.40862],[141.41094,38.40713],[141.4117,38.40554],[141.41134,38.40437]]]},"properties":{"林班":"A105","市町村名称":"石巻市","旧市町村":null}},
{"type":"Feature","geometry":{"type":"MultiPolygon","coordinates":[[[[141.39939,38.40108],[141.40045,38.40047],[141.40158,38.40048],[141.40239,38.40203],[141.40366,38.40228],[141.40461,38.40125],[141.40444,38.40236],[141.4058,38.40363],[141.40632,38.40323],[141.40804,38.40408],[141.40901,38.40414],[141.40976,38.40509],[141.41005,38.40635],[141.41013,38.40673],[141.40908,38.40611],[141.40811,38.40658],[141.40585,38.40502],[141.40376,38.40489],[141.40232,38.40511],[141.40107,38.40581],[141.39942,38.40499],[141.39806,38.40503],[141.39658,38.40397],[141.39568,38.40324],[141.39939,38.40108]]],[[[141.40107,38.40581],[141.40232,38.40517],[141.40546,38.405],[141.40677,38.40573],[141.40716,38.40643],[141.40936,38.40713],[141.41143,38.40862],[141.41252,38.40979],[141.4136,38.41022],[141.41385,38.411],[141.4123,38.41115],[141.40858,38.40981],[141.40715,38.40842],[141.40403,38.40727],[141.40197,38.40668],[141.40107,38.40581]]]]},"properties":{"林班":"A104","市町村名称":"石巻市","旧市町村":null}},
{"type":"Feature","geometry":{"type":"MultiPolygon","coordinates":[[[[141.3916,38.39757],[141.39192,38.3966],[141.39332,38.39773],[141.39453,38.39772],[141.3948,38.39849],[141.39696,38.39719],[141.39884,38.39655],[141.39984,38.39675],[141.40057,38.3963],[141.40179,38.39684],[141.4011,38.3988],[141.40119,38.39971],[141.40005,38.4002],[141.39939,38.40108],[141.39568,38.40324],[141.39566,38.40209],[141.39422,38.40168],[141.39239,38.40046],[141.3916,38.39757]]],[[[141.39894,38.3965],[141.39922,38.39637],[141.39947,38.39626],[141.39994,38.39594],[141.39973,38.3965],[141.39894,38.3965]]]]},"properties":{"林班":"A103","市町村名称":"石巻市","旧市町村":null}},
{"type":"Feature","geometry":{"type":"Polygon","coordinates":[[[141.42792,38.41467],[141.42818,38.41372],[141.42709,38.4124],[141.42619,38.41032],[141.42601,38.4091],[141.42737,38.40706],[141.42752,38.40631],[141.42892,38.40454],[141.43106,38.40651],[141.43214,38.40666],[141.43298,38.40741],[141.43413,38.40716],[141.43629,38.40807],[141.43882,38.4084],[141.43741,38.40964],[141.43803,38.41114],[141.43376,38.41115],[141.43192,38.41057],[141.43088,38.41059],[141.42997,38.40954],[141.42878,38.41004],[141.4286,38.41223],[141.42929,38.41276],[141.42868,38.41421],[141.42863,38.41425],[141.42822,38.41454],[141.42792,38.41467]]]},"properties":{"林班":"A109","市町村名称":"石巻市","旧市町村":null}},
{"type":"Feature","geometry":{"type":"Polygon","coordinates":[[[141.42205,38.40508],[141.42327,38.40475],[141.42428,38.40304],[141.42537,38.40213],[141.42859,38.40178],[141.42918,38.4023],[141.42892,38.40454],[141.42752,38.40631],[141.42737,38.40706],[141.42601,38.4091],[141.42619,38.41032],[141.42709,38.4124],[141.42818,38.41372],[141.42792,38.41467],[141.42617,38.41382],[141.4263,38.41331],[141.42541,38.41211],[141.42442,38.41155],[141.42412,38.4114],[141.42334,38.41152],[141.42317,38.41156],[141.42207,38.41111],[141.42198,38.41032],[141.42151,38.4099],[141.42037,38.40924],[141.41941,38.40806],[141.4195,38.40693],[141.41957,38.40653],[141.42132,38.40518],[141.42205,38.40508]]]},"properties":{"林班":"A108","市町村名称":"石巻市","旧市町村":null}},
{"type":"Feature","geometry":{"type":"Polygon","coordinates":[[[141.41152,38.39557],[141.41349,38.39604],[141.4141,38.39556],[141.41431,38.39435],[141.41383,38.3931],[141.41477,38.39158],[141.4155,38.39174],[141.41665,38.39331],[141.41743,38.395],[141.41946,38.39694],[141.42112,38.39559],[141.42235,38.39585],[141.42306,38.39521],[141.42594,38.3962],[141.42561,38.3979],[141.42861,38.40017],[141.42859,38.40178],[141.42537,38.40213],[141.42428,38.40304],[141.42327,38.40475],[141.42205,38.40508],[141.42116,38.40333],[141.421,38.40289],[141.41885,38.40061],[141.41778,38.39881],[141.41611,38.39712],[141.41479,38.39697],[141.41471,38.39697],[141.4142,38.39703],[141.41303,38.39706],[141.41209,38.39658],[141.41152,38.39557]]]},"properties":{"林班":"A107","市町村名称":"石巻市","旧市町村":null}},
{"type":"Feature","geometry":{"type":"MultiPolygon","coordinates":[[[[141.43751,38.39086],[141.44105,38.38991],[141.4428,38.38994],[141.44534,38.39047],[141.44276,38.39204],[141.44295,38.3931],[141.44669,38.39305],[141.44849,38.39248],[141.44881,38.39466],[141.44633,38.39575],[141.44674,38.39735],[141.44527,38.39766],[141.44232,38.39763],[141.44205,38.39758],[141.44148,38.39731],[141.43973,38.3971],[141.4378,38.3965],[141.43729,38.39576],[141.43512,38.39517],[141.43348,38.39505],[141.43321,38.39361],[141.43613,38.39289],[141.43751,38.39086]]],[[[141.43127,38.39385],[141.43301,38.39362],[141.4327,38.39473],[141.43127,38.39385]]]]},"properties":{"林班":"A113","市町村名称":"石巻市","旧市町村":null}},
{"type":"Feature","geometry":{"type":"Polygon","coordinates":[[[141.44205,38.39758],[141.44232,38.39763],[141.44527,38.39766],[141.44607,38.39798],[141.44769,38.39758],[141.44888,38.39853],[141.44865,38.39996],[141.44791,38.40116],[141.44615,38.40159],[141.44685,38.40282],[141.44877,38.40279],[141.44941,38.40405],[141.44817,38.4039],[141.4474,38.40546],[141.44492,38.40543],[141.44304,38.40347],[141.44205,38.40462],[141.4401,38.40044],[141.44138,38.39929],[141.44148,38.39731],[141.44205,38.39758]]]},"properties":{"林班":"A112","市町村名称":"石巻市","旧市町村":null}},
{"type":"Feature","geometry":{"type":"MultiPolygon","coordinates":[[[[141.43707,38.40115],[141.43839,38.40109],[141.43746,38.40037],[141.43749,38.39977],[141.43539,38.3986],[141.43488,38.39735],[141.43656,38.39648],[141.4378,38.3965],[141.43973,38.3971],[141.44148,38.39731],[141.44138,38.39929],[141.4401,38.40044],[141.44205,38.40462],[141.44308,38.40601],[141.44358,38.40725],[141.44221,38.40701],[141.44065,38.40536],[141.44005,38.40624],[141.43916,38.40495],[141.43833,38.40291],[141.43707,38.40115]]],[[[141.43278,38.399],[141.43471,38.39811],[141.43554,38.39891],[141.43667,38.39945],[141.43735,38.40042],[141.43699,38.40102],[141.43581,38.40022],[141.43407,38.39972],[141.43278,38.399]]]]},"properties":{"林班":"A111","市町村名称":"石巻市","旧市町村":null}},
{"type":"Feature","geometry":{"type":"Polygon","coordinates":[[[141.42918,38.4023],[141.43036,38.40124],[141.43137,38.40091],[141.43143,38.40017],[141.43278,38.399],[141.43407,38.39972],[141.43581,38.40022],[141.43699,38.40102],[141.43707,38.40115],[141.43833,38.40291],[141.43916,38.40495],[141.44005,38.40624],[141.44141,38.40749],[141.43882,38.4084],[141.43629,38.40807],[141.43413,38.40716],[141.43298,38.40741],[141.43214,38.40666],[141.43106,38.40651],[141.42892,38.40454],[141.42918,38.4023]]]},"properties":{"林班":"A110","市町村名称":"石巻市","旧市町村":null}},
{"type":"Feature","geometry":{"type":"MultiPolygon","coordinates":[[[[141.39123,38.38898],[141.39214,38.38986],[141.39518,38.39093],[141.39537,38.39144],[141.39721,38.39119],[141.39762,38.39249],[141.39918,38.39444],[141.39994,38.39594],[141.39947,38.39626],[141.39924,38.39572],[141.39741,38.39522],[141.39756,38.39386],[141.39702,38.39331],[141.39621,38.3931],[141.39624,38.39199],[141.39451,38.39218],[141.39282,38.3906],[141.39158,38.39098],[141.3898,38.39023],[141.39123,38.38898]]],[[[141.38912,38.39096],[141.39042,38.39066],[141.39129,38.39129],[141.39281,38.39081],[141.39479,38.39292],[141.39553,38.3922],[141.39604,38.39307],[141.39691,38.39333],[141.39742,38.39433],[141.3966,38.39495],[141.39922,38.39637],[141.39894,38.3965],[141.39884,38.39655],[141.39696,38.39719],[141.3948,38.39849],[141.39453,38.39772],[141.39332,38.39773],[141.39192,38.3966],[141.3916,38.39757],[141.38997,38.39625],[141.38886,38.39497],[141.38877,38.39352],[141.38799,38.39203],[141.3882,38.39155],[141.38912,38.39096]]]]},"properties":{"林班":"A102","市町村名称":"石巻市","旧市町村":null}},
{"type":"Feature","geometry":{"type":"Polygon","coordinates":[[[141.3886,38.40239],[141.38984,38.39877],[141.39031,38.39801],[141.38997,38.39625],[141.3916,38.39757],[141.39239,38.40046],[141.39422,38.40168],[141.39566,38.40209],[141.39568,38.40324],[141.39658,38.40397],[141.39561,38.40407],[141.39415,38.40614],[141.39152,38.40647],[141.39082,38.40634],[141.38982,38.40527],[141.39002,38.4042],[141.38909,38.40352],[141.3886,38.40239]]]},"properties":{"林班":"A101","市町村名称":"石巻市","旧市町村":null}},
{"type":"Feature","geometry":{"type":"Polygon","coordinates":[[[141.3882,38.39155],[141.38799,38.39203],[141.38877,38.39352],[141.38886,38.39497],[141.38997,38.39625],[141.39031,38.39801],[141.38984,38.39877],[141.3886,38.40239],[141.38727,38.40232],[141.38646,38.40194],[141.38587,38.40052],[141.38594,38.39955],[141.38445,38.39918],[141.3836,38.39836],[141.38421,38.39697],[141.38279,38.39486],[141.38266,38.39468],[141.38213,38.394],[141.38425,38.39276],[141.38667,38.39208],[141.3882,38.39155]]]},"properties":{"林班":"A100","市町村名称":"石巻市","旧市町村":null}},
{"type":"Feature","geometry":{"type":"MultiPolygon","coordinates":[[[[141.43767,38.34932],[141.43936,38.34835],[141.44103,38.34865],[141.44047,38.35035],[141.4421,38.35175],[141.44182,38.35228],[141.44166,38.353],[141.44166,38.35307],[141.44207,38.35342],[141.44194,38.35397],[141.44186,38.35404],[141.4401,38.35515],[141.43737,38.35547],[141.43707,38.35589],[141.43677,38.35611],[141.43505,38.35646],[141.43461,38.35586],[141.43545,38.3546],[141.4352,38.35362],[141.43586,38.35305],[141.43598,38.35136],[141.43543,38.34987],[141.43648,38.35042],[141.43735,38.34993],[141.43767,38.34932]]],[[[141.43796,38.35608],[141.43768,38.35588],[141.43989,38.35533],[141.43796,38.35608]]]]},"properties":{"林班":"A128","市町村名称":"石巻市","旧市町村":null}},
{"type":"Feature","geometry":{"type":"MultiPolygon","coordinates":[[[[141.42208,38.34396],[141.4245,38.34638],[141.42375,38.34701],[141.42312,38.34677],[141.42249,38.34691],[141.42232,38.34884],[141.42144,38.34874],[141.42031,38.34949],[141.41866,38.34885],[141.41644,38.34729],[141.41752,38.34697],[141.41984,38.34774],[141.42186,38.348],[141.42097,38.34599],[141.42206,38.34488],[141.42208,38.34396]]],[[[141.42518,38.35359],[141.42551,38.35231],[141.42313,38.35102],[141.42387,38.34951],[141.42239,38.34843],[141.42292,38.34692],[141.42373,38.34724],[141.42549,38.34704],[141.42711,38.3478],[141.42806,38.34707],[141.42886,38.34726],[141.42954,38.34849],[141.43169,38.34863],[141.43241,38.34779],[141.4346,38.34888],[141.43543,38.34987],[141.43598,38.35136],[141.43586,38.35305],[141.4352,38.35362],[141.43545,38.3546],[141.43461,38.35586],[141.43277,38.3551],[141.43101,38.35365],[141.43021,38.35196],[141.42912,38.35091],[141.42827,38.35193],[141.42647,38.35314],[141.42518,38.35359]]]]},"properties":{"林班":"A127","市町村名称":"石巻市","旧市町村":null}},
{"type":"Feature","geometry":{"type":"MultiPolygon","coordinates":[[[[141.4191,38.35113],[141.42156,38.35125],[141.4249,38.35379],[141.42414,38.3553],[141.42233,38.3556],[141.41943,38.35424],[141.41635,38.35547],[141.41579,38.35467],[141.41712,38.35321],[141.41792,38.35324],[141.41814,38.35099],[141.4191,38.35113]]],[[[141.42533,38.35721],[141.42467,38.35469],[141.42518,38.35359],[141.42647,38.35314],[141.42827,38.35193],[141.42912,38.35091],[141.43021,38.35196],[141.43101,38.35365],[141.43004,38.35403],[141.42915,38.35529],[141.42688,38.3559],[141.42533,38.35721]]]]},"properties":{"林班":"A126","市町村名称":"石巻市","旧市町村":null}},
{"type":"Feature","geometry":{"type":"Polygon","coordinates":[[[141.42533,38.35721],[141.42653,38.35724],[141.42732,38.3561],[141.42958,38.356],[141.42917,38.3571],[141.43213,38.35758],[141.43426,38.35847],[141.43467,38.35856],[141.43668,38.35809],[141.43671,38.35886],[141.43659,38.35906],[141.43609,38.36011],[141.43597,38.36036],[141.43575,38.36119],[141.43527,38.36169],[141.43483,38.36245],[141.43193,38.36307],[141.42981,38.36472],[141.42844,38.3626],[141.42693,38.36136],[141.42579,38.35919],[141.42459,38.35862],[141.42539,38.35792],[141.42418,38.35741],[141.42517,38.35722],[141.42533,38.35721]],[[141.43164,38.36141],[141.42981,38.35936],[141.42901,38.35989],[141.43049,38.3605],[141.43164,38.36141]]]},"properties":{"林班":"A125","市町村名称":"石巻市","旧市町村":null}},
{"type":"Feature","geometry":{"type":"MultiPolygon","coordinates":[[[[141.4401,38.34797],[141.43961,38.34733],[141.43701,38.3477],[141.43616,38.34756],[141.43465,38.34557],[141.43362,38.34481],[141.43141,38.34202],[141.43198,38.34173],[141.43314,38.34261],[141.43395,38.34205],[141.43586,38.3418],[141.43721,38.34251],[141.43954,38.34426],[141.4406,38.34432],[141.44099,38.34505],[141.4388,38.34613],[141.44022,38.34783],[141.4401,38.34797]]],[[[141.43241,38.34779],[141.43231,38.34721],[141.43326,38.34587],[141.43393,38.34604],[141.43642,38.34784],[141.43735,38.34993],[141.43648,38.35042],[141.43543,38.34987],[141.4346,38.34888],[141.43241,38.34779]]],[[[141.43767,38.34932],[141.43711,38.34812],[141.43907,38.34743],[141.43936,38.34835],[141.43767,38.34932]]]]},"properties":{"林班":"A129","市町村名称":"石巻市","旧市町村":null}},
{"type":"Feature","geometry":{"type":"MultiPolygon","coordinates":[[[[141.43461,38.35586],[141.43505,38.35646],[141.43551,38.35651],[141.43663,38.3562],[141.43708,38.35714],[141.43668,38.35809],[141.43467,38.35856],[141.43426,38.35847],[141.43213,38.35758],[141.42917,38.3571],[141.42958,38.356],[141.42732,38.3561],[141.42653,38.35724],[141.42533,38.35721],[141.42688,38.3559],[141.42915,38.35529],[141.43004,38.35403],[141.43101,38.35365],[141.43277,38.3551],[141.43461,38.35586]]],[[[141.44137,38.35626],[141.44091,38.35606],[141.44173,38.35595],[141.44213,38.35637],[141.44237,38.35664],[141.44137,38.35626]]],[[[141.44061,38.35614],[141.44279,38.35701],[141.443,38.35732],[141.44192,38.3577],[141.443,38.35732],[141.44279,38.35777],[141.44335,38.35764],[141.4435,38.3577],[141.44304,38.35808],[141.44335,38.3583],[141.44348,38.35846],[141.44358,38.3587],[141.44434,38.35885],[141.44526,38.3599],[141.44775,38.36001],[141.44937,38.35854],[141.45001,38.35723],[141.45037,38.35747],[141.45079,38.35903],[141.45107,38.36171],[141.45211,38.36355],[141.45223,38.36443],[141.45117,38.36406],[141.45033,38.36523],[141.45071,38.36631],[141.44991,38.36747],[141.45047,38.36953],[141.45042,38.37056],[141.44797,38.37039],[141.44565,38.37079],[141.44387,38.36989],[141.44362,38.36869],[141.44675,38.3684],[141.4467,38.36788],[141.44519,38.36803],[141.44454,38.36802],[141.4447,38.36794],[141.44475,38.36791],[141.44729,38.36653],[141.44816,38.36551],[141.44825,38.36452],[141.44969,38.36341],[141.44915,38.362],[141.4475,38.36105],[141.4441,38.36089],[141.44324,38.36028],[141.44238,38.36096],[141.44277,38.36168],[141.44258,38.36374],[141.44164,38.36372],[141.4413,38.36285],[141.44226,38.36041],[141.44055,38.36081],[141.44026,38.35913],[141.43935,38.35909],[141.43872,38.35837],[141.43691,38.359],[141.4386,38.35746],[141.43768,38.35588],[141.43796,38.35608],[141.43834,38.35663],[141.43929,38.35631],[141.44061,38.35614]]],[[[141.43671,38.35886],[141.43682,38.35902],[141.43659,38.35906],[141.43671,38.35886]]]]},"properties":{"林班":"A130","市町村名称":"石巻市","旧市町村":null}},
{"type":"Feature","geometry":{"type":"MultiPolygon","coordinates":[[[[141.44369,38.38105],[141.4411,38.38109],[141.44065,38.38084],[141.44212,38.38092],[141.44282,38.38091],[141.44369,38.38105]]],[[[141.43813,38.38188],[141.44118,38.38117],[141.44353,38.38121],[141.44433,38.38159],[141.4452,38.38228],[141.4452,38.38298],[141.44687,38.38292],[141.44638,38.38116],[141.44572,38.38058],[141.44753,38.3786],[141.44744,38.37965],[141.44793,38.38141],[141.44941,38.3825],[141.45168,38.38241],[141.45359,38.38378],[141.4561,38.3844],[141.45652,38.38585],[141.45588,38.38618],[141.45568,38.38825],[141.45295,38.3887],[141.45205,38.38944],[141.45048,38.38811],[141.44973,38.3882],[141.44806,38.38556],[141.44732,38.38556],[141.44545,38.38755],[141.44409,38.38701],[141.44361,38.38628],[141.44209,38.38572],[141.44258,38.38484],[141.44113,38.38363],[141.43859,38.38251],[141.43813,38.38188]]]]},"properties":{"林班":"A117","市町村名称":"石巻市","旧市町村":null}},
{"type":"Feature","geometry":{"type":"Polygon","coordinates":[[[141.43093,38.38282],[141.43281,38.38337],[141.43417,38.38454],[141.43481,38.38353],[141.4363,38.38278],[141.43746,38.38327],[141.43813,38.38188],[141.43859,38.38251],[141.44113,38.38363],[141.44258,38.38484],[141.44209,38.38572],[141.44361,38.38628],[141.44409,38.38701],[141.44545,38.38755],[141.44568,38.38871],[141.44639,38.38919],[141.44642,38.39012],[141.44534,38.39047],[141.4428,38.38994],[141.44105,38.38991],[141.43751,38.39086],[141.43607,38.38982],[141.4336,38.38715],[141.43195,38.38621],[141.43174,38.38489],[141.43093,38.38282]]]},"properties":{"林班":"A116","市町村名称":"石巻市","旧市町村":null}},
{"type":"Feature","geometry":{"type":"MultiPolygon","coordinates":[[[[141.42062,38.37649],[141.42181,38.37733],[141.42323,38.37677],[141.42396,38.37692],[141.42374,38.3781],[141.42482,38.37807],[141.42694,38.37971],[141.42639,38.38023],[141.42491,38.37931],[141.42295,38.37995],[141.42188,38.37964],[141.42157,38.38073],[141.42058,38.38071],[141.41945,38.37986],[141.41937,38.37913],[141.41785,38.37769],[141.41772,38.37701],[141.41968,38.37691],[141.42062,38.37649]]],[[[141.4241,38.3828],[141.42665,38.38271],[141.42797,38.38395],[141.42848,38.3851],[141.42855,38.38671],[141.42783,38.38712],[141.42701,38.38674],[141.42719,38.38627],[141.42582,38.38542],[141.42467,38.38378],[141.42429,38.3833],[141.4241,38.3828]]],[[[141.42985,38.38133],[141.43064,38.38375],[141.43057,38.38466],[141.42858,38.38476],[141.42834,38.38387],[141.42953,38.38371],[141.43015,38.38232],[141.4277,38.38114],[141.42955,38.38087],[141.42985,38.38133]]],[[[141.42925,38.38661],[141.4301,38.38487],[141.43086,38.38512],[141.43093,38.38282],[141.43174,38.38489],[141.43195,38.38621],[141.42925,38.38661]]]]},"properties":{"林班":"A115","市町村名称":"石巻市","旧市町村":null}},
{"type":"Feature","geometry":{"type":"MultiPolygon","coordinates":[[[[141.43127,38.39385],[141.43087,38.39197],[141.42888,38.3911],[141.42883,38.38955],[141.42683,38.38968],[141.42504,38.38851],[141.42465,38.38716],[141.42329,38.38597],[141.42289,38.38464],[141.42401,38.38392],[141.4241,38.3828],[141.42429,38.3833],[141.42467,38.38378],[141.42582,38.38542],[141.42719,38.38627],[141.42701,38.38674],[141.42783,38.38712],[141.42897,38.38668],[141.43068,38.38785],[141.43121,38.38879],[141.43085,38.38972],[141.43222,38.39075],[141.4322,38.39198],[141.43301,38.39362],[141.43127,38.39385]]],[[[141.42925,38.38661],[141.43195,38.38621],[141.4336,38.38715],[141.43607,38.38982],[141.43751,38.39086],[141.43613,38.39289],[141.43321,38.39361],[141.43337,38.3928],[141.43234,38.3921],[141.43281,38.39156],[141.43244,38.39035],[141.4312,38.38991],[141.43133,38.38848],[141.43091,38.38785],[141.42925,38.38661]]]]},"properties":{"林班":"A114","市町村名称":"石巻市","旧市町村":null}},
{"type":"Feature","geometry":{"type":"Polygon","coordinates":[[[141.44753,38.3786],[141.44871,38.3787],[141.4487,38.37764],[141.45025,38.3767],[141.45229,38.37683],[141.45393,38.37758],[141.4556,38.376],[141.45693,38.37618],[141.45794,38.37492],[141.45794,38.37404],[141.45913,38.37479],[141.46045,38.37509],[141.46088,38.3771],[141.45959,38.38105],[141.45949,38.383],[141.45767,38.38351],[141.4561,38.3844],[141.45359,38.38378],[141.45168,38.38241],[141.44941,38.3825],[141.44793,38.38141],[141.44744,38.37965],[141.44753,38.3786]]]},"properties":{"林班":"A119","市町村名称":"石巻市","旧市町村":null}},
{"type":"Feature","geometry":{"type":"Polygon","coordinates":[[[141.44065,38.38084],[141.43905,38.37995],[141.43788,38.37847],[141.43677,38.37795],[141.43655,38.3767],[141.43494,38.37654],[141.43418,38.37556],[141.43186,38.37398],[141.43253,38.37316],[141.43511,38.37372],[141.43565,38.37224],[141.43711,38.37196],[141.43782,38.3731],[141.4377,38.37387],[141.44035,38.3759],[141.44127,38.37551],[141.44308,38.37573],[141.44465,38.37691],[141.44597,38.37893],[141.44555,38.3804],[141.44631,38.38154],[141.4452,38.38228],[141.44433,38.38159],[141.44369,38.38105],[141.44282,38.38091],[141.44212,38.38092],[141.44065,38.38084]]]},"properties":{"林班":"A118","市町村名称":"石巻市","旧市町村":null}},
{"type":"Feature","geometry":{"type":"MultiPolygon","coordinates":[[[[141.46125,38.36443],[141.46233,38.36278],[141.46264,38.36277],[141.46302,38.36275],[141.46336,38.36273],[141.46531,38.36182],[141.4668,38.36347],[141.46546,38.36544],[141.4655,38.36624],[141.46524,38.36696],[141.46633,38.36765],[141.46684,38.36893],[141.46749,38.36921],[141.46845,38.37094],[141.46765,38.37159],[141.46831,38.37308],[141.46778,38.3738],[141.46487,38.37499],[141.46391,38.37473],[141.46211,38.37512],[141.4601,38.37402],[141.46197,38.37293],[141.46437,38.37311],[141.46336,38.37213],[141.46198,38.37262],[141.46147,38.37192],[141.46244,38.37074],[141.46376,38.37043],[141.46372,38.36941],[141.46342,38.36917],[141.46399,38.36868],[141.46411,38.36806],[141.46504,38.36779],[141.46488,38.36737],[141.46543,38.36571],[141.46474,38.36554],[141.46461,38.36515],[141.46387,38.36427],[141.46358,38.36432],[141.46349,38.36481],[141.46302,38.36461],[141.4627,38.36458],[141.46217,38.36419],[141.46125,38.36443]]],[[[141.46124,38.36451],[141.46208,38.36424],[141.46263,38.3646],[141.46311,38.3647],[141.46347,38.365],[141.46364,38.36431],[141.46452,38.3651],[141.46501,38.36654],[141.46471,38.36693],[141.46489,38.36781],[141.46427,38.36795],[141.46395,38.36814],[141.46398,38.36866],[141.46332,38.36921],[141.46309,38.36982],[141.46361,38.37039],[141.46253,38.37067],[141.46268,38.36935],[141.46224,38.36922],[141.46232,38.36883],[141.46214,38.36806],[141.46155,38.36689],[141.46173,38.36618],[141.46124,38.36451]]],[[[141.46185,38.37004],[141.46235,38.37057],[141.46141,38.37174],[141.4615,38.37281],[141.46023,38.37258],[141.46195,38.37065],[141.46185,38.37004]]],[[[141.46199,38.37561],[141.46352,38.37518],[141.46793,38.37567],[141.4696,38.37751],[141.47095,38.37771],[141.47189,38.37877],[141.47176,38.38002],[141.47303,38.38078],[141.47346,38.38186],[141.47176,38.38244],[141.47189,38.38334],[141.47073,38.38396],[141.46958,38.38238],[141.46861,38.38246],[141.46846,38.38403],[141.46711,38.38418],[141.46645,38.38361],[141.46624,38.38234],[141.46715,38.38193],[141.46534,38.38062],[141.46544,38.37932],[141.46199,38.37561]]],[[[141.4753,38.38321],[141.47523,38.38372],[141.47499,38.38466],[141.47392,38.38387],[141.47392,38.38226],[141.47539,38.38269],[141.4753,38.38321]]]]},"properties":{"林班":"A120","市町村名称":"石巻市","旧市町村":null}},
{"type":"Feature","geometry":{"type":"MultiPolygon","coordinates":[[[[141.44164,38.36372],[141.44038,38.36496],[141.43963,38.36491],[141.43804,38.36322],[141.43752,38.36209],[141.43641,38.36377],[141.43525,38.36344],[141.43483,38.36245],[141.43527,38.36169],[141.43575,38.36119],[141.43597,38.36036],[141.43609,38.36011],[141.43659,38.35906],[141.43682,38.35902],[141.43691,38.359],[141.43872,38.35837],[141.43935,38.35909],[141.44026,38.35913],[141.44055,38.36081],[141.44226,38.36041],[141.4413,38.36285],[141.44164,38.36372]]],[[[141.44258,38.36374],[141.44277,38.36168],[141.44238,38.36096],[141.44324,38.36028],[141.4441,38.36089],[141.4475,38.36105],[141.44915,38.362],[141.44969,38.36341],[141.44825,38.36452],[141.44816,38.36551],[141.44729,38.36653],[141.44475,38.36791],[141.44204,38.3657],[141.44258,38.36374]]],[[[141.44519,38.36803],[141.4467,38.36788],[141.44675,38.3684],[141.44362,38.36869],[141.44387,38.36989],[141.44565,38.37079],[141.44797,38.37039],[141.45042,38.37056],[141.45046,38.37093],[141.44941,38.37119],[141.44672,38.37087],[141.44586,38.3711],[141.44364,38.37047],[141.44234,38.36931],[141.44302,38.3677],[141.4448,38.36852],[141.44519,38.36803]]]]},"properties":{"林班":"A124","市町村名称":"石巻市","旧市町村":null}},
{"type":"Feature","geometry":{"type":"MultiPolygon","coordinates":[[[[141.4421,38.35175],[141.44355,38.35086],[141.44441,38.35171],[141.44353,38.35302],[141.44252,38.35321],[141.44344,38.35466],[141.44308,38.35476],[141.44173,38.35595],[141.44091,38.35606],[141.4401,38.35515],[141.44186,38.35404],[141.44194,38.35397],[141.44207,38.35342],[141.44166,38.35307],[141.44166,38.353],[141.44182,38.35228],[141.4421,38.35175]]],[[[141.43929,38.35631],[141.43834,38.35663],[141.43796,38.35608],[141.43989,38.35533],[141.44061,38.35614],[141.43929,38.35631]]],[[[141.44279,38.35701],[141.44221,38.35613],[141.44321,38.35568],[141.44422,38.35591],[141.4444,38.35709],[141.44335,38.35764],[141.44279,38.35777],[141.443,38.35732],[141.44279,38.35701]]],[[[141.44335,38.3583],[141.44304,38.35808],[141.4435,38.3577],[141.44448,38.35756],[141.44465,38.35645],[141.44586,38.35652],[141.44677,38.35568],[141.4482,38.35567],[141.45001,38.35723],[141.44937,38.35854],[141.44775,38.36001],[141.44526,38.3599],[141.44434,38.35885],[141.44358,38.3587],[141.44348,38.35846],[141.44335,38.3583]]]]},"properties":{"林班":"A123","市町村名称":"石巻市","旧市町村":null}},
{"type":"Feature","geometry":{"type":"MultiPolygon","coordinates":[[[[141.4524,38.35232],[141.45191,38.35265],[141.45131,38.35253],[141.45047,38.35268],[141.44987,38.35335],[141.44954,38.3525],[141.4487,38.35259],[141.44792,38.35193],[141.44866,38.35117],[141.44886,38.35012],[141.44965,38.34966],[141.44918,38.34782],[141.44974,38.34689],[141.44955,38.34598],[141.45057,38.34455],[141.44954,38.3423],[141.45026,38.34057],[141.45061,38.34185],[141.44998,38.34237],[141.45091,38.34386],[141.45169,38.34635],[141.45084,38.34798],[141.45256,38.35037],[141.45177,38.35149],[141.4524,38.35232]]],[[[141.45037,38.35747],[141.44918,38.35549],[141.449,38.35387],[141.44974,38.3535],[141.4508,38.35263],[141.45197,38.35273],[141.45263,38.35258],[141.45347,38.35327],[141.45247,38.35395],[141.45261,38.35481],[141.45501,38.35684],[141.45586,38.35689],[141.45737,38.35799],[141.45725,38.35948],[141.45741,38.3597],[141.45751,38.35984],[141.45749,38.3606],[141.45833,38.36183],[141.45786,38.36253],[141.45633,38.36323],[141.45502,38.36425],[141.45223,38.36443],[141.45211,38.36355],[141.45107,38.36171],[141.45079,38.35903],[141.45037,38.35747]]]]},"properties":{"林班":"A122","市町村名称":"石巻市","旧市町村":null}},
{"type":"Feature","geometry":{"type":"MultiPolygon","coordinates":[[[[141.45042,38.37056],[141.45047,38.36953],[141.44991,38.36747],[141.45071,38.36631],[141.45033,38.36523],[141.45117,38.36406],[141.45223,38.36443],[141.45502,38.36425],[141.45633,38.36323],[141.45786,38.36253],[141.45833,38.36183],[141.45958,38.36209],[141.45984,38.36218],[141.46185,38.3628],[141.46233,38.36278],[141.46125,38.36443],[141.46124,38.36451],[141.46173,38.36618],[141.46155,38.36689],[141.46214,38.36806],[141.46108,38.3684],[141.46076,38.37098],[141.45969,38.37252],[141.45785,38.37238],[141.45736,38.37038],[141.45617,38.37194],[141.4547,38.37178],[141.45274,38.37018],[141.45244,38.37117],[141.45046,38.37093],[141.45042,38.37056]]],[[[141.46185,38.37004],[141.46129,38.36915],[141.46232,38.36883],[141.46224,38.36922],[141.46185,38.37004]]]]},"properties":{"林班":"A121","市町村名称":"石巻市","旧市町村":null}},
{"type":"Feature","geometry":{"type":"MultiPolygon","coordinates":[[[[141.28916,38.56405],[141.29,38.56398],[141.29164,38.56524],[141.29125,38.56569],[141.28916,38.56405]]],[[[141.29001,38.56619],[141.29341,38.56682],[141.29437,38.5677],[141.29595,38.56836],[141.29705,38.57038],[141.29691,38.5719],[141.29408,38.57024],[141.29285,38.57077],[141.29225,38.57158],[141.29103,38.57128],[141.29099,38.57036],[141.29298,38.56819],[141.29056,38.56808],[141.29005,38.56892],[141.28872,38.56783],[141.29001,38.56619]]]]},"properties":{"林班":"E009","市町村名称":"石巻市","旧市町村":null}},
{"type":"Feature","geometry":{"type":"Polygon","coordinates":[[[141.27808,38.5667],[141.27944,38.56761],[141.28076,38.56689],[141.28281,38.56718],[141.28312,38.56617],[141.28451,38.56639],[141.28476,38.56589],[141.28652,38.56565],[141.28749,38.5648],[141.28868,38.56712],[141.28856,38.56784],[141.28728,38.56802],[141.28579,38.56865],[141.28491,38.56732],[141.28388,38.56833],[141.28197,38.56955],[141.28164,38.56942],[141.28071,38.56906],[141.27885,38.56948],[141.27751,38.56732],[141.27808,38.5667]]]},"properties":{"林班":"E008","市町村名称":"石巻市","旧市町村":null}},
{"type":"Feature","geometry":{"type":"MultiPolygon","coordinates":[[[[141.2826,38.55518],[141.28322,38.55431],[141.2836,38.55413],[141.28403,38.55347],[141.28434,38.55226],[141.28598,38.55213],[141.28686,38.55129],[141.28707,38.55082],[141.28717,38.55047],[141.28803,38.55023],[141.28987,38.55069],[141.29126,38.55254],[141.29191,38.55211],[141.29237,38.5539],[141.29312,38.55446],[141.29417,38.55645],[141.29438,38.55669],[141.29401,38.55799],[141.2946,38.55849],[141.2941,38.55936],[141.29171,38.55886],[141.28793,38.55872],[141.28664,38.55813],[141.28741,38.5575],[141.28473,38.55648],[141.28288,38.55632],[141.2826,38.55518]]],[[[141.28329,38.55769],[141.28442,38.55946],[141.28561,38.5603],[141.28689,38.55956],[141.28747,38.56076],[141.28485,38.56166],[141.28373,38.56153],[141.28369,38.56014],[141.28306,38.55885],[141.28329,38.55769]]]]},"properties":{"林班":"E010","市町村名称":"石巻市","旧市町村":null}},
{"type":"Feature","geometry":{"type":"MultiPolygon","coordinates":[[[[141.27198,38.54424],[141.27185,38.54586],[141.27135,38.54773],[141.27028,38.54786],[141.27018,38.54645],[141.26895,38.54631],[141.2676,38.54474],[141.26838,38.54331],[141.2698,38.54318],[141.2686,38.54177],[141.26954,38.54144],[141.26967,38.54144],[141.27003,38.54148],[141.2708,38.54279],[141.27085,38.54289],[141.27128,38.54409],[141.27198,38.54424]]],[[[141.27771,38.54847],[141.27846,38.5507],[141.27703,38.55105],[141.27574,38.55038],[141.27346,38.54981],[141.27175,38.54788],[141.27345,38.54575],[141.27478,38.5463],[141.27655,38.54793],[141.27651,38.548],[141.27629,38.54841],[141.27695,38.54827],[141.277,38.54823],[141.27771,38.54847]]]]},"properties":{"林班":"E014","市町村名称":"石巻市","旧市町村":null}},
{"type":"Feature","geometry":{"type":"MultiPolygon","coordinates":[[[[141.277,38.54823],[141.2766,38.54705],[141.27685,38.54571],[141.27811,38.54553],[141.27878,38.54441],[141.27853,38.54378],[141.27968,38.54251],[141.28076,38.54321],[141.28225,38.54298],[141.28257,38.54354],[141.28421,38.5437],[141.28464,38.54333],[141.28499,38.54338],[141.28546,38.54369],[141.2856,38.5439],[141.28518,38.54462],[141.28362,38.54572],[141.28237,38.54489],[141.28022,38.5474],[141.28014,38.54824],[141.27771,38.54847],[141.277,38.54823]]],[[[141.27629,38.54841],[141.27651,38.548],[141.27655,38.54793],[141.27695,38.54827],[141.27629,38.54841]]]]},"properties":{"林班":"E013","市町村名称":"石巻市","旧市町村":null}},
{"type":"Feature","geometry":{"type":"MultiPolygon","coordinates":[[[[141.29191,38.55211],[141.29074,38.55108],[141.29159,38.55046],[141.29144,38.5497],[141.28843,38.54967],[141.28779,38.54884],[141.28861,38.54799],[141.28537,38.54832],[141.28435,38.5478],[141.2861,38.54623],[141.28502,38.54597],[141.28474,38.54527],[141.28588,38.54438],[141.28645,38.54439],[141.28718,38.5441],[141.28754,38.54411],[141.28763,38.54424],[141.28773,38.54443],[141.28795,38.54476],[141.28801,38.5448],[141.28914,38.54508],[141.28933,38.54508],[141.28955,38.54511],[141.29135,38.54524],[141.2916,38.54557],[141.29162,38.5456],[141.29166,38.54566],[141.29262,38.54677],[141.294,38.5466],[141.2948,38.54777],[141.29429,38.54883],[141.29552,38.54973],[141.29695,38.54938],[141.2971,38.55074],[141.29766,38.55168],[141.2989,38.5523],[141.29924,38.55376],[141.29759,38.55449],[141.29618,38.55638],[141.29932,38.55594],[141.29956,38.55637],[141.29967,38.55653],[141.29994,38.55685],[141.29947,38.55769],[141.29753,38.55802],[141.29621,38.55867],[141.29438,38.55669],[141.29417,38.55645],[141.29362,38.55515],[141.29312,38.55446],[141.29237,38.5539],[141.29191,38.55211]]],[[[141.29544,38.54683],[141.2976,38.54615],[141.2977,38.54749],[141.29799,38.54799],[141.29895,38.54988],[141.29738,38.55004],[141.29726,38.54897],[141.29657,38.54765],[141.29544,38.54683]]]]},"properties":{"林班":"E012","市町村名称":"石巻市","旧市町村":null}},
{"type":"Feature","geometry":{"type":"Polygon","coordinates":[[[141.28288,38.55632],[141.2819,38.55541],[141.28083,38.55364],[141.28105,38.55278],[141.2802,38.55182],[141.28034,38.55066],[141.28219,38.54956],[141.28327,38.54949],[141.28459,38.54869],[141.28611,38.5489],[141.28717,38.55047],[141.28707,38.55082],[141.28686,38.55129],[141.28598,38.55213],[141.28434,38.55226],[141.28403,38.55347],[141.2836,38.55413],[141.28322,38.55431],[141.2826,38.55518],[141.28288,38.55632]]]},"properties":{"林班":"E011","市町村名称":"石巻市","旧市町村":null}},
{"type":"Feature","geometry":{"type":"Polygon","coordinates":[[[141.27623,38.55863],[141.27496,38.55821],[141.27268,38.55649],[141.27235,38.55475],[141.27118,38.55409],[141.27089,38.55245],[141.27243,38.55184],[141.27379,38.55404],[141.27509,38.55456],[141.27451,38.55572],[141.2759,38.55661],[141.27684,38.55649],[141.27728,38.55741],[141.27784,38.55735],[141.27881,38.55514],[141.27853,38.55441],[141.27967,38.55382],[141.28087,38.55492],[141.28197,38.55652],[141.28232,38.55816],[141.28116,38.559],[141.2824,38.55954],[141.2819,38.56061],[141.27834,38.56036],[141.27694,38.55983],[141.27623,38.55863]]]},"properties":{"林班":"E018","市町村名称":"石巻市","旧市町村":null}},
{"type":"Feature","geometry":{"type":"Polygon","coordinates":[[[141.27168,38.55944],[141.27217,38.55948],[141.27365,38.56121],[141.27314,38.56127],[141.27271,38.56054],[141.27209,38.56023],[141.27168,38.55944]]]},"properties":{"林班":"E017","市町村名称":"石巻市","旧市町村":null}},
{"type":"Feature","geometry":{"type":"MultiPolygon","coordinates":[[[[141.27341,38.54159],[141.27248,38.53934],[141.27353,38.53972],[141.27448,38.53895],[141.27251,38.53763],[141.27173,38.53613],[141.27166,38.53479],[141.27305,38.53326],[141.27351,38.53437],[141.2757,38.53588],[141.27729,38.53598],[141.27754,38.536],[141.27808,38.53604],[141.27821,38.53605],[141.27863,38.53612],[141.27877,38.53625],[141.27753,38.53801],[141.27543,38.54003],[141.27453,38.54165],[141.27376,38.54218],[141.27341,38.54322],[141.27198,38.54424],[141.27128,38.54409],[141.27085,38.54289],[141.2708,38.54279],[141.27121,38.53993],[141.27174,38.53874],[141.27201,38.53951],[141.27169,38.54095],[141.27258,38.54195],[141.27341,38.54159]]],[[[141.27833,38.53833],[141.27778,38.53925],[141.27849,38.54017],[141.27667,38.54139],[141.27577,38.54245],[141.27515,38.54171],[141.27665,38.54],[141.27858,38.53807],[141.27833,38.53833]]]]},"properties":{"林班":"E016","市町村名称":"石巻市","旧市町村":null}},
{"type":"Feature","geometry":{"type":"MultiPolygon","coordinates":[[[[141.2686,38.54177],[141.26683,38.54183],[141.26639,38.54122],[141.2696,38.54071],[141.27003,38.54148],[141.26967,38.54144],[141.26954,38.54144],[141.2686,38.54177]]],[[[141.27121,38.53993],[141.27008,38.53946],[141.27048,38.53881],[141.27174,38.53874],[141.27121,38.53993]]]]},"properties":{"林班":"E015","市町村名称":"石巻市","旧市町村":null}},
{"type":"Feature","geometry":{"type":"MultiPolygon","coordinates":[[[[141.28332,38.5892],[141.28507,38.58984],[141.28786,38.59004],[141.28968,38.59063],[141.29052,38.59145],[141.29072,38.59204],[141.29102,38.59288],[141.29092,38.59286],[141.28988,38.59266],[141.28785,38.59264],[141.28718,38.59284],[141.28498,38.59227],[141.28359,38.59106],[141.28332,38.5892]]],[[[141.2807,38.58988],[141.28326,38.58914],[141.28349,38.59101],[141.28306,38.59062],[141.2807,38.58988]]]]},"properties":{"林班":"E003","市町村名称":"石巻市","旧市町村":null}},
{"type":"Feature","geometry":{"type":"MultiPolygon","coordinates":[[[[141.27762,38.59258],[141.2798,38.59245],[141.28133,38.59589],[141.28065,38.59702],[141.27794,38.59725],[141.27628,38.59611],[141.27749,38.59582],[141.27706,38.59322],[141.27762,38.59258]]],[[[141.28374,38.59682],[141.2823,38.59599],[141.28211,38.59421],[141.28126,38.59357],[141.2801,38.59108],[141.27924,38.59037],[141.2796,38.58947],[141.2807,38.58988],[141.28306,38.59062],[141.28349,38.59101],[141.28359,38.59106],[141.28498,38.59227],[141.28718,38.59284],[141.28785,38.59264],[141.28658,38.59393],[141.28484,38.59349],[141.2839,38.59409],[141.28374,38.59682]]]]},"properties":{"林班":"E002","市町村名称":"石巻市","旧市町村":null}},
{"type":"Feature","geometry":{"type":"Polygon","coordinates":[[[141.28374,38.59682],[141.2839,38.59409],[141.28484,38.59349],[141.28658,38.59393],[141.28785,38.59264],[141.28988,38.59266],[141.29092,38.59286],[141.29102,38.59288],[141.29095,38.59316],[141.29081,38.59371],[141.29148,38.59413],[141.29155,38.59424],[141.29156,38.59426],[141.29092,38.59414],[141.29156,38.59426],[141.29159,38.5952],[141.2906,38.59659],[141.2897,38.597],[141.2895,38.59693],[141.28927,38.59707],[141.28953,38.59848],[141.28918,38.59955],[141.29038,38.60044],[141.29031,38.60108],[141.28847,38.60205],[141.28753,38.60176],[141.28714,38.60033],[141.28532,38.59938],[141.284,38.59968],[141.28372,38.59886],[141.28461,38.59796],[141.28374,38.59682]]]},"properties":{"林班":"E001","市町村名称":"石巻市","旧市町村":null}},
{"type":"Feature","geometry":{"type":"Polygon","coordinates":[[[141.28552,38.57222],[141.28524,38.57268],[141.2828,38.57362],[141.28148,38.57259],[141.28151,38.57199],[141.28043,38.57096],[141.27942,38.57143],[141.27885,38.56948],[141.28071,38.56906],[141.28164,38.56942],[141.28197,38.56955],[141.28303,38.56976],[141.28354,38.57046],[141.28546,38.56949],[141.28579,38.56865],[141.28728,38.56802],[141.28648,38.57019],[141.28763,38.57084],[141.28737,38.57112],[141.28681,38.57203],[141.28552,38.57222]]]},"properties":{"林班":"E007","市町村名称":"石巻市","旧市町村":null}},
{"type":"Feature","geometry":{"type":"Polygon","coordinates":[[[141.2739,38.56936],[141.2753,38.57009],[141.27458,38.57084],[141.2739,38.56936]]]},"properties":{"林班":"E006","市町村名称":"石巻市","旧市町村":null}},
{"type":"Feature","geometry":{"type":"Polygon","coordinates":[[[141.28152,38.5789],[141.2825,38.57921],[141.28446,38.57894],[141.28332,38.58131],[141.28104,38.58162],[141.27967,38.57972],[141.28075,38.5789],[141.28152,38.5789]]]},"properties":{"林班":"E005","市町村名称":"石巻市","旧市町村":null}},
{"type":"Feature","geometry":{"type":"Polygon","coordinates":[[[141.28317,38.58404],[141.28257,38.58349],[141.2797,38.58436],[141.27798,38.58338],[141.27842,38.58274],[141.27963,38.58315],[141.27991,38.58179],[141.28109,38.58214],[141.28225,38.58158],[141.28302,38.58219],[141.28444,38.58142],[141.28723,38.58252],[141.28647,38.58474],[141.28374,38.58459],[141.28268,38.58493],[141.28148,38.58451],[141.2825,38.58362],[141.28317,38.58404]]]},"properties":{"林班":"E004","市町村名称":"石巻市","旧市町村":null}}
]}