{"type": "FeatureCollection", "features": [{"type": "Feature", "geometry": {"type": "Polygon", "coordinates": [[[141.4519448594135, 38.76756659583704], [141.45199754434654, 38.76753235431936], [141.45201545380326, 38.767520709207055], [141.45223266143455, 38.76748526232656], [141.45232190600137, 38.76746901242113], [141.4523447330264, 38.76745530430204], [141.4524400328717, 38.76739807138594], [141.45253239536015, 38.76734037468072], [141.45265234407978, 38.767303984616554], [141.45272839337113, 38.76729643034267], [141.45282085972022, 38.76725065253297], [141.4528925675357, 38.76726934066274], [141.4529685542385, 38.767237795867416], [141.45324422760584, 38.76722362965445], [141.45333577186852, 38.76713398479421], [141.4533788849629, 38.76704985260058], [141.453429767885, 38.7669599035614], [141.45343406337102, 38.76695230969237], [141.4534945722913, 38.766908130613196], [141.45359148377074, 38.76684850264958], [141.45364763379524, 38.76679730346631], [141.45373359749917, 38.766729084946064], [141.45375088323186, 38.76671536542634], [141.45382916415403, 38.76661388532128], [141.45390843655338, 38.766579859437556], [141.45391437043335, 38.76656361461406], [141.45393246541778, 38.76651407499003], [141.45399741474165, 38.766483366501426], [141.45410515737836, 38.76643243003447], [141.4542097062845, 38.76645434198101], [141.45428230273143, 38.766469396657385], [141.45428340478986, 38.7664696250336], [141.45434084564133, 38.76648153770979], [141.4543466441385, 38.766482740218116], [141.45454577715452, 38.76653585337342], [141.45463712892098, 38.76657157365175], [141.45481209787283, 38.76658521078312], [141.4548236291708, 38.76658415127938], [141.45488076251186, 38.76657890337214], [141.45491887048473, 38.76655143437253], [141.45495378196748, 38.766549053226576], [141.4549702492661, 38.766507884161065], [141.45495116448004, 38.766478283327544], [141.45494793469967, 38.76647327444073], [141.45490102535982, 38.766404768005515], [141.45470496709137, 38.76624671245526], [141.45468354499337, 38.76623218868438], [141.4546233449755, 38.76615049529387], [141.45461780817968, 38.76613435375137], [141.4546045602756, 38.76609576067834], [141.45460332901635, 38.7660948311986], [141.4545610238927, 38.766051498940236], [141.45454408022204, 38.765959589212144], [141.4545549942079, 38.76582074008695], [141.4545579999356, 38.765783994824474], [141.45468552236864, 38.765733143673216], [141.45470641188615, 38.7656951718111], [141.45473066302034, 38.76562395454478], [141.45476040102724, 38.76553660018511], [141.45476130688064, 38.7654603539434], [141.45476145806379, 38.76544727221574], [141.45476259259553, 38.76535228624315], [141.45473053337946, 38.7652230996896], [141.4546625207475, 38.76508273502852], [141.4545585180416, 38.76491884208741], [141.45452308329982, 38.76487299583878], [141.45449076621352, 38.76483117800668], [141.4545172386983, 38.76482532206483], [141.45460838736952, 38.76484278692266], [141.45462401514104, 38.76483725256358], [141.45481113758126, 38.76486928164381], [141.4546462649753, 38.76459712542856], [141.45497864740244, 38.7644973231541], [141.4550886579657, 38.764540143769565], [141.45510199968112, 38.764536516980755], [141.4551889135988, 38.76451288368338], [141.45520900424606, 38.764507425499694], [141.45528210874667, 38.76446907299184], [141.4552926529923, 38.76444687300008], [141.4553077627022, 38.76441508215867], [141.45530032578824, 38.764344294646904], [141.45524692361107, 38.76427133734186], [141.4551157655964, 38.7641434529073], [141.4549529952504, 38.76401114281802], [141.45483341319544, 38.763905718747694], [141.4547440041874, 38.76380585478674], [141.45465598525905, 38.763693631257794], [141.45453614365798, 38.76344509461112], [141.45449679926804, 38.76336349476274], [141.45446627030174, 38.763276867028615], [141.4544196397809, 38.76314452357945], [141.45441408469077, 38.763128760489444], [141.4543540925809, 38.762970884704664], [141.4543281342318, 38.7629025630607], [141.45439652929974, 38.76285932086324], [141.45430747944732, 38.7628481995572], [141.45423571135242, 38.76265930464405], [141.4541745216435, 38.76242115855906], [141.4540975461051, 38.76218865386746], [141.45401654044713, 38.762031466054204], [141.45393459640692, 38.76188824696716], [141.4538893484634, 38.76180916469265], [141.45384371609254, 38.76172421153389], [141.45373316777298, 38.761518370988206], [141.45370350931444, 38.761437728424404], [141.45367078743925, 38.7613487868893], [141.45364544134586, 38.76126239175502], [141.45360388693848, 38.76112075982932], [141.45356454740968, 38.76095238309789], [141.45354810308783, 38.760924776075086], [141.4534815846675, 38.76082628238863], [141.45346393175512, 38.76075142193349], [141.45351494449082, 38.76065266047258], [141.4535099529292, 38.76057247884341], [141.45351209138755, 38.760547026338486], [141.45351958187834, 38.76045782632412], [141.45354170981273, 38.760372674718035], [141.45357481733782, 38.760245313058086], [141.4536310992786, 38.75999688469237], [141.45370200812658, 38.75975400111685], [141.45370321470415, 38.759747708295464], [141.45370835522513, 38.759744077447124], [141.4537186874433, 38.75966697750776], [141.45373736074072, 38.75956959207343], [141.45375439239288, 38.75948074678674], [141.4537810564555, 38.759368474944864], [141.4537019346616, 38.75939825496245], [141.4534976353301, 38.759503612769166], [141.45349287627542, 38.75950292721717], [141.4534433941137, 38.759495801545775], [141.4536541128465, 38.75937265320194], [141.4538005596332, 38.75933133578307], [141.4538260193755, 38.75931638096947], [141.4536873818653, 38.75929086491011], [141.45353258002828, 38.759304064667], [141.45334306016, 38.75929546664713], [141.45299190004957, 38.75924055202121], [141.45288643782854, 38.75922405992465], [141.45280687297756, 38.75923189597906], [141.4527601318665, 38.75924341384522], [141.45269410298053, 38.75927579043164], [141.45265498285102, 38.75930628568258], [141.4526679477783, 38.75934196434284], [141.4526799848833, 38.75935922019087], [141.45270265522416, 38.75939171682184], [141.45283932111707, 38.75937166121318], [141.4529034176514, 38.759377814187786], [141.45295564552973, 38.75939710918334], [141.45292881373817, 38.75940763509348], [141.45291208133298, 38.75940878323948], [141.45275183038498, 38.75941978024198], [141.4526660801185, 38.75948623843108], [141.45254447856018, 38.75949109437652], [141.45248087631091, 38.75951672022206], [141.45245766133053, 38.75951852605915], [141.45241186266554, 38.759522093835685], [141.45237857010497, 38.75949772268953], [141.45234513721323, 38.7594990592037], [141.4522849760544, 38.75949281841735], [141.45226140663473, 38.759468242596355], [141.45210155809497, 38.75945818004952], [141.45201109596366, 38.75939529834706], [141.451961059633, 38.759414450370414], [141.45186902027515, 38.75944967854075], [141.45185515812577, 38.75944824110379], [141.45171241401357, 38.759440392889175], [141.45148172147722, 38.75942771332439], [141.4514787630233, 38.75942754879242], [141.45121317324129, 38.75946173652824], [141.45097390152608, 38.75948826214988], [141.4508628575139, 38.75950056948348], [141.45074877475287, 38.759508739655466], [141.4504607920255, 38.75952937835165], [141.45014062623284, 38.75956477971516], [141.4498434149465, 38.75959340244269], [141.44961660132947, 38.759626391035624], [141.4494345455732, 38.7596660350888], [141.449325268194, 38.759689836030496], [141.44931118326383, 38.759778124620745], [141.44929523053338, 38.75987815265386], [141.4492859938599, 38.759936019621854], [141.44923899049246, 38.760054084954085], [141.4492219723217, 38.760096840832595], [141.44918040266637, 38.76018875346678], [141.44917924301774, 38.76019131630582], [141.44907079883978, 38.76037805498612], [141.44906158479432, 38.76039305831764], [141.4490265540432, 38.76045006115223], [141.44890807036356, 38.76064019576693], [141.4488513088196, 38.76082122965212], [141.44883748638077, 38.760961731528774], [141.4488425905529, 38.761043036185555], [141.448848202301, 38.76113252726671], [141.4488588153468, 38.761221559580314], [141.44890162627166, 38.761580840940525], [141.4489093159667, 38.76161070911738], [141.44895502186003, 38.761788203343244], [141.4490109639516, 38.76200545399027], [141.44914861312458, 38.76254716776642], [141.44917138134662, 38.76263676660784], [141.44919350591425, 38.762723630127105], [141.44935218735182, 38.76334670840841], [141.449356942042, 38.763377908216114], [141.4493843629795, 38.76355770576842], [141.44938902137815, 38.76358827545777], [141.44940722814385, 38.76384222791826], [141.44941296175304, 38.764214198801334], [141.44942764345583, 38.764532015915826], [141.44943175480506, 38.76462099230565], [141.4494369926872, 38.764709701497424], [141.44945939905438, 38.76508958433896], [141.44946341560654, 38.76517689457173], [141.4494717574255, 38.76535783765522], [141.44947650925093, 38.76546106273834], [141.4494784592859, 38.76550329520266], [141.44948440317728, 38.765632332612064], [141.44948047505812, 38.76564802790961], [141.4494861102478, 38.76566357369322], [141.4494949265953, 38.765823949637316], [141.4495045269464, 38.76599867892993], [141.44953459265622, 38.76623574912347], [141.44954599612947, 38.76632564198006], [141.449561660822, 38.766414611476684], [141.4495915029328, 38.76658404489], [141.4496543209756, 38.76686151841464], [141.44978304919852, 38.76703266447052], [141.44978307143333, 38.76707950973297], [141.4497831232219, 38.767170038995154], [141.4497823354604, 38.767180124109125], [141.4497760179174, 38.76726061501433], [141.4497604728674, 38.76733310153126], [141.44999366418224, 38.76746456256745], [141.45005112894458, 38.76753257203628], [141.45007862315305, 38.767561427500475], [141.45012498260232, 38.76761008315771], [141.45012909454542, 38.767613469523845], [141.45014694344968, 38.767628164335036], [141.45032188067788, 38.767648601959834], [141.45042473083376, 38.76763607802618], [141.4504306269968, 38.76763832884867], [141.45048828142242, 38.76765375846084], [141.45053358660974, 38.767647861629506], [141.4505500371276, 38.76765931155097], [141.4505756541047, 38.767677141810395], [141.45060857184464, 38.767685951632934], [141.45092354875274, 38.767668234691946], [141.45104236266002, 38.76754559026674], [141.45110036543505, 38.7675457647692], [141.45115525310723, 38.7675459295842], [141.45122818147482, 38.767620353942796], [141.45125485527777, 38.76762714706925], [141.45122239240268, 38.76764039331251], [141.451136464481, 38.76767113548038], [141.45114700000644, 38.76772951060426], [141.4512485273153, 38.767714379457075], [141.45140802131257, 38.767681094157844], [141.4514342675713, 38.76762606413587], [141.45177399628992, 38.76758650165263], [141.4519448594135, 38.76756659583704]]]}, "properties": {"SICHOSON": "205", "SICHOSON_N": "気仙沼市", "RINPAN": "B073", "ADDDATE": "2022-09-28", "ADDTENANT": "04000F", "ADDUSER": "pasco01", "EDITDATE": null, "EDITTENANT": "", "EDITUSER": ""}}, {"type": "Feature", "geometry": {"type": "Polygon", "coordinates": [[[141.4568106139543, 38.759879201054765], [141.4568797794526, 38.75984976033833], [141.45688135438618, 38.759851054624406], [141.4569434971062, 38.75973852073109], [141.4570419405653, 38.75973908012559], [141.45724266103957, 38.759621109259115], [141.45744490124665, 38.75962630784057], [141.45762338550935, 38.75958190468581], [141.4580289195241, 38.75951771159857], [141.45814606546332, 38.75950215046226], [141.4582462803588, 38.75948883826707], [141.45845507577468, 38.75953327168702], [141.4585660546525, 38.759577205511796], [141.4586696029384, 38.75958091006696], [141.45869284768926, 38.75958174064539], [141.45876837591047, 38.759566648392656], [141.45891121325732, 38.75958954407514], [141.4590287307264, 38.75959374380854], [141.45910831039544, 38.75959778348724], [141.45915267103442, 38.75959111361467], [141.45928084565548, 38.75960654149133], [141.45928303621437, 38.75960665228112], [141.459395742642, 38.7596123827989], [141.45951325067725, 38.75962247392114], [141.4596963819636, 38.75963821320345], [141.45977782396753, 38.75964521448446], [141.4598278429148, 38.759647721132666], [141.4598365421695, 38.75965004024271], [141.45995293362503, 38.75965927115144], [141.46002299855354, 38.75966482696585], [141.46023806704127, 38.759753132974055], [141.4603728800221, 38.7597185993835], [141.46048226603105, 38.75970263429818], [141.4606521436892, 38.75960781561491], [141.46080625966448, 38.75956551494484], [141.4608537053142, 38.759539975825575], [141.46112565931824, 38.75939929176916], [141.46134415049806, 38.75930921810862], [141.46155488755608, 38.759305923479964], [141.46175492523872, 38.75918468732627], [141.46206349911603, 38.75900331816223], [141.46230628456433, 38.75887611243325], [141.46246875790868, 38.75880390547523], [141.46272005826563, 38.75872146336216], [141.46296402996873, 38.758653555521136], [141.46300001505276, 38.75841518235146], [141.4630056200479, 38.75837805527318], [141.46310025828583, 38.75801589176727], [141.46309747899863, 38.75798727733031], [141.46306140203527, 38.757616277617785], [141.46289590761256, 38.757426746903676], [141.46287180359127, 38.75739914730668], [141.4628079945559, 38.75718316991745], [141.4628046615797, 38.75706923776275], [141.46279889904181, 38.75687217635355], [141.462746722075, 38.75671113476717], [141.46277483547286, 38.756466796835234], [141.46273845149153, 38.75637206586295], [141.4626095252765, 38.75609476303938], [141.46255877356904, 38.75594012801725], [141.46261655164184, 38.75578397178999], [141.46271398273592, 38.75561537692648], [141.4630679449098, 38.755481823197094], [141.46360284402175, 38.7552939781396], [141.46386458571936, 38.75520618091513], [141.46397636558646, 38.755168685471645], [141.46400587006667, 38.75515878764448], [141.4639752334204, 38.754790956856276], [141.46397120161393, 38.754742537680976], [141.46431920579712, 38.75447925692216], [141.4646207700877, 38.7542849009008], [141.46482143372464, 38.75409716127635], [141.46514753804786, 38.75381175334467], [141.46532770968818, 38.75365271790442], [141.46544288623545, 38.75352366400961], [141.46551591096795, 38.753372504884965], [141.46558542867012, 38.753186653330744], [141.46558992458912, 38.75317463003742], [141.46576540835298, 38.752913710416365], [141.46579478673456, 38.7529066046826], [141.46619669217876, 38.752809358247525], [141.46642056772268, 38.75272996653275], [141.46669948060355, 38.75255679966648], [141.46719028193243, 38.7521267832316], [141.46717120768673, 38.75186667311845], [141.4671779900363, 38.751626683836605], [141.46718636436603, 38.751185543807004], [141.4672099948595, 38.75086812156928], [141.4672099668021, 38.75086781091374], [141.4672097765234, 38.7508677596939], [141.46718478399552, 38.75058675840686], [141.4672069664564, 38.75045750967952], [141.46721370638562, 38.75041763749182], [141.46720785024232, 38.7504028982254], [141.46720774197604, 38.75040262404048], [141.46701679561974, 38.74992476141653], [141.4669527938051, 38.74986876207625], [141.46693179504314, 38.74982376103185], [141.46682870423467, 38.7496023751276], [141.46681477388523, 38.74957155903526], [141.4668100372905, 38.74956228930084], [141.46678715334582, 38.749513145331825], [141.46677579935172, 38.749488763857784], [141.46674866987448, 38.74933528535135], [141.4667407216361, 38.749301969288624], [141.4667224109138, 38.748986720234576], [141.46673093170807, 38.74890295685906], [141.46672878608936, 38.748902167592384], [141.46671725354446, 38.74889792652135], [141.46671724809121, 38.74889783015541], [141.4667172500341, 38.74889752924697], [141.46671836027792, 38.74867737581574], [141.4666864782709, 38.74858997373801], [141.46667933837819, 38.748570400901706], [141.46667912393283, 38.748570087652254], [141.46664801885794, 38.74848454259588], [141.4666288876417, 38.74843209720374], [141.4665956482128, 38.74839780914759], [141.46630257189608, 38.74809553998421], [141.46628687337204, 38.74808134224451], [141.46628669689474, 38.7480811594181], [141.46624974871543, 38.748047767010206], [141.46603082725312, 38.7478497756871], [141.46605596296587, 38.74784200006583], [141.46600288523896, 38.74778698337875], [141.4657995789322, 38.747576254058764], [141.4651073305809, 38.74705431058714], [141.46492439735616, 38.74691637972455], [141.46461783356065, 38.74669644950597], [141.4644265218645, 38.746601148290885], [141.46422942884288, 38.746494607796166], [141.464179985523, 38.746273200100255], [141.46411179175144, 38.746020335285806], [141.46410527963744, 38.7459982616187], [141.46406105762833, 38.74584839349547], [141.4641404635077, 38.74545930096655], [141.464085535922, 38.7453312102336], [141.46377314432206, 38.74502792161574], [141.4637629095783, 38.745017985912014], [141.46321385063317, 38.74490630266057], [141.46294062528764, 38.74480436741319], [141.46280350128, 38.74481487968578], [141.4628015413232, 38.74481425420957], [141.46234926917873, 38.74482338332175], [141.46233158106062, 38.74482205509034], [141.46203974738856, 38.74474262396789], [141.4619846486556, 38.74469448919315], [141.46183671949157, 38.74456526507395], [141.46175903092046, 38.74452152998713], [141.46127165842586, 38.74438053502139], [141.4607355558155, 38.744280069490884], [141.46051854481126, 38.744246638841375], [141.46012495118924, 38.744252783252605], [141.45970563618167, 38.744311793441675], [141.45942499603274, 38.74435160106582], [141.45935444490794, 38.74435438250052], [141.45932738049336, 38.74436544716414], [141.4592576127381, 38.74437534320279], [141.45903643768833, 38.744394750560936], [141.45883262709748, 38.74446359749179], [141.45859524719373, 38.744593212298085], [141.45866324038525, 38.74475372827545], [141.45855308909452, 38.74506639674833], [141.4585572432263, 38.74518697798093], [141.4585798947969, 38.745484774031496], [141.4585474051556, 38.74563545188896], [141.4585351292329, 38.7456507228182], [141.4584852311273, 38.74571279274376], [141.4584759094689, 38.74572438393548], [141.4584086117767, 38.74578407663046], [141.45839294469073, 38.74579092701415], [141.45830388495256, 38.745829879441274], [141.4582924489749, 38.74583488648527], [141.45818728449842, 38.74586863758405], [141.45801407884807, 38.74592422140047], [141.45773880472282, 38.74607086293252], [141.45748212475468, 38.746217954079064], [141.45739046608927, 38.74627047992732], [141.45730327199178, 38.746330809730466], [141.45704514920763, 38.746509420851105], [141.45689759905173, 38.74661984671128], [141.4568117517186, 38.74671105247053], [141.45675318187352, 38.746799958656375], [141.45673479846585, 38.74683830950952], [141.45671327157368, 38.746883207695696], [141.45669677666464, 38.74697231288104], [141.45668867618173, 38.74701604127261], [141.4566414532152, 38.747271094401704], [141.45660449655904, 38.74737681303109], [141.45646154218977, 38.74756519690495], [141.4564029297148, 38.74764244468027], [141.45635103098232, 38.74772181968583], [141.45629448872492, 38.74780830223331], [141.45616011391994, 38.748013800209435], [141.4559574168139, 38.74835923005652], [141.45594336614244, 38.74838273711429], [141.45589602066352, 38.74846195342548], [141.45587783103792, 38.748492383356506], [141.45584534126561, 38.748546745979155], [141.4558060918585, 38.74861240394507], [141.45579739883152, 38.74863408156942], [141.45578734202715, 38.748659143901655], [141.45576834424483, 38.748706478863454], [141.45575986828854, 38.748709304151404], [141.45563704652324, 38.74875023880269], [141.45555079539855, 38.74884311331707], [141.4554595074146, 38.748986615908265], [141.45541894084153, 38.7490821768706], [141.45537835646167, 38.7491758307229], [141.45534981407948, 38.749254164766825], [141.4553529763376, 38.74933805166305], [141.45536364440122, 38.74944478128563], [141.45542285558162, 38.749542403102495], [141.4554017468828, 38.749579733110814], [141.4552404929874, 38.749866634427086], [141.45521761601773, 38.74982282952603], [141.45520066274398, 38.749960035548575], [141.4550243583316, 38.75008353978735], [141.45490919983644, 38.75021104290798], [141.45478662803265, 38.750473430897145], [141.45460862990637, 38.75060217769319], [141.4545706096538, 38.75064558205952], [141.45451017019488, 38.75071458279146], [141.45439264574628, 38.750925088168145], [141.45436302386383, 38.75104089309649], [141.45435889470252, 38.75120034594069], [141.45425438547, 38.751330377382025], [141.45414172009274, 38.751509676797916], [141.45400319561196, 38.75173993274332], [141.45392814017745, 38.75182221605252], [141.4537683017882, 38.75199744756827], [141.45364234187969, 38.752226771524114], [141.45352811066513, 38.75238779052984], [141.45340030361282, 38.75255404355068], [141.4531810921381, 38.7527990777064], [141.45307623671556, 38.75288027254993], [141.45287415722416, 38.75307110771135], [141.45271675709046, 38.75319214790104], [141.45271620949734, 38.7533054442795], [141.45271554452717, 38.75344323292726], [141.45275734211862, 38.753729423006696], [141.4526564360304, 38.753920361208834], [141.4526101981208, 38.754064280431784], [141.45260817784444, 38.75409024673166], [141.4525862264654, 38.75437244038161], [141.45249699595186, 38.75451800171369], [141.45252569891514, 38.75491188171955], [141.45249951665093, 38.75509474828916], [141.45256233087528, 38.755277972221], [141.4526295452082, 38.75541514624327], [141.45260979670104, 38.755553660269], [141.45259970272758, 38.75562445536476], [141.45262863402988, 38.75586449600658], [141.45263203996, 38.75589275965117], [141.45270282721506, 38.756035896604295], [141.45269396623385, 38.75611423103659], [141.45262115448486, 38.7562974789054], [141.4526114312058, 38.75639147539192], [141.45260782822098, 38.75642628691226], [141.45257427073136, 38.756585598179214], [141.45256519363275, 38.756628692666396], [141.45255729903207, 38.75666616473033], [141.4524701039029, 38.7568307060032], [141.4524520501731, 38.756944926563754], [141.45247785210967, 38.757069518312186], [141.45242892305976, 38.757175218717876], [141.4523419115364, 38.7573358121059], [141.4523013973887, 38.75744191743417], [141.45219268796802, 38.75746689821315], [141.4519925167182, 38.757560668615746], [141.45191394254522, 38.757614957784114], [141.4518585630082, 38.75768582668586], [141.45180445565384, 38.75775506812567], [141.45174639732664, 38.757780068751075], [141.4516850570653, 38.75780648219093], [141.45150329584396, 38.75780611030963], [141.45129660553818, 38.7577640172384], [141.45123800302187, 38.757752082140655], [141.4511105994002, 38.757735953067275], [141.45097640889205, 38.7577880680076], [141.4508296122586, 38.75788741826386], [141.4507475695762, 38.75802790424056], [141.4506288839079, 38.75810345014312], [141.45038872661985, 38.7582563193382], [141.450301801095, 38.758313859584874], [141.4502417621471, 38.75842993201263], [141.45020954545654, 38.75851675788246], [141.45006983660284, 38.75869142121984], [141.45005272318636, 38.75874173260361], [141.4500400928826, 38.75877886101157], [141.4500161856469, 38.758849144058104], [141.4500020471362, 38.75889071370468], [141.44991825374692, 38.75885654352538], [141.44993100539088, 38.75883845482757], [141.449871729843, 38.75883101624494], [141.449848393721, 38.7588280853162], [141.44936260244765, 38.75876712665201], [141.44937460644084, 38.759070516896955], [141.44933236214035, 38.759600755462145], [141.449325268194, 38.759689836030496], [141.4494345455732, 38.7596660350888], [141.44961660132947, 38.759626391035624], [141.4498434149465, 38.75959340244269], [141.45014062623284, 38.75956477971516], [141.4504607920255, 38.75952937835165], [141.45074877475287, 38.759508739655466], [141.4508628575139, 38.75950056948348], [141.45097390152608, 38.75948826214988], [141.45121317324129, 38.75946173652824], [141.4514787630233, 38.75942754879242], [141.45148172147722, 38.75942771332439], [141.45171241401357, 38.759440392889175], [141.45185515812577, 38.75944824110379], [141.45186902027515, 38.75944967854075], [141.451961059633, 38.759414450370414], [141.45201109596366, 38.75939529834706], [141.45210155809497, 38.75945818004952], [141.45226140663473, 38.759468242596355], [141.4522849760544, 38.75949281841735], [141.45234513721323, 38.7594990592037], [141.45237857010497, 38.75949772268953], [141.45241186266554, 38.759522093835685], [141.45245766133053, 38.75951852605915], [141.45248087631091, 38.75951672022206], [141.45254447741743, 38.75949109528348], [141.4526660801107, 38.75948623753026], [141.45275183038498, 38.75941978024198], [141.45291208133298, 38.75940878323948], [141.45292881373817, 38.75940763509348], [141.45295564552973, 38.75939710918334], [141.4529034176514, 38.759377814187786], [141.45283932111707, 38.75937166121318], [141.45270265522416, 38.75939171682184], [141.4526799848833, 38.75935922019087], [141.4526679477783, 38.75934196434284], [141.45265498285102, 38.75930628568258], [141.45269410298053, 38.75927579043164], [141.4527601318665, 38.75924341384522], [141.45280687297756, 38.75923189597906], [141.45288643782854, 38.75922405992465], [141.45299190004957, 38.75924055202121], [141.45334306016, 38.75929546664713], [141.45353258002828, 38.759304064667], [141.4536873818653, 38.75929086491011], [141.4538260193755, 38.75931638096947], [141.4538005596332, 38.75933133578307], [141.4536541128465, 38.75937265320194], [141.4534433941137, 38.759495801545775], [141.45349287627542, 38.75950292721717], [141.4534976353301, 38.759503612769166], [141.4537019346616, 38.75939825496245], [141.4537810564555, 38.759368474944864], [141.45375439239288, 38.75948074678674], [141.45373736074072, 38.75956959207343], [141.4537186874433, 38.75966697750776], [141.45370835522513, 38.759744077447124], [141.45370321470415, 38.759747708295464], [141.45370200812658, 38.75975400111685], [141.4538038290961, 38.75971448809559], [141.4538927715725, 38.75968510631458], [141.45399468454735, 38.75966806085989], [141.45401449265435, 38.759667057485274], [141.45403773920904, 38.7596593323175], [141.45414484286076, 38.75962373955054], [141.45425630395516, 38.75955511128774], [141.454437105871, 38.75963690649851], [141.454464979851, 38.759634065610754], [141.45457856109104, 38.75962248910981], [141.45459359310647, 38.75964538102981], [141.45462369217185, 38.75967450089744], [141.45469601825008, 38.75974580481873], [141.45472232502112, 38.75977174125247], [141.45476789652412, 38.759816668737436], [141.45500674508105, 38.7598041383472], [141.45523720570773, 38.75978087564277], [141.45533870135404, 38.75979623268009], [141.45543432009424, 38.75981070019861], [141.45546372414637, 38.759804516731556], [141.4555820256437, 38.759804776161076], [141.45559433042882, 38.75980480344436], [141.45566096523257, 38.75978121469376], [141.4556945792758, 38.759769331338255], [141.45573749727183, 38.759754158825345], [141.45577711312305, 38.7597370111114], [141.4558748106965, 38.75970535599884], [141.45590855945608, 38.75969878892246], [141.45604103809816, 38.759665506977186], [141.45608087004783, 38.759627033921156], [141.45608683668073, 38.75962381297679], [141.45618540457863, 38.75958072967089], [141.45626689862436, 38.759593762785386], [141.45625575280604, 38.75963942888912], [141.45625112643583, 38.759658377659704], [141.45631713085731, 38.759774331786176], [141.45627079935502, 38.75990758445322], [141.4563633257042, 38.75991213897362], [141.45644944982038, 38.759936904804846], [141.45653529593426, 38.75993644711094], [141.4565809217001, 38.75993191198466], [141.45666480273442, 38.759915733318124], [141.45675053684073, 38.75990240503602], [141.45678840254683, 38.7598877798005], [141.4568106139543, 38.759879201054765]]]}, "properties": {"SICHOSON": "205", "SICHOSON_N": "気仙沼市", "RINPAN": "B074", "ADDDATE": "2022-09-28", "ADDTENANT": "04000F", "ADDUSER": "pasco01", "EDITDATE": null, "EDITTENANT": "", "EDITUSER": ""}}, {"type": "Feature", "geometry": {"type": "Polygon", "coordinates": [[[141.44739160856787, 38.76176345320064], [141.44741831746546, 38.76169945772741], [141.44743985382803, 38.76171609844191], [141.44746913403998, 38.7616450886232], [141.44752388172805, 38.7617148199866], [141.44769486727563, 38.76173751928661], [141.44778454035242, 38.76172431650807], [141.44780516248704, 38.761689756223205], [141.447848949869, 38.761616374570664], [141.44798601659502, 38.761401494948316], [141.44803249909555, 38.76132309910648], [141.44804738109528, 38.76129799408697], [141.44805131779412, 38.76120134471862], [141.4480409951628, 38.76114215641833], [141.44803956684714, 38.761133929786695], [141.4480824467287, 38.76108103907535], [141.44811261682932, 38.761041029474384], [141.44812706068032, 38.76092812771308], [141.44817652391967, 38.7607421857772], [141.44825260889414, 38.76075388898291], [141.44830782957666, 38.76067495066137], [141.44837019687785, 38.76060824123963], [141.4483743823611, 38.76060376430895], [141.4484517208906, 38.76052105281238], [141.44847904883244, 38.760491933628856], [141.4484790615487, 38.760491806536265], [141.44851094109976, 38.7604577057864], [141.4485619940271, 38.760433473366454], [141.44868442994334, 38.760375360991844], [141.44884518216813, 38.76034698332635], [141.44895296634206, 38.76036365872444], [141.44906158479432, 38.76039305831764], [141.44907079883978, 38.76037805498612], [141.44917924301774, 38.76019131630582], [141.44918040266637, 38.76018875346678], [141.4492219723217, 38.760096840832595], [141.44923899049246, 38.760054084954085], [141.4492859938599, 38.759936019621854], [141.44929523053338, 38.75987815265386], [141.44931118326383, 38.759778124620745], [141.449325268194, 38.759689836030496], [141.44933236214035, 38.759600755462145], [141.44937460644084, 38.759070516896955], [141.44936260244765, 38.75876712665201], [141.4493539334604, 38.75854797917957], [141.44931405042078, 38.7582633752756], [141.44931110850195, 38.75824237388485], [141.44925300768386, 38.75808869250112], [141.44919647292664, 38.75793914693268], [141.44908048127266, 38.757752617663556], [141.4490317137469, 38.757674209621435], [141.44896212669298, 38.757607172360316], [141.44878950552433, 38.75744088768329], [141.44838489588506, 38.75718087965646], [141.44813430265995, 38.75700937278812], [141.4479924450144, 38.756871932899074], [141.44797480992418, 38.756854836623155], [141.44790507053295, 38.75678726799305], [141.44783604084176, 38.75670986686097], [141.44765359954053, 38.75650528744107], [141.44764310783046, 38.75650020569843], [141.44755218997523, 38.75644500839292], [141.44752237885243, 38.75638052606343], [141.44738728985266, 38.75629557003807], [141.4473287956315, 38.756170635351516], [141.44726633162855, 38.75613963945171], [141.44720854640872, 38.75601684509911], [141.44721675339903, 38.75599403195585], [141.44719859796538, 38.75597228698761], [141.44713892843163, 38.75590080828161], [141.44720984553064, 38.75592056087035], [141.4472239759373, 38.755973953684546], [141.44728001071996, 38.75594010385399], [141.44729107345242, 38.75593342148814], [141.44730689399452, 38.755947592297034], [141.44751028775406, 38.75612975430874], [141.44762600210476, 38.75620539770207], [141.44785260186967, 38.756362358119176], [141.4479199160971, 38.756171348479086], [141.44792982312293, 38.75605808402313], [141.44793300432923, 38.75602172261946], [141.447936231469, 38.75583053641479], [141.44795669587648, 38.755685223066116], [141.44800983802327, 38.755580458180034], [141.44805161731307, 38.75544671728381], [141.44805463286343, 38.75525370336055], [141.4480558291989, 38.755176687028715], [141.44805583629147, 38.755176172582125], [141.4480559063181, 38.75517172811417], [141.4480562043444, 38.755152551963704], [141.44804439333464, 38.754930463143], [141.44803729450612, 38.754752051800146], [141.4479787106334, 38.754607388342954], [141.44792950476162, 38.75439697348806], [141.44794466818746, 38.754266795939536], [141.44793826650852, 38.754165614379765], [141.44801568536536, 38.75404766788858], [141.44805773834457, 38.75394057120387], [141.44812236570615, 38.753775983357826], [141.448057063027, 38.75353843813897], [141.4480358889402, 38.75346141420783], [141.44805719994943, 38.75303127025669], [141.44806412303535, 38.75300142332366], [141.44814522595996, 38.752651910025016], [141.44815205932372, 38.75235812914065], [141.44818425978085, 38.75214202488189], [141.44817410402226, 38.7519452243118], [141.4481283065197, 38.75160891882425], [141.44799150206657, 38.75134307322003], [141.44780752115255, 38.75109234017868], [141.44772941213074, 38.7507509611382], [141.44772830070946, 38.750746120177986], [141.44768002922785, 38.75061343818211], [141.44753112865968, 38.750429843993174], [141.4474179867098, 38.750314953014936], [141.44727775319126, 38.75021416445379], [141.4472213248985, 38.75017360894058], [141.44690458760726, 38.74977359993511], [141.4467119394824, 38.74955624901324], [141.44668718349405, 38.74952831970955], [141.44660122436838, 38.74942967792267], [141.44646873495813, 38.74927763918635], [141.44629747114985, 38.74914407193547], [141.44625809965606, 38.749113366952514], [141.4460312756953, 38.7488759185751], [141.44586784162013, 38.74869366862717], [141.44582432348588, 38.748674970703675], [141.44576186888813, 38.7486481351147], [141.44561315765964, 38.74858423815434], [141.44545000743565, 38.748595344787326], [141.44541209016506, 38.74859811989373], [141.44520644259873, 38.74861319642305], [141.4449048751612, 38.748606999895415], [141.4447994942007, 38.74857438031642], [141.44469864081145, 38.74854654773069], [141.44466275342074, 38.74851485281892], [141.44451729162728, 38.748386389378595], [141.4444170521444, 38.748277628816034], [141.44437518891425, 38.748232205713904], [141.4440656368785, 38.748085302223544], [141.44394887357396, 38.74804793958047], [141.44367931741522, 38.74783011501724], [141.44360761394537, 38.7477800420757], [141.44359161786895, 38.747768870728876], [141.4435698104397, 38.74774911087301], [141.44356985599396, 38.74774905658161], [141.4434041691133, 38.74773808009365], [141.44322416215732, 38.747791081144676], [141.44321524189016, 38.74779459882778], [141.44321450398704, 38.74779481168498], [141.44320960309142, 38.74779682282374], [141.4430111544668, 38.74787508531419], [141.44290394265957, 38.74795649150884], [141.44277014131856, 38.748058088317286], [141.44259613142256, 38.74824008935976], [141.4423256176192, 38.74834206391871], [141.44231387185948, 38.748348025061375], [141.4422176084689, 38.74838449018779], [141.4420898333605, 38.748447725425294], [141.44200193664955, 38.74849122511859], [141.4419562636098, 38.74852901216056], [141.44180013188804, 38.74865819325412], [141.44177772878047, 38.748677470063924], [141.441774088683, 38.74867989169329], [141.44173946780703, 38.748710390552894], [141.44171561763937, 38.74873091180878], [141.44170618998277, 38.748744883278434], [141.4416580873323, 38.748810101529855], [141.44163674706454, 38.748800494652905], [141.44166104897678, 38.74881178069678], [141.44165747418728, 38.748821628044404], [141.44159217659836, 38.7491403074239], [141.4416040779476, 38.7492049899734], [141.44164781196878, 38.74944266390688], [141.44155570474425, 38.74953312440135], [141.4414127611214, 38.74962379523731], [141.4412483516585, 38.74976757707151], [141.4410631646593, 38.75011355500361], [141.4412179517075, 38.75026481185239], [141.44126204736955, 38.750294116496804], [141.4414653763927, 38.75042924680818], [141.44151409091305, 38.750461620991864], [141.44178503688718, 38.75066657845809], [141.4417569117748, 38.75082828196142], [141.44170881008333, 38.75100301723916], [141.4416930107931, 38.75128454736987], [141.44166768717108, 38.75136566041222], [141.44161459346464, 38.7515636286126], [141.44158056876287, 38.751847703973304], [141.44174645392755, 38.75200604639067], [141.44194424773798, 38.75229369870889], [141.4421349087863, 38.75250277143952], [141.4422162709624, 38.75259199095165], [141.4424499444849, 38.75284814585148], [141.442580852363, 38.75299164602945], [141.44281780235102, 38.753229075159844], [141.44283651258047, 38.75357847878615], [141.44295420208206, 38.75394555521997], [141.44303473974753, 38.7541919255705], [141.44305340776265, 38.754234363819386], [141.44319312301863, 38.754551987709846], [141.44331341577552, 38.754622980940184], [141.44348146969187, 38.75473484145705], [141.44370357025159, 38.754919004389265], [141.44383433922386, 38.75520536367794], [141.4439079998463, 38.75533949110905], [141.4440628108206, 38.75547396026301], [141.44408058199522, 38.755493133882766], [141.444274755648, 38.755702625148224], [141.44421874651363, 38.75593641826489], [141.44419154116494, 38.75604997553139], [141.4441261920249, 38.7563350078809], [141.44419371448618, 38.75660053522272], [141.4442771956604, 38.756839069460945], [141.44430649705936, 38.757092391205354], [141.44450223751068, 38.757259167961365], [141.44473715607757, 38.75751095479508], [141.44478361541692, 38.75756887332732], [141.4448593376221, 38.75788205953307], [141.44488183556675, 38.75801899445948], [141.44489100571252, 38.758074816171124], [141.44491571018412, 38.7582251844465], [141.44501036242283, 38.75827841831701], [141.44527523682666, 38.75840502151911], [141.4455072540137, 38.75850363434268], [141.44556508833836, 38.7585905287055], [141.4455288490578, 38.75877955437789], [141.4454755084956, 38.75880791453398], [141.44528898702478, 38.75901946560606], [141.44525378797672, 38.75923879172173], [141.44525605197012, 38.75936108488033], [141.4452385916102, 38.75958406581683], [141.44528230506853, 38.75969614206823], [141.44534091049562, 38.759770852434954], [141.4454122450846, 38.75984326190184], [141.44549758957533, 38.76005923604887], [141.4455657325725, 38.76022130080934], [141.44570495971593, 38.76041959632525], [141.44576252039258, 38.76051060906319], [141.4458496587754, 38.76057293104496], [141.4458862546424, 38.76059910383699], [141.44606539066436, 38.760671362281], [141.4461317764301, 38.76068828432588], [141.44621243158232, 38.76067446517674], [141.44641325057322, 38.76073249242191], [141.44656180344157, 38.760867873794005], [141.44665340500825, 38.760951293143584], [141.44670673631427, 38.76103462497831], [141.44683399342847, 38.761167451112236], [141.44697882889798, 38.76130790545022], [141.44707277518157, 38.761550751834484], [141.44716223062454, 38.7616883706302], [141.44732786113337, 38.76184375117404], [141.44739160856787, 38.76176345320064]]]}, "properties": {"SICHOSON": "205", "SICHOSON_N": "気仙沼市", "RINPAN": "B077", "ADDDATE": "2022-09-28", "ADDTENANT": "04000F", "ADDUSER": "pasco01", "EDITDATE": null, "EDITTENANT": "", "EDITUSER": ""}}, {"type": "Feature", "geometry": {"type": "Polygon", "coordinates": [[[141.44128471523226, 38.763580178026], [141.44139991844744, 38.76347305739485], [141.44142757112797, 38.763474679272775], [141.44152158522735, 38.76348339720277], [141.4416074853598, 38.76347157192911], [141.44171798590097, 38.763463726605046], [141.44187433483498, 38.76344439935238], [141.4418824950755, 38.76344369200732], [141.44220406736937, 38.763415826537795], [141.4423861055678, 38.76344250119307], [141.44242308097665, 38.76344791925636], [141.44248941198072, 38.76339919212405], [141.44252730132692, 38.76337135891564], [141.44253501987785, 38.763403691296084], [141.4425430421155, 38.76340448280569], [141.44257361206422, 38.76340749819992], [141.4425686445313, 38.7633821793317], [141.44266817211883, 38.76337433355041], [141.44270504333875, 38.76337142693554], [141.44288730199005, 38.76335705867817], [141.4431606116901, 38.76338871368059], [141.4431656918349, 38.76337302969176], [141.44330760835274, 38.76329799266615], [141.44341652824485, 38.76329605392037], [141.44357751217686, 38.76329318739985], [141.44391025157725, 38.76343262822612], [141.44399963200408, 38.76346548791712], [141.4441395953907, 38.76351694245046], [141.44418675979986, 38.76353933083954], [141.444295368705, 38.76359088418808], [141.4445500340505, 38.76362234781214], [141.44461024622316, 38.76362978688199], [141.44494447350084, 38.76363038970631], [141.44503245136252, 38.76338474287298], [141.44503810388193, 38.76335595775776], [141.44506413230806, 38.76322340770519], [141.44519895600195, 38.763007956636656], [141.44534102786025, 38.762765548836036], [141.44533633191065, 38.76262799838473], [141.44530128263185, 38.76244876948886], [141.44531550412955, 38.76242850606095], [141.4453542180226, 38.76238073630872], [141.44552825199764, 38.76224419845371], [141.44555657165395, 38.762221984595506], [141.44557120930529, 38.76220761528716], [141.44571509926928, 38.76206638104859], [141.44570025389257, 38.7620227827359], [141.44567347960356, 38.76194414910785], [141.44563375543638, 38.76182746751842], [141.44564681364017, 38.76181705778198], [141.44563245494737, 38.76179417920301], [141.4453843526314, 38.76148181455616], [141.44535598805777, 38.761440011293466], [141.445367545679, 38.76136748850357], [141.44538570903973, 38.76121293561968], [141.44536913404957, 38.760983242035664], [141.4453999391593, 38.76088296919836], [141.44550569407, 38.76071842252986], [141.44576252039258, 38.76051060906319], [141.44570495971593, 38.76041959632525], [141.4455657325725, 38.76022130080934], [141.44549758957533, 38.76005923604887], [141.4454122450846, 38.75984326190184], [141.44534091049562, 38.759770852434954], [141.44528230506853, 38.75969614206823], [141.4452385916102, 38.75958406581683], [141.44525605197012, 38.75936108488033], [141.44525378797672, 38.75923879172173], [141.44528898702478, 38.75901946560606], [141.4454755084956, 38.75880791453398], [141.4455288490578, 38.75877955437789], [141.44556508833836, 38.7585905287055], [141.4455072540137, 38.75850363434268], [141.44527523682666, 38.75840502151911], [141.44501036242283, 38.75827841831701], [141.44491571018412, 38.7582251844465], [141.44489100571252, 38.758074816171124], [141.44488183556675, 38.75801899445948], [141.4448593376221, 38.75788205953307], [141.44478361541692, 38.75756887332732], [141.44473715607757, 38.75751095479508], [141.44450223751068, 38.757259167961365], [141.44430649705936, 38.757092391205354], [141.4442771956604, 38.756839069460945], [141.44419371448618, 38.75660053522272], [141.4441261920249, 38.7563350078809], [141.44419154116494, 38.75604997553139], [141.44421874651363, 38.75593641826489], [141.444274755648, 38.755702625148224], [141.44408058199522, 38.755493133882766], [141.4440628108206, 38.75547396026301], [141.4439079998463, 38.75533949110905], [141.44383433922386, 38.75520536367794], [141.44370357025159, 38.754919004389265], [141.44348146969187, 38.75473484145705], [141.44331341577552, 38.754622980940184], [141.44319312301863, 38.754551987709846], [141.44305340776265, 38.754234363819386], [141.44303473974753, 38.7541919255705], [141.44295420208206, 38.75394555521997], [141.44283651258047, 38.75357847878615], [141.44281780235102, 38.753229075159844], [141.442580852363, 38.75299164602945], [141.4424499444849, 38.75284814585148], [141.4422162709624, 38.75259199095165], [141.4421349087863, 38.75250277143952], [141.44194424773798, 38.75229369870889], [141.44174645392755, 38.75200604639067], [141.44158056876287, 38.751847703973304], [141.44161459346464, 38.7515636286126], [141.44166768717108, 38.75136566041222], [141.4416930107931, 38.75128454736987], [141.44170881008333, 38.75100301723916], [141.4417569117748, 38.75082828196142], [141.44178503688718, 38.75066657845809], [141.44151409091305, 38.750461620991864], [141.4414653763927, 38.75042924680818], [141.44126204736955, 38.750294116496804], [141.4412179517075, 38.75026481185239], [141.4410631646593, 38.75011355500361], [141.44076358315766, 38.75013470661169], [141.44038942585343, 38.75015408263454], [141.44011544543483, 38.75034014320833], [141.4398315415393, 38.75042090421085], [141.43943602492695, 38.75046416257369], [141.43911916658809, 38.750492705796354], [141.43895552991955, 38.75053538219411], [141.43871461410802, 38.750651277798966], [141.43846012253485, 38.751001610475846], [141.43838971168577, 38.75118570395838], [141.43834120406615, 38.751312531385274], [141.43828588730727, 38.75145715693407], [141.43824828102984, 38.75158628193061], [141.4381604281504, 38.75188792842666], [141.43805536171348, 38.752281423424726], [141.4378647044217, 38.75280119768675], [141.43774934100813, 38.75372299295579], [141.43763877520345, 38.754160731708495], [141.43762190750473, 38.754253378402574], [141.43757411694904, 38.7545158716367], [141.43755300683006, 38.75463181930534], [141.437532013111, 38.75490924050562], [141.4374535719279, 38.755112797166674], [141.4373356195557, 38.75535303507634], [141.43707859154839, 38.755798358705235], [141.43705133196892, 38.7560834066563], [141.43713329769807, 38.75638940370858], [141.43703948433333, 38.75657679637276], [141.43701507444376, 38.75691472093161], [141.4370698064487, 38.757115472291794], [141.43711766255606, 38.75738089813561], [141.43712688697045, 38.757596280773605], [141.4371566201313, 38.75772110340528], [141.43716910359385, 38.757773508660435], [141.43717206879685, 38.75778595537926], [141.4371675271887, 38.75808262451585], [141.43717029423306, 38.75837003074789], [141.4375704618061, 38.7585673571031], [141.43765757537463, 38.75843808821471], [141.43769871722193, 38.75839708401123], [141.43779941174193, 38.75829672557895], [141.4378800034479, 38.75823459677825], [141.43792075650677, 38.75820317999555], [141.4381132563724, 38.758112806639026], [141.4384613226719, 38.758058942607924], [141.43892815204725, 38.75778195099823], [141.4391800871024, 38.7576846733968], [141.43933850074148, 38.75767144689666], [141.43957766077042, 38.75769080106633], [141.43986915464166, 38.75769996436626], [141.43991747562757, 38.75767922732745], [141.44005421056468, 38.75770655339347], [141.440098670408, 38.75778286236828], [141.440113281593, 38.757868475739905], [141.44011988892802, 38.75787168915367], [141.44018722557897, 38.75791536434203], [141.44018728517256, 38.75791560817427], [141.44018782140154, 38.75791575133467], [141.4402322150714, 38.757944545766016], [141.44028490933343, 38.757993481556746], [141.44037185124674, 38.75804508087365], [141.4403845045782, 38.75809946144973], [141.44041681499687, 38.75813639415861], [141.4404637816649, 38.75820376483259], [141.4404706644415, 38.758227124337516], [141.44050725430404, 38.75826708430946], [141.44054701395905, 38.75832522761614], [141.44057138617623, 38.758360875407014], [141.44061565927063, 38.758441237354816], [141.44068104661596, 38.75848234402801], [141.4406630076434, 38.75852699045685], [141.44072472705864, 38.758637055994996], [141.44073363790685, 38.758678540792566], [141.44070320667748, 38.75873263891473], [141.44069414430234, 38.75874875070554], [141.44070097811007, 38.75885862397045], [141.4407571639261, 38.75886014999203], [141.44075720252007, 38.758860630867595], [141.44074896242293, 38.758948907012325], [141.4407475488307, 38.758964030418326], [141.44074088431955, 38.75909552315018], [141.4407524874403, 38.75915571718092], [141.44074570840488, 38.75924383888282], [141.44074501451993, 38.759243422673336], [141.4407400199339, 38.759305470506625], [141.44081461466288, 38.75941423484852], [141.44089217470494, 38.759451755641145], [141.44096234847626, 38.75953003958051], [141.44096907815927, 38.759537074791304], [141.44077424789546, 38.75943685882438], [141.44082304921105, 38.75956224351906], [141.44084813542804, 38.75978205587342], [141.4408667620972, 38.759945255539044], [141.44089448030425, 38.7602044510689], [141.44093731882998, 38.760339479203445], [141.44095166377116, 38.7603846924392], [141.44105611216565, 38.76084950481541], [141.44110995067317, 38.760688199559326], [141.44113940274846, 38.76062265070557], [141.4412417872434, 38.76055921800696], [141.44126307645988, 38.760532970618776], [141.44128849548173, 38.76056045522797], [141.44125860079774, 38.76059076985981], [141.44127359286188, 38.76063275449666], [141.44132457475354, 38.76067184925064], [141.4413474242472, 38.76078553998613], [141.44132030825872, 38.76089043667776], [141.44130084120465, 38.76108587818932], [141.44135490741667, 38.761169347396724], [141.4413953256961, 38.761231745466084], [141.44137786419623, 38.76125267392076], [141.44140566239383, 38.76129730359595], [141.44150956831524, 38.76141167164704], [141.4415394965644, 38.76147271345121], [141.44149625491352, 38.76156884733206], [141.44141701034744, 38.761670465751315], [141.44136847860233, 38.76172222218091], [141.44126585737203, 38.76180946676637], [141.44138119817168, 38.761827217933345], [141.44141254936645, 38.761885222666066], [141.4414053758342, 38.76189140496521], [141.44137446977135, 38.761929510383965], [141.4413384281221, 38.76197395865724], [141.4412867403129, 38.76203769530245], [141.44120251809812, 38.762171554425876], [141.44110422258888, 38.762377368765215], [141.44090299368207, 38.76270470690012], [141.4406920539513, 38.76312084190612], [141.44067297807308, 38.763164651359965], [141.44063711732647, 38.76324698994325], [141.44067866859865, 38.76332854700226], [141.4406920420643, 38.76335480154023], [141.44072337839148, 38.763416330804944], [141.44079904701624, 38.76351566526826], [141.44081143952425, 38.7635319340101], [141.44087916065894, 38.76358688679743], [141.44093384202424, 38.763611520285096], [141.44104174857696, 38.76365853441923], [141.44112513874933, 38.763683118540385], [141.4411600312441, 38.763683761401545], [141.44117305198196, 38.763675464949216], [141.44126055302235, 38.76361970867115], [141.44128471523226, 38.763580178026]]]}, "properties": {"SICHOSON": "205", "SICHOSON_N": "気仙沼市", "RINPAN": "B078", "ADDDATE": "2022-09-28", "ADDTENANT": "04000F", "ADDUSER": "pasco01", "EDITDATE": null, "EDITTENANT": "", "EDITUSER": ""}}, {"type": "Feature", "geometry": {"type": "Polygon", "coordinates": [[[141.4371675271887, 38.75808262451585], [141.43717206879685, 38.75778595537926], [141.43716910359385, 38.757773508660435], [141.4371566201313, 38.75772110340528], [141.43712688697045, 38.757596280773605], [141.43711766255606, 38.75738089813561], [141.4370698064487, 38.757115472291794], [141.43701507444376, 38.75691472093161], [141.43703948433333, 38.75657679637276], [141.43713329769807, 38.75638940370858], [141.43705133196892, 38.7560834066563], [141.43707859154839, 38.755798358705235], [141.4373356195557, 38.75535303507634], [141.4374535719279, 38.755112797166674], [141.437532013111, 38.75490924050562], [141.43755300683006, 38.75463181930534], [141.43757411694904, 38.7545158716367], [141.43762190750473, 38.754253378402574], [141.43763877520345, 38.754160731708495], [141.43774934100813, 38.75372299295579], [141.4378647044217, 38.75280119768675], [141.43805536171348, 38.752281423424726], [141.4381604281504, 38.75188792842666], [141.43824828102984, 38.75158628193061], [141.43828588730727, 38.75145715693407], [141.43834120406615, 38.751312531385274], [141.43838971168577, 38.75118570395838], [141.43846012253485, 38.751001610475846], [141.43871461410802, 38.750651277798966], [141.43895552991955, 38.75053538219411], [141.43857999766453, 38.750487606994035], [141.43822364354912, 38.750387433604395], [141.43812172019744, 38.75035878197729], [141.43798892812913, 38.75030627844342], [141.4378549265621, 38.75025329813421], [141.43769699931298, 38.750241799574184], [141.43765839633687, 38.750241299165204], [141.43751248028147, 38.750239406640894], [141.43739301712702, 38.75023785741108], [141.43717115897581, 38.750166211551765], [141.4370621511671, 38.750169981799154], [141.43658359117754, 38.75033310880634], [141.43649193885844, 38.750365049967456], [141.4361549045208, 38.750362572417856], [141.43592653756076, 38.750382839846516], [141.43567511906403, 38.750491161789796], [141.4355081008481, 38.750621820296], [141.43543020909863, 38.75068275524714], [141.43505065204064, 38.75113384993707], [141.43491818855378, 38.75143415974269], [141.4348397102998, 38.75161318365656], [141.43468032591363, 38.75170941730364], [141.43460151611643, 38.751757002484176], [141.43429285599677, 38.75188744451678], [141.43407347397763, 38.75202087735], [141.4338326012637, 38.75223134021308], [141.4338171597772, 38.75224483203367], [141.4338166664787, 38.75224664806519], [141.433727843364, 38.752573918528455], [141.43372760674762, 38.7525741017242], [141.43345363512998, 38.75278664189344], [141.43340507650464, 38.752824312475504], [141.43334576355642, 38.75287633901419], [141.43321734837238, 38.752988977299154], [141.4331254962546, 38.75305949307349], [141.433069341608, 38.753135375120664], [141.43297069258753, 38.753302492338634], [141.43292582666618, 38.75333729875697], [141.43262291741513, 38.75356228258885], [141.43250618009463, 38.75360958693306], [141.43246869706994, 38.75362477532792], [141.43217580096285, 38.753672897473756], [141.43167406792136, 38.753824780861095], [141.43159317518993, 38.75385779822715], [141.43159278303426, 38.75385878310825], [141.4314867607591, 38.75412434851667], [141.43146950484766, 38.75416757246149], [141.43146135536088, 38.75418930585719], [141.43137173534936, 38.754428295566676], [141.4313410126691, 38.75463741479025], [141.4312834665534, 38.75479496899803], [141.4312791530345, 38.75479673699427], [141.431056645362, 38.75488793908018], [141.43079657674505, 38.754986835374964], [141.4306524016903, 38.755079430845434], [141.43057813222433, 38.75512713064082], [141.43048902776613, 38.755314016597545], [141.4304851441711, 38.75534501813164], [141.43047134779582, 38.755455303802464], [141.4304345469982, 38.75562849018455], [141.43039559613752, 38.75574097008533], [141.4303614290797, 38.75583963647709], [141.43026540384614, 38.75599144080863], [141.4302012456187, 38.75610562322951], [141.43007416731723, 38.756334909558646], [141.43008697703596, 38.75643267296165], [141.43010343471235, 38.75655828774169], [141.4301164448082, 38.756657582532306], [141.43009862680287, 38.75672991605975], [141.43009003070384, 38.756762210090336], [141.43001172814604, 38.757056356579405], [141.43000533839887, 38.75722029753344], [141.43002699775346, 38.75751254450456], [141.43001460026127, 38.757640345295485], [141.43002554615074, 38.75780110767601], [141.4300456485548, 38.75797267004663], [141.43005377286428, 38.75807644737684], [141.43046094082632, 38.7581222503785], [141.43063401875645, 38.75812957406476], [141.43071094586813, 38.758132828635496], [141.4309812076223, 38.75816763587685], [141.43121711955501, 38.75816595189843], [141.43127720605597, 38.758306994486745], [141.43131607375025, 38.758347110560706], [141.43139630881794, 38.75840093194096], [141.43172673824853, 38.75862258267313], [141.43188067462174, 38.7587465049496], [141.43192979048908, 38.75885636944016], [141.4318926868978, 38.75899914181501], [141.43191771703647, 38.75902643497931], [141.43191993831334, 38.75901301292689], [141.43196161067038, 38.75885851275671], [141.43215769866464, 38.75888385038203], [141.4323061206952, 38.75884070291242], [141.43261688229444, 38.75872778676629], [141.43263525059177, 38.75871723323136], [141.43274423844207, 38.75865461191403], [141.43281928009384, 38.75862165980997], [141.4327967703694, 38.75868028818903], [141.43274809866062, 38.75874745605557], [141.43273235734443, 38.75876710955898], [141.43275581282793, 38.7587567470318], [141.43285188955485, 38.75871429973489], [141.4328451300281, 38.75862547943674], [141.43284350227623, 38.75860406457591], [141.43283223051995, 38.75845587251454], [141.43283044194544, 38.75836709878649], [141.43284445693624, 38.758274928716695], [141.43285264264938, 38.7582396438366], [141.43286140452636, 38.75820185152072], [141.43289129079662, 38.7581321313421], [141.43294564084957, 38.758072483755605], [141.4330114984689, 38.75801842569645], [141.43301612201685, 38.758015465066954], [141.43307310505267, 38.757978991971136], [141.4331005455076, 38.75794989649896], [141.43310600826544, 38.7579441027587], [141.43313448093338, 38.757878876211834], [141.43315134362456, 38.75778333115835], [141.4331817237099, 38.757803308386094], [141.43325593223844, 38.75785210811905], [141.4332704171875, 38.75786163728073], [141.4333076487623, 38.75788612070448], [141.43331837247865, 38.75789317369601], [141.43332078629373, 38.75789467480401], [141.43335612488653, 38.75791664633242], [141.43345154055316, 38.75797596669493], [141.43357504180747, 38.757892556773754], [141.43364082314778, 38.75782686012803], [141.43370318458992, 38.75792290463968], [141.4339474533215, 38.75808511654864], [141.43402223663955, 38.75814803431804], [141.43410229704307, 38.75821539153711], [141.43429203180287, 38.75837780191988], [141.4342621193696, 38.758418594945894], [141.43425862020624, 38.75842336784349], [141.43420283477107, 38.758499446672815], [141.4341407345218, 38.75858413622727], [141.43413978026024, 38.75873009552456], [141.43413957901006, 38.75876084670063], [141.43413877888065, 38.758883197330825], [141.43423961654403, 38.75896277904957], [141.4343135596729, 38.75902113521967], [141.4345258744185, 38.7590947272855], [141.43467000177773, 38.75918982273331], [141.43463562909406, 38.759296241734425], [141.43462554508832, 38.759329950026206], [141.4345596677669, 38.75955018847299], [141.4345242405062, 38.75974077416234], [141.43451434865614, 38.75986596790442], [141.43458634560199, 38.759924947407086], [141.43462528862113, 38.75995684854503], [141.43518162634803, 38.75974438010933], [141.43522767303648, 38.759726794525356], [141.4354631833569, 38.75960401788423], [141.43553690790418, 38.75956689339174], [141.43561210400756, 38.75950170840382], [141.4357543122544, 38.759470226299534], [141.43591894897156, 38.75939071897448], [141.43601468983235, 38.75937234804789], [141.43609297699098, 38.759341910420424], [141.43611259334799, 38.759306192504255], [141.43631448047753, 38.75921500794241], [141.43652413516196, 38.7590023607606], [141.43667733966424, 38.75884970670275], [141.43681334020425, 38.758654457017734], [141.43703477106956, 38.758490657521484], [141.43717029423306, 38.75837003074789], [141.4371675271887, 38.75808262451585]]]}, "properties": {"SICHOSON": "205", "SICHOSON_N": "気仙沼市", "RINPAN": "B079", "ADDDATE": "2022-09-28", "ADDTENANT": "04000F", "ADDUSER": "pasco01", "EDITDATE": null, "EDITTENANT": "", "EDITUSER": ""}}, {"type": "Feature", "geometry": {"type": "Polygon", "coordinates": [[[141.4351903479965, 38.76592007043082], [141.43521340222208, 38.765902665419006], [141.43508906355692, 38.765917373972435], [141.43512701082426, 38.76584853972419], [141.4352240866942, 38.76569779919408], [141.43528405341863, 38.76563101363281], [141.4353089059865, 38.76560332828404], [141.4353756567585, 38.76552897628665], [141.4354157679221, 38.76548217559241], [141.43543919768413, 38.765454847991535], [141.4355772537527, 38.76529377903552], [141.43568439102413, 38.765145264621644], [141.43573847731173, 38.76501818638035], [141.43579098174789, 38.76485627881622], [141.43581344279448, 38.76471913843556], [141.43581748169, 38.76465058774709], [141.4358014890368, 38.76460004011739], [141.4356964179608, 38.76453953821388], [141.4355278162269, 38.76442405877153], [141.43543291430242, 38.76435905383107], [141.4354215548248, 38.764350976403215], [141.4353339473055, 38.76441388103986], [141.43516797947368, 38.764377332581795], [141.43511327980534, 38.764365287341796], [141.43506355567482, 38.7643543371686], [141.43506690972427, 38.76419567119834], [141.4350677153716, 38.76415760620806], [141.43520060188763, 38.763888573573745], [141.43533459382476, 38.76361838194465], [141.43537471893478, 38.76350763593194], [141.43554178020455, 38.763078734886314], [141.43560152545444, 38.76287666345557], [141.43582847660937, 38.76256671331888], [141.4358612253315, 38.76252198642005], [141.4361577511325, 38.76236791851255], [141.43616880981824, 38.762236751169944], [141.4361829996465, 38.76206842122382], [141.43619004807002, 38.76198481909476], [141.43634193644576, 38.76157514802811], [141.43646110100866, 38.761498521365965], [141.43658308063388, 38.7614200854772], [141.43694676041665, 38.76109095006375], [141.43743018645043, 38.76091112101269], [141.43759343757606, 38.76084710663053], [141.43775766775363, 38.76052135997915], [141.43779380123678, 38.7604754799026], [141.43789492728496, 38.76035530047223], [141.43802579089336, 38.75994543859509], [141.4380448480455, 38.75987436686441], [141.43807439860075, 38.75976416016233], [141.43808739964197, 38.75971567177521], [141.43815548392976, 38.759590636089136], [141.43818133645294, 38.7595250345172], [141.43821763080464, 38.75927885824036], [141.43822388807715, 38.75913142196848], [141.43831854397982, 38.75895522215656], [141.43810411308272, 38.75882080171344], [141.43780427137304, 38.75863412044783], [141.4375704618061, 38.7585673571031], [141.43717029423306, 38.75837003074789], [141.43703477106956, 38.758490657521484], [141.43681334020425, 38.758654457017734], [141.43667733966424, 38.75884970670275], [141.43652413516196, 38.7590023607606], [141.43631448047753, 38.75921500794241], [141.43611259334799, 38.759306192504255], [141.43609297699098, 38.759341910420424], [141.43601468983235, 38.75937234804789], [141.43591894897156, 38.75939071897448], [141.4357543122544, 38.759470226299534], [141.43561210400756, 38.75950170840382], [141.43553690790418, 38.75956689339174], [141.4354631833569, 38.75960401788423], [141.43522767303648, 38.759726794525356], [141.43518162634803, 38.75974438010933], [141.43462528862113, 38.75995684854503], [141.43458634560199, 38.759924947407086], [141.43451434865614, 38.75986596790442], [141.4345242405062, 38.75974077416234], [141.4345596677669, 38.75955018847299], [141.43462554508832, 38.759329950026206], [141.43463562909406, 38.759296241734425], [141.43467000177773, 38.75918982273331], [141.4345258744185, 38.7590947272855], [141.4343135596729, 38.75902113521967], [141.43423961654403, 38.75896277904957], [141.43413877888065, 38.758883197330825], [141.43413957901006, 38.75876084670063], [141.43413978026024, 38.75873009552456], [141.4341407345218, 38.75858413622727], [141.43420283477107, 38.758499446672815], [141.43425862020624, 38.75842336784349], [141.4342621193696, 38.758418594945894], [141.43429203180287, 38.75837780191988], [141.43410229704307, 38.75821539153711], [141.43402223663955, 38.75814803431804], [141.4339474533215, 38.75808511654864], [141.43370318458992, 38.75792290463968], [141.43364082314778, 38.75782686012803], [141.43357504180747, 38.757892556773754], [141.43345154055316, 38.75797596669493], [141.43335612488653, 38.75791664633242], [141.43332078629373, 38.75789467480401], [141.43331837247865, 38.75789317369601], [141.4333076487623, 38.75788612070448], [141.4332704171875, 38.75786163728073], [141.43325593223844, 38.75785210811905], [141.4331817237099, 38.757803308386094], [141.43315134362456, 38.75778333115835], [141.43313448093338, 38.757878876211834], [141.43310600826544, 38.7579441027587], [141.4331005455076, 38.75794989649896], [141.43307310505267, 38.757978991971136], [141.43301612201685, 38.758015465066954], [141.4330114984689, 38.75801842569645], [141.43294564084957, 38.758072483755605], [141.43289129079662, 38.7581321313421], [141.43286140452636, 38.75820185152072], [141.43285264264938, 38.7582396438366], [141.43284445693624, 38.758274928716695], [141.43283044194544, 38.75836709878649], [141.43283223051995, 38.75845587251454], [141.43284350227623, 38.75860406457591], [141.4328451300281, 38.75862547943674], [141.43285188955485, 38.75871429973489], [141.43275581282793, 38.7587567470318], [141.43273235734443, 38.75876710955898], [141.43274809866062, 38.75874745605557], [141.4327967703694, 38.75868028818903], [141.43281928009384, 38.75862165980997], [141.43274423844207, 38.75865461191403], [141.43263525059177, 38.75871723323136], [141.43261688229444, 38.75872778676629], [141.4323061206952, 38.75884070291242], [141.43215769866464, 38.75888385038203], [141.43196161067038, 38.75885851275671], [141.43191993831334, 38.75901301292689], [141.43191771703647, 38.75902643497931], [141.4318926868978, 38.75899914181501], [141.43192979048908, 38.75885636944016], [141.43188067462174, 38.7587465049496], [141.43172673824853, 38.75862258267313], [141.43139630881794, 38.75840093194096], [141.43131607375025, 38.758347110560706], [141.43127720605597, 38.758306994486745], [141.43121711955501, 38.75816595189843], [141.4309812076223, 38.75816763587685], [141.43071094586813, 38.758132828635496], [141.43063401875645, 38.75812957406476], [141.43046094082632, 38.7581222503785], [141.43005377286428, 38.75807644737684], [141.42996439064336, 38.758207073561984], [141.4299542297748, 38.75829895786182], [141.42995063026683, 38.758331511952285], [141.42991121282773, 38.75844777507196], [141.42982956067837, 38.75859070391351], [141.42981138685042, 38.75881389355843], [141.42982498489573, 38.7589297689626], [141.4298075263169, 38.75900944285546], [141.42978670663342, 38.75915807014869], [141.4298111168173, 38.75922653048366], [141.42974895795624, 38.75940026036509], [141.4296678854031, 38.7594719796216], [141.4295271762123, 38.75963901109129], [141.42942831322662, 38.75975202771894], [141.4292840367712, 38.75991776178197], [141.4292711706984, 38.760066897954474], [141.4293640008934, 38.76027012525491], [141.42937211059456, 38.76032105005063], [141.42941948206862, 38.76061850544778], [141.42940682034242, 38.76079909971339], [141.42939098693617, 38.76098571909451], [141.42930204247278, 38.761145478227164], [141.4292708728234, 38.76120146451085], [141.4292272124512, 38.76139531305078], [141.42922424520543, 38.76140848389914], [141.42924372896863, 38.76150990964278], [141.4292621183433, 38.761605640119264], [141.4292014656985, 38.76169247097719], [141.42914526785904, 38.761762936920746], [141.4290327576778, 38.76183754657325], [141.42898095393807, 38.761871899424776], [141.42882189732924, 38.7619572531747], [141.42876727845592, 38.76198656356986], [141.42868567534106, 38.762080753062605], [141.42868453476524, 38.762083902983804], [141.4286385222278, 38.76221094684108], [141.42861616110523, 38.76234755480412], [141.4285689567565, 38.76245776703739], [141.428540472906, 38.76248441001593], [141.42853081005515, 38.762493447417846], [141.42844125765993, 38.762636433461246], [141.42838407619485, 38.76274145773158], [141.42836357704195, 38.76277910674539], [141.42837181696467, 38.76286654135415], [141.42836926154393, 38.76289829006622], [141.42836324340732, 38.762973079377325], [141.4283064300697, 38.763123448099044], [141.42830588429322, 38.76312562112467], [141.42833622393724, 38.763126067570965], [141.4284431331581, 38.76312764847434], [141.42843143048748, 38.76317607601757], [141.42842014339453, 38.76326345598622], [141.4283965840713, 38.76344582445511], [141.42836278565753, 38.763614434377935], [141.42835951542483, 38.76362288066679], [141.42820358477104, 38.763626560860054], [141.42823030196902, 38.7637390714241], [141.42825681180392, 38.763850710972335], [141.4282634008455, 38.76386737635397], [141.42831679038372, 38.76400242205149], [141.42832391305458, 38.76400921274629], [141.4283969039818, 38.76407880166013], [141.42844302923595, 38.76412277804974], [141.4284923482015, 38.76410905859677], [141.42853483888356, 38.76411277010608], [141.4285694300934, 38.76408890861345], [141.42863907326557, 38.76414206505078], [141.42864090162925, 38.76414095034467], [141.42868043334312, 38.76413974179002], [141.42869844946551, 38.76413919056434], [141.4287511869944, 38.764109127637624], [141.42875539009606, 38.764106736881516], [141.42888310331597, 38.76408168104663], [141.42898368897184, 38.764090626927214], [141.42899376479883, 38.764091521512604], [141.429157240325, 38.764134756250186], [141.4291924292407, 38.7641353291017], [141.42919298062588, 38.76414420907792], [141.42922535470814, 38.76415277095882], [141.42941097957404, 38.764211876923795], [141.4296069639357, 38.7643294228036], [141.42981621923497, 38.764530386204235], [141.4298860602031, 38.764597460549744], [141.42989549189556, 38.76468405020573], [141.42991287061128, 38.764843506608734], [141.4299626198258, 38.76508052664439], [141.43002379448953, 38.7653006776926], [141.4300266534307, 38.7653082125634], [141.43009246801432, 38.7654818007513], [141.43028368038532, 38.765986136706516], [141.4303154582157, 38.76606995454206], [141.43034438468825, 38.76615943551815], [141.43066178493245, 38.76710817967443], [141.43066975088496, 38.76713199454724], [141.43069052021198, 38.76719408588876], [141.43072854244033, 38.76727853833521], [141.43075617675692, 38.76733989998659], [141.43076266043042, 38.767354308121476], [141.43085287375402, 38.76750439297691], [141.43085484582818, 38.76750767114549], [141.43087341814692, 38.76753107142071], [141.43093204145623, 38.767604941109134], [141.43100408165918, 38.76767306654588], [141.43108706904115, 38.767726452332596], [141.43142249015358, 38.767924389007426], [141.43167866225738, 38.76810033611872], [141.43184678130953, 38.768236381827926], [141.4319231873119, 38.76832841197993], [141.4319850629683, 38.76840294103639], [141.43204278955454, 38.76847517512399], [141.43217002099942, 38.768634376382614], [141.43225326760003, 38.76875857719085], [141.4326185871528, 38.768409171649544], [141.43280559712667, 38.768240107329284], [141.4328788627374, 38.76817387732019], [141.43295108857853, 38.76810566073051], [141.4330608420904, 38.76800198257154], [141.43323739128968, 38.76785934029713], [141.43348958718218, 38.767672409836194], [141.43367912248064, 38.76754288834276], [141.43373458057815, 38.76750498317271], [141.433763323363, 38.76748534024257], [141.4338421541043, 38.767425647626645], [141.43386811196405, 38.76740599195298], [141.43425626626725, 38.76711360470759], [141.43430337268524, 38.76706606664242], [141.4342840621722, 38.766983732645166], [141.43437570118758, 38.76696676611167], [141.43456398660854, 38.76679595277991], [141.4345754665744, 38.76679147845919], [141.43458916489112, 38.766777654093225], [141.43475510362228, 38.76660656802638], [141.43481368550354, 38.76654190693247], [141.4348795072669, 38.76646926359157], [141.43492058514434, 38.766385242303805], [141.43498068079424, 38.766262322643215], [141.43499454238386, 38.76621096358021], [141.43501132781114, 38.76614877066698], [141.43503165068756, 38.76607345067885], [141.43506025745245, 38.76598278911164], [141.4351465115257, 38.76595316245489], [141.4351903479965, 38.76592007043082]]]}, "properties": {"SICHOSON": "205", "SICHOSON_N": "気仙沼市", "RINPAN": "B093", "ADDDATE": "2022-09-28", "ADDTENANT": "04000F", "ADDUSER": "pasco01", "EDITDATE": null, "EDITTENANT": "", "EDITUSER": ""}}, {"type": "Feature", "geometry": {"type": "Polygon", "coordinates": [[[141.4373729487677, 38.769182124747566], [141.43737755293438, 38.76917284520632], [141.43741041381054, 38.7692197775044], [141.4374121315726, 38.76922110464592], [141.4374276236323, 38.76923209110591], [141.4374284861042, 38.769232702856826], [141.4374351296867, 38.76922768659479], [141.43752208589297, 38.769188323148136], [141.43753183812694, 38.76918390882072], [141.43757347454738, 38.76916506225692], [141.4375761855261, 38.76897391989117], [141.43757725824685, 38.768898235066345], [141.43757772406533, 38.76886546728223], [141.4376348299428, 38.76882153831162], [141.4378257688194, 38.76867464902573], [141.437875184394, 38.76863663441755], [141.437963413231, 38.76861182424604], [141.43808325157974, 38.76857812623166], [141.43808967336128, 38.768577655170056], [141.43832800038038, 38.76856018407263], [141.43845747684188, 38.76850329821995], [141.4385505429682, 38.76846240869663], [141.43869692398903, 38.76839809458584], [141.43930287793305, 38.76813185932046], [141.4395310087708, 38.76770046515095], [141.43961566765893, 38.767699471068084], [141.4398870163008, 38.76769628388309], [141.44005255887276, 38.767694339062295], [141.4401905200218, 38.76769271830263], [141.44041918056166, 38.76770494504147], [141.44048817261393, 38.76761058776309], [141.44054523578149, 38.76751918607862], [141.4405894312112, 38.767448396927996], [141.44107809724417, 38.767319371905856], [141.4411325716195, 38.767248468739055], [141.4413382113658, 38.76698080948404], [141.44136767225837, 38.766942464775596], [141.44138557980878, 38.76691915566747], [141.4415382743512, 38.766670454154585], [141.44153833180786, 38.76667044484668], [141.44205811195624, 38.766618217776866], [141.4420591616611, 38.76661811231082], [141.44228050247497, 38.76654514931437], [141.4423146485116, 38.766533892251225], [141.44248288502746, 38.76647842878249], [141.4425616915044, 38.766424176307474], [141.4426177526468, 38.7663855827141], [141.4426756104725, 38.76628319308378], [141.44277966619777, 38.766099049970435], [141.44285018286433, 38.7659742584637], [141.44286379978826, 38.76593173478971], [141.44290672301557, 38.7657976890586], [141.4429715105086, 38.76559535978331], [141.44313765628436, 38.76557861483793], [141.44340184688915, 38.76555198866443], [141.4435159568764, 38.76548931261717], [141.44364169755687, 38.76540282645047], [141.44371904953934, 38.765349623116485], [141.44378194176892, 38.76505064043102], [141.44381864470614, 38.76500223396454], [141.4438698330188, 38.76493472320885], [141.4439374431466, 38.764895891173026], [141.4440138497021, 38.764852007789194], [141.44417639147477, 38.764797969818936], [141.44440605300696, 38.76472161700534], [141.44457667667507, 38.764617825081956], [141.44478596169841, 38.764468350095065], [141.44484189120627, 38.764428403881794], [141.44481497502508, 38.76433516739465], [141.4447853214078, 38.764279809653566], [141.44474582229265, 38.76420607118645], [141.44474011863116, 38.764132345106894], [141.4448368435402, 38.76387073394206], [141.44488959156354, 38.76375294396998], [141.44494447350084, 38.76363038970631], [141.44461024622316, 38.76362978688199], [141.4445500340505, 38.76362234781214], [141.444295368705, 38.76359088418808], [141.44418675979986, 38.76353933083954], [141.4441395953907, 38.76351694245046], [141.44399963200408, 38.76346548791712], [141.44391025157725, 38.76343262822612], [141.44357751217686, 38.76329318739985], [141.44341652824485, 38.76329605392037], [141.44330760835274, 38.76329799266615], [141.4431656918349, 38.76337302969176], [141.4431606116901, 38.76338871368059], [141.44288730199005, 38.76335705867817], [141.44270504333875, 38.76337142693554], [141.44266817211883, 38.76337433355041], [141.4425686445313, 38.7633821793317], [141.44257361206422, 38.76340749819992], [141.4425430421155, 38.76340448280569], [141.44253501987785, 38.763403691296084], [141.44252730132692, 38.76337135891564], [141.44248941198072, 38.76339919212405], [141.44242308097665, 38.76344791925636], [141.4423861055678, 38.76344250119307], [141.44220406736937, 38.763415826537795], [141.4418824950755, 38.76344369200732], [141.44187433483498, 38.76344439935238], [141.44171798590097, 38.763463726605046], [141.4416074853598, 38.76347157192911], [141.44152158522735, 38.76348339720277], [141.44142757112797, 38.763474679272775], [141.44139991844744, 38.76347305739485], [141.44128471523226, 38.763580178026], [141.44126055302235, 38.76361970867115], [141.44117305198196, 38.763675464949216], [141.4411600312441, 38.763683761401545], [141.44112513874933, 38.763683118540385], [141.44104174857696, 38.76365853441923], [141.44093384202424, 38.763611520285096], [141.44087916065894, 38.76358688679743], [141.44081143952425, 38.7635319340101], [141.44079904701624, 38.76351566526826], [141.44072337839148, 38.763416330804944], [141.4406920420643, 38.76335480154023], [141.44067866859865, 38.76332854700226], [141.44063711732647, 38.76324698994325], [141.44067297807308, 38.763164651359965], [141.4406920539513, 38.76312084190612], [141.44090299368207, 38.76270470690012], [141.44110422258888, 38.762377368765215], [141.44120251809812, 38.762171554425876], [141.4412867403129, 38.76203769530245], [141.4413384281221, 38.76197395865724], [141.44137446977135, 38.761929510383965], [141.4414053758342, 38.76189140496521], [141.44141254936645, 38.761885222666066], [141.44138119817168, 38.761827217933345], [141.44126585737203, 38.76180946676637], [141.44136847860233, 38.76172222218091], [141.44141701034744, 38.761670465751315], [141.44149625491352, 38.76156884733206], [141.4415394965644, 38.76147271345121], [141.44150956831524, 38.76141167164704], [141.44140566239383, 38.76129730359595], [141.44137786419623, 38.76125267392076], [141.4413953256961, 38.761231745466084], [141.44135490741667, 38.761169347396724], [141.44130084120465, 38.76108587818932], [141.44132030825872, 38.76089043667776], [141.4413474242472, 38.76078553998613], [141.44132457475354, 38.76067184925064], [141.44127359286188, 38.76063275449666], [141.44125860079774, 38.76059076985981], [141.44128849548173, 38.76056045522797], [141.44126307645988, 38.760532970618776], [141.4412417872434, 38.76055921800696], [141.44113940274846, 38.76062265070557], [141.44110995067317, 38.760688199559326], [141.44105611216565, 38.76084950481541], [141.44095166377116, 38.7603846924392], [141.44093731882998, 38.760339479203445], [141.44089448030425, 38.7602044510689], [141.4408667620972, 38.759945255539044], [141.44084813542804, 38.75978205587342], [141.44082304921105, 38.75956224351906], [141.44077424789546, 38.75943685882438], [141.44096907700109, 38.75953707389641], [141.44096234847626, 38.75953003958051], [141.4408921735544, 38.75945175564712], [141.44081461466288, 38.75941423484852], [141.4407400199339, 38.759305470506625], [141.44074501451993, 38.759243422673336], [141.44074570840488, 38.75924383888282], [141.4407524874403, 38.75915571718092], [141.44074088431955, 38.75909552315018], [141.4407475488307, 38.758964030418326], [141.44074896242293, 38.758948907012325], [141.44075720252007, 38.758860630867595], [141.4407571639261, 38.75886014999203], [141.44070097811007, 38.75885862397045], [141.44069414430234, 38.75874875070554], [141.44070320667748, 38.75873263891473], [141.44073363790685, 38.758678540792566], [141.44072472705864, 38.758637055994996], [141.4406630076434, 38.75852699045685], [141.44068104661596, 38.75848234402801], [141.44061565927063, 38.758441237354816], [141.44057138617623, 38.758360875407014], [141.44054701395905, 38.75832522761614], [141.44050725430404, 38.75826708430946], [141.4404706644415, 38.758227124337516], [141.4404637816649, 38.75820376483259], [141.44041681499687, 38.75813639415861], [141.4403845045782, 38.75809946144973], [141.44037185124674, 38.75804508087365], [141.44028490933343, 38.757993481556746], [141.4402322150714, 38.757944545766016], [141.44018782140154, 38.75791575133467], [141.44018728517256, 38.75791560817427], [141.44018722557897, 38.75791536434203], [141.44011988892802, 38.75787168915367], [141.440113281593, 38.757868475739905], [141.440098670408, 38.75778286236828], [141.44005421056468, 38.75770655339347], [141.43991747562757, 38.75767922732745], [141.43986915464166, 38.75769996436626], [141.43957766077042, 38.75769080106633], [141.43933850074148, 38.75767144689666], [141.4391800871024, 38.7576846733968], [141.43892815204725, 38.75778195099823], [141.4384613226719, 38.758058942607924], [141.4381132563724, 38.758112806639026], [141.43792075650677, 38.75820317999555], [141.4378800034479, 38.75823459677825], [141.43779941174193, 38.75829672557895], [141.43769871722193, 38.75839708401123], [141.43765757537463, 38.75843808821471], [141.4375704618061, 38.7585673571031], [141.43780427137304, 38.75863412044783], [141.43810411308272, 38.75882080171344], [141.43831854397982, 38.75895522215656], [141.43822388807715, 38.75913142196848], [141.43821763080464, 38.75927885824036], [141.43818133645294, 38.7595250345172], [141.43815548392976, 38.759590636089136], [141.43808739964197, 38.75971567177521], [141.43807439860075, 38.75976416016233], [141.4380448480455, 38.75987436686441], [141.43802579089336, 38.75994543859509], [141.43789492728496, 38.76035530047223], [141.43779380123678, 38.7604754799026], [141.43775766775363, 38.76052135997915], [141.43759343757606, 38.76084710663053], [141.43743018645043, 38.76091112101269], [141.43694676041665, 38.76109095006375], [141.43658308063388, 38.7614200854772], [141.43646110100866, 38.761498521365965], [141.43634193644576, 38.76157514802811], [141.43619004807002, 38.76198481909476], [141.4361829996465, 38.76206842122382], [141.43616880981824, 38.762236751169944], [141.4361577511325, 38.76236791851255], [141.4358612253315, 38.76252198642005], [141.43582847660937, 38.76256671331888], [141.43560152545444, 38.76287666345557], [141.43554178020455, 38.763078734886314], [141.43537471893478, 38.76350763593194], [141.43533459382476, 38.76361838194465], [141.43520060188763, 38.763888573573745], [141.4350677153716, 38.76415760620806], [141.43506690972427, 38.76419567119834], [141.43506355567482, 38.7643543371686], [141.43511327980534, 38.764365287341796], [141.43516797947368, 38.764377332581795], [141.4353339473055, 38.76441388103986], [141.4354215548248, 38.764350976403215], [141.43543291430242, 38.76435905383107], [141.4355278162269, 38.76442405877153], [141.4356964179608, 38.76453953821388], [141.4358014890368, 38.76460004011739], [141.43581748169, 38.76465058774709], [141.43581344279448, 38.76471913843556], [141.43579098174789, 38.76485627881622], [141.43573847731173, 38.76501818638035], [141.43568439102413, 38.765145264621644], [141.4355772537527, 38.76529377903552], [141.43543919768413, 38.765454847991535], [141.4354157679221, 38.76548217559241], [141.4353756567585, 38.76552897628665], [141.4353089059865, 38.76560332828404], [141.43528405341863, 38.76563101363281], [141.4352240866942, 38.76569779919408], [141.43512701082426, 38.76584853972419], [141.43508906240626, 38.76591737397837], [141.43521340222208, 38.765902665419006], [141.4351903479965, 38.76592007043082], [141.4351465115257, 38.76595316245489], [141.4350602563018, 38.765982789117565], [141.43503165068756, 38.76607345067885], [141.43501132781114, 38.76614877066698], [141.43499454238386, 38.76621096358021], [141.43498068079424, 38.766262322643215], [141.43492058514434, 38.766385242303805], [141.4348795072669, 38.76646926359157], [141.43481368550354, 38.76654190693247], [141.43475510362228, 38.76660656802638], [141.43458916489112, 38.766777654093225], [141.4345754665744, 38.76679147845919], [141.43456398660854, 38.76679595277991], [141.43437570118758, 38.76696676611167], [141.4342840621722, 38.766983732645166], [141.43430337268524, 38.76706606664242], [141.43425626626725, 38.76711360470759], [141.43386811196405, 38.76740599195298], [141.4338421541043, 38.767425647626645], [141.433763323363, 38.76748534024257], [141.43373458057815, 38.76750498317271], [141.43367912248064, 38.76754288834276], [141.43348958718218, 38.767672409836194], [141.43323739128968, 38.76785934029713], [141.4330608420904, 38.76800198257154], [141.43295108857853, 38.76810566073051], [141.4328788627374, 38.76817387732019], [141.43280559712667, 38.768240107329284], [141.4326185871528, 38.768409171649544], [141.43225326760003, 38.76875857719085], [141.43238188805165, 38.768961148961054], [141.43242203483413, 38.769043490858714], [141.4324627087949, 38.76912693813374], [141.43249885199083, 38.76919975198931], [141.4325051608459, 38.76921245823499], [141.432540556084, 38.769283752505395], [141.43256961971798, 38.76937414206624], [141.4326238366128, 38.76954278009531], [141.43267730035478, 38.76983344663525], [141.43271304516722, 38.77008040272801], [141.43273594725974, 38.77021441790754], [141.43275140999057, 38.77030487806218], [141.43277813712368, 38.770395270528205], [141.43280213017658, 38.77047646180548], [141.4329094560433, 38.770701636470875], [141.4329584065744, 38.77078519423617], [141.4330294794678, 38.770906503775635], [141.43306119192607, 38.77094750181181], [141.43309854666663, 38.770995778002906], [141.43316790596643, 38.77108542005316], [141.433256669222, 38.77119049380118], [141.43331798003007, 38.77124658378651], [141.43339451749227, 38.771316603498484], [141.43346084275268, 38.77138329816217], [141.4336399732467, 38.77156340121963], [141.4338068383147, 38.77171742409042], [141.4339242880318, 38.771817827455735], [141.43393605874263, 38.77182582993058], [141.43401432043638, 38.77187900273405], [141.4340275263307, 38.771887979793085], [141.4342585877358, 38.772044976494456], [141.43449123984507, 38.772167884789965], [141.43458654616168, 38.77221823082474], [141.43465155784475, 38.77214578012006], [141.43471426620974, 38.772075881740136], [141.43485672007077, 38.77196827607239], [141.43503346517696, 38.77184247589323], [141.43526768273657, 38.77171969472742], [141.4355484026029, 38.77151460241862], [141.43571842974256, 38.77137707920398], [141.43579614427844, 38.77131421091374], [141.43587545460832, 38.77124529838208], [141.43605908390597, 38.7710586790138], [141.4360718312517, 38.771044469301515], [141.4362047689369, 38.770896289934036], [141.43625774989133, 38.77083724346717], [141.43642895353855, 38.77059912067105], [141.43660940696122, 38.77036494081486], [141.43666121459057, 38.770297701218475], [141.43672718345698, 38.77020682210554], [141.4368013096936, 38.77010471087942], [141.4369214283534, 38.76992420176742], [141.4370715993246, 38.769733402275236], [141.43715347097657, 38.76958631531257], [141.4372040190658, 38.76949551559309], [141.4372112638735, 38.76948264047576], [141.43725511936034, 38.76940471209637], [141.4373090558686, 38.7693185163866], [141.43731685654902, 38.76930606180817], [141.4373729487677, 38.769182124747566]]]}, "properties": {"SICHOSON": "205", "SICHOSON_N": "気仙沼市", "RINPAN": "B094", "ADDDATE": "2022-09-28", "ADDTENANT": "04000F", "ADDUSER": "pasco01", "EDITDATE": null, "EDITTENANT": "", "EDITUSER": ""}}, {"type": "Feature", "geometry": {"type": "Polygon", "coordinates": [[[141.44672915102794, 38.77176101536525], [141.44690270138196, 38.77160599821534], [141.4470732753212, 38.771442015469454], [141.44729747399535, 38.77121050027809], [141.44736445633802, 38.77114132943131], [141.44743012123166, 38.77107004927883], [141.44764552756337, 38.770836209370195], [141.4478523336618, 38.77056974892631], [141.44794156668823, 38.7704609306142], [141.44800560688557, 38.77038283894355], [141.4480607172266, 38.77031564001672], [141.44806587817553, 38.770308234585194], [141.44811648888123, 38.770235537746686], [141.44823748938052, 38.77006172407806], [141.44845673662056, 38.76975024359259], [141.44864199982442, 38.769469543929816], [141.44869130223933, 38.769394853748175], [141.44873520974355, 38.76930408314362], [141.44881069685314, 38.76914803982166], [141.44893278802348, 38.76888435591444], [141.4489545856124, 38.76884834965105], [141.44905363255648, 38.768684722693635], [141.4490809443366, 38.76863960638633], [141.44928525001785, 38.76834707575435], [141.44933551902596, 38.76827509097428], [141.44938369293644, 38.76818429762641], [141.4494551611221, 38.768049626140076], [141.44955754417984, 38.76782313597467], [141.44969119620535, 38.76756611992281], [141.4497604728674, 38.76733310153126], [141.4497760179174, 38.76726061501433], [141.4497823354604, 38.767180124109125], [141.4497831232219, 38.767170038995154], [141.44978307143333, 38.76707950973297], [141.44978304919852, 38.76703266447052], [141.4496543209756, 38.76686151841464], [141.4495915029328, 38.76658404489], [141.449561660822, 38.766414611476684], [141.44954599612947, 38.76632564198006], [141.44953459265622, 38.76623574912347], [141.4495045269464, 38.76599867892993], [141.4494949265953, 38.765823949637316], [141.4494861102478, 38.76566357369322], [141.44948047505812, 38.76564802790961], [141.44948440317728, 38.765632332612064], [141.4494784592859, 38.76550329520266], [141.44947650925093, 38.76546106273834], [141.4494717574255, 38.76535783765522], [141.44946341560654, 38.76517689457173], [141.44945939905438, 38.76508958433896], [141.4494369926872, 38.764709701497424], [141.44943175480506, 38.76462099230565], [141.44942764345583, 38.764532015915826], [141.44941296175304, 38.764214198801334], [141.44940722814385, 38.76384222791826], [141.44938902137815, 38.76358827545777], [141.4493843629795, 38.76355770576842], [141.449356942042, 38.763377908216114], [141.44935218735182, 38.76334670840841], [141.44919350591425, 38.762723630127105], [141.44917138134662, 38.76263676660784], [141.44914861312458, 38.76254716776642], [141.4490109639516, 38.76200545399027], [141.44895502186003, 38.761788203343244], [141.4489093159667, 38.76161070911738], [141.44890162627166, 38.761580840940525], [141.4488588153468, 38.761221559580314], [141.448848202301, 38.76113252726671], [141.4488425905529, 38.761043036185555], [141.44883748638077, 38.760961731528774], [141.4488513088196, 38.76082122965212], [141.44890807036356, 38.76064019576693], [141.4490265540432, 38.76045006115223], [141.44906158479432, 38.76039305831764], [141.44895296634206, 38.76036365872444], [141.44884518216813, 38.76034698332635], [141.44868442994334, 38.760375360991844], [141.4485619940271, 38.760433473366454], [141.44851094109976, 38.7604577057864], [141.4484790615487, 38.760491806536265], [141.44847904883244, 38.760491933628856], [141.4484517208906, 38.76052105281238], [141.4483743823611, 38.76060376430895], [141.44837019687785, 38.76060824123963], [141.44830782957666, 38.76067495066137], [141.44825260889414, 38.76075388898291], [141.44817652391967, 38.7607421857772], [141.44812706068032, 38.76092812771308], [141.44811261682932, 38.761041029474384], [141.4480824467287, 38.76108103907535], [141.44803956684714, 38.761133929786695], [141.4480409951628, 38.76114215641833], [141.44805131779412, 38.76120134471862], [141.44804738109528, 38.76129799408697], [141.44803249909555, 38.76132309910648], [141.44798601659502, 38.761401494948316], [141.447848949869, 38.761616374570664], [141.44780516248704, 38.761689756223205], [141.44778454035242, 38.76172431650807], [141.44769486727563, 38.76173751928661], [141.44752388172805, 38.7617148199866], [141.44746913403998, 38.7616450886232], [141.44743985382803, 38.76171609844191], [141.44741831746546, 38.76169945772741], [141.44739160856787, 38.76176345320064], [141.44732786113337, 38.76184375117404], [141.44716223062454, 38.7616883706302], [141.44707277518157, 38.761550751834484], [141.44697882889798, 38.76130790545022], [141.44683399342847, 38.761167451112236], [141.44670673631427, 38.76103462497831], [141.44665340500825, 38.760951293143584], [141.44656180344157, 38.760867873794005], [141.44641325057322, 38.76073249242191], [141.44621243158232, 38.76067446517674], [141.4461317764301, 38.76068828432588], [141.44606539066436, 38.760671362281], [141.4458862546424, 38.76059910383699], [141.4458496587754, 38.76057293104496], [141.44576252039258, 38.76051060906319], [141.44550569407, 38.76071842252986], [141.4453999391593, 38.76088296919836], [141.44536913404957, 38.760983242035664], [141.44538570903973, 38.76121293561968], [141.445367545679, 38.76136748850357], [141.44535598805777, 38.761440011293466], [141.4453843526314, 38.76148181455616], [141.44563245494737, 38.76179417920301], [141.44564681364017, 38.76181705778198], [141.44563375543638, 38.76182746751842], [141.44567347960356, 38.76194414910785], [141.44570025389257, 38.7620227827359], [141.44571509926928, 38.76206638104859], [141.44557120930529, 38.76220761528716], [141.44555657165395, 38.762221984595506], [141.44552825199764, 38.76224419845371], [141.4453542180226, 38.76238073630872], [141.44531550412955, 38.76242850606095], [141.44530128263185, 38.76244876948886], [141.44533633191065, 38.76262799838473], [141.44534102786025, 38.762765548836036], [141.44519895600195, 38.763007956636656], [141.44506413230806, 38.76322340770519], [141.44503810388193, 38.76335595775776], [141.44503245136252, 38.76338474287298], [141.44494447350084, 38.76363038970631], [141.44488959156354, 38.76375294396998], [141.4448368435402, 38.76387073394206], [141.44474011863116, 38.764132345106894], [141.44474582229265, 38.76420607118645], [141.4447853214078, 38.764279809653566], [141.44481497502508, 38.76433516739465], [141.44484189120627, 38.764428403881794], [141.44478596169841, 38.764468350095065], [141.44457667667507, 38.764617825081956], [141.44440605300696, 38.76472161700534], [141.44417639147477, 38.764797969818936], [141.4440138497021, 38.764852007789194], [141.4439374431466, 38.764895891173026], [141.4438698330188, 38.76493472320885], [141.44381864470614, 38.76500223396454], [141.44378194176892, 38.76505064043102], [141.44371904953934, 38.765349623116485], [141.44364169755687, 38.76540282645047], [141.4435159568764, 38.76548931261717], [141.44340184688915, 38.76555198866443], [141.44313765628436, 38.76557861483793], [141.4429715105086, 38.76559535978331], [141.44290672301557, 38.7657976890586], [141.44286379978826, 38.76593173478971], [141.44285018286433, 38.7659742584637], [141.44277966619777, 38.766099049970435], [141.4426756104725, 38.76628319308378], [141.4426177526468, 38.7663855827141], [141.4425616915044, 38.766424176307474], [141.44248288502746, 38.76647842878249], [141.4423146485116, 38.766533892251225], [141.44228050247497, 38.76654514931437], [141.4420591616611, 38.76661811231082], [141.44205811195624, 38.766618217776866], [141.44153833180786, 38.76667044484668], [141.4415382743512, 38.766670454154585], [141.44138557980878, 38.76691915566747], [141.44136767225837, 38.766942464775596], [141.4413382113658, 38.76698080948404], [141.4411325716195, 38.767248468739055], [141.44107809724417, 38.767319371905856], [141.4405894312112, 38.767448396927996], [141.44054523578149, 38.76751918607862], [141.44048817261393, 38.76761058776309], [141.44041918056166, 38.76770494504147], [141.44041512959402, 38.767992755468676], [141.44040761715095, 38.76821158468333], [141.44043579262905, 38.76838194080164], [141.44043623378772, 38.76838348443755], [141.44048178051688, 38.76854264593115], [141.44053521921126, 38.768687681884856], [141.44067002226797, 38.768756088733824], [141.44070958993075, 38.768771602743676], [141.44079233916034, 38.76880404705729], [141.44079584538167, 38.768805119811276], [141.44095290568595, 38.76885319377078], [141.44111712407104, 38.76887986388452], [141.44115151097657, 38.76888544894971], [141.44135787953493, 38.76891988860129], [141.4415577509485, 38.76896582372355], [141.44156663021235, 38.76896786487656], [141.44171098482266, 38.76903613071939], [141.44174095467486, 38.76906305275986], [141.44179417454293, 38.76911085890246], [141.4418764211751, 38.76924658218648], [141.44199235101487, 38.76946819111035], [141.44202430186436, 38.7695292681079], [141.44208050064015, 38.76966944395869], [141.4420971813735, 38.769758183014794], [141.4421084867357, 38.76981833059749], [141.4421067252509, 38.76982175504636], [141.44196154588008, 38.770104254568075], [141.4419187644527, 38.770169755827304], [141.4418803353597, 38.770223360680276], [141.4418786567904, 38.77026675176951], [141.44187629718033, 38.77032777681793], [141.44194647464585, 38.77058413794939], [141.44199215935095, 38.77067879976262], [141.44209083769877, 38.77078687906048], [141.44213913961138, 38.7708398421118], [141.44222480591918, 38.77093377393518], [141.44223966390007, 38.770948555800004], [141.442340923842, 38.77104928368288], [141.44239412697922, 38.77110220757208], [141.44245042550594, 38.77115820805786], [141.44267264404124, 38.771342380689966], [141.44279611495895, 38.77148186935278], [141.4428244377753, 38.77151386629206], [141.44284913761769, 38.771541770459145], [141.44287237340808, 38.77156802101616], [141.44287574214312, 38.771573337613674], [141.4429344539052, 38.77166602931586], [141.4429177616325, 38.77169239533029], [141.44299751825616, 38.7716505798235], [141.44301839911537, 38.77167528499729], [141.44307168708076, 38.771738329621115], [141.44313732091246, 38.77181597538317], [141.4432679641657, 38.7719410019656], [141.44357968576267, 38.772205347913115], [141.44377601603213, 38.77236114672713], [141.4438564363064, 38.77242496816744], [141.44393735703187, 38.77248524554045], [141.44403745580388, 38.77255979272979], [141.4440436596504, 38.77256395755506], [141.44421923001943, 38.77268182944172], [141.444412231953, 38.77281139264875], [141.4449092033154, 38.77314520495087], [141.4449823650016, 38.773194342154994], [141.44514357925334, 38.773076275503186], [141.4452023073957, 38.773033265896615], [141.44520631013557, 38.77303032605903], [141.44528873485513, 38.77296996733991], [141.4453728129973, 38.77290649273644], [141.44551382486355, 38.77280003482392], [141.4458485970187, 38.77254514167948], [141.44617862416956, 38.77225095764275], [141.44633443784767, 38.77210608917518], [141.44640612724442, 38.77203943470187], [141.44648021827174, 38.77197090364429], [141.44656441397035, 38.771899913244084], [141.44672179185804, 38.771767216073144], [141.44672915102794, 38.77176101536525]]]}, "properties": {"SICHOSON": "205", "SICHOSON_N": "気仙沼市", "RINPAN": "B095", "ADDDATE": "2022-09-28", "ADDTENANT": "04000F", "ADDUSER": "pasco01", "EDITDATE": null, "EDITTENANT": "", "EDITUSER": ""}}, {"type": "Feature", "geometry": {"type": "Polygon", "coordinates": [[[141.44241312133056, 38.77424865318089], [141.44246008493474, 38.77424706518723], [141.4426827532595, 38.77425018183533], [141.442971747904, 38.77427535720388], [141.44314142158623, 38.7742922717554], [141.44322091421506, 38.77430764953076], [141.44333286892177, 38.77432928836616], [141.44342088302358, 38.774270839607325], [141.44347294119333, 38.774236270987416], [141.44355136530197, 38.77418418652848], [141.4436266309466, 38.77413420857325], [141.4439674439549, 38.7739073772151], [141.44423160972457, 38.773730594440835], [141.44431823390553, 38.77367261983132], [141.44440205598755, 38.77361130850084], [141.44462033283818, 38.77345164743736], [141.4449745637764, 38.77319988741658], [141.4449823650016, 38.773194342154994], [141.4449092033154, 38.77314520495087], [141.444412231953, 38.77281139264875], [141.44421923001943, 38.77268182944172], [141.4440436596504, 38.77256395755506], [141.44403745580388, 38.77255979272979], [141.44393735703187, 38.77248524554045], [141.4438564363064, 38.77242496816744], [141.44377601603213, 38.77236114672713], [141.44357968576267, 38.772205347913115], [141.4432679641657, 38.7719410019656], [141.44313732091246, 38.77181597538317], [141.44307168708076, 38.771738329621115], [141.44301839911537, 38.77167528499729], [141.44299751825616, 38.7716505798235], [141.4429177616325, 38.77169239533029], [141.4429344539052, 38.77166602931586], [141.44287574214312, 38.771573337613674], [141.44287237340808, 38.77156802101616], [141.44284913761769, 38.771541770459145], [141.4428244377753, 38.77151386629206], [141.44279611495895, 38.77148186935278], [141.44267264404124, 38.771342380689966], [141.44245042550594, 38.77115820805786], [141.44239412697922, 38.77110220757208], [141.442340923842, 38.77104928368288], [141.44223966390007, 38.770948555800004], [141.44222480591918, 38.77093377393518], [141.44213913961138, 38.7708398421118], [141.44209083769877, 38.77078687906048], [141.44199215935095, 38.77067879976262], [141.44194647464585, 38.77058413794939], [141.44187629718033, 38.77032777681793], [141.4418786567904, 38.77026675176951], [141.4418803353597, 38.770223360680276], [141.4419187644527, 38.770169755827304], [141.44196154588008, 38.770104254568075], [141.4421067252509, 38.76982175504636], [141.4421084867357, 38.76981833059749], [141.4420971813735, 38.769758183014794], [141.44208050064015, 38.76966944395869], [141.44202430186436, 38.7695292681079], [141.44199235101487, 38.76946819111035], [141.4418764211751, 38.76924658218648], [141.44179417454293, 38.76911085890246], [141.44174095467486, 38.76906305275986], [141.44171098482266, 38.76903613071939], [141.44156663021235, 38.76896786487656], [141.4415577509485, 38.76896582372355], [141.44135787953493, 38.76891988860129], [141.44115151097657, 38.76888544894971], [141.44111712407104, 38.76887986388452], [141.44095290568595, 38.76885319377078], [141.44079584538167, 38.768805119811276], [141.44079233916034, 38.76880404705729], [141.44070958993075, 38.768771602743676], [141.44067002226797, 38.768756088733824], [141.44053521921126, 38.768687681884856], [141.44048178051688, 38.76854264593115], [141.44043623378772, 38.76838348443755], [141.44043579262905, 38.76838194080164], [141.44040761715095, 38.76821158468333], [141.44041512959402, 38.767992755468676], [141.44041918056166, 38.76770494504147], [141.4401905200218, 38.76769271830263], [141.44005255887276, 38.767694339062295], [141.4398870163008, 38.76769628388309], [141.43961566765893, 38.767699471068084], [141.4395310087708, 38.76770046515095], [141.43930287793305, 38.76813185932046], [141.43869692398903, 38.76839809458584], [141.4385505429682, 38.76846240869663], [141.43845747684188, 38.76850329821995], [141.43832800038038, 38.76856018407263], [141.43808967336128, 38.768577655170056], [141.43808325157974, 38.76857812623166], [141.437963413231, 38.76861182424604], [141.437875184394, 38.76863663441755], [141.4378257688194, 38.76867464902573], [141.4376348299428, 38.76882153831162], [141.43757772406533, 38.76886546728223], [141.43757725824685, 38.768898235066345], [141.4375761855261, 38.76897391989117], [141.43757347454738, 38.76916506225692], [141.43753183812694, 38.76918390882072], [141.43752208589297, 38.769188323148136], [141.4374351296867, 38.76922768659479], [141.43742887831172, 38.76923240623852], [141.4374284861042, 38.769232702856826], [141.4374276236323, 38.76923209110591], [141.4374121315726, 38.76922110464592], [141.43741041381054, 38.7692197775044], [141.4374029102679, 38.769209060560094], [141.43737755293438, 38.76917284520632], [141.4373729487677, 38.769182124747566], [141.43731685654902, 38.76930606180817], [141.4373090558686, 38.7693185163866], [141.43725511936034, 38.76940471209637], [141.4372112638735, 38.76948264047576], [141.4372040190658, 38.76949551559309], [141.43715347097657, 38.76958631531257], [141.4370715993246, 38.769733402275236], [141.4369214283534, 38.76992420176742], [141.4368013096936, 38.77010471087942], [141.43672718345698, 38.77020682210554], [141.43666121459057, 38.770297701218475], [141.43660940696122, 38.77036494081486], [141.43642895353855, 38.77059912067105], [141.43625774989133, 38.77083724346717], [141.4362047689369, 38.770896289934036], [141.4360718312517, 38.771044469301515], [141.43605908390597, 38.7710586790138], [141.43587545460832, 38.77124529838208], [141.43579614427844, 38.77131421091374], [141.43571842974256, 38.77137707920398], [141.4355484026029, 38.77151460241862], [141.43526768273657, 38.77171969472742], [141.43503346517696, 38.77184247589323], [141.43485672007077, 38.77196827607239], [141.43471426620974, 38.772075881740136], [141.43465155784475, 38.77214578012006], [141.43458654616168, 38.77221823082474], [141.43462855769647, 38.772232797384575], [141.43468556072455, 38.772252566907014], [141.43484003408628, 38.77230612084615], [141.43496864281565, 38.77235070964543], [141.43534880249297, 38.77243713559732], [141.43565935031765, 38.7724633072362], [141.43593077306497, 38.77245827657647], [141.43601323018237, 38.77245028301422], [141.4361287815893, 38.77243907369716], [141.4362442756925, 38.772419694393015], [141.4363997611985, 38.772393594287415], [141.4364100649722, 38.77239134294731], [141.4366906579246, 38.77233000264241], [141.43684679257132, 38.77229084469988], [141.4368540459674, 38.772291239670494], [141.4370848074616, 38.77230364941917], [141.43733402481945, 38.77231705340768], [141.43765595844766, 38.77233417091897], [141.4377754627443, 38.77235927241407], [141.4378808299854, 38.77240420342526], [141.43796059587623, 38.772438699356584], [141.4379818367743, 38.77244788664599], [141.43807137039522, 38.77249705250197], [141.43812345466364, 38.77252565559436], [141.43824230927143, 38.7726237941899], [141.43836146102097, 38.77274889474828], [141.4384474971221, 38.77286633791795], [141.43853219288613, 38.772992778839296], [141.43861751080425, 38.77316692758084], [141.43867418598404, 38.77328262175659], [141.4387003349019, 38.7733359901371], [141.43871437447004, 38.77336466389494], [141.43875893799068, 38.77344283655593], [141.43890329446268, 38.77369607279722], [141.4390339785424, 38.773955929173084], [141.4390956272456, 38.774120812932594], [141.4391185996946, 38.77418225072414], [141.43917196047755, 38.77432496146601], [141.43920415024388, 38.774411035822084], [141.43931982196256, 38.77441373245236], [141.4399125196244, 38.77442756378193], [141.4400417739679, 38.77443057658149], [141.4401434235932, 38.77444097572133], [141.4403523797197, 38.77446236596702], [141.4405082394471, 38.77446526708471], [141.44062391820995, 38.77446742185355], [141.44073946846072, 38.77445455935267], [141.44091227740014, 38.77443530906253], [141.441296778708, 38.77439359557591], [141.44173657330188, 38.77428638752899], [141.44191017533547, 38.77426845594296], [141.44197689698382, 38.774265162572654], [141.4420924960168, 38.77425946055008], [141.44218202956387, 38.7742564437255], [141.4422081230063, 38.77425556004594], [141.44241312133056, 38.77424865318089]]]}, "properties": {"SICHOSON": "205", "SICHOSON_N": "気仙沼市", "RINPAN": "B096", "ADDDATE": "2022-09-28", "ADDTENANT": "04000F", "ADDUSER": "pasco01", "EDITDATE": null, "EDITTENANT": "", "EDITUSER": ""}}, {"type": "Feature", "geometry": {"type": "Polygon", "coordinates": [[[141.43273880452395, 38.773476662517204], [141.432881264476, 38.77340649120082], [141.43287437451275, 38.77343522438648], [141.43289253569372, 38.7734305555996], [141.43296823454614, 38.77340416755248], [141.4330229127589, 38.77338510344705], [141.43311163853554, 38.7733420540742], [141.433184547328, 38.77329570748196], [141.4332170985427, 38.77326757138279], [141.43320879211979, 38.77325179439625], [141.43320523437436, 38.773221362586746], [141.43326784059516, 38.77314874482648], [141.4332878492867, 38.773123534317456], [141.43336802634354, 38.77309738428028], [141.43344023018614, 38.773029583756404], [141.43345774017686, 38.77301314089451], [141.43345938190396, 38.77300429293457], [141.43346347362777, 38.7729822496748], [141.43347434047058, 38.77292370721226], [141.433485454963, 38.77286382024986], [141.43348137705527, 38.772772698177256], [141.4334271475295, 38.77269127495221], [141.43343678087479, 38.77265981146191], [141.43352723788615, 38.77260527554645], [141.43354382998004, 38.77255676751104], [141.43354392831012, 38.772556416559965], [141.43351090364345, 38.77249078427048], [141.4335203072835, 38.772453889586636], [141.43354178294572, 38.77243993622418], [141.4336176224218, 38.77239066082939], [141.43362716046747, 38.772370496771345], [141.4336897151814, 38.7722848710947], [141.43370491785214, 38.77225967529002], [141.43371667342453, 38.772245685342156], [141.4337836630137, 38.772181323956644], [141.43380981591247, 38.77207642601092], [141.43381264383856, 38.77206508189064], [141.43381178642386, 38.77204764146537], [141.43383079057324, 38.772013718110486], [141.43392370006444, 38.771847893171866], [141.43393605874263, 38.77182582993058], [141.4339242880318, 38.771817827455735], [141.4338068383147, 38.77171742409042], [141.4336399732467, 38.77156340121963], [141.43346084275268, 38.77138329816217], [141.43339451749227, 38.771316603498484], [141.43331798003007, 38.77124658378651], [141.433256669222, 38.77119049380118], [141.43316790596643, 38.77108542005316], [141.43309854666663, 38.770995778002906], [141.43306119192607, 38.77094750181181], [141.4330294794678, 38.770906503775635], [141.4329584065744, 38.77078519423617], [141.4329094560433, 38.770701636470875], [141.43280213017658, 38.77047646180548], [141.43277813712368, 38.770395270528205], [141.43275140999057, 38.77030487806218], [141.43273594725974, 38.77021441790754], [141.43271304516722, 38.77008040272801], [141.43267730035478, 38.76983344663525], [141.4326238366128, 38.76954278009531], [141.43256961971798, 38.76937414206624], [141.432540556084, 38.769283752505395], [141.4325051608459, 38.76921245823499], [141.43249885199083, 38.76919975198931], [141.4324627087949, 38.76912693813374], [141.43242203483413, 38.769043490858714], [141.43238188805165, 38.768961148961054], [141.43225326760003, 38.76875857719085], [141.43217002099942, 38.768634376382614], [141.43204278955454, 38.76847517512399], [141.4319850629683, 38.76840294103639], [141.4319231873119, 38.76832841197993], [141.43184678130953, 38.768236381827926], [141.43167866225738, 38.76810033611872], [141.43142249015358, 38.767924389007426], [141.43108706904115, 38.767726452332596], [141.43095111734243, 38.76769145429155], [141.4308536021386, 38.76766634956674], [141.43066933130282, 38.76761890556994], [141.430304408702, 38.767481818515705], [141.43004382562188, 38.76736843971841], [141.42994791026894, 38.767326705533875], [141.42984059620898, 38.76729108253197], [141.4297518486748, 38.76726161776906], [141.42944026488857, 38.767138273655554], [141.42889363848423, 38.76689202984215], [141.428892794147, 38.76689164946424], [141.42869318088643, 38.76680172964005], [141.42829472623401, 38.7666222318741], [141.4282382965368, 38.76659744732616], [141.42766627348738, 38.766346265788265], [141.42728749024874, 38.76618351118687], [141.42718242467697, 38.76613836179409], [141.42708240538562, 38.766093943418745], [141.42670919127846, 38.765928195605774], [141.4266164371887, 38.76588700116855], [141.4265191595042, 38.76584299180919], [141.42638913815094, 38.7657841757119], [141.42618887884723, 38.76569358188812], [141.42615433792233, 38.765677959966766], [141.42615411268818, 38.76567785750671], [141.42589764739733, 38.76556296383759], [141.42579406916167, 38.76551656241626], [141.4256840621896, 38.76547350876385], [141.42559540196086, 38.76543881521316], [141.4253506816476, 38.76534555337513], [141.42513760403463, 38.76525887937913], [141.42499927628535, 38.76518759040382], [141.42481936764148, 38.765083567911454], [141.42471962166564, 38.76502590301341], [141.42464881955908, 38.76510254781162], [141.4242751432145, 38.76550705864453], [141.42425070971387, 38.76553026211146], [141.42420145435713, 38.765577024142516], [141.42413831675677, 38.765637161589005], [141.42412837229597, 38.76564663427795], [141.42408684717137, 38.76568139515195], [141.42408313847457, 38.76568000039934], [141.42404364947876, 38.765665151503114], [141.42388201592797, 38.76561328149205], [141.42385670727583, 38.76560515990732], [141.4237550752801, 38.76566909610103], [141.4236950652944, 38.76572901120457], [141.4236416704874, 38.76580692870665], [141.42363318867018, 38.76596459145867], [141.42370848510006, 38.76613160751786], [141.42373164761682, 38.76618298364794], [141.42373107880238, 38.76620653581429], [141.42372965019902, 38.76626566671056], [141.42372459496625, 38.766474944014774], [141.42379597089922, 38.76662259983765], [141.42379613298255, 38.766624115218384], [141.42379784336214, 38.76664022081502], [141.42382062009645, 38.76685528535956], [141.423820678767, 38.766855841813765], [141.42381794234208, 38.766877198647144], [141.42377911314205, 38.76718022931054], [141.42377835091511, 38.76718617814051], [141.4236836847839, 38.76737221645531], [141.42366317499702, 38.76741252320852], [141.42363881893843, 38.767464078088665], [141.4236643749022, 38.76758703142444], [141.4236360982333, 38.7677025405282], [141.42351455255533, 38.76787954158063], [141.42342249094963, 38.76793772380076], [141.42329897041748, 38.76813171999062], [141.4230559138737, 38.768235585143465], [141.42299150310154, 38.76818898452867], [141.42293140692982, 38.76824365286896], [141.42286146271434, 38.76830728066326], [141.42264117563477, 38.768381327730246], [141.42259608916578, 38.768413034885384], [141.42251861705884, 38.76846751854943], [141.42238167649154, 38.76856382305476], [141.42208278280816, 38.76866053524287], [141.42204286319483, 38.76867857216557], [141.42197591849626, 38.768708820731135], [141.42176521315508, 38.76880365549168], [141.42169685283295, 38.76885618374676], [141.42163543367462, 38.76890337978486], [141.42149506465753, 38.769011238215036], [141.42143194587615, 38.76907010472942], [141.4214199383559, 38.769077885783226], [141.42125922769978, 38.76918207155051], [141.42113793553514, 38.769228736076], [141.42097619519734, 38.76929096224222], [141.42080222077422, 38.769393024905895], [141.42072558083936, 38.769460454400686], [141.42066899825284, 38.76952504434246], [141.42057688021063, 38.76962193857566], [141.42046085566693, 38.769730871618826], [141.42031621622286, 38.769959775728836], [141.4203187672973, 38.77028090339025], [141.42029035700767, 38.77037667561035], [141.4203209932524, 38.7705904382058], [141.42045151261468, 38.770824662776604], [141.42028854675848, 38.77085777736176], [141.42029931280283, 38.77089448683109], [141.42047639884586, 38.770884396522995], [141.4207091756607, 38.770916808456434], [141.420757144137, 38.77092976451064], [141.4209335620945, 38.77097738791035], [141.4209749176173, 38.770990828468875], [141.42107556906365, 38.77102355348716], [141.42115399284327, 38.77115803768382], [141.42118888079136, 38.77121785249779], [141.42127307130673, 38.771212107435815], [141.4213059612744, 38.7712327696586], [141.42141095838917, 38.771260284294705], [141.42148986189946, 38.77125646295484], [141.42171075435297, 38.77124060262777], [141.42199219361385, 38.77125924824187], [141.42202540569286, 38.77126628807747], [141.42220928712365, 38.771305244122544], [141.42224644016423, 38.7713200567395], [141.42240944219685, 38.77138507232826], [141.42261695062808, 38.77148734122654], [141.4227162150243, 38.77155914613378], [141.42318317705124, 38.77198967798316], [141.4234152600109, 38.77188504819257], [141.42357083172232, 38.77182023633878], [141.4237351270414, 38.77187726435012], [141.4239361854295, 38.77194705574997], [141.42448053799185, 38.77220098524132], [141.42472290055923, 38.772387450535604], [141.42488490996445, 38.77248275559412], [141.42525299738625, 38.772654205131765], [141.42541565927726, 38.77268976812406], [141.42547734096487, 38.77267688369863], [141.42597508002373, 38.77257292504296], [141.42613624024042, 38.772721799583714], [141.42629759940584, 38.77275798596464], [141.42635283624378, 38.772770373110546], [141.42660944699736, 38.772827919577026], [141.4268012995221, 38.77290157522882], [141.42688456430906, 38.77285476555565], [141.42693032465357, 38.77285385747495], [141.4271004681333, 38.77284888961851], [141.4274827322709, 38.772837726263525], [141.42773536538658, 38.77291616139203], [141.42798717232034, 38.77297957333212], [141.428178855227, 38.772976471760146], [141.42834739831187, 38.77297374353945], [141.428475915632, 38.77297166214554], [141.4288350949177, 38.77300023215499], [141.42886251053417, 38.773002413149925], [141.4290746479397, 38.77298532316496], [141.42931023992065, 38.77304580593138], [141.42950835696084, 38.773046275629355], [141.42962730774684, 38.773046557956945], [141.42980170898053, 38.773066676746716], [141.43015865166544, 38.77302587297212], [141.43044212050975, 38.773033982563625], [141.4305137517675, 38.77303603185046], [141.43095059127378, 38.773056839132344], [141.4313717181595, 38.77324390330796], [141.431734469196, 38.77333355887475], [141.4317545755591, 38.773356327711326], [141.4318317945145, 38.773443770839414], [141.43222062295374, 38.77338319411367], [141.43242460350854, 38.77348055283446], [141.43260924900923, 38.773478266543655], [141.43273880452395, 38.773476662517204]]]}, "properties": {"SICHOSON": "205", "SICHOSON_N": "気仙沼市", "RINPAN": "B098", "ADDDATE": "2022-09-28", "ADDTENANT": "04000F", "ADDUSER": "pasco01", "EDITDATE": null, "EDITTENANT": "", "EDITUSER": ""}}, {"type": "Feature", "geometry": {"type": "Polygon", "coordinates": [[[141.4338670534365, 38.77681789602899], [141.4339503310479, 38.77675726164769], [141.4340001714664, 38.77672096992583], [141.43400242484137, 38.776719318725824], [141.4341837833316, 38.77657804503421], [141.43421321444592, 38.77655511923826], [141.43430637300858, 38.77647612773091], [141.4343419807846, 38.776445935999725], [141.43442811127352, 38.776372908388176], [141.43463028871258, 38.7762098785513], [141.43483983385525, 38.776063657970575], [141.43500237277902, 38.77595256055366], [141.43509438994897, 38.775902420763146], [141.43518798799332, 38.775851425922866], [141.4352783814955, 38.77580257271082], [141.43553497723343, 38.77566390932909], [141.43580512181842, 38.77554203117519], [141.43598379039506, 38.77547738917671], [141.43604834208705, 38.77545402955695], [141.4361989948685, 38.77541083774091], [141.43628459704487, 38.77538628833223], [141.4363810455447, 38.77536100632563], [141.4364865543224, 38.77533336309543], [141.436579751021, 38.775282746684354], [141.43691349464135, 38.77510152942221], [141.43739318138879, 38.77483342293341], [141.43780793298473, 38.77466908055257], [141.438209976149, 38.7745250283419], [141.43837674770185, 38.77449926358161], [141.43860367428877, 38.7744641952757], [141.4387477105148, 38.774441944084806], [141.43875494169924, 38.77444145437841], [141.43908855717336, 38.77441886105639], [141.43920415024388, 38.774411035822084], [141.43917196047755, 38.77432496146601], [141.4391185996946, 38.77418225072414], [141.4390956272456, 38.774120812932594], [141.4390339785424, 38.773955929173084], [141.43890329446268, 38.77369607279722], [141.43875893799068, 38.77344283655593], [141.43871437447004, 38.77336466389494], [141.4387003349019, 38.7733359901371], [141.43867418598404, 38.77328262175659], [141.43861751080425, 38.77316692758084], [141.43853219288613, 38.772992778839296], [141.4384474971221, 38.77286633791795], [141.43836146102097, 38.77274889474828], [141.43824230927143, 38.7726237941899], [141.43812345466364, 38.77252565559436], [141.43807137039522, 38.77249705250197], [141.4379818367743, 38.77244788664599], [141.43796059587623, 38.772438699356584], [141.4378808299854, 38.77240420342526], [141.4377754627443, 38.77235927241407], [141.43765595844766, 38.77233417091897], [141.43733402481945, 38.77231705340768], [141.4370848074616, 38.77230364941917], [141.4368540459674, 38.772291239670494], [141.43684679257132, 38.77229084469988], [141.4366906579246, 38.77233000264241], [141.4364100649722, 38.77239134294731], [141.4363997611985, 38.772393594287415], [141.4362442756925, 38.772419694393015], [141.4361287815893, 38.77243907369716], [141.43601323018237, 38.77245028301422], [141.43593077306497, 38.77245827657647], [141.43565935031765, 38.7724633072362], [141.43534880249297, 38.77243713559732], [141.43496864281565, 38.77235070964543], [141.43484003408628, 38.77230612084615], [141.43468556072455, 38.772252566907014], [141.43462855769647, 38.772232797384575], [141.43458654616168, 38.77221823082474], [141.43449123984507, 38.772167884789965], [141.4342585877358, 38.772044976494456], [141.4340275263307, 38.771887979793085], [141.43401432043638, 38.77187900273405], [141.43393605874263, 38.77182582993058], [141.43392370006444, 38.771847893171866], [141.43383079057324, 38.772013718110486], [141.43381178642386, 38.77204764146537], [141.43381264383856, 38.77206508189064], [141.43380981591247, 38.77207642601092], [141.4337836630137, 38.772181323956644], [141.43371667342453, 38.772245685342156], [141.43370491785214, 38.77225967529002], [141.4336897151814, 38.7722848710947], [141.43362716046747, 38.772370496771345], [141.4336176224218, 38.77239066082939], [141.43354178294572, 38.77243993622418], [141.4335203072835, 38.772453889586636], [141.43351090364345, 38.77249078427048], [141.43354392831012, 38.772556416559965], [141.43354382998004, 38.77255676751104], [141.43352723788615, 38.77260527554645], [141.43343678087479, 38.77265981146191], [141.4334271475295, 38.77269127495221], [141.43348137705527, 38.772772698177256], [141.433485454963, 38.77286382024986], [141.43347434047058, 38.77292370721226], [141.43346347362777, 38.7729822496748], [141.43345774017686, 38.77301314089451], [141.43336802634354, 38.77309738428028], [141.4332878492867, 38.773123534317456], [141.43326784059516, 38.77314874482648], [141.43320523437436, 38.773221362586746], [141.43320879211979, 38.77325179439625], [141.4332170985427, 38.77326757138279], [141.433184547328, 38.77329570748196], [141.43311163853554, 38.7733420540742], [141.4330229127589, 38.77338510344705], [141.43296823454614, 38.77340416755248], [141.43289253569372, 38.7734305555996], [141.43287437451275, 38.77343522438648], [141.432881264476, 38.77340649120082], [141.43273880452395, 38.773476662517204], [141.43260924900923, 38.773478266543655], [141.43242460350854, 38.77348055283446], [141.43222062295374, 38.77338319411367], [141.4318317945145, 38.773443770839414], [141.4317545755591, 38.773356327711326], [141.431734469196, 38.77333355887475], [141.4313717181595, 38.77324390330796], [141.43095059127378, 38.773056839132344], [141.4305137517675, 38.77303603185046], [141.43044212050975, 38.773033982563625], [141.43015865166544, 38.77302587297212], [141.42980170898053, 38.773066676746716], [141.42962730774684, 38.773046557956945], [141.42950835696084, 38.773046275629355], [141.42931023992065, 38.77304580593138], [141.4290746479397, 38.77298532316496], [141.42886251053417, 38.773002413149925], [141.4288350949177, 38.77300023215499], [141.428475915632, 38.77297166214554], [141.42834739831187, 38.77297374353945], [141.428178855227, 38.772976471760146], [141.42798717232034, 38.77297957333212], [141.42773536538658, 38.77291616139203], [141.4274827322709, 38.772837726263525], [141.42766717730882, 38.7730040845865], [141.42767162513766, 38.773008097053165], [141.4278283009943, 38.77338564689643], [141.4280170709271, 38.773581546245246], [141.42810926636915, 38.773677222738684], [141.428688447924, 38.77382592949151], [141.42896742289594, 38.77397981238299], [141.4289589636938, 38.77420805986362], [141.4289427472193, 38.774266587727595], [141.4289141488173, 38.77436980876311], [141.42885577281874, 38.77456290563301], [141.42882472321787, 38.77489508670893], [141.42902860819657, 38.77511781960915], [141.4291616329837, 38.775409444093604], [141.42900453583985, 38.775626152088996], [141.42892748538836, 38.77567452616016], [141.42879315774255, 38.77575474117989], [141.4287258998287, 38.776085376939406], [141.42848590485528, 38.776260651203565], [141.4282907002171, 38.77636522939258], [141.42790158284546, 38.77661236962363], [141.42789985414146, 38.77661346759374], [141.42790096579364, 38.77661539704845], [141.42791362133718, 38.77663736120799], [141.4279898698046, 38.77667847092081], [141.4279686173825, 38.77669284193815], [141.42790981968542, 38.77666185771282], [141.42789106763283, 38.77666397380993], [141.4277544566587, 38.776679388367555], [141.42775265848744, 38.7767037296337], [141.42779821243164, 38.77676666828334], [141.4275068514768, 38.77678160206434], [141.42739290262955, 38.776791806449516], [141.42736050993318, 38.77679470710544], [141.42731605681604, 38.776799643800395], [141.42731520708654, 38.776798765247634], [141.42725431567987, 38.776804220596134], [141.42729805725668, 38.776898455636626], [141.4273651399656, 38.77704430198284], [141.42740891196334, 38.777140780937735], [141.42748154019557, 38.77725848136507], [141.42759018031262, 38.77739287228695], [141.42767912462395, 38.77758246255716], [141.42773481442447, 38.777740725909396], [141.42774830421305, 38.7778061879753], [141.42777348330725, 38.77792831056251], [141.42776396170456, 38.777987619481884], [141.42775601572265, 38.7780370916853], [141.42774186284205, 38.7781252345923], [141.42773049132293, 38.77822110198733], [141.42771478480344, 38.77835363058704], [141.42768640849874, 38.77860339415012], [141.4276645286032, 38.77895656383238], [141.42764288427227, 38.77914220388309], [141.427640945954, 38.77918336634821], [141.42763665100236, 38.779274918507504], [141.42766800751622, 38.779370289305525], [141.42769975514113, 38.77946687340335], [141.4278045929103, 38.77966987708312], [141.42802174472524, 38.779443881564575], [141.4280825196827, 38.77938063528241], [141.42815761601432, 38.779306794593474], [141.42816365623685, 38.77930086212602], [141.4282308070281, 38.77923484551177], [141.42830673380448, 38.779164026584596], [141.4283978109501, 38.77905898677305], [141.428776522453, 38.7786522136043], [141.4288921800773, 38.77853024657848], [141.42895971875043, 38.77846121769373], [141.42903792790742, 38.7783965487349], [141.4292164608429, 38.778295620949194], [141.42940224553703, 38.77821023137402], [141.4296455412762, 38.77812898043829], [141.43004397353153, 38.77801535991595], [141.4300857324112, 38.77800345224846], [141.43020112561746, 38.77797055617466], [141.43026137203242, 38.77795349192585], [141.43031650778443, 38.77793786724787], [141.43077676348997, 38.777807505193515], [141.43115330908827, 38.777696226984986], [141.43129703245606, 38.77765047336061], [141.43141239147093, 38.77761375649721], [141.43152775129687, 38.7775783908495], [141.4318275416008, 38.77748650397952], [141.43204647098486, 38.77740989619638], [141.43219551602525, 38.77737872662534], [141.43224566562398, 38.77736823553063], [141.4323919706336, 38.777349357968475], [141.4324232779405, 38.777346990303855], [141.43247013535915, 38.77734344382655], [141.43258572734103, 38.77733469721726], [141.43270122514488, 38.77731607723256], [141.43285384645893, 38.77729148298908], [141.43300583646064, 38.777266963857016], [141.4331274654125, 38.777224645635], [141.43330459564567, 38.77713480965243], [141.43352159318243, 38.77701326367019], [141.43378333761424, 38.77687144260498], [141.4338670534365, 38.77681789602899]]]}, "properties": {"SICHOSON": "205", "SICHOSON_N": "気仙沼市", "RINPAN": "B100", "ADDDATE": "2022-09-28", "ADDTENANT": "04000F", "ADDUSER": "pasco01", "EDITDATE": null, "EDITTENANT": "", "EDITUSER": ""}}, {"type": "Feature", "geometry": {"type": "Polygon", "coordinates": [[[141.45447903806456, 38.773257278164785], [141.4544892975591, 38.773246125586155], [141.4545162104474, 38.77328829999579], [141.45455305533483, 38.77334604211789], [141.45460282311421, 38.773369453826504], [141.45466985041963, 38.77328628688827], [141.45473954885713, 38.7731459812444], [141.45481697918396, 38.77312939045041], [141.4548746950006, 38.77305924570882], [141.45490591172933, 38.772972622278324], [141.4549277406527, 38.772840985404386], [141.45493565351927, 38.77283049660983], [141.45494259128373, 38.77282513725746], [141.45495274098792, 38.77280784746535], [141.45505103668805, 38.772677559653175], [141.45506046383062, 38.77266506462272], [141.4550695803638, 38.772652980247535], [141.4550946154551, 38.77259390189568], [141.45510812889611, 38.772586818383004], [141.45510020986003, 38.77256490855226], [141.45513974652886, 38.772537546311305], [141.4551488997355, 38.77250901150189], [141.45515465223528, 38.77249107302398], [141.45517028173208, 38.77244234095816], [141.45517940126828, 38.77241390722465], [141.45518467986713, 38.772397455030735], [141.4552598443004, 38.772287409667285], [141.45531039186784, 38.77214769926269], [141.45532710919616, 38.772108036039434], [141.45535066858523, 38.772052140215244], [141.45535978293003, 38.77201106431777], [141.4553726449241, 38.77195310382956], [141.45543589712867, 38.77187410872902], [141.4554624568913, 38.77180766101178], [141.45546849622158, 38.77179255248419], [141.45548507001476, 38.77175109002418], [141.45549577196496, 38.77173434678508], [141.45551009914513, 38.77171193386924], [141.45553940062007, 38.771666093789484], [141.45557068440507, 38.77161715309841], [141.45564766899625, 38.771541659494225], [141.45566353900844, 38.77145895084418], [141.45568325775452, 38.771446099161224], [141.45571127044767, 38.771427842116005], [141.45571745174277, 38.77142060478797], [141.455757935463, 38.771373207823714], [141.4558685479711, 38.771243701442394], [141.45586174143781, 38.77100078500758], [141.45590697221823, 38.77100136207924], [141.45590267635467, 38.7709773996896], [141.45588953074437, 38.77097684449795], [141.4558755496149, 38.770958674164675], [141.45589091720586, 38.77091181093069], [141.45588981542107, 38.7709056646274], [141.4558956099938, 38.77084666065241], [141.45589886825212, 38.77081347525799], [141.45590669978003, 38.770785859122746], [141.45603380987967, 38.770741868987734], [141.45617734895242, 38.77072203589134], [141.45629399840956, 38.77069090375777], [141.45642530827675, 38.77066541489534], [141.45653498339743, 38.77067245704743], [141.4566479114754, 38.77070379494522], [141.45661990132754, 38.77061252299336], [141.45653414147247, 38.77053508854341], [141.45650658389968, 38.77052517345494], [141.4564796221341, 38.770518265955], [141.45639611377342, 38.77045938852625], [141.45633702304323, 38.77043349936812], [141.45630258841598, 38.77041841284939], [141.45626653318251, 38.770395878297975], [141.45619123161225, 38.77036694487891], [141.45630930926387, 38.77030016593887], [141.45632708132842, 38.77023171172657], [141.45642162492464, 38.77018260474066], [141.45651854598114, 38.7701791411694], [141.45660686346466, 38.77014045268415], [141.45662850442017, 38.770134322935014], [141.45673988708464, 38.77005615238497], [141.45686336483902, 38.76999261250626], [141.45687714527418, 38.769971462679656], [141.45694527403953, 38.769866905921134], [141.45698414834166, 38.7697879067076], [141.4571518749481, 38.769567572944744], [141.45723947852036, 38.76951033127226], [141.45739630136708, 38.76948480962447], [141.45740825040417, 38.76950034471896], [141.45746170592008, 38.7694861360207], [141.45751489076736, 38.76955443759545], [141.45757073383524, 38.76962615643438], [141.45763777579245, 38.76968409397902], [141.45778098772135, 38.769751373958], [141.45781332390814, 38.76976758115093], [141.45784887426538, 38.76983144351844], [141.4579872896642, 38.770011472641066], [141.45802805009873, 38.770061775747365], [141.45803759923635, 38.770069436317684], [141.4580613794743, 38.77008852427189], [141.4581249453165, 38.77013044428286], [141.45814913545235, 38.7701463868251], [141.4581788901674, 38.77016107890691], [141.45819038118535, 38.77016365257169], [141.4582321632492, 38.770173010132986], [141.4582525289092, 38.77018506954946], [141.45828898722846, 38.77020665810093], [141.45832763593964, 38.77021827559718], [141.45835022841027, 38.77022506459784], [141.4583806909205, 38.770234217779375], [141.45843342612662, 38.77033970643023], [141.45887856389203, 38.77002051802658], [141.45889735605653, 38.76985319438272], [141.45895254016455, 38.7696785318787], [141.45895390802775, 38.76965753834096], [141.45896103884184, 38.76954813311149], [141.45896579413645, 38.76947518427106], [141.4591232828462, 38.76938660169905], [141.45925602728056, 38.769311938647554], [141.4593250922661, 38.7692587523054], [141.45934914730992, 38.76924107053227], [141.45946463263334, 38.76915618360487], [141.4595857459879, 38.76898087026795], [141.45971532771927, 38.768811943766245], [141.45974747695288, 38.768781375450466], [141.4598076212489, 38.76872419794638], [141.45993564592746, 38.76864706215402], [141.46008528513855, 38.76859443342084], [141.46013294382294, 38.768577671738484], [141.46026553373423, 38.7684344984297], [141.46028327163035, 38.768415344963365], [141.46040624193083, 38.768310425311455], [141.46048819531484, 38.76822341910551], [141.4605287039293, 38.768196120989145], [141.4606184839382, 38.76813561289275], [141.4608231279507, 38.768051200092266], [141.4609993489929, 38.76793271479091], [141.46109627799962, 38.767829294603544], [141.4612061678408, 38.76768299443872], [141.4612321070468, 38.76765510228325], [141.46138922614978, 38.76748615749036], [141.46150245367875, 38.767326929358774], [141.46163488572185, 38.76720424606242], [141.46138944661595, 38.76694286585072], [141.4611679975294, 38.76672040079551], [141.46094452657346, 38.766388491671734], [141.46089378057349, 38.766313121859476], [141.46102883220314, 38.76607187708539], [141.46110786685674, 38.76593068856933], [141.46124845731865, 38.76578208921247], [141.46126593625402, 38.76570710884234], [141.4613361672053, 38.76540577484016], [141.46150265094255, 38.76519440527197], [141.46148698413495, 38.76503231127972], [141.46141794305765, 38.764671389429715], [141.46129223501802, 38.76427156525636], [141.46114909530627, 38.76425773080389], [141.46103785780366, 38.76423650961712], [141.46084590907756, 38.764203117337104], [141.46080028162623, 38.76419473177479], [141.46055061999786, 38.76414885529216], [141.46049337512807, 38.76414884806974], [141.46038668465795, 38.7641488349402], [141.4602308785313, 38.76417337226158], [141.45999212995198, 38.764176391316845], [141.45973386735793, 38.7640823174393], [141.45942952187374, 38.76401071481535], [141.4591531817935, 38.7639647773525], [141.45908537333003, 38.76395350451576], [141.45884193444545, 38.764046572282545], [141.45869409923174, 38.764082507102735], [141.45854566295085, 38.764074635564896], [141.4584507982208, 38.76408875453539], [141.45816824528873, 38.764109364296125], [141.45797207850015, 38.764160808648306], [141.45779074178327, 38.764187356616816], [141.45762743256142, 38.76421126660157], [141.45762395046083, 38.76421177618613], [141.457611688416, 38.764213571391295], [141.45758072167905, 38.76421200888292], [141.45733152462142, 38.76419942804485], [141.4571421948456, 38.76421155569189], [141.45713226638293, 38.764214411351944], [141.4570078920039, 38.7642501908962], [141.456626420032, 38.76431508187352], [141.45623833472183, 38.764381330261074], [141.45613552507632, 38.76447184914804], [141.45598978234537, 38.7645953539428], [141.45589456493113, 38.764603453872375], [141.45552011109768, 38.76463530605485], [141.4554593040543, 38.764654994375476], [141.45545860043592, 38.76465612333258], [141.45530050767417, 38.76456193704086], [141.45520900424606, 38.764507425499694], [141.4551889135988, 38.76451288368338], [141.45510199968112, 38.764536516980755], [141.4550886579657, 38.764540143769565], [141.45497864740244, 38.7644973231541], [141.4546462649753, 38.76459712542856], [141.45481113758126, 38.76486928164381], [141.45462401514104, 38.76483725256358], [141.45460838736952, 38.76484278692266], [141.4545172386983, 38.76482532206483], [141.45449076621352, 38.76483117800668], [141.45452308329982, 38.76487299583878], [141.4545585180416, 38.76491884208741], [141.4546625207475, 38.76508273502852], [141.45473053337946, 38.7652230996896], [141.45476259259553, 38.76535228624315], [141.45476145806379, 38.76544727221574], [141.45476130688064, 38.7654603539434], [141.45476040102724, 38.76553660018511], [141.45473066302034, 38.76562395454478], [141.45470641188615, 38.7656951718111], [141.45468552236864, 38.765733143673216], [141.4545579999356, 38.765783994824474], [141.4545549942079, 38.76582074008695], [141.45454408022204, 38.765959589212144], [141.4545610238927, 38.766051498940236], [141.45460332901635, 38.7660948311986], [141.4546045602756, 38.76609576067834], [141.45461780817968, 38.76613435375137], [141.4546233449755, 38.76615049529387], [141.45468354499337, 38.76623218868438], [141.45470496709137, 38.76624671245526], [141.45490102535982, 38.766404768005515], [141.45494793469967, 38.76647327444073], [141.45495116448004, 38.766478283327544], [141.4549702492661, 38.766507884161065], [141.45495378196748, 38.766549053226576], [141.45491887048473, 38.76655143437253], [141.45488076251186, 38.76657890337214], [141.45481209787283, 38.76658521078312], [141.45463712892098, 38.76657157365175], [141.45454577715452, 38.76653585337342], [141.4543466441385, 38.766482740218116], [141.45434084564133, 38.76648153770979], [141.45428230273143, 38.766469396657385], [141.4542097062845, 38.76645434198101], [141.45410515737836, 38.76643243003447], [141.45399741474165, 38.766483366501426], [141.45393246541778, 38.76651407499003], [141.45391437043335, 38.76656361461406], [141.45390843655338, 38.766579859437556], [141.45382916415403, 38.76661388532128], [141.45375088323186, 38.76671536542634], [141.45373359749917, 38.766729084946064], [141.45364763379524, 38.76679730346631], [141.45359148377074, 38.76684850264958], [141.4534945722913, 38.766908130613196], [141.45343406337102, 38.76695230969237], [141.453429767885, 38.7669599035614], [141.4533788849629, 38.76704985260058], [141.45333577186852, 38.76713398479421], [141.45324422760584, 38.76722362965445], [141.4529685542385, 38.767237795867416], [141.4528925675357, 38.76726934066274], [141.45282085972022, 38.76725065253297], [141.45272839337113, 38.76729643034267], [141.45265234407978, 38.767303984616554], [141.45253239536015, 38.76734037468072], [141.4524400328717, 38.76739807138594], [141.4523447330264, 38.76745530430204], [141.45232190600137, 38.76746901242113], [141.45223266143455, 38.76748526232656], [141.45201545380326, 38.767520709207055], [141.45199754434654, 38.76753235431936], [141.4519448594135, 38.76756659583704], [141.45177399628992, 38.76758650165263], [141.4514342675713, 38.76762606413587], [141.45140802131257, 38.767681094157844], [141.4512485273153, 38.767714379457075], [141.45114700000644, 38.76772951060426], [141.451136464481, 38.76767113548038], [141.45122239240268, 38.76764039331251], [141.45125485527777, 38.76762714706925], [141.45122818147482, 38.767620353942796], [141.45115525310723, 38.7675459295842], [141.45110036543505, 38.7675457647692], [141.45104236266002, 38.76754559026674], [141.45092354875274, 38.767668234691946], [141.45060857184464, 38.767685951632934], [141.4505756541047, 38.767677141810395], [141.4505500371276, 38.76765931155097], [141.45053358660974, 38.767647861629506], [141.45048828142242, 38.76765375846084], [141.4504306269968, 38.76763832884867], [141.45042473083376, 38.76763607802618], [141.45032188067788, 38.767648601959834], [141.45014694344968, 38.767628164335036], [141.45012909454542, 38.767613469523845], [141.45012498260232, 38.76761008315771], [141.45007862315305, 38.767561427500475], [141.45005112894458, 38.76753257203628], [141.44999366418224, 38.76746456256745], [141.4497604728674, 38.76733310153126], [141.44969119620535, 38.76756611992281], [141.44955754417984, 38.76782313597467], [141.4494551611221, 38.768049626140076], [141.44938369293644, 38.76818429762641], [141.44933551902596, 38.76827509097428], [141.44928525001785, 38.76834707575435], [141.4490809443366, 38.76863960638633], [141.44905363255648, 38.768684722693635], [141.4489545856124, 38.76884834965105], [141.44893278802348, 38.76888435591444], [141.44881069685314, 38.76914803982166], [141.44873520974355, 38.76930408314362], [141.44869130223933, 38.769394853748175], [141.44864199982442, 38.769469543929816], [141.44845673662056, 38.76975024359259], [141.44823748938052, 38.77006172407806], [141.44811648888123, 38.770235537746686], [141.44806587817553, 38.770308234585194], [141.4480607172266, 38.77031564001672], [141.44800560688557, 38.77038283894355], [141.44794156668823, 38.7704609306142], [141.4478523336618, 38.77056974892631], [141.44764552756337, 38.770836209370195], [141.44743012123166, 38.77107004927883], [141.44736445633802, 38.77114132943131], [141.44729747399535, 38.77121050027809], [141.4470732753212, 38.771442015469454], [141.44690270138196, 38.77160599821534], [141.44672915102794, 38.77176101536525], [141.44672179185804, 38.771767216073144], [141.44656441397035, 38.771899913244084], [141.44648021827174, 38.77197090364429], [141.44640612724442, 38.77203943470187], [141.44633443784767, 38.77210608917518], [141.44617862416956, 38.77225095764275], [141.4458485970187, 38.77254514167948], [141.44551382486355, 38.77280003482392], [141.4453728129973, 38.77290649273644], [141.44528873485513, 38.77296996733991], [141.44520631013557, 38.77303032605903], [141.4452023073957, 38.773033265896615], [141.44514357925334, 38.773076275503186], [141.4449823650016, 38.773194342154994], [141.4449745637764, 38.77319988741658], [141.44462033283818, 38.77345164743736], [141.44440205598755, 38.77361130850084], [141.44431823390553, 38.77367261983132], [141.44423160972457, 38.773730594440835], [141.4439674439549, 38.7739073772151], [141.4436266309466, 38.77413420857325], [141.44355136530197, 38.77418418652848], [141.44347294119333, 38.774236270987416], [141.44342088302358, 38.774270839607325], [141.44333286892177, 38.77432928836616], [141.44343276244538, 38.774371405107246], [141.44352085480682, 38.77444384424393], [141.44372685284836, 38.77463020389658], [141.44389306009566, 38.77485500389482], [141.44401983060814, 38.77502049880049], [141.4440238067398, 38.77502521669952], [141.44408194849353, 38.775094280418685], [141.44414498500495, 38.77516915538505], [141.44415051591932, 38.77517670295378], [141.4441996414486, 38.775243795744196], [141.44426455660027, 38.7753324534336], [141.4443949007334, 38.775561972524685], [141.44449364670106, 38.77579056663125], [141.44460772394123, 38.775977496326526], [141.4447376532706, 38.776168810479184], [141.44482963146268, 38.77630531569395], [141.4448628571883, 38.77634980700278], [141.44492147297652, 38.77642833614362], [141.44497756595064, 38.77650252626377], [141.44506977743737, 38.77662447259737], [141.4451007404665, 38.77666541716896], [141.4451936165856, 38.776777414109866], [141.44527686331082, 38.77687779488816], [141.44548872501812, 38.777074227690086], [141.44569023000525, 38.777243751670746], [141.44582247822217, 38.7773434779873], [141.44590747846334, 38.77740757123029], [141.44599287971175, 38.77746349935682], [141.44616065168904, 38.77757339926659], [141.4464134485873, 38.77770441028066], [141.4466933952367, 38.777821764023656], [141.44672996353478, 38.77783585117406], [141.44693749873366, 38.77791581192272], [141.44696889520202, 38.777927907261535], [141.44706425179936, 38.77797293562515], [141.44716381481717, 38.77801995169832], [141.44726478831697, 38.7780554820568], [141.44780690727794, 38.77824627162115], [141.44849461740654, 38.778481298952], [141.44868023501266, 38.778538876774164], [141.44878575386937, 38.77857160714148], [141.44882358203026, 38.77857939879747], [141.44889327769368, 38.77859376033367], [141.44904727690832, 38.77862548735658], [141.4492939272676, 38.778676301275404], [141.4497195723034, 38.77871970054673], [141.45007783874306, 38.77877588612849], [141.45032262251686, 38.77883165359797], [141.4503841084875, 38.77884819269075], [141.45049405658645, 38.778877772041426], [141.4505985388744, 38.778904921634364], [141.45080231522982, 38.77895786869186], [141.45105481073676, 38.77900556696274], [141.45120533057397, 38.779033994256885], [141.45128222702857, 38.779039793891265], [141.45149427098286, 38.77905577852704], [141.45157608545813, 38.7790658581988], [141.45169187539517, 38.77908012645162], [141.4518077765134, 38.77910739471723], [141.45219534037045, 38.77919856148233], [141.45264184659678, 38.77931149537933], [141.45299714021095, 38.779408038517545], [141.45309853286946, 38.77943558963202], [141.45320080667216, 38.7794678647454], [141.4532496919889, 38.77948328899735], [141.4532079645476, 38.77941046814086], [141.4531940701219, 38.779386208854596], [141.45309173091246, 38.77920754157965], [141.4530152155233, 38.77904061098279], [141.45301373465318, 38.7790304117735], [141.45301127616617, 38.77901350613189], [141.45300532913802, 38.77897264725759], [141.45299037885397, 38.77886998204664], [141.4529947632969, 38.77861377685108], [141.4529948557452, 38.77848707725512], [141.45299488249313, 38.778458249593434], [141.45299495296004, 38.77836771086085], [141.4529979371454, 38.77834269629179], [141.45300576083935, 38.77827711609346], [141.45301601047237, 38.77819117196605], [141.45302265745784, 38.778162642527185], [141.45306266543787, 38.7779908850432], [141.4531396183298, 38.77767130484955], [141.453214996702, 38.77740403851668], [141.4532405693345, 38.777313364496685], [141.45326572768286, 38.77722270167639], [141.453295852499, 38.77711414788709], [141.4533362816134, 38.77687007554034], [141.45339671039736, 38.77656965459476], [141.4533989611115, 38.77655844460987], [141.45340698995668, 38.77638875841121], [141.4534110110436, 38.77630395536405], [141.45341348378557, 38.7762517997204], [141.45341530458367, 38.77621340320148], [141.45342801760407, 38.77614621505049], [141.45344535550947, 38.77612629269693], [141.45348557812457, 38.776018765425285], [141.45348202138547, 38.77597351465142], [141.4534660020368, 38.77594541625992], [141.453472338628, 38.775911919131744], [141.45354607199388, 38.77555977141495], [141.45359388817144, 38.77528370519756], [141.45360958576046, 38.775193083478065], [141.45362904641397, 38.775102441782025], [141.45369714201135, 38.774785305357284], [141.45371347221467, 38.774709283664556], [141.45371755947266, 38.77469221715357], [141.45373794206495, 38.77460706595968], [141.45374095206785, 38.77459450960991], [141.45379612225827, 38.77438516819327], [141.4538578473806, 38.774249952202645], [141.4539031205413, 38.77416726337259], [141.45394798595342, 38.774085342444906], [141.45399978917598, 38.77400456481832], [141.45428556784205, 38.773558948206905], [141.45431876114867, 38.77350719595161], [141.45431884460032, 38.773507131545095], [141.4544201235322, 38.7734256043466], [141.4544013586459, 38.773378408303905], [141.45447903806456, 38.773257278164785]]]}, "properties": {"SICHOSON": "205", "SICHOSON_N": "気仙沼市", "RINPAN": "B101", "ADDDATE": "2022-09-28", "ADDTENANT": "04000F", "ADDUSER": "pasco01", "EDITDATE": null, "EDITTENANT": "", "EDITUSER": ""}}, {"type": "Feature", "geometry": {"type": "Polygon", "coordinates": [[[141.45008478756083, 38.78283358909555], [141.45018341602403, 38.78279088897006], [141.450211082689, 38.782779887232856], [141.4502829345653, 38.78275131825023], [141.45043178731862, 38.78269214578514], [141.45055096706702, 38.782644768423204], [141.45059058784165, 38.78262658644634], [141.4507901740218, 38.78253502799726], [141.45086598751163, 38.78250024051845], [141.4511841032432, 38.78235429902393], [141.4515392721964, 38.78212736094368], [141.45171940708477, 38.7819761308093], [141.45179547711453, 38.781912269724764], [141.45188452789515, 38.78185764605345], [141.45195349715124, 38.7818153356475], [141.45210081210828, 38.78172497145669], [141.45240388791117, 38.781530684460044], [141.4524902164708, 38.78147534502807], [141.45258003030926, 38.78141325743274], [141.45275753966482, 38.781290532880966], [141.4528280771273, 38.781241765091345], [141.45292798830985, 38.7811519583391], [141.45279217860525, 38.78104855190374], [141.4530583490063, 38.78103613184892], [141.45308493946382, 38.78101288486674], [141.45316096055308, 38.780946420484206], [141.45322931348844, 38.78087551841462], [141.45335555755906, 38.780744554188026], [141.45341378074576, 38.78068415605121], [141.4536537195032, 38.780359778361785], [141.45365452594737, 38.78036013533711], [141.4536668878382, 38.780343496985616], [141.4537266175191, 38.780263099992446], [141.453812113717, 38.78012647868849], [141.4538974506471, 38.77999010951321], [141.45391496255456, 38.779964278153855], [141.45400338994082, 38.7798338212306], [141.4540557672309, 38.77975653604204], [141.4539513364067, 38.77972101102087], [141.45390006134826, 38.77970358176503], [141.45356984244364, 38.779584314037464], [141.45347839471586, 38.77955545922745], [141.4532638524288, 38.779487754356396], [141.4532496919889, 38.77948328899735], [141.45320080667216, 38.7794678647454], [141.45309853286946, 38.77943558963202], [141.45299714021095, 38.779408038517545], [141.45264184659678, 38.77931149537933], [141.45219534037045, 38.77919856148233], [141.4518077765134, 38.77910739471723], [141.45169187539517, 38.77908012645162], [141.45157608545813, 38.7790658581988], [141.45149427098286, 38.77905577852704], [141.45128222702857, 38.779039793891265], [141.45120533057397, 38.779033994256885], [141.45105481073676, 38.77900556696274], [141.45080231522982, 38.77895786869186], [141.4505985388744, 38.778904921634364], [141.45049405658645, 38.778877772041426], [141.4503841084875, 38.77884819269075], [141.45032262251686, 38.77883165359797], [141.45007783874306, 38.77877588612849], [141.4497195723034, 38.77871970054673], [141.4492939272676, 38.778676301275404], [141.44904727690832, 38.77862548735658], [141.44889327769368, 38.77859376033367], [141.44882358203026, 38.77857939879747], [141.44878575386937, 38.77857160714148], [141.44868023501266, 38.778538876774164], [141.44849461740654, 38.778481298952], [141.44780690727794, 38.77824627162115], [141.44726478831697, 38.7780554820568], [141.44716381481717, 38.77801995169832], [141.44706425179936, 38.77797293562515], [141.44696889520202, 38.777927907261535], [141.44693749873366, 38.77791581192272], [141.44672996353478, 38.77783585117406], [141.4466933952367, 38.777821764023656], [141.4464134485873, 38.77770441028066], [141.44616065168904, 38.77757339926659], [141.44599287971175, 38.77746349935682], [141.44590747846334, 38.77740757123029], [141.44582247822217, 38.7773434779873], [141.44569023000525, 38.777243751670746], [141.44548872501812, 38.777074227690086], [141.44527686331082, 38.77687779488816], [141.4451936165856, 38.776777414109866], [141.4451007404665, 38.77666541716896], [141.44506977743737, 38.77662447259737], [141.44497756595064, 38.77650252626377], [141.44492147297652, 38.77642833614362], [141.4448628571883, 38.77634980700278], [141.44482963146268, 38.77630531569395], [141.4447376532706, 38.776168810479184], [141.44460772394123, 38.775977496326526], [141.44449364670106, 38.77579056663125], [141.4443949007334, 38.775561972524685], [141.44426455660027, 38.7753324534336], [141.4441996414486, 38.775243795744196], [141.44415051591932, 38.77517670295378], [141.44414498500495, 38.77516915538505], [141.44408194849353, 38.775094280418685], [141.4440238067398, 38.77502521669952], [141.44401983060814, 38.77502049880049], [141.44389306009566, 38.77485500389482], [141.44372685284836, 38.77463020389658], [141.44352085480682, 38.77444384424393], [141.44343276244538, 38.774371405107246], [141.44333286892177, 38.77432928836616], [141.44322091421506, 38.77430764953076], [141.44314142158623, 38.7742922717554], [141.442971747904, 38.77427535720388], [141.4426827532595, 38.77425018183533], [141.44246008493474, 38.77424706518723], [141.44241312133056, 38.77424865318089], [141.4422081230063, 38.77425556004594], [141.44218202956387, 38.7742564437255], [141.4420924960168, 38.77425946055008], [141.44197689698382, 38.774265162572654], [141.44191017533547, 38.77426845594296], [141.44173657330188, 38.77428638752899], [141.441296778708, 38.77439359557591], [141.44091227740014, 38.77443530906253], [141.44073946846072, 38.77445455935267], [141.44062391820995, 38.77446742185355], [141.4405082394471, 38.77446526708471], [141.4403523797197, 38.77446236596702], [141.4401434235932, 38.77444097572133], [141.4400417739679, 38.77443057658149], [141.4399125196244, 38.77442756378193], [141.43931982196256, 38.77441373245236], [141.43920415024388, 38.774411035822084], [141.43908855717336, 38.77441886105639], [141.43875494169924, 38.77444145437841], [141.4387477105148, 38.774441944084806], [141.43860367428877, 38.7744641952757], [141.43837674770185, 38.77449926358161], [141.438209976149, 38.7745250283419], [141.43780793298473, 38.77466908055257], [141.43739318138879, 38.77483342293341], [141.43691349464135, 38.77510152942221], [141.436579751021, 38.775282746684354], [141.4364865543224, 38.77533336309543], [141.43646857207256, 38.775419021458035], [141.43644095287803, 38.77555063886348], [141.4364362892078, 38.77557286624595], [141.4363434489103, 38.775626776155185], [141.43625404153656, 38.7756763178862], [141.43625679674852, 38.77567741807191], [141.43628196435873, 38.77568747097906], [141.43641265270853, 38.775678754414024], [141.4363190351962, 38.77613174238644], [141.4362913380212, 38.77626372950903], [141.43629554536105, 38.776301563161546], [141.43630076056925, 38.77634838248663], [141.43630726469567, 38.77637141168926], [141.43639700114713, 38.77641018328003], [141.43643341473225, 38.77662063224015], [141.43644181210328, 38.776639013887035], [141.43646917579167, 38.77669892322919], [141.43653755705296, 38.77684863228401], [141.43660930028253, 38.77708931913031], [141.43663987208896, 38.77719188337209], [141.43702720560947, 38.7773277552096], [141.43716488470565, 38.77737605047472], [141.43717648196193, 38.777380118425484], [141.43752246234178, 38.77742933857004], [141.43760869563482, 38.77756131437128], [141.43761412395045, 38.77757722032417], [141.4376526178521, 38.77769001345715], [141.43767149679738, 38.77779416668584], [141.4378362060846, 38.77777253852307], [141.4378449742194, 38.777771386876914], [141.43797928506115, 38.77776436330489], [141.43803940068946, 38.777761218964365], [141.43829088097385, 38.77777470102607], [141.43874490647065, 38.77782624103587], [141.43883108793767, 38.77785376714461], [141.43894804295732, 38.77790698021855], [141.43915464783117, 38.77803985351424], [141.43947205610365, 38.778177467036826], [141.4395157857711, 38.77831560771017], [141.43956261311143, 38.778485200334636], [141.43958383406098, 38.77853121574845], [141.4396233332398, 38.778616865520895], [141.43964529162582, 38.77872413752159], [141.43963227859132, 38.7788632211527], [141.4396498511518, 38.77902474939278], [141.4396797511729, 38.779167240953214], [141.44010357260092, 38.77915344676649], [141.44027738392313, 38.779248515845104], [141.44048969182182, 38.77958493988508], [141.44063314670677, 38.78003728730028], [141.44073383268685, 38.78018671508994], [141.4408975414113, 38.780429673300475], [141.44096779108799, 38.78042656034646], [141.44101218755043, 38.78043147717264], [141.44122553555806, 38.78045510327518], [141.44146632710718, 38.780481768117454], [141.44174673235676, 38.78046353496793], [141.44182838294023, 38.7804582252336], [141.44206819629468, 38.78040134825477], [141.44221993675686, 38.780365359142266], [141.4422227163779, 38.78036469602018], [141.44256884206808, 38.780303100144685], [141.44247656232739, 38.78056444238154], [141.44239411235355, 38.78067576244898], [141.44227452801672, 38.78080276222803], [141.442224336191, 38.78088404963663], [141.44218234116568, 38.78095206027109], [141.44221547600165, 38.781307909618896], [141.44208601556886, 38.78160687712484], [141.4421159499497, 38.78190579800181], [141.44223336914624, 38.781948915360964], [141.44251111342797, 38.78205097088589], [141.44280967113394, 38.78209945850697], [141.4430684831044, 38.78216646779912], [141.44334124408604, 38.782236178438744], [141.44346033581067, 38.78221609304503], [141.44367679696484, 38.78217957133204], [141.44391785102388, 38.78215350165541], [141.44401964270276, 38.782156803943565], [141.44430983929783, 38.78216621846999], [141.44465018298624, 38.78230957162462], [141.44466248076824, 38.7823149306377], [141.44479761784288, 38.782373817358206], [141.4450807853763, 38.78249719842611], [141.4452812695648, 38.782535904935216], [141.44558948330274, 38.78242370657813], [141.44581510679063, 38.782368480021], [141.44590959889982, 38.78234535443854], [141.44604957446785, 38.78235285473074], [141.44606770939686, 38.78236714682439], [141.44628634901198, 38.78253947518818], [141.44650065346553, 38.78260732290259], [141.44684205625765, 38.78251355043326], [141.44686633058706, 38.782506882548], [141.44691564088473, 38.78251298662391], [141.44725946972832, 38.782555546856116], [141.4473125000625, 38.78256688970282], [141.44732142793887, 38.78256874637192], [141.44733696725856, 38.78257197729156], [141.44751893455032, 38.78260943492274], [141.4477955220809, 38.7825636032091], [141.44793244577798, 38.78254132493395], [141.44803180820517, 38.782547946362044], [141.44822114851792, 38.78259554414702], [141.44830849862794, 38.78264279551657], [141.448414535232, 38.782741668429004], [141.4485563190606, 38.78286974000923], [141.44876350697223, 38.7828779011851], [141.44893502389286, 38.78284027761152], [141.44900235350428, 38.782815914256815], [141.4490949169999, 38.78281349866002], [141.44924875471946, 38.78284010197003], [141.4494560488708, 38.78286729711323], [141.44973188197713, 38.78293172442932], [141.44997604161267, 38.78294814777022], [141.4499782353258, 38.7828787876703], [141.45008478756083, 38.78283358909555]]]}, "properties": {"SICHOSON": "205", "SICHOSON_N": "気仙沼市", "RINPAN": "B116", "ADDDATE": "2022-09-28", "ADDTENANT": "04000F", "ADDUSER": "pasco01", "EDITDATE": null, "EDITTENANT": "", "EDITUSER": ""}}, {"type": "Feature", "geometry": {"type": "Polygon", "coordinates": [[[141.4357532553916, 38.78313409887721], [141.43576458013453, 38.783127154109025], [141.43577143894552, 38.7831338718078], [141.4358232592097, 38.78309116922225], [141.4358235031065, 38.7830910193183], [141.43623115857588, 38.78275503335385], [141.43626191912915, 38.78271891119992], [141.43627591750945, 38.782704181526874], [141.4362872251245, 38.78269248371052], [141.4365116594215, 38.782537766427716], [141.43658591678658, 38.78248657573783], [141.436735936179, 38.78241582023308], [141.43699302964967, 38.78229455723543], [141.4374834118644, 38.78208323865798], [141.43754614019699, 38.78205620661866], [141.43763060741946, 38.78208053528108], [141.43780130726543, 38.782129696796616], [141.43791231572814, 38.78213629001791], [141.4380596092512, 38.78214503858434], [141.43811943177562, 38.782148591111756], [141.4385712910318, 38.78181942756296], [141.438688513274, 38.781641996772045], [141.43883518940345, 38.78141998054575], [141.43916557613565, 38.78133148657651], [141.43918723740055, 38.78132568426928], [141.4392010841853, 38.78132415394404], [141.43925573539084, 38.78131811301797], [141.4395408760839, 38.78121668969938], [141.4396180105059, 38.781181102657875], [141.43981036470177, 38.781092356247896], [141.4401345143806, 38.78087610902071], [141.44041241017112, 38.780701091596995], [141.4404262340429, 38.78069633336318], [141.4407121038335, 38.78059790515989], [141.4408975414113, 38.780429673300475], [141.44073383268685, 38.78018671508994], [141.44063314670677, 38.78003728730028], [141.44048969182182, 38.77958493988508], [141.44027738392313, 38.779248515845104], [141.44010357260092, 38.77915344676649], [141.4396797511729, 38.779167240953214], [141.4396498511518, 38.77902474939278], [141.43963227859132, 38.7788632211527], [141.43964529162582, 38.77872413752159], [141.4396233332398, 38.778616865520895], [141.43958383406098, 38.77853121574845], [141.43956261311143, 38.778485200334636], [141.4395157857711, 38.77831560771017], [141.43947205610365, 38.778177467036826], [141.43915464783117, 38.77803985351424], [141.43894804295732, 38.77790698021855], [141.43883108793767, 38.77785376714461], [141.43874490647065, 38.77782624103587], [141.43829088097385, 38.77777470102607], [141.43803940068946, 38.777761218964365], [141.43797928506115, 38.77776436330489], [141.4378449742194, 38.777771386876914], [141.4378362060846, 38.77777253852307], [141.43767149679738, 38.77779416668584], [141.4376526178521, 38.77769001345715], [141.43761412395045, 38.77757722032417], [141.43760869563482, 38.77756131437128], [141.43752246234178, 38.77742933857004], [141.43717648196193, 38.777380118425484], [141.43716488470565, 38.77737605047472], [141.43702720560947, 38.7773277552096], [141.43663987208896, 38.77719188337209], [141.43660930028253, 38.77708931913031], [141.43653755705296, 38.77684863228401], [141.43646917579167, 38.77669892322919], [141.43644181210328, 38.776639013887035], [141.43643341473225, 38.77662063224015], [141.43639700114713, 38.77641018328003], [141.43630726469567, 38.77637141168926], [141.43630076056925, 38.77634838248663], [141.43629554536105, 38.776301563161546], [141.4362913380212, 38.77626372950903], [141.4363190351962, 38.77613174238644], [141.43641265270853, 38.775678754414024], [141.43628196435873, 38.77568747097906], [141.43625679674852, 38.77567741807191], [141.43625404153656, 38.7756763178862], [141.4363434489103, 38.775626776155185], [141.4364362892078, 38.77557286624595], [141.43644095287803, 38.77555063886348], [141.43646857207256, 38.775419021458035], [141.4364865543224, 38.77533336309543], [141.4363810455447, 38.77536100632563], [141.43628459704487, 38.77538628833223], [141.4361989948685, 38.77541083774091], [141.43604834208705, 38.77545402955695], [141.43598379039506, 38.77547738917671], [141.43580512181842, 38.77554203117519], [141.43553497723343, 38.77566390932909], [141.4352783814955, 38.77580257271082], [141.43518798799332, 38.775851425922866], [141.43509438994897, 38.775902420763146], [141.43500237277902, 38.77595256055366], [141.43483983385525, 38.776063657970575], [141.43463028871258, 38.7762098785513], [141.43442811127352, 38.776372908388176], [141.4343419807846, 38.776445935999725], [141.43430637300858, 38.77647612773091], [141.43421321444592, 38.77655511923826], [141.4341837833316, 38.77657804503421], [141.43400242484137, 38.776719318725824], [141.4340001714664, 38.77672096992583], [141.4339503310479, 38.77675726164769], [141.4338670534365, 38.77681789602899], [141.43378333761424, 38.77687144260498], [141.43352159318243, 38.77701326367019], [141.43330459564567, 38.77713480965243], [141.4331274654125, 38.777224645635], [141.43300583646064, 38.777266963857016], [141.43285384645893, 38.77729148298908], [141.43270122514488, 38.77731607723256], [141.43258572734103, 38.77733469721726], [141.43247013535915, 38.77734344382655], [141.4324232779405, 38.777346990303855], [141.4323919706336, 38.777349357968475], [141.43224566562398, 38.77736823553063], [141.43219551602525, 38.77737872662534], [141.43204647098486, 38.77740989619638], [141.4318275416008, 38.77748650397952], [141.43152775129687, 38.7775783908495], [141.43141239147093, 38.77761375649721], [141.43129703245606, 38.77765047336061], [141.43115330908827, 38.777696226984986], [141.43077676348997, 38.777807505193515], [141.43031650778443, 38.77793786724787], [141.43026137203242, 38.77795349192585], [141.43020112561746, 38.77797055617466], [141.4300857324112, 38.77800345224846], [141.43004397353153, 38.77801535991595], [141.4296455412762, 38.77812898043829], [141.42940224553703, 38.77821023137402], [141.4292164608429, 38.778295620949194], [141.42903792790742, 38.7783965487349], [141.42895971875043, 38.77846121769373], [141.4288921800773, 38.77853024657848], [141.428776522453, 38.7786522136043], [141.4283978109501, 38.77905898677305], [141.42830673380448, 38.779164026584596], [141.4282308070281, 38.77923484551177], [141.42816365623685, 38.77930086212602], [141.42815761601432, 38.779306794593474], [141.4280825196827, 38.77938063528241], [141.42802174472524, 38.779443881564575], [141.4278045929103, 38.77966987708312], [141.42753654146722, 38.77993432959574], [141.4274629641145, 38.780015370170545], [141.42734991261324, 38.78013990896964], [141.42733295047643, 38.78016519304714], [141.42725331923882, 38.780283894384425], [141.42719930397985, 38.78036442006106], [141.4271396736557, 38.78044944355263], [141.4270529016194, 38.7805731719569], [141.4268166427771, 38.78086670411736], [141.42693659590228, 38.78087512088349], [141.4271401676441, 38.78088939997375], [141.42716629165605, 38.78089743738864], [141.42739488839896, 38.78096775027043], [141.42775363773956, 38.78112870402137], [141.42841464360865, 38.78109115303471], [141.42897778436955, 38.781016170655285], [141.42970544306786, 38.781112089717546], [141.42971869396968, 38.78111527430282], [141.42972531708918, 38.781116863003234], [141.4297527383786, 38.78113385615857], [141.4298783729729, 38.78121171112693], [141.4300321630839, 38.781407869224], [141.43005084654888, 38.78167068011994], [141.42967984619864, 38.78187503058988], [141.42959092947305, 38.782219920979855], [141.42966341732526, 38.782420305079356], [141.4296747432752, 38.78245213873287], [141.4297111839407, 38.78255450990444], [141.4300388206664, 38.78273548262216], [141.4300487762618, 38.78274497309573], [141.4302571173054, 38.78297620313116], [141.43029342437347, 38.78297352220922], [141.4303449129413, 38.783021373820695], [141.43039311847187, 38.783009126808906], [141.43063142596517, 38.7829485630037], [141.43101129010648, 38.78292051128828], [141.43101424046512, 38.78289643257222], [141.43130747286597, 38.78293276618382], [141.4315545263675, 38.78295274109966], [141.4316912753029, 38.78296379668144], [141.4317852870377, 38.78296641253368], [141.43207922504246, 38.782974596844745], [141.4329192121478, 38.78292855104059], [141.43298908665818, 38.78291878633676], [141.4332168315788, 38.78288694853788], [141.43337408001318, 38.78286496855384], [141.4337065356948, 38.7827636912717], [141.43395152678718, 38.782682971334324], [141.43414307358657, 38.782619993887096], [141.43481612618962, 38.782516229449364], [141.43489448979423, 38.782483476994265], [141.43495241781113, 38.78248372472529], [141.435070727294, 38.782496221712925], [141.435178129732, 38.78254781744508], [141.4354477621414, 38.782816810264436], [141.43564700787533, 38.78301198431877], [141.4356702277884, 38.78303867416712], [141.4357532553916, 38.78313409887721]]]}, "properties": {"SICHOSON": "205", "SICHOSON_N": "気仙沼市", "RINPAN": "B117", "ADDDATE": "2022-09-28", "ADDTENANT": "04000F", "ADDUSER": "pasco01", "EDITDATE": null, "EDITTENANT": "", "EDITUSER": ""}}]}