{"type": "FeatureCollection", "features": [{"type": "Feature", "geometry": {"type": "Polygon", "coordinates": [[[141.4519448594135, 38.76756659583704], [141.45199754434654, 38.76753235431936], [141.45201545380326, 38.767520709207055], [141.45223266143455, 38.76748526232656], [141.45232190600137, 38.76746901242113], [141.4523447330264, 38.76745530430204], [141.4524400328717, 38.76739807138594], [141.45253239536015, 38.76734037468072], [141.45265234407978, 38.767303984616554], [141.45272839337113, 38.76729643034267], [141.45282085972022, 38.76725065253297], [141.4528925675357, 38.76726934066274], [141.4529685542385, 38.767237795867416], [141.45324422760584, 38.76722362965445], [141.45333577186852, 38.76713398479421], [141.4533788849629, 38.76704985260058], [141.453429767885, 38.7669599035614], [141.45343406337102, 38.76695230969237], [141.4534945722913, 38.766908130613196], [141.45359148377074, 38.76684850264958], [141.45364763379524, 38.76679730346631], [141.45373359749917, 38.766729084946064], [141.45375088323186, 38.76671536542634], [141.45382916415403, 38.76661388532128], [141.45390843655338, 38.766579859437556], [141.45391437043335, 38.76656361461406], [141.45393246541778, 38.76651407499003], [141.45399741474165, 38.766483366501426], [141.45410515737836, 38.76643243003447], [141.4542097062845, 38.76645434198101], [141.45428230273143, 38.766469396657385], [141.45428340478986, 38.7664696250336], [141.45434084564133, 38.76648153770979], [141.4543466441385, 38.766482740218116], [141.45454577715452, 38.76653585337342], [141.45463712892098, 38.76657157365175], [141.45481209787283, 38.76658521078312], [141.4548236291708, 38.76658415127938], [141.45488076251186, 38.76657890337214], [141.45491887048473, 38.76655143437253], [141.45495378196748, 38.766549053226576], [141.4549702492661, 38.766507884161065], [141.45495116448004, 38.766478283327544], [141.45494793469967, 38.76647327444073], [141.45490102535982, 38.766404768005515], [141.45470496709137, 38.76624671245526], [141.45468354499337, 38.76623218868438], [141.4546233449755, 38.76615049529387], [141.45461780817968, 38.76613435375137], [141.4546045602756, 38.76609576067834], [141.45460332901635, 38.7660948311986], [141.4545610238927, 38.766051498940236], [141.45454408022204, 38.765959589212144], [141.4545549942079, 38.76582074008695], [141.4545579999356, 38.765783994824474], [141.45468552236864, 38.765733143673216], [141.45470641188615, 38.7656951718111], [141.45473066302034, 38.76562395454478], [141.45476040102724, 38.76553660018511], [141.45476130688064, 38.7654603539434], [141.45467743800674, 38.765477006854326], [141.4544591314236, 38.7655203658164], [141.45438089859064, 38.76553370932266], [141.4543805610752, 38.76553300391743], [141.45433903566246, 38.76549089173963], [141.45424195354116, 38.76553745292471], [141.45418038535212, 38.76547833836287], [141.4540338719894, 38.76551618006986], [141.45397133053942, 38.76552122294956], [141.4539010044954, 38.76555627163453], [141.4538941950408, 38.765629640242686], [141.45384326989887, 38.76567681185995], [141.4538195014907, 38.765695855837684], [141.45371543248325, 38.76579353054122], [141.45366249357804, 38.765817867998216], [141.45365295233537, 38.76582109878072], [141.45355882610096, 38.76581975239448], [141.45344345198535, 38.765859192054045], [141.45342534069573, 38.76588892202351], [141.4534131927679, 38.765908865514376], [141.45342787737698, 38.765980976825205], [141.45332939250565, 38.76597861645545], [141.45326009964543, 38.76599246042988], [141.45321167843994, 38.76601191702185], [141.45321123695194, 38.766012094136045], [141.4531862305005, 38.76602214015495], [141.45315460292267, 38.766030194279615], [141.4531573914286, 38.76593461127305], [141.45315682533973, 38.76592530808088], [141.45308765213557, 38.76593183248774], [141.45285358342645, 38.76594235441244], [141.4526684160559, 38.76596965077584], [141.45261202685705, 38.76597987828291], [141.45260246609647, 38.76601600148048], [141.4526873751728, 38.766082001207565], [141.4526213422011, 38.766085215944706], [141.45254391839006, 38.76606047241233], [141.4525342704145, 38.766057488428515], [141.4524235426208, 38.76602324569453], [141.45245308221575, 38.76600872092402], [141.45240577274834, 38.766017303856565], [141.45238301623522, 38.76602287207429], [141.45237344277626, 38.766022784044026], [141.45236520998844, 38.76602270783084], [141.45236347272748, 38.76602447376789], [141.45235935603267, 38.76602866218836], [141.4522687226504, 38.766050840125324], [141.45224132085102, 38.76608892171389], [141.45218362186864, 38.766087146184894], [141.45215139244002, 38.766086154685226], [141.4521482564221, 38.76608678029101], [141.45209503708597, 38.76609738895908], [141.45204262300248, 38.76610783838701], [141.451989145189, 38.76611850062682], [141.4518546476859, 38.76610174242192], [141.4518215408067, 38.76610147979047], [141.45178700721493, 38.7660963040376], [141.4517420587239, 38.766061682835044], [141.45168878482895, 38.766020649883956], [141.45154061067095, 38.76603033362928], [141.45150433789274, 38.76598215759722], [141.4514473636427, 38.76599768306936], [141.45131116057578, 38.76606396199318], [141.45129210551187, 38.766073234707015], [141.4512666047822, 38.766085643261405], [141.45113623054124, 38.76614908399007], [141.4510356692086, 38.76621446788783], [141.4509087271523, 38.76629700350711], [141.45090757942125, 38.76629774920253], [141.45076285397437, 38.76632874501559], [141.45060628758583, 38.76636227523004], [141.45060589132362, 38.76636236020477], [141.4503703272262, 38.76632211900005], [141.45023285348714, 38.76633563644162], [141.45028022926482, 38.766255197240774], [141.4498963482949, 38.76630593682024], [141.4497483905657, 38.76631425861107], [141.44966021883928, 38.76631921994818], [141.44954599612947, 38.76632564198006], [141.449561660822, 38.766414611476684], [141.4495915029328, 38.76658404489], [141.4496543209756, 38.76686151841464], [141.44978304919852, 38.76703266447052], [141.44978307143333, 38.76707950973297], [141.4497831232219, 38.767170038995154], [141.4497823354604, 38.767180124109125], [141.4497760179174, 38.76726061501433], [141.4497604728674, 38.76733310153126], [141.44999366418224, 38.76746456256745], [141.45005112894458, 38.76753257203628], [141.45007862315305, 38.767561427500475], [141.45012498260232, 38.76761008315771], [141.45012909454542, 38.767613469523845], [141.45014694344968, 38.767628164335036], [141.45032188067788, 38.767648601959834], [141.45042473083376, 38.76763607802618], [141.4504306269968, 38.76763832884867], [141.45048828142242, 38.76765375846084], [141.45053358660974, 38.767647861629506], [141.4505500371276, 38.76765931155097], [141.4505756541047, 38.767677141810395], [141.45060857184464, 38.767685951632934], [141.45092354875274, 38.767668234691946], [141.45104236266002, 38.76754559026674], [141.45110036543505, 38.7675457647692], [141.45115525310723, 38.7675459295842], [141.45122818147482, 38.767620353942796], [141.45125485527777, 38.76762714706925], [141.45122239240268, 38.76764039331251], [141.451136464481, 38.76767113548038], [141.45114700000644, 38.76772951060426], [141.4512485273153, 38.767714379457075], [141.45140802131257, 38.767681094157844], [141.4514342675713, 38.76762606413587], [141.45177399628992, 38.76758650165263], [141.4519448594135, 38.76756659583704]]]}, "properties": {"SICHOSON": "205", "SICHOSON_N": "気仙沼市", "RINPAN": "B073", "JUNRINPAN": "ｲ", "KEYCODE": "000205@B073@01", "ADDDATE": "2022-09-28", "ADDTENANT": "04000F", "ADDUSER": "pasco01", "EDITDATE": null, "EDITTENANT": "", "EDITUSER": ""}}, {"type": "Feature", "geometry": {"type": "Polygon", "coordinates": [[[141.45076285397437, 38.76632874501559], [141.45090757942125, 38.76629774920253], [141.4509087271523, 38.76629700350711], [141.4510356692086, 38.76621446788783], [141.45113623054124, 38.76614908399007], [141.4512666047822, 38.766085643261405], [141.45129210551187, 38.766073234707015], [141.45131116057578, 38.76606396199318], [141.4514473636427, 38.76599768306936], [141.45150433789274, 38.76598215759722], [141.45154061067095, 38.76603033362928], [141.45168878482895, 38.766020649883956], [141.4517420587239, 38.766061682835044], [141.45178700721493, 38.7660963040376], [141.4518215408067, 38.76610147979047], [141.4518546476859, 38.76610174242192], [141.451989145189, 38.76611850062682], [141.45204262300248, 38.76610783838701], [141.45209503708597, 38.76609738895908], [141.4521482564221, 38.76608678029101], [141.45215139244002, 38.766086154685226], [141.45218362186864, 38.766087146184894], [141.45224132085102, 38.76608892171389], [141.4522687226504, 38.766050840125324], [141.45235935603267, 38.76602866218836], [141.45236347272748, 38.76602447376789], [141.45236520998844, 38.76602270783084], [141.45237344277626, 38.766022784044026], [141.45238301623522, 38.76602287207429], [141.45240577274834, 38.766017303856565], [141.45245308221575, 38.76600872092402], [141.4524235426208, 38.76602324569453], [141.4525342704145, 38.766057488428515], [141.45254391839006, 38.76606047241233], [141.4526213422011, 38.766085215944706], [141.4526873751728, 38.766082001207565], [141.45260246609647, 38.76601600148048], [141.4526120280077, 38.765979878276816], [141.4526684160559, 38.76596965077584], [141.45285358342645, 38.76594235441244], [141.45308765213557, 38.76593183248774], [141.45315682533973, 38.76592530808088], [141.4531573914286, 38.76593461127305], [141.45315460292267, 38.766030194279615], [141.4531862305005, 38.76602214015495], [141.45321123695194, 38.766012094136045], [141.45321167843994, 38.76601191702185], [141.45326009964543, 38.76599246042988], [141.45332939250565, 38.76597861645545], [141.45342787737698, 38.765980976825205], [141.4534131927679, 38.765908865514376], [141.45342534069573, 38.76588892202351], [141.45344345198535, 38.765859192054045], [141.45355882610096, 38.76581975239448], [141.45365295233537, 38.76582109878072], [141.45366249357804, 38.765817867998216], [141.45371543248325, 38.76579353054122], [141.4538195014907, 38.765695855837684], [141.45384326989887, 38.76567681185995], [141.4538941950408, 38.765629640242686], [141.4539010044954, 38.76555627163453], [141.45397133053942, 38.76552122294956], [141.4540338719894, 38.76551618006986], [141.45418038535212, 38.76547833836287], [141.45424195354116, 38.76553745292471], [141.45433903566246, 38.76549089173963], [141.4543805610752, 38.76553300391743], [141.45438089858283, 38.765533708421806], [141.4544591314236, 38.7655203658164], [141.45467743800674, 38.765477006854326], [141.45476130688064, 38.7654603539434], [141.45476145806379, 38.76544727221574], [141.45476259259553, 38.76535228624315], [141.45473053337946, 38.7652230996896], [141.4546625207475, 38.76508273502852], [141.4545585180416, 38.76491884208741], [141.45452308329982, 38.76487299583878], [141.45449076621352, 38.76483117800668], [141.4545172386983, 38.76482532206483], [141.45460838736952, 38.76484278692266], [141.45462401514104, 38.76483725256358], [141.45481113758126, 38.76486928164381], [141.4546462649753, 38.76459712542856], [141.45497864740244, 38.7644973231541], [141.4550886579657, 38.764540143769565], [141.45510199968112, 38.764536516980755], [141.4551889135988, 38.76451288368338], [141.45520900424606, 38.764507425499694], [141.45528210874667, 38.76446907299184], [141.4552926529923, 38.76444687300008], [141.4553077627022, 38.76441508215867], [141.45530032578824, 38.764344294646904], [141.45524692361107, 38.76427133734186], [141.4551157655964, 38.7641434529073], [141.4549529952504, 38.76401114281802], [141.45483341319544, 38.763905718747694], [141.4547440041874, 38.76380585478674], [141.45465598525905, 38.763693631257794], [141.45453614365798, 38.76344509461112], [141.45449679926804, 38.76336349476274], [141.45446627030174, 38.763276867028615], [141.4544196397809, 38.76314452357945], [141.45441408469077, 38.763128760489444], [141.4543540925809, 38.762970884704664], [141.4543281342318, 38.7629025630607], [141.45439652929974, 38.76285932086324], [141.45430747944732, 38.7628481995572], [141.45423571135242, 38.76265930464405], [141.4541745216435, 38.76242115855906], [141.4540975461051, 38.76218865386746], [141.45401654044713, 38.762031466054204], [141.45393459640692, 38.76188824696716], [141.4538893484634, 38.76180916469265], [141.45384371609254, 38.76172421153389], [141.45373316777298, 38.761518370988206], [141.45370350931444, 38.761437728424404], [141.45367078743925, 38.7613487868893], [141.45364544134586, 38.76126239175502], [141.45360388693848, 38.76112075982932], [141.45356454740968, 38.76095238309789], [141.45354810308783, 38.760924776075086], [141.4534815846675, 38.76082628238863], [141.45346393175512, 38.76075142193349], [141.45351494449082, 38.76065266047258], [141.4535099529292, 38.76057247884341], [141.45351209138755, 38.760547026338486], [141.45351958187834, 38.76045782632412], [141.45354170981273, 38.760372674718035], [141.45357481733782, 38.760245313058086], [141.4536310992786, 38.75999688469237], [141.45370200812658, 38.75975400111685], [141.45370321470415, 38.759747708295464], [141.45370835522513, 38.759744077447124], [141.4537186874433, 38.75966697750776], [141.45373736074072, 38.75956959207343], [141.45375439239288, 38.75948074678674], [141.4537810564555, 38.759368474944864], [141.4537019346616, 38.75939825496245], [141.4534976353301, 38.759503612769166], [141.45349287627542, 38.75950292721717], [141.4534433941137, 38.759495801545775], [141.4536541128465, 38.75937265320194], [141.4538005596332, 38.75933133578307], [141.4538260193755, 38.75931638096947], [141.4536873818653, 38.75929086491011], [141.45353258002828, 38.759304064667], [141.45334306016, 38.75929546664713], [141.45299190004957, 38.75924055202121], [141.45288643782854, 38.75922405992465], [141.45280687297756, 38.75923189597906], [141.4527601318665, 38.75924341384522], [141.45269410298053, 38.75927579043164], [141.45265498285102, 38.75930628568258], [141.4526679477783, 38.75934196434284], [141.4526799848833, 38.75935922019087], [141.45270265522416, 38.75939171682184], [141.45283932111707, 38.75937166121318], [141.4529034176514, 38.759377814187786], [141.45295564552973, 38.75939710918334], [141.45292881373817, 38.75940763509348], [141.45291208133298, 38.75940878323948], [141.45275183038498, 38.75941978024198], [141.4526660801185, 38.75948623843108], [141.45254447856018, 38.75949109437652], [141.45248087631091, 38.75951672022206], [141.45245766133053, 38.75951852605915], [141.45241186266554, 38.759522093835685], [141.45237857010497, 38.75949772268953], [141.45234513721323, 38.7594990592037], [141.4522849760544, 38.75949281841735], [141.45226140663473, 38.759468242596355], [141.45210155809497, 38.75945818004952], [141.45201109596366, 38.75939529834706], [141.451961059633, 38.759414450370414], [141.45186902027515, 38.75944967854075], [141.45185515812577, 38.75944824110379], [141.45171241401357, 38.759440392889175], [141.45148172147722, 38.75942771332439], [141.4514787630233, 38.75942754879242], [141.45121317324129, 38.75946173652824], [141.45097390152608, 38.75948826214988], [141.4508628575139, 38.75950056948348], [141.45074877475287, 38.759508739655466], [141.4504607920255, 38.75952937835165], [141.45014062623284, 38.75956477971516], [141.4498434149465, 38.75959340244269], [141.44961660132947, 38.759626391035624], [141.4494345455732, 38.7596660350888], [141.449325268194, 38.759689836030496], [141.44931118326383, 38.759778124620745], [141.44929523053338, 38.75987815265386], [141.4492859938599, 38.759936019621854], [141.44923899049246, 38.760054084954085], [141.4492219723217, 38.760096840832595], [141.44918040266637, 38.76018875346678], [141.44917924301774, 38.76019131630582], [141.44907079883978, 38.76037805498612], [141.44906158479432, 38.76039305831764], [141.4490265540432, 38.76045006115223], [141.44890807036356, 38.76064019576693], [141.4488513088196, 38.76082122965212], [141.44883748638077, 38.760961731528774], [141.4488425905529, 38.761043036185555], [141.448848202301, 38.76113252726671], [141.4488588153468, 38.761221559580314], [141.44890162627166, 38.761580840940525], [141.4489093159667, 38.76161070911738], [141.44895502186003, 38.761788203343244], [141.4490109639516, 38.76200545399027], [141.44914861312458, 38.76254716776642], [141.44917138134662, 38.76263676660784], [141.44919350591425, 38.762723630127105], [141.44935218735182, 38.76334670840841], [141.449356942042, 38.763377908216114], [141.4493843629795, 38.76355770576842], [141.44938902137815, 38.76358827545777], [141.44940722814385, 38.76384222791826], [141.44941296175304, 38.764214198801334], [141.44942764345583, 38.764532015915826], [141.44943175480506, 38.76462099230565], [141.4494369926872, 38.764709701497424], [141.44945939905438, 38.76508958433896], [141.44946341560654, 38.76517689457173], [141.4494717574255, 38.76535783765522], [141.44947650925093, 38.76546106273834], [141.4494784592859, 38.76550329520266], [141.44948440317728, 38.765632332612064], [141.44948047505812, 38.76564802790961], [141.4494861102478, 38.76566357369322], [141.4494949265953, 38.765823949637316], [141.4495045269464, 38.76599867892993], [141.44953459265622, 38.76623574912347], [141.44954599612947, 38.76632564198006], [141.44966021883928, 38.76631921994818], [141.4497483905657, 38.76631425861107], [141.4498963482949, 38.76630593682024], [141.45028022811417, 38.76625519724685], [141.45023285348714, 38.76633563644162], [141.4503703272262, 38.76632211900005], [141.45060589132362, 38.76636236020477], [141.45060628758583, 38.76636227523004], [141.45076285397437, 38.76632874501559]]]}, "properties": {"SICHOSON": "205", "SICHOSON_N": "気仙沼市", "RINPAN": "B073", "JUNRINPAN": "ﾛ", "KEYCODE": "000205@B073@02", "ADDDATE": "2022-09-28", "ADDTENANT": "04000F", "ADDUSER": "pasco01", "EDITDATE": null, "EDITTENANT": "", "EDITUSER": ""}}, {"type": "Feature", "geometry": {"type": "Polygon", "coordinates": [[[141.45121317324129, 38.75946173652824], [141.4514787630233, 38.75942754879242], [141.45148172147722, 38.75942771332439], [141.45171241401357, 38.759440392889175], [141.45185515812577, 38.75944824110379], [141.45186902027515, 38.75944967854075], [141.451961059633, 38.759414450370414], [141.45201109596366, 38.75939529834706], [141.45210155809497, 38.75945818004952], [141.45226140663473, 38.759468242596355], [141.4522849760544, 38.75949281841735], [141.45234513721323, 38.7594990592037], [141.45237857010497, 38.75949772268953], [141.45241186266554, 38.759522093835685], [141.45245766133053, 38.75951852605915], [141.45248087631091, 38.75951672022206], [141.45254447741743, 38.75949109528348], [141.4526660801107, 38.75948623753026], [141.45275183038498, 38.75941978024198], [141.45291208133298, 38.75940878323948], [141.45292881373817, 38.75940763509348], [141.45295564552973, 38.75939710918334], [141.4529034176514, 38.759377814187786], [141.45283932111707, 38.75937166121318], [141.45270265522416, 38.75939171682184], [141.4526799848833, 38.75935922019087], [141.4526679477783, 38.75934196434284], [141.45265498285102, 38.75930628568258], [141.4525984601832, 38.759329620950886], [141.45249516284974, 38.75934476353382], [141.45228415100183, 38.75931098873095], [141.4521498487509, 38.75929058386868], [141.45216176296856, 38.759245396955606], [141.45218457328448, 38.75919927668406], [141.45219303053779, 38.759156557593606], [141.45216543921202, 38.75907793966819], [141.45215215312538, 38.759026754709794], [141.45216116224347, 38.75902568810376], [141.45215084986756, 38.75902173373622], [141.45214794459397, 38.7590105384283], [141.45216420047538, 38.758971141977206], [141.4521369601076, 38.75896233043888], [141.452026494558, 38.75891452024693], [141.4520036589976, 38.75888175769161], [141.45204380214992, 38.75879104257502], [141.45210385955738, 38.758681409609885], [141.45209136121818, 38.758573134597526], [141.4520982580949, 38.75854358669155], [141.45209430905985, 38.758502653082026], [141.4521046483222, 38.75841219571275], [141.4520893050568, 38.75838245023085], [141.45207985712042, 38.75836413467711], [141.45208356730032, 38.75834702783185], [141.45208839949376, 38.75832474753445], [141.45214949453757, 38.75824006013015], [141.45219434679768, 38.75817789359071], [141.4521952526403, 38.75817886536066], [141.45224379453472, 38.75810935051558], [141.4523125106794, 38.758078882450775], [141.45245874402715, 38.75801640500277], [141.4525620361099, 38.75798596264523], [141.45256184462195, 38.75798563933884], [141.45256188134522, 38.75798562833359], [141.45244081630165, 38.757724949912614], [141.45230194610613, 38.75773601952326], [141.45231424375476, 38.75756769492065], [141.4523013973887, 38.75744191743417], [141.45219268796802, 38.75746689821315], [141.4519925167182, 38.757560668615746], [141.45191394254522, 38.757614957784114], [141.4518585630082, 38.75768582668586], [141.45180445565384, 38.75775506812567], [141.45174639732664, 38.757780068751075], [141.4516850570653, 38.75780648219093], [141.45150329584396, 38.75780611030963], [141.45129660553818, 38.7577640172384], [141.45123800302187, 38.757752082140655], [141.4511105994002, 38.757735953067275], [141.45097640889205, 38.7577880680076], [141.4508296122586, 38.75788741826386], [141.4507475695762, 38.75802790424056], [141.4506288839079, 38.75810345014312], [141.45038872661985, 38.7582563193382], [141.450301801095, 38.758313859584874], [141.4502417621471, 38.75842993201263], [141.45020954545654, 38.75851675788246], [141.45006983660284, 38.75869142121984], [141.45005272318636, 38.75874173260361], [141.4500400928826, 38.75877886101157], [141.4500161856469, 38.758849144058104], [141.4500020471362, 38.75889071370468], [141.44991825374692, 38.75885654352538], [141.44993100539088, 38.75883845482757], [141.449871729843, 38.75883101624494], [141.449848393721, 38.7588280853162], [141.44936260244765, 38.75876712665201], [141.44937460644084, 38.759070516896955], [141.44933236214035, 38.759600755462145], [141.449325268194, 38.759689836030496], [141.4494345455732, 38.7596660350888], [141.44961660132947, 38.759626391035624], [141.4498434149465, 38.75959340244269], [141.45014062623284, 38.75956477971516], [141.4504607920255, 38.75952937835165], [141.45074877475287, 38.759508739655466], [141.4508628575139, 38.75950056948348], [141.45097390152608, 38.75948826214988], [141.45121317324129, 38.75946173652824]]]}, "properties": {"SICHOSON": "205", "SICHOSON_N": "気仙沼市", "RINPAN": "B074", "JUNRINPAN": "ｲ", "KEYCODE": "000205@B074@01", "ADDDATE": "2022-09-28", "ADDTENANT": "04000F", "ADDUSER": "pasco01", "EDITDATE": null, "EDITTENANT": "", "EDITUSER": ""}}, {"type": "Feature", "geometry": {"type": "Polygon", "coordinates": [[[141.44739160856787, 38.76176345320064], [141.44741831746546, 38.76169945772741], [141.44743985382803, 38.76171609844191], [141.44746913403998, 38.7616450886232], [141.44752388172805, 38.7617148199866], [141.44769486727563, 38.76173751928661], [141.44778454035242, 38.76172431650807], [141.44780516248704, 38.761689756223205], [141.447848949869, 38.761616374570664], [141.44798601659502, 38.761401494948316], [141.44803249909555, 38.76132309910648], [141.44804738109528, 38.76129799408697], [141.44805131779412, 38.76120134471862], [141.4480409951628, 38.76114215641833], [141.44803956684714, 38.761133929786695], [141.4480824467287, 38.76108103907535], [141.44811261682932, 38.761041029474384], [141.44812706068032, 38.76092812771308], [141.44817652391967, 38.7607421857772], [141.44825260889414, 38.76075388898291], [141.44830782957666, 38.76067495066137], [141.44837019687785, 38.76060824123963], [141.4483743823611, 38.76060376430895], [141.4484517208906, 38.76052105281238], [141.44847904883244, 38.760491933628856], [141.4484790615487, 38.760491806536265], [141.44851094109976, 38.7604577057864], [141.4485619940271, 38.760433473366454], [141.44868442994334, 38.760375360991844], [141.44884518216813, 38.76034698332635], [141.44895296634206, 38.76036365872444], [141.44906158479432, 38.76039305831764], [141.44907079883978, 38.76037805498612], [141.44917924301774, 38.76019131630582], [141.44918040266637, 38.76018875346678], [141.4492219723217, 38.760096840832595], [141.44923899049246, 38.760054084954085], [141.4492859938599, 38.759936019621854], [141.44929523053338, 38.75987815265386], [141.44931118326383, 38.759778124620745], [141.449325268194, 38.759689836030496], [141.44933236214035, 38.759600755462145], [141.44937460644084, 38.759070516896955], [141.44936260244765, 38.75876712665201], [141.4493539334604, 38.75854797917957], [141.44931405042078, 38.7582633752756], [141.44931110850195, 38.75824237388485], [141.44925300768386, 38.75808869250112], [141.44919647292664, 38.75793914693268], [141.44908048127266, 38.757752617663556], [141.4490317137469, 38.757674209621435], [141.44896212669298, 38.757607172360316], [141.44878950552433, 38.75744088768329], [141.44838489588506, 38.75718087965646], [141.44813430265995, 38.75700937278812], [141.4479924450144, 38.756871932899074], [141.44797480992418, 38.756854836623155], [141.44790507053295, 38.75678726799305], [141.44779339808395, 38.756882988366], [141.447786298988, 38.756886726548636], [141.44778982786877, 38.7568933160376], [141.4476335481591, 38.756974832157866], [141.44763271281457, 38.756974961772094], [141.44760981271136, 38.75697852172876], [141.4475278506346, 38.75701519531726], [141.4474356026261, 38.75703201588824], [141.44734322629063, 38.75706045225642], [141.44722221129564, 38.75709909562238], [141.4472216772804, 38.75709786871002], [141.4472193845074, 38.75709857443846], [141.44701646817327, 38.757167750110256], [141.44694134295636, 38.75718341463451], [141.44671160136036, 38.75720292660807], [141.44653203229663, 38.75719650041371], [141.44631645871678, 38.75716653238348], [141.4461511583015, 38.757133112129594], [141.4459728257481, 38.75707722864836], [141.445682178634, 38.75694626025691], [141.44542740617544, 38.75680847181102], [141.44516414598596, 38.756631745646054], [141.44512354033523, 38.75660448099015], [141.44481823680383, 38.75640047977152], [141.44455033032233, 38.75620878657035], [141.44431507140249, 38.756018921172576], [141.44427411791966, 38.755985866200874], [141.44421874651363, 38.75593641826489], [141.44419154116494, 38.75604997553139], [141.4441261920249, 38.7563350078809], [141.44419371448618, 38.75660053522272], [141.4442771956604, 38.756839069460945], [141.44430649705936, 38.757092391205354], [141.44450223751068, 38.757259167961365], [141.44473715607757, 38.75751095479508], [141.44478361541692, 38.75756887332732], [141.4448593376221, 38.75788205953307], [141.44488183556675, 38.75801899445948], [141.44489100571252, 38.758074816171124], [141.44491571018412, 38.7582251844465], [141.44501036242283, 38.75827841831701], [141.44527523682666, 38.75840502151911], [141.4455072540137, 38.75850363434268], [141.44556508833836, 38.7585905287055], [141.4455288490578, 38.75877955437789], [141.4454755084956, 38.75880791453398], [141.44528898702478, 38.75901946560606], [141.44525378797672, 38.75923879172173], [141.44525605197012, 38.75936108488033], [141.4452385916102, 38.75958406581683], [141.44528230506853, 38.75969614206823], [141.44534091049562, 38.759770852434954], [141.4454122450846, 38.75984326190184], [141.44549758957533, 38.76005923604887], [141.4455657325725, 38.76022130080934], [141.44570495971593, 38.76041959632525], [141.44576252039258, 38.76051060906319], [141.4458496587754, 38.76057293104496], [141.4458862546424, 38.76059910383699], [141.44606539066436, 38.760671362281], [141.4461317764301, 38.76068828432588], [141.44621243158232, 38.76067446517674], [141.44641325057322, 38.76073249242191], [141.44656180344157, 38.760867873794005], [141.44665340500825, 38.760951293143584], [141.44670673631427, 38.76103462497831], [141.44683399342847, 38.761167451112236], [141.44697882889798, 38.76130790545022], [141.44707277518157, 38.761550751834484], [141.44716223062454, 38.7616883706302], [141.44732786113337, 38.76184375117404], [141.44739160856787, 38.76176345320064]]]}, "properties": {"SICHOSON": "205", "SICHOSON_N": "気仙沼市", "RINPAN": "B077", "JUNRINPAN": "ｲ", "KEYCODE": "000205@B077@01", "ADDDATE": "2022-09-28", "ADDTENANT": "04000F", "ADDUSER": "pasco01", "EDITDATE": null, "EDITTENANT": "", "EDITUSER": ""}}, {"type": "Feature", "geometry": {"type": "Polygon", "coordinates": [[[141.44503810388193, 38.76335595775776], [141.44506413230806, 38.76322340770519], [141.44519895600195, 38.763007956636656], [141.44534102786025, 38.762765548836036], [141.44533633191065, 38.76262799838473], [141.44530128263185, 38.76244876948886], [141.44531550412955, 38.76242850606095], [141.4453542180226, 38.76238073630872], [141.44552825199764, 38.76224419845371], [141.44555657165395, 38.762221984595506], [141.44557120930529, 38.76220761528716], [141.44571509926928, 38.76206638104859], [141.44570025389257, 38.7620227827359], [141.44567347960356, 38.76194414910785], [141.44563375543638, 38.76182746751842], [141.4454744949506, 38.761903985581995], [141.44546514046797, 38.76191182007417], [141.44536767455554, 38.761993444910274], [141.44527613956922, 38.76204578848532], [141.44513910595856, 38.762083055014216], [141.44509559219415, 38.762107714941486], [141.44506569987715, 38.76211487762693], [141.4450036129, 38.76212975465748], [141.44490285396637, 38.762182641702026], [141.44484695386964, 38.762256564001085], [141.4447767689002, 38.762294813652076], [141.4446888261937, 38.762378534022496], [141.44453461525646, 38.76251728496231], [141.44446515624907, 38.76254356679826], [141.4442672084078, 38.76252309648496], [141.44410510155154, 38.7625063321987], [141.44386893941, 38.76244922437002], [141.44378979280765, 38.76243106140642], [141.44365055483655, 38.76243125703405], [141.44350465764123, 38.76245612662808], [141.44340930446586, 38.7624940654115], [141.4433655707782, 38.762531780653894], [141.44334220697854, 38.762551928500024], [141.4432523516358, 38.762611252638685], [141.4429325644339, 38.76274526185093], [141.44279057825787, 38.762775506492844], [141.44264737199816, 38.76284211457787], [141.44263326212797, 38.7628486772521], [141.44245039164431, 38.762915314386966], [141.44234245298946, 38.76298484006226], [141.442234864035, 38.76311313793781], [141.44209159313758, 38.76313043361354], [141.4419995480789, 38.76310829162081], [141.44194284426942, 38.7631029383165], [141.44184336194158, 38.76319411294951], [141.44187420990139, 38.76319261902167], [141.4420089244668, 38.76318261133456], [141.44220950106157, 38.763198142998775], [141.44221176995373, 38.763198931170095], [141.4421430450063, 38.76321170795341], [141.44212805034505, 38.7632182922923], [141.44201973791397, 38.76326585409379], [141.4419196558403, 38.76338288657986], [141.4418824950755, 38.76344369200732], [141.44220406736937, 38.763415826537795], [141.4423861055678, 38.76344250119307], [141.44242308097665, 38.76344791925636], [141.44248941198072, 38.76339919212405], [141.44252730132692, 38.76337135891564], [141.44253501987785, 38.763403691296084], [141.4425430421155, 38.76340448280569], [141.44257361206422, 38.76340749819992], [141.4425686445313, 38.7633821793317], [141.44266817211883, 38.76337433355041], [141.44270504333875, 38.76337142693554], [141.44288730199005, 38.76335705867817], [141.4431606116901, 38.76338871368059], [141.4431656918349, 38.76337302969176], [141.44330760835274, 38.76329799266615], [141.44341652824485, 38.76329605392037], [141.44357751217686, 38.76329318739985], [141.44391025157725, 38.76343262822612], [141.44399963200408, 38.76346548791712], [141.4441395953907, 38.76351694245046], [141.44418675979986, 38.76353933083954], [141.444295368705, 38.76359088418808], [141.4445500340505, 38.76362234781214], [141.44461024622316, 38.76362978688199], [141.44494447350084, 38.76363038970631], [141.44503245136252, 38.76338474287298], [141.44503810388193, 38.76335595775776]]]}, "properties": {"SICHOSON": "205", "SICHOSON_N": "気仙沼市", "RINPAN": "B078", "JUNRINPAN": "ｲ", "KEYCODE": "000205@B078@01", "ADDDATE": "2022-09-28", "ADDTENANT": "04000F", "ADDUSER": "pasco01", "EDITDATE": null, "EDITTENANT": "", "EDITUSER": ""}}, {"type": "Feature", "geometry": {"type": "Polygon", "coordinates": [[[141.44576252039258, 38.76051060906319], [141.44570495971593, 38.76041959632525], [141.4455657325725, 38.76022130080934], [141.44549758957533, 38.76005923604887], [141.4454122450846, 38.75984326190184], [141.44534091049562, 38.759770852434954], [141.44528230506853, 38.75969614206823], [141.4452385916102, 38.75958406581683], [141.44525605197012, 38.75936108488033], [141.44525378797672, 38.75923879172173], [141.44528898702478, 38.75901946560606], [141.4454755084956, 38.75880791453398], [141.4455288490578, 38.75877955437789], [141.44556508833836, 38.7585905287055], [141.4455072540137, 38.75850363434268], [141.44527523682666, 38.75840502151911], [141.44501036242283, 38.75827841831701], [141.44491571018412, 38.7582251844465], [141.44489100571252, 38.758074816171124], [141.44488183556675, 38.75801899445948], [141.4448593376221, 38.75788205953307], [141.44478361541692, 38.75756887332732], [141.44473715607757, 38.75751095479508], [141.44450223751068, 38.757259167961365], [141.44430649705936, 38.757092391205354], [141.4442771956604, 38.756839069460945], [141.44419371448618, 38.75660053522272], [141.4441261920249, 38.7563350078809], [141.44419154116494, 38.75604997553139], [141.44421874651363, 38.75593641826489], [141.444274755648, 38.755702625148224], [141.44408058199522, 38.755493133882766], [141.4440628108206, 38.75547396026301], [141.4439079998463, 38.75533949110905], [141.4438391976819, 38.75548490491508], [141.4436112846747, 38.75624646863488], [141.44356493513578, 38.75652320965626], [141.44352700646698, 38.75671648050079], [141.4434611541255, 38.756847922941894], [141.4433773494995, 38.756992218372496], [141.44324747751477, 38.75720346156608], [141.44317599792558, 38.75742940251092], [141.44297293803592, 38.75807125434725], [141.44267853145058, 38.758466668368754], [141.4422050966873, 38.758659746213105], [141.44228567993366, 38.75869938184668], [141.44230469807877, 38.7587087367175], [141.44226010041135, 38.758727850854385], [141.44241667014128, 38.75880639009433], [141.4423878289889, 38.75882311408608], [141.4425042634742, 38.758856767311386], [141.44253828940901, 38.758866597973], [141.44273670062168, 38.75891682348724], [141.4429751474723, 38.75892316462984], [141.44298300522874, 38.75892172185742], [141.44286954836346, 38.758907166896584], [141.44285799511454, 38.75886764827883], [141.44290033844476, 38.758873525591355], [141.44320064910082, 38.75883920260368], [141.44344804084625, 38.75878424539677], [141.44373449944095, 38.758683930969944], [141.44389368622234, 38.758646505319035], [141.44384840596283, 38.75876883966706], [141.44379401086996, 38.75889769000221], [141.44370293105655, 38.75893493104591], [141.44369626708405, 38.7589348244056], [141.44367556633966, 38.75895732596318], [141.4435211677913, 38.75909679732341], [141.44348116204415, 38.759137375114406], [141.4434726827931, 38.759163256944355], [141.443465667634, 38.759194742783706], [141.44346872456242, 38.75922958231619], [141.4435063685368, 38.75928457351322], [141.44357269817831, 38.75933160510558], [141.44364032656242, 38.75935279141156], [141.44371794889886, 38.75936382739606], [141.4437955904379, 38.759377114556244], [141.44384015194564, 38.75938373759094], [141.44388189069159, 38.759399366249916], [141.4439251462047, 38.75942960843761], [141.4439757842316, 38.75949579274066], [141.44402785564773, 38.759564230768795], [141.444101488089, 38.75963372726563], [141.44426763434967, 38.75981315252644], [141.44441638161007, 38.759960020210215], [141.4445984279265, 38.76013384389694], [141.44459880031408, 38.76013420050414], [141.4447677945666, 38.76005623361624], [141.44489399729392, 38.76000656396469], [141.4449701015407, 38.76002997899651], [141.44506200480697, 38.760097192803286], [141.44514251339368, 38.760255996730855], [141.44521881730978, 38.760433044034954], [141.44515909559692, 38.76048664348309], [141.44509710677283, 38.76050031645884], [141.44505562465542, 38.760490998539964], [141.44499199994956, 38.76045901564902], [141.444929975064, 38.760464959979366], [141.44483524834598, 38.7604950120513], [141.44472701679462, 38.76054515789765], [141.44462774374395, 38.76072301757394], [141.44461603790904, 38.76077837909907], [141.4446189128889, 38.76082984999259], [141.44469363057908, 38.76088094512384], [141.4448252170835, 38.76103185422168], [141.44484020364644, 38.76107563479719], [141.44482952429652, 38.76125112389555], [141.4448656431694, 38.761368088599], [141.44490405063942, 38.76142235461191], [141.4451170367133, 38.76155090792443], [141.4453601601166, 38.761709402706046], [141.4455721214824, 38.76182906694816], [141.4454571602779, 38.761887112592014], [141.44545398083358, 38.7618897787637], [141.44546513931738, 38.7619118200802], [141.4454744949506, 38.761903985581995], [141.44563375543638, 38.76182746751842], [141.44564681364017, 38.76181705778198], [141.44563245494737, 38.76179417920301], [141.4453843526314, 38.76148181455616], [141.44535598805777, 38.761440011293466], [141.445367545679, 38.76136748850357], [141.44538570903973, 38.76121293561968], [141.44536913404957, 38.760983242035664], [141.4453999391593, 38.76088296919836], [141.44550569407, 38.76071842252986], [141.44576252039258, 38.76051060906319]]]}, "properties": {"SICHOSON": "205", "SICHOSON_N": "気仙沼市", "RINPAN": "B078", "JUNRINPAN": "ﾆ", "KEYCODE": "000205@B078@04", "ADDDATE": "2022-09-28", "ADDTENANT": "04000F", "ADDUSER": "pasco01", "EDITDATE": null, "EDITTENANT": "", "EDITUSER": ""}}, {"type": "Feature", "geometry": {"type": "Polygon", "coordinates": [[[141.4429325644339, 38.76274526185093], [141.4432523516358, 38.762611252638685], [141.44334220697854, 38.762551928500024], [141.4433655707782, 38.762531780653894], [141.44340930446586, 38.7624940654115], [141.44350465764123, 38.76245612662808], [141.44365055483655, 38.76243125703405], [141.44378979280765, 38.76243106140642], [141.44386893941, 38.76244922437002], [141.44410510155154, 38.7625063321987], [141.4442672084078, 38.76252309648496], [141.44446515624907, 38.76254356679826], [141.44453461525646, 38.76251728496231], [141.4446888261937, 38.762378534022496], [141.4447767689002, 38.762294813652076], [141.44484695386964, 38.762256564001085], [141.44490285396637, 38.762182641702026], [141.4450036129, 38.76212975465748], [141.44506569987715, 38.76211487762693], [141.44509559219415, 38.762107714941486], [141.44513910595856, 38.762083055014216], [141.44527613956922, 38.76204578848532], [141.44536767455554, 38.761993444910274], [141.44546513931738, 38.7619118200802], [141.44545398083358, 38.7618897787637], [141.4454571602779, 38.761887112592014], [141.4455721214824, 38.76182906694816], [141.4453601601166, 38.761709402706046], [141.4451170367133, 38.76155090792443], [141.44490405063942, 38.76142235461191], [141.4448656431694, 38.761368088599], [141.44482952429652, 38.76125112389555], [141.44484020364644, 38.76107563479719], [141.4448252170835, 38.76103185422168], [141.44469363057908, 38.76088094512384], [141.4446189128889, 38.76082984999259], [141.44461603790904, 38.76077837909907], [141.44462774374395, 38.76072301757394], [141.44472701679462, 38.76054515789765], [141.44483524834598, 38.7604950120513], [141.444929975064, 38.760464959979366], [141.44499199994956, 38.76045901564902], [141.44505562465542, 38.760490998539964], [141.44509710677283, 38.76050031645884], [141.44515909559692, 38.76048664348309], [141.44521881730978, 38.760433044034954], [141.44514251339368, 38.760255996730855], [141.44506200480697, 38.760097192803286], [141.4449701015407, 38.76002997899651], [141.44489399729392, 38.76000656396469], [141.4447677945666, 38.76005623361624], [141.44459880031408, 38.76013420050414], [141.4442844390642, 38.76031340979613], [141.44419869081506, 38.76038034375492], [141.4439795270312, 38.76050621287209], [141.44394657436416, 38.760517259687305], [141.4438676135513, 38.760543607928334], [141.44365146521744, 38.76056744375669], [141.44344326350458, 38.76062310673225], [141.443287038541, 38.76067514678754], [141.44331325600078, 38.76080159419071], [141.4434193993832, 38.76097874008401], [141.4434355383917, 38.76100567536935], [141.44339484710716, 38.76125938772548], [141.44324398339865, 38.761516029046874], [141.44308425143961, 38.76175653552622], [141.44297134446538, 38.762027562981785], [141.44289711424938, 38.76219673477492], [141.4427981646484, 38.762263675283094], [141.44262962646988, 38.76233862976344], [141.4426099739531, 38.76238469206606], [141.44246988975377, 38.76271301681037], [141.4424892151906, 38.76276379841081], [141.44258763830229, 38.76267718275057], [141.44262070075771, 38.7627684769573], [141.44263946783468, 38.76282029206197], [141.44264737199816, 38.76284211457787], [141.44279057825787, 38.762775506492844], [141.4429325644339, 38.76274526185093]]]}, "properties": {"SICHOSON": "205", "SICHOSON_N": "気仙沼市", "RINPAN": "B078", "JUNRINPAN": "ﾊ", "KEYCODE": "000205@B078@03", "ADDDATE": "2022-09-28", "ADDTENANT": "04000F", "ADDUSER": "pasco01", "EDITDATE": null, "EDITTENANT": "", "EDITUSER": ""}}, {"type": "Feature", "geometry": {"type": "Polygon", "coordinates": [[[141.44128471523226, 38.763580178026], [141.44139991844744, 38.76347305739485], [141.44142757112797, 38.763474679272775], [141.44152158522735, 38.76348339720277], [141.4416074853598, 38.76347157192911], [141.44171798590097, 38.763463726605046], [141.44187433483498, 38.76344439935238], [141.4418824950755, 38.76344369200732], [141.4419196558403, 38.76338288657986], [141.44201973791397, 38.76326585409379], [141.44212805034505, 38.7632182922923], [141.4421430450063, 38.76321170795341], [141.44221176995373, 38.763198931170095], [141.44220950106157, 38.763198142998775], [141.4420089244668, 38.76318261133456], [141.44187420990139, 38.76319261902167], [141.44184336194158, 38.76319411294951], [141.44194284426942, 38.7631029383165], [141.4419995480789, 38.76310829162081], [141.44209159313758, 38.76313043361354], [141.442234864035, 38.76311313793781], [141.44234245298946, 38.76298484006226], [141.44245039164431, 38.762915314386966], [141.44263326212797, 38.7628486772521], [141.44264737199816, 38.76284211457787], [141.44263946783468, 38.76282029206197], [141.44262070075771, 38.7627684769573], [141.44258763830229, 38.76267718275057], [141.4424892151906, 38.76276379841081], [141.44246988975377, 38.76271301681037], [141.4426099739531, 38.76238469206606], [141.44262962646988, 38.76233862976344], [141.44279816350544, 38.76226367618995], [141.44289711424938, 38.76219673477492], [141.44297134446538, 38.762027562981785], [141.44308425143961, 38.76175653552622], [141.44324398339865, 38.761516029046874], [141.44339484710716, 38.76125938772548], [141.4434355383917, 38.76100567536935], [141.4434193993832, 38.76097874008401], [141.44331325600078, 38.76080159419071], [141.443287038541, 38.76067514678754], [141.44344326350458, 38.76062310673225], [141.44365146521744, 38.76056744375669], [141.4438676124008, 38.760543607934345], [141.44394657436416, 38.760517259687305], [141.4439795270312, 38.76050621287209], [141.44419869081506, 38.76038034375492], [141.4442844390642, 38.76031340979613], [141.44459880031408, 38.76013420050414], [141.4445984267759, 38.760133843902956], [141.44441638161007, 38.759960020210215], [141.44426763434967, 38.75981315252644], [141.444101488089, 38.75963372726563], [141.44402785564773, 38.759564230768795], [141.4439757842316, 38.75949579274066], [141.4439251462047, 38.75942960843761], [141.44388189069159, 38.759399366249916], [141.44384015194564, 38.75938373759094], [141.4437955904379, 38.759377114556244], [141.44371794889886, 38.75936382739606], [141.44364032656242, 38.75935279141156], [141.44357269817831, 38.75933160510558], [141.4435063685368, 38.75928457351322], [141.44346872456242, 38.75922958231619], [141.443465667634, 38.759194742783706], [141.4434726827931, 38.759163256944355], [141.44348116204415, 38.759137375114406], [141.4435211677913, 38.75909679732341], [141.44367556633966, 38.75895732596318], [141.44369626708405, 38.7589348244056], [141.44370293105655, 38.75893493104591], [141.44379401086996, 38.75889769000221], [141.44384840596283, 38.75876883966706], [141.44389368622234, 38.758646505319035], [141.44373449944095, 38.758683930969944], [141.44344804084625, 38.75878424539677], [141.44320064910082, 38.75883920260368], [141.44290033844476, 38.758873525591355], [141.44285799511454, 38.75886764827883], [141.44286954836346, 38.758907166896584], [141.44298300522874, 38.75892172185742], [141.4429751474723, 38.75892316462984], [141.44273670062168, 38.75891682348724], [141.44253828940901, 38.758866597973], [141.4425042634742, 38.758856767311386], [141.4423878289889, 38.75882311408608], [141.44241667014128, 38.75880639009433], [141.4421597881778, 38.75867753159614], [141.44214009316855, 38.75868167828566], [141.44202807574445, 38.75870526236095], [141.4418681622221, 38.758871444679414], [141.4416121214248, 38.758985262766615], [141.4415359587459, 38.7591706472745], [141.44150261747706, 38.75914930206811], [141.4415564987364, 38.758994380962335], [141.44147748883987, 38.75895384656065], [141.44124996709274, 38.75885029249237], [141.44113997878065, 38.758798325404385], [141.44110352013695, 38.75878109985396], [141.4410065932379, 38.758739006960944], [141.44084742299356, 38.758669881948556], [141.4408288381982, 38.75866181106088], [141.440814094389, 38.75865540757726], [141.44075928569563, 38.75863294491147], [141.44070320667748, 38.75873263891473], [141.44069414430234, 38.75874875070554], [141.44070097811007, 38.75885862397045], [141.4407571639261, 38.75886014999203], [141.44075720252007, 38.758860630867595], [141.44074896242293, 38.758948907012325], [141.4407475488307, 38.758964030418326], [141.44074088431955, 38.75909552315018], [141.4407524874403, 38.75915571718092], [141.44074570840488, 38.75924383888282], [141.44074501451993, 38.759243422673336], [141.4407400199339, 38.759305470506625], [141.44081461466288, 38.75941423484852], [141.44089217470494, 38.759451755641145], [141.44096234847626, 38.75953003958051], [141.44096907815927, 38.759537074791304], [141.44077424789546, 38.75943685882438], [141.44082304921105, 38.75956224351906], [141.44084813542804, 38.75978205587342], [141.4408667620972, 38.759945255539044], [141.44089448030425, 38.7602044510689], [141.44093731882998, 38.760339479203445], [141.44095166377116, 38.7603846924392], [141.44105611216565, 38.76084950481541], [141.44110995067317, 38.760688199559326], [141.44113940274846, 38.76062265070557], [141.4412417872434, 38.76055921800696], [141.44126307645988, 38.760532970618776], [141.44128849548173, 38.76056045522797], [141.44125860079774, 38.76059076985981], [141.44127359286188, 38.76063275449666], [141.44132457475354, 38.76067184925064], [141.4413474242472, 38.76078553998613], [141.44132030825872, 38.76089043667776], [141.44130084120465, 38.76108587818932], [141.44135490741667, 38.761169347396724], [141.4413953256961, 38.761231745466084], [141.44137786419623, 38.76125267392076], [141.44140566239383, 38.76129730359595], [141.44150956831524, 38.76141167164704], [141.4415394965644, 38.76147271345121], [141.44149625491352, 38.76156884733206], [141.44141701034744, 38.761670465751315], [141.44136847860233, 38.76172222218091], [141.44126585737203, 38.76180946676637], [141.44138119817168, 38.761827217933345], [141.44141254936645, 38.761885222666066], [141.4414053758342, 38.76189140496521], [141.44137446977135, 38.761929510383965], [141.4413384281221, 38.76197395865724], [141.4412867403129, 38.76203769530245], [141.44120251809812, 38.762171554425876], [141.44110422258888, 38.762377368765215], [141.44090299368207, 38.76270470690012], [141.4406920539513, 38.76312084190612], [141.44067297807308, 38.763164651359965], [141.44063711732647, 38.76324698994325], [141.44067866859865, 38.76332854700226], [141.4406920420643, 38.76335480154023], [141.44072337839148, 38.763416330804944], [141.44079904701624, 38.76351566526826], [141.44081143952425, 38.7635319340101], [141.44087916065894, 38.76358688679743], [141.44093384202424, 38.763611520285096], [141.44104174857696, 38.76365853441923], [141.44112513874933, 38.763683118540385], [141.4411600312441, 38.763683761401545], [141.44117305198196, 38.763675464949216], [141.44126055302235, 38.76361970867115], [141.44128471523226, 38.763580178026]]]}, "properties": {"SICHOSON": "205", "SICHOSON_N": "気仙沼市", "RINPAN": "B078", "JUNRINPAN": "ﾛ", "KEYCODE": "000205@B078@02", "ADDDATE": "2022-09-28", "ADDTENANT": "04000F", "ADDUSER": "pasco01", "EDITDATE": null, "EDITTENANT": "", "EDITUSER": ""}}, {"type": "Feature", "geometry": {"type": "Polygon", "coordinates": [[[141.4371675271887, 38.75808262451585], [141.43717206879685, 38.75778595537926], [141.43716910359385, 38.757773508660435], [141.4371566201313, 38.75772110340528], [141.43712688697045, 38.757596280773605], [141.43711766255606, 38.75738089813561], [141.4370698064487, 38.757115472291794], [141.43701507444376, 38.75691472093161], [141.43703948433333, 38.75657679637276], [141.43713329769807, 38.75638940370858], [141.43705133196892, 38.7560834066563], [141.43707859154839, 38.755798358705235], [141.4373356195557, 38.75535303507634], [141.4374535719279, 38.755112797166674], [141.437532013111, 38.75490924050562], [141.43755300683006, 38.75463181930534], [141.43757411694904, 38.7545158716367], [141.43749215266465, 38.754527042966515], [141.43708043287268, 38.75457871040147], [141.43691205521975, 38.754587291632724], [141.436692685317, 38.75459846916284], [141.43648292807592, 38.754589840108714], [141.43642593392835, 38.7545189204496], [141.4364337585903, 38.754435930407006], [141.43640612183484, 38.75433500728443], [141.43647744982712, 38.754206162074055], [141.43630325779057, 38.75412101294568], [141.43621064127615, 38.75411195653434], [141.43611728070016, 38.75415915651437], [141.43603673793746, 38.75428256619079], [141.43596868296288, 38.7544430966635], [141.4359827657772, 38.75451539454665], [141.43606492898675, 38.75459419807803], [141.43593072060781, 38.7549339273956], [141.43585493249145, 38.75491044444369], [141.43573404507583, 38.7548691769347], [141.4355956108, 38.75479076492873], [141.4355672407705, 38.754834937715266], [141.43549851702807, 38.754892372324015], [141.43533203493124, 38.75492524759264], [141.43521739104486, 38.75499062115994], [141.43516161450356, 38.755052528496826], [141.43515331676082, 38.75513457945321], [141.43517371896098, 38.75521320338825], [141.4351710549878, 38.75526602741456], [141.43513387318546, 38.75530766801168], [141.4350722291207, 38.755338120226725], [141.43497620062348, 38.75539110053964], [141.4349046048443, 38.75544628834005], [141.43485312942886, 38.75550818329992], [141.43479468167442, 38.75562066318231], [141.43475346530283, 38.755734233640915], [141.43471492258746, 38.75579610703797], [141.43465912495287, 38.75585014134053], [141.43460486714136, 38.75593563586208], [141.43457359057885, 38.756018850005994], [141.43455103847216, 38.75613689190283], [141.43454825015283, 38.756151500699225], [141.43452704576364, 38.75623805938358], [141.4344869647643, 38.75627296790061], [141.43443389821576, 38.75629328566875], [141.4344142013093, 38.756298828350936], [141.43440546166704, 38.75630128768549], [141.43433347269269, 38.75632154956222], [141.43429192191692, 38.75634859177168], [141.43427498144507, 38.756425038492885], [141.43427101168206, 38.75651157067936], [141.43422825740865, 38.7565981770354], [141.4341896823575, 38.756652185630344], [141.4341105365596, 38.756718838665456], [141.43411128084804, 38.756719098801284], [141.43402285738037, 38.75690756764917], [141.4340207560328, 38.75691204597245], [141.43401856878674, 38.75691670851917], [141.43402162183096, 38.75691760543279], [141.43395943756875, 38.75703112208828], [141.4338040699218, 38.75731471850461], [141.4337982742069, 38.75731797527437], [141.43379747716264, 38.75731842260792], [141.43371427572546, 38.75736516847249], [141.43356948560495, 38.75742249713811], [141.4334404874758, 38.757481969749264], [141.43344367210392, 38.757481266018004], [141.43349286439837, 38.75747039102351], [141.43350753342455, 38.757467148165404], [141.4335833063216, 38.75746440593212], [141.43357812028174, 38.75746682623487], [141.4334547538191, 38.75750524402064], [141.43334582135623, 38.75756499187594], [141.4332937028655, 38.75759989060211], [141.4332398234707, 38.75763596860165], [141.43319550371882, 38.75769110543561], [141.43315134362456, 38.75778333115835], [141.4331817237099, 38.757803308386094], [141.43325593223844, 38.75785210811905], [141.4332704171875, 38.75786163728073], [141.4333076487623, 38.75788612070448], [141.43331837247865, 38.75789317369601], [141.43332078629373, 38.75789467480401], [141.43335612488653, 38.75791664633242], [141.43345154055316, 38.75797596669493], [141.43357504180747, 38.757892556773754], [141.43364082314778, 38.75782686012803], [141.43370318458992, 38.75792290463968], [141.4339474533215, 38.75808511654864], [141.43402223663955, 38.75814803431804], [141.43410229704307, 38.75821539153711], [141.43429203180287, 38.75837780191988], [141.4342621193696, 38.758418594945894], [141.43425862020624, 38.75842336784349], [141.43420283477107, 38.758499446672815], [141.4341407345218, 38.75858413622727], [141.43413978026024, 38.75873009552456], [141.43413957901006, 38.75876084670063], [141.43413877888065, 38.758883197330825], [141.43423961654403, 38.75896277904957], [141.4343135596729, 38.75902113521967], [141.4345258744185, 38.7590947272855], [141.43467000177773, 38.75918982273331], [141.43463562909406, 38.759296241734425], [141.43462554508832, 38.759329950026206], [141.4345596677669, 38.75955018847299], [141.4345242405062, 38.75974077416234], [141.43451434865614, 38.75986596790442], [141.43458634560199, 38.759924947407086], [141.43462528862113, 38.75995684854503], [141.43518162634803, 38.75974438010933], [141.43522767303648, 38.759726794525356], [141.4354631833569, 38.75960401788423], [141.43553690790418, 38.75956689339174], [141.43561210400756, 38.75950170840382], [141.4357543122544, 38.759470226299534], [141.43591894897156, 38.75939071897448], [141.43601468983235, 38.75937234804789], [141.43609297699098, 38.759341910420424], [141.43611259334799, 38.759306192504255], [141.43631448047753, 38.75921500794241], [141.43652413516196, 38.7590023607606], [141.43667733966424, 38.75884970670275], [141.43681334020425, 38.758654457017734], [141.43703477106956, 38.758490657521484], [141.43717029423306, 38.75837003074789], [141.4371675271887, 38.75808262451585]]]}, "properties": {"SICHOSON": "205", "SICHOSON_N": "気仙沼市", "RINPAN": "B079", "JUNRINPAN": "ｲ", "KEYCODE": "000205@B079@01", "ADDDATE": "2022-09-28", "ADDTENANT": "04000F", "ADDUSER": "pasco01", "EDITDATE": null, "EDITTENANT": "", "EDITUSER": ""}}, {"type": "Feature", "geometry": {"type": "Polygon", "coordinates": [[[141.4334815707186, 38.76668396411933], [141.43339985768674, 38.7665339952987], [141.43343699085, 38.766535468587605], [141.43342384204817, 38.76651600839345], [141.43328997517435, 38.76631788348233], [141.43324713043884, 38.76620969472204], [141.43321305990978, 38.766158253062706], [141.4331266391211, 38.766027770140774], [141.4331750737775, 38.76590660491011], [141.43319187648555, 38.765864572296316], [141.43315180162267, 38.76575648639118], [141.43312087323056, 38.76567307397677], [141.4331381768182, 38.7656053823285], [141.43329913984294, 38.76541069346055], [141.43332913471215, 38.76528384719983], [141.43342019112146, 38.76528273017681], [141.43355151069417, 38.76528111803401], [141.43360662232297, 38.76522513381423], [141.4336304606581, 38.76519788014946], [141.43354259765442, 38.76526287752341], [141.43342606416806, 38.765259092176805], [141.4333083785376, 38.76525526938567], [141.43328515120555, 38.76527237041175], [141.43337975088673, 38.765185975819065], [141.43348356035472, 38.76506880086591], [141.43353665959262, 38.76500886579343], [141.43370160819592, 38.76469276083554], [141.43373638034956, 38.76443171121431], [141.4338251587047, 38.764478532981826], [141.43387899581506, 38.764508766840535], [141.4339568855555, 38.76446020856905], [141.43408377585607, 38.76438615002197], [141.43407713625595, 38.764320396584225], [141.43402339513216, 38.76430160363817], [141.43395651422225, 38.764313388667965], [141.43380029979932, 38.76427319358689], [141.43376812711438, 38.76418013196565], [141.43377443028209, 38.7640926482891], [141.43385325631252, 38.76405315274275], [141.43404009693177, 38.76404672869926], [141.43377408588682, 38.76396176500189], [141.4336040125217, 38.76392981103188], [141.43353919299565, 38.76392665566878], [141.43346624412425, 38.763923104178694], [141.43340506356506, 38.763907511272464], [141.4331409724682, 38.76384020184476], [141.43312019422913, 38.763834905831004], [141.43294392815437, 38.76378998011563], [141.4328743078928, 38.76384082680454], [141.43253317636822, 38.763939103065674], [141.432027750215, 38.76399694660357], [141.43183782843758, 38.76397008627163], [141.43173196341735, 38.763980162464684], [141.43164110612832, 38.76396441967352], [141.43152973511485, 38.76397118696817], [141.43140831039855, 38.76401376017075], [141.43106249313274, 38.76404380911259], [141.43105195489787, 38.76409589757798], [141.4310157844303, 38.76409780325194], [141.4306854982454, 38.76410396110327], [141.4302446377563, 38.76411367465159], [141.43009968199465, 38.76413526239379], [141.43002365778386, 38.764158983622536], [141.4299692906299, 38.764211890329136], [141.42993078284348, 38.76428161677589], [141.42989811080218, 38.764373817683634], [141.42987843308978, 38.764482852976016], [141.42987991993232, 38.764505259558355], [141.4298860602031, 38.764597460549744], [141.42989549189556, 38.76468405020573], [141.42991287061128, 38.764843506608734], [141.4299626198258, 38.76508052664439], [141.43002379448953, 38.7653006776926], [141.4300266534307, 38.7653082125634], [141.43009246801432, 38.7654818007513], [141.43028368038532, 38.765986136706516], [141.4303154582157, 38.76606995454206], [141.43034438468825, 38.76615943551815], [141.43066178493245, 38.76710817967443], [141.43066975088496, 38.76713199454724], [141.43069052021198, 38.76719408588876], [141.43072854244033, 38.76727853833521], [141.43075617675692, 38.76733989998659], [141.43076266043042, 38.767354308121476], [141.43085287375402, 38.76750439297691], [141.43085484582818, 38.76750767114549], [141.43087341814692, 38.76753107142071], [141.43093204145623, 38.767604941109134], [141.43100408165918, 38.76767306654588], [141.43108706904115, 38.767726452332596], [141.43142249015358, 38.767924389007426], [141.43167866225738, 38.76810033611872], [141.43184678130953, 38.768236381827926], [141.4319231873119, 38.76832841197993], [141.4319850629683, 38.76840294103639], [141.43204278955454, 38.76847517512399], [141.43217002099942, 38.768634376382614], [141.43225326760003, 38.76875857719085], [141.4326185871528, 38.768409171649544], [141.43280559712667, 38.768240107329284], [141.4328788627374, 38.76817387732019], [141.43295108857853, 38.76810566073051], [141.4330608420904, 38.76800198257154], [141.43323739128968, 38.76785934029713], [141.43348958718218, 38.767672409836194], [141.43367912248064, 38.76754288834276], [141.43373458057815, 38.76750498317271], [141.433763323363, 38.76748534024257], [141.4338421541043, 38.767425647626645], [141.43386811196405, 38.76740599195298], [141.4337115244357, 38.76711640607521], [141.4334815707186, 38.76668396411933]]]}, "properties": {"SICHOSON": "205", "SICHOSON_N": "気仙沼市", "RINPAN": "B093", "JUNRINPAN": "ｲ", "KEYCODE": "000205@B093@01", "ADDDATE": "2022-09-28", "ADDTENANT": "04000F", "ADDUSER": "pasco01", "EDITDATE": null, "EDITTENANT": "", "EDITUSER": ""}}, {"type": "Feature", "geometry": {"type": "Polygon", "coordinates": [[[141.43137173066026, 38.763136784707044], [141.43142332050863, 38.76311529572492], [141.43146332228707, 38.763115197326655], [141.4316025720156, 38.763081100301086], [141.4316659269326, 38.76309898300061], [141.43177058152529, 38.763104911094345], [141.43202404357118, 38.763008372630644], [141.43202630573265, 38.76300768087017], [141.4320871990947, 38.762891692695106], [141.43231157826023, 38.76271572506061], [141.4326856018363, 38.762471842683354], [141.43270279422134, 38.762460632115776], [141.43269473498606, 38.762429808906866], [141.43287271516155, 38.762334716901215], [141.43297937438896, 38.7621319565638], [141.43305208964478, 38.76199372187147], [141.43307047087083, 38.76195877837256], [141.43301840366212, 38.7617689664502], [141.43303580731887, 38.761644590171514], [141.43322796134407, 38.76133791359325], [141.43328816388677, 38.761285893413074], [141.43339420554207, 38.76108802677894], [141.43351351469636, 38.7610194509318], [141.43377781194047, 38.76089576140888], [141.43416066827783, 38.76093949618134], [141.43447949089864, 38.76097750506622], [141.4346556094995, 38.7610287427103], [141.43474718374043, 38.76097070458082], [141.4349612941876, 38.76090249526315], [141.43519169807772, 38.76084948077397], [141.43518966009927, 38.76074274463423], [141.43518871854542, 38.76069338963656], [141.43516286610938, 38.760529236176474], [141.4351543077738, 38.760414294049625], [141.43515166981172, 38.76037886025209], [141.43514306241428, 38.76026327784007], [141.43498967631785, 38.76016717211379], [141.43495264704475, 38.76014397106879], [141.4348908386972, 38.76011698227088], [141.43474077975984, 38.76005145877492], [141.43462528862113, 38.75995684854503], [141.43458634560199, 38.759924947407086], [141.43451434865614, 38.75986596790442], [141.4345242405062, 38.75974077416234], [141.4345596677669, 38.75955018847299], [141.43462554508832, 38.759329950026206], [141.43463562909406, 38.759296241734425], [141.43467000177773, 38.75918982273331], [141.4345258744185, 38.7590947272855], [141.4343135596729, 38.75902113521967], [141.43423961654403, 38.75896277904957], [141.43413877888065, 38.758883197330825], [141.43413957901006, 38.75876084670063], [141.43413978026024, 38.75873009552456], [141.4341407345218, 38.75858413622727], [141.43420283477107, 38.758499446672815], [141.43425862020624, 38.75842336784349], [141.4342621193696, 38.758418594945894], [141.43429203180287, 38.75837780191988], [141.43410229704307, 38.75821539153711], [141.43402223663955, 38.75814803431804], [141.4339474533215, 38.75808511654864], [141.43370318458992, 38.75792290463968], [141.43364082314778, 38.75782686012803], [141.43357504180747, 38.757892556773754], [141.43345154055316, 38.75797596669493], [141.43335612488653, 38.75791664633242], [141.43332078629373, 38.75789467480401], [141.43331837247865, 38.75789317369601], [141.4333076487623, 38.75788612070448], [141.4332704171875, 38.75786163728073], [141.43325593223844, 38.75785210811905], [141.4331817237099, 38.757803308386094], [141.43315134362456, 38.75778333115835], [141.43313448093338, 38.757878876211834], [141.43310600826544, 38.7579441027587], [141.4331005455076, 38.75794989649896], [141.43307310505267, 38.757978991971136], [141.43301612201685, 38.758015465066954], [141.4330114984689, 38.75801842569645], [141.43294564084957, 38.758072483755605], [141.43289129079662, 38.7581321313421], [141.43286140452636, 38.75820185152072], [141.43285264264938, 38.7582396438366], [141.43284445693624, 38.758274928716695], [141.43283044194544, 38.75836709878649], [141.43283223051995, 38.75845587251454], [141.43284350227623, 38.75860406457591], [141.4328451300281, 38.75862547943674], [141.43285188955485, 38.75871429973489], [141.43284231908356, 38.75879600206175], [141.43282872515772, 38.75880579871613], [141.43283222635304, 38.75883701197736], [141.43280319749195, 38.758901710669164], [141.43273954224907, 38.75893086747055], [141.4327104818775, 38.7589546739174], [141.43268624650938, 38.758989969013406], [141.4325793918262, 38.759090488867514], [141.432551603826, 38.75917482688168], [141.43253775068516, 38.75918679868284], [141.43243374754786, 38.75924888975537], [141.43241882974672, 38.759257794958316], [141.43226984747616, 38.75935693676924], [141.4320750372653, 38.7594921145986], [141.43194618073915, 38.759595711409865], [141.43180022948633, 38.75973417904127], [141.4316045688875, 38.76001881747964], [141.4314774438075, 38.760197701437775], [141.43139047647654, 38.760363036674775], [141.43133070144455, 38.76050247622975], [141.43130398687208, 38.76065197984497], [141.43127440931124, 38.76080036387463], [141.43125038422102, 38.760902656900555], [141.43121770816282, 38.760992615922106], [141.43117532837175, 38.76106694004549], [141.43113496698152, 38.76113771332551], [141.4310906913039, 38.7612166506696], [141.4309381395929, 38.76148864236521], [141.43049890998634, 38.7622894591578], [141.4303350246002, 38.76261448845806], [141.4302401870973, 38.76296973124633], [141.43018223879076, 38.76321142821644], [141.43016428307325, 38.76339462336094], [141.43019836203288, 38.76366089423156], [141.43023230346074, 38.76389681475728], [141.4302446377563, 38.76411367465159], [141.4306854982454, 38.76410396110327], [141.4310157844303, 38.76409780325194], [141.43101840862823, 38.76395154096371], [141.43103583997717, 38.763755392676366], [141.43104279466726, 38.763677196690615], [141.43107346806732, 38.76350288043418], [141.4311315685896, 38.763355469543065], [141.43115281429488, 38.763298091218395], [141.4312084632752, 38.76322937576759], [141.4312986798612, 38.763177437315726], [141.43137173066026, 38.763136784707044]]]}, "properties": {"SICHOSON": "205", "SICHOSON_N": "気仙沼市", "RINPAN": "B093", "JUNRINPAN": "ﾆ", "KEYCODE": "000205@B093@04", "ADDDATE": "2022-09-28", "ADDTENANT": "04000F", "ADDUSER": "pasco01", "EDITDATE": null, "EDITTENANT": "", "EDITUSER": ""}}, {"type": "Feature", "geometry": {"type": "Polygon", "coordinates": [[[141.43152973511485, 38.76397118696817], [141.43164110612832, 38.76396441967352], [141.43173196341735, 38.763980162464684], [141.43183782843758, 38.76397008627163], [141.432027750215, 38.76399694660357], [141.43253317636822, 38.763939103065674], [141.4328743078928, 38.76384082680454], [141.43294392815437, 38.76378998011563], [141.43312019422913, 38.763834905831004], [141.4331409724682, 38.76384020184476], [141.43340506356506, 38.763907511272464], [141.43346624412425, 38.763923104178694], [141.43353919299565, 38.76392665566878], [141.43346142511257, 38.763699332257765], [141.43341774680928, 38.76354545098602], [141.43337270777272, 38.76341180258686], [141.43335788796696, 38.763344428946944], [141.4333491828849, 38.76326799788462], [141.4333761397217, 38.76318368112159], [141.433433186748, 38.76308020015513], [141.43350175162354, 38.76298344462811], [141.43360329145335, 38.76287539280297], [141.4337340987621, 38.76275907982279], [141.4337349713523, 38.762758303276534], [141.43383952219432, 38.76268283903135], [141.43396847247652, 38.762603961054296], [141.4341289497161, 38.76250704719763], [141.43432676859908, 38.76241344558244], [141.43433234159787, 38.76227097339961], [141.43454323470516, 38.76218646895531], [141.43472875159438, 38.76216042291312], [141.4346645574913, 38.7620780513789], [141.43452126247712, 38.76196258705746], [141.43450271688968, 38.76192931163058], [141.43450160345262, 38.761889176341356], [141.43456394772466, 38.761852342531554], [141.43463798747715, 38.76182434031772], [141.43473361797913, 38.761798290005885], [141.43482931334097, 38.761774491510536], [141.43495983986554, 38.76176594502052], [141.4350734846378, 38.761772242800824], [141.43514557537588, 38.76178360934242], [141.43520486549866, 38.76179965522147], [141.4352586364263, 38.76182588163856], [141.4353125792254, 38.761858864731366], [141.43535661527773, 38.76189871767347], [141.4353776873835, 38.76193889699342], [141.43539143985066, 38.761973545604455], [141.4354987984163, 38.76195745216581], [141.43560784113097, 38.76195144804104], [141.43562810182215, 38.76195791113471], [141.43564997123207, 38.76197109559263], [141.43566193287904, 38.76199116887061], [141.43566374489268, 38.76200688008573], [141.43564999506182, 38.762032922738875], [141.43562636038007, 38.76206584598531], [141.43560996882385, 38.762102038174504], [141.43558529082142, 38.76215184048225], [141.43556636528604, 38.762201558190135], [141.4355433274422, 38.762260324914294], [141.43584068306316, 38.76225725101414], [141.43616880981824, 38.762236751169944], [141.4361829996465, 38.76206842122382], [141.43619004807002, 38.76198481909476], [141.43634193644576, 38.76157514802811], [141.43646110100866, 38.761498521365965], [141.43658308063388, 38.7614200854772], [141.43694676041665, 38.76109095006375], [141.43743018645043, 38.76091112101269], [141.43759343757606, 38.76084710663053], [141.43775766775363, 38.76052135997915], [141.43779380123678, 38.7604754799026], [141.43789492728496, 38.76035530047223], [141.43802579089336, 38.75994543859509], [141.4380448480455, 38.75987436686441], [141.43807439860075, 38.75976416016233], [141.43808739964197, 38.75971567177521], [141.43815548392976, 38.759590636089136], [141.43818133645294, 38.7595250345172], [141.43821763080464, 38.75927885824036], [141.43822388807715, 38.75913142196848], [141.43831854397982, 38.75895522215656], [141.43810411308272, 38.75882080171344], [141.43780427137304, 38.75863412044783], [141.4375704618061, 38.7585673571031], [141.43717029423306, 38.75837003074789], [141.43703477106956, 38.758490657521484], [141.43681334020425, 38.758654457017734], [141.43667733966424, 38.75884970670275], [141.43652413516196, 38.7590023607606], [141.43631448047753, 38.75921500794241], [141.43611259334799, 38.759306192504255], [141.43609297699098, 38.759341910420424], [141.43601468983235, 38.75937234804789], [141.43591894897156, 38.75939071897448], [141.4357543122544, 38.759470226299534], [141.43561210400756, 38.75950170840382], [141.43553690790418, 38.75956689339174], [141.4354631833569, 38.75960401788423], [141.43522767303648, 38.759726794525356], [141.43518162634803, 38.75974438010933], [141.43462528862113, 38.75995684854503], [141.43474077975984, 38.76005145877492], [141.4348908386972, 38.76011698227088], [141.43495264704475, 38.76014397106879], [141.43498967631785, 38.76016717211379], [141.43514306241428, 38.76026327784007], [141.43515166981172, 38.76037886025209], [141.4351543077738, 38.760414294049625], [141.43516286610938, 38.760529236176474], [141.43518871854542, 38.76069338963656], [141.43518966009927, 38.76074274463423], [141.43519169807772, 38.76084948077397], [141.4349612941876, 38.76090249526315], [141.43474718374043, 38.76097070458082], [141.4346556094995, 38.7610287427103], [141.43447949089864, 38.76097750506622], [141.43416066827783, 38.76093949618134], [141.43377781194047, 38.76089576140888], [141.43351351469636, 38.7610194509318], [141.43339420554207, 38.76108802677894], [141.43328816388677, 38.761285893413074], [141.43322796134407, 38.76133791359325], [141.43303580731887, 38.761644590171514], [141.43301840366212, 38.7617689664502], [141.43307047087083, 38.76195877837256], [141.43305208964478, 38.76199372187147], [141.43297937438896, 38.7621319565638], [141.43287271516155, 38.762334716901215], [141.43269473498606, 38.762429808906866], [141.43270279422134, 38.762460632115776], [141.4326856018363, 38.762471842683354], [141.43231157826023, 38.76271572506061], [141.4320871990947, 38.762891692695106], [141.43202630573265, 38.76300768087017], [141.43202404357118, 38.763008372630644], [141.43177058152529, 38.763104911094345], [141.4316659269326, 38.76309898300061], [141.4316025720156, 38.763081100301086], [141.43146332228707, 38.763115197326655], [141.43142332050863, 38.76311529572492], [141.43137173066026, 38.763136784707044], [141.4312986798612, 38.763177437315726], [141.4312084632752, 38.76322937576759], [141.43115281429488, 38.763298091218395], [141.4311315685896, 38.763355469543065], [141.43107346806732, 38.76350288043418], [141.43104279466726, 38.763677196690615], [141.43103583997717, 38.763755392676366], [141.43101840862823, 38.76395154096371], [141.4310157844303, 38.76409780325194], [141.43105195489787, 38.76409589757798], [141.43106249313274, 38.76404380911259], [141.43140831039855, 38.76401376017075], [141.43152973511485, 38.76397118696817]]]}, "properties": {"SICHOSON": "205", "SICHOSON_N": "気仙沼市", "RINPAN": "B093", "JUNRINPAN": "ﾊ", "KEYCODE": "000205@B093@03", "ADDDATE": "2022-09-28", "ADDTENANT": "04000F", "ADDUSER": "pasco01", "EDITDATE": null, "EDITTENANT": "", "EDITUSER": ""}}, {"type": "Feature", "geometry": {"type": "Polygon", "coordinates": [[[141.43481368550354, 38.76654190693247], [141.4348795072669, 38.76646926359157], [141.43492058514434, 38.766385242303805], [141.43498068079424, 38.766262322643215], [141.43499454238386, 38.76621096358021], [141.43501132781114, 38.76614877066698], [141.43503165068756, 38.76607345067885], [141.43506025745245, 38.76598278911164], [141.4351465115257, 38.76595316245489], [141.4351903479965, 38.76592007043082], [141.43521340222208, 38.765902665419006], [141.43508906355692, 38.765917373972435], [141.43512701082426, 38.76584853972419], [141.4352240866942, 38.76569779919408], [141.43528405341863, 38.76563101363281], [141.4353089059865, 38.76560332828404], [141.4353756567585, 38.76552897628665], [141.4354157679221, 38.76548217559241], [141.43543919768413, 38.765454847991535], [141.4355772537527, 38.76529377903552], [141.43568439102413, 38.765145264621644], [141.43573847731173, 38.76501818638035], [141.43579098174789, 38.76485627881622], [141.43581344279448, 38.76471913843556], [141.43581748169, 38.76465058774709], [141.4358014890368, 38.76460004011739], [141.4356964179608, 38.76453953821388], [141.4355278162269, 38.76442405877153], [141.43543291430242, 38.76435905383107], [141.4354215548248, 38.764350976403215], [141.4353339473055, 38.76441388103986], [141.43516797947368, 38.764377332581795], [141.43511327980534, 38.764365287341796], [141.43506355567482, 38.7643543371686], [141.43506690972427, 38.76419567119834], [141.4350677153716, 38.76415760620806], [141.43520060188763, 38.763888573573745], [141.43533459382476, 38.76361838194465], [141.43537471893478, 38.76350763593194], [141.43554178020455, 38.763078734886314], [141.43560152545444, 38.76287666345557], [141.43582847660937, 38.76256671331888], [141.4358612253315, 38.76252198642005], [141.4361577511325, 38.76236791851255], [141.43616880981824, 38.762236751169944], [141.43584068306316, 38.76225725101414], [141.4355433274422, 38.762260324914294], [141.43556636528604, 38.762201558190135], [141.43558529082142, 38.76215184048225], [141.43560996882385, 38.762102038174504], [141.43562636038007, 38.76206584598531], [141.43564999506182, 38.762032922738875], [141.43566374489268, 38.76200688008573], [141.43566193287904, 38.76199116887061], [141.43564997123207, 38.76197109559263], [141.43562810182215, 38.76195791113471], [141.43560784113097, 38.76195144804104], [141.4354987984163, 38.76195745216581], [141.43539143985066, 38.761973545604455], [141.4353776873835, 38.76193889699342], [141.43535661527773, 38.76189871767347], [141.4353125792254, 38.761858864731366], [141.4352586364263, 38.76182588163856], [141.43520486549866, 38.76179965522147], [141.43514557537588, 38.76178360934242], [141.4350734846378, 38.761772242800824], [141.43495983986554, 38.76176594502052], [141.43482931334097, 38.761774491510536], [141.43473361797913, 38.761798290005885], [141.43463798747715, 38.76182434031772], [141.43456394772466, 38.761852342531554], [141.43450160345262, 38.761889176341356], [141.43450271688968, 38.76192931163058], [141.43452126247712, 38.76196258705746], [141.4346645574913, 38.7620780513789], [141.43472875159438, 38.76216042291312], [141.43454323470516, 38.76218646895531], [141.43433234159787, 38.76227097339961], [141.43432676859908, 38.76241344558244], [141.4341289497161, 38.76250704719763], [141.43396847247652, 38.762603961054296], [141.43383952219432, 38.76268283903135], [141.4337349713523, 38.762758303276534], [141.4337340987621, 38.76275907982279], [141.43360329145335, 38.76287539280297], [141.43350175162354, 38.76298344462811], [141.433433186748, 38.76308020015513], [141.4333761397217, 38.76318368112159], [141.4333491828849, 38.76326799788462], [141.43335788796696, 38.763344428946944], [141.43337270777272, 38.76341180258686], [141.43341774680928, 38.76354545098602], [141.43346142511257, 38.763699332257765], [141.43353919299565, 38.76392665566878], [141.4336040125217, 38.76392981103188], [141.43377408588682, 38.76396176500189], [141.43404009693177, 38.76404672869926], [141.43385325631252, 38.76405315274275], [141.43377443028209, 38.7640926482891], [141.43376812711438, 38.76418013196565], [141.43380029979932, 38.76427319358689], [141.43395651422225, 38.764313388667965], [141.43402339513216, 38.76430160363817], [141.43407713625595, 38.764320396584225], [141.43408377585607, 38.76438615002197], [141.4339568855555, 38.76446020856905], [141.43387899581506, 38.764508766840535], [141.4338251587047, 38.764478532981826], [141.43373638034956, 38.76443171121431], [141.43370160819592, 38.76469276083554], [141.43353665959262, 38.76500886579343], [141.43348356035472, 38.76506880086591], [141.43337975088673, 38.765185975819065], [141.43328515120555, 38.76527237041175], [141.4333083785376, 38.76525526938567], [141.43342606416806, 38.765259092176805], [141.43354259765442, 38.76526287752341], [141.43363046181628, 38.765197881044415], [141.43360662232297, 38.76522513381423], [141.43355151069417, 38.76528111803401], [141.43342019112146, 38.76528273017681], [141.43332913471215, 38.76528384719983], [141.43329913984294, 38.76541069346055], [141.4331381768182, 38.7656053823285], [141.43312087323056, 38.76567307397677], [141.43315180162267, 38.76575648639118], [141.43319187648555, 38.765864572296316], [141.4331750737775, 38.76590660491011], [141.4331266391211, 38.766027770140774], [141.43321305990978, 38.766158253062706], [141.43324713043884, 38.76620969472204], [141.43328997517435, 38.76631788348233], [141.43342384204817, 38.76651600839345], [141.43343699085, 38.766535468587605], [141.43339985768674, 38.7665339952987], [141.4334815707186, 38.76668396411933], [141.4337115244357, 38.76711640607521], [141.43386811196405, 38.76740599195298], [141.43425626626725, 38.76711360470759], [141.43430337268524, 38.76706606664242], [141.4342840621722, 38.766983732645166], [141.43437570118758, 38.76696676611167], [141.43456398660854, 38.76679595277991], [141.4345754665744, 38.76679147845919], [141.43458916489112, 38.766777654093225], [141.43475510362228, 38.76660656802638], [141.43481368550354, 38.76654190693247]]]}, "properties": {"SICHOSON": "205", "SICHOSON_N": "気仙沼市", "RINPAN": "B093", "JUNRINPAN": "ﾛ", "KEYCODE": "000205@B093@02", "ADDDATE": "2022-09-28", "ADDTENANT": "04000F", "ADDUSER": "pasco01", "EDITDATE": null, "EDITTENANT": "", "EDITUSER": ""}}, {"type": "Feature", "geometry": {"type": "Polygon", "coordinates": [[[141.4373729487677, 38.769182124747566], [141.43737755293438, 38.76917284520632], [141.43741041381054, 38.7692197775044], [141.4374121315726, 38.76922110464592], [141.4374276236323, 38.76923209110591], [141.4374284861042, 38.769232702856826], [141.4374351296867, 38.76922768659479], [141.43752208589297, 38.769188323148136], [141.43753183812694, 38.76918390882072], [141.43757347454738, 38.76916506225692], [141.4375761855261, 38.76897391989117], [141.43757725824685, 38.768898235066345], [141.43757772406533, 38.76886546728223], [141.4376348299428, 38.76882153831162], [141.4378257688194, 38.76867464902573], [141.437875184394, 38.76863663441755], [141.437963413231, 38.76861182424604], [141.43808325157974, 38.76857812623166], [141.43808967336128, 38.768577655170056], [141.43832800038038, 38.76856018407263], [141.43845747684188, 38.76850329821995], [141.4385505429682, 38.76846240869663], [141.43869692398903, 38.76839809458584], [141.43930287793305, 38.76813185932046], [141.4395310087708, 38.76770046515095], [141.43961566765893, 38.767699471068084], [141.4398870163008, 38.76769628388309], [141.44005255887276, 38.767694339062295], [141.4401905200218, 38.76769271830263], [141.44041918056166, 38.76770494504147], [141.44048817261393, 38.76761058776309], [141.44054523578149, 38.76751918607862], [141.4405894312112, 38.767448396927996], [141.44107809724417, 38.767319371905856], [141.4411325716195, 38.767248468739055], [141.44113198566103, 38.76724789791917], [141.44111246858873, 38.76727357208655], [141.44053473667148, 38.76694630771249], [141.44041884831245, 38.7668805105055], [141.44043222213372, 38.76679431141149], [141.44023165977092, 38.766617256017774], [141.44016046196893, 38.76654216712147], [141.44001398880806, 38.76645192318006], [141.43998515691902, 38.766434159531805], [141.43974591059632, 38.76626942105017], [141.43970019190405, 38.766228781248], [141.43958618756895, 38.76612744050309], [141.439583541939, 38.76612538217814], [141.43947855542746, 38.766043693421224], [141.43938541636297, 38.76598575727575], [141.43936631312138, 38.76597387358734], [141.4393295966145, 38.765951034500944], [141.43932565446323, 38.76593840193272], [141.4392970942241, 38.76584687088245], [141.43926354368637, 38.765799987707155], [141.43921809121633, 38.76573647091722], [141.43921211170405, 38.765728114623286], [141.43921149452243, 38.76572793043744], [141.4390901642689, 38.76569166516884], [141.4390598438387, 38.765682602597835], [141.43893767852083, 38.76564608744684], [141.43891354630773, 38.765637128807235], [141.43882980622462, 38.765606043205615], [141.4388546657127, 38.76556844907553], [141.438589317731, 38.76545625633057], [141.43802292308212, 38.765888434555144], [141.4376620468512, 38.76615195575663], [141.43744571903147, 38.766289395983286], [141.43720792777714, 38.76644709152216], [141.4370002263791, 38.76658564039167], [141.43685706371278, 38.766700486541836], [141.43618811813937, 38.76710364695473], [141.43592660659618, 38.76735742418295], [141.43571655162103, 38.76758904488264], [141.43547243522212, 38.76785795647374], [141.435248786212, 38.76815931130957], [141.43499981909062, 38.76851027294473], [141.434812217394, 38.76882376552477], [141.4345499397696, 38.76927029714845], [141.43432983660765, 38.769633432102395], [141.43409785354254, 38.7699606830776], [141.4339428081249, 38.77023128574228], [141.43377520409007, 38.7705345370068], [141.43360981214536, 38.77090856859526], [141.43344241343135, 38.77122582804159], [141.43339451749227, 38.771316603498484], [141.43346084275268, 38.77138329816217], [141.4336399732467, 38.77156340121963], [141.4338068383147, 38.77171742409042], [141.4339242880318, 38.771817827455735], [141.43393605874263, 38.77182582993058], [141.43401432043638, 38.77187900273405], [141.4340275263307, 38.771887979793085], [141.4342585877358, 38.772044976494456], [141.43449123984507, 38.772167884789965], [141.43458654616168, 38.77221823082474], [141.43465155784475, 38.77214578012006], [141.43471426620974, 38.772075881740136], [141.43485672007077, 38.77196827607239], [141.43503346517696, 38.77184247589323], [141.43526768273657, 38.77171969472742], [141.4355484026029, 38.77151460241862], [141.43571842974256, 38.77137707920398], [141.43579614427844, 38.77131421091374], [141.43587545460832, 38.77124529838208], [141.43605908390597, 38.7710586790138], [141.4360718312517, 38.771044469301515], [141.4362047689369, 38.770896289934036], [141.43625774989133, 38.77083724346717], [141.43642895353855, 38.77059912067105], [141.43660940696122, 38.77036494081486], [141.43666121459057, 38.770297701218475], [141.43672718345698, 38.77020682210554], [141.4368013096936, 38.77010471087942], [141.4369214283534, 38.76992420176742], [141.4370715993246, 38.769733402275236], [141.43715347097657, 38.76958631531257], [141.4372040190658, 38.76949551559309], [141.4372112638735, 38.76948264047576], [141.43725511936034, 38.76940471209637], [141.4373090558686, 38.7693185163866], [141.43731685654902, 38.76930606180817], [141.4373729487677, 38.769182124747566]]]}, "properties": {"SICHOSON": "205", "SICHOSON_N": "気仙沼市", "RINPAN": "B094", "JUNRINPAN": "ｲ", "KEYCODE": "000205@B094@01", "ADDDATE": "2022-09-28", "ADDTENANT": "04000F", "ADDUSER": "pasco01", "EDITDATE": null, "EDITTENANT": "", "EDITUSER": ""}}, {"type": "Feature", "geometry": {"type": "Polygon", "coordinates": [[[141.43802292308212, 38.765888434555144], [141.438589317731, 38.76545625633057], [141.43908254271886, 38.7650798945088], [141.43985119808673, 38.76441676428507], [141.43975220939382, 38.76408093304973], [141.43967466446932, 38.76382193555464], [141.4396590575176, 38.76376980989306], [141.43965547119313, 38.763755025959554], [141.43960105704613, 38.76376179554376], [141.43945600998154, 38.76332442476246], [141.43944557071475, 38.76329294951741], [141.43936940634262, 38.76309680609162], [141.43933499830385, 38.76302647986742], [141.4392822916074, 38.76291875521878], [141.43929547215956, 38.76285791998254], [141.43931079449078, 38.76278720527933], [141.43931080889996, 38.76278714034046], [141.43931179547636, 38.762786107308685], [141.43929599596441, 38.76275523460641], [141.43932047351464, 38.76272459542002], [141.4393193769777, 38.76264800734712], [141.43935011024544, 38.76264236157274], [141.4392768918198, 38.76252518390989], [141.43912836540323, 38.76244343220552], [141.43889311521247, 38.76215202383206], [141.43869795271712, 38.76178406582069], [141.43855467638357, 38.761440892579024], [141.43840262823142, 38.76120198866629], [141.4383561573194, 38.760962232676235], [141.43834150200854, 38.760886623752725], [141.43830984314926, 38.76074563596177], [141.43779380123678, 38.7604754799026], [141.43775766775363, 38.76052135997915], [141.43759343757606, 38.76084710663053], [141.43743018645043, 38.76091112101269], [141.43694676041665, 38.76109095006375], [141.43658308063388, 38.7614200854772], [141.43646110100866, 38.761498521365965], [141.43634193644576, 38.76157514802811], [141.43619004807002, 38.76198481909476], [141.4361829996465, 38.76206842122382], [141.43616880981824, 38.762236751169944], [141.4361577511325, 38.76236791851255], [141.4358612253315, 38.76252198642005], [141.43582847660937, 38.76256671331888], [141.43560152545444, 38.76287666345557], [141.43554178020455, 38.763078734886314], [141.43537471893478, 38.76350763593194], [141.43533459382476, 38.76361838194465], [141.43520060188763, 38.763888573573745], [141.4350677153716, 38.76415760620806], [141.43506690972427, 38.76419567119834], [141.43506355567482, 38.7643543371686], [141.43511327980534, 38.764365287341796], [141.43516797947368, 38.764377332581795], [141.4353339473055, 38.76441388103986], [141.4354215548248, 38.764350976403215], [141.43543291430242, 38.76435905383107], [141.4355278162269, 38.76442405877153], [141.4356964179608, 38.76453953821388], [141.4358014890368, 38.76460004011739], [141.43581748169, 38.76465058774709], [141.43581344279448, 38.76471913843556], [141.43579098174789, 38.76485627881622], [141.43573847731173, 38.76501818638035], [141.43568439102413, 38.765145264621644], [141.4355772537527, 38.76529377903552], [141.43543919768413, 38.765454847991535], [141.4354157679221, 38.76548217559241], [141.4353756567585, 38.76552897628665], [141.4353089059865, 38.76560332828404], [141.43528405341863, 38.76563101363281], [141.4352240866942, 38.76569779919408], [141.43512701082426, 38.76584853972419], [141.43508906240626, 38.76591737397837], [141.43521340222208, 38.765902665419006], [141.4351903479965, 38.76592007043082], [141.4351465115257, 38.76595316245489], [141.4350602563018, 38.765982789117565], [141.43503165068756, 38.76607345067885], [141.43501132781114, 38.76614877066698], [141.43499454238386, 38.76621096358021], [141.43498068079424, 38.766262322643215], [141.43492058514434, 38.766385242303805], [141.4348795072669, 38.76646926359157], [141.43481368550354, 38.76654190693247], [141.43475510362228, 38.76660656802638], [141.43458916489112, 38.766777654093225], [141.4345754665744, 38.76679147845919], [141.43456398660854, 38.76679595277991], [141.43437570118758, 38.76696676611167], [141.4342840621722, 38.766983732645166], [141.43430337268524, 38.76706606664242], [141.43425626626725, 38.76711360470759], [141.43386811196405, 38.76740599195298], [141.4338421541043, 38.767425647626645], [141.433763323363, 38.76748534024257], [141.43373458057815, 38.76750498317271], [141.43367912248064, 38.76754288834276], [141.43348958718218, 38.767672409836194], [141.43323739128968, 38.76785934029713], [141.4330608420904, 38.76800198257154], [141.43295108857853, 38.76810566073051], [141.4328788627374, 38.76817387732019], [141.43280559712667, 38.768240107329284], [141.4326185871528, 38.768409171649544], [141.43225326760003, 38.76875857719085], [141.43238188805165, 38.768961148961054], [141.43242203483413, 38.769043490858714], [141.4324627087949, 38.76912693813374], [141.43249885199083, 38.76919975198931], [141.4325051608459, 38.76921245823499], [141.432540556084, 38.769283752505395], [141.43256961971798, 38.76937414206624], [141.4326238366128, 38.76954278009531], [141.43267730035478, 38.76983344663525], [141.43271304516722, 38.77008040272801], [141.43273594725974, 38.77021441790754], [141.43275140999057, 38.77030487806218], [141.43277813712368, 38.770395270528205], [141.43280213017658, 38.77047646180548], [141.4329094560433, 38.770701636470875], [141.4329584065744, 38.77078519423617], [141.4330294794678, 38.770906503775635], [141.43306119192607, 38.77094750181181], [141.43309854666663, 38.770995778002906], [141.43316790596643, 38.77108542005316], [141.433256669222, 38.77119049380118], [141.43331798003007, 38.77124658378651], [141.43339451749227, 38.771316603498484], [141.43344241343135, 38.77122582804159], [141.43360981214536, 38.77090856859526], [141.43377520409007, 38.7705345370068], [141.4339428081249, 38.77023128574228], [141.43409785354254, 38.7699606830776], [141.43432983660765, 38.769633432102395], [141.4345499397696, 38.76927029714845], [141.434812217394, 38.76882376552477], [141.43499981909062, 38.76851027294473], [141.435248786212, 38.76815931130957], [141.43547243522212, 38.76785795647374], [141.43571655162103, 38.76758904488264], [141.43592660659618, 38.76735742418295], [141.43618811813937, 38.76710364695473], [141.43685706371278, 38.766700486541836], [141.4370002263791, 38.76658564039167], [141.43720792777714, 38.76644709152216], [141.43744571903147, 38.766289395983286], [141.4376620468512, 38.76615195575663], [141.43802292308212, 38.765888434555144]]]}, "properties": {"SICHOSON": "205", "SICHOSON_N": "気仙沼市", "RINPAN": "B094", "JUNRINPAN": "ﾆ", "KEYCODE": "000205@B094@04", "ADDDATE": "2022-09-28", "ADDTENANT": "04000F", "ADDUSER": "pasco01", "EDITDATE": null, "EDITTENANT": "", "EDITUSER": ""}}, {"type": "Feature", "geometry": {"type": "Polygon", "coordinates": [[[141.44033917620646, 38.7639642279158], [141.44042011836495, 38.76372923535741], [141.44053975180572, 38.763470573524465], [141.44059972274434, 38.763332867075526], [141.44063711732647, 38.76324698994325], [141.44067297807308, 38.763164651359965], [141.4406920539513, 38.76312084190612], [141.44090299368207, 38.76270470690012], [141.44110422258888, 38.762377368765215], [141.44120251809812, 38.762171554425876], [141.4412867403129, 38.76203769530245], [141.4413384281221, 38.76197395865724], [141.44137446977135, 38.761929510383965], [141.4414053758342, 38.76189140496521], [141.44141254936645, 38.761885222666066], [141.44138119817168, 38.761827217933345], [141.44126585737203, 38.76180946676637], [141.44136847860233, 38.76172222218091], [141.44141701034744, 38.761670465751315], [141.44149625491352, 38.76156884733206], [141.4415394965644, 38.76147271345121], [141.44150956831524, 38.76141167164704], [141.44140566239383, 38.76129730359595], [141.44137786419623, 38.76125267392076], [141.4413953256961, 38.761231745466084], [141.44135490741667, 38.761169347396724], [141.44130084120465, 38.76108587818932], [141.44132030825872, 38.76089043667776], [141.4413474242472, 38.76078553998613], [141.44132457475354, 38.76067184925064], [141.44127359286188, 38.76063275449666], [141.44125860079774, 38.76059076985981], [141.44128849548173, 38.76056045522797], [141.44126307645988, 38.760532970618776], [141.4412417872434, 38.76055921800696], [141.44113940274846, 38.76062265070557], [141.44110995067317, 38.760688199559326], [141.44105611216565, 38.76084950481541], [141.44095166377116, 38.7603846924392], [141.44093731882998, 38.760339479203445], [141.44089448030425, 38.7602044510689], [141.4408667620972, 38.759945255539044], [141.44084813542804, 38.75978205587342], [141.44082304921105, 38.75956224351906], [141.44077424789546, 38.75943685882438], [141.44096907700109, 38.75953707389641], [141.44096234847626, 38.75953003958051], [141.4408921735544, 38.75945175564712], [141.44081461466288, 38.75941423484852], [141.4407400199339, 38.759305470506625], [141.44074501451993, 38.759243422673336], [141.44074570840488, 38.75924383888282], [141.4407524874403, 38.75915571718092], [141.44074088431955, 38.75909552315018], [141.4407475488307, 38.758964030418326], [141.44074896242293, 38.758948907012325], [141.44075720252007, 38.758860630867595], [141.4407571639261, 38.75886014999203], [141.44070097811007, 38.75885862397045], [141.44069414430234, 38.75874875070554], [141.44070320667748, 38.75873263891473], [141.44073363790685, 38.758678540792566], [141.44072472705864, 38.758637055994996], [141.4406630076434, 38.75852699045685], [141.44068104661596, 38.75848234402801], [141.44061565927063, 38.758441237354816], [141.44057138617623, 38.758360875407014], [141.44054701395905, 38.75832522761614], [141.44050725430404, 38.75826708430946], [141.4404706644415, 38.758227124337516], [141.4404637816649, 38.75820376483259], [141.44041681499687, 38.75813639415861], [141.4403845045782, 38.75809946144973], [141.44037185124674, 38.75804508087365], [141.44028490933343, 38.757993481556746], [141.4402322150714, 38.757944545766016], [141.44018782140154, 38.75791575133467], [141.44018728517256, 38.75791560817427], [141.44018722557897, 38.75791536434203], [141.44011988892802, 38.75787168915367], [141.440113281593, 38.757868475739905], [141.440098670408, 38.75778286236828], [141.44005421056468, 38.75770655339347], [141.43991747562757, 38.75767922732745], [141.43986915464166, 38.75769996436626], [141.43957766077042, 38.75769080106633], [141.43933850074148, 38.75767144689666], [141.4391800871024, 38.7576846733968], [141.43892815204725, 38.75778195099823], [141.4384613226719, 38.758058942607924], [141.4381132563724, 38.758112806639026], [141.43792075650677, 38.75820317999555], [141.4378800034479, 38.75823459677825], [141.43779941174193, 38.75829672557895], [141.43769871722193, 38.75839708401123], [141.43765757537463, 38.75843808821471], [141.4375704618061, 38.7585673571031], [141.43780427137304, 38.75863412044783], [141.43810411308272, 38.75882080171344], [141.43831854397982, 38.75895522215656], [141.43822388807715, 38.75913142196848], [141.43821763080464, 38.75927885824036], [141.43818133645294, 38.7595250345172], [141.43815548392976, 38.759590636089136], [141.43808739964197, 38.75971567177521], [141.43807439860075, 38.75976416016233], [141.4380448480455, 38.75987436686441], [141.43802579089336, 38.75994543859509], [141.43789492728496, 38.76035530047223], [141.43779380123678, 38.7604754799026], [141.43830984314926, 38.76074563596177], [141.43834150200854, 38.760886623752725], [141.4383561573194, 38.760962232676235], [141.43840262823142, 38.76120198866629], [141.43855467638357, 38.761440892579024], [141.43869795271712, 38.76178406582069], [141.43889311521247, 38.76215202383206], [141.43912836540323, 38.76244343220552], [141.4392768918198, 38.76252518390989], [141.43935011024544, 38.76264236157274], [141.4393193769777, 38.76264800734712], [141.43932047351464, 38.76272459542002], [141.43929599596441, 38.76275523460641], [141.43931179547636, 38.762786107308685], [141.43931080889996, 38.76278714034046], [141.43931079449078, 38.76278720527933], [141.43929547215956, 38.76285791998254], [141.4392822916074, 38.76291875521878], [141.43933499830385, 38.76302647986742], [141.43936940634262, 38.76309680609162], [141.43944557071475, 38.76329294951741], [141.43945600998154, 38.76332442476246], [141.43960105704613, 38.76376179554376], [141.43965547119313, 38.763755025959554], [141.4396590575176, 38.76376980989306], [141.43967466446932, 38.76382193555464], [141.43975220939382, 38.76408093304973], [141.43985119808673, 38.76441676428507], [141.44032277917543, 38.764176643128], [141.44033917620646, 38.7639642279158]]]}, "properties": {"SICHOSON": "205", "SICHOSON_N": "気仙沼市", "RINPAN": "B094", "JUNRINPAN": "ﾊ", "KEYCODE": "000205@B094@03", "ADDDATE": "2022-09-28", "ADDTENANT": "04000F", "ADDUSER": "pasco01", "EDITDATE": null, "EDITTENANT": "", "EDITUSER": ""}}, {"type": "Feature", "geometry": {"type": "Polygon", "coordinates": [[[141.44111246858873, 38.76727357208655], [141.44113198566103, 38.76724789791917], [141.4411325716195, 38.767248468739055], [141.4413382113658, 38.76698080948404], [141.44136767225837, 38.766942464775596], [141.44138557980878, 38.76691915566747], [141.4415382743512, 38.766670454154585], [141.44153833180786, 38.76667044484668], [141.44205811195624, 38.766618217776866], [141.4420591616611, 38.76661811231082], [141.44228050247497, 38.76654514931437], [141.4423146485116, 38.766533892251225], [141.44248288502746, 38.76647842878249], [141.4425616915044, 38.766424176307474], [141.4426177526468, 38.7663855827141], [141.4426756104725, 38.76628319308378], [141.44277966619777, 38.766099049970435], [141.44285018286433, 38.7659742584637], [141.44286379978826, 38.76593173478971], [141.44290672301557, 38.7657976890586], [141.4429715105086, 38.76559535978331], [141.44313765628436, 38.76557861483793], [141.44340184688915, 38.76555198866443], [141.4435159568764, 38.76548931261717], [141.44364169755687, 38.76540282645047], [141.44371904953934, 38.765349623116485], [141.44378194176892, 38.76505064043102], [141.44381864470614, 38.76500223396454], [141.4438698330188, 38.76493472320885], [141.4439374431466, 38.764895891173026], [141.4440138497021, 38.764852007789194], [141.44417639147477, 38.764797969818936], [141.44440605300696, 38.76472161700534], [141.44457667667507, 38.764617825081956], [141.44478596169841, 38.764468350095065], [141.44484189120627, 38.764428403881794], [141.44481497502508, 38.76433516739465], [141.4447853214078, 38.764279809653566], [141.44474582229265, 38.76420607118645], [141.44474011863116, 38.764132345106894], [141.4448368435402, 38.76387073394206], [141.44488959156354, 38.76375294396998], [141.44494447350084, 38.76363038970631], [141.44461024622316, 38.76362978688199], [141.4445500340505, 38.76362234781214], [141.444295368705, 38.76359088418808], [141.44418675979986, 38.76353933083954], [141.4441395953907, 38.76351694245046], [141.44399963200408, 38.76346548791712], [141.44391025157725, 38.76343262822612], [141.44357751217686, 38.76329318739985], [141.44341652824485, 38.76329605392037], [141.44330760835274, 38.76329799266615], [141.4431656918349, 38.76337302969176], [141.4431606116901, 38.76338871368059], [141.44288730199005, 38.76335705867817], [141.44270504333875, 38.76337142693554], [141.44266817211883, 38.76337433355041], [141.4425686445313, 38.7633821793317], [141.44257361206422, 38.76340749819992], [141.4425430421155, 38.76340448280569], [141.44253501987785, 38.763403691296084], [141.44252730132692, 38.76337135891564], [141.44248941198072, 38.76339919212405], [141.44242308097665, 38.76344791925636], [141.4423861055678, 38.76344250119307], [141.44220406736937, 38.763415826537795], [141.4418824950755, 38.76344369200732], [141.44187433483498, 38.76344439935238], [141.44171798590097, 38.763463726605046], [141.4416074853598, 38.76347157192911], [141.44152158522735, 38.76348339720277], [141.44142757112797, 38.763474679272775], [141.44139991844744, 38.76347305739485], [141.44128471523226, 38.763580178026], [141.44126055302235, 38.76361970867115], [141.44117305198196, 38.763675464949216], [141.4411600312441, 38.763683761401545], [141.44112513874933, 38.763683118540385], [141.44104174857696, 38.76365853441923], [141.44093384202424, 38.763611520285096], [141.44087916065894, 38.76358688679743], [141.44081143952425, 38.7635319340101], [141.44079904701624, 38.76351566526826], [141.44072337839148, 38.763416330804944], [141.4406920420643, 38.76335480154023], [141.44067866859865, 38.76332854700226], [141.44063711732647, 38.76324698994325], [141.44059972274434, 38.763332867075526], [141.44053975180572, 38.763470573524465], [141.44042011836495, 38.76372923535741], [141.44033917620646, 38.7639642279158], [141.44032277917543, 38.764176643128], [141.43985119808673, 38.76441676428507], [141.43908254271886, 38.7650798945088], [141.438589317731, 38.76545625633057], [141.4388546657127, 38.76556844907553], [141.43882980622462, 38.765606043205615], [141.43891354630773, 38.765637128807235], [141.43893767852083, 38.76564608744684], [141.4390598438387, 38.765682602597835], [141.4390901642689, 38.76569166516884], [141.43921149452243, 38.76572793043744], [141.43921211170405, 38.765728114623286], [141.43921809121633, 38.76573647091722], [141.43926354368637, 38.765799987707155], [141.4392970942241, 38.76584687088245], [141.43932565446323, 38.76593840193272], [141.4393295966145, 38.765951034500944], [141.43936631312138, 38.76597387358734], [141.43938541636297, 38.76598575727575], [141.43947855542746, 38.766043693421224], [141.439583541939, 38.76612538217814], [141.43958618756895, 38.76612744050309], [141.43970019190405, 38.766228781248], [141.43974591059632, 38.76626942105017], [141.43998515691902, 38.766434159531805], [141.44001398880806, 38.76645192318006], [141.44016046196893, 38.76654216712147], [141.44023165977092, 38.766617256017774], [141.44043222213372, 38.76679431141149], [141.44041884831245, 38.7668805105055], [141.44053473667148, 38.76694630771249], [141.44111246858873, 38.76727357208655]]]}, "properties": {"SICHOSON": "205", "SICHOSON_N": "気仙沼市", "RINPAN": "B094", "JUNRINPAN": "ﾛ", "KEYCODE": "000205@B094@02", "ADDDATE": "2022-09-28", "ADDTENANT": "04000F", "ADDUSER": "pasco01", "EDITDATE": null, "EDITTENANT": "", "EDITUSER": ""}}, {"type": "Feature", "geometry": {"type": "Polygon", "coordinates": [[[141.44672915102794, 38.77176101536525], [141.44640481582297, 38.7715248427374], [141.446053762948, 38.771209071539], [141.44563518432042, 38.770761125889244], [141.4453038019722, 38.77040589935949], [141.44497655776846, 38.77003492066774], [141.44483231669312, 38.76984818498173], [141.44469782398482, 38.769634426376214], [141.4446977665697, 38.76963430595726], [141.4446972820081, 38.76963443011218], [141.44468916963402, 38.769636510360634], [141.44468143962325, 38.769638492213275], [141.44452855152696, 38.76991749472881], [141.44450835818787, 38.76994207570322], [141.44450581987985, 38.77000765393198], [141.4444548095286, 38.76999993248495], [141.44443200281341, 38.770020339775584], [141.44436753516737, 38.77003646944175], [141.44435022481855, 38.77003883919384], [141.4442884546257, 38.77004728904301], [141.4442099904745, 38.770077897016044], [141.44414695159622, 38.77009290198936], [141.44407933033975, 38.77008321046028], [141.44396396462807, 38.770041229117936], [141.4438363690565, 38.76993191778336], [141.44378618135073, 38.76988014544285], [141.44377402604363, 38.76986761449283], [141.44373201163407, 38.769824270504635], [141.44376129495888, 38.76981169158767], [141.44369301805463, 38.76970746388009], [141.4436512273942, 38.76965133146237], [141.4435487260675, 38.769578038763825], [141.44352359872784, 38.769531377736534], [141.44345247988505, 38.76952305003224], [141.44335339738012, 38.769412813637466], [141.44331178723897, 38.76938377351477], [141.4432283665869, 38.769426757900376], [141.44320921834048, 38.76938625471541], [141.44320134180938, 38.76926155229435], [141.44304905444625, 38.7691129964285], [141.4429357010617, 38.768955650906044], [141.44288838533953, 38.76887082665077], [141.4427844350741, 38.76877173032496], [141.44272137995745, 38.76870884366436], [141.44269867203, 38.76865835907051], [141.44261291715745, 38.76863114883104], [141.4425294939559, 38.7685695934551], [141.4424515543434, 38.76854310541342], [141.44241612464722, 38.76852057051297], [141.4423922122991, 38.76851273306245], [141.4423166668524, 38.76845490219966], [141.44226068815388, 38.76839862698126], [141.44216017249977, 38.7683649708673], [141.44199161854573, 38.768399605139784], [141.44160000076187, 38.76835519406601], [141.44147094398076, 38.76834014513448], [141.44124541443037, 38.768200968754954], [141.441199433627, 38.76820291509871], [141.4411374333874, 38.76820553932215], [141.4408165876724, 38.768205919169226], [141.44067218211788, 38.76820599399801], [141.44049331154, 38.76821009450016], [141.44040761715095, 38.76821158468333], [141.44043579262905, 38.76838194080164], [141.44043623378772, 38.76838348443755], [141.44048178051688, 38.76854264593115], [141.44053521921126, 38.768687681884856], [141.44067002226797, 38.768756088733824], [141.44070958993075, 38.768771602743676], [141.44079233916034, 38.76880404705729], [141.44079584538167, 38.768805119811276], [141.44095290568595, 38.76885319377078], [141.44111712407104, 38.76887986388452], [141.44115151097657, 38.76888544894971], [141.44135787953493, 38.76891988860129], [141.4415577509485, 38.76896582372355], [141.44156663021235, 38.76896786487656], [141.44171098482266, 38.76903613071939], [141.44174095467486, 38.76906305275986], [141.44179417454293, 38.76911085890246], [141.4418764211751, 38.76924658218648], [141.44199235101487, 38.76946819111035], [141.44202430186436, 38.7695292681079], [141.44208050064015, 38.76966944395869], [141.4420971813735, 38.769758183014794], [141.4421084867357, 38.76981833059749], [141.4421067252509, 38.76982175504636], [141.44196154588008, 38.770104254568075], [141.4419187644527, 38.770169755827304], [141.4418803353597, 38.770223360680276], [141.4418786567904, 38.77026675176951], [141.44187629718033, 38.77032777681793], [141.44194647464585, 38.77058413794939], [141.44199215935095, 38.77067879976262], [141.44209083769877, 38.77078687906048], [141.44213913961138, 38.7708398421118], [141.44222480591918, 38.77093377393518], [141.44223966390007, 38.770948555800004], [141.442340923842, 38.77104928368288], [141.44239412697922, 38.77110220757208], [141.44245042550594, 38.77115820805786], [141.44267264404124, 38.771342380689966], [141.44279611495895, 38.77148186935278], [141.4428244377753, 38.77151386629206], [141.44284913761769, 38.771541770459145], [141.44287237340808, 38.77156802101616], [141.44287574214312, 38.771573337613674], [141.4429344539052, 38.77166602931586], [141.4429177616325, 38.77169239533029], [141.44299751825616, 38.7716505798235], [141.44301839911537, 38.77167528499729], [141.44307168708076, 38.771738329621115], [141.44313732091246, 38.77181597538317], [141.4432679641657, 38.7719410019656], [141.44357968576267, 38.772205347913115], [141.44377601603213, 38.77236114672713], [141.4438564363064, 38.77242496816744], [141.44393735703187, 38.77248524554045], [141.44403745580388, 38.77255979272979], [141.4440436596504, 38.77256395755506], [141.44421923001943, 38.77268182944172], [141.444412231953, 38.77281139264875], [141.4449092033154, 38.77314520495087], [141.4449823650016, 38.773194342154994], [141.44514357925334, 38.773076275503186], [141.4452023073957, 38.773033265896615], [141.44520631013557, 38.77303032605903], [141.44528873485513, 38.77296996733991], [141.4453728129973, 38.77290649273644], [141.44551382486355, 38.77280003482392], [141.4458485970187, 38.77254514167948], [141.44617862416956, 38.77225095764275], [141.44633443784767, 38.77210608917518], [141.44640612724442, 38.77203943470187], [141.44648021827174, 38.77197090364429], [141.44656441397035, 38.771899913244084], [141.44672179185804, 38.771767216073144], [141.44672915102794, 38.77176101536525]]]}, "properties": {"SICHOSON": "205", "SICHOSON_N": "気仙沼市", "RINPAN": "B095", "JUNRINPAN": "ｲ", "KEYCODE": "000205@B095@01", "ADDDATE": "2022-09-28", "ADDTENANT": "04000F", "ADDUSER": "pasco01", "EDITDATE": null, "EDITTENANT": "", "EDITUSER": ""}}, {"type": "Feature", "geometry": {"type": "Polygon", "coordinates": [[[141.4496543209756, 38.76686151841464], [141.4495915029328, 38.76658404489], [141.449561660822, 38.766414611476684], [141.44954599612947, 38.76632564198006], [141.44953459265622, 38.76623574912347], [141.4495045269464, 38.76599867892993], [141.4494949265953, 38.765823949637316], [141.4494861102478, 38.76566357369322], [141.44948047505812, 38.76564802790961], [141.44948440317728, 38.765632332612064], [141.4494784592859, 38.76550329520266], [141.44947650925093, 38.76546106273834], [141.4494717574255, 38.76535783765522], [141.44946341560654, 38.76517689457173], [141.44945939905438, 38.76508958433896], [141.44887894835924, 38.76524508425199], [141.44872998731762, 38.765236833650924], [141.44870558336888, 38.76523548198104], [141.44870502155763, 38.76523424441308], [141.448646421693, 38.76508944292393], [141.44864555759153, 38.765087306957625], [141.44864310068348, 38.76506919848281], [141.44862625660295, 38.764966535207535], [141.44860249272136, 38.765037020747776], [141.44858112711316, 38.76522839584472], [141.44858110576374, 38.76522858964857], [141.44851487620076, 38.76522492209853], [141.44848186135192, 38.76522568054585], [141.44848368227215, 38.76520416670949], [141.44836350046862, 38.76522008369991], [141.44834767575725, 38.765222179560986], [141.44821442917336, 38.76519039453381], [141.44811088612929, 38.76518014295195], [141.4479962571675, 38.76516879463903], [141.44788204471584, 38.76515462063307], [141.44767947960509, 38.765207614687725], [141.44767056220405, 38.765209948020306], [141.44755720531646, 38.76519893132509], [141.4475424211847, 38.765193286563814], [141.44747393347035, 38.765167135057766], [141.44731935977205, 38.76511056046125], [141.4472225443882, 38.765078344175656], [141.44711173596139, 38.76504147162], [141.44707290618274, 38.765026045079416], [141.4468452864285, 38.76493561506572], [141.44681524221508, 38.76492367831626], [141.44668656593277, 38.764873983074985], [141.44661989922747, 38.76484823591839], [141.44635435096362, 38.764782182957674], [141.44626775380573, 38.76476064278823], [141.4462200907309, 38.76493394478885], [141.44620994059616, 38.76497013453273], [141.44618550203168, 38.765057264374725], [141.4461651078508, 38.7651299740723], [141.44614189525373, 38.76521273356169], [141.44612095608744, 38.765287388427154], [141.44611549820954, 38.765293155714836], [141.44601402208275, 38.76540038016028], [141.44594844361936, 38.76555386266682], [141.4458877800892, 38.76569583932821], [141.44583002575564, 38.765831006194546], [141.44583729078747, 38.76611142428778], [141.44589303006356, 38.766349381608784], [141.4459224456358, 38.766375488385414], [141.44596997269804, 38.76639101836122], [141.44596423806982, 38.766411933759485], [141.44614682795847, 38.76647030195256], [141.44639199598947, 38.766570874456875], [141.44645295319665, 38.76657349159786], [141.4464709178327, 38.76658085312266], [141.44646692469829, 38.766589035235285], [141.4464661002927, 38.76659072512573], [141.446536216708, 38.76659584008897], [141.44654445174768, 38.766596441018905], [141.44663035084045, 38.76660270643612], [141.44674630117362, 38.76661116449447], [141.4468110638619, 38.76661647225413], [141.44690208469123, 38.76662393129359], [141.44697753466767, 38.766630114375104], [141.4470132571672, 38.76663304208988], [141.44720004513982, 38.766664421143574], [141.4473084571089, 38.76665405900259], [141.44755728738133, 38.76656186076165], [141.44770975894278, 38.76650536633676], [141.44801345322765, 38.76660847097278], [141.44808518637504, 38.76663234204507], [141.44830690625858, 38.76670612426448], [141.44840842824158, 38.76674434632512], [141.44848921847688, 38.76676079389601], [141.4486101330086, 38.76678541026738], [141.44878444129503, 38.76680124005678], [141.44878690767555, 38.7667704805912], [141.44892303737444, 38.76677491045088], [141.4496543209756, 38.76686151841464]]]}, "properties": {"SICHOSON": "205", "SICHOSON_N": "気仙沼市", "RINPAN": "B095", "JUNRINPAN": "ﾆ", "KEYCODE": "000205@B095@04", "ADDDATE": "2022-09-28", "ADDTENANT": "04000F", "ADDUSER": "pasco01", "EDITDATE": null, "EDITTENANT": "", "EDITUSER": ""}}, {"type": "Feature", "geometry": {"type": "Polygon", "coordinates": [[[141.44845673662056, 38.76975024359259], [141.44864199982442, 38.769469543929816], [141.44869130223933, 38.769394853748175], [141.44873520974355, 38.76930408314362], [141.44881069685314, 38.76914803982166], [141.44893278802348, 38.76888435591444], [141.4489545856124, 38.76884834965105], [141.44905363255648, 38.768684722693635], [141.4490809443366, 38.76863960638633], [141.44928525001785, 38.76834707575435], [141.44933551902596, 38.76827509097428], [141.44938369293644, 38.76818429762641], [141.4494551611221, 38.768049626140076], [141.44955754417984, 38.76782313597467], [141.44969119620535, 38.76756611992281], [141.4497604728674, 38.76733310153126], [141.4497760179174, 38.76726061501433], [141.4497823354604, 38.767180124109125], [141.4497831232219, 38.767170038995154], [141.44978307143333, 38.76707950973297], [141.44978304919852, 38.76703266447052], [141.4496543209756, 38.76686151841464], [141.44892303737444, 38.76677491045088], [141.44878690767555, 38.7667704805912], [141.44878444129503, 38.76680124005678], [141.4486101330086, 38.76678541026738], [141.44848921847688, 38.76676079389601], [141.44840842824158, 38.76674434632512], [141.44830690625858, 38.76670612426448], [141.44808518637504, 38.76663234204507], [141.44801345322765, 38.76660847097278], [141.44770975894278, 38.76650536633676], [141.44755728738133, 38.76656186076165], [141.4473084571089, 38.76665405900259], [141.44720004513982, 38.766664421143574], [141.4470132571672, 38.76663304208988], [141.44697753466767, 38.766630114375104], [141.44690208469123, 38.76662393129359], [141.4468110638619, 38.76661647225413], [141.44674630117362, 38.76661116449447], [141.44663035084045, 38.76660270643612], [141.44654445174768, 38.766596441018905], [141.446536216708, 38.76659584008897], [141.4464661002927, 38.76659072512573], [141.44646692469829, 38.766589035235285], [141.4464709178327, 38.76658085312266], [141.44645295319665, 38.76657349159786], [141.44639199598947, 38.766570874456875], [141.44614682795847, 38.76647030195256], [141.44596423806982, 38.766411933759485], [141.4459047125529, 38.76639290544949], [141.44570816405098, 38.76649502253349], [141.44562411537467, 38.766538689396334], [141.4454572028324, 38.76668809077494], [141.4453762375358, 38.76676056168932], [141.4453657605441, 38.76692800826053], [141.4453641255573, 38.76695415885395], [141.44536225153766, 38.766984117860844], [141.44529592830867, 38.767056270602886], [141.4452334240809, 38.767161146165414], [141.4449986595074, 38.76732191007769], [141.44500767167216, 38.76740273221642], [141.44501943292784, 38.76750821354403], [141.44508469946655, 38.76753457612525], [141.44508428135913, 38.76753655126307], [141.44509801003045, 38.767609504653926], [141.44513229581466, 38.767706896986475], [141.44516348082416, 38.76777765450858], [141.4451594112662, 38.7677839198815], [141.4451647100596, 38.76779897124068], [141.44516342153617, 38.76785586108552], [141.44520462532807, 38.767778204868854], [141.44519287552976, 38.76798827286243], [141.44519277186757, 38.76798853105968], [141.44512669059682, 38.768153275005446], [141.44514637238663, 38.76826437783905], [141.44514406630776, 38.76829752194229], [141.4451375065753, 38.76839177405833], [141.4451365257876, 38.76839537013994], [141.4450942928851, 38.768550241585736], [141.44504679777947, 38.76854048670139], [141.44503607716436, 38.76857643246641], [141.44500762729544, 38.768671840568366], [141.44494851934823, 38.768783445845706], [141.44489709241614, 38.76886674007304], [141.44489629447415, 38.76886803252097], [141.44485369883932, 38.768913245845546], [141.44482148885595, 38.768942439245585], [141.44480216994305, 38.76895995001912], [141.44469028605224, 38.76903668304937], [141.44466966404065, 38.7690932496897], [141.4446769164386, 38.7691488417042], [141.444683614293, 38.769275906013235], [141.44466000058173, 38.76932792799456], [141.44465590175878, 38.76937662361182], [141.4446557685203, 38.76937692250326], [141.44462869974816, 38.76941298256576], [141.44462072568317, 38.76944232391349], [141.4446525068596, 38.76941692015421], [141.4446511071463, 38.76943359393756], [141.44465169625556, 38.769487923522], [141.44465225937188, 38.76953920733337], [141.44469442150918, 38.76963352076253], [141.4446972820081, 38.76963443011218], [141.4446977665697, 38.76963430595726], [141.44469782398482, 38.769634426376214], [141.44483231669312, 38.76984818498173], [141.44497655776846, 38.77003492066774], [141.4453038019722, 38.77040589935949], [141.44563518432042, 38.770761125889244], [141.446053762948, 38.771209071539], [141.44640481582297, 38.7715248427374], [141.44672915102794, 38.77176101536525], [141.44690270138196, 38.77160599821534], [141.4470732753212, 38.771442015469454], [141.44729747399535, 38.77121050027809], [141.44736445633802, 38.77114132943131], [141.44743012123166, 38.77107004927883], [141.44764552756337, 38.770836209370195], [141.4478523336618, 38.77056974892631], [141.44794156668823, 38.7704609306142], [141.44800560688557, 38.77038283894355], [141.4480607172266, 38.77031564001672], [141.44806587817553, 38.770308234585194], [141.44811648888123, 38.770235537746686], [141.44823748938052, 38.77006172407806], [141.44845673662056, 38.76975024359259]]]}, "properties": {"SICHOSON": "205", "SICHOSON_N": "気仙沼市", "RINPAN": "B095", "JUNRINPAN": "ﾊ", "KEYCODE": "000205@B095@03", "ADDDATE": "2022-09-28", "ADDTENANT": "04000F", "ADDUSER": "pasco01", "EDITDATE": null, "EDITTENANT": "", "EDITUSER": ""}}, {"type": "Feature", "geometry": {"type": "Polygon", "coordinates": [[[141.4490109639516, 38.76200545399027], [141.44895502186003, 38.761788203343244], [141.4489093159667, 38.76161070911738], [141.44890162627166, 38.761580840940525], [141.4488588153468, 38.761221559580314], [141.448848202301, 38.76113252726671], [141.4488425905529, 38.761043036185555], [141.44883748638077, 38.760961731528774], [141.4488513088196, 38.76082122965212], [141.44890807036356, 38.76064019576693], [141.4490265540432, 38.76045006115223], [141.44906158479432, 38.76039305831764], [141.44895296634206, 38.76036365872444], [141.44884518216813, 38.76034698332635], [141.44868442994334, 38.760375360991844], [141.4485619940271, 38.760433473366454], [141.44851094109976, 38.7604577057864], [141.4484790615487, 38.760491806536265], [141.44847904883244, 38.760491933628856], [141.4484517208906, 38.76052105281238], [141.4483743823611, 38.76060376430895], [141.44837019687785, 38.76060824123963], [141.44830782957666, 38.76067495066137], [141.44825260889414, 38.76075388898291], [141.44817652391967, 38.7607421857772], [141.44812706068032, 38.76092812771308], [141.44811261682932, 38.761041029474384], [141.4480824467287, 38.76108103907535], [141.44803956684714, 38.761133929786695], [141.4480409951628, 38.76114215641833], [141.44805131779412, 38.76120134471862], [141.44804738109528, 38.76129799408697], [141.44803249909555, 38.76132309910648], [141.44798601659502, 38.761401494948316], [141.447848949869, 38.761616374570664], [141.44780516248704, 38.761689756223205], [141.44778454035242, 38.76172431650807], [141.44769486727563, 38.76173751928661], [141.44752388172805, 38.7617148199866], [141.44746913403998, 38.7616450886232], [141.44743985382803, 38.76171609844191], [141.44741831746546, 38.76169945772741], [141.44739160856787, 38.76176345320064], [141.44732786113337, 38.76184375117404], [141.44716223062454, 38.7616883706302], [141.44707277518157, 38.761550751834484], [141.44697882889798, 38.76130790545022], [141.44683399342847, 38.761167451112236], [141.44670673631427, 38.76103462497831], [141.44665340500825, 38.760951293143584], [141.44656180344157, 38.760867873794005], [141.44641325057322, 38.76073249242191], [141.44621243158232, 38.76067446517674], [141.4461317764301, 38.76068828432588], [141.44606539066436, 38.760671362281], [141.4458862546424, 38.76059910383699], [141.4458496587754, 38.76057293104496], [141.44576252039258, 38.76051060906319], [141.44550569407, 38.76071842252986], [141.4453999391593, 38.76088296919836], [141.44536913404957, 38.760983242035664], [141.44538570903973, 38.76121293561968], [141.445367545679, 38.76136748850357], [141.44535598805777, 38.761440011293466], [141.4453843526314, 38.76148181455616], [141.44563245494737, 38.76179417920301], [141.44564681364017, 38.76181705778198], [141.44566749692308, 38.76180056852331], [141.4458769189788, 38.76163361894437], [141.44596397984293, 38.761686567460444], [141.44609010749707, 38.7617290589655], [141.44614118441527, 38.761785592351785], [141.44623659466876, 38.761824551093845], [141.44642670698474, 38.76189228298102], [141.44658615407744, 38.761926683937425], [141.44660093599836, 38.761929873008], [141.44663749952124, 38.76194274407136], [141.44680917316907, 38.762003175770985], [141.4470073523676, 38.76205611678328], [141.44699750409654, 38.762067810703904], [141.44710481389302, 38.762114954811516], [141.447124668474, 38.76212694140324], [141.44719068571686, 38.76217990040725], [141.4473384388529, 38.76233690632585], [141.4475067905392, 38.76256655074359], [141.44763684307014, 38.762671965179145], [141.44773437787657, 38.76275180295131], [141.44785922219117, 38.762837242035474], [141.44794302518926, 38.76292320491304], [141.44803475289817, 38.76300084686487], [141.44820338314526, 38.76314357985504], [141.44820737385942, 38.76314575252953], [141.44820782971357, 38.76314711588161], [141.44826943611724, 38.76318669041169], [141.44828679548075, 38.763204315091755], [141.44829723510173, 38.76320454844843], [141.4483550210657, 38.76324166918848], [141.44869747971967, 38.76340627645889], [141.44908290234935, 38.763538224316314], [141.44938902137815, 38.76358827545777], [141.4493843629795, 38.76355770576842], [141.449356942042, 38.763377908216114], [141.44935218735182, 38.76334670840841], [141.44919350591425, 38.762723630127105], [141.44917138134662, 38.76263676660784], [141.44914861312458, 38.76254716776642], [141.4490109639516, 38.76200545399027]]]}, "properties": {"SICHOSON": "205", "SICHOSON_N": "気仙沼市", "RINPAN": "B095", "JUNRINPAN": "ﾍ", "KEYCODE": "000205@B095@06", "ADDDATE": "2022-09-28", "ADDTENANT": "04000F", "ADDUSER": "pasco01", "EDITDATE": null, "EDITTENANT": "", "EDITUSER": ""}}, {"type": "Feature", "geometry": {"type": "Polygon", "coordinates": [[[141.44945939905438, 38.76508958433896], [141.4494369926872, 38.764709701497424], [141.44943175480506, 38.76462099230565], [141.44942764345583, 38.764532015915826], [141.44941296175304, 38.764214198801334], [141.44940722814385, 38.76384222791826], [141.44938902137815, 38.76358827545777], [141.44908290234935, 38.763538224316314], [141.44869747971967, 38.76340627645889], [141.4483550210657, 38.76324166918848], [141.44829723510173, 38.76320454844843], [141.44828679548075, 38.763204315091755], [141.44826943727557, 38.76318669130651], [141.44820782971357, 38.76314711588161], [141.44820737385942, 38.76314575252953], [141.44820338314526, 38.76314357985504], [141.44803475289817, 38.76300084686487], [141.44794302518926, 38.76292320491304], [141.44785922219117, 38.762837242035474], [141.44773437787657, 38.76275180295131], [141.44763684307014, 38.762671965179145], [141.4475067905392, 38.76256655074359], [141.4473384388529, 38.76233690632585], [141.44719068571686, 38.76217990040725], [141.447124668474, 38.76212694140324], [141.44710481389302, 38.762114954811516], [141.44699750409654, 38.762067810703904], [141.4470073523676, 38.76205611678328], [141.44680917316907, 38.762003175770985], [141.44663749952124, 38.76194274407136], [141.44660093599836, 38.761929873008], [141.44658615407744, 38.761926683937425], [141.44642670698474, 38.76189228298102], [141.44623659466876, 38.761824551093845], [141.44614118441527, 38.761785592351785], [141.44609010749707, 38.7617290589655], [141.44596397984293, 38.761686567460444], [141.4458769189788, 38.76163361894437], [141.44566749692308, 38.76180056852331], [141.44564681364017, 38.76181705778198], [141.44563375543638, 38.76182746751842], [141.44567347960356, 38.76194414910785], [141.44570025389257, 38.7620227827359], [141.44571509926928, 38.76206638104859], [141.44557120930529, 38.76220761528716], [141.44555657165395, 38.762221984595506], [141.44552825199764, 38.76224419845371], [141.4453542180226, 38.76238073630872], [141.44531550412955, 38.76242850606095], [141.44530128263185, 38.76244876948886], [141.44533633191065, 38.76262799838473], [141.44534102786025, 38.762765548836036], [141.44519895600195, 38.763007956636656], [141.44506413230806, 38.76322340770519], [141.44503810388193, 38.76335595775776], [141.44503245136252, 38.76338474287298], [141.44494447350084, 38.76363038970631], [141.44488959156354, 38.76375294396998], [141.4448368435402, 38.76387073394206], [141.44474011863116, 38.764132345106894], [141.44474582229265, 38.76420607118645], [141.4447853214078, 38.764279809653566], [141.44481497502508, 38.76433516739465], [141.44484189120627, 38.764428403881794], [141.44493961930252, 38.764425829482676], [141.44535982430224, 38.76448380933029], [141.44554368974372, 38.76452537741947], [141.44560286563737, 38.76456562462898], [141.44566149530513, 38.764605500800215], [141.4457255185674, 38.76464904503512], [141.44596706339098, 38.76471021990285], [141.44626775380573, 38.76476064278823], [141.44635435096362, 38.764782182957674], [141.44661989922747, 38.76484823591839], [141.44668656593277, 38.764873983074985], [141.44681524221508, 38.76492367831626], [141.4468452864285, 38.76493561506572], [141.44707290618274, 38.765026045079416], [141.44711173596139, 38.76504147162], [141.4472225443882, 38.765078344175656], [141.44731935977205, 38.76511056046125], [141.44747393347035, 38.765167135057766], [141.4475424211847, 38.765193286563814], [141.44755720531646, 38.76519893132509], [141.44767056220405, 38.765209948020306], [141.44767947960509, 38.765207614687725], [141.44788204471584, 38.76515462063307], [141.4479962571675, 38.76516879463903], [141.44811088612929, 38.76518014295195], [141.44821442917336, 38.76519039453381], [141.44834767575725, 38.765222179560986], [141.44836350046862, 38.76522008369991], [141.44848368227215, 38.76520416670949], [141.44848186135192, 38.76522568054585], [141.44851487620076, 38.76522492209853], [141.44858110576374, 38.76522858964857], [141.44858112711316, 38.76522839584472], [141.44860249272136, 38.765037020747776], [141.44862625660295, 38.764966535207535], [141.44864310068348, 38.76506919848281], [141.44864555759153, 38.765087306957625], [141.448646421693, 38.76508944292393], [141.44870502155763, 38.76523424441308], [141.44870558336888, 38.76523548198104], [141.44872998731762, 38.765236833650924], [141.44887894835924, 38.76524508425199], [141.44945939905438, 38.76508958433896]]]}, "properties": {"SICHOSON": "205", "SICHOSON_N": "気仙沼市", "RINPAN": "B095", "JUNRINPAN": "ﾎ", "KEYCODE": "000205@B095@05", "ADDDATE": "2022-09-28", "ADDTENANT": "04000F", "ADDUSER": "pasco01", "EDITDATE": null, "EDITTENANT": "", "EDITUSER": ""}}, {"type": "Feature", "geometry": {"type": "Polygon", "coordinates": [[[141.44443200281341, 38.770020339775584], [141.4444548095286, 38.76999993248495], [141.44450581987985, 38.77000765393198], [141.44450835818787, 38.76994207570322], [141.44452855152696, 38.76991749472881], [141.44468143963095, 38.76963849311414], [141.44468916963402, 38.769636510360634], [141.4446972820081, 38.76963443011218], [141.44469442150918, 38.76963352076253], [141.44465225937188, 38.76953920733337], [141.44465169625556, 38.769487923522], [141.4446511071463, 38.76943359393756], [141.4446525068596, 38.76941692015421], [141.44462072568317, 38.76944232391349], [141.44462869974816, 38.76941298256576], [141.4446557685203, 38.76937692250326], [141.44465590060807, 38.76937662361784], [141.44466000058173, 38.76932792799456], [141.444683614293, 38.769275906013235], [141.4446769164386, 38.7691488417042], [141.44466966404065, 38.7690932496897], [141.44469028605224, 38.76903668304937], [141.44480216878466, 38.76895994912429], [141.44482148885595, 38.768942439245585], [141.44485369883932, 38.768913245845546], [141.44489629447415, 38.76886803252097], [141.44489709241614, 38.76886674007304], [141.44494851934823, 38.768783445845706], [141.44500762729544, 38.768671840568366], [141.44503607716436, 38.76857643246641], [141.44504679777947, 38.76854048670139], [141.4450942928851, 38.768550241585736], [141.4451365257876, 38.76839537013994], [141.4451375065753, 38.76839177405833], [141.44514406630776, 38.76829752194229], [141.44514637238663, 38.76826437783905], [141.44512669059682, 38.768153275005446], [141.44519277186757, 38.76798853105968], [141.44519287552976, 38.76798827286243], [141.44520462532807, 38.767778204868854], [141.44516342153617, 38.76785586108552], [141.4451647100596, 38.76779897124068], [141.4451594112662, 38.7677839198815], [141.44516348082416, 38.76777765450858], [141.44513229581466, 38.767706896986475], [141.44509801003045, 38.767609504653926], [141.44508428135913, 38.76753655126307], [141.44508469831587, 38.76753457613127], [141.44501943292784, 38.76750821354403], [141.44500767167216, 38.76740273221642], [141.4449986595074, 38.76732191007769], [141.4452334240809, 38.767161146165414], [141.44529592830867, 38.767056270602886], [141.4453622503793, 38.766984116966], [141.4453641255573, 38.76695415885395], [141.4453657605441, 38.76692800826053], [141.4453762375358, 38.76676056168932], [141.4454572028324, 38.76668809077494], [141.44562411537467, 38.766538689396334], [141.44570816405098, 38.76649502253349], [141.4459047125529, 38.76639290544949], [141.44596423806982, 38.766411933759485], [141.44596997154736, 38.76639101836725], [141.4459224456358, 38.766375488385414], [141.44589303006356, 38.766349381608784], [141.44583729078747, 38.76611142428778], [141.44583002575564, 38.765831006194546], [141.4458877800892, 38.76569583932821], [141.44594844361936, 38.76555386266682], [141.44601402208275, 38.76540038016028], [141.44611549820954, 38.765293155714836], [141.44612095608744, 38.765287388427154], [141.44614189525373, 38.76521273356169], [141.4461651078508, 38.7651299740723], [141.44618550203168, 38.765057264374725], [141.44620994059616, 38.76497013453273], [141.4462200907309, 38.76493394478885], [141.44626775380573, 38.76476064278823], [141.44596706339098, 38.76471021990285], [141.4457255185674, 38.76464904503512], [141.44566149530513, 38.764605500800215], [141.44560286563737, 38.76456562462898], [141.44554368974372, 38.76452537741947], [141.44535982430224, 38.76448380933029], [141.44493961930252, 38.764425829482676], [141.44484189120627, 38.764428403881794], [141.44478596169841, 38.764468350095065], [141.44457667667507, 38.764617825081956], [141.44440605300696, 38.76472161700534], [141.44417639147477, 38.764797969818936], [141.4440138497021, 38.764852007789194], [141.4439374431466, 38.764895891173026], [141.4438698330188, 38.76493472320885], [141.44381864470614, 38.76500223396454], [141.44378194176892, 38.76505064043102], [141.44371904953934, 38.765349623116485], [141.44364169755687, 38.76540282645047], [141.4435159568764, 38.76548931261717], [141.44340184688915, 38.76555198866443], [141.44313765628436, 38.76557861483793], [141.4429715105086, 38.76559535978331], [141.44290672301557, 38.7657976890586], [141.44286379978826, 38.76593173478971], [141.44285018286433, 38.7659742584637], [141.44277966619777, 38.766099049970435], [141.4426756104725, 38.76628319308378], [141.4426177526468, 38.7663855827141], [141.4425616915044, 38.766424176307474], [141.44248288502746, 38.76647842878249], [141.4423146485116, 38.766533892251225], [141.44228050247497, 38.76654514931437], [141.4420591616611, 38.76661811231082], [141.44205811195624, 38.766618217776866], [141.44153833180786, 38.76667044484668], [141.4415382743512, 38.766670454154585], [141.44138557980878, 38.76691915566747], [141.44136767225837, 38.766942464775596], [141.4413382113658, 38.76698080948404], [141.4411325716195, 38.767248468739055], [141.44107809724417, 38.767319371905856], [141.4405894312112, 38.767448396927996], [141.44054523578149, 38.76751918607862], [141.44048817261393, 38.76761058776309], [141.44041918056166, 38.76770494504147], [141.44041512959402, 38.767992755468676], [141.44040761715095, 38.76821158468333], [141.44049331154, 38.76821009450016], [141.44067218211788, 38.76820599399801], [141.4408165876724, 38.768205919169226], [141.4411374333874, 38.76820553932215], [141.441199433627, 38.76820291509871], [141.44124541443037, 38.768200968754954], [141.44147094398076, 38.76834014513448], [141.44160000076187, 38.76835519406601], [141.44199161854573, 38.768399605139784], [141.44216017249977, 38.7683649708673], [141.44226068815388, 38.76839862698126], [141.4423166668524, 38.76845490219966], [141.4423922122991, 38.76851273306245], [141.44241612464722, 38.76852057051297], [141.4424515543434, 38.76854310541342], [141.4425294939559, 38.7685695934551], [141.44261291715745, 38.76863114883104], [141.44269867203, 38.76865835907051], [141.44272137995745, 38.76870884366436], [141.4427844350741, 38.76877173032496], [141.44288838533953, 38.76887082665077], [141.4429357010617, 38.768955650906044], [141.44304905444625, 38.7691129964285], [141.44320134180938, 38.76926155229435], [141.44320921834048, 38.76938625471541], [141.4432283665869, 38.769426757900376], [141.44331178723897, 38.76938377351477], [141.44335339738012, 38.769412813637466], [141.44345247988505, 38.76952305003224], [141.44352359872784, 38.769531377736534], [141.4435487260675, 38.769578038763825], [141.4436512273942, 38.76965133146237], [141.44369301805463, 38.76970746388009], [141.44376129495888, 38.76981169158767], [141.44373201163407, 38.769824270504635], [141.44377402604363, 38.76986761449283], [141.44378618135073, 38.76988014544285], [141.4438363690565, 38.76993191778336], [141.44396396462807, 38.770041229117936], [141.44407933033975, 38.77008321046028], [141.44414695159622, 38.77009290198936], [141.4442099904745, 38.770077897016044], [141.4442884546257, 38.77004728904301], [141.44435022481855, 38.77003883919384], [141.44436753516737, 38.77003646944175], [141.44443200281341, 38.770020339775584]]]}, "properties": {"SICHOSON": "205", "SICHOSON_N": "気仙沼市", "RINPAN": "B095", "JUNRINPAN": "ﾛ", "KEYCODE": "000205@B095@02", "ADDDATE": "2022-09-28", "ADDTENANT": "04000F", "ADDUSER": "pasco01", "EDITDATE": null, "EDITTENANT": "", "EDITUSER": ""}}, {"type": "Feature", "geometry": {"type": "Polygon", "coordinates": [[[141.44241312133056, 38.77424865318089], [141.44246008493474, 38.77424706518723], [141.4426827532595, 38.77425018183533], [141.442971747904, 38.77427535720388], [141.44314142158623, 38.7742922717554], [141.44322091421506, 38.77430764953076], [141.44333286892177, 38.77432928836616], [141.44342088302358, 38.774270839607325], [141.44347294119333, 38.774236270987416], [141.44355136530197, 38.77418418652848], [141.4436266309466, 38.77413420857325], [141.4439674439549, 38.7739073772151], [141.44423160972457, 38.773730594440835], [141.44431823390553, 38.77367261983132], [141.44440205598755, 38.77361130850084], [141.44462033283818, 38.77345164743736], [141.4449745637764, 38.77319988741658], [141.4449823650016, 38.773194342154994], [141.4449092033154, 38.77314520495087], [141.444412231953, 38.77281139264875], [141.44421923001943, 38.77268182944172], [141.4440436596504, 38.77256395755506], [141.44403745580388, 38.77255979272979], [141.44393735703187, 38.77248524554045], [141.4438564363064, 38.77242496816744], [141.44377601603213, 38.77236114672713], [141.44357968576267, 38.772205347913115], [141.4432679641657, 38.7719410019656], [141.44313732091246, 38.77181597538317], [141.44307168708076, 38.771738329621115], [141.44301839911537, 38.77167528499729], [141.44299751825616, 38.7716505798235], [141.4429177616325, 38.77169239533029], [141.4429344539052, 38.77166602931586], [141.44287574214312, 38.771573337613674], [141.44287237340808, 38.77156802101616], [141.44284913761769, 38.771541770459145], [141.4428244377753, 38.77151386629206], [141.44279611495895, 38.77148186935278], [141.44267264404124, 38.771342380689966], [141.44245042550594, 38.77115820805786], [141.44239412697922, 38.77110220757208], [141.442340923842, 38.77104928368288], [141.44223966390007, 38.770948555800004], [141.44222480591918, 38.77093377393518], [141.44213913961138, 38.7708398421118], [141.44209083769877, 38.77078687906048], [141.44199215935095, 38.77067879976262], [141.44194647464585, 38.77058413794939], [141.44187629718033, 38.77032777681793], [141.4418786567904, 38.77026675176951], [141.4418803353597, 38.770223360680276], [141.4419187644527, 38.770169755827304], [141.44196154588008, 38.770104254568075], [141.4421067252509, 38.76982175504636], [141.4421084867357, 38.76981833059749], [141.4420971813735, 38.769758183014794], [141.44208050064015, 38.76966944395869], [141.44202430186436, 38.7695292681079], [141.44199235101487, 38.76946819111035], [141.4418764211751, 38.76924658218648], [141.44179417454293, 38.76911085890246], [141.44174095467486, 38.76906305275986], [141.44171098482266, 38.76903613071939], [141.44156663021235, 38.76896786487656], [141.441322528304, 38.7693797372172], [141.44128288055668, 38.76944663274389], [141.44127036284289, 38.769493437830526], [141.4412431177976, 38.769595306238536], [141.4412439547514, 38.76960050002007], [141.44124634180352, 38.7696153234593], [141.44125538548786, 38.76967143969823], [141.44112839136835, 38.7697505677109], [141.44094188276208, 38.769808384553144], [141.44091859499002, 38.76981560373322], [141.44078286522893, 38.76986886719012], [141.4406447979015, 38.769987123825096], [141.44057314568062, 38.77007484731906], [141.44048449103735, 38.77018338677132], [141.44047154025978, 38.77019791243148], [141.44041852989082, 38.770257367257955], [141.44027862987116, 38.77041427304274], [141.44013926832906, 38.77046963566762], [141.44007501994145, 38.770466709811686], [141.4399240755717, 38.770459836679855], [141.4398748218296, 38.77045759413933], [141.4397076848648, 38.770489588071364], [141.439671406765, 38.7704965320627], [141.43944188797022, 38.77047109228852], [141.43935637012592, 38.77050193178446], [141.43932838350315, 38.770489718494524], [141.43929263502886, 38.770474118456725], [141.43924887671005, 38.77051002056609], [141.43932367946783, 38.77063951402256], [141.43932243535355, 38.77065949410217], [141.4393079766607, 38.77089191666493], [141.4393478112118, 38.77113472513823], [141.43935073823167, 38.77124577705586], [141.43935483747939, 38.771401388106156], [141.439355090185, 38.771410989379405], [141.43935518680726, 38.771414656400424], [141.43935542533114, 38.77141510110401], [141.43941827286238, 38.771531580054585], [141.4394395965891, 38.77157109960739], [141.4394980557514, 38.7718257869344], [141.43950550209456, 38.77185822988936], [141.43951636574297, 38.771905562139914], [141.4395309577667, 38.772072790667096], [141.43954437881274, 38.77210886924839], [141.43961326015463, 38.77229404564676], [141.4396644944119, 38.772398769522304], [141.43963594815472, 38.77245648446177], [141.4395909474371, 38.772433016405564], [141.43959808739223, 38.7724905651287], [141.43960770797483, 38.7725681719005], [141.43952533451593, 38.77253842840024], [141.43946470837616, 38.772502753208414], [141.43935945356048, 38.77245492218199], [141.43921251280494, 38.77240391172286], [141.43901085871056, 38.7723374280821], [141.43882358741928, 38.772271995689096], [141.43863485700194, 38.77220544443934], [141.43844462519337, 38.77212990977797], [141.43830343756986, 38.77208000260158], [141.43817386945867, 38.772044639442264], [141.43794015380072, 38.77197788744078], [141.43795333124342, 38.77207504238308], [141.43797491706695, 38.772357383939536], [141.43796059587623, 38.772438699356584], [141.4379818367743, 38.77244788664599], [141.43807137039522, 38.77249705250197], [141.43812345466364, 38.77252565559436], [141.43824230927143, 38.7726237941899], [141.43836146102097, 38.77274889474828], [141.4384474971221, 38.77286633791795], [141.43853219288613, 38.772992778839296], [141.43861751080425, 38.77316692758084], [141.43867418598404, 38.77328262175659], [141.4387003349019, 38.7733359901371], [141.43871437447004, 38.77336466389494], [141.43875893799068, 38.77344283655593], [141.43890329446268, 38.77369607279722], [141.4390339785424, 38.773955929173084], [141.4390956272456, 38.774120812932594], [141.4391185996946, 38.77418225072414], [141.43917196047755, 38.77432496146601], [141.43920415024388, 38.774411035822084], [141.43931982196256, 38.77441373245236], [141.4399125196244, 38.77442756378193], [141.4400417739679, 38.77443057658149], [141.4401434235932, 38.77444097572133], [141.4403523797197, 38.77446236596702], [141.4405082394471, 38.77446526708471], [141.44062391820995, 38.77446742185355], [141.44073946846072, 38.77445455935267], [141.44091227740014, 38.77443530906253], [141.441296778708, 38.77439359557591], [141.44173657330188, 38.77428638752899], [141.44191017533547, 38.77426845594296], [141.44197689698382, 38.774265162572654], [141.4420924960168, 38.77425946055008], [141.44218202956387, 38.7742564437255], [141.4422081230063, 38.77425556004594], [141.44241312133056, 38.77424865318089]]]}, "properties": {"SICHOSON": "205", "SICHOSON_N": "気仙沼市", "RINPAN": "B096", "JUNRINPAN": "ｲ", "KEYCODE": "000205@B096@01", "ADDDATE": "2022-09-28", "ADDTENANT": "04000F", "ADDUSER": "pasco01", "EDITDATE": null, "EDITTENANT": "", "EDITUSER": ""}}, {"type": "Feature", "geometry": {"type": "Polygon", "coordinates": [[[141.4366906579246, 38.77233000264241], [141.43684679257132, 38.77229084469988], [141.4368540459674, 38.772291239670494], [141.4370848074616, 38.77230364941917], [141.43733402481945, 38.77231705340768], [141.43765595844766, 38.77233417091897], [141.4377754627443, 38.77235927241407], [141.4378808299854, 38.77240420342526], [141.43796059587623, 38.772438699356584], [141.43797491706695, 38.772357383939536], [141.43795333124342, 38.77207504238308], [141.43794015380072, 38.77197788744078], [141.437913896096, 38.77178430676455], [141.4379111475592, 38.77176407799078], [141.43790244673744, 38.77167836460377], [141.4379072103921, 38.771664792381564], [141.43790282433437, 38.77154872641733], [141.43791427211406, 38.77132892216374], [141.43789129396123, 38.77123998807183], [141.4378949978323, 38.77121170529622], [141.4379100488119, 38.771096755878375], [141.43791359510192, 38.77106971083845], [141.4379825092407, 38.77067267810331], [141.43796652580352, 38.77039413626484], [141.43789782755397, 38.770154118897295], [141.43782121262174, 38.769978203812755], [141.43778634502263, 38.76991009758795], [141.43771112472217, 38.76976315684218], [141.43759856679253, 38.76958521127238], [141.4375528918304, 38.76947988201705], [141.4375319501808, 38.76940360471081], [141.4375262260456, 38.76938529218027], [141.4375140798708, 38.769346418500724], [141.43748465836117, 38.76928255424217], [141.43742887831172, 38.76923240623852], [141.4374284861042, 38.769232702856826], [141.4374276236323, 38.76923209110591], [141.4374121315726, 38.76922110464592], [141.43741041381054, 38.7692197775044], [141.4374029102679, 38.769209060560094], [141.43737755293438, 38.76917284520632], [141.4373729487677, 38.769182124747566], [141.43731685654902, 38.76930606180817], [141.4373090558686, 38.7693185163866], [141.43725511936034, 38.76940471209637], [141.4372112638735, 38.76948264047576], [141.4372040190658, 38.76949551559309], [141.43715347097657, 38.76958631531257], [141.4370715993246, 38.769733402275236], [141.4369214283534, 38.76992420176742], [141.4368013096936, 38.77010471087942], [141.43672718345698, 38.77020682210554], [141.43666121459057, 38.770297701218475], [141.43660940696122, 38.77036494081486], [141.43642895353855, 38.77059912067105], [141.43625774989133, 38.77083724346717], [141.4362047689369, 38.770896289934036], [141.4360718312517, 38.771044469301515], [141.43605908390597, 38.7710586790138], [141.43587545460832, 38.77124529838208], [141.43579614427844, 38.77131421091374], [141.43571842974256, 38.77137707920398], [141.4355484026029, 38.77151460241862], [141.43526768273657, 38.77171969472742], [141.43503346517696, 38.77184247589323], [141.43485672007077, 38.77196827607239], [141.43471426620974, 38.772075881740136], [141.43465155784475, 38.77214578012006], [141.43458654616168, 38.77221823082474], [141.43462855769647, 38.772232797384575], [141.43468556072455, 38.772252566907014], [141.43484003408628, 38.77230612084615], [141.43496864281565, 38.77235070964543], [141.43534880249297, 38.77243713559732], [141.43565935031765, 38.7724633072362], [141.43593077306497, 38.77245827657647], [141.43601323018237, 38.77245028301422], [141.4361287815893, 38.77243907369716], [141.4362442756925, 38.772419694393015], [141.4363997611985, 38.772393594287415], [141.4364100649722, 38.77239134294731], [141.4366906579246, 38.77233000264241]]]}, "properties": {"SICHOSON": "205", "SICHOSON_N": "気仙沼市", "RINPAN": "B096", "JUNRINPAN": "ﾊ", "KEYCODE": "000205@B096@03", "ADDDATE": "2022-09-28", "ADDTENANT": "04000F", "ADDUSER": "pasco01", "EDITDATE": null, "EDITTENANT": "", "EDITUSER": ""}}, {"type": "Feature", "geometry": {"type": "Polygon", "coordinates": [[[141.43959808739223, 38.7724905651287], [141.4395909474371, 38.772433016405564], [141.43963594815472, 38.77245648446177], [141.4396644944119, 38.772398769522304], [141.43961326015463, 38.77229404564676], [141.43954437881274, 38.77210886924839], [141.4395309577667, 38.772072790667096], [141.43951636574297, 38.771905562139914], [141.43950550209456, 38.77185822988936], [141.4394980557514, 38.7718257869344], [141.4394395965891, 38.77157109960739], [141.43941827286238, 38.771531580054585], [141.43935542533114, 38.77141510110401], [141.43935518680726, 38.771414656400424], [141.439355090185, 38.771410989379405], [141.43935483747939, 38.771401388106156], [141.43935073823167, 38.77124577705586], [141.4393478112118, 38.77113472513823], [141.4393079766607, 38.77089191666493], [141.43932243535355, 38.77065949410217], [141.43932367946783, 38.77063951402256], [141.43924887671005, 38.77051002056609], [141.43929263502886, 38.770474118456725], [141.43932838350315, 38.770489718494524], [141.43935637012592, 38.77050193178446], [141.43944188797022, 38.77047109228852], [141.439671406765, 38.7704965320627], [141.4397076848648, 38.770489588071364], [141.4398748218296, 38.77045759413933], [141.4399240755717, 38.770459836679855], [141.44007501994145, 38.770466709811686], [141.44013926832906, 38.77046963566762], [141.44027862987116, 38.77041427304274], [141.44041852989082, 38.770257367257955], [141.44047154025978, 38.77019791243148], [141.44048449103735, 38.77018338677132], [141.44057314568062, 38.77007484731906], [141.4406447979015, 38.769987123825096], [141.44078286522893, 38.76986886719012], [141.44091859499002, 38.76981560373322], [141.44094188276208, 38.769808384553144], [141.44112839136835, 38.7697505677109], [141.44125538548786, 38.76967143969823], [141.44124634180352, 38.7696153234593], [141.4412439547514, 38.76960050002007], [141.4412431177976, 38.769595306238536], [141.44127036284289, 38.769493437830526], [141.44128288055668, 38.76944663274389], [141.441322528304, 38.7693797372172], [141.44156663021235, 38.76896786487656], [141.4415577509485, 38.76896582372355], [141.44135787953493, 38.76891988860129], [141.44115151097657, 38.76888544894971], [141.44111712407104, 38.76887986388452], [141.44095290568595, 38.76885319377078], [141.44079584538167, 38.768805119811276], [141.44079233916034, 38.76880404705729], [141.44070958993075, 38.768771602743676], [141.44067002226797, 38.768756088733824], [141.44053521921126, 38.768687681884856], [141.44048178051688, 38.76854264593115], [141.44043623378772, 38.76838348443755], [141.44043579262905, 38.76838194080164], [141.44040761715095, 38.76821158468333], [141.44041512959402, 38.767992755468676], [141.44041918056166, 38.76770494504147], [141.4401905200218, 38.76769271830263], [141.44005255887276, 38.767694339062295], [141.4398870163008, 38.76769628388309], [141.43961566765893, 38.767699471068084], [141.4395310087708, 38.76770046515095], [141.43930287793305, 38.76813185932046], [141.43869692398903, 38.76839809458584], [141.4385505429682, 38.76846240869663], [141.43845747684188, 38.76850329821995], [141.43832800038038, 38.76856018407263], [141.43808967336128, 38.768577655170056], [141.43808325157974, 38.76857812623166], [141.437963413231, 38.76861182424604], [141.437875184394, 38.76863663441755], [141.4378257688194, 38.76867464902573], [141.4376348299428, 38.76882153831162], [141.43757772406533, 38.76886546728223], [141.43757725824685, 38.768898235066345], [141.4375761855261, 38.76897391989117], [141.43757347454738, 38.76916506225692], [141.43753183812694, 38.76918390882072], [141.43752208589297, 38.769188323148136], [141.4374351296867, 38.76922768659479], [141.43742887831172, 38.76923240623852], [141.43748465836117, 38.76928255424217], [141.4375140798708, 38.769346418500724], [141.4375262260456, 38.76938529218027], [141.4375319501808, 38.76940360471081], [141.4375528918304, 38.76947988201705], [141.43759856679253, 38.76958521127238], [141.43771112472217, 38.76976315684218], [141.43778634502263, 38.76991009758795], [141.43782121262174, 38.769978203812755], [141.43789782755397, 38.770154118897295], [141.43796652580352, 38.77039413626484], [141.4379825092407, 38.77067267810331], [141.43791359510192, 38.77106971083845], [141.4379100488119, 38.771096755878375], [141.4378949978323, 38.77121170529622], [141.43789129396123, 38.77123998807183], [141.43791427211406, 38.77132892216374], [141.43790282433437, 38.77154872641733], [141.4379072103921, 38.771664792381564], [141.43790244673744, 38.77167836460377], [141.4379111475592, 38.77176407799078], [141.437913896096, 38.77178430676455], [141.43794015380072, 38.77197788744078], [141.43817386945867, 38.772044639442264], [141.43830343756986, 38.77208000260158], [141.43844462519337, 38.77212990977797], [141.43863485700194, 38.77220544443934], [141.43882358741928, 38.772271995689096], [141.43901085871056, 38.7723374280821], [141.43921251280494, 38.77240391172286], [141.43935945356048, 38.77245492218199], [141.43946470837616, 38.772502753208414], [141.43952533451593, 38.77253842840024], [141.43960770797483, 38.7725681719005], [141.43959808739223, 38.7724905651287]]]}, "properties": {"SICHOSON": "205", "SICHOSON_N": "気仙沼市", "RINPAN": "B096", "JUNRINPAN": "ﾛ", "KEYCODE": "000205@B096@02", "ADDDATE": "2022-09-28", "ADDTENANT": "04000F", "ADDUSER": "pasco01", "EDITDATE": null, "EDITTENANT": "", "EDITUSER": ""}}, {"type": "Feature", "geometry": {"type": "Polygon", "coordinates": [[[141.43273880452395, 38.773476662517204], [141.432881264476, 38.77340649120082], [141.43287437451275, 38.77343522438648], [141.43289253569372, 38.7734305555996], [141.43296823454614, 38.77340416755248], [141.4330229127589, 38.77338510344705], [141.43311163853554, 38.7733420540742], [141.433184547328, 38.77329570748196], [141.4332170985427, 38.77326757138279], [141.43320879211979, 38.77325179439625], [141.43320523437436, 38.773221362586746], [141.43326784059516, 38.77314874482648], [141.4332878492867, 38.773123534317456], [141.43336802634354, 38.77309738428028], [141.43344023018614, 38.773029583756404], [141.43345774017686, 38.77301314089451], [141.43345938190396, 38.77300429293457], [141.43346347362777, 38.7729822496748], [141.43347434047058, 38.77292370721226], [141.433485454963, 38.77286382024986], [141.43348137705527, 38.772772698177256], [141.4334271475295, 38.77269127495221], [141.43343678087479, 38.77265981146191], [141.43352723788615, 38.77260527554645], [141.43354382998004, 38.77255676751104], [141.43354392831012, 38.772556416559965], [141.43351090364345, 38.77249078427048], [141.4335203072835, 38.772453889586636], [141.43354178294572, 38.77243993622418], [141.4336176224218, 38.77239066082939], [141.43362716046747, 38.772370496771345], [141.4336897151814, 38.7722848710947], [141.43370491785214, 38.77225967529002], [141.43371667342453, 38.772245685342156], [141.4337836630137, 38.772181323956644], [141.43380981591247, 38.77207642601092], [141.43381264383856, 38.77206508189064], [141.43381178642386, 38.77204764146537], [141.43383079057324, 38.772013718110486], [141.43392370006444, 38.771847893171866], [141.43393605874263, 38.77182582993058], [141.4339242880318, 38.771817827455735], [141.4338068383147, 38.77171742409042], [141.4336399732467, 38.77156340121963], [141.43346084275268, 38.77138329816217], [141.43339451749227, 38.771316603498484], [141.43331798003007, 38.77124658378651], [141.433256669222, 38.77119049380118], [141.43316790596643, 38.77108542005316], [141.43309854666663, 38.770995778002906], [141.43235660904273, 38.77113864362875], [141.4323472724682, 38.771140265337685], [141.43228149253335, 38.77107161321043], [141.43218183012576, 38.771132058333976], [141.43202757791127, 38.771212495405386], [141.43182285891174, 38.77126280099748], [141.43150953125237, 38.771339795185185], [141.43129069696923, 38.771388157700585], [141.43105907750112, 38.771531578642616], [141.43095857126858, 38.771639081424105], [141.4308969455659, 38.77170838128374], [141.4308413122465, 38.7717906845504], [141.4307752752905, 38.771827425310725], [141.43076417727283, 38.77175116404935], [141.43076172180437, 38.77158150748353], [141.43076061893998, 38.77150530233022], [141.4301525792762, 38.77163177773358], [141.4297986465423, 38.77172654564667], [141.42962267846877, 38.77183630984114], [141.42936994540474, 38.771983779256615], [141.42905412933322, 38.772085500881055], [141.42834231239715, 38.772359757089326], [141.4274827322709, 38.772837726263525], [141.42773536538658, 38.77291616139203], [141.42798717232034, 38.77297957333212], [141.428178855227, 38.772976471760146], [141.42834739831187, 38.77297374353945], [141.428475915632, 38.77297166214554], [141.4288350949177, 38.77300023215499], [141.42886251053417, 38.773002413149925], [141.4290746479397, 38.77298532316496], [141.42931023992065, 38.77304580593138], [141.42950835696084, 38.773046275629355], [141.42962730774684, 38.773046557956945], [141.42980170898053, 38.773066676746716], [141.43015865166544, 38.77302587297212], [141.43044212050975, 38.773033982563625], [141.4305137517675, 38.77303603185046], [141.43095059127378, 38.773056839132344], [141.4313717181595, 38.77324390330796], [141.431734469196, 38.77333355887475], [141.4317545755591, 38.773356327711326], [141.4318317945145, 38.773443770839414], [141.43222062295374, 38.77338319411367], [141.43242460350854, 38.77348055283446], [141.43260924900923, 38.773478266543655], [141.43273880452395, 38.773476662517204]]]}, "properties": {"SICHOSON": "205", "SICHOSON_N": "気仙沼市", "RINPAN": "B098", "JUNRINPAN": "ｲ", "KEYCODE": "000205@B098@01", "ADDDATE": "2022-09-28", "ADDTENANT": "04000F", "ADDUSER": "pasco01", "EDITDATE": null, "EDITTENANT": "", "EDITUSER": ""}}, {"type": "Feature", "geometry": {"type": "Polygon", "coordinates": [[[141.4274827322709, 38.772837726263525], [141.42834231239715, 38.772359757089326], [141.42905412933322, 38.772085500881055], [141.42936994540474, 38.771983779256615], [141.42962267846877, 38.77183630984114], [141.4297986465423, 38.77172654564667], [141.4301525792762, 38.77163177773358], [141.43076061893998, 38.77150530233022], [141.43076172180437, 38.77158150748353], [141.43076417727283, 38.77175116404935], [141.4307752752905, 38.771827425310725], [141.4308413122465, 38.7717906845504], [141.4308969455659, 38.77170838128374], [141.43095857126858, 38.771639081424105], [141.43105907750112, 38.771531578642616], [141.43129069696923, 38.771388157700585], [141.43150953125237, 38.771339795185185], [141.43182285891174, 38.77126280099748], [141.43202757791127, 38.771212495405386], [141.43218183012576, 38.771132058333976], [141.43228149253335, 38.77107161321043], [141.4323472724682, 38.771140265337685], [141.43235660904273, 38.77113864362875], [141.43309854666663, 38.770995778002906], [141.43306119192607, 38.77094750181181], [141.4330294794678, 38.770906503775635], [141.4329584065744, 38.77078519423617], [141.4329094560433, 38.770701636470875], [141.43280213017658, 38.77047646180548], [141.43277813712368, 38.770395270528205], [141.43275140999057, 38.77030487806218], [141.43273594725974, 38.77021441790754], [141.43271304516722, 38.77008040272801], [141.43267730035478, 38.76983344663525], [141.4326238366128, 38.76954278009531], [141.43256961971798, 38.76937414206624], [141.432540556084, 38.769283752505395], [141.4325051608459, 38.76921245823499], [141.43249885199083, 38.76919975198931], [141.4324627087949, 38.76912693813374], [141.43242203483413, 38.769043490858714], [141.43238188805165, 38.768961148961054], [141.43225326760003, 38.76875857719085], [141.43217002099942, 38.768634376382614], [141.43204278955454, 38.76847517512399], [141.4319850629683, 38.76840294103639], [141.4319231873119, 38.76832841197993], [141.43184678130953, 38.768236381827926], [141.43167866225738, 38.76810033611872], [141.43142249015358, 38.767924389007426], [141.4304004026863, 38.768683379226026], [141.43026034252955, 38.76860088391146], [141.4302310462462, 38.76863133048403], [141.43014720660202, 38.76872030716475], [141.43008434519786, 38.768781555371035], [141.43001805698896, 38.768846147125956], [141.42994841725792, 38.76891400456275], [141.4298299668441, 38.769033787964176], [141.42980857125698, 38.76905345369016], [141.42970932455893, 38.76914467262257], [141.42956307909859, 38.76928062441947], [141.4294220874027, 38.76941048624378], [141.4292810831815, 38.769437934741575], [141.42919685696236, 38.76944182360839], [141.42906826787308, 38.769449731301584], [141.42880691122824, 38.76946818013534], [141.42861905071416, 38.76950845199962], [141.42848957648184, 38.769551119916706], [141.42831420799, 38.76961158870238], [141.42807672382804, 38.76963220263316], [141.42779666191348, 38.76965288851474], [141.42757521728805, 38.7696732847087], [141.42729706765047, 38.76971784227579], [141.42690281730938, 38.76978187155048], [141.42667727294946, 38.76981309755098], [141.42660395196705, 38.76980128972793], [141.42651872463162, 38.769770515483785], [141.42605226450056, 38.76960668578708], [141.42593869373698, 38.769588352012434], [141.4258264688279, 38.76960333524356], [141.42572114158477, 38.769618602320655], [141.42546124040987, 38.7696562757158], [141.42533111988752, 38.76974910499535], [141.42523678661985, 38.76986406794705], [141.4251770809069, 38.76999728769092], [141.42517471133112, 38.770085429298305], [141.42517146516084, 38.770206196585626], [141.42515679887074, 38.770307206616216], [141.42510836913095, 38.77044864839873], [141.42508644453122, 38.77049753631843], [141.42503697819333, 38.77060783683357], [141.4249977562725, 38.77074255634875], [141.42495337175274, 38.770827671933716], [141.42486020457898, 38.77092104333104], [141.42473285673537, 38.77106711853477], [141.4245964521913, 38.77122859058695], [141.4245330215874, 38.771277487474634], [141.4243198311786, 38.771424500928944], [141.42407614106867, 38.771607451522954], [141.42382581480737, 38.77171286398255], [141.42357083172232, 38.77182023633878], [141.4237351270414, 38.77187726435012], [141.4239361854295, 38.77194705574997], [141.42448053799185, 38.77220098524132], [141.42472290055923, 38.772387450535604], [141.42488490996445, 38.77248275559412], [141.42525299738625, 38.772654205131765], [141.42541565927726, 38.77268976812406], [141.42547734096487, 38.77267688369863], [141.42597508002373, 38.77257292504296], [141.42613624024042, 38.772721799583714], [141.42629759940584, 38.77275798596464], [141.42635283624378, 38.772770373110546], [141.42660944699736, 38.772827919577026], [141.4268012995221, 38.77290157522882], [141.42688456430906, 38.77285476555565], [141.42693032465357, 38.77285385747495], [141.4271004681333, 38.77284888961851], [141.4274827322709, 38.772837726263525]]]}, "properties": {"SICHOSON": "205", "SICHOSON_N": "気仙沼市", "RINPAN": "B098", "JUNRINPAN": "ﾛ", "KEYCODE": "000205@B098@02", "ADDDATE": "2022-09-28", "ADDTENANT": "04000F", "ADDUSER": "pasco01", "EDITDATE": null, "EDITTENANT": "", "EDITUSER": ""}}, {"type": "Feature", "geometry": {"type": "Polygon", "coordinates": [[[141.43807137039522, 38.77249705250197], [141.4379818367743, 38.77244788664599], [141.43796059587623, 38.772438699356584], [141.4378808299854, 38.77240420342526], [141.4377754627443, 38.77235927241407], [141.43765595844766, 38.77233417091897], [141.43733402481945, 38.77231705340768], [141.4370848074616, 38.77230364941917], [141.4368540459674, 38.772291239670494], [141.43684679257132, 38.77229084469988], [141.4366906579246, 38.77233000264241], [141.4364100649722, 38.77239134294731], [141.4363997611985, 38.772393594287415], [141.4362442756925, 38.772419694393015], [141.4361287815893, 38.77243907369716], [141.43601323018237, 38.77245028301422], [141.43593077306497, 38.77245827657647], [141.43565935031765, 38.7724633072362], [141.43534880249297, 38.77243713559732], [141.43496864281565, 38.77235070964543], [141.43484003408628, 38.77230612084615], [141.43468556072455, 38.772252566907014], [141.43462855769647, 38.772232797384575], [141.43458654616168, 38.77221823082474], [141.43449123984507, 38.772167884789965], [141.4342585877358, 38.772044976494456], [141.4340275263307, 38.771887979793085], [141.43401432043638, 38.77187900273405], [141.43393605874263, 38.77182582993058], [141.43392370006444, 38.771847893171866], [141.43383079057324, 38.772013718110486], [141.43381178642386, 38.77204764146537], [141.43381264383856, 38.77206508189064], [141.43380981591247, 38.77207642601092], [141.4337836630137, 38.772181323956644], [141.43371667342453, 38.772245685342156], [141.43370491785214, 38.77225967529002], [141.4336897151814, 38.7722848710947], [141.43362716046747, 38.772370496771345], [141.4336176224218, 38.77239066082939], [141.43354178294572, 38.77243993622418], [141.4335203072835, 38.772453889586636], [141.43351090364345, 38.77249078427048], [141.43354392831012, 38.772556416559965], [141.43354382998004, 38.77255676751104], [141.43352723788615, 38.77260527554645], [141.43343678087479, 38.77265981146191], [141.4334271475295, 38.77269127495221], [141.43348137705527, 38.772772698177256], [141.433485454963, 38.77286382024986], [141.43347434047058, 38.77292370721226], [141.43346347362777, 38.7729822496748], [141.43345774017686, 38.77301314089451], [141.43336802634354, 38.77309738428028], [141.4332878492867, 38.773123534317456], [141.43326784059516, 38.77314874482648], [141.43320523437436, 38.773221362586746], [141.43320879211979, 38.77325179439625], [141.43324679847717, 38.77332398579306], [141.43325806910167, 38.773433007656784], [141.4333254091539, 38.773690532605364], [141.43338719971507, 38.77376172437611], [141.43342905199034, 38.773809944909324], [141.43350234556303, 38.77393046792037], [141.43354865843705, 38.7740640752354], [141.4337118517765, 38.77427336046253], [141.43379389777354, 38.77432037077819], [141.43386178729932, 38.77435926919846], [141.43391708456127, 38.77442521843463], [141.4340325080975, 38.77449329011325], [141.43415652521875, 38.77455683917562], [141.4342560644304, 38.77461397531451], [141.43426043786513, 38.7746196266284], [141.43428943677367, 38.77464458620392], [141.4343461235781, 38.77469337695438], [141.43435877297435, 38.77470769550252], [141.4344398701175, 38.77479388000811], [141.4344506529391, 38.77495175766138], [141.43446338801812, 38.77502412546327], [141.43453446662824, 38.77504138753901], [141.43454041162676, 38.77516911837925], [141.43450543227132, 38.775245158605685], [141.4345191269057, 38.775312821522085], [141.43453538342627, 38.77549495897016], [141.43451285265368, 38.775626648849766], [141.4345563845635, 38.775638384213536], [141.4344889101756, 38.775730565262506], [141.43446159434782, 38.775836251249714], [141.4343522541017, 38.77610319664001], [141.43430637300858, 38.77647612773091], [141.4343419807846, 38.776445935999725], [141.43442811127352, 38.776372908388176], [141.43463028871258, 38.7762098785513], [141.43483983385525, 38.776063657970575], [141.43500237277902, 38.77595256055366], [141.43509438994897, 38.775902420763146], [141.43518798799332, 38.775851425922866], [141.4352783814955, 38.77580257271082], [141.43553497723343, 38.77566390932909], [141.43580512181842, 38.77554203117519], [141.43598379039506, 38.77547738917671], [141.43604834208705, 38.77545402955695], [141.4361989948685, 38.77541083774091], [141.43628459704487, 38.77538628833223], [141.4363810455447, 38.77536100632563], [141.4364865543224, 38.77533336309543], [141.436579751021, 38.775282746684354], [141.43691349464135, 38.77510152942221], [141.43739318138879, 38.77483342293341], [141.43780793298473, 38.77466908055257], [141.438209976149, 38.7745250283419], [141.43837674770185, 38.77449926358161], [141.43860367428877, 38.7744641952757], [141.4387477105148, 38.774441944084806], [141.43875494169924, 38.77444145437841], [141.43908855717336, 38.77441886105639], [141.43920415024388, 38.774411035822084], [141.43917196047755, 38.77432496146601], [141.4391185996946, 38.77418225072414], [141.4390956272456, 38.774120812932594], [141.4390339785424, 38.773955929173084], [141.43890329446268, 38.77369607279722], [141.43875893799068, 38.77344283655593], [141.43871437447004, 38.77336466389494], [141.4387003349019, 38.7733359901371], [141.43867418598404, 38.77328262175659], [141.43861751080425, 38.77316692758084], [141.43853219288613, 38.772992778839296], [141.4384474971221, 38.77286633791795], [141.43836146102097, 38.77274889474828], [141.43824230927143, 38.7726237941899], [141.43812345466364, 38.77252565559436], [141.43807137039522, 38.77249705250197]]]}, "properties": {"SICHOSON": "205", "SICHOSON_N": "気仙沼市", "RINPAN": "B100", "JUNRINPAN": "ﾆ", "KEYCODE": "000205@B100@04", "ADDDATE": "2022-09-28", "ADDTENANT": "04000F", "ADDUSER": "pasco01", "EDITDATE": null, "EDITTENANT": "", "EDITUSER": ""}}, {"type": "Feature", "geometry": {"type": "Polygon", "coordinates": [[[141.43177256070615, 38.774212162755866], [141.43183269536522, 38.77419881083433], [141.43200969984943, 38.774366109327495], [141.4322680913729, 38.77420437300235], [141.4324850022563, 38.774049100944374], [141.43275887024902, 38.773891491341864], [141.43288831373388, 38.77382679031648], [141.43294833264693, 38.77379679087645], [141.4328945332674, 38.77366848201561], [141.43284612399245, 38.77355303000037], [141.432881264476, 38.77340649120082], [141.43273880452395, 38.773476662517204], [141.43260924900923, 38.773478266543655], [141.43242460350854, 38.77348055283446], [141.43222062295374, 38.77338319411367], [141.4318317945145, 38.773443770839414], [141.4317545755591, 38.773356327711326], [141.431734469196, 38.77333355887475], [141.4313717181595, 38.77324390330796], [141.43095059127378, 38.773056839132344], [141.4305137517675, 38.77303603185046], [141.43044212050975, 38.773033982563625], [141.43015865166544, 38.77302587297212], [141.42980170898053, 38.773066676746716], [141.42962730774684, 38.773046557956945], [141.42950835696084, 38.773046275629355], [141.42931023992065, 38.77304580593138], [141.4290746479397, 38.77298532316496], [141.42886251053417, 38.773002413149925], [141.4288350949177, 38.77300023215499], [141.428475915632, 38.77297166214554], [141.42834739831187, 38.77297374353945], [141.428178855227, 38.772976471760146], [141.42798717232034, 38.77297957333212], [141.42773536538658, 38.77291616139203], [141.4274827322709, 38.772837726263525], [141.42766717730882, 38.7730040845865], [141.42767162513766, 38.773008097053165], [141.4278283009943, 38.77338564689643], [141.4280170709271, 38.773581546245246], [141.42810926636915, 38.773677222738684], [141.428688447924, 38.77382592949151], [141.42896742289594, 38.77397981238299], [141.42916172793926, 38.77403870766938], [141.42918811056882, 38.77404670459131], [141.4292488969847, 38.77406613585254], [141.42946862445328, 38.77413637202266], [141.4298905869169, 38.77429495560691], [141.43012838168264, 38.77441064097611], [141.4303952278826, 38.7744328723077], [141.43053171538205, 38.77447955271969], [141.43078449752363, 38.77453889059737], [141.43105307380839, 38.77446635601669], [141.43118513413742, 38.7744306899744], [141.43156593163846, 38.774258040796774], [141.4316053712995, 38.77424928405737], [141.43177256070615, 38.774212162755866]]]}, "properties": {"SICHOSON": "205", "SICHOSON_N": "気仙沼市", "RINPAN": "B100", "JUNRINPAN": "ﾊ", "KEYCODE": "000205@B100@03", "ADDDATE": "2022-09-28", "ADDTENANT": "04000F", "ADDUSER": "pasco01", "EDITDATE": null, "EDITTENANT": "", "EDITUSER": ""}}, {"type": "Feature", "geometry": {"type": "Polygon", "coordinates": [[[141.4343522541017, 38.77610319664001], [141.43446159434782, 38.775836251249714], [141.4344889101756, 38.775730565262506], [141.4345563845635, 38.775638384213536], [141.43451285265368, 38.775626648849766], [141.43453538342627, 38.77549495897016], [141.4345191269057, 38.775312821522085], [141.43450543227132, 38.775245158605685], [141.43454041162676, 38.77516911837925], [141.43453446662824, 38.77504138753901], [141.43446338801812, 38.77502412546327], [141.4344506529391, 38.77495175766138], [141.4344398701175, 38.77479388000811], [141.43435877297435, 38.77470769550252], [141.4343461235781, 38.77469337695438], [141.43428943677367, 38.77464458620392], [141.43426043786513, 38.7746196266284], [141.4342560644304, 38.77461397531451], [141.43415652521875, 38.77455683917562], [141.4340325080975, 38.77449329011325], [141.43391708456127, 38.77442521843463], [141.43386178729932, 38.77435926919846], [141.43379389777354, 38.77432037077819], [141.4337118517765, 38.77427336046253], [141.43354865843705, 38.7740640752354], [141.43350234556303, 38.77393046792037], [141.43342905199034, 38.773809944909324], [141.43338719971507, 38.77376172437611], [141.4333254091539, 38.773690532605364], [141.43325806910167, 38.773433007656784], [141.43324679847717, 38.77332398579306], [141.4332170985427, 38.77326757138279], [141.433184547328, 38.77329570748196], [141.43311163853554, 38.7733420540742], [141.4330229127589, 38.77338510344705], [141.43296823454614, 38.77340416755248], [141.43289253569372, 38.7734305555996], [141.43287437451275, 38.77343522438648], [141.43284612399245, 38.77355303000037], [141.4328945332674, 38.77366848201561], [141.43294833264693, 38.77379679087645], [141.43288831373388, 38.77382679031648], [141.43275887024902, 38.773891491341864], [141.4324850022563, 38.774049100944374], [141.4322680913729, 38.77420437300235], [141.43200969984943, 38.774366109327495], [141.43183269536522, 38.77419881083433], [141.43177256070615, 38.774212162755866], [141.4316053712995, 38.77424928405737], [141.43156593163846, 38.774258040796774], [141.43118513413742, 38.7744306899744], [141.43105307380839, 38.77446635601669], [141.43078449752363, 38.77453889059737], [141.43053171538205, 38.77447955271969], [141.43072060281781, 38.774585658076816], [141.43074641406636, 38.77456898580445], [141.43075248599106, 38.77458444736325], [141.4307725772921, 38.774635616983794], [141.4307517416881, 38.774664635743044], [141.43075006823625, 38.77466696588984], [141.4307042730902, 38.77473074872785], [141.43071644013207, 38.77489662137602], [141.43077123442956, 38.77503349269342], [141.43096590031524, 38.775156207527175], [141.43102879456129, 38.775183678325014], [141.4310382801276, 38.77519708369583], [141.43111945516537, 38.775395447960214], [141.43121428988007, 38.775528572842425], [141.43133325908266, 38.77563682672126], [141.4313801395649, 38.7756755827261], [141.4314695143961, 38.7757494694258], [141.4315958698463, 38.775876783180315], [141.4317695607094, 38.77599706261121], [141.431859293956, 38.77592798144514], [141.4319669936753, 38.77605652635537], [141.43201820085588, 38.77610271299375], [141.43209320327801, 38.7761703548972], [141.43221323122495, 38.776243773158114], [141.43235608989278, 38.7762854908986], [141.43236021086085, 38.776286694084256], [141.43259275287548, 38.776392287010246], [141.43274153393804, 38.77651121614788], [141.4328214408844, 38.776575091027915], [141.43293687575908, 38.77664820957903], [141.43305845772224, 38.77668299066312], [141.4331986526568, 38.77674837838473], [141.43320947406187, 38.776748894002665], [141.43326083605936, 38.776786067698815], [141.43352159318243, 38.77701326367019], [141.43378333761424, 38.77687144260498], [141.4338670534365, 38.77681789602899], [141.4339503310479, 38.77675726164769], [141.4340001714664, 38.77672096992583], [141.43400242484137, 38.776719318725824], [141.4341837833316, 38.77657804503421], [141.43421321444592, 38.77655511923826], [141.43430637300858, 38.77647612773091], [141.4343522541017, 38.77610319664001]]]}, "properties": {"SICHOSON": "205", "SICHOSON_N": "気仙沼市", "RINPAN": "B100", "JUNRINPAN": "ﾛ", "KEYCODE": "000205@B100@02", "ADDDATE": "2022-09-28", "ADDTENANT": "04000F", "ADDUSER": "pasco01", "EDITDATE": null, "EDITTENANT": "", "EDITUSER": ""}}, {"type": "Feature", "geometry": {"type": "Polygon", "coordinates": [[[141.45272171495435, 38.771351666021715], [141.45282632350435, 38.77130105636644], [141.45286715397657, 38.77132439908588], [141.45295865960483, 38.77129747738365], [141.45308723034535, 38.77122767042661], [141.45321492732626, 38.77120625652613], [141.4533279727701, 38.7711806283763], [141.4534319246555, 38.771160054608], [141.45353599023522, 38.771152352049555], [141.45360784408567, 38.7711696227431], [141.453662098033, 38.771182662542095], [141.4537638163054, 38.771207408756595], [141.45383496630413, 38.77122471637942], [141.4540352568913, 38.771301296846495], [141.45427443509809, 38.77139005848992], [141.45427154699513, 38.77132333326079], [141.45423714641328, 38.7713099171043], [141.45422013434117, 38.771303282345684], [141.45415443012504, 38.77127765965122], [141.45407584654973, 38.77124701440208], [141.45402663254248, 38.77122782198243], [141.45380198736657, 38.771139997974146], [141.453474791634, 38.77105454743505], [141.4533433049426, 38.77090321007878], [141.4535224268477, 38.770779267579826], [141.4535445560802, 38.7707639548471], [141.45386329108223, 38.77063155292785], [141.4540682973558, 38.77056595158387], [141.45422833739588, 38.77051303906809], [141.4543339497673, 38.770466847898234], [141.45441024100023, 38.7704334789581], [141.4544914735585, 38.770395993668274], [141.45459328808363, 38.770349011648705], [141.45478045994898, 38.77026145909614], [141.4548206886579, 38.77026345506136], [141.4549050281556, 38.770267639814605], [141.45495659339326, 38.7702701979548], [141.45494699175472, 38.770295702751056], [141.45493961948597, 38.77031527864804], [141.45493466904801, 38.77032842733167], [141.45492540370398, 38.77035303665505], [141.45503468542313, 38.7703743550991], [141.45507738677142, 38.770341433766994], [141.45519868644968, 38.770238736563854], [141.45532569301096, 38.77013040623143], [141.45539524194263, 38.77006454141693], [141.45550353144526, 38.76995841769157], [141.4555684816849, 38.76988647012513], [141.45557980898343, 38.76987392258984], [141.45562502455775, 38.76981733211718], [141.45577277845882, 38.769760836105085], [141.45596855925146, 38.76970342190041], [141.45602940601904, 38.76968557812912], [141.4561554245011, 38.76964676928526], [141.45615626181012, 38.76956810546826], [141.45603875614958, 38.769535360860765], [141.45590319951575, 38.769527739900596], [141.45583995327667, 38.76953443346614], [141.45583975070548, 38.769534429139775], [141.45577661970194, 38.769533064502426], [141.45577108778858, 38.76950350875596], [141.4557619693177, 38.7694547912734], [141.45575723382956, 38.769427894313466], [141.4557517187786, 38.76939656912888], [141.45575243809378, 38.76939287165141], [141.455782155272, 38.76923992433751], [141.4557975323139, 38.76914756973826], [141.45580241220966, 38.76911825312851], [141.4557128105671, 38.7690403096876], [141.45567610497133, 38.76900838033029], [141.4556482610073, 38.76904065341301], [141.45561642954104, 38.76907754856285], [141.45560930183228, 38.76910364924646], [141.45560377332671, 38.76912149827614], [141.455517127007, 38.769140662043355], [141.45549125603245, 38.769156589656895], [141.45542692997162, 38.7691580347593], [141.4553767934135, 38.7691586349455], [141.4553578378092, 38.769169455517016], [141.45529729824372, 38.769165660641825], [141.45528012177394, 38.769159791763904], [141.45522729157216, 38.76916042333723], [141.4551367355716, 38.76914944674723], [141.45504152104655, 38.76913790478552], [141.45492626196324, 38.76909166258854], [141.45489566813765, 38.76908543799216], [141.4548244085868, 38.76911550125741], [141.45473258111423, 38.76910624821042], [141.4545878292215, 38.76910665829373], [141.4544122735566, 38.769107151717954], [141.45431074863723, 38.76911421182937], [141.45423284931462, 38.769123738200854], [141.45412107809898, 38.76914381638202], [141.45406059253483, 38.7691636391999], [141.4540523385402, 38.76915730654155], [141.4540195546764, 38.76917058048861], [141.45401467093805, 38.7691786883049], [141.45399346293368, 38.76918563868464], [141.45360748617736, 38.76931213307451], [141.45359281120272, 38.76936350039973], [141.45349579142297, 38.769354388350884], [141.45344419891967, 38.76937731046753], [141.45342477264796, 38.76939308901672], [141.45338820895427, 38.769422787138595], [141.45336724117575, 38.76943596848395], [141.45327551168396, 38.7694936399546], [141.45326529216896, 38.76950006525341], [141.4531257862409, 38.76951356265281], [141.45311636170334, 38.7695258187841], [141.4531133813647, 38.7695296903961], [141.4531204431582, 38.76953536098287], [141.4532147913519, 38.769611124506824], [141.45326533217727, 38.76963991011802], [141.4532624364099, 38.769646638906565], [141.4532380348849, 38.7697033252784], [141.45314594236734, 38.769825351808976], [141.45313750281716, 38.769836540569024], [141.45305514307415, 38.76992357891761], [141.4529167164451, 38.77000647396839], [141.4528495554513, 38.77003947822806], [141.45274371706662, 38.770080598151914], [141.4527091505963, 38.7700904812221], [141.4526497807713, 38.77010745509092], [141.45263021403832, 38.77009691566738], [141.45258343424058, 38.7701206190982], [141.45257248047565, 38.77013757061526], [141.45247478009188, 38.77018229217543], [141.45230644209283, 38.7702889653777], [141.4521354688612, 38.77041701327866], [141.45200182585805, 38.770543691267314], [141.4519708184864, 38.770597817776576], [141.45194274794463, 38.770657551183085], [141.45191759175734, 38.77072175468538], [141.45189573239608, 38.77082525464353], [141.45188263320236, 38.77094106933522], [141.45187596664672, 38.771119757277965], [141.45187657095076, 38.77130739760911], [141.45190362210963, 38.771548797263236], [141.45190354056803, 38.77180385384931], [141.4518985216328, 38.772002758008874], [141.45187387945262, 38.77219196434605], [141.45262262682502, 38.772050734299974], [141.4526222790357, 38.77204325245674], [141.45262267714298, 38.77204044948285], [141.45260208335634, 38.77192622586277], [141.45266826799937, 38.77189720885441], [141.45268065953235, 38.771852464489584], [141.45268591897738, 38.77183346929678], [141.45269521808174, 38.77179987811024], [141.45269104383556, 38.77176271332815], [141.45268949418937, 38.77174892802618], [141.45268287504666, 38.77168999990651], [141.45267624851684, 38.771652440916945], [141.45265320263124, 38.77152187104545], [141.45264268328418, 38.77146225098553], [141.45264205764715, 38.771458702995496], [141.4526509866985, 38.77145644850074], [141.45266124742312, 38.77140085070207], [141.45272171495435, 38.771351666021715]]]}, "properties": {"SICHOSON": "205", "SICHOSON_N": "気仙沼市", "RINPAN": "B101", "JUNRINPAN": "ｲ", "KEYCODE": "000205@B101@01", "ADDDATE": "2022-09-28", "ADDTENANT": "04000F", "ADDUSER": "pasco01", "EDITDATE": null, "EDITTENANT": "", "EDITUSER": ""}}, {"type": "Feature", "geometry": {"type": "Polygon", "coordinates": [[[141.4525225419714, 38.77419996860776], [141.452391538394, 38.774066358106126], [141.45212725328747, 38.77408274852734], [141.4520443912568, 38.77403721487596], [141.4520442508083, 38.77403734264482], [141.45199896870517, 38.774078736767564], [141.45176666984423, 38.77398386213127], [141.45113159004075, 38.773688153856874], [141.45101089700964, 38.77385213017961], [141.45079368570336, 38.77408607489078], [141.45063526848202, 38.77431178984292], [141.45048615050476, 38.77459923752353], [141.45027597014405, 38.77508257050098], [141.45018475494396, 38.77527976825544], [141.4501120277258, 38.77545999471738], [141.45002290097804, 38.77571672915475], [141.4499570842006, 38.77600365452888], [141.4499734067895, 38.77631478488114], [141.4500122109869, 38.77657970802873], [141.4501477587322, 38.7770226640689], [141.45027416698358, 38.77741849854584], [141.45038706529124, 38.7778919427477], [141.4504836034559, 38.77844638917631], [141.45049186187978, 38.7787872461707], [141.45049405658645, 38.778877772041426], [141.4505985388744, 38.778904921634364], [141.45080231522982, 38.77895786869186], [141.45105481073676, 38.77900556696274], [141.45120533057397, 38.779033994256885], [141.45128222702857, 38.779039793891265], [141.45149427098286, 38.77905577852704], [141.45157608545813, 38.7790658581988], [141.45169187539517, 38.77908012645162], [141.4518077765134, 38.77910739471723], [141.45219534037045, 38.77919856148233], [141.45264184659678, 38.77931149537933], [141.45299714021095, 38.779408038517545], [141.45309853286946, 38.77943558963202], [141.45320080667216, 38.7794678647454], [141.4532496919889, 38.77948328899735], [141.4532079645476, 38.77941046814086], [141.4531940701219, 38.779386208854596], [141.45309173091246, 38.77920754157965], [141.4530152155233, 38.77904061098279], [141.45301373465318, 38.7790304117735], [141.45301127616617, 38.77901350613189], [141.45300532913802, 38.77897264725759], [141.45299037885397, 38.77886998204664], [141.4529947632969, 38.77861377685108], [141.4529948557452, 38.77848707725512], [141.45299488249313, 38.778458249593434], [141.45299495296004, 38.77836771086085], [141.4529979371454, 38.77834269629179], [141.45300576083935, 38.77827711609346], [141.45301601047237, 38.77819117196605], [141.45302265745784, 38.778162642527185], [141.45306266543787, 38.7779908850432], [141.4531396183298, 38.77767130484955], [141.453214996702, 38.77740403851668], [141.4532405693345, 38.777313364496685], [141.45326572768286, 38.77722270167639], [141.453295852499, 38.77711414788709], [141.4533362816134, 38.77687007554034], [141.45339671039736, 38.77656965459476], [141.4533989611115, 38.77655844460987], [141.45340698995668, 38.77638875841121], [141.4534110110436, 38.77630395536405], [141.45341348378557, 38.7762517997204], [141.45341530458367, 38.77621340320148], [141.45342801760407, 38.77614621505049], [141.45344535550947, 38.77612629269693], [141.45348557812457, 38.776018765425285], [141.45348202138547, 38.77597351465142], [141.4534660020368, 38.77594541625992], [141.453472338628, 38.775911919131744], [141.45354607199388, 38.77555977141495], [141.45359388817144, 38.77528370519756], [141.45360958576046, 38.775193083478065], [141.45362904641397, 38.775102441782025], [141.45369714201135, 38.774785305357284], [141.45371347221467, 38.774709283664556], [141.45371755947266, 38.77469221715357], [141.45349519629892, 38.77457011432079], [141.45334791710755, 38.77447754837769], [141.453196361762, 38.774389500361885], [141.4530694763719, 38.774331671370675], [141.4529582437746, 38.77430431109354], [141.45294405270224, 38.77428713881651], [141.4525225419714, 38.77419996860776]]]}, "properties": {"SICHOSON": "205", "SICHOSON_N": "気仙沼市", "RINPAN": "B101", "JUNRINPAN": "ﾆ", "KEYCODE": "000205@B101@04", "ADDDATE": "2022-09-28", "ADDTENANT": "04000F", "ADDUSER": "pasco01", "EDITDATE": null, "EDITTENANT": "", "EDITUSER": ""}}, {"type": "Feature", "geometry": {"type": "Polygon", "coordinates": [[[141.44968907635047, 38.77365497187599], [141.44960872086727, 38.77360746833967], [141.44942779501613, 38.77346110888487], [141.4493228110417, 38.773407032365014], [141.44907026854025, 38.77332466247923], [141.44896126349997, 38.773321929567686], [141.44875960276923, 38.77327999223722], [141.44861780852503, 38.77324255014084], [141.4485356419607, 38.773246793456615], [141.44848131165875, 38.773269422390335], [141.44844967700283, 38.773298658786445], [141.44841541866134, 38.773300449882406], [141.4483960758531, 38.77331829289096], [141.4483215450553, 38.77338621575677], [141.448270663715, 38.7734166326474], [141.4481493755649, 38.773468697126], [141.4481280139833, 38.77347379051708], [141.44793809096092, 38.773519069059404], [141.44772303290858, 38.77355728042807], [141.44759387099535, 38.77357146820233], [141.44740723878925, 38.77361178720974], [141.44719783307823, 38.77364006894381], [141.44701401658483, 38.773643459503894], [141.4469385081625, 38.77363924342268], [141.4468477336203, 38.77363417141067], [141.44670643560858, 38.77362628436532], [141.44658326980976, 38.773598614874736], [141.4465719591175, 38.773595478771256], [141.44657136234008, 38.773595940455245], [141.44646309740304, 38.77357161782903], [141.44637592670875, 38.773546571848684], [141.4463225762661, 38.773537366226826], [141.4462066155854, 38.77349793978007], [141.44594567873895, 38.77341193422866], [141.4456817080843, 38.77331021356101], [141.44545346437567, 38.77319141350077], [141.4452023073957, 38.773033265896615], [141.44514357925334, 38.773076275503186], [141.4449823650016, 38.773194342154994], [141.4449745637764, 38.77319988741658], [141.44462033283818, 38.77345164743736], [141.44440205598755, 38.77361130850084], [141.44431823390553, 38.77367261983132], [141.44423160972457, 38.773730594440835], [141.4439674439549, 38.7739073772151], [141.4436266309466, 38.77413420857325], [141.44355136530197, 38.77418418652848], [141.44347294119333, 38.774236270987416], [141.44342088302358, 38.774270839607325], [141.44333286892177, 38.77432928836616], [141.44343276244538, 38.774371405107246], [141.44352085480682, 38.77444384424393], [141.44372685284836, 38.77463020389658], [141.44389306009566, 38.77485500389482], [141.44401983060814, 38.77502049880049], [141.4440238067398, 38.77502521669952], [141.44408194849353, 38.775094280418685], [141.44414498500495, 38.77516915538505], [141.44415051591932, 38.77517670295378], [141.4441996414486, 38.775243795744196], [141.44426455660027, 38.7753324534336], [141.4443949007334, 38.775561972524685], [141.44449364670106, 38.77579056663125], [141.44460772394123, 38.775977496326526], [141.4447376532706, 38.776168810479184], [141.44482963146268, 38.77630531569395], [141.4448628571883, 38.77634980700278], [141.44492147297652, 38.77642833614362], [141.44497756595064, 38.77650252626377], [141.44506977743737, 38.77662447259737], [141.4451007404665, 38.77666541716896], [141.4451936165856, 38.776777414109866], [141.44527686331082, 38.77687779488816], [141.44548872501812, 38.777074227690086], [141.44569023000525, 38.777243751670746], [141.44582247822217, 38.7773434779873], [141.44590747846334, 38.77740757123029], [141.44599287971175, 38.77746349935682], [141.44616065168904, 38.77757339926659], [141.4464134485873, 38.77770441028066], [141.4466933952367, 38.777821764023656], [141.44672996353478, 38.77783585117406], [141.44693749873366, 38.77791581192272], [141.44696889520202, 38.777927907261535], [141.44706425179936, 38.77797293562515], [141.44716381481717, 38.77801995169832], [141.44726478831697, 38.7780554820568], [141.44780690727794, 38.77824627162115], [141.44849461740654, 38.778481298952], [141.44868023501266, 38.778538876774164], [141.44878575386937, 38.77857160714148], [141.44882358203026, 38.77857939879747], [141.44889327769368, 38.77859376033367], [141.44904727690832, 38.77862548735658], [141.4492939272676, 38.778676301275404], [141.4497195723034, 38.77871970054673], [141.45007783874306, 38.77877588612849], [141.45032262251686, 38.77883165359797], [141.4503841084875, 38.77884819269075], [141.45049405658645, 38.778877772041426], [141.45049186187978, 38.7787872461707], [141.4504836034559, 38.77844638917631], [141.45038706529124, 38.7778919427477], [141.45027416698358, 38.77741849854584], [141.4501477587322, 38.7770226640689], [141.4500122109869, 38.77657970802873], [141.4499734067895, 38.77631478488114], [141.4499570842006, 38.77600365452888], [141.45002290097804, 38.77571672915475], [141.4501120277258, 38.77545999471738], [141.45018475494396, 38.77527976825544], [141.45027597014405, 38.77508257050098], [141.45048615050476, 38.77459923752353], [141.45063526848202, 38.77431178984292], [141.45079368570336, 38.77408607489078], [141.450426027186, 38.77396029416241], [141.4500937326156, 38.77384092736183], [141.4499871671559, 38.77380071186035], [141.44997184738008, 38.77377010931581], [141.44993036802825, 38.773754862605884], [141.4498797902311, 38.77373627113272], [141.44968907635047, 38.77365497187599]]]}, "properties": {"SICHOSON": "205", "SICHOSON_N": "気仙沼市", "RINPAN": "B101", "JUNRINPAN": "ﾊ", "KEYCODE": "000205@B101@03", "ADDDATE": "2022-09-28", "ADDTENANT": "04000F", "ADDUSER": "pasco01", "EDITDATE": null, "EDITTENANT": "", "EDITUSER": ""}}, {"type": "Feature", "geometry": {"type": "Polygon", "coordinates": [[[141.45394798595342, 38.774085342444906], [141.45399978917598, 38.77400456481832], [141.45428556784205, 38.773558948206905], [141.45431876114867, 38.77350719595161], [141.45431884460032, 38.773507131545095], [141.4544201235322, 38.7734256043466], [141.4544013586459, 38.773378408303905], [141.45447903806456, 38.773257278164785], [141.4544892975591, 38.773246125586155], [141.4545162104474, 38.77328829999579], [141.45455305533483, 38.77334604211789], [141.45460282311421, 38.773369453826504], [141.45466985041963, 38.77328628688827], [141.45473954885713, 38.7731459812444], [141.45481697918396, 38.77312939045041], [141.4548746950006, 38.77305924570882], [141.45490591172933, 38.772972622278324], [141.4549277406527, 38.772840985404386], [141.45493565351927, 38.77283049660983], [141.45494259128373, 38.77282513725746], [141.45495274098792, 38.77280784746535], [141.45505103668805, 38.772677559653175], [141.45506046383062, 38.77266506462272], [141.4550695803638, 38.772652980247535], [141.4550946154551, 38.77259390189568], [141.45510812889611, 38.772586818383004], [141.45510020986003, 38.77256490855226], [141.45513974652886, 38.772537546311305], [141.4551488997355, 38.77250901150189], [141.45515465223528, 38.77249107302398], [141.45517028173208, 38.77244234095816], [141.45517940126828, 38.77241390722465], [141.45518467986713, 38.772397455030735], [141.4552598443004, 38.772287409667285], [141.45531039186784, 38.77214769926269], [141.45532710919616, 38.772108036039434], [141.45535066858523, 38.772052140215244], [141.45535978293003, 38.77201106431777], [141.4553726449241, 38.77195310382956], [141.45543589712867, 38.77187410872902], [141.4554624568913, 38.77180766101178], [141.45546849622158, 38.77179255248419], [141.45548507001476, 38.77175109002418], [141.45549577196496, 38.77173434678508], [141.45551009914513, 38.77171193386924], [141.45553940062007, 38.771666093789484], [141.45557068440507, 38.77161715309841], [141.45564766899625, 38.771541659494225], [141.45566353900844, 38.77145895084418], [141.45568325775452, 38.771446099161224], [141.45571127044767, 38.771427842116005], [141.45571745174277, 38.77142060478797], [141.455757935463, 38.771373207823714], [141.4558685479711, 38.771243701442394], [141.45586174143781, 38.77100078500758], [141.45590697221823, 38.77100136207924], [141.45590267635467, 38.7709773996896], [141.45588953074437, 38.77097684449795], [141.4558755496149, 38.770958674164675], [141.45589091720586, 38.77091181093069], [141.45588981542107, 38.7709056646274], [141.4558956099938, 38.77084666065241], [141.45589886825212, 38.77081347525799], [141.45590669978003, 38.770785859122746], [141.45603380987967, 38.770741868987734], [141.45617734895242, 38.77072203589134], [141.45629399840956, 38.77069090375777], [141.45642530827675, 38.77066541489534], [141.45653498339743, 38.77067245704743], [141.4566479114754, 38.77070379494522], [141.45661990132754, 38.77061252299336], [141.45653414147247, 38.77053508854341], [141.45650658389968, 38.77052517345494], [141.4564796221341, 38.770518265955], [141.45639611377342, 38.77045938852625], [141.45633702304323, 38.77043349936812], [141.45630258841598, 38.77041841284939], [141.45626653318251, 38.770395878297975], [141.45619123161225, 38.77036694487891], [141.45630930926387, 38.77030016593887], [141.45632708132842, 38.77023171172657], [141.45642162492464, 38.77018260474066], [141.45651854598114, 38.7701791411694], [141.45660686346466, 38.77014045268415], [141.45662850442017, 38.770134322935014], [141.45673988708464, 38.77005615238497], [141.45686336483902, 38.76999261250626], [141.45687714527418, 38.769971462679656], [141.45694527403953, 38.769866905921134], [141.45698414834166, 38.7697879067076], [141.4571518749481, 38.769567572944744], [141.45723947852036, 38.76951033127226], [141.45739630136708, 38.76948480962447], [141.45740825040417, 38.76950034471896], [141.45746170592008, 38.7694861360207], [141.45743566399116, 38.769452690833624], [141.4574297589328, 38.769447876482715], [141.4572698972391, 38.769426127616505], [141.45720581488027, 38.76941871395242], [141.45717784629093, 38.76941547590283], [141.45713134652794, 38.76940173779293], [141.45712040862685, 38.76940293219405], [141.45704066598853, 38.76939040298951], [141.45698210985572, 38.76936067981541], [141.4568859457876, 38.76926193833118], [141.45683531029925, 38.76922214862651], [141.45674378279332, 38.76912721737263], [141.45666706998423, 38.769073772270126], [141.45645430727626, 38.76899517270831], [141.45635764740504, 38.768972384712434], [141.45633061319822, 38.76896157761013], [141.4562578541866, 38.76901841516715], [141.4562560729459, 38.76901617964445], [141.45618161009497, 38.76907797572185], [141.45607056165431, 38.76921116489173], [141.4560554168486, 38.76922933004202], [141.4560294793666, 38.769262350703976], [141.45595341046277, 38.769359195286235], [141.45594933391436, 38.76936548449107], [141.4558790064556, 38.76947390910014], [141.45585392571263, 38.76951257643795], [141.45583975070548, 38.769534429139775], [141.45583995327667, 38.76953443346614], [141.45590319951575, 38.769527739900596], [141.45603875614958, 38.769535360860765], [141.45615626181012, 38.76956810546826], [141.4561554245011, 38.76964676928526], [141.45602940601904, 38.76968557812912], [141.45596855925146, 38.76970342190041], [141.45577277845882, 38.769760836105085], [141.45562502455775, 38.76981733211718], [141.45557980898343, 38.76987392258984], [141.4555684816849, 38.76988647012513], [141.45550353144526, 38.76995841769157], [141.45539524194263, 38.77006454141693], [141.45532569301096, 38.77013040623143], [141.45519868644968, 38.770238736563854], [141.45507738677142, 38.770341433766994], [141.45503468542313, 38.7703743550991], [141.45492540370398, 38.77035303665505], [141.45493466904801, 38.77032842733167], [141.45493961948597, 38.77031527864804], [141.45494699175472, 38.770295702751056], [141.45495659339326, 38.7702701979548], [141.4549050281556, 38.770267639814605], [141.4548206886579, 38.77026345506136], [141.45478045994898, 38.77026145909614], [141.45459328808363, 38.770349011648705], [141.4544914735585, 38.770395993668274], [141.45441024100023, 38.7704334789581], [141.4543339497673, 38.770466847898234], [141.45422833739588, 38.77051303906809], [141.4540682973558, 38.77056595158387], [141.45386329108223, 38.77063155292785], [141.4535445560802, 38.7707639548471], [141.4535224268477, 38.770779267579826], [141.4533433049426, 38.77090321007878], [141.453474791634, 38.77105454743505], [141.45380198736657, 38.771139997974146], [141.45402663254248, 38.77122782198243], [141.45407584654973, 38.77124701440208], [141.45415443012504, 38.77127765965122], [141.45422013434117, 38.771303282345684], [141.45423714641328, 38.7713099171043], [141.45427154699513, 38.77132333326079], [141.45427443509809, 38.77139005848992], [141.4540352568913, 38.771301296846495], [141.45383496630413, 38.77122471637942], [141.4537638163054, 38.771207408756595], [141.453662098033, 38.771182662542095], [141.45360784408567, 38.7711696227431], [141.45353599023522, 38.771152352049555], [141.4534319246555, 38.771160054608], [141.4533279727701, 38.7711806283763], [141.45321492732626, 38.77120625652613], [141.45308723034535, 38.77122767042661], [141.45295865960483, 38.77129747738365], [141.45286715397657, 38.77132439908588], [141.45282632350435, 38.77130105636644], [141.45272171495435, 38.771351666021715], [141.45266124742312, 38.77140085070207], [141.4526509866985, 38.77145644850074], [141.45264205764715, 38.771458702995496], [141.45264268328418, 38.77146225098553], [141.45265320263124, 38.77152187104545], [141.45267624851684, 38.771652440916945], [141.45268287504666, 38.77168999990651], [141.45268949418937, 38.77174892802618], [141.45269104383556, 38.77176271332815], [141.45269521808174, 38.77179987811024], [141.45268591897738, 38.77183346929678], [141.45268065953235, 38.771852464489584], [141.45266826799937, 38.77189720885441], [141.45260208335634, 38.77192622586277], [141.45262267714298, 38.77204044948285], [141.4526222790357, 38.77204325245674], [141.45262262682502, 38.772050734299974], [141.45187387945262, 38.77219196434605], [141.45187201112742, 38.77220628936277], [141.45183156971834, 38.77244923625751], [141.45179609059736, 38.772620247902736], [141.4517234289513, 38.772806096629736], [141.45159911094152, 38.77299788518378], [141.45146498797118, 38.77321108553931], [141.45133225058254, 38.77342090908392], [141.45116375940432, 38.77364443482538], [141.45113159004075, 38.773688153856874], [141.45176666984423, 38.77398386213127], [141.45199896870517, 38.774078736767564], [141.4520442508083, 38.77403734264482], [141.4520443912568, 38.77403721487596], [141.45212725328747, 38.77408274852734], [141.452391538394, 38.774066358106126], [141.4525225419714, 38.77419996860776], [141.45294405270224, 38.77428713881651], [141.4529582437746, 38.77430431109354], [141.4530694763719, 38.774331671370675], [141.453196361762, 38.774389500361885], [141.45334791710755, 38.77447754837769], [141.45349519629892, 38.77457011432079], [141.45371755947266, 38.77469221715357], [141.45373794206495, 38.77460706595968], [141.45374095206785, 38.77459450960991], [141.45379612225827, 38.77438516819327], [141.4538578473806, 38.774249952202645], [141.4539031205413, 38.77416726337259], [141.45394798595342, 38.774085342444906]]]}, "properties": {"SICHOSON": "205", "SICHOSON_N": "気仙沼市", "RINPAN": "B101", "JUNRINPAN": "ﾎ", "KEYCODE": "000205@B101@05", "ADDDATE": "2022-09-28", "ADDTENANT": "04000F", "ADDUSER": "pasco01", "EDITDATE": null, "EDITTENANT": "", "EDITUSER": ""}}, {"type": "Feature", "geometry": {"type": "Polygon", "coordinates": [[[141.45133225058254, 38.77342090908392], [141.45146498797118, 38.77321108553931], [141.45159911094152, 38.77299788518378], [141.4517234289513, 38.772806096629736], [141.45179609059736, 38.772620247902736], [141.45183156971834, 38.77244923625751], [141.45187201112742, 38.77220628936277], [141.45187387945262, 38.77219196434605], [141.4518985216328, 38.772002758008874], [141.45190354056803, 38.77180385384931], [141.45190362210963, 38.771548797263236], [141.45187657095076, 38.77130739760911], [141.45187596664672, 38.771119757277965], [141.45188263320236, 38.77094106933522], [141.45189573239608, 38.77082525464353], [141.45191759175734, 38.77072175468538], [141.45194274794463, 38.770657551183085], [141.4519708184864, 38.770597817776576], [141.45200182585805, 38.770543691267314], [141.4521354688612, 38.77041701327866], [141.45230644209283, 38.7702889653777], [141.45247478009188, 38.77018229217543], [141.45257248047565, 38.77013757061526], [141.45258343424058, 38.7701206190982], [141.45263021403832, 38.77009691566738], [141.4526497807713, 38.77010745509092], [141.4527091505963, 38.7700904812221], [141.45274371706662, 38.770080598151914], [141.4528495554513, 38.77003947822806], [141.4529167164451, 38.77000647396839], [141.45305514307415, 38.76992357891761], [141.45313750281716, 38.769836540569024], [141.45314594236734, 38.769825351808976], [141.4532380348849, 38.7697033252784], [141.4532624364099, 38.769646638906565], [141.45326533217727, 38.76963991011802], [141.4532147913519, 38.769611124506824], [141.4531204431582, 38.76953536098287], [141.4531133813647, 38.7695296903961], [141.45311636170334, 38.7695258187841], [141.4531257862409, 38.76951356265281], [141.45326529216896, 38.76950006525341], [141.45327551168396, 38.7694936399546], [141.45336724117575, 38.76943596848395], [141.45338820895427, 38.769422787138595], [141.45342477264796, 38.76939308901672], [141.45344419891967, 38.76937731046753], [141.45349579142297, 38.769354388350884], [141.45359281120272, 38.76936350039973], [141.45360748617736, 38.76931213307451], [141.45399346293368, 38.76918563868464], [141.45401467093805, 38.7691786883049], [141.4540195546764, 38.76917058048861], [141.4540523385402, 38.76915730654155], [141.45406059253483, 38.7691636391999], [141.45412107809898, 38.76914381638202], [141.45423284931462, 38.769123738200854], [141.45420884128933, 38.76912667381611], [141.4542770329843, 38.76902158312632], [141.45430112786715, 38.7689591144525], [141.45431989006073, 38.76883876312449], [141.45452476562681, 38.768641956111736], [141.45453879450847, 38.768565144671165], [141.45448851454296, 38.768447907974725], [141.45441052585605, 38.76834537778127], [141.45441545788447, 38.76827224437694], [141.45442087530728, 38.76819192019344], [141.4544226214894, 38.76818866140489], [141.45450389119875, 38.76803698543292], [141.45456148365358, 38.76782964495903], [141.45455106367956, 38.76772560343768], [141.45443961918096, 38.767699357335545], [141.45423711041235, 38.76758758790394], [141.4542937189218, 38.76751094575427], [141.4544127803943, 38.76742816998349], [141.45430605636602, 38.76733564723054], [141.45428594825546, 38.76731821554361], [141.45424366196727, 38.76724153934697], [141.45423772387318, 38.76719755341696], [141.45415615251628, 38.76715796921527], [141.45408678879758, 38.76712430923437], [141.45401680343875, 38.76709034711157], [141.45392943941877, 38.76704795210631], [141.45385349952832, 38.76701110081784], [141.45382867197455, 38.76699905260032], [141.45382661186488, 38.76680385961802], [141.45385487300905, 38.76672649520246], [141.4539015764564, 38.76659864067936], [141.45390843655338, 38.766579859437556], [141.45382916415403, 38.76661388532128], [141.45375088323186, 38.76671536542634], [141.45373359749917, 38.766729084946064], [141.45364763379524, 38.76679730346631], [141.45359148377074, 38.76684850264958], [141.4534945722913, 38.766908130613196], [141.45343406337102, 38.76695230969237], [141.453429767885, 38.7669599035614], [141.4533788849629, 38.76704985260058], [141.45333577186852, 38.76713398479421], [141.45324422760584, 38.76722362965445], [141.4529685542385, 38.767237795867416], [141.4528925675357, 38.76726934066274], [141.45282085972022, 38.76725065253297], [141.45272839337113, 38.76729643034267], [141.45265234407978, 38.767303984616554], [141.45253239536015, 38.76734037468072], [141.4524400328717, 38.76739807138594], [141.4523447330264, 38.76745530430204], [141.45232190600137, 38.76746901242113], [141.45223266143455, 38.76748526232656], [141.45201545380326, 38.767520709207055], [141.45199754434654, 38.76753235431936], [141.4519448594135, 38.76756659583704], [141.45177399628992, 38.76758650165263], [141.4514342675713, 38.76762606413587], [141.45140802131257, 38.767681094157844], [141.4512485273153, 38.767714379457075], [141.45114700000644, 38.76772951060426], [141.451136464481, 38.76767113548038], [141.45122239240268, 38.76764039331251], [141.45125485527777, 38.76762714706925], [141.45122818147482, 38.767620353942796], [141.45115525310723, 38.7675459295842], [141.45110036543505, 38.7675457647692], [141.45104236266002, 38.76754559026674], [141.45092354875274, 38.767668234691946], [141.45060857184464, 38.767685951632934], [141.4505756541047, 38.767677141810395], [141.4505500371276, 38.76765931155097], [141.45053358660974, 38.767647861629506], [141.45048828142242, 38.76765375846084], [141.4504306269968, 38.76763832884867], [141.45042473083376, 38.76763607802618], [141.45032188067788, 38.767648601959834], [141.45014694344968, 38.767628164335036], [141.45012909454542, 38.767613469523845], [141.45012498260232, 38.76761008315771], [141.45007862315305, 38.767561427500475], [141.45005112894458, 38.76753257203628], [141.44999366418224, 38.76746456256745], [141.4497604728674, 38.76733310153126], [141.44969119620535, 38.76756611992281], [141.44955754417984, 38.76782313597467], [141.4494551611221, 38.768049626140076], [141.44938369293644, 38.76818429762641], [141.44933551902596, 38.76827509097428], [141.44928525001785, 38.76834707575435], [141.4490809443366, 38.76863960638633], [141.44905363255648, 38.768684722693635], [141.4489545856124, 38.76884834965105], [141.44893278802348, 38.76888435591444], [141.44881069685314, 38.76914803982166], [141.44873520974355, 38.76930408314362], [141.44869130223933, 38.769394853748175], [141.44864199982442, 38.769469543929816], [141.44845673662056, 38.76975024359259], [141.44823748938052, 38.77006172407806], [141.44811648888123, 38.770235537746686], [141.44806587817553, 38.770308234585194], [141.4480607172266, 38.77031564001672], [141.44800560688557, 38.77038283894355], [141.44794156668823, 38.7704609306142], [141.4478523336618, 38.77056974892631], [141.44764552756337, 38.770836209370195], [141.44743012123166, 38.77107004927883], [141.44736445633802, 38.77114132943131], [141.44729747399535, 38.77121050027809], [141.4470732753212, 38.771442015469454], [141.44690270138196, 38.77160599821534], [141.44672915102794, 38.77176101536525], [141.44672179185804, 38.771767216073144], [141.44656441397035, 38.771899913244084], [141.44648021827174, 38.77197090364429], [141.44640612724442, 38.77203943470187], [141.44633443784767, 38.77210608917518], [141.44617862416956, 38.77225095764275], [141.4458485970187, 38.77254514167948], [141.44551382486355, 38.77280003482392], [141.4453728129973, 38.77290649273644], [141.44528873485513, 38.77296996733991], [141.44520631013557, 38.77303032605903], [141.4452023073957, 38.773033265896615], [141.44545346437567, 38.77319141350077], [141.4456817080843, 38.77331021356101], [141.44594567873895, 38.77341193422866], [141.4462066155854, 38.77349793978007], [141.4463225762661, 38.773537366226826], [141.44637592670875, 38.773546571848684], [141.44646309740304, 38.77357161782903], [141.44657136349085, 38.7735959404492], [141.4465719591175, 38.773595478771256], [141.44658326980976, 38.773598614874736], [141.44670643560858, 38.77362628436532], [141.4468477336203, 38.77363417141067], [141.4469385081625, 38.77363924342268], [141.44701401658483, 38.773643459503894], [141.44719783307823, 38.77364006894381], [141.44740723878925, 38.77361178720974], [141.44759387099535, 38.77357146820233], [141.44772303290858, 38.77355728042807], [141.44793809096092, 38.773519069059404], [141.4481280139833, 38.77347379051708], [141.4481493755649, 38.773468697126], [141.448270663715, 38.7734166326474], [141.4483215450553, 38.77338621575677], [141.4483960758531, 38.77331829289096], [141.44841541866134, 38.773300449882406], [141.44844967700283, 38.773298658786445], [141.44848131165875, 38.773269422390335], [141.4485356419607, 38.773246793456615], [141.44861780852503, 38.77324255014084], [141.44875960276923, 38.77327999223722], [141.44896126349997, 38.773321929567686], [141.44907026854025, 38.77332466247923], [141.4493228110417, 38.773407032365014], [141.44942779501613, 38.77346110888487], [141.44960872086727, 38.77360746833967], [141.44968907635047, 38.77365497187599], [141.4498797902311, 38.77373627113272], [141.44993036802825, 38.773754862605884], [141.44997184738008, 38.77377010931581], [141.4499871671559, 38.77380071186035], [141.4500937326156, 38.77384092736183], [141.450426027186, 38.77396029416241], [141.45079368570336, 38.77408607489078], [141.45101089700964, 38.77385213017961], [141.45113159004075, 38.773688153856874], [141.45116375940432, 38.77364443482538], [141.45133225058254, 38.77342090908392]]]}, "properties": {"SICHOSON": "205", "SICHOSON_N": "気仙沼市", "RINPAN": "B101", "JUNRINPAN": "ﾛ", "KEYCODE": "000205@B101@02", "ADDDATE": "2022-09-28", "ADDTENANT": "04000F", "ADDUSER": "pasco01", "EDITDATE": null, "EDITTENANT": "", "EDITUSER": ""}}, {"type": "Feature", "geometry": {"type": "Polygon", "coordinates": [[[141.43802127371674, 38.775863977566736], [141.43781150286213, 38.77550773409839], [141.4378451410446, 38.775496668355665], [141.4378374967685, 38.775478500926454], [141.43781944568852, 38.77541497620503], [141.43776687004683, 38.77522994333751], [141.4377275111681, 38.77509142707069], [141.4376241443256, 38.77501165813234], [141.43754304367377, 38.77500997567765], [141.43759203141786, 38.77498687674957], [141.43739318138879, 38.77483342293341], [141.43691349464135, 38.77510152942221], [141.436579751021, 38.775282746684354], [141.4364865543224, 38.77533336309543], [141.43646857207256, 38.775419021458035], [141.43644095287803, 38.77555063886348], [141.4364362892078, 38.77557286624595], [141.4363434489103, 38.775626776155185], [141.43625404153656, 38.7756763178862], [141.43625679674852, 38.77567741807191], [141.43628196435873, 38.77568747097906], [141.43641265270853, 38.775678754414024], [141.4363190351962, 38.77613174238644], [141.4362913380212, 38.77626372950903], [141.43629554536105, 38.776301563161546], [141.43630076056925, 38.77634838248663], [141.43630726469567, 38.77637141168926], [141.43639700114713, 38.77641018328003], [141.43643341473225, 38.77662063224015], [141.43644181210328, 38.776639013887035], [141.43646917579167, 38.77669892322919], [141.43653755705296, 38.77684863228401], [141.43660930028253, 38.77708931913031], [141.43663987208896, 38.77719188337209], [141.43702720560947, 38.7773277552096], [141.43716488470565, 38.77737605047472], [141.43717648196193, 38.777380118425484], [141.43752246234178, 38.77742933857004], [141.43760869563482, 38.77756131437128], [141.4376353424881, 38.77744011243833], [141.43767107318922, 38.77727759019945], [141.43777918373007, 38.77707292299524], [141.43779367424554, 38.77704549075381], [141.43799093868077, 38.77683327489547], [141.43828004499863, 38.77670591552943], [141.43858634771377, 38.77644551319427], [141.43851336720974, 38.77638991349915], [141.4383554468495, 38.77626960303211], [141.438202375592, 38.776099965196124], [141.43805548433784, 38.775908555820216], [141.43802127371674, 38.775863977566736]]]}, "properties": {"SICHOSON": "205", "SICHOSON_N": "気仙沼市", "RINPAN": "B116", "JUNRINPAN": "ﾄ", "KEYCODE": "000205@B116@07", "ADDDATE": "2022-09-28", "ADDTENANT": "04000F", "ADDUSER": "pasco01", "EDITDATE": null, "EDITTENANT": "", "EDITUSER": ""}}, {"type": "Feature", "geometry": {"type": "Polygon", "coordinates": [[[141.43874490647065, 38.77782624103587], [141.4388029366648, 38.7777393830077], [141.4388823326076, 38.777620495753446], [141.43900666277156, 38.777435385468685], [141.43903132023425, 38.77739929419361], [141.4390920708516, 38.777276296275595], [141.43912380806722, 38.77721458303994], [141.43894832860698, 38.77699661887491], [141.4389103581396, 38.776949455907165], [141.4387464166494, 38.7767458188338], [141.43874628988425, 38.77674566273579], [141.43876167389422, 38.77673439399916], [141.43894144602484, 38.776558113525134], [141.43912630181865, 38.77652440813448], [141.43924635616185, 38.77647366660083], [141.43947800462269, 38.77637575762795], [141.43973995867302, 38.77633144429025], [141.43982787721276, 38.776258494425306], [141.43997025161147, 38.77614035972668], [141.44002432853208, 38.77610001647683], [141.4400881834863, 38.77605237928876], [141.44021655039782, 38.77599392072925], [141.44060820961164, 38.77598545386498], [141.44084719676243, 38.77595682475022], [141.4412438117491, 38.77607666162633], [141.4414900111271, 38.776211568083816], [141.4418052027462, 38.77630816037724], [141.44227219423573, 38.776429023683555], [141.4423838379725, 38.77644269937274], [141.44249399328174, 38.77645619352679], [141.44264063820478, 38.776474156733826], [141.44269654977577, 38.77649186677507], [141.4430400896119, 38.77660068431895], [141.4433691381192, 38.776652290777186], [141.44334809712964, 38.77667193277758], [141.4433929739677, 38.77667378137757], [141.4434522892963, 38.77666113135354], [141.44354825628398, 38.77658700516863], [141.4435938465286, 38.776568721408445], [141.44373026615315, 38.7765140105921], [141.44399020498133, 38.77647386036551], [141.44402885844445, 38.776494138289976], [141.4440502847569, 38.776492176798456], [141.44407206324752, 38.77649129633088], [141.44418238365972, 38.77648686304531], [141.44437460663968, 38.77646431700723], [141.44453820510014, 38.776450947266575], [141.44465875739883, 38.77644120783745], [141.4448058577404, 38.776434005021365], [141.44492147297652, 38.77642833614362], [141.4448628571883, 38.77634980700278], [141.44482963146268, 38.77630531569395], [141.4447376532706, 38.776168810479184], [141.44460772394123, 38.775977496326526], [141.44449364670106, 38.77579056663125], [141.4443949007334, 38.775561972524685], [141.44426455660027, 38.7753324534336], [141.4441996414486, 38.775243795744196], [141.44415051591932, 38.77517670295378], [141.44414498500495, 38.77516915538505], [141.44408194849353, 38.775094280418685], [141.4440238067398, 38.77502521669952], [141.44401983060814, 38.77502049880049], [141.44389306009566, 38.77485500389482], [141.44372685284836, 38.77463020389658], [141.44352085480682, 38.77444384424393], [141.44343276244538, 38.774371405107246], [141.44333286892177, 38.77432928836616], [141.44322091421506, 38.77430764953076], [141.44314142158623, 38.7742922717554], [141.442971747904, 38.77427535720388], [141.4426827532595, 38.77425018183533], [141.44246008493474, 38.77424706518723], [141.44241312133056, 38.77424865318089], [141.4422081230063, 38.77425556004594], [141.44218202956387, 38.7742564437255], [141.4420924960168, 38.77425946055008], [141.44197689698382, 38.774265162572654], [141.44191017533547, 38.77426845594296], [141.44173657330188, 38.77428638752899], [141.441296778708, 38.77439359557591], [141.44091227740014, 38.77443530906253], [141.44073946846072, 38.77445455935267], [141.44062391820995, 38.77446742185355], [141.4405082394471, 38.77446526708471], [141.4403523797197, 38.77446236596702], [141.4401434235932, 38.77444097572133], [141.4400417739679, 38.77443057658149], [141.4399125196244, 38.77442756378193], [141.43931982196256, 38.77441373245236], [141.43920415024388, 38.774411035822084], [141.43908855717336, 38.77441886105639], [141.43875494169924, 38.77444145437841], [141.4387477105148, 38.774441944084806], [141.43860367428877, 38.7744641952757], [141.43837674770185, 38.77449926358161], [141.438209976149, 38.7745250283419], [141.43780793298473, 38.77466908055257], [141.43739318138879, 38.77483342293341], [141.43759203141786, 38.77498687674957], [141.43754304367377, 38.77500997567765], [141.4376241443256, 38.77501165813234], [141.4377275111681, 38.77509142707069], [141.43776687004683, 38.77522994333751], [141.43781944568852, 38.77541497620503], [141.4378374967685, 38.775478500926454], [141.4378451410446, 38.775496668355665], [141.43781150286213, 38.77550773409839], [141.43802127371674, 38.775863977566736], [141.43805548433784, 38.775908555820216], [141.438202375592, 38.776099965196124], [141.4383554468495, 38.77626960303211], [141.43851336720974, 38.77638991349915], [141.43858634771377, 38.77644551319427], [141.43828004499863, 38.77670591552943], [141.43799093868077, 38.77683327489547], [141.43779367424554, 38.77704549075381], [141.43777918373007, 38.77707292299524], [141.43767107318922, 38.77727759019945], [141.4376353424881, 38.77744011243833], [141.43760869563482, 38.77756131437128], [141.43761412395045, 38.77757722032417], [141.4376526178521, 38.77769001345715], [141.43767149679738, 38.77779416668584], [141.4378362060846, 38.77777253852307], [141.4378449742194, 38.777771386876914], [141.43797928506115, 38.77776436330489], [141.43803940068946, 38.777761218964365], [141.43829088097385, 38.77777470102607], [141.43874490647065, 38.77782624103587]]]}, "properties": {"SICHOSON": "205", "SICHOSON_N": "気仙沼市", "RINPAN": "B116", "JUNRINPAN": "ﾍ", "KEYCODE": "000205@B116@06", "ADDDATE": "2022-09-28", "ADDTENANT": "04000F", "ADDUSER": "pasco01", "EDITDATE": null, "EDITTENANT": "", "EDITUSER": ""}}, {"type": "Feature", "geometry": {"type": "Polygon", "coordinates": [[[141.44063314670677, 38.78003728730028], [141.44048969182182, 38.77958493988508], [141.44027738392313, 38.779248515845104], [141.44010357260092, 38.77915344676649], [141.4396797511729, 38.779167240953214], [141.4396498511518, 38.77902474939278], [141.43963227859132, 38.7788632211527], [141.43964529162582, 38.77872413752159], [141.4396233332398, 38.778616865520895], [141.43958383406098, 38.77853121574845], [141.43956261311143, 38.778485200334636], [141.4395157857711, 38.77831560771017], [141.43947205610365, 38.778177467036826], [141.43915464783117, 38.77803985351424], [141.43894804295732, 38.77790698021855], [141.43883108793767, 38.77785376714461], [141.43874490647065, 38.77782624103587], [141.43829088097385, 38.77777470102607], [141.43803940068946, 38.777761218964365], [141.43797928506115, 38.77776436330489], [141.4378449742194, 38.777771386876914], [141.4378362060846, 38.77777253852307], [141.43767149679738, 38.77779416668584], [141.4376526178521, 38.77769001345715], [141.43761412395045, 38.77757722032417], [141.43760869563482, 38.77756131437128], [141.43752246234178, 38.77742933857004], [141.43717648196193, 38.777380118425484], [141.43716488470565, 38.77737605047472], [141.43702720560947, 38.7773277552096], [141.43663987208896, 38.77719188337209], [141.43660930028253, 38.77708931913031], [141.43653755705296, 38.77684863228401], [141.43646917579167, 38.77669892322919], [141.43644181210328, 38.776639013887035], [141.43643341473225, 38.77662063224015], [141.43639700114713, 38.77641018328003], [141.43630726469567, 38.77637141168926], [141.43630076056925, 38.77634838248663], [141.43629554536105, 38.776301563161546], [141.4362913380212, 38.77626372950903], [141.4363190351962, 38.77613174238644], [141.43641265270853, 38.775678754414024], [141.43628196435873, 38.77568747097906], [141.43625679674852, 38.77567741807191], [141.43625404153656, 38.7756763178862], [141.4363434489103, 38.775626776155185], [141.4364362892078, 38.77557286624595], [141.43644095287803, 38.77555063886348], [141.43646857207256, 38.775419021458035], [141.4364865543224, 38.77533336309543], [141.4363810455447, 38.77536100632563], [141.43628459704487, 38.77538628833223], [141.4361989948685, 38.77541083774091], [141.43604834208705, 38.77545402955695], [141.43598379039506, 38.77547738917671], [141.43580512181842, 38.77554203117519], [141.43553497723343, 38.77566390932909], [141.4352783814955, 38.77580257271082], [141.43518798799332, 38.775851425922866], [141.43509438994897, 38.775902420763146], [141.43500237277902, 38.77595256055366], [141.43483983385525, 38.776063657970575], [141.43463028871258, 38.7762098785513], [141.43442811127352, 38.776372908388176], [141.4343419807846, 38.776445935999725], [141.43430637300858, 38.77647612773091], [141.43421321444592, 38.77655511923826], [141.4341837833316, 38.77657804503421], [141.43400242484137, 38.776719318725824], [141.4340001714664, 38.77672096992583], [141.43409871971798, 38.77698613285796], [141.43414447194573, 38.77722853139803], [141.43416886311223, 38.77761937110377], [141.43437684817962, 38.777855168741965], [141.43452811292946, 38.77802725955337], [141.43462864891546, 38.77815698202247], [141.43472751923886, 38.77826647991018], [141.43481742639807, 38.778344572913625], [141.43492455454694, 38.77842031686826], [141.43504288221004, 38.77847015565936], [141.43522170520208, 38.77853534923292], [141.4354776112937, 38.77865785271797], [141.43549450180464, 38.77865057569543], [141.435585998802, 38.77861115608564], [141.43560216748077, 38.77859591981168], [141.43564662034328, 38.778627969557526], [141.4357369236603, 38.77875940863211], [141.43573823915258, 38.77876132434769], [141.43581721507064, 38.77880106082403], [141.4358189063915, 38.778801546692485], [141.4359152388349, 38.778829196485646], [141.43597896326588, 38.77884748745792], [141.43600850124812, 38.778854720618874], [141.43602710722817, 38.77885927685499], [141.43602675734135, 38.77885968586111], [141.43606739388414, 38.77889867845553], [141.43611662998623, 38.77892344128619], [141.4361468312165, 38.77893863664875], [141.43626820462288, 38.7790041789866], [141.43633547319877, 38.77903124505233], [141.43659282513704, 38.779134768601615], [141.43672758312675, 38.77918513256209], [141.4368264716521, 38.77922208989674], [141.43693680773103, 38.77927193288971], [141.4369982416943, 38.779299685454625], [141.43725960067792, 38.77942503337472], [141.43758282422064, 38.7795601219717], [141.43782135265033, 38.77967668408789], [141.43787763611633, 38.77961028304098], [141.438071021147, 38.779668496088775], [141.4381217239106, 38.779683757816024], [141.43829854402802, 38.77987219135331], [141.43844188040367, 38.78000974464682], [141.43838292119662, 38.78010011173468], [141.43847787971288, 38.780139591576095], [141.43848489687198, 38.78016096395203], [141.4384812560903, 38.78023962946277], [141.4384623529206, 38.78039062525257], [141.43845564349914, 38.7804384881587], [141.43843571045892, 38.78058066957512], [141.43839274454294, 38.78085507560389], [141.4383411887197, 38.78099353698877], [141.4383218396226, 38.78104550219914], [141.43831600890144, 38.78106116279603], [141.43822793332427, 38.78128192103692], [141.43818284700367, 38.78139865726944], [141.43842932173368, 38.78148865030589], [141.438688513274, 38.781641996772045], [141.43883518940345, 38.78141998054575], [141.43916557613565, 38.78133148657651], [141.43918723740055, 38.78132568426928], [141.4392010841853, 38.78132415394404], [141.43925573539084, 38.78131811301797], [141.4395408760839, 38.78121668969938], [141.4396180105059, 38.781181102657875], [141.43981036470177, 38.781092356247896], [141.4401345143806, 38.78087610902071], [141.44041241017112, 38.780701091596995], [141.4404262340429, 38.78069633336318], [141.4407121038335, 38.78059790515989], [141.4408975414113, 38.780429673300475], [141.44073383268685, 38.78018671508994], [141.44063314670677, 38.78003728730028]]]}, "properties": {"SICHOSON": "205", "SICHOSON_N": "気仙沼市", "RINPAN": "B117", "JUNRINPAN": "ｲ", "KEYCODE": "000205@B117@01", "ADDDATE": "2022-09-28", "ADDTENANT": "04000F", "ADDUSER": "pasco01", "EDITDATE": null, "EDITTENANT": "", "EDITUSER": ""}}]}